event_id,signal_date,markov_source_used,markov_training_rows,markov_expected_return,markov_positive_prob,markov_benign_prob,markov_adverse_prob,markov_training_mean_return,markov_training_positive_rate,bayesian_training_rows,bayesian_expected_return,bayesian_positive_prob,bayesian_training_mean_return,bayesian_training_positive_rate
180,2004-05-19,source_key,68,0.00017438693981583462,0.3942028985507246,0.027777777777777776,0.027777777777777776,0.003138964916685023,0.5111111111111111,73,-0.006875604501178312,0.3945017182130584,0.003138964916685023,0.5111111111111111
181,2004-05-20,source_key,69,0.00018002323308938768,0.40141388938394823,0.0273972602739726,0.0273972602739726,0.0032854240038813253,0.5138121546961326,74,-0.006467046518595605,0.40134175217048146,0.0032854240038813253,0.5138121546961326
182,2004-05-21,source_key,70,0.00018486386856899386,0.4084638765489829,0.02702702702702703,0.02702702702702703,0.0034199815685263864,0.5164835164835165,75,-0.0060885482474909635,0.408036408036408,0.0034199815685263864,0.5164835164835165
183,2004-07-21,source_state,33,0.000380779344439785,0.6220880069025022,0.05405405405405406,0.05405405405405406,0.003522208936068011,0.5191256830601093,33,0.014569012088456665,0.6220880069025022,0.003522208936068011,0.5191256830601093
184,2004-07-23,source_state,76,0.000176859795496588,0.4152173913043478,0.025,0.025,0.00353719590993176,0.5217391304347826,76,-0.005778255424792327,0.4152173913043478,0.00353719590993176,0.5217391304347826
185,2004-07-26,source_key,71,0.00019378088370867045,0.41667140825035565,0.02666666666666667,0.02666666666666667,0.003633391569537571,0.5243243243243243,77,-0.00548696488823452,0.42162162162162165,0.003633391569537571,0.5243243243243243
186,2004-07-27,source_key,72,0.00019133728617046718,0.4233870967741935,0.02631578947368421,0.02631578947368421,0.0036354084372388767,0.5268817204301075,78,-0.005393397254165437,0.4278937381404174,0.0036354084372388767,0.5268817204301075
187,2004-08-05,source_state,34,0.00038113957565329913,0.6328600405679513,0.05263157894736842,0.05263157894736842,0.003620825968706342,0.5294117647058824,34,0.014466901895730131,0.6328600405679513,0.003620825968706342,0.5294117647058824
188,2004-08-06,source_state,35,0.0003711274536833668,0.6401009736747206,0.05128205128205128,0.05128205128205128,0.0036184926734128264,0.5319148936170213,35,0.014274686056251333,0.6401009736747206,0.0036184926734128264,0.5319148936170213
189,2004-08-09,source_key,18,0.0006661146080595029,0.6386999244142102,0.09090909090909091,0.09090909090909091,0.0036636303443272657,0.5343915343915344,36,0.014257321564950286,0.647089947089947,0.0036636303443272657,0.5343915343915344
190,2004-08-10,source_key,19,0.0006382759031523363,0.6484700122399021,0.08695652173913043,0.08695652173913043,0.003670086443125934,0.5368421052631579,37,0.014106303760397693,0.653839516824849,0.003670086443125934,0.5368421052631579
191,2004-08-11,source_key,20,0.0006235656267532007,0.6577820085673488,0.08333333333333333,0.08333333333333333,0.003741393760519205,0.5392670157068062,38,0.01418525304946675,0.6603614254348927,0.003741393760519205,0.5392670157068062
192,2004-08-12,source_key,21,0.000616770904992081,0.6666666666666666,0.08,0.08,0.0038548181562005064,0.5416666666666666,39,0.014408361147533633,0.6666666666666666,0.0038548181562005064,0.5416666666666666
193,2004-08-13,source_key,22,0.0006144424182805377,0.675152061275062,0.07692307692307693,0.07692307692307693,0.003993875718823495,0.5440414507772021,40,0.014714954086562622,0.6727655440414508,0.003993875718823495,0.5440414507772021
194,2004-08-16,source_key,23,0.0006020330339043882,0.6832638736565035,0.07407407407407407,0.07407407407407407,0.00406372297885462,0.5463917525773195,41,0.01478427138377872,0.6786677240285487,0.00406372297885462,0.5463917525773195
195,2004-10-14,source_key,24,0.0005872412210616428,0.6910256410256411,0.07142857142857142,0.07142857142857142,0.0041106885474315,0.5487179487179488,42,0.014777679127921333,0.6843822843822844,0.0041106885474315,0.5487179487179488
196,2004-10-25,source_key,25,0.0005560665252734044,0.6755518533944189,0.06896551724137931,0.06896551724137931,0.004031482308232182,0.5459183673469388,43,0.014358390124871487,0.673164788303381,0.004031482308232182,0.5459183673469388
197,2005-03-22,source_state,79,0.00019771055262218188,0.43842097481642106,0.024096385542168676,0.024096385542168676,0.004102493966910274,0.5482233502538071,79,-0.005223378450399091,0.43842097481642106,0.004102493966910274,0.5482233502538071
198,2005-04-14,source_key,73,0.0002141929634937804,0.4351765073414558,0.025974025974025976,0.025974025974025976,0.004123214547255272,0.5505050505050505,80,-0.00508947613065006,0.44434731934731936,0.004123214547255272,0.5505050505050505
199,2005-04-15,source_key,74,0.00021359015660759112,0.4414931801866475,0.02564102564102564,0.02564102564102564,0.004165008053848027,0.5527638190954773,81,-0.004912974772096826,0.45015553960277577,0.004165008053848027,0.5527638190954773
200,2005-04-18,source_state,44,0.00035200787494834706,0.6811764705882353,0.041666666666666664,0.041666666666666664,0.004224094499380165,0.555,44,0.014480229559143491,0.6811764705882353,0.004224094499380165,0.555
201,2005-04-19,source_state,74,0.0002150782768616328,0.5740176667681999,0.02564102564102564,0.02564102564102564,0.00419402639880184,0.5522388059701493,74,0.006755494271560076,0.5740176667681999,0.00419402639880184,0.5522388059701493
202,2005-04-20,source_state,45,0.00034724425811530124,0.6711149375807146,0.04081632653061224,0.04081632653061224,0.0042537421619124405,0.5544554455445545,45,0.014254312466748822,0.6711149375807146,0.0042537421619124405,0.5544554455445545
203,2005-04-21,source_state,82,0.00019329916482225865,0.4551073519843851,0.023255813953488372,0.023255813953488372,0.004155932043678561,0.5517241379310345,82,-0.0047179045108863985,0.4551073519843851,0.004155932043678561,0.5517241379310345
204,2005-04-26,source_state,75,0.00020978194614749122,0.5787284610814023,0.02531645569620253,0.02531645569620253,0.004143193436412952,0.553921568627451,75,0.006839142000633306,0.5787284610814023,0.004143193436412952,0.553921568627451
205,2005-04-28,source_state,46,0.0003360811792070851,0.6620905923344947,0.04,0.04,0.004201014740088564,0.5560975609756098,46,0.013809719860604723,0.6620905923344947,0.004201014740088564,0.5560975609756098
206,2005-04-29,source_state,76,0.00021184082990436003,0.5839805825242719,0.025,0.025,0.0042368165980872004,0.558252427184466,76,0.006953185746327928,0.5839805825242719,0.0042368165980872004,0.558252427184466
207,2005-05-02,source_key,60,0.0002672052761693516,0.5410628019323672,0.03125,0.03125,0.004275284418709626,0.5603864734299517,77,0.007014271859353072,0.5886066867556321,0.004275284418709626,0.5603864734299517
208,2005-05-03,source_key,61,0.0002618295487197907,0.5339366515837104,0.03076923076923077,0.03076923076923077,0.004254730166696598,0.5576923076923077,78,0.006940668193591643,0.5822021116138764,0.004254730166696598,0.5576923076923077
209,2005-05-10,source_key,62,0.0002559868723622073,0.5269834204962724,0.030303030303030304,0.030303030303030304,0.00422378339397642,0.5550239234449761,79,0.00684458531911886,0.5759279044920332,0.00422378339397642,0.5550239234449761
210,2005-05-12,source_key,63,0.0002547240000053258,0.5330049261083744,0.029850746268656716,0.029850746268656716,0.004266627000089207,0.5571428571428572,80,0.006915783414361645,0.5804945054945055,0.004266627000089207,0.5571428571428572
211,2005-05-13,source_key,64,0.00025797982909950577,0.5388841016803102,0.029411764705882353,0.029411764705882353,0.004385657094691598,0.5592417061611374,81,0.007156954041192974,0.5849695328368314,0.004385657094691598,0.5592417061611374
212,2005-05-16,source_key,65,0.0002600184790632733,0.544625821496714,0.028985507246376812,0.028985507246376812,0.004485318763841464,0.5613207547169812,82,0.007352697974899266,0.5893556425774298,0.004485318763841464,0.5613207547169812
213,2005-09-21,source_key,66,0.00025948133484342197,0.5502347417840375,0.02857142857142857,0.02857142857142857,0.004540923359759885,0.5633802816901409,83,0.007449061619961021,0.5936553902856391,0.004540923359759885,0.5633802816901409
214,2005-10-05,source_state,47,0.00035847349072202806,0.6700013163090693,0.0392156862745098,0.0392156862745098,0.004570537006705858,0.5654205607476636,47,0.01390317073421061,0.6700013163090693,0.004570537006705858,0.5654205607476636
215,2005-10-06,source_state,84,0.00020364600592456388,0.5972868217054264,0.022727272727272728,0.022727272727272728,0.004480212130340405,0.5627906976744186,84,0.007467321922555185,0.5972868217054264,0.004480212130340405,0.5627906976744186
216,2005-10-07,source_key,67,0.0002491879493909889,0.5543345543345544,0.028169014084507043,0.028169014084507043,0.004423086101690053,0.5601851851851852,85,0.0073141351641304204,0.5912334352701325,0.004423086101690053,0.5601851851851852
217,2005-10-10,source_key,68,0.00024569541315255035,0.5597074734522139,0.027777777777777776,0.027777777777777776,0.004422517436745907,0.5622119815668203,86,0.007286607006730605,0.5953917050691244,0.004422517436745907,0.5622119815668203
218,2005-10-11,source_key,69,0.00023992352726229813,0.5530235769951662,0.0273972602739726,0.0273972602739726,0.004378604372536941,0.5596330275229358,87,0.0071650660057526365,0.5894702041491033,0.004378604372536941,0.5596330275229358
219,2005-10-12,source_key,70,0.00024039003485092344,0.5582920431361119,0.02702702702702703,0.02702702702702703,0.0044472156447420835,0.5616438356164384,88,0.007289048840686869,0.5935665362035225,0.0044472156447420835,0.5616438356164384
220,2005-10-13,source_key,71,0.00023660231503864676,0.5634449760765551,0.02666666666666667,0.02666666666666667,0.004436293406974627,0.5636363636363636,89,0.0072403155733310786,0.5975864843121481,0.004436293406974627,0.5636363636363636
221,2005-10-14,source_key,72,0.00023134885087285078,0.5569381598793364,0.02631578947368421,0.02631578947368421,0.004395628166584165,0.5610859728506787,90,0.0071283242920852944,0.5918075732317218,0.004395628166584165,0.5610859728506787
222,2005-10-17,source_key,73,0.0002289856903342801,0.5619949846753971,0.025974025974025976,0.025974025974025976,0.004407974538934892,0.5630630630630631,91,0.007130972217935534,0.5957696827262045,0.004407974538934892,0.5630630630630631
223,2005-10-18,source_key,74,0.00022874480980994338,0.566944266495836,0.02564102564102564,0.02564102564102564,0.004460523791293896,0.5650224215246636,92,0.007219391766674097,0.5996598113499304,0.004460523791293896,0.5650224215246636
224,2005-10-20,source_key,75,0.00022406724973732844,0.5606060606060606,0.02531645569620253,0.02531645569620253,0.0044253281823122366,0.5625,93,0.00712120904015417,0.594017094017094,0.0044253281823122366,0.5625
225,2005-10-21,source_key,76,0.00022342464304780444,0.5654666666666667,0.025,0.025,0.004468492860956089,0.5644444444444444,94,0.007189447380192115,0.5978531073446328,0.004468492860956089,0.5644444444444444
226,2005-10-24,source_key,77,0.00021999958955872166,0.5702269341978445,0.024691358024691357,0.024691358024691357,0.004454991688564114,0.5663716814159292,95,0.0071382184086187525,0.6016211794452293,0.004454991688564114,0.5663716814159292
227,2005-10-25,source_key,78,0.00021774145075125975,0.5748898678414097,0.024390243902439025,0.024390243902439025,0.004463699740400825,0.5682819383259912,96,0.0071340725277100865,0.605323054331865,0.004463699740400825,0.5682819383259912
228,2005-10-26,source_key,79,0.0002183889793276579,0.5794583546244251,0.024096385542168676,0.024096385542168676,0.004531571321048901,0.5701754385964912,97,0.00725335571395807,0.6089604175728578,0.004531571321048901,0.5701754385964912
229,2005-10-27,source_key,80,0.00022218909804925046,0.5839351696338595,0.023809523809523808,0.023809523809523808,0.00466597105903426,0.5720524017467249,98,0.0075097602165595965,0.6125348987042737,0.00466597105903426,0.5720524017467249
230,2005-10-28,source_key,81,0.0002225656570988924,0.5883229813664597,0.023529411764705882,0.023529411764705882,0.004729520213351463,0.5739130434782609,99,0.007617871566470527,0.6160480735242135,0.004729520213351463,0.5739130434782609
231,2005-10-31,source_key,82,0.00022254524957262,0.5926243567753002,0.023255813953488372,0.023255813953488372,0.00478472286581133,0.5757575757575758,100,0.007708099994084617,0.6195014662756598,0.00478472286581133,0.5757575757575758
232,2005-11-01,source_key,83,0.00022190091724379193,0.5968417660328714,0.022988505747126436,0.022988505747126436,0.004826344950052475,0.5775862068965517,101,0.007769955005584294,0.6228965517241379,0.004826344950052475,0.5775862068965517
233,2006-01-20,source_state,83,0.00022198579936634694,0.46640728410412735,0.022988505747126436,0.022988505747126436,0.004828191136218046,0.5793991416309013,83,-0.004508471063285199,0.46640728410412735,0.004828191136218046,0.5793991416309013
234,2006-01-23,source_state,48,0.00037506478081631155,0.665954415954416,0.038461538461538464,0.038461538461538464,0.00487584215061205,0.5811965811965812,48,0.01360559908570605,0.665954415954416,0.00487584215061205,0.5811965811965812
235,2006-05-12,source_state,84,0.0002221380632898567,0.4721434200157604,0.022727272727272728,0.022727272727272728,0.0048870373923768475,0.5829787234042553,84,-0.004305699677030464,0.4721434200157604,0.0048870373923768475,0.5829787234042553
236,2006-05-15,source_key,75,0.0002408132606344589,0.45386064030131823,0.02531645569620253,0.02531645569620253,0.0047560618975305636,0.5805084745762712,85,-0.004533781251256394,0.4672679210076193,0.0047560618975305636,0.5805084745762712
237,2006-05-16,source_key,76,0.00023004527711409871,0.4487341772151899,0.025,0.025,0.004600905542281974,0.5780590717299579,86,-0.0048174718473572575,0.46248561565017265,0.004600905542281974,0.5780590717299579
238,2006-05-17,source_key,77,0.00022513825947253701,0.4437141193110908,0.024691358024691357,0.024691358024691357,0.004559049754318875,0.5756302521008403,87,-0.0048314163433635,0.4577939283821637,0.004559049754318875,0.5756302521008403
239,2006-05-18,source_key,78,0.00022392018617285305,0.4495856920173927,0.024390243902439025,0.024390243902439025,0.004590363816543487,0.5774058577405857,88,-0.004674040767803181,0.46301554094441116,0.004590363816543487,0.5774058577405857
240,2006-05-19,source_key,79,0.0002223229318917898,0.45533980582524275,0.024096385542168676,0.024096385542168676,0.004613200836754638,0.5791666666666667,89,-0.004538701140191764,0.468141592920354,0.004613200836754638,0.5791666666666667
241,2006-05-22,source_key,80,0.0002187177627036943,0.4504069581870412,0.023809523809523808,0.023809523809523808,0.004593073016777581,0.5767634854771784,90,-0.004505209651744166,0.4635291548373007,0.004593073016777581,0.5767634854771784
242,2006-05-23,source_key,81,0.00021888675556332654,0.4560409287682015,0.023529411764705882,0.023529411764705882,0.004651343555720689,0.5785123966942148,91,-0.004291311860201657,0.46855910887531443,0.004651343555720689,0.5785123966942148
243,2006-05-24,source_key,82,0.0002193349591070901,0.46156533892382945,0.023255813953488372,0.023255813953488372,0.004715701620802437,0.5802469135802469,92,-0.004066085491298646,0.4734993614303959,0.004715701620802437,0.5802469135802469
244,2006-05-25,source_state,49,0.00035751873739040235,0.6707837412980014,0.03773584905660377,0.03773584905660377,0.004737123270422831,0.5819672131147541,49,0.013476446643994985,0.6707837412980014,0.004737123270422831,0.5819672131147541
245,2006-05-26,source_key,26,0.0006236970831008837,0.6982040816326531,0.06666666666666667,0.06666666666666667,0.004677728123256628,0.5795918367346938,50,0.013142438293166863,0.6609487038058467,0.004677728123256628,0.5795918367346938
246,2006-05-30,source_state,93,0.0001930556438300773,0.47821555138628313,0.020618556701030927,0.020618556701030927,0.004681599362879375,0.5813008130081301,93,-0.003953348607287333,0.47821555138628313,0.004681599362879375,0.5813008130081301
247,2006-05-31,source_state,51,0.0003352913007975187,0.6652631578947368,0.03636363636363636,0.03636363636363636,0.004610255385965882,0.5789473684210527,51,0.013020681880930965,0.6652631578947368,0.004610255385965882,0.5789473684210527
248,2006-06-01,source_state,94,0.00018360499840416406,0.47320940404592676,0.02040816326530612,0.02040816326530612,0.00449832246090202,0.5766129032258065,94,-0.0040667864036849815,0.47320940404592676,0.00449832246090202,0.5766129032258065
249,2006-06-02,source_state,52,0.00031190172221030985,0.6550412175015853,0.03571428571428571,0.03571428571428571,0.004366624110944338,0.5742971887550201,52,0.01246782737420307,0.6550412175015853,0.004366624110944338,0.5742971887550201
250,2006-06-05,source_key,27,0.0005484731299012434,0.700549019607843,0.06451612903225806,0.06451612903225806,0.004250666756734636,0.572,53,0.011949989473985963,0.6458181818181817,0.004250666756734636,0.572
251,2006-06-06,source_key,28,0.0005124867105783104,0.6860251302482379,0.0625,0.0625,0.004099893684626483,0.5697211155378487,54,0.011319708479793744,0.636837266319338,0.004099893684626483,0.5697211155378487
252,2006-06-07,source_key,29,0.0004859654883822913,0.6720575022461815,0.06060606060606061,0.06060606060606061,0.004009215279153903,0.5674603174603174,55,0.010911517913900083,0.6280892103676914,0.004009215279153903,0.5674603174603174
253,2006-06-08,source_key,30,0.00047117633631242156,0.6788903528033963,0.058823529411764705,0.058823529411764705,0.004004998858655583,0.5691699604743083,56,0.01081063977499032,0.6332509881422925,0.004004998858655583,0.5691699604743083
254,2006-06-09,source_state,102,0.0001503603292152147,0.623859517560305,0.018867924528301886,0.018867924528301886,0.00398454872420319,0.5669291338582677,102,0.007589664861938765,0.623859517560305,0.00398454872420319,0.5669291338582677
255,2006-06-12,source_key,84,0.0001807314331672877,0.5985838779956426,0.022727272727272728,0.022727272727272728,0.003976091529680329,0.5686274509803921,103,0.007542698929579604,0.6271421954608615,0.003976091529680329,0.5686274509803921
256,2006-06-13,source_state,57,0.00026407414300278615,0.6257716049382716,0.03278688524590164,0.03278688524590164,0.004027130680792489,0.5703125,57,0.010669049511583446,0.6257716049382716,0.004027130680792489,0.5703125
257,2006-06-14,source_state,104,0.000150979454746418,0.6306845817120622,0.018518518518518517,0.018518518518518517,0.004076445278153286,0.5719844357976653,104,0.007635729439330886,0.6306845817120622,0.004076445278153286,0.5719844357976653
258,2006-06-15,source_state,58,0.00025977637897710184,0.6301758366420874,0.03225806451612903,0.03225806451612903,0.004026533874145079,0.5697674418604651,58,0.010742434991234619,0.6301758366420874,0.004026533874145079,0.5697674418604651
259,2006-06-16,source_key,31,0.00045765539132900534,0.6658476658476659,0.05714285714285714,0.05714285714285714,0.004004484674128797,0.5675675675675675,59,0.010586340717479228,0.6219472484532725,0.004004484674128797,0.5675675675675675
260,2006-06-19,source_key,32,0.00044779284144370326,0.6725274725274726,0.05555555555555555,0.05555555555555555,0.00403013557299333,0.5692307692307692,60,0.010594709755981332,0.6269230769230769,0.00403013557299333,0.5692307692307692
261,2006-06-20,source_key,33,0.00043342014953736964,0.6598104456543659,0.05405405405405406,0.05405405405405406,0.004009136383220669,0.5670498084291188,61,0.010447070423414315,0.6189317106152806,0.004009136383220669,0.5670498084291188
262,2006-06-22,source_key,34,0.0004195679505561909,0.647538826006844,0.05263157894736842,0.05263157894736842,0.003985895530283814,0.5648854961832062,62,0.010294921377133687,0.6111308361441505,0.003985895530283814,0.5648854961832062
263,2006-06-23,source_key,35,0.00041615560539927057,0.6541857317780498,0.05128205128205128,0.05128205128205128,0.004057517152642888,0.5665399239543726,63,0.010458672868745232,0.6160569905161487,0.004057517152642888,0.5665399239543726
264,2006-06-26,source_key,36,0.0004127304221162168,0.6606060606060606,0.05,0.05,0.004127304221162168,0.5681818181818182,64,0.010614326505307166,0.6208677685950413,0.004127304221162168,0.5681818181818182
265,2006-06-27,source_key,18,0.0007650844299356099,0.6589398023360287,0.09090909090909091,0.09090909090909091,0.004207964364645854,0.569811320754717,105,0.007532783948482257,0.6253912534737457,0.004207964364645854,0.569811320754717
266,2006-06-28,source_state,65,0.0002477223136673043,0.6260032102728732,0.028985507246376812,0.028985507246376812,0.004273209910760999,0.5714285714285714,65,0.010820951811929682,0.6260032102728732,0.004273209910760999,0.5714285714285714
267,2006-07-07,source_key,37,0.0004134422616027086,0.6666052680051574,0.04878048780487805,0.04878048780487805,0.004237783181427763,0.5692883895131086,66,0.01063365269929479,0.6184769038701623,0.004237783181427763,0.5692883895131086
268,2006-07-12,source_key,38,0.0003922593027305278,0.6550312951372171,0.047619047619047616,0.047619047619047616,0.0041187226786705425,0.5671641791044776,67,0.01018132812431704,0.6111202230605216,0.0041187226786705425,0.5671641791044776
269,2006-07-13,source_key,39,0.0005993685511902962,0.661119962235204,0.046511627906976744,0.06976744186046512,0.004128296124710893,0.5687732342007435,68,0.01014591958349287,0.6157669306610636,0.004128296124710893,0.5687732342007435
270,2006-07-14,source_key,40,0.0006282007588474897,0.6670138888888889,0.045454545454545456,0.09090909090909091,0.004125900368173645,0.5703703703703704,69,0.010073640272947356,0.620310633213859,0.004125900368173645,0.5703703703703704
271,2006-07-17,global,271,0.00020793514131316185,0.5719557195571955,0.007272727272727273,0.01818181818181818,0.004196539069641518,0.5719557195571956,271,0.004196539069641518,0.5719557195571955,0.004196539069641518,0.5719557195571956
272,2006-07-18,source_state,1,0.00807083989635173,0.5905882352941176,0.4,0.6,0.004260885168515189,0.5735294117647058,1,0.004958396880305779,0.5905882352941176,0.004260885168515189,0.5735294117647058
273,2006-07-19,source_state,2,0.008560540360720978,0.6077768385460692,0.3333333333333333,0.6666666666666666,0.004278500293132788,0.575091575091575,2,0.005132788430291791,0.6077768385460692,0.004278500293132788,0.575091575091575
274,2006-07-20,global,274,0.00037927681391420004,0.5766423357664233,0.007194244604316547,0.02877697841726619,0.0043178499332617885,0.5766423357664233,274,0.0043178499332617885,0.5766423357664233,0.0043178499332617885,0.5766423357664233
275,2006-07-21,source_state,3,0.011019879894690275,0.625050505050505,0.2857142857142857,0.7142857142857143,0.0044203789708962046,0.5781818181818181,3,0.005626588486755091,0.625050505050505,0.0044203789708962046,0.5781818181818181
276,2007-02-27,global,276,0.0005808819216560391,0.5797101449275363,0.010714285714285714,0.03214285714285714,0.004451442829163027,0.5797101449275363,276,0.004451442829163027,0.5797101449275363,0.004451442829163027,0.5797101449275363
277,2007-02-28,source_state,1,0.009462189750889766,0.5545126353790614,0.4,0.6,0.0044002788117329245,0.5776173285198556,1,0.003835428059304591,0.5545126353790614,0.0044002788117329245,0.5776173285198556
278,2007-03-01,source_state,2,0.00939034790629983,0.573049252905368,0.3333333333333333,0.6666666666666666,0.004390337790464873,0.579136690647482,2,0.003741684302746018,0.573049252905368,0.004390337790464873,0.579136690647482
279,2007-03-02,source_state,3,0.009917087324233033,0.5902031063321387,0.2857142857142857,0.7142857142857143,0.0044291397897147,0.5806451612903226,3,0.004201153164242917,0.5902031063321387,0.0044291397897147,0.5806451612903226
280,2007-03-05,source_state,4,0.011013750067019098,0.6061224489795919,0.25,0.75,0.004507970725879727,0.5821428571428572,4,0.005065174279230066,0.6061224489795919,0.004507970725879727,0.5821428571428572
281,2007-03-06,source_state,5,0.009936018363249453,0.5835071787949443,0.2222222222222222,0.7777777777777778,0.004454989489718093,0.5800711743772242,5,0.004488743914311135,0.5835071787949443,0.004454989489718093,0.5800711743772242
282,2007-03-07,source_state,6,0.009349154241813496,0.5624113475177306,0.2,0.8,0.004432074886753228,0.5780141843971631,6,0.004253889816583089,0.5624113475177306,0.004432074886753228,0.5780141843971631
283,2007-03-08,source_state,7,0.008420516709822157,0.542687792089365,0.18181818181818182,0.8181818181818182,0.004384527475247391,0.5759717314487632,7,0.003788764969417863,0.542687792089365,0.004384527475247391,0.5759717314487632
284,2007-03-09,source_state,8,0.0074004341310249045,0.5242077464788732,0.16666666666666666,0.8333333333333334,0.004326555770078343,0.573943661971831,8,0.003249404885472952,0.5242077464788732,0.004326555770078343,0.573943661971831
285,2007-03-13,source_state,9,0.00696341632452898,0.5068580542264752,0.15384615384615385,0.8461538461538461,0.004305552863020071,0.5719298245614035,9,0.0030853822370971768,0.5068580542264752,0.004305552863020071,0.5719298245614035
286,2007-03-14,source_state,10,0.008173344802762427,0.5224187577128754,0.14285714285714285,0.8571428571428571,0.0044054360052399304,0.5734265734265734,10,0.004031968846334805,0.5224187577128754,0.0044054360052399304,0.5734265734265734
287,2007-03-15,source_state,11,0.009685471861660782,0.5370831259333002,0.2,0.8,0.004496957855347191,0.5749128919860628,11,0.00485587634754231,0.5370831259333002,0.004496957855347191,0.5749128919860628
288,2007-03-16,source_state,12,0.010730592724976049,0.5509259259259259,0.1875,0.8125,0.0046031573809754275,0.5763888888888888,12,0.005766302278203833,0.5509259259259259,0.0046031573809754275,0.5763888888888888
289,2007-03-19,source_state,13,0.011364932477191596,0.5640138408304498,0.23529411764705882,0.7647058823529411,0.004661271508575651,0.5778546712802768,13,0.006226480036086035,0.5640138408304498,0.004661271508575651,0.5778546712802768
290,2007-03-28,source_state,14,0.011420211313242246,0.5764065335753176,0.2222222222222222,0.7777777777777778,0.004691427514454044,0.5793103448275863,14,0.0064344741760414435,0.5764065335753176,0.004691427514454044,0.5793103448275863
291,2007-06-07,source_state,15,0.011664793888532426,0.5881575469204335,0.2631578947368421,0.7368421052631579,0.004730252950390227,0.5807560137457045,15,0.0067033707313827314,0.5881575469204335,0.004730252950390227,0.5807560137457045
292,2007-06-12,source_state,16,0.011976442315170567,0.5993150684931507,0.3,0.7,0.004775040397570177,0.5821917808219178,16,0.0070078636195795175,0.5993150684931507,0.004775040397570177,0.5821917808219178
293,2007-06-22,source_state,17,0.011373479607963718,0.5835345042870224,0.3333333333333333,0.6666666666666666,0.004756529160506641,0.5802047781569966,17,0.006810281049551455,0.5835345042870224,0.004756529160506641,0.5802047781569966
294,2007-06-25,source_state,18,0.01141283950232604,0.5942662779397473,0.3181818181818182,0.6818181818181818,0.004784845133734043,0.5816326530612245,18,0.006975774563772154,0.5942662779397473,0.004784845133734043,0.5816326530612245
295,2007-06-26,source_key,18,0.01193724111677483,0.6188861985472155,0.3181818181818182,0.6818181818181818,0.0048612078079559974,0.5830508474576271,19,0.007491327206720188,0.6044934962554198,0.0048612078079559974,0.5830508474576271
296,2007-06-27,source_key,19,0.011934861658069016,0.6285355122564424,0.34782608695652173,0.6521739130434783,0.004884769236676082,0.5844594594594594,20,0.007602907611076159,0.6142506142506142,0.004884769236676082,0.5844594594594594
297,2007-06-28,source_key,20,0.012078708695643578,0.637741046831956,0.3333333333333333,0.6666666666666666,0.004926535166273007,0.5858585858585859,21,0.007840434833880888,0.6235690235690237,0.004926535166273007,0.5858585858585859
298,2007-06-29,source_state,1,0.009715770286802905,0.603758389261745,0.4,0.6,0.004969564783580354,0.587248322147651,1,0.006071315603546182,0.603758389261745,0.004969564783580354,0.587248322147651
299,2007-07-10,source_state,2,0.009943073375941695,0.5787239516336506,0.5,0.5,0.004933775454087723,0.5852842809364549,2,0.005584326978696734,0.5787239516336506,0.004933775454087723,0.5852842809364549
300,2007-07-20,source_state,4,0.010368742100636793,0.6457142857142857,0.375,0.625,0.004971717138081657,0.5866666666666667,4,0.006362286035977766,0.6457142857142857,0.004971717138081657,0.5866666666666667
301,2007-07-23,source_state,5,0.009132987258337832,0.6218352617711078,0.3333333333333333,0.6666666666666666,0.00481300448315137,0.584717607973422,5,0.004535659079072955,0.6218352617711078,0.00481300448315137,0.584717607973422
302,2007-07-24,source_state,6,0.007943476342457215,0.5995584988962472,0.3,0.7,0.004674946233285974,0.5827814569536424,6,0.0030446709440049356,0.5995584988962472,0.004674946233285974,0.5827814569536424
303,2007-07-25,source_state,7,0.006790976411025497,0.5787288406259982,0.2727272727272727,0.7272727272727273,0.004546756455819681,0.5808580858085809,7,0.0017450650749018218,0.5787288406259982,0.004546756455819681,0.5808580858085809
304,2007-07-26,source_state,8,0.006460872438594795,0.5592105263157895,0.25,0.75,0.0045224661973528296,0.5789473684210527,8,0.0015836427812702795,0.5592105263157895,0.0045224661973528296,0.5789473684210527
305,2007-07-27,source_state,9,0.005987157925810768,0.5408842523596622,0.23076923076923078,0.7692307692307693,0.004478038708886306,0.5770491803278689,9,0.0012297694391671307,0.5408842523596622,0.004478038708886306,0.5770491803278689
306,2007-07-30,source_state,10,0.005561405500849865,0.5236447520184545,0.21428571428571427,0.7857142857142857,0.0044374624362569556,0.5751633986928104,10,0.0009314782421681212,0.5236447520184545,0.0044374624362569556,0.5751633986928104
307,2007-07-31,source_state,11,0.005721504875979511,0.5382038157282457,0.2,0.8,0.004468832808420656,0.5765472312703583,11,0.001328323310175932,0.5382038157282457,0.004468832808420656,0.5765472312703583
308,2007-08-01,source_state,12,0.0061197551430370025,0.551948051948052,0.1875,0.8125,0.004529710496635241,0.577922077922078,12,0.0019769872542172357,0.551948051948052,0.004529710496635241,0.577922077922078
309,2007-08-02,source_state,13,0.005557129318105204,0.5358173707688271,0.17647058823529413,0.8235294117647058,0.004466595093938706,0.5760517799352751,13,0.0014779411500137757,0.5358173707688271,0.004466595093938706,0.5760517799352751
310,2007-08-03,source_state,14,0.00554196490511112,0.5488964346349746,0.16666666666666666,0.8333333333333334,0.004472599932722271,0.5774193548387097,14,0.0016093693104778709,0.5488964346349746,0.004472599932722271,0.5774193548387097
311,2007-08-06,source_state,15,0.005215599290044092,0.5336796108500289,0.15789473684210525,0.8421052631578947,0.004436665219626477,0.5755627009646302,15,0.0013741155088151324,0.5336796108500289,0.004436665219626477,0.5755627009646302
312,2007-08-07,source_state,16,0.00429551953675827,0.5192307692307692,0.15,0.85,0.004319201534589165,0.5737179487179487,16,0.000463984297272,0.5192307692307692,0.004319201534589165,0.5737179487179487
313,2007-08-08,source_state,17,0.002790795575046247,0.5054936491856932,0.14285714285714285,0.8571428571428571,0.004117967966706526,0.5718849840255591,17,-0.0010960277792922016,0.5054936491856932,0.004117967966706526,0.5718849840255591
314,2007-08-09,source_state,18,0.00041574190525266565,0.4924173491052472,0.13636363636363635,0.8636363636363636,0.004032787755057688,0.5700636942675159,18,-0.0016573829171804995,0.4924173491052472,0.004032787755057688,0.5700636942675159
315,2007-08-10,source_state,19,0.0004261302180401075,0.4799557032115172,0.13043478260869565,0.8695652173913043,0.0040199852542479805,0.5682539682539682,19,-0.0016259847102561384,0.4799557032115172,0.0040199852542479805,0.5682539682539682
316,2007-08-13,source_state,20,0.0003467031670445538,0.4680667433831991,0.125,0.875,0.003994409063376708,0.5664556962025317,20,-0.0016953014132499633,0.4680667433831991,0.003994409063376708,0.5664556962025317
317,2007-08-14,source_key,18,-3.7606262488683925e-05,0.4673276250563317,0.09090909090909091,0.9090909090909091,0.004024160496387279,0.5678233438485805,21,-0.00134341365473372,0.4806168944970207,0.004024160496387279,0.5678233438485805
318,2007-08-15,global,318,0.0006503788977966494,0.5691823899371069,0.037267080745341616,0.13043478260869565,0.0041365892394275485,0.5691823899371069,318,0.0041365892394275485,0.5691823899371069,0.0041365892394275485,0.5691823899371069
319,2007-08-16,source_state,22,0.0020499536336737656,0.493321521057653,0.11538461538461539,0.8846153846153846,0.004221129329786613,0.5705329153605015,22,-0.0003467361234400097,0.493321521057653,0.004221129329786613,0.5705329153605015
320,2007-08-17,source_key,19,0.0018825536524615808,0.4819767441860465,0.08695652173913043,0.9130434782608695,0.004286112349922805,0.571875,23,0.00022607290592332842,0.5047872340425532,0.004286112349922805,0.571875
321,2007-08-20,source_key,20,0.00220340845745542,0.4944774851316907,0.08333333333333333,0.9166666666666666,0.004322511966018411,0.573208722741433,24,0.0005722793016938229,0.5157710280373832,0.004322511966018411,0.573208722741433
322,2007-08-21,source_key,21,0.002032444565495748,0.48253968253968255,0.08,0.92,0.004283160250829322,0.5714285714285714,25,0.00037094336718157,0.5043731778425656,0.004283160250829322,0.5714285714285714
323,2007-08-22,source_key,22,0.002010629839546795,0.4711266657692826,0.07692307692307693,0.9230769230769231,0.004267577501414942,0.5696594427244582,26,0.0003410434239187282,0.49343653250773994,0.004267577501414942,0.5696594427244582
324,2007-08-23,source_key,23,0.0019529611356226169,0.46020488573680063,0.07407407407407407,0.9259259259259259,0.004246612962271105,0.5679012345679012,27,0.00027498213873129675,0.4829339143064633,0.004246612962271105,0.5679012345679012
325,2007-08-27,source_key,24,0.001848578195009316,0.44974358974358974,0.07142857142857142,0.9285714285714286,0.004218196445733711,0.5661538461538461,28,0.00016064111088493087,0.4728402366863905,0.004218196445733711,0.5661538461538461
326,2007-08-28,source_key,25,0.0023599124332525415,0.4616251408538876,0.06896551724137931,0.9310344827586207,0.004292125441535635,0.5674846625766872,29,0.0007254091083476188,0.48338928116680174,0.004292125441535635,0.5674846625766872
327,2007-08-29,source_key,26,0.0025362165852281042,0.4730275229357798,0.06666666666666667,0.9333333333333333,0.004312179471364041,0.5688073394495413,30,0.0009218106046987014,0.49354400271831467,0.004312179471364041,0.5688073394495413
328,2007-08-30,source_key,27,0.0025016754165570546,0.46293639406982307,0.06451612903225806,0.9354838709677419,0.004297363116774164,0.5670731707317073,31,0.0008886290056265021,0.4838137472283814,0.004297363116774164,0.5670731707317073
329,2007-08-31,source_key,28,0.002261812678538953,0.4532382511105916,0.0625,0.9375,0.0042472322265683215,0.5653495440729484,32,0.0006334956104208756,0.47443551888840646,0.0042472322265683215,0.5653495440729484
330,2007-09-04,source_key,29,0.0020546021431519044,0.4439108061749571,0.06060606060606061,0.9393939393939394,0.00420204251152976,0.5636363636363636,33,0.0004162425839734475,0.4653907496012759,0.00420204251152976,0.5636363636363636
331,2007-09-05,source_key,30,0.0020437944813576506,0.45479467382790645,0.058823529411764705,0.9411764705882353,0.0041909812902457605,0.5649546827794562,34,0.0004138126938309759,0.4751536618397749,0.0041909812902457605,0.5649546827794562
332,2007-09-06,source_key,31,0.0021117332805995572,0.4652792990142388,0.05714285714285714,0.9428571428571428,0.004194219703373101,0.5662650602409639,35,0.0004973727560300937,0.48458239738615483,0.004194219703373101,0.5662650602409639
333,2007-09-07,source_key,32,0.0024101799018061273,0.47538610038610035,0.05555555555555555,0.9444444444444444,0.004239805632556803,0.5675675675675675,36,0.0008302231504621691,0.4936936936936937,0.004239805632556803,0.5675675675675675
334,2007-09-10,source_key,33,0.002641410491914839,0.4851349931715516,0.05405405405405406,0.9459459459459459,0.004274549963555894,0.5688622754491018,37,0.0010900272976715024,0.5025031903406302,0.004274549963555894,0.5688622754491018
335,2007-09-11,source_key,34,0.003151727978710807,0.4945445187853834,0.05263157894736842,0.9473684210526315,0.004362378799025706,0.5701492537313433,38,0.0016499478557287107,0.5110255175734232,0.004362378799025706,0.5701492537313433
336,2007-09-12,source_key,35,0.0035368170792209963,0.5036319612590799,0.07692307692307693,0.9230769230769231,0.004459893837051589,0.5714285714285714,39,0.0022502311038654554,0.5192743764172336,0.004459893837051589,0.5714285714285714
337,2007-09-13,source_key,36,0.00389035480700001,0.5124134520276954,0.1,0.9,0.004513814448726392,0.5727002967359051,40,0.0025889030342996716,0.5272626112759644,0.004513814448726392,0.5727002967359051
338,2007-09-14,source_key,37,0.004266852470533934,0.5209040644097391,0.12195121951219512,0.8780487804878049,0.0045757825278009865,0.5739644970414202,41,0.0029636315887524418,0.5350022758306783,0.0045757825278009865,0.5739644970414202
339,2007-09-17,source_key,38,0.004677695306442747,0.5291178989437625,0.14285714285714285,0.8571428571428571,0.004648124361503078,0.5752212389380531,42,0.0033859382034934697,0.5425046929471709,0.004648124361503078,0.5752212389380531
340,2007-10-19,source_state,3,0.005816322723168411,0.5838779956427015,0.5714285714285714,0.42857142857142855,0.004627667465444083,0.5735294117647058,3,0.005709710754479096,0.5838779956427015,0.004627667465444083,0.5735294117647058
341,2007-10-22,source_state,4,0.007406508115248296,0.599811478843737,0.625,0.375,0.00468402963101409,0.5747800586510264,4,0.006405787438194017,0.599811478843737,0.00468402963101409,0.5747800586510264
342,2007-11-01,source_state,5,0.00820908088831917,0.6146400483968543,0.6666666666666666,0.3333333333333333,0.004695381088133304,0.5760233918128655,5,0.006489679696761339,0.6146400483968543,0.004695381088133304,0.5760233918128655
343,2007-11-02,source_state,6,0.007573277321145812,0.5928085519922255,0.6,0.4,0.0045648425989242465,0.5743440233236151,6,0.004832948891816272,0.5928085519922255,0.0045648425989242465,0.5743440233236151
344,2007-11-05,source_state,7,0.006906657654552395,0.5723930982745686,0.5454545454545454,0.45454545454545453,0.004428552527793502,0.5726744186046512,7,0.003206405263783822,0.5723930982745686,0.004428552527793502,0.5726744186046512
345,2007-11-07,source_state,8,0.006348051937525174,0.5532608695652174,0.5,0.5,0.004339665507226521,0.5710144927536231,8,0.0022196189098711147,0.5532608695652174,0.004339665507226521,0.5710144927536231
346,2007-11-08,source_state,9,0.0059279275614405125,0.535295148011911,0.46153846153846156,0.5384615384615384,0.0042953051230902265,0.569364161849711,9,0.001786488742202232,0.535295148011911,0.0042953051230902265,0.569364161849711
347,2007-11-09,source_state,43,0.0032407239717349946,0.5327540969504065,0.1702127659574468,0.8297872340425532,0.004295833193220862,0.5706051873198847,43,0.0031747718372125405,0.5327540969504065,0.004295833193220862,0.5706051873198847
348,2007-11-12,source_state,10,0.005655838542388544,0.5507099391480731,0.42857142857142855,0.5714285714285714,0.004284688593271461,0.5718390804597702,10,0.0018581728598659909,0.5507099391480731,0.004284688593271461,0.5718390804597702
349,2007-11-13,source_state,11,0.005196156063765075,0.5338518215309046,0.4,0.6,0.004205848505544547,0.5702005730659025,11,0.0010872918030450465,0.5338518215309046,0.004205848505544547,0.5702005730659025
350,2007-11-14,source_state,12,0.00459542283134178,0.517936507936508,0.375,0.625,0.004077936756141414,0.5685714285714286,12,-0.00015494257401807356,0.517936507936508,0.004077936756141414,0.5685714285714286
351,2007-11-15,source_state,13,0.0037529438949803163,0.5028875028875028,0.35294117647058826,0.6470588235294118,0.0040387189838603215,0.5669515669515669,13,-0.0004380178517275372,0.5028875028875028,0.0040387189838603215,0.5669515669515669
352,2007-11-16,source_state,44,0.002201122560706314,0.5377673796791443,0.16666666666666666,0.8333333333333334,0.003932930800887436,0.5653409090909091,44,0.003006140707177459,0.5377673796791443,0.003932930800887436,0.5653409090909091
353,2007-11-19,source_key,39,0.0021485039749047506,0.5163451594046495,0.16279069767441862,0.8372093023255814,0.0038983388473322203,0.5637393767705382,45,0.002830570034762877,0.5294165948187379,0.0038983388473322203,0.5637393767705382
354,2007-11-20,source_state,14,0.0037343301856484065,0.48840321141837645,0.3333333333333333,0.6666666666666666,0.003935955196596561,0.5649717514124294,14,-0.0013650450744959143,0.48840321141837645,0.003935955196596561,0.5649717514124294
355,2007-11-21,source_state,1,0.0019418387615734068,0.5835492957746479,0.4,0.6,0.004034219424050658,0.5661971830985916,1,0.005117045769647396,0.5835492957746479,0.004034219424050658,0.5661971830985916
356,2007-11-23,source_state,46,0.0029476751184649625,0.5373996789727127,0.16,0.84,0.004111173019609325,0.5674157303370787,46,0.0031090268431456796,0.5373996789727127,0.004111173019609325,0.5674157303370787
357,2007-11-26,source_state,2,0.0024207396596194926,0.6018099547511312,0.3333333333333333,0.6666666666666666,0.004233403608721906,0.5686274509803921,2,0.006312933235239646,0.6018099547511312,0.004233403608721906,0.5686274509803921
358,2007-11-27,source_state,15,0.00476651755620037,0.5045122475290074,0.3157894736842105,0.6842105263157895,0.004295834855753301,0.5698324022346368,15,-0.00011320115559696916,0.5045122475290074,0.004295834855753301,0.5698324022346368
359,2007-11-28,source_state,16,0.004739568494574198,0.5176183844011142,0.3,0.7,0.0043156746707949415,0.5710306406685237,16,0.00018699097371049773,0.5176183844011142,0.0043156746707949415,0.5710306406685237
360,2007-11-29,source_state,17,0.004848067443806243,0.5300813008130082,0.2857142857142857,0.7142857142857143,0.00437465161303739,0.5722222222222222,17,0.000840059986349145,0.5300813008130082,0.00437465161303739,0.5722222222222222
361,2007-11-30,source_state,47,0.004055147307749393,0.5459404627209238,0.1568627450980392,0.8431372549019608,0.004404460026955462,0.5734072022160664,47,0.0038368769088634636,0.5459404627209238,0.004404460026955462,0.5734072022160664
362,2007-12-03,source_key,40,0.0043670746000213975,0.5279696132596685,0.1590909090909091,0.8409090909090909,0.004474596757007237,0.574585635359116,48,0.004220770810503425,0.5526396562308165,0.004474596757007237,0.574585635359116
363,2007-12-04,source_key,41,0.004601926679977724,0.5356643356643357,0.17777777777777778,0.8222222222222222,0.004491444021874,0.5757575757575758,49,0.004313561460502615,0.5591531755915318,0.004491444021874,0.5757575757575758
364,2007-12-11,source_key,42,0.004577207030118354,0.5431235431235432,0.17391304347826086,0.8260869565217391,0.004489443519072343,0.5769230769230769,50,0.004305476156101651,0.5654885654885655,0.004489443519072343,0.5769230769230769
365,2007-12-12,source_key,43,0.004263532742993649,0.5344510325086894,0.1702127659574468,0.8297872340425532,0.004413130653445269,0.5753424657534246,51,0.003912119657888837,0.5574429223744292,0.004413130653445269,0.5753424657534246
366,2007-12-14,source_state,18,0.0051107075365439325,0.5421545667447306,0.3181818181818182,0.6818181818181818,0.0043596489532508175,0.5737704918032787,18,0.0011718543962594937,0.5421545667447306,0.0043596489532508175,0.5737704918032787
367,2007-12-17,source_state,52,0.0041919050448894525,0.5499784884554711,0.17857142857142858,0.8214285714285714,0.004440782216726068,0.5749318801089919,52,0.0036698873716141814,0.5499784884554711,0.004440782216726068,0.5749318801089919
368,2007-12-18,source_key,44,0.004250632597319679,0.5268542199488491,0.16666666666666666,0.8333333333333334,0.004511863133330855,0.5760869565217391,53,0.00404176547751273,0.5561829474872952,0.004511863133330855,0.5760869565217391
369,2007-12-19,source_key,45,0.004533694825865655,0.5341109932838459,0.1836734693877551,0.8163265306122449,0.00454744869137113,0.5772357723577236,54,0.00422708883604666,0.5622263914946842,0.00454744869137113,0.5772357723577236
370,2007-12-31,source_key,46,0.004737373559437111,0.5411583011583011,0.2,0.8,0.004558755948079188,0.5783783783783784,55,0.00428753717779728,0.5681149503934314,0.004558755948079188,0.5783783783783784
371,2008-01-02,source_key,47,0.004113548319163597,0.5330093770168179,0.19607843137254902,0.803921568627451,0.0044616603887663855,0.5768194070080862,56,0.003811518088318838,0.5605458221024259,0.0044616603887663855,0.5768194070080862
372,2008-01-03,source_key,48,0.003813963213238341,0.5250896057347672,0.19230769230769232,0.8076923076923077,0.004383418307241234,0.5752688172043011,57,0.0034370276934606665,0.5531660692951016,0.004383418307241234,0.5752688172043011
373,2008-01-04,source_key,49,0.003681124227068559,0.5173895479084799,0.18867924528301888,0.8113207547169812,0.004349660435397616,0.5737265415549598,58,0.003285131540922427,0.5459687438697443,0.004349660435397616,0.5737265415549598
374,2008-01-07,source_key,50,0.0036373670027519925,0.5242809654574361,0.18518518518518517,0.8148148148148148,0.004339733908609246,0.5748663101604278,59,0.0032503577003525886,0.5517685716126538,0.004339733908609246,0.5748663101604278
375,2008-01-08,source_state,3,0.0017312370562926368,0.6207407407407408,0.2857142857142857,0.7142857142857143,0.004313957212449718,0.5733333333333334,3,0.0071353089130244225,0.6207407407407408,0.004313957212449718,0.5733333333333334
376,2008-01-09,source_state,60,0.0035105683756302495,0.5443262411347518,0.203125,0.796875,0.004238254246470406,0.5718085106382979,60,0.003119257739127608,0.5443262411347518,0.004238254246470406,0.5718085106382979
377,2008-01-10,source_key,51,0.0028728897555548054,0.5158267020335986,0.18181818181818182,0.8181818181818182,0.004079451843208879,0.5702917771883289,61,0.0023832487132390274,0.5374941488531753,0.004079451843208879,0.5702917771883289
378,2008-01-11,source_key,52,0.001979468363044558,0.5085630743525481,0.17857142857142858,0.8214285714285714,0.003915950645617937,0.5687830687830688,62,0.001638698965546135,0.5308231819859727,0.003915950645617937,0.5687830687830688
379,2008-01-14,source_key,53,0.0008495456116908253,0.5014905938388788,0.17543859649122806,0.8245614035087719,0.0037084014238102205,0.5672823218997362,63,0.000703468106828455,0.5243077669608468,0.0037084014238102205,0.5672823218997362
380,2008-01-15,source_key,54,0.0002697506983858279,0.49460188933873145,0.1724137931034483,0.8275862068965517,0.0036165534230903694,0.5657894736842105,64,0.000315949254853024,0.5179425837320575,0.0036165534230903694,0.5657894736842105
381,2008-01-16,source_state,4,-0.0005312683124639971,0.5908323959505062,0.25,0.75,0.0035689312118211565,0.5643044619422573,4,0.005379369951457222,0.5908323959505062,0.0035689312118211565,0.5643044619422573
382,2008-01-17,source_state,5,-0.0035601037091382427,0.5692363242462538,0.2222222222222222,0.7777777777777778,0.0035519368994244315,0.56282722513089,5,0.005079020655846662,0.5692363242462538,0.0035519368994244315,0.56282722513089
383,2008-01-18,source_state,6,-0.004787828851743325,0.5845082680591819,0.2,0.8,0.003605535623409034,0.5639686684073107,6,0.005755273886023692,0.5845082680591819,0.003605535623409034,0.5639686684073107
384,2008-01-22,source_state,7,-0.004709610036997879,0.5987903225806451,0.18181818181818182,0.8181818181818182,0.0036995400354210713,0.5651041666666666,7,0.006923146848549388,0.5987903225806451,0.0036995400354210713,0.5651041666666666
385,2008-01-23,source_state,8,-0.0041401363472074165,0.6121753246753247,0.16666666666666666,0.8333333333333334,0.0037103043921859775,0.5662337662337662,8,0.006959991070540588,0.6121753246753247,0.0037103043921859775,0.5662337662337662
386,2008-01-24,source_state,9,-0.003581310412841078,0.6247448579054796,0.15384615384615385,0.8461538461538461,0.003746367406219719,0.5673575129533679,9,0.007309571345555115,0.6247448579054796,0.003746367406219719,0.5673575129533679
387,2008-01-25,source_state,10,-0.0028544234360191405,0.6365709074327405,0.14285714285714285,0.8571428571428571,0.0038637109638729322,0.5684754521963824,10,0.008623247764853207,0.6365709074327405,0.0038637109638729322,0.5684754521963824
388,2008-01-28,source_state,11,-0.002376785855520488,0.6477172312223859,0.13333333333333333,0.8666666666666667,0.0039029195851936474,0.5695876288659794,11,0.008948802484371906,0.6477172312223859,0.0039029195851936474,0.5695876288659794
389,2008-01-29,source_state,65,0.002211455012897747,0.5127523757257155,0.18840579710144928,0.8115942028985508,0.0038592182681838933,0.5681233933161953,65,0.00021460653526776113,0.5127523757257155,0.0038592182681838933,0.5681233933161953
390,2008-01-30,source_state,19,0.005145355955767626,0.5488372093023256,0.34782608695652173,0.6521739130434783,0.0038139716466190792,0.5666666666666667,19,0.0016338880449396484,0.5488372093023256,0.0038139716466190792,0.5666666666666667
391,2008-01-31,source_state,66,0.0018684165649236226,0.5062801932367149,0.18571428571428572,0.8142857142857143,0.003740170834884324,0.5652173913043478,66,2.7287545528305622e-05,0.5062801932367149,0.003740170834884324,0.5652173913043478
392,2008-02-04,source_key,55,0.0013998365274590753,0.487729268922759,0.1694915254237288,0.8305084745762712,0.0036116503755989683,0.5637755102040817,67,-0.0005194336387942432,0.500336398295582,0.0036116503755989683,0.5637755102040817
393,2008-02-05,source_state,20,0.00454600381119107,0.5353920888272033,0.3333333333333333,0.6666666666666666,0.003618775852547082,0.5648854961832062,20,0.0009211441166592442,0.5353920888272033,0.003618775852547082,0.5648854961832062
394,2008-02-06,source_state,21,0.004582849591523838,0.5463056965595037,0.32,0.68,0.003672923626597759,0.565989847715736,21,0.0014840641453052663,0.5463056965595037,0.003672923626597759,0.565989847715736
395,2008-02-07,source_state,22,0.004525710775020891,0.5567418822234452,0.3076923076923077,0.6923076923076923,0.0036870660427591106,0.5670886075949367,22,0.0016604670116726332,0.5567418822234452,0.0036870660427591106,0.5670886075949367
396,2008-02-08,source_state,23,0.004521451784609328,0.5667311411992263,0.2962962962962963,0.7037037037037037,0.0037170359711562306,0.5681818181818182,23,0.0019714025214146898,0.5667311411992263,0.0037170359711562306,0.5681818181818182
397,2008-02-11,source_state,68,0.0019524942119591069,0.5072007447158032,0.18055555555555555,0.8194444444444444,0.0037410074592439256,0.5692695214105793,68,-0.00041034704681075854,0.5072007447158032,0.0037410074592439256,0.5692695214105793
398,2008-02-12,source_key,56,0.0019183899995252663,0.49610552763819094,0.16666666666666666,0.8333333333333334,0.0037489176798887365,0.5703517587939698,69,-0.00032981513693802007,0.5127789485059707,0.0037489176798887365,0.5703517587939698
399,2008-02-29,source_state,24,0.0044482867729820404,0.5761278195488723,0.2857142857142857,0.7142857142857143,0.003710484811290335,0.568922305764411,24,0.0022027584877433396,0.5761278195488723,0.003710484811290335,0.568922305764411
400,2008-03-03,source_state,25,0.004065828327519035,0.5636734693877551,0.27586206896551724,0.7241379310344828,0.0035982120253653647,0.5675,25,0.0012620251222608845,0.5636734693877551,0.0035982120253653647,0.5675
401,2008-03-04,source_state,26,0.00395123749195559,0.5517206982543641,0.26666666666666666,0.7333333333333333,0.003581925996397799,0.5660847880299252,26,0.00117031761409866,0.5517206982543641,0.003581925996397799,0.5660847880299252
402,2008-03-06,source_state,27,0.00373313730114317,0.54023997658765,0.25806451612903225,0.7419354838709677,0.003527105604193727,0.5646766169154229,27,0.0007596925416156129,0.54023997658765,0.003527105604193727,0.5646766169154229
403,2008-03-07,source_key,18,0.002444613354399776,0.5123478671865769,0.22727272727272727,0.7727272727272727,0.003516440238370548,0.5632754342431762,28,0.0007253329619248566,0.5292040465737736,0.003516440238370548,0.5632754342431762
404,2008-03-10,source_state,22,0.005662991858911259,0.6205337925096857,0.34615384615384615,0.6538461538461539,0.0035135379829871268,0.5643564356435643,22,0.0073186303532530705,0.6205337925096857,0.0035135379829871268,0.5643564356435643
405,2008-03-11,source_state,29,0.0036240454808679472,0.5390635918937805,0.24242424242424243,0.7575757575757576,0.003524041639660664,0.5654320987654321,29,0.0007593146549910131,0.5390635918937805,0.003524041639660664,0.5654320987654321
406,2008-03-12,source_key,19,0.0023823655220164943,0.5241150189025089,0.21739130434782608,0.782608695652174,0.0034958618077796638,0.5640394088669951,30,0.000586118345284333,0.5284619594964423,0.0034958618077796638,0.5640394088669951
407,2008-03-13,source_key,20,0.00238491331575426,0.5355148536966718,0.20833333333333334,0.7916666666666666,0.0035075007426741047,0.5651105651105651,31,0.0007302296980479585,0.5375027920482466,0.0035075007426741047,0.5651105651105651
408,2008-03-14,source_key,21,0.0026468558464509814,0.5464052287581699,0.2,0.8,0.003608148161213627,0.5661764705882353,32,0.001556246766864026,0.5462184873949579,0.003608148161213627,0.5661764705882353
409,2008-03-17,source_key,22,0.002997227707843883,0.5568193898160944,0.19230769230769232,0.8076923076923077,0.0037368704611216164,0.5672371638141809,33,0.0025700828590483945,0.5546261742375499,0.0037368704611216164,0.5672371638141809
410,2008-03-18,source_state,70,0.0020720981289517816,0.5067981318111053,0.17567567567567569,0.8243243243243243,0.0037319434158822255,0.5682926829268292,70,-0.0004538934783219721,0.5067981318111053,0.0037319434158822255,0.5682926829268292
411,2008-03-19,source_key,57,0.002150588059448591,0.48968189600793,0.16393442622950818,0.8360655737704918,0.003781064250919594,0.5693430656934306,71,-0.000184910319001343,0.5122550902804456,0.003781064250919594,0.5693430656934306
412,2008-03-20,source_state,34,0.004104334597390955,0.5626046200200869,0.21052631578947367,0.7894736842105263,0.0037614122046991305,0.5679611650485437,34,0.002565525978010175,0.5626046200200869,0.0037614122046991305,0.5679611650485437
413,2008-07-02,source_state,23,0.0060750097448992405,0.6297460202977693,0.3333333333333333,0.6666666666666666,0.0037028797874650503,0.5665859564164649,23,0.007424866350912366,0.6297460202977693,0.0037028797874650503,0.5665859564164649
414,2008-07-07,source_key,21,0.006263116243131974,0.6347826086956522,0.36,0.64,0.003646701684182589,0.5652173913043478,24,0.006834699771721418,0.6159420289855072,0.003646701684182589,0.5652173913043478
415,2008-07-09,source_state,35,0.003638841981760816,0.5513988156013885,0.20512820512820512,0.7948717948717948,0.0035195532628719,0.563855421686747,35,0.00207768501708069,0.5513988156013885,0.0035195532628719,0.563855421686747
416,2008-07-11,global,416,0.0008494365874253004,0.5625,0.06190476190476191,0.3,0.003509174191926339,0.5625,416,0.003509174191926339,0.5625,0.003509174191926339,0.5625
417,2008-07-14,global,417,0.0009125409428920624,0.5635491606714628,0.06175771971496437,0.3016627078384798,0.0035658312980622665,0.5635491606714629,417,0.003565831298062267,0.5635491606714628,0.0035658312980622665,0.5635491606714629
418,2008-07-15,source_state,1,0.0009616643426989136,0.5820095693779903,0.4,0.6,0.003685628808597485,0.5645933014354066,1,0.0046236111542779165,0.5820095693779903,0.003685628808597485,0.5645933014354066
419,2008-07-16,source_state,72,0.0020822362116718813,0.5059914478918058,0.17105263157894737,0.8289473684210527,0.0037578884949719675,0.5656324582338902,72,-0.00023373205458106444,0.5059914478918058,0.0037578884949719675,0.5656324582338902
420,2008-09-09,source_key,58,0.0019051897982196764,0.4829268292682927,0.16129032258064516,0.8387096774193549,0.0037548361982480288,0.5666666666666667,73,-0.00020655266484782874,0.511340206185567,0.0037548361982480288,0.5666666666666667
421,2008-09-10,source_key,59,0.0015221297710574506,0.4767192284577741,0.15873015873015872,0.8412698412698413,0.003609412900745699,0.5653206650831354,74,-0.0008264708130666112,0.505792815938727,0.003609412900745699,0.5653206650831354
422,2008-09-12,source_key,60,0.0009581026442219798,0.47066125028210337,0.15625,0.84375,0.0034981510099279254,0.5639810426540285,75,-0.0012829043442879743,0.5003590406434009,0.0034981510099279254,0.5639810426540285
423,2008-09-15,source_key,61,0.0010605724940221956,0.4771798080934501,0.15384615384615385,0.8461538461538461,0.0035277203189386587,0.5650118203309693,76,-0.0011029189794678344,0.5056028368794326,0.0035277203189386587,0.5650118203309693
424,2008-09-16,source_key,62,0.0009111927439404486,0.4712593242650285,0.15151515151515152,0.8484848484848485,0.0034640838409941204,0.5636792452830188,77,-0.001339339799475228,0.5002802167009154,0.0034640838409941204,0.5636792452830188
425,2008-09-17,source_state,12,-0.0027781967339869885,0.6264705882352941,0.125,0.875,0.0035166365355779536,0.5647058823529412,12,0.008078900028628872,0.6264705882352941,0.0035166365355779536,0.5647058823529412
426,2008-09-18,source_state,78,0.0016851474199585633,0.5056614194973764,0.17073170731707318,0.8292682926829268,0.0035361266781133525,0.5657276995305164,78,-0.0010563265942844424,0.5056614194973764,0.0035361266781133525,0.5657276995305164
427,2008-09-19,source_key,63,0.0010858893787562898,0.47753640744030795,0.14925373134328357,0.8507462686567164,0.0034661462605273326,0.5644028103044496,79,-0.001318158779322279,0.5004433732748232,0.0034661462605273326,0.5644028103044496
428,2008-09-22,source_key,64,0.0005743837993457228,0.47175021240441806,0.14705882352941177,0.8529411764705882,0.0032667951188703266,0.5630841121495327,80,-0.0021385665772945565,0.4953271028037384,0.0032667951188703266,0.5630841121495327
429,2008-09-23,source_state,13,-0.003865280380855569,0.6346626346626346,0.11764705882352941,0.8823529411764706,0.0032088439875650257,0.5617715617715617,13,0.007980346409026671,0.6346626346626346,0.0032088439875650257,0.5617715617715617
430,2008-09-24,source_state,14,-0.0048013056240362425,0.6171358629130967,0.1111111111111111,0.8888888888888888,0.0031452606375072046,0.5604651162790698,14,0.007095126847244761,0.6171358629130967,0.0031452606375072046,0.5604651162790698
431,2008-09-25,source_state,81,0.00030317617958752026,0.4897138437741686,0.16470588235294117,0.8352941176470589,0.002966239604484132,0.5591647331786543,81,-0.002392557110428632,0.4897138437741686,0.002966239604484132,0.5591647331786543
432,2008-09-26,source_key,65,-0.0006675716517570126,0.465043695380774,0.14492753623188406,0.855072463768116,0.0027580598737208827,0.5578703703703703,82,-0.0032375680586656957,0.48480083857442346,0.0027580598737208827,0.5578703703703703
433,2008-09-29,source_state,15,-0.008449845994198403,0.598922247882987,0.10526315789473684,0.8947368421052632,0.00261359435336988,0.5565819861431871,15,0.004688257045655586,0.598922247882987,0.00261359435336988,0.5565819861431871
434,2008-09-30,source_state,16,-0.011403415067727806,0.5831797235023041,0.1,0.9,0.002290526421184435,0.5552995391705069,16,0.0009372626548251019,0.5831797235023041,0.002290526421184435,0.5552995391705069
435,2008-10-01,source_state,17,-0.014783848373053287,0.5682085786375105,0.09523809523809523,0.9047619047619048,0.001917833064622277,0.5540229885057472,17,-0.003202078488971759,0.5682085786375105,0.001917833064622277,0.5540229885057472
436,2008-10-02,source_state,18,-0.01870887247448529,0.5539536915683705,0.09090909090909091,0.9090909090909091,0.001479736344294628,0.5527522935779816,18,-0.007878378007950918,0.5539536915683705,0.001479736344294628,0.5527522935779816
437,2008-10-03,source_state,19,-0.022769987636454443,0.5403650683838007,0.08695652173913043,0.9130434782608695,0.0010234125281877464,0.551487414187643,19,-0.012552963237556192,0.5403650683838007,0.0010234125281877464,0.551487414187643
438,2008-10-06,source_state,20,-0.023565790853218388,0.5273972602739726,0.08333333333333333,0.9166666666666666,0.0009476035899289731,0.5502283105022832,20,-0.013040403094597313,0.5273972602739726,0.0009476035899289731,0.5502283105022832
439,2008-10-07,source_state,21,-0.023681549149998142,0.5150088585168311,0.08,0.92,0.0009413452049900556,0.5489749430523918,21,-0.012793950328868257,0.5150088585168311,0.0009413452049900556,0.5489749430523918
440,2008-10-08,source_state,22,-0.02516978840856009,0.5031620553359684,0.07692307692307693,0.9230769230769231,0.0007646309869874904,0.5477272727272727,22,-0.01427786558146243,0.5031620553359684,0.0007646309869874904,0.5477272727272727
441,2008-10-09,source_state,23,-0.02445586183963351,0.5142567665364018,0.07407407407407407,0.9259259259259259,0.0008396487230171457,0.5487528344671202,23,-0.01321561571290414,0.5142567665364018,0.0008396487230171457,0.5487528344671202
442,2008-10-10,source_state,24,-0.02332756308295185,0.5248868778280543,0.07142857142857142,0.9285714285714286,0.0009581577546786843,0.5497737556561086,24,-0.011772272521441675,0.5248868778280543,0.0009581577546786843,0.5497737556561086
443,2008-10-13,source_state,25,-0.023660718344155375,0.5135670521030082,0.06896551724137931,0.9310344827586207,0.0008994217137345274,0.5485327313769752,25,-0.012072258252968225,0.5135670521030082,0.0008994217137345274,0.5485327313769752
444,2008-10-14,source_key,18,-0.025553643693516696,0.5032175032175031,0.09090909090909091,0.9090909090909091,0.0008073962283430141,0.5472972972972973,26,-0.012674183196898732,0.5027027027027027,0.0008073962283430141,0.5472972972972973
445,2008-10-15,source_key,19,-0.025298665204513248,0.5153383851580873,0.08695652173913043,0.9130434782608695,0.0008210596072008405,0.5483146067415731,27,-0.012284188998672022,0.5129323639568187,0.0008210596072008405,0.5483146067415731
446,2008-10-16,source_key,20,-0.025572465893864298,0.5029555646147574,0.08333333333333333,0.9166666666666666,0.0007694840315678391,0.547085201793722,28,-0.012498328843703515,0.5025008623663332,0.0007694840315678391,0.547085201793722
447,2008-10-17,source_key,21,-0.026661372585179154,0.49112602535421324,0.08,0.92,0.0006196763956128898,0.5458612975391499,29,-0.01357930212029804,0.4924654932252754,0.0006196763956128898,0.5458612975391499
448,2008-10-20,source_key,22,-0.029321807552320518,0.4798136645962732,0.07692307692307693,0.9230769230769231,0.0002826020601943754,0.5446428571428571,30,-0.016262637449957817,0.4828042328042328,0.0002826020601943754,0.5446428571428571
449,2008-10-21,source_key,23,-0.029440802437038494,0.46898545230535943,0.07407407407407407,0.9259259259259259,0.00023318217347699315,0.5434298440979956,31,-0.016386825939179082,0.4734966592427617,0.00023318217347699315,0.5434298440979956
450,2008-10-22,source_key,24,-0.028609729723403074,0.48055555555555557,0.07142857142857142,0.9285714285714286,0.00029248639208423883,0.5444444444444444,32,-0.015588072229670324,0.48333333333333334,0.00029248639208423883,0.5444444444444444
451,2008-10-23,source_key,25,-0.027341874296987353,0.4916512059369202,0.06896551724137931,0.9310344827586207,0.00040331887990235573,0.5454545454545454,33,-0.014385861872909623,0.492822966507177,0.00040331887990235573,0.5454545454545454
452,2008-10-24,source_key,26,-0.024943272232753423,0.5023008849557522,0.06666666666666667,0.9333333333333333,0.0006512693949184571,0.5464601769911505,34,-0.012095971771177274,0.5019835215135795,0.0006512693949184571,0.5464601769911505
453,2008-10-27,source_key,27,-0.0238081764560397,0.5125308401506298,0.06451612903225806,0.9354838709677419,0.000995881009961094,0.5474613686534217,35,-0.009093819541661453,0.5108317431810528,0.000995881009961094,0.5474613686534217
454,2008-10-28,source_key,28,-0.02285317248439211,0.5223652998983396,0.0625,0.9375,0.0011499111597324716,0.5484581497797357,36,-0.007698551005955767,0.5193832599118943,0.0011499111597324716,0.5484581497797357
455,2008-10-29,source_key,29,-0.022011336553737257,0.5318266639021356,0.06060606060606061,0.9393939393939394,0.00122081620182409,0.5494505494505495,37,-0.00699671531206112,0.5276526751936589,0.00122081620182409,0.5494505494505495
456,2008-10-30,source_key,30,-0.021429473244318348,0.5214424951267057,0.058823529411764705,0.9411764705882353,0.0010942566928282037,0.5482456140350878,38,-0.007843990034708538,0.5186757215619695,0.0010942566928282037,0.5482456140350878
457,2008-10-31,source_state,83,-0.001177196311802682,0.4778420826601771,0.16091954022988506,0.8390804597701149,0.0010247464011239806,0.5470459518599562,83,-0.00415492755139395,0.4778420826601771,0.0010247464011239806,0.5470459518599562
458,2008-11-05,source_key,66,-0.00167246873202636,0.45667151868025235,0.14285714285714285,0.8571428571428571,0.000921780404694355,0.5458515283842795,84,-0.00456650103589915,0.47315219149280285,0.000921780404694355,0.5458515283842795
459,2008-11-06,source_state,39,-0.020301388730070622,0.5099076667704118,0.046511627906976744,0.9534883720930233,0.0009272061401560967,0.5468409586056645,39,-0.008269976857651774,0.5099076667704118,0.0009272061401560967,0.5468409586056645
460,2008-11-07,source_state,85,-0.0018032954795186382,0.47794176306342234,0.15730337078651685,0.8426966292134831,0.0007575020166976993,0.5456521739130434,85,-0.004529473396398112,0.47794176306342234,0.0007575020166976993,0.5456521739130434
461,2008-11-10,source_key,67,-0.0023233057019919467,0.4622774188934709,0.14084507042253522,0.8591549295774648,0.0005881874330648774,0.544468546637744,86,-0.005227933375023772,0.47333859199368955,0.0005881874330648774,0.544468546637744
462,2008-11-11,source_state,40,-0.02178578587708118,0.5006087662337662,0.045454545454545456,0.9545454545454546,0.0005220538925763709,0.5432900432900433,40,-0.009497951353510652,0.5006087662337662,0.0005220538925763709,0.5432900432900433
463,2008-11-12,source_key,31,-0.022687693834882876,0.5092872570194384,0.05714285714285714,0.9428571428571428,0.00041220455213227214,0.5421166306695464,41,-0.010166822485052024,0.4924738328626017,0.00041220455213227214,0.5421166306695464
464,2008-11-13,source_key,32,-0.025005790460726405,0.499692118226601,0.05555555555555555,0.9444444444444444,3.9710849100591356e-05,0.540948275862069,42,-0.012760730061450148,0.48458725182863116,3.9710849100591356e-05,0.540948275862069
465,2008-11-14,source_key,33,-0.025995019112910894,0.4904357668364459,0.05405405405405406,0.9459459459459459,-0.00013664875641770293,0.5397849462365591,43,-0.013856840601567985,0.4769378911892152,-0.00013664875641770293,0.5397849462365591
466,2008-11-17,source_key,34,-0.02587721364469802,0.48150066597602487,0.05263157894736842,0.9473684210526315,-0.0001474023567395729,0.5386266094420601,44,-0.013732562253223368,0.46951527392072706,-0.0001474023567395729,0.5386266094420601
467,2008-11-18,source_key,35,-0.025903785518592997,0.47287046782564507,0.05128205128205128,0.9487179487179487,-0.0001820041471475338,0.5374732334047109,45,-0.013781900212554163,0.46230953045960954,-0.0001820041471475338,0.5374732334047109
468,2008-11-19,source_key,36,-0.024431047448480306,0.48205128205128206,0.05,0.95,1.4232124168817266e-05,0.5384615384615384,46,-0.01220835533322486,0.47032967032967027,1.4232124168817266e-05,0.5384615384615384
469,2008-11-20,source_key,37,-0.023359391949051195,0.4909294278024398,0.04878048780487805,0.9512195121951219,0.0004279209482049415,0.5394456289978679,47,-0.00916369085847552,0.4781224661401243,0.0004279209482049415,0.5394456289978679
470,2008-11-21,source_key,38,-0.022651843222234354,0.49951956074124915,0.047619047619047616,0.9523809523809523,0.0004963099210146186,0.5404255319148936,48,-0.008561249686605231,0.48569739952718677,0.0004963099210146186,0.5404255319148936
471,2008-11-24,source_key,39,-0.02246143752365429,0.5078354059245779,0.046511627906976744,0.9534883720930233,0.0005012483404158247,0.5414012738853503,49,-0.008403686985081711,0.4930634325102522,0.0005012483404158247,0.5414012738853503
472,2008-11-25,source_key,40,-0.022051069266543537,0.5158898305084746,0.045454545454545456,0.9545454545454546,0.0005412431237975862,0.5423728813559322,50,-0.008015276878556694,0.500229042601924,0.0005412431237975862,0.5423728813559322
473,2008-11-26,source_state,87,-0.0012669152643361766,0.4683732358150963,0.15384615384615385,0.8461538461538461,0.00045288979198920994,0.5412262156448203,87,-0.005480047954153661,0.4683732358150963,0.00045288979198920994,0.5412262156448203
474,2008-11-28,source_key,68,-0.0012797620336021812,0.45610897083104013,0.1388888888888889,0.8611111111111112,0.0004013534459909631,0.540084388185654,88,-0.005656227977019589,0.46394665461121154,0.0004013534459909631,0.540084388185654
475,2008-12-01,source_state,51,-0.02146936615808626,0.49313684210526315,0.03636363636363636,0.9636363636363636,0.0006284431665238406,0.5410526315789473,51,-0.008430500944124397,0.49313684210526315,0.0006284431665238406,0.5410526315789473
476,2008-12-02,source_key,41,-0.021957818234192756,0.5078215901745313,0.044444444444444446,0.9555555555555556,0.0007313398787396392,0.542016806722689,52,-0.007634352257038245,0.500110570544007,0.0007313398787396392,0.542016806722689
477,2008-12-03,source_key,42,-0.021312290985294344,0.5156279778921288,0.043478260869565216,0.9565217391304348,0.0007967905098398217,0.5429769392033543,53,-0.007099852798376307,0.5069019031283182,0.0007967905098398217,0.5429769392033543
478,2008-12-04,source_key,43,-0.020688542506598042,0.5231999000811841,0.0425531914893617,0.9574468085106383,0.0008598717368127779,0.5439330543933054,54,-0.006592629474675791,0.5135178628902478,0.0008598717368127779,0.5439330543933054
479,2008-12-05,source_state,89,-0.00044030408558692457,0.46971012618471375,0.15053763440860216,0.8494623655913979,0.0008832436041430163,0.5448851774530271,89,-0.00454569202594192,0.46971012618471375,0.0008832436041430163,0.5448851774530271
480,2008-12-09,source_key,69,-0.0002845395570695141,0.4629032258064516,0.136986301369863,0.863013698630137,0.0008070001358982737,0.54375,90,-0.0048351461694968794,0.4653508771929824,0.0008070001358982737,0.54375
481,2008-12-15,source_key,70,-0.00018736051705967299,0.4688592029017561,0.13513513513513514,0.8648648648648649,0.0008256265858619283,0.5446985446985447,91,-0.004704289617000873,0.4701979571544789,0.0008256265858619283,0.5446985446985447
482,2009-01-20,source_state,2,0.0023417077600714703,0.5786785828279604,0.5,0.5,0.000710547851724387,0.5435684647302904,2,0.0030057989727499835,0.5786785828279604,0.000710547851724387,0.5435684647302904
483,2009-02-23,source_state,3,0.005081206797571099,0.595123073383943,0.5714285714285714,0.42857142857142855,0.0007913513138304571,0.5445134575569358,3,0.004438099127074129,0.595123073383943,0.0007913513138304571,0.5445134575569358
484,2009-03-02,source_state,4,-0.00015417746586549562,0.5729043683589138,0.5,0.5,0.0005921175670244083,0.5433884297520661,4,0.0006931887274056874,0.5729043683589138,0.0005921175670244083,0.5433884297520661
485,2009-03-03,source_state,36,0.005356535012754042,0.5343986254295532,0.2,0.8,0.0006526901018701717,0.5443298969072164,36,0.0008830093315539652,0.5343986254295532,0.0006526901018701717,0.5443298969072164
486,2009-03-05,source_key,23,0.003972881203439287,0.555030207512477,0.18518518518518517,0.8148148148148148,0.0006774504369337344,0.5452674897119342,37,0.001086246243893853,0.5424003238210888,0.0006774504369337344,0.5452674897119342
487,2009-03-06,source_key,24,0.005069515260573277,0.5647672826830937,0.21428571428571427,0.7857142857142857,0.00088968012964261,0.5462012320328542,38,0.002828836198204746,0.5501424123998145,0.00088968012964261,0.5462012320328542
488,2009-03-09,source_state,92,0.00011848242472405415,0.466647823629169,0.14583333333333334,0.8541666666666666,0.0011210263800282936,0.5471311475409836,92,-0.0050736727083063845,0.466647823629169,0.0011210263800282936,0.5471311475409836
489,2010-04-27,global,489,-0.0009636154927598079,0.5480572597137015,0.06693711967545639,0.3894523326572008,0.0012890319770961832,0.5480572597137015,489,0.0012890319770961832,0.5480572597137015,0.0012890319770961832,0.5480572597137015
490,2010-05-05,source_state,25,0.007858420703238127,0.5944189920866306,0.3103448275862069,0.6896551724137931,0.0012426378903360807,0.5469387755102041,25,0.004515268670011397,0.5944189920866306,0.0012426378903360807,0.5469387755102041
491,2010-05-06,source_key,22,0.008297961122168667,0.6119277428495529,0.34615384615384615,0.6538461538461539,0.00129510739746644,0.5478615071283096,26,0.00499025197786059,0.6029735234215886,0.00129510739746644,0.5478615071283096
492,2010-05-07,source_state,1,0.004689790956337928,0.566829268292683,0.6,0.4,0.0013405197127659431,0.5487804878048781,1,0.0034325465523266374,0.566829268292683,0.0013405197127659431,0.5487804878048781
493,2010-05-10,source_state,27,0.007748332043087881,0.6106669848466769,0.2903225806451613,0.7096774193548387,0.0012992090698778968,0.5476673427991886,27,0.00535782363834758,0.6106669848466769,0.0012992090698778968,0.5476673427991886
494,2010-05-11,source_key,23,0.008003082214237026,0.6195193384443105,0.3333333333333333,0.6666666666666666,0.001236635222404659,0.5465587044534413,28,0.004656441569893601,0.5984117097477422,0.001236635222404659,0.5465587044534413
495,2010-05-12,source_key,24,0.007651231182816564,0.6060606060606061,0.32142857142857145,0.6785714285714286,0.0011362656700176562,0.5454545454545454,29,0.0036090528144908977,0.5866209262435678,0.0011362656700176562,0.5454545454545454
496,2010-05-13,source_key,25,0.006090019662524648,0.5931533903884134,0.3103448275862069,0.6896551724137931,0.0009870979038034276,0.5443548387096774,30,0.0021268301186414132,0.575268817204301,0.0009870979038034276,0.5443548387096774
497,2010-05-14,source_key,26,0.0046653078012800185,0.5807645875251509,0.3,0.7,0.0009006645632899503,0.5432595573440644,31,0.0012873482527803318,0.5643314432046826,0.0009006645632899503,0.5432595573440644
498,2010-05-17,source_key,27,0.0032908183573727642,0.5688636900543349,0.2903225806451613,0.7096774193548387,0.0007888941784777362,0.5421686746987951,32,0.00023858352846843454,0.5537865748709122,0.0007888941784777362,0.5421686746987951
499,2010-05-18,source_key,28,0.002029285272882213,0.5574225373824573,0.28125,0.71875,0.0007056557211132183,0.5410821643286573,33,-0.0005155112531391716,0.5436135428752241,0.0007056557211132183,0.5410821643286573
500,2010-05-19,source_state,2,0.004180898965881344,0.536923076923077,0.5,0.5,0.0006221034622710557,0.54,2,0.0019056171755864495,0.536923076923077,0.0006221034622710557,0.54
501,2010-05-20,source_state,3,-0.0013465411007730042,0.5548902195608783,0.42857142857142855,0.5714285714285714,0.0006806260820129641,0.5409181636726547,3,0.002996019458963726,0.5548902195608783,0.0006806260820129641,0.5409181636726547
502,2010-05-21,source_state,5,0.002347398650596813,0.5863442780601731,0.4444444444444444,0.5555555555555556,0.0006840171801939176,0.5418326693227091,5,0.001778781794849902,0.5863442780601731,0.0006840171801939176,0.5418326693227091
503,2010-05-24,source_state,4,-0.0005019136754315871,0.5706475433115592,0.375,0.625,0.0006793352204947168,0.5407554671968191,4,0.00297301793158694,0.5706475433115592,0.0006793352204947168,0.5407554671968191
504,2010-05-25,source_state,6,-0.0010123545643925917,0.5666666666666667,0.4,0.6,0.0007241767258921104,0.5416666666666666,6,0.0016959164199633226,0.5666666666666667,0.0007241767258921104,0.5416666666666666
505,2010-05-26,source_state,5,-0.0039628135507093695,0.5869580061454421,0.3333333333333333,0.6666666666666666,0.0007881520159761487,0.5425742574257426,5,0.0037632951419575835,0.5869580061454421,0.0007881520159761487,0.5425742574257426
506,2010-05-27,source_state,34,0.0017184504038767635,0.53441461087638,0.23684210526315788,0.7631578947368421,0.0007162932706508726,0.541501976284585,34,-0.0012103329989654682,0.53441461087638,0.0007162932706508726,0.541501976284585
507,2010-05-28,source_state,6,-0.003243335883209384,0.565680473372781,0.3,0.7,0.0006449080571063179,0.5404339250493096,6,0.002337511032842679,0.565680473372781,0.0006449080571063179,0.5404339250493096
508,2010-06-01,source_state,7,-0.0059185225379462456,0.5466090932181865,0.2727272727272727,0.7272727272727273,0.0006269798625935064,0.5393700787401575,7,0.001975239985857129,0.5466090932181865,0.0006269798625935064,0.5393700787401575
509,2010-06-02,source_state,35,0.0008541283571103508,0.5240584729113249,0.23076923076923078,0.7692307692307693,0.0005495346921285565,0.5383104125736738,35,-0.0018589411834062887,0.5240584729113249,0.0005495346921285565,0.5383104125736738
510,2010-06-03,source_key,29,0.0014486780275380943,0.5451720310765816,0.2727272727272727,0.7272727272727273,0.000520827725670329,0.5372549019607843,36,-0.0020742919202922636,0.5149019607843137,0.000520827725670329,0.5372549019607843
511,2010-06-04,source_state,8,-0.00810557240238994,0.5286203522504893,0.25,0.75,0.0005722036057876916,0.538160469667319,8,0.0006601624216926661,0.5286203522504893,0.0005722036057876916,0.538160469667319
512,2010-06-07,source_state,7,-0.00025735262331679984,0.5786290322580645,0.36363636363636365,0.6363636363636364,0.0006455159603779446,0.5390625,7,0.0026458494337061648,0.5786290322580645,0.0006455159603779446,0.5390625
513,2010-06-08,source_state,8,0.0002932097803194471,0.5924707602339181,0.3333333333333333,0.6666666666666666,0.0007426188458948841,0.5399610136452242,8,0.0042128468102457985,0.5924707602339181,0.0007426188458948841,0.5399610136452242
514,2010-06-09,source_state,9,0.0008230688147343544,0.6054710529418701,0.3076923076923077,0.6923076923076923,0.0008495947922978739,0.5408560311284046,9,0.005851720482986934,0.6054710529418701,0.0008495947922978739,0.5408560311284046
515,2010-06-10,source_state,39,0.007900520976373733,0.5555863769456002,0.23255813953488372,0.7674418604651163,0.0009011372676845254,0.541747572815534,39,0.004594435966977082,0.5555863769456002,0.0009011372676845254,0.541747572815534
516,2010-06-11,source_state,37,0.0009078115875031127,0.5249714067861226,0.21951219512195122,0.7804878048780488,0.0009450061992681925,0.5426356589147286,37,-0.0014344808095990902,0.5249714067861226,0.0009450061992681925,0.5426356589147286
517,2010-06-22,source_key,30,0.0022192158018497776,0.5563793968049288,0.2647058823529412,0.7352941176470589,0.0009860998390642836,0.5435203094777563,38,-0.0010375268396224369,0.5329756036688089,0.0009860998390642836,0.5435203094777563
518,2010-06-23,source_state,40,0.0076129517324598555,0.562801640926641,0.22727272727272727,0.7727272727272727,0.0008779775486923455,0.5424710424710425,40,0.0048817365410718854,0.562801640926641,0.0008779775486923455,0.5424710424710425
519,2010-06-24,source_key,25,0.006472524469378706,0.5713106051669223,0.2413793103448276,0.7586206896551724,0.0007927002453390362,0.5414258188824663,41,0.004107746776253015,0.553757225433526,0.0007927002453390362,0.5414258188824663
520,2010-06-25,source_key,26,0.005105684318095084,0.5593846153846154,0.23333333333333334,0.7666666666666667,0.0006900929872245915,0.5403846153846154,42,0.0032117862467807142,0.544988344988345,0.0006900929872245915,0.5403846153846154
521,2010-06-28,source_key,27,0.0048793094476162376,0.5479281923901999,0.22580645161290322,0.7741935483870968,0.00060558779462098,0.5393474088291746,43,0.0024867560493400526,0.5364826539089581,0.00060558779462098,0.5393474088291746
522,2010-06-29,source_state,93,0.0005527214661445864,0.4697907456528146,0.15463917525773196,0.845360824742268,0.0006393554415014695,0.5402298850574713,93,-0.004417353618307333,0.4697907456528146,0.0006393554415014695,0.5402298850574713
523,2010-06-30,source_key,71,0.0006430585202760021,0.4630170071450136,0.13333333333333333,0.8666666666666667,0.0007111171988564346,0.5411089866156787,94,-0.0040418418358244956,0.4744628447353923,0.0007111171988564346,0.5411089866156787
524,2010-07-01,source_state,55,-0.019040464453312905,0.5190839694656488,0.03389830508474576,0.9661016949152542,0.0008063307007144969,0.5419847328244275,55,-0.00637284921143131,0.5190839694656488,0.0008063307007144969,0.5419847328244275
525,2010-07-02,source_state,44,0.00680407132257047,0.5445378151260504,0.20833333333333334,0.7916666666666666,0.0009134515761544642,0.5428571428571428,44,0.002826965963659171,0.5445378151260504,0.0009134515761544642,0.5428571428571428
526,2010-07-06,source_key,28,0.005796197025143302,0.558642878034513,0.21875,0.78125,0.0010372011500672676,0.5437262357414449,45,0.003785643518217682,0.5514410095332561,0.0010372011500672676,0.5437262357414449
527,2010-07-16,source_state,95,0.0014961021183334602,0.4795815859550651,0.15151515151515152,0.8484848484848485,0.0010985377878220059,0.5445920303605313,95,-0.003504506305207022,0.4795815859550651,0.0010985377878220059,0.5445920303605313
528,2011-03-15,source_state,39,0.0018087979184833137,0.5252525252525253,0.23255813953488372,0.7674418604651163,0.0011718337093674241,0.5454545454545454,39,-0.0018236555197288149,0.5252525252525253,0.0011718337093674241,0.5454545454545454
529,2011-03-16,source_key,31,0.0025902147850308073,0.5474823852895686,0.2571428571428571,0.7428571428571429,0.0012301929658489422,0.5463137996219282,40,-0.0012725905499885693,0.532992674858223,0.0012301929658489422,0.5463137996219282
530,2011-03-17,source_key,32,0.0032751654563672418,0.5559299191374663,0.2777777777777778,0.7222222222222222,0.0012812757240191906,0.5471698113207547,41,-0.0007987039108784891,0.5404934687953556,0.0012812757240191906,0.5471698113207547
531,2011-03-18,source_key,33,0.003920395466561877,0.5640796907523045,0.2972972972972973,0.7027027027027027,0.0013310447105160245,0.5480225988700564,42,-0.00034867713602030037,0.5477657935285054,0.0013310447105160245,0.5480225988700564
532,2011-06-13,source_state,1,0.005253913562327689,0.5269172932330828,0.6,0.4,0.0013465083373228465,0.5488721804511278,1,0.0004348851824157718,0.5269172932330828,0.0013465083373228465,0.5488721804511278
533,2011-06-15,source_state,43,0.0038658167311706737,0.5551230713225617,0.2978723404255319,0.7021276595744681,0.001355178934015398,0.549718574108818,43,-0.00019217575285984513,0.5551230713225617,0.001355178934015398,0.549718574108818
534,2011-06-16,source_key,34,0.004299451254239122,0.5726462611390934,0.3157894736842105,0.6842105263157895,0.0013767092776407368,0.550561797752809,44,7.254929931540414e-06,0.5619629874421679,0.0013767092776407368,0.550561797752809
535,2011-06-17,source_key,35,0.004648560147592822,0.5625217804530335,0.3333333333333333,0.6666666666666666,0.0013706048106697237,0.5495327102803739,45,-2.2352935127693317e-05,0.5534606528511445,0.0013706048106697237,0.5495327102803739
536,2011-06-24,source_key,36,0.004666880033398862,0.5701492537313432,0.325,0.675,0.0013715540722601133,0.5503731343283582,46,5.140553963956557e-06,0.5601279317697228,0.0013715540722601133,0.5503731343283582
537,2011-06-27,source_key,37,0.006757689553014967,0.5775254144152395,0.34146341463414637,0.6585365853658537,0.0014544390967157921,0.5512104283054003,47,0.0006792942474559564,0.5666063419623889,0.0014544390967157921,0.5512104283054003
538,2011-07-12,source_state,46,0.008070298197571199,0.5607010090281465,0.22,0.78,0.0015142618122227244,0.5520446096654275,46,0.0043717209699366474,0.5607010090281465,0.0015142618122227244,0.5520446096654275
539,2011-07-13,source_state,48,0.006452875427973166,0.5731807874665018,0.34615384615384615,0.6538461538461539,0.0015228508981008078,0.5528756957328386,48,0.0011598727061397037,0.5731807874665018,0.0015228508981008078,0.5528756957328386
540,2011-07-14,source_key,38,0.007135470359890277,0.585304659498208,0.35714285714285715,0.6428571428571429,0.0015703832647653633,0.5537037037037037,49,0.0015320813772461484,0.5792998477929985,0.0015703832647653633,0.5537037037037037
541,2011-07-18,source_key,39,0.007530380422528159,0.5922013907226478,0.37209302325581395,0.627906976744186,0.001608044953211429,0.5545286506469501,50,0.0018201510510238003,0.5852525353449568,0.001608044953211429,0.5545286506469501
542,2011-07-27,source_state,47,0.008209765986449206,0.5680058209032794,0.23529411764705882,0.7647058823529411,0.0016134197358288942,0.5553505535055351,47,0.0044301977065158175,0.5680058209032794,0.0016134197358288942,0.5553505535055351
543,2011-07-28,source_key,29,0.0068853989969049215,0.5717710830814136,0.24242424242424243,0.7575757575757576,0.0014695906074014644,0.5543278084714549,48,0.0032584214038902676,0.5597759361571516,0.0014695906074014644,0.5543278084714549
544,2011-07-29,source_state,96,0.0014051220938615305,0.48566176470588235,0.16,0.84,0.0013354135868077505,0.5533088235294118,96,-0.00309627038983479,0.48566176470588235,0.0013354135868077505,0.5533088235294118
545,2011-08-01,source_key,72,0.0010384390034711881,0.47140672782874615,0.13157894736842105,0.868421052631579,0.0010975855655596485,0.5522935779816514,97,-0.004178026258541629,0.48144666009553416,0.0010975855655596485,0.5522935779816514
546,2011-08-02,source_key,73,0.000489859330250632,0.4662965900079302,0.12987012987012986,0.8701298701298701,0.0009786707849141639,0.5512820512820513,98,-0.004690368989228718,0.47730138713745274,0.0009786707849141639,0.5512820512820513
547,2011-08-03,source_key,74,-0.00017425716902338614,0.4612916464574861,0.1282051282051282,0.8717948717948718,0.0007757661811419863,0.5502742230347349,99,-0.005586218493129292,0.4732242386409239,0.0007757661811419863,0.5502742230347349
548,2011-08-04,source_state,56,-0.01985643832509513,0.5272810218978102,0.03333333333333333,0.9666666666666667,0.0007298910321074423,0.5492700729927007,56,-0.005603060618036819,0.5272810218978102,0.0007298910321074423,0.5492700729927007
549,2011-08-05,source_key,44,-0.020689586496929244,0.5317422050787528,0.041666666666666664,0.9583333333333334,0.0006988301013311249,0.5482695810564663,57,-0.005744603354884793,0.5204749375969777,0.0006988301013311249,0.5482695810564663
550,2011-08-08,source_key,45,-0.02006099054366694,0.5388142292490119,0.04081632653061224,0.9591836734693877,0.0008329596454841427,0.5490909090909091,58,-0.004727118089030545,0.5265631929046564,0.0008329596454841427,0.5490909090909091
551,2011-08-09,source_key,46,-0.019908472548520344,0.5456831734508686,0.04,0.96,0.0008640442663460485,0.5499092558983666,59,-0.00444478393565572,0.5325038812236241,0.0008640442663460485,0.5499092558983666
552,2011-08-10,source_key,47,-0.01933843096797234,0.552357624004899,0.0392156862745098,0.9607843137254902,0.0009815417454079518,0.5507246376811594,60,-0.003575886600635982,0.5383022774327122,0.0009815417454079518,0.5507246376811594
553,2011-08-11,source_key,48,-0.019527508819950617,0.5443540285312438,0.038461538461538464,0.9615384615384616,0.0009363040711800668,0.5497287522603979,61,-0.0038293537733824013,0.5316881182852888,0.0009363040711800668,0.5497287522603979
554,2011-08-12,source_key,49,-0.01989686897274499,0.5365708916472974,0.03773584905660377,0.9622641509433962,0.0008508706752529829,0.5487364620938628,62,-0.004348131040839286,0.5252287801192176,0.0008508706752529829,0.5487364620938628
555,2011-08-15,source_key,50,-0.020416759742996313,0.5289992695398101,0.037037037037037035,0.9629629629629629,0.0007314779516657076,0.5477477477477477,63,-0.00508295156085009,0.518918918918919,0.0007314779516657076,0.5477477477477477
556,2011-08-16,source_key,51,-0.02059626985423155,0.5216306954436452,0.03636363636363636,0.9636363636363636,0.0006827881234557825,0.5467625899280576,64,-0.005337788729591463,0.512753433616743,0.0006827881234557825,0.5467625899280576
557,2011-08-17,source_key,52,-0.020658141749769227,0.514457148256638,0.03571428571428571,0.9642857142857143,0.0006577083885129868,0.5457809694793537,65,-0.0054338645627231156,0.5067274524438706,0.0006577083885129868,0.5457809694793537
558,2011-08-18,source_key,53,-0.020473211763474775,0.5210166177908113,0.03508771929824561,0.9649122807017544,0.0006842303725230591,0.546594982078853,66,-0.005194671588888692,0.5124253285543608,0.0006842303725230591,0.546594982078853
559,2011-08-19,source_key,54,-0.020019301940476845,0.5274069996789138,0.034482758620689655,0.9655172413793104,0.0007676564829756068,0.5474060822898033,67,-0.004595591101468394,0.5179972085159921,0.0007676564829756068,0.5474060822898033
560,2011-08-22,source_key,55,-0.01932244174795796,0.5336347197106691,0.03389830508474576,0.9661016949152542,0.0009029900396414554,0.5482142857142858,68,-0.0036782210506281833,0.5234472049689441,0.0009029900396414554,0.5482142857142858
561,2011-08-23,source_key,56,-0.01884523098031348,0.5397058823529413,0.03333333333333333,0.9666666666666667,0.0009815968563401877,0.5490196078431373,69,-0.003134498482251537,0.5287792536369387,0.0009815968563401877,0.5490196078431373
562,2011-08-24,source_key,57,-0.01839360452384687,0.5456262905847722,0.03278688524590164,0.9672131147540983,0.0010422366744563484,0.5498220640569395,70,-0.002712679027414708,0.533997122737942,0.0010422366744563484,0.5498220640569395
563,2011-08-25,source_key,58,-0.017942311550077163,0.5514014642810726,0.03225806451612903,0.967741935483871,0.0011115680314207708,0.5506216696269982,71,-0.0022447587933095824,0.5391044218005048,0.0011115680314207708,0.5506216696269982
564,2011-08-26,source_key,59,-0.017575439070235847,0.5444757754421943,0.031746031746031744,0.9682539682539683,0.0011077932297572206,0.549645390070922,72,-0.0022329177157412203,0.5332446808510638,0.0011077932297572206,0.549645390070922
565,2011-08-29,source_state,100,0.0010569809319139287,0.4690979160719383,0.15384615384615385,0.8461538461538461,0.0010421003196499467,0.5486725663716814,100,-0.005686102184036289,0.4690979160719383,0.0010421003196499467,0.5486725663716814
566,2011-08-30,source_key,75,0.0008475543482638946,0.4560088517685691,0.12658227848101267,0.8734177215189873,0.001020076912787515,0.5477031802120141,101,-0.005736227044397476,0.46515901060070675,0.001020076912787515,0.5477031802120141
567,2011-08-31,source_key,76,0.0007782615833587282,0.4512169312169312,0.125,0.875,0.000972389976884808,0.54673721340388,102,-0.005906280021868229,0.4612832787435962,0.000972389976884808,0.54673721340388
568,2011-09-01,source_key,77,0.0006445477007172868,0.4465207084088691,0.12345679012345678,0.8765432098765432,0.0008976006855932457,0.545774647887324,103,-0.00620074136396155,0.45746922479760455,0.0008976006855932457,0.545774647887324
569,2011-09-02,source_key,78,0.0006375591134929609,0.4419173644853372,0.12195121951219512,0.8780487804878049,0.0008784267261763879,0.5448154657293497,104,-0.006234114925560316,0.4537153998242531,0.0008784267261763879,0.5448154657293497
570,2011-09-06,source_key,79,0.0006960383799383182,0.44752171691364334,0.12048192771084337,0.8795180722891566,0.0008881326991651368,0.5456140350877193,105,-0.006134286323955249,0.4580987352101183,0.0008881326991651368,0.5456140350877193
571,2011-09-07,source_key,80,0.0006961504872622475,0.4429981139700929,0.11904761904761904,0.8809523809523809,0.0008731824440986928,0.5446584938704028,106,-0.0061486938835045865,0.45439849117607434,0.0008731824440986928,0.5446584938704028
572,2011-09-08,source_key,81,0.0008076535282663215,0.4484848484848485,0.11764705882352941,0.8823529411764706,0.0009067558801701354,0.5454545454545454,107,-0.005942345454297082,0.4587092297015961,0.0009067558801701354,0.5454545454545454
573,2011-09-09,source_key,82,0.0010544159574927573,0.453867430603576,0.11627906976744186,0.8837209302325582,0.0009989470750127608,0.5462478184991274,108,-0.005473502691755305,0.46295414881802316,0.0009989470750127608,0.5462478184991274
574,2011-09-12,source_key,83,0.0012300150392063475,0.4591487837441792,0.11494252873563218,0.8850574712643678,0.0010608545763373424,0.5470383275261324,109,-0.005146486634921712,0.4671347357941893,0.0010608545763373424,0.5470383275261324
575,2011-09-13,source_key,84,0.0013612812400154517,0.4643317230273752,0.11363636363636363,0.8863636363636364,0.0011040861237860498,0.5478260869565217,110,-0.004906911723481154,0.47125243348475016,0.0011040861237860498,0.5478260869565217
576,2011-09-14,source_key,85,0.0013140440032247064,0.4598623853211009,0.11235955056179775,0.8876404494382022,0.0010710949487752433,0.546875,111,-0.005009013257993872,0.4675925925925926,0.0010710949487752433,0.546875
577,2011-09-15,source_key,86,0.0010725481343877652,0.4554750275720813,0.1111111111111111,0.8888888888888888,0.0009552574410937108,0.5459272097053726,112,-0.005476206154389695,0.4639871546538893,0.0009552574410937108,0.5459272097053726
578,2011-09-19,source_key,87,0.000831128995492661,0.4511674304061847,0.10989010989010989,0.8901098901098901,0.0008399921546841033,0.5449826989619377,113,-0.005935755342879478,0.4604349253655949,0.0008399921546841033,0.5449826989619377
579,2011-09-20,source_key,88,0.0007659460192266498,0.4469374537379719,0.10869565217391304,0.8913043478260869,0.000800742364500241,0.5440414507772021,114,-0.006058160241309227,0.4569347450627018,0.000800742364500241,0.5440414507772021
580,2011-09-21,source_key,89,0.0007368220008854695,0.44278303326213,0.10752688172043011,0.8924731182795699,0.0007773350164686599,0.5431034482758621,115,-0.006110528123361498,0.4534854874720913,0.0007773350164686599,0.5431034482758621
581,2011-09-22,source_key,90,0.0008719751392881926,0.44783645861642063,0.10638297872340426,0.8936170212765957,0.0008246458548411221,0.5438898450946644,116,-0.005856878692253141,0.4575239734447996,0.0008246458548411221,0.5438898450946644
582,2011-09-23,source_key,91,0.0008788021497789225,0.4437471985656656,0.10526315789473684,0.8947368421052632,0.0008173270139655984,0.5429553264604811,117,-0.005840947437100469,0.45412005556774143,0.0008173270139655984,0.5429553264604811
583,2011-09-26,source_key,92,0.0006811965448753629,0.43972910628733664,0.10416666666666667,0.8958333333333334,0.0007228132192727127,0.5420240137221269,118,-0.0061980713732097325,0.4507646220375426,0.0007228132192727127,0.5420240137221269
584,2011-09-27,source_key,93,0.0003313797381012786,0.43578035358857276,0.10309278350515463,0.8969072164948454,0.0006458218839383361,0.541095890410959,119,-0.006477021354264409,0.447456652936105,0.0006458218839383361,0.541095890410959
585,2011-09-28,source_key,94,0.0003295102250323633,0.4318991742720556,0.10204081632653061,0.8979591836734694,0.0006340289920996976,0.5401709401709401,120,-0.006477431270177799,0.4441951566951567,0.0006340289920996976,0.5401709401709401
586,2011-09-29,source_key,95,0.00036667771996955634,0.4368313878452405,0.10101010101010101,0.898989898989899,0.0006394173362312119,0.5409556313993175,121,-0.006405718510298478,0.4481581734729904,0.0006394173362312119,0.5409556313993175
587,2011-09-30,source_key,96,0.0004773937042824054,0.4416808631459398,0.1,0.9,0.0006768713804741476,0.5417376490630323,122,-0.006200721545374072,0.4520664628596765,0.0006768713804741476,0.5417376490630323
588,2011-10-03,source_state,73,-0.017141100548255968,0.5259835893120134,0.025974025974025976,0.974025974025974,0.0008250112990146998,0.5425170068027211,73,-0.0026510883302044335,0.5259835893120134,0.0008250112990146998,0.5425170068027211
589,2011-10-04,source_state,123,0.0009993744057613125,0.45604795398634834,0.12598425196850394,0.8740157480314961,0.0009348421801783045,0.5432937181663837,123,-0.0055192578431931694,0.45604795398634834,0.0009348421801783045,0.5432937181663837
590,2011-10-05,source_key,97,0.0011215763157188885,0.44675724891441376,0.09900990099009901,0.900990099009901,0.0010270242917283022,0.5440677966101695,124,-0.005093217866739994,0.4598488318827302,0.0010270242917283022,0.5440677966101695
591,2011-10-06,source_key,98,0.0012748187317794596,0.45144378796704665,0.09803921568627451,0.9019607843137255,0.0010836778572073942,0.544839255499154,125,-0.0048183038739338865,0.4635982693421456,0.0010836778572073942,0.544839255499154
592,2011-10-07,source_key,99,0.0015236389910552777,0.4560536145902,0.0970873786407767,0.9029126213592233,0.001181992478156734,0.5456081081081081,126,-0.004375211952360989,0.4672972972972973,0.001181992478156734,0.5456081081081081
593,2011-10-17,source_key,100,0.0017123345964904684,0.46058858728172763,0.10576923076923077,0.8942307692307693,0.0011891657748746484,0.5463743676222597,127,-0.004309098518549923,0.47094691935718036,0.0011891657748746484,0.5463743676222597
594,2011-10-19,source_key,101,0.0018877055921349608,0.4650505050505051,0.11428571428571428,0.8857142857142857,0.0011936187442735749,0.5471380471380471,128,-0.004254820891037021,0.47454811270600744,0.0011936187442735749,0.5471380471380471
595,2011-10-20,source_key,102,0.0021769975145093014,0.46944110977724424,0.12264150943396226,0.8773584905660378,0.0012878992905387577,0.5478991596638656,129,-0.00383777450036082,0.47810182896688086,0.0012878992905387577,0.5478991596638656
596,2011-11-01,source_key,103,0.0024216712645624703,0.4737620884637742,0.1308411214953271,0.8691588785046729,0.0013484027184895086,0.5486577181208053,130,-0.003560905674903904,0.4816089950318138,0.0013484027184895086,0.5486577181208053
597,2011-11-02,global,597,-0.00044529326416819365,0.5477386934673367,0.09151414309484193,0.46256239600665555,0.0013349317917555014,0.5477386934673367,597,0.0013349317917555014,0.5477386934673367,0.0013349317917555014,0.5477386934673367
598,2011-11-09,source_state,131,0.0023067589643589485,0.47821771496385806,0.15555555555555556,0.8444444444444444,0.0013071353928651574,0.5468227424749164,131,-0.003587507292205796,0.47821771496385806,0.0013071353928651574,0.5468227424749164
599,2011-11-10,source_state,1,0.008723137302132596,0.5240734557595994,0.4,0.6,0.0012752754798761596,0.5459098497495827,1,0.0006127718708943025,0.5240734557595994,0.0012752754798761596,0.5459098497495827
600,2011-11-17,source_state,132,0.002197754320184599,0.4748717948717949,0.16176470588235295,0.8382352941176471,0.001211567974751897,0.545,132,-0.00369316795393693,0.4748717948717949,0.001211567974751897,0.545
601,2011-11-18,source_key,104,0.002127819091301055,0.4692049708818635,0.1388888888888889,0.8611111111111112,0.0011785875131456033,0.5440931780366056,133,-0.003793219244225113,0.47170851129221997,0.0011785875131456033,0.5440931780366056
602,2011-11-21,source_key,105,0.002147560061945661,0.4734605578304875,0.13761467889908258,0.8623853211009175,0.0011820437478129691,0.5448504983388704,134,-0.0037480584235976343,0.4751671643046385,0.0011820437478129691,0.5448504983388704
603,2011-11-22,source_key,106,0.0023327985579657392,0.47765021048603135,0.13636363636363635,0.8636363636363636,0.001260783356289321,0.5456053067993366,135,-0.0034065500167669216,0.4785819331017867,0.001260783356289321,0.5456053067993366
604,2011-11-23,source_key,107,0.002650720515431906,0.48177544107982406,0.14414414414414414,0.8558558558558559,0.0013781524401592492,0.5463576158940397,136,-0.002916705528995852,0.48195364238410593,0.0013781524401592492,0.5463576158940397
605,2011-11-25,source_key,108,0.002977245499882759,0.4858377160030053,0.15178571428571427,0.8482142857142857,0.0014969214950593297,0.547107438016529,137,-0.0024260186128386733,0.48528309635029004,0.0014969214950593297,0.547107438016529
606,2011-11-28,source_key,109,0.0032573700159605366,0.4898384575299635,0.1592920353982301,0.8407079646017699,0.0015841895662400119,0.5478547854785478,138,-0.0020624271007909714,0.4885710793301552,0.0015841895662400119,0.5478547854785478
607,2012-11-08,source_state,2,0.012151021676729663,0.5448612343175769,0.5,0.5,0.0016667992402549616,0.5485996705107083,2,0.000943347984816076,0.5448612343175769,0.0016667992402549616,0.5485996705107083
608,2012-11-09,source_state,51,0.008022990563879059,0.5885964912280701,0.38181818181818183,0.6181818181818182,0.0016427477957047427,0.5476973684210527,51,0.0018672696416997113,0.5885964912280701,0.0016427477957047427,0.5476973684210527
609,2012-11-14,source_state,3,0.013793965918185668,0.524539317642766,0.5714285714285714,0.42857142857142855,0.0016502640107795637,0.548440065681445,3,0.0004138415945011373,0.524539317642766,0.0016502640107795637,0.548440065681445
610,2012-11-15,source_state,4,0.015420772075379553,0.5421545667447307,0.625,0.375,0.0017158136564691799,0.5491803278688525,4,0.0019422308010545325,0.5421545667447307,0.0017158136564691799,0.5491803278688525
611,2012-12-28,source_state,52,0.008367677890055117,0.5947110000861401,0.39285714285714285,0.6071428571428571,0.0017691734267592874,0.5499181669394435,52,0.001964467908540237,0.5947110000861401,0.0017691734267592874,0.5499181669394435
612,2013-02-25,source_key,40,0.008086334489698529,0.5971200980392157,0.38636363636363635,0.6136363636363636,0.0018023101510735826,0.5506535947712419,53,0.0022356323524637548,0.6002037178507768,0.0018023101510735826,0.5506535947712419
613,2013-04-15,source_key,41,0.008539150249366176,0.6035889070146819,0.4,0.6,0.0018458023754188825,0.5513866231647635,54,0.0025852634384453707,0.6055548584096708,0.0018458023754188825,0.5513866231647635
614,2013-04-17,source_key,42,0.008794580283057359,0.6098608232158721,0.41304347826086957,0.5869565217391305,0.0018466249000968357,0.5521172638436482,55,0.0025825458394771136,0.6107698016740197,0.0018466249000968357,0.5521172638436482
615,2013-04-18,source_key,43,0.00916994992544449,0.6159446669093557,0.425531914893617,0.574468085106383,0.001889828239985252,0.5528455284552846,56,0.0029184335050935852,0.6158536585365854,0.001889828239985252,0.5528455284552846
616,2013-06-05,source_key,44,0.009348730251743445,0.6218487394957983,0.4375,0.5625,0.0019155775538615657,0.5535714285714286,57,0.003109186043559415,0.6208112874779541,0.0019155775538615657,0.5535714285714286
617,2013-06-12,source_key,45,0.009272138825245097,0.6275808611091537,0.42857142857142855,0.5714285714285714,0.0019272137228200598,0.5542949756888168,58,0.0031855906266410844,0.6256473099577025,0.0019272137228200598,0.5542949756888168
618,2013-06-14,source_key,46,0.009113151084931725,0.6183079056865465,0.42,0.58,0.0018766979064222236,0.5533980582524272,59,0.002779692662409378,0.6178500409404608,0.0018766979064222236,0.5533980582524272
619,2013-06-20,source_key,47,0.008930187503992295,0.6092971398666636,0.4117647058823529,0.5882352941176471,0.0018093264260742672,0.5525040387722132,60,0.0022532300836031467,0.6102392491730133,0.0018093264260742672,0.5525040387722132
620,2013-06-21,source_key,48,0.008859185495889457,0.6149641577060933,0.40384615384615385,0.5961538461538461,0.0018200969565261849,0.5532258064516129,61,0.0023296102948208684,0.6150284629981025,0.0018200969565261849,0.5532258064516129
621,2013-06-24,source_key,49,0.008836257676986866,0.6204751505525776,0.39622641509433965,0.6037735849056604,0.0018612535226174142,0.5539452495974235,62,0.0026323599668039857,0.6197056510504438,0.0018612535226174142,0.5539452495974235
622,2013-06-25,source_key,50,0.008792003228118739,0.6258364473798558,0.3888888888888889,0.6111111111111112,0.001885027730346299,0.5546623794212219,63,0.0028000269983979266,0.624274679380567,0.001885027730346299,0.5546623794212219
623,2013-06-26,source_key,51,0.008727927355031464,0.6310540395933654,0.38181818181818183,0.6181818181818182,0.0018934280288552317,0.5553772070626003,64,0.0028513905650709714,0.6287392382898,0.0018934280288552317,0.5553772070626003
624,2013-08-21,source_key,52,0.008678658450261074,0.6361336032388664,0.375,0.625,0.001909694524088678,0.5560897435897436,65,0.002959061647936783,0.6331028522039758,0.001909694524088678,0.5560897435897436
625,2013-08-27,source_key,53,0.008573459627753997,0.6275948051948051,0.3684210526315789,0.631578947368421,0.0018884293550504093,0.5552,66,0.0027940565164958457,0.6258311111111111,0.0018884293550504093,0.5552
626,2013-08-28,source_key,54,0.008530077497558176,0.6325878594249201,0.3620689655172414,0.6379310344827587,0.0019053908429541308,0.5559105431309904,67,0.0029052580546933566,0.6301302531334481,0.0019053908429541308,0.5559105431309904
627,2013-08-29,source_key,55,0.008486372873517055,0.6374538186663437,0.3559322033898305,0.6440677966101694,0.0019205188741463239,0.5566188197767146,68,0.0030014371970235555,0.6343353442895777,0.0019205188741463239,0.5566188197767146
628,2013-08-30,source_key,56,0.008478480410394834,0.6421974522292994,0.35,0.65,0.001956187584399709,0.5573248407643312,69,0.003239878925650758,0.6384494212725156,0.001956187584399709,0.5573248407643312
629,2013-09-03,source_key,57,0.008768761514074925,0.6468232938821173,0.36065573770491804,0.639344262295082,0.00199640411674277,0.5580286168521462,70,0.0035055991839355264,0.6424753915367182,0.00199640411674277,0.5580286168521462
630,2013-10-03,source_key,58,0.00902648351026647,0.651335656213705,0.3709677419354839,0.6290322580645161,0.0020281885618023705,0.5587301587301587,71,0.003708523731322746,0.6464160401002507,0.0020281885618023705,0.5587301587301587
631,2013-10-07,source_key,59,0.008971877713489057,0.6557386439577645,0.36507936507936506,0.6349206349206349,0.0020378290104387433,0.5594294770206022,72,0.0037567962176488245,0.6502740359218172,0.0020378290104387433,0.5594294770206022
632,2013-10-08,source_key,60,0.009232959443934964,0.6600361663652803,0.375,0.625,0.0020749550499870005,0.560126582278481,73,0.003990154101529714,0.6540519378833356,0.0020749550499870005,0.560126582278481
633,2013-10-09,source_key,61,0.009255084764878812,0.6642319487036521,0.36923076923076925,0.6307692307692307,0.0021333985883247673,0.5608214849921012,74,0.004362421505982471,0.6577522004062288,0.0021333985883247673,0.5608214849921012
634,2014-01-24,source_key,62,0.009496715084327735,0.6683295429535617,0.3787878787878788,0.6212121212121212,0.0021677948896460728,0.5615141955835962,75,0.00456851992367703,0.6613771787273365,0.0021677948896460728,0.5615141955835962
635,2014-01-27,source_key,63,0.009366728061128034,0.6604036564394968,0.373134328358209,0.6268656716417911,0.0021304096989335705,0.5606299212598426,76,0.0042981442665413335,0.6545511811023621,0.0021304096989335705,0.5606299212598426
636,2014-01-28,source_key,64,0.009240006474055327,0.6526586620926244,0.36764705882352944,0.6323529411764706,0.002094747358647623,0.559748427672956,77,0.004043640512518231,0.647861012516346,0.002094747358647623,0.559748427672956
637,2014-01-29,source_key,65,0.00913502047931434,0.6450884588926322,0.36231884057971014,0.6376811594202898,0.0020721620258681538,0.5588697017268446,78,0.003878171903487841,0.6413026749161203,0.0020721620258681538,0.5588697017268446
638,2014-01-30,source_key,66,0.009037583829404878,0.6376872169975618,0.35714285714285715,0.6428571428571429,0.0020536111290620617,0.5579937304075235,79,0.0037414077912232527,0.63487232553185,0.0020536111290620617,0.5579937304075235
639,2014-01-31,source_key,67,0.008988182893612737,0.641851106639839,0.352112676056338,0.647887323943662,0.0020635718727170177,0.5586854460093896,80,0.0037886787179643535,0.638542795232936,0.0020635718727170177,0.5586854460093896
640,2014-02-03,source_key,68,0.009005721361941606,0.6459239130434782,0.3472222222222222,0.6527777777777778,0.0021127390640599516,0.559375,81,0.0040831730818354115,0.6421428571428571,0.0021127390640599516,0.559375
641,2014-02-04,source_key,69,0.009036307327662084,0.6499085769882408,0.3424657534246575,0.6575342465753424,0.0021680601711524692,0.5600624024960998,82,0.00441164574408776,0.645674506225532,0.0021680601711524692,0.5600624024960998
642,2014-02-05,source_key,70,0.009319699706650714,0.6538079140982302,0.35135135135135137,0.6486486486486487,0.002226038259056817,0.5607476635514018,83,0.004751550612978975,0.6491396628526509,0.002226038259056817,0.5607476635514018
643,2014-02-06,source_key,71,0.009563702631614754,0.6576246214291561,0.36,0.64,0.002271033087642868,0.5614307931570762,84,0.005006050967728736,0.652540176257128,0.002271033087642868,0.5614307931570762
644,2014-03-14,source_key,72,0.009771916493117674,0.6613612836438924,0.3684210526315789,0.631578947368421,0.0023050131447475606,0.562111801242236,85,0.005189203814204411,0.6558778277964556,0.0023050131447475606,0.562111801242236
645,2014-04-07,source_key,73,0.00986476141783591,0.6543274994006234,0.37662337662337664,0.6233766233766234,0.002300759859545113,0.5612403100775194,86,0.00513711619175083,0.6497251585623679,0.002300759859545113,0.5612403100775194
646,2014-04-10,source_key,74,0.009779712600686562,0.647437922537436,0.3717948717948718,0.6282051282051282,0.0022896717901544745,0.5603715170278638,87,0.005044635445589266,0.6436839316096282,0.0022896717901544745,0.5603715170278638
647,2014-04-11,source_key,75,0.01000166351996662,0.651163879911948,0.379746835443038,0.620253164556962,0.0023332211564255413,0.5610510046367851,88,0.005280944919807578,0.6470109295650255,0.0023332211564255413,0.5610510046367851
648,2014-04-14,source_key,76,0.010203777223427512,0.6548148148148148,0.3875,0.6125,0.0023713769714812944,0.5617283950617284,89,0.005481767786657878,0.650278597181252,0.0023713769714812944,0.5617283950617284
649,2014-04-15,source_key,77,0.010358212202449035,0.6583929579398617,0.3950617283950617,0.6049382716049383,0.0023949090936791384,0.5624036979969184,90,0.005593405746517286,0.6534884978239126,0.0023949090936791384,0.5624036979969184
650,2014-07-31,source_state,49,0.007087169060911856,0.5549841938883034,0.22641509433962265,0.7735849056603774,0.002405275652158903,0.563076923076923,49,0.002541644843269851,0.5549841938883034,0.002405275652158903,0.563076923076923
651,2014-08-01,source_key,30,0.005793985322094611,0.5653695169824202,0.23529411764705882,0.7647058823529411,0.0024074859469542815,0.5637480798771122,50,0.0025599634891586274,0.561215593473658,0.0024074859469542815,0.5637480798771122
652,2014-08-04,source_state,139,0.003052084811759428,0.4939214874477775,0.18181818181818182,0.8181818181818182,0.002403081279549749,0.5628834355828221,139,-0.0016118498620576035,0.4939214874477775,0.002403081279549749,0.5628834355828221
653,2014-08-05,source_state,51,0.0070029553074428975,0.5536702399183256,0.21818181818181817,0.7818181818181819,0.0024115240393203985,0.5635528330781011,51,0.002520931402849661,0.5536702399183256,0.0024115240393203985,0.5635528330781011
654,2014-08-06,source_key,31,0.005794419570906809,0.5552960800667223,0.22857142857142856,0.7714285714285715,0.0024298881859124133,0.5642201834862385,52,0.002683319350558305,0.559753742153549,0.0024298881859124133,0.5642201834862385
655,2014-08-07,source_key,32,0.0063360323467583236,0.5635223555070884,0.25,0.75,0.002463980353224216,0.5648854961832062,53,0.0029806589666630853,0.5656785962129474,0.002463980353224216,0.5648854961832062
656,2014-09-25,source_state,140,0.003072744377609713,0.4973973825104105,0.18055555555555555,0.8194444444444444,0.0024797878930756163,0.5655487804878049,140,-0.0015425266181767355,0.4973973825104105,0.0024797878930756163,0.5655487804878049
657,2014-09-26,source_key,110,0.0031456108148128015,0.49666053295168,0.16666666666666666,0.8333333333333334,0.0024653998546038413,0.5646879756468798,141,-0.001577532313255683,0.49425764494257646,0.0024653998546038413,0.5646879756468798
658,2014-09-29,source_key,111,0.0031272791502189616,0.492828999211978,0.16521739130434782,0.8347826086956521,0.0024520359857443325,0.5638297872340425,142,-0.0016080818698480067,0.49115611381697005,0.0024520359857443325,0.5638297872340425
659,2014-09-30,source_key,112,0.003069242846712299,0.48905427117736316,0.16379310344827586,0.8362068965517241,0.002419355229322128,0.5629742033383915,143,-0.0017174282098526361,0.4880921010785712,0.002419355229322128,0.5629742033383915
660,2014-10-01,source_key,113,0.003106418652301787,0.49289980092899804,0.1623931623931624,0.8376068376068376,0.002433542641149853,0.5636363636363636,144,-0.0016350414650351443,0.49123376623376624,0.002433542641149853,0.5636363636363636
661,2014-10-02,source_key,114,0.0030808416081982773,0.4891797671512202,0.16101694915254236,0.8389830508474576,0.0024170962340734144,0.5627836611195158,145,-0.001677628475337958,0.4882059637092804,0.0024170962340734144,0.5627836611195158
662,2014-10-06,source_key,115,0.002987187741011769,0.4855137038405529,0.15966386554621848,0.8403361344537815,0.0023674784026788214,0.5619335347432024,146,-0.0018537644025572479,0.4852141460813933,0.0023674784026788214,0.5619335347432024
663,2014-10-07,source_key,116,0.0028985732688969357,0.48190045248868774,0.15833333333333333,0.8416666666666667,0.002320514847317561,0.5610859728506787,147,-0.0020177569155861966,0.48225768040009526,0.002320514847317561,0.5610859728506787
664,2014-10-08,source_key,117,0.002738555806443022,0.47833888746475267,0.15702479338842976,0.8429752066115702,0.002238823360124809,0.5602409638554217,148,-0.0023193003541077625,0.4793359484449426,0.002238823360124809,0.5602409638554217
665,2014-10-09,source_key,118,0.002635121909596373,0.4748279148575665,0.1557377049180328,0.8442622950819673,0.0021849778736288622,0.5593984962406015,149,-0.0025074010274110845,0.47644834629927424,0.0021849778736288622,0.5593984962406015
666,2014-10-10,source_key,119,0.0026015188134388334,0.47136647136647136,0.15447154471544716,0.8455284552845529,0.0021653852428282225,0.5585585585585585,150,-0.002558128247821439,0.4735942839391115,0.0021653852428282225,0.5585585585585585
667,2014-10-13,source_key,120,0.00264855502153195,0.47514784274529404,0.1532258064516129,0.8467741935483871,0.0021852584566199817,0.5592203898050975,151,-0.002452665937988552,0.4766930820304134,0.0021852584566199817,0.5592203898050975
668,2014-10-14,source_key,121,0.0027521462036160854,0.4788767293000206,0.152,0.848,0.002232791093034866,0.5598802395209581,152,-0.0022394244107515715,0.47975639629831246,0.002232791093034866,0.5598802395209581
669,2014-10-15,source_key,122,0.0028542427863000337,0.4825542109466184,0.15079365079365079,0.8492063492063492,0.00227964543603514,0.5605381165919282,153,-0.002030710991525716,0.48278482936839706,0.00227964543603514,0.5605381165919282
670,2014-10-16,source_key,123,0.0029954821947349563,0.48618133820692455,0.14960629921259844,0.8503937007874016,0.002345633388090043,0.5611940298507463,154,-0.0017492166367298549,0.48577897031695455,0.002345633388090043,0.5611940298507463
671,2014-10-17,source_key,124,0.003123205429172044,0.4897591332017561,0.1484375,0.8515625,0.0024050813669320385,0.5618479880774963,155,-0.0014955228081264637,0.4887393950494967,0.0024050813669320385,0.5618479880774963
672,2014-10-20,source_key,125,0.0032154994692658763,0.49328859060402686,0.14728682170542637,0.8527131782945736,0.0024473256736674497,0.5625,156,-0.0013105081322214393,0.49166666666666664,0.0024473256736674497,0.5625
673,2014-10-21,source_key,126,0.003281676420342318,0.49677067855373946,0.14615384615384616,0.8538461538461538,0.002476917988605711,0.563150074294205,157,-0.0011757916829515111,0.4945613358180161,0.002476917988605711,0.563150074294205
674,2014-10-22,source_key,127,0.0034544118628028683,0.5002063395366203,0.15267175572519084,0.8473282442748091,0.0025149760524903145,0.5637982195845698,158,-0.0010097629012866187,0.497423941044119,0.0025149760524903145,0.5637982195845698
675,2014-12-10,source_key,128,0.003614667078223957,0.5035964912280702,0.1590909090909091,0.8409090909090909,0.002545070555007648,0.5644444444444444,159,-0.0008755509001205385,0.5002550091074681,0.002545070555007648,0.5644444444444444
676,2014-12-11,source_key,129,0.0036479684308629527,0.5069420273040183,0.15789473684210525,0.8421052631578947,0.0025600692786432178,0.5650887573964497,160,-0.0007999002044682166,0.5030550553125803,0.0025600692786432178,0.5650887573964497
677,2014-12-12,source_key,130,0.003825616012612039,0.5102438182201846,0.16417910447761194,0.835820895522388,0.002606065492217731,0.5657311669128509,161,-0.0006074498520420259,0.5058245838157213,0.002606065492217731,0.5657311669128509
678,2014-12-15,source_key,131,0.0040261064939528385,0.5135027119611761,0.17037037037037037,0.8296296296296296,0.00266953351943574,0.5663716814159292,162,-0.00035063226897050914,0.508564087924636,0.00266953351943574,0.5663716814159292
679,2014-12-16,source_key,132,0.004246944648291725,0.5167195347607718,0.17647058823529413,0.8235294117647058,0.0027473588995747507,0.5670103092783505,163,-4.190816187890144e-05,0.5112740503886652,0.0027473588995747507,0.5670103092783505
680,2014-12-17,source_key,133,0.004425233806201691,0.5198950917946796,0.18248175182481752,0.8175182481751825,0.002795256624743347,0.5676470588235294,164,0.0001522900592920856,0.5139549436795995,0.002795256624743347,0.5676470588235294
681,2014-12-31,source_key,134,0.004554678905717473,0.523030167846986,0.18840579710144928,0.8115942028985508,0.0028111103419027287,0.5682819383259912,165,0.00022541089084137322,0.516607230263618,0.0028111103419027287,0.5682819383259912
682,2015-01-02,source_key,135,0.004526806691440994,0.5196148951474576,0.18705035971223022,0.8129496402877698,0.0027985661448102525,0.5674486803519062,166,0.00019240823980860088,0.513782991202346,0.0027985661448102525,0.5674486803519062
683,2015-01-05,source_key,136,0.004528842642727441,0.522712298682284,0.18571428571428572,0.8142857142857143,0.002801218974490058,0.568081991215227,167,0.0002158726821574171,0.5164082083202379,0.002801218974490058,0.568081991215227
684,2015-01-06,source_key,137,0.004550158824080662,0.5257709491119102,0.18439716312056736,0.8156028368794326,0.0028136585575699222,0.5687134502923976,168,0.00027520899003698196,0.5190058479532164,0.0028136585575699222,0.5687134502923976
685,2015-01-07,source_key,138,0.004518163113428163,0.5224024511129134,0.18309859154929578,0.8169014084507042,0.0027990877918813036,0.5678832116788322,169,0.00023483477601782453,0.5162134563745698,0.0027990877918813036,0.5678832116788322
686,2015-01-09,source_key,139,0.004410669383873963,0.5190756407733996,0.18181818181818182,0.8181818181818182,0.002746298830079662,0.5670553935860059,170,5.485585919667978e-05,0.5134501517838358,0.002746298830079662,0.5670553935860059
687,2015-01-12,source_key,140,0.004391065874939012,0.5157897539674087,0.18055555555555555,0.8194444444444444,0.0027380634391417527,0.5662299854439592,171,3.863062849939498e-05,0.5107154853879745,0.0027380634391417527,0.5662299854439592
688,2015-01-13,source_key,141,0.004394047340814004,0.518816067653277,0.1793103448275862,0.8206896551724138,0.0027412764620230886,0.5668604651162791,172,6.407504228589448e-05,0.5132890365448505,0.0027412764620230886,0.5668604651162791
689,2015-01-14,source_key,142,0.004457618835798309,0.521805655131411,0.1780821917808219,0.821917808219178,0.002775161571852975,0.5674891146589259,173,0.00020030491400389568,0.515836237318854,0.002775161571852975,0.5674891146589259
690,2015-01-15,source_key,143,0.004611841011769492,0.5247591772975787,0.1836734693877551,0.8163265306122449,0.0028144676256015096,0.5681159420289855,174,0.00035504925256097877,0.5183574879227053,0.0028144676256015096,0.5681159420289855
691,2015-01-16,source_key,144,0.004740915586092835,0.5276772793053546,0.1891891891891892,0.8108108108108109,0.002837811964946512,0.5687409551374819,175,0.00045128352896659386,0.5208531805190934,0.002837811964946512,0.5687409551374819
692,2015-01-20,source_key,145,0.004833469299234417,0.5305605910319116,0.19463087248322147,0.8053691275167785,0.0028385744593490297,0.569364161849711,176,0.0004659459011075071,0.5233236994219653,0.0028385744593490297,0.569364161849711
693,2015-01-21,source_key,146,0.0047792194195829755,0.5273236567354215,0.19333333333333333,0.8066666666666666,0.002813588210954588,0.5685425685425686,177,0.0003886199730449558,0.5206219982339385,0.002813588210954588,0.5685425685425686
694,2015-01-28,source_key,147,0.004709767277292757,0.5241249136289331,0.19205298013245034,0.8079470198675497,0.0027807988969174653,0.5677233429394812,178,0.0002840766104670106,0.5179473278739978,0.0027807988969174653,0.5677233429394812
695,2015-01-29,source_key,148,0.004753592459662176,0.5269784172661871,0.19078947368421054,0.8092105263157895,0.0028062171658145407,0.5683453237410072,179,0.0003864039879224192,0.5203955062550945,0.0028062171658145407,0.5683453237410072
696,2015-01-30,source_key,149,0.004900665281945278,0.5297986844727925,0.19607843137254902,0.803921568627451,0.002846128251343007,0.5689655172413793,180,0.0005391284720321634,0.5228194726166329,0.002846128251343007,0.5689655172413793
697,2015-02-02,source_key,150,0.005008324856106918,0.5325862893517374,0.2012987012987013,0.7987012987012987,0.0028613001984783,0.569583931133429,181,0.0006037429777095147,0.5252195821814746,0.0028613001984783,0.569583931133429
698,2015-03-10,source_key,151,0.005019940652640971,0.5353417928776095,0.2,0.8,0.0028709788518545467,0.5702005730659025,182,0.00064862426391543,0.527596183269814,0.0028709788518545467,0.5702005730659025
699,2015-03-11,source_state,54,0.007376636417466574,0.5730714207109057,0.2413793103448276,0.7586206896551724,0.002908566006140909,0.5708154506437768,54,0.0032437759307538615,0.5730714207109057,0.002908566006140909,0.5708154506437768
700,2015-06-29,source_state,91,0.010114913322095425,0.6583850931677018,0.4105263157894737,0.5894736842105263,0.0029209664042471307,0.5714285714285714,91,0.005733972197061987,0.6583850931677018,0.0029209664042471307,0.5714285714285714
701,2015-06-30,source_key,78,0.01015168203533294,0.6636737433917933,0.4024390243902439,0.5975609756097561,0.0029076521511314716,0.5706134094151213,92,0.0056265080651510604,0.652540705396232,0.0029076521511314716,0.5706134094151213
702,2015-07-06,source_key,79,0.010050706705249069,0.657040909468094,0.39759036144578314,0.6024096385542169,0.00288566105530218,0.5698005698005698,93,0.005466812411423839,0.6467966980787494,0.00288566105530218,0.5698005698005698
703,2015-07-08,source_key,80,0.010183219631876541,0.6604798117956012,0.40476190476190477,0.5952380952380952,0.002899745531765161,0.5704125177809388,94,0.005531712945597272,0.6499144103961231,0.002899745531765161,0.5704125177809388
704,2015-07-09,source_key,81,0.010399022634239854,0.6638528138528138,0.4117647058823529,0.5882352941176471,0.002946926593148745,0.5710227272727273,95,0.005798232653777243,0.6529793735676088,0.002946926593148745,0.5710227272727273
705,2015-07-27,source_key,82,0.010558319847709816,0.6671617824167001,0.4186046511627907,0.5813953488372093,0.0029769289426515924,0.5716312056737589,96,0.005956736043168474,0.6559929078014185,0.0029769289426515924,0.5716312056737589
706,2015-08-20,source_state,55,0.007437262678460833,0.5789077347868182,0.2542372881355932,0.7457627118644068,0.0029730504041773674,0.5722379603399433,55,0.003368999909267996,0.5789077347868182,0.0029730504041773674,0.5722379603399433
707,2015-08-21,source_state,183,0.0045267865264345215,0.5301846954881824,0.20855614973262032,0.7914438502673797,0.002979212620743885,0.5728429985855729,183,0.0007988338575746145,0.5301846954881824,0.002979212620743885,0.5728429985855729
708,2015-08-24,source_state,74,-0.016701181930107587,0.538395019024559,0.038461538461538464,0.9615384615384616,0.0030358990449112643,0.5734463276836158,74,-0.001414070018611578,0.538395019024559,0.0030358990449112643,0.5734463276836158
709,2015-08-25,source_key,60,-0.017807816103884964,0.5449660823426691,0.03125,0.96875,0.0030655085875410594,0.5740479548660085,75,-0.0011498905861755903,0.5432035446139818,0.0030655085875410594,0.5740479548660085
710,2015-08-26,source_state,184,0.004729593835344694,0.5326516793066088,0.2074468085106383,0.7925531914893617,0.003068071911312673,0.5746478873239437,184,0.0010125213097252144,0.5326516793066088,0.003068071911312673,0.5746478873239437
711,2015-08-27,source_state,56,0.00751754290391206,0.5846518987341772,0.25,0.75,0.0030375003869729687,0.5738396624472574,56,0.0034378441241996413,0.5846518987341772,0.0030375003869729687,0.5738396624472574
712,2015-08-28,source_state,185,0.004567652478607131,0.5299177463577227,0.20634920634920634,0.7936507936507936,0.0029860839657004706,0.5730337078651685,185,0.000908939903511649,0.5299177463577227,0.0029860839657004706,0.5730337078651685
713,2015-08-31,source_key,152,0.005028100203414614,0.5382586382761698,0.20512820512820512,0.7948717948717948,0.002980193212212947,0.5722300140252454,186,0.0008981573260920512,0.5273024777933614,0.002980193212212947,0.5722300140252454
714,2015-09-01,source_state,76,-0.01619180661583761,0.5474789915966387,0.0375,0.9625,0.002998076002111701,0.572829131652661,76,-0.001105720816163013,0.5474789915966387,0.002998076002111701,0.572829131652661
715,2015-09-02,source_state,187,0.00444906294560486,0.5296788519537334,0.20418848167539266,0.7958115183246073,0.0029970321624896014,0.5734265734265734,187,0.000970453452539781,0.5296788519537334,0.0029970321624896014,0.5734265734265734
716,2015-09-03,source_state,57,0.007418214949894391,0.5774881026277674,0.2459016393442623,0.7540983606557377,0.0030013452937791515,0.5740223463687151,57,0.0029702322980280707,0.5774881026277674,0.0030013452937791515,0.5740223463687151
717,2015-09-04,source_state,77,-0.01591795635201561,0.5523841087037573,0.037037037037037035,0.9629629629629629,0.003021926932279815,0.5746164574616457,77,-0.0010668111744550138,0.5523841087037573,0.003021926932279815,0.5746164574616457
718,2015-09-08,source_state,58,0.007410374156642062,0.582987974726544,0.24193548387096775,0.7580645161290323,0.003024984074948594,0.575208913649025,58,0.003157494231549941,0.582987974726544,0.003024984074948594,0.575208913649025
719,2015-09-09,source_key,33,0.006559465601336575,0.5757753214747579,0.2702702702702703,0.7297297297297297,0.0030592619032996484,0.5757997218358831,59,0.0034627462352635817,0.5881830520971228,0.0030592619032996484,0.5757997218358831
720,2015-09-10,source_key,34,0.006549999666033229,0.5833333333333333,0.2631578947368421,0.7368421052631579,0.003082528666481777,0.5763888888888888,60,0.003664019895686678,0.5932539682539681,0.003082528666481777,0.5763888888888888
721,2015-09-11,source_state,188,0.004569980451374629,0.5321422029152383,0.203125,0.796875,0.0030763230868585934,0.5755894590846047,188,0.001003556107719609,0.5321422029152383,0.0030763230868585934,0.5755894590846047
722,2015-09-14,source_key,153,0.005178273972206871,0.5414025697607087,0.20382165605095542,0.7961783439490446,0.003082458517244883,0.5761772853185596,189,0.0010347758168619138,0.5344049523363635,0.003082458517244883,0.5761772853185596
723,2015-09-15,source_state,61,0.007319362045461526,0.5859897485965341,0.23076923076923078,0.7692307692307693,0.0030535108050021185,0.5753803596127247,61,0.0035963476272980635,0.5859897485965341,0.0030535108050021185,0.5753803596127247
724,2015-09-16,source_key,35,0.006365460357529903,0.5727128008240472,0.2564102564102564,0.7435897435897436,0.003010837098701982,0.574585635359116,62,0.0032188735675911045,0.5789541307978928,0.003010837098701982,0.574585635359116
725,2015-09-17,source_key,36,0.006240949225598754,0.5628505747126437,0.25,0.75,0.002966442048855445,0.5737931034482758,63,0.0028342766847871364,0.5720808561236623,0.002966442048855445,0.5737931034482758
726,2015-09-18,source_key,18,0.004839469094356681,0.6131444313262495,0.3181818181818182,0.6818181818181818,0.0029440326942491587,0.5730027548209367,190,0.0009310200551654994,0.5315517108210396,0.0029440326942491587,0.5730027548209367
727,2015-09-21,source_state,64,0.006854192592859365,0.5651494310366387,0.22058823529411764,0.7794117647058824,0.0028808204859955746,0.5722145804676754,64,0.002627550053096994,0.5651494310366387,0.0028808204859955746,0.5722145804676754
728,2015-09-22,source_key,19,0.004666129111592333,0.5980066445182725,0.30434782608695654,0.6956521739130435,0.002835847914743914,0.5714285714285714,191,0.0007145609971682993,0.5289036544850498,0.002835847914743914,0.5714285714285714
729,2015-09-23,source_state,65,0.006687605169613442,0.5583761039441439,0.21739130434782608,0.782608695652174,0.0028179992328412435,0.5706447187928669,65,0.0022455896990069527,0.5583761039441439,0.0028179992328412435,0.5706447187928669
730,2015-09-24,source_key,37,0.005902687250091649,0.5520772512912643,0.24390243902439024,0.7560975609756098,0.002808671032567216,0.5698630136986301,66,0.002173800215976037,0.5519634703196347,0.002808671032567216,0.5698630136986301
731,2015-09-25,source_key,20,0.004614894757769796,0.5838826016664594,0.2916666666666667,0.7083333333333334,0.002820079476528181,0.5704514363885089,192,0.0006623904198227006,0.5263464558950195,0.002820079476528181,0.5704514363885089
732,2015-09-28,source_key,154,0.004782049735505518,0.5376680788358813,0.20253164556962025,0.7974683544303798,0.0028922314871912985,0.5710382513661202,193,0.0009237019825785644,0.5285940923169902,0.0028922314871912985,0.5710382513661202
733,2015-09-29,source_key,155,0.004964180931310671,0.5403294031568437,0.20754716981132076,0.7924528301886793,0.002958413195464321,0.5716234652114598,194,0.0011625463984835677,0.5308209319498854,0.002958413195464321,0.5716234652114598
734,2015-09-30,source_key,156,0.005123122627159932,0.542960944595822,0.2125,0.7875,0.0030096946250634305,0.5722070844686649,195,0.001348241331968068,0.5330272603983925,0.0030096946250634305,0.5722070844686649
735,2015-10-01,source_key,157,0.005295897615388577,0.5455631976547525,0.21739130434782608,0.782608695652174,0.00306989857640575,0.5727891156462585,196,0.0015634970245222307,0.535213358070501,0.00306989857640575,0.5727891156462585
736,2015-10-02,source_key,158,0.005435720102891074,0.5481366459627329,0.2222222222222222,0.7777777777777778,0.0031098329746933775,0.5733695652173914,197,0.001707644283574177,0.5373795002951013,0.0031098329746933775,0.5733695652173914
737,2015-11-13,source_state,67,0.006875578425165382,0.5579644236360655,0.2112676056338028,0.7887323943661971,0.003126464512845697,0.5739484396200815,67,0.002356234137720438,0.5579644236360655,0.003126464512845697,0.5739484396200815
738,2015-12-11,source_key,21,0.004832500136898846,0.5953026196928636,0.28,0.72,0.0031449634489838394,0.5745257452574526,198,0.0017729720479541312,0.5395883688566615,0.0031449634489838394,0.5745257452574526
739,2015-12-14,source_key,159,0.005506407362730167,0.5506555158721356,0.22699386503067484,0.7730061349693251,0.0031405094832052077,0.5737483085250338,199,0.001763885121998677,0.5370850197515732,0.0031405094832052077,0.5737483085250338
740,2015-12-15,source_key,160,0.005567196793529726,0.5475616921269095,0.23170731707317074,0.7682926829268293,0.003134163841194624,0.572972972972973,200,0.0017483875946108225,0.5346042471042471,0.003134163841194624,0.572972972972973
741,2015-12-18,source_key,161,0.0056202294677672555,0.5445015866068498,0.23636363636363636,0.7636363636363637,0.003124849216265291,0.5721997300944669,201,0.0017228768753914637,0.5321457489878543,0.003124849216265291,0.5721997300944669
742,2016-01-04,source_key,162,0.005743910505760626,0.5470248963858215,0.24096385542168675,0.7590361445783133,0.00315892971600536,0.5727762803234502,202,0.0018445920751337921,0.5342771271139947,0.00315892971600536,0.5727762803234502
743,2016-01-06,source_state,68,0.0068855170995337335,0.5622622739774124,0.2222222222222222,0.7777777777777778,0.0031032113920056986,0.5720053835800808,68,0.0025069338153825517,0.5622622739774124,0.0031032113920056986,0.5720053835800808
744,2016-01-07,source_key,22,0.0046284617935582716,0.5806451612903226,0.2692307692307692,0.7307692307692307,0.0030843565096648957,0.571236559139785,203,0.001660124524283361,0.5317606934773341,0.0030843565096648957,0.571236559139785
745,2016-01-08,source_key,163,0.005595112212496154,0.5438036105229157,0.23952095808383234,0.7604790419161677,0.0030514710128784583,0.5704697986577181,204,0.0015554547214614788,0.5293476981043213,0.0030514710128784583,0.5704697986577181
746,2016-01-11,source_key,164,0.00539471473285728,0.5408134162340996,0.23809523809523808,0.7619047619047619,0.003019120784609652,0.5697050938337802,205,0.0014532116669830361,0.5269559923668591,0.003019120784609652,0.5697050938337802
747,2016-01-12,source_key,165,0.005172806022401805,0.5378551242005057,0.23668639053254437,0.7633136094674556,0.0029597093166805737,0.5689424364123159,206,0.0012608623945669802,0.5245852977125894,0.0029597093166805737,0.5689424364123159
748,2016-01-13,source_state,78,-0.01568121038143983,0.5552584670231729,0.036585365853658534,0.9634146341463414,0.0029406014894688467,0.5681818181818182,78,-0.001024341018421144,0.5552584670231729,0.0029406014894688467,0.5681818181818182
749,2016-01-14,source_state,207,0.004408445936908733,0.5221565261618666,0.22274881516587677,0.7772511848341233,0.0029268674041993464,0.5674232309746329,207,0.0012029315991911886,0.5221565261618666,0.0029268674041993464,0.5674232309746329
750,2016-01-15,source_state,79,-0.015709785341697084,0.5495145631067961,0.03614457831325301,0.963855421686747,0.0029217585089850113,0.5666666666666667,79,-0.001090109162989858,0.5495145631067961,0.0029217585089850113,0.5666666666666667
751,2016-01-19,source_key,61,-0.0170980149610602,0.5483982141458448,0.03076923076923077,0.9692307692307692,0.0029330206611808077,0.5672436750998668,80,-0.0009676088204541162,0.5539793096384308,0.0029330206611808077,0.5672436750998668
752,2016-01-20,source_key,62,-0.01698387231607777,0.5538099950519545,0.030303030303030304,0.9696969696969697,0.0029468844675784897,0.5678191489361702,81,-0.0008279998371566311,0.5583586626139817,0.0029468844675784897,0.5678191489361702
753,2016-01-21,source_key,63,-0.016660299900764793,0.5590969455511289,0.029850746268656716,0.9701492537313433,0.0029601857617765053,0.5683930942895087,82,-0.000694886724924617,0.5626550402164925,0.0029601857617765053,0.5683930942895087
754,2016-01-22,source_state,208,0.004556266485859748,0.5200653983353152,0.22169811320754718,0.7783018867924528,0.002978535625049476,0.5689655172413793,208,0.0011991915202888583,0.5200653983353152,0.002978535625049476,0.5689655172413793
755,2016-01-25,source_state,83,-0.01497779670375593,0.5669988240391162,0.034482758620689655,0.9655172413793104,0.003017012849212094,0.5695364238410596,83,-0.0005186743932145702,0.5669988240391162,0.003017012849212094,0.5695364238410596
756,2016-01-26,source_key,64,-0.016313970572940564,0.5642135642135643,0.029411764705882353,0.9705882352941176,0.003012743373022486,0.5687830687830688,84,-0.0005167716541911233,0.5615814226925339,0.003012743373022486,0.5687830687830688
757,2016-01-27,source_state,209,0.0046376865942205706,0.5221650858085621,0.22065727699530516,0.7793427230046949,0.003031022405949243,0.5693527080581242,209,0.0013369139713151777,0.5221650858085621,0.003031022405949243,0.5693527080581242
758,2016-01-28,source_key,166,0.005262208027424943,0.5351478961255381,0.23529411764705882,0.7647058823529411,0.0030443943849268497,0.5699208443271768,210,0.0013888413046276684,0.5242653857429583,0.0030443943849268497,0.5699208443271768
759,2016-01-29,source_key,167,0.005179082783971447,0.5322517227821121,0.23391812865497075,0.7660818713450293,0.0030011407600130176,0.5691699604743083,211,0.001251768814299023,0.5219577831973762,0.0030011407600130176,0.5691699604743083
760,2016-02-01,source_key,168,0.005067234111896234,0.5293859649122807,0.23255813953488372,0.7674418604651163,0.002941272207801242,0.5684210526315789,212,0.0010602960473993727,0.5196699375557539,0.002941272207801242,0.5684210526315789
761,2016-02-02,source_key,169,0.004995511061243537,0.5265501487679832,0.23121387283236994,0.7687861271676301,0.002904721885673961,0.5676741130091985,213,0.0009471693524225233,0.5174015979418598,0.002904721885673961,0.5676741130091985
762,2016-02-03,source_key,170,0.004908845044418776,0.5237438103742187,0.22988505747126436,0.7701149425287356,0.002859543770709265,0.5669291338582677,214,0.0008061926892754654,0.5151525176999934,0.002859543770709265,0.5669291338582677
763,2016-02-04,source_key,171,0.004790385341281551,0.5209664952784219,0.22857142857142856,0.7714285714285715,0.002796010972834185,0.5661861074705111,215,0.0006055777903371628,0.5129224543066622,0.002796010972834185,0.5661861074705111
764,2016-02-05,source_key,172,0.004759517169322059,0.5182177583075115,0.22727272727272727,0.7727272727272727,0.0027831582692753923,0.5654450261780105,216,0.0005725048852461987,0.5107111692844677,0.0027831582692753923,0.5654450261780105
765,2016-02-08,source_key,173,0.004797880537513556,0.5207325569821837,0.22598870056497175,0.7740112994350282,0.00281025758543189,0.5660130718954248,217,0.0006703970588209113,0.5127979822634448,0.00281025758543189,0.5660130718954248
766,2016-02-09,source_key,174,0.004873971893927076,0.5232217738745154,0.2247191011235955,0.7752808988764045,0.002859039230982766,0.566579634464752,218,0.0008384853253986109,0.5148674017650994,0.002859039230982766,0.566579634464752
767,2016-02-10,source_key,175,0.00501112747880124,0.5256857953391468,0.22905027932960895,0.770949720670391,0.0029033047842950094,0.5671447196870926,219,0.000990891113775434,0.5169196430966676,0.0029033047842950094,0.5671447196870926
768,2016-02-11,source_key,176,0.0051761165707624795,0.528125,0.23333333333333334,0.7666666666666667,0.0029646071258226845,0.5677083333333334,220,0.0011977102455805098,0.5189549180327869,0.0029646071258226845,0.5677083333333334
769,2016-02-12,source_key,177,0.005327051791680832,0.5305397589426082,0.23756906077348067,0.7624309392265194,0.0030175387336481858,0.5682704811443433,221,0.0013762476410330193,0.5209734348876092,0.0030175387336481858,0.5682704811443433
770,2016-02-16,source_key,178,0.005410604198732619,0.532930435900733,0.24175824175824176,0.7582417582417582,0.003031001536212217,0.5688311688311688,222,0.00142637266675845,0.5229753985851546,0.003031001536212217,0.5688311688311688
771,2016-06-24,source_key,179,0.005396885359564464,0.5352973874374652,0.24043715846994534,0.7595628415300546,0.003029222015823398,0.569390402075227,223,0.0014271415338043695,0.5249610107279573,0.003029222015823398,0.569390402075227
772,2016-06-27,source_key,180,0.005547299254736321,0.5376409631209997,0.24456521739130435,0.7554347826086957,0.003082472052175558,0.5699481865284974,224,0.0016045169750073475,0.5269304696640481,0.003082472052175558,0.5699481865284974
773,2016-11-03,source_state,97,0.010622461390267672,0.6586124683266869,0.43564356435643564,0.5643564356435643,0.003119611028692639,0.5705045278137129,97,0.005937779967149179,0.6586124683266869,0.003119611028692639,0.5705045278137129
774,2016-11-04,source_key,83,0.010728756921634804,0.6701441715569079,0.42528735632183906,0.5747126436781609,0.003164335897739966,0.5710594315245479,98,0.006207224856995989,0.6615198881687635,0.003164335897739966,0.5710594315245479
775,2017-04-11,source_key,84,0.010843380335416585,0.673321385902031,0.4318181818181818,0.5681818181818182,0.0031810775200025038,0.5716129032258065,99,0.006291238411699335,0.6643797534749541,0.0031810775200025038,0.5716129032258065
776,2017-04-12,source_key,85,0.010766650316737732,0.6764399886503357,0.42696629213483145,0.5730337078651685,0.0031841915062856305,0.5721649484536082,100,0.006286246703109044,0.6671932158297306,0.0031841915062856305,0.5721649484536082
777,2017-04-13,source_key,86,0.010873709843244893,0.6795015795015795,0.43333333333333335,0.5666666666666667,0.0031916070036487375,0.5727155727155727,101,0.006308948768637247,0.66996138996139,0.0031916070036487375,0.5727155727155727
778,2017-05-17,source_key,87,0.010807616160738314,0.6825077005025592,0.42857142857142855,0.5714285714285714,0.0032017513636668146,0.5732647814910026,102,0.006348777617601608,0.6726853552046355,0.0032017513636668146,0.5732647814910026
779,2017-05-18,source_key,88,0.010946178043486578,0.6854598386209426,0.43478260869565216,0.5652173913043478,0.003224695586243417,0.5738125802310655,103,0.006469070408743948,0.6753661568940597,0.003224695586243417,0.5738125802310655
780,2017-07-06,source_key,89,0.011022411360318167,0.688359428182437,0.44086021505376344,0.5591397849462365,0.0032388526046693137,0.5743589743589743,104,0.006532647502430828,0.6780048076923076,0.0032388526046693137,0.5743589743589743
781,2017-08-10,source_key,90,0.01109071001090802,0.6912078531796841,0.44680851063829785,0.5531914893617021,0.0032529507468881005,0.5749039692701664,105,0.006595090987611925,0.6806022888564651,0.0032529507468881005,0.5749039692701664
782,2017-08-11,source_key,91,0.010998069020246781,0.6850439230512622,0.4421052631578947,0.5578947368421052,0.003241404892634993,0.5741687979539642,106,0.006497797920160167,0.6752311626991935,0.003241404892634993,0.5741687979539642
783,2017-08-17,source_key,92,0.010892027000440955,0.6789866560972387,0.4375,0.5625,0.0032184089713851068,0.5734355044699873,107,0.006331278061563349,0.6699423824983183,0.0032184089713851068,0.5734355044699873
784,2017-08-18,source_key,93,0.010824147107418355,0.6818419675562533,0.4329896907216495,0.5670103092783505,0.0032240263451187435,0.5739795918367347,108,0.006342080856158807,0.6725417439703154,0.0032240263451187435,0.5739795918367347
785,2017-08-21,source_key,94,0.010913338049216622,0.6846486019648063,0.4387755102040816,0.5612244897959183,0.0032286775322692505,0.5745222929936306,109,0.006346928644833393,0.6751017671567453,0.0032286775322692505,0.5745222929936306
786,2017-11-15,source_key,95,0.01096942609357122,0.6787478350118673,0.4444444444444444,0.5555555555555556,0.0032215114194496398,0.573791348600509,110,0.006280340566501685,0.6699327788538225,0.0032215114194496398,0.573791348600509
787,2018-01-29,source_state,5,0.014191492639271112,0.5787582701660605,0.6666666666666666,0.3333333333333333,0.0032259665079828266,0.5743329097839899,5,0.004308440143778596,0.5787582701660605,0.0032259665079828266,0.5743329097839899
788,2018-01-30,source_state,111,0.010860647895876143,0.672344425643918,0.4608695652173913,0.5391304347826087,0.003164987534846919,0.5736040609137056,111,0.006273605398339471,0.672344425643918,0.003164987534846919,0.5736040609137056
789,2018-01-31,source_key,96,0.010806755777208176,0.6812420785804816,0.45,0.55,0.003096997961389849,0.5728770595690748,112,0.005844310243309394,0.6672724222768955,0.003096997961389849,0.5728770595690748
790,2018-02-01,source_key,97,0.010590872313126118,0.6754681452034732,0.44554455445544555,0.5544554455445545,0.002985411978130088,0.5721518987341773,113,0.005161256939255637,0.66227478517971,0.002985411978130088,0.5721518987341773
791,2018-02-02,source_key,98,0.010189540432738994,0.6697892271662763,0.4411764705882353,0.5588235294117647,0.0029176121579218735,0.5714285714285714,114,0.004745077965119255,0.6573498964803313,0.0029176121579218735,0.5714285714285714
792,2018-02-05,source_key,99,0.00984189795578379,0.672579453067258,0.4368932038834951,0.5631067961165048,0.002920673549707214,0.571969696969697,115,0.004749902640584292,0.6599084368868542,0.002920673549707214,0.571969696969697
793,2018-02-06,source_key,100,0.00975332368813399,0.6670158239433756,0.4326923076923077,0.5673076923076923,0.002902324601422022,0.5712484237074401,116,0.004629757498870872,0.6550711583498469,0.002902324601422022,0.5712484237074401
794,2018-02-07,source_key,101,0.00969571047498749,0.6697833753148614,0.42857142857142855,0.5714285714285714,0.0029077030135077654,0.5717884130982368,117,0.004648708620776469,0.6576093752791325,0.0029077030135077654,0.5717884130982368
795,2018-02-08,source_state,9,-0.003929943409518985,0.5677530017152659,0.23076923076923078,0.7692307692307693,0.002979235172127788,0.5723270440251572,9,0.0035455177043128686,0.5677530017152659,0.002979235172127788,0.5723270440251572
796,2018-02-09,source_state,10,-0.003362647688184477,0.5808454034880284,0.21428571428571427,0.7857142857142857,0.0030312686418028025,0.5728643216080402,10,0.0047837871925871895,0.5808454034880284,0.0030312686418028025,0.5728643216080402
797,2018-02-12,source_state,118,0.00986691504577103,0.6602930001590471,0.4344262295081967,0.5655737704918032,0.0030561215065370065,0.5734002509410289,118,0.005062012172384576,0.6602930001590471,0.0030561215065370065,0.5734002509410289
798,2018-02-13,source_key,102,0.009840036203324597,0.6728129848430601,0.42452830188679247,0.5754716981132075,0.0030713714067427196,0.5739348370927319,119,0.005135645230449253,0.6627582943372416,0.0030713714067427196,0.5739348370927319
799,2018-02-14,source_key,103,0.009779532266259296,0.6754900318311275,0.4205607476635514,0.5794392523364486,0.0030712875606031943,0.574468085106383,120,0.0051208307915844185,0.6651891252955083,0.0030712875606031943,0.574468085106383
800,2018-02-15,source_key,104,0.009725206096503236,0.678125,0.4166666666666667,0.5833333333333334,0.003075140097267095,0.575,121,0.005128589046619409,0.6675862068965517,0.003075140097267095,0.575
801,2018-02-16,source_key,105,0.009690481448367719,0.6807188688557907,0.41284403669724773,0.5871559633027523,0.0030931970443923602,0.5755305867665418,122,0.005216558446817981,0.6699502334410753,0.0030931970443923602,0.5755305867665418
802,2018-02-20,source_key,106,0.009646662370835777,0.6832725877613658,0.4090909090909091,0.5909090909090909,0.003103260394127403,0.5760598503740648,123,0.005258660252795661,0.6722818803331806,0.003103260394127403,0.5760598503740648
803,2018-02-21,source_key,107,0.009595400154126183,0.6857870770868785,0.40540540540540543,0.5945945945945946,0.0031067745710220405,0.5765877957658779,124,0.0052637333908578075,0.674581804718791,0.0031067745710220405,0.5765877957658779
804,2018-02-22,source_key,108,0.00951892592009786,0.680461329715061,0.4017857142857143,0.5982142857142857,0.0030904913187279836,0.5758706467661692,125,0.00515877035918455,0.6699388961234097,0.0030904913187279836,0.5758706467661692
805,2018-02-23,source_key,109,0.009425766177057836,0.6752159902862747,0.39823008849557523,0.6017699115044248,0.0030611930639177437,0.5751552795031056,126,0.004983060143996918,0.6653581780538302,0.0030611930639177437,0.5751552795031056
806,2018-02-26,source_key,110,0.009333071694188864,0.6700492574349098,0.39473684210526316,0.6052631578947368,0.003031902508092166,0.5744416873449132,127,0.004809331478994871,0.6608384138826352,0.003031902508092166,0.5744416873449132
807,2018-02-27,source_key,111,0.009265854747232596,0.6649593831749966,0.391304347826087,0.6086956521739131,0.0030211464942352696,0.573729863692689,128,0.004738833607376557,0.6563783995304245,0.0030211464942352696,0.573729863692689
808,2018-02-28,source_key,112,0.009215887644887217,0.6675160163075131,0.3879310344827586,0.6120689655172413,0.003022555097960575,0.5742574257425742,129,0.004735266752385139,0.6587070471753057,0.003022555097960575,0.5742574257425742
809,2018-03-01,source_key,113,0.009200145241206905,0.6700350978499183,0.38461538461538464,0.6153846153846154,0.003048370331035307,0.5747836835599506,130,0.004863782190676221,0.6610052493859663,0.003048370331035307,0.5747836835599506
810,2018-03-02,source_key,114,0.009206691468863572,0.6725174449812131,0.3813559322033898,0.6186440677966102,0.0030895245518919286,0.5753086419753086,131,0.005073506115416749,0.663273596176822,0.0030895245518919286,0.5753086419753086
811,2018-03-05,source_state,69,0.005943480781065092,0.5572040359041672,0.2191780821917808,0.7808219178082192,0.0031143904592782355,0.5758323057953144,69,0.0023653912640880003,0.5572040359041672,0.0031143904592782355,0.5758323057953144
812,2018-03-06,source_key,38,0.005480690985931189,0.5618147147624344,0.23809523809523808,0.7619047619047619,0.003127885517873258,0.5763546798029556,70,0.002493379223456403,0.5620480033539461,0.003127885517873258,0.5763546798029556
813,2018-03-07,source_state,132,0.009321433509329125,0.6656731951934903,0.39705882352941174,0.6029411764705882,0.003135401452745183,0.5768757687576875,132,0.0051971171086683384,0.6656731951934903,0.003135401452745183,0.5768757687576875
814,2018-03-08,source_key,115,0.009264881581088593,0.6752337687589487,0.3865546218487395,0.6134453781512605,0.0031355837256386607,0.5773955773955773,133,0.005184958057896433,0.6678821264808527,0.0031355837256386607,0.5773955773955773
815,2018-03-14,source_state,71,0.006354655521810493,0.5667420083952212,0.24,0.76,0.003116020940733258,0.5766871165644172,71,0.0025613814497083094,0.5667420083952212,0.003116020940733258,0.5766871165644172
816,2018-03-15,source_state,134,0.009142827436375508,0.6634400595681311,0.391304347826087,0.6086956521739131,0.0030664180161315687,0.5759803921568627,134,0.005060571848666489,0.6634400595681311,0.0030664180161315687,0.5759803921568627
817,2018-03-16,source_state,72,0.006094152004584472,0.560485516115871,0.23684210526315788,0.7631578947368421,0.0029905732092894394,0.5752753977968176,72,0.002114172152431174,0.560485516115871,0.0029905732092894394,0.5752753977968176
818,2018-03-19,source_key,39,0.005606116220871609,0.5680909690689642,0.2558139534883721,0.7441860465116279,0.002962602054859526,0.5745721271393643,73,0.0018804060599246929,0.5545333098076778,0.002962602054859526,0.5745721271393643
819,2018-03-20,source_key,40,0.005464275168768983,0.5589514652014652,0.25,0.75,0.0029123438069624382,0.5738705738705738,74,0.0014591253764317312,0.5487029976825896,0.0029123438069624382,0.5738705738705738
820,2018-03-21,source_state,135,0.008825022433148215,0.6588433808866391,0.38848920863309355,0.6115107913669064,0.0028609909861069746,0.573170731707317,135,0.004627303862860549,0.6588433808866391,0.0028609909861069746,0.573170731707317
821,2018-03-22,source_state,75,0.005739248852862854,0.542821639045756,0.22784810126582278,0.7721518987341772,0.002855104160469292,0.5724725943970768,75,0.0010345814755551162,0.542821639045756,0.002855104160469292,0.5724725943970768
822,2018-03-23,source_key,41,0.00530178990365234,0.5495788882650197,0.24444444444444444,0.7555555555555555,0.002848896448170545,0.5717761557177615,76,0.0010002694563568545,0.5372262773722628,0.002848896448170545,0.5717761557177615
823,2018-03-26,source_key,23,0.0037597471617592665,0.5682117835629896,0.25925925925925924,0.7407407407407407,0.002825543193370978,0.5710814094775213,225,0.0017009832051822946,0.5289395736042591,0.002825543193370978,0.5710814094775213
824,2018-03-27,source_key,18,0.005858350638736323,0.5409153952843274,0.2727272727272727,0.7272727272727273,0.0028358985934550914,0.5716019417475728,77,0.0008251897511944736,0.5318658079400174,0.0028358985934550914,0.5716019417475728
825,2018-03-28,source_key,42,0.0052647544071312315,0.5413774104683196,0.2391304347826087,0.7608695652173914,0.0028595655266467662,0.5721212121212121,78,0.001041894997488516,0.5365775401069519,0.0028595655266467662,0.5721212121212121
826,2018-03-29,source_key,43,0.005179465720574516,0.5330490405117271,0.23404255319148937,0.7659574468085106,0.002840323414479243,0.5714285714285714,79,0.0009007481546415613,0.5312066574202496,0.002840323414479243,0.5714285714285714
827,2018-04-02,source_key,24,0.0037645092670019,0.577640064490125,0.25,0.75,0.002853467575600159,0.5719467956469165,226,0.0017422935845062876,0.530906892382104,0.002853467575600159,0.5719467956469165
828,2018-04-03,source_key,181,0.00482250580040376,0.5401908801696713,0.24864864864864866,0.7513513513513513,0.0028703074112746184,0.572463768115942,227,0.0018038820864414802,0.5328252208557077,0.0028703074112746184,0.572463768115942
829,2018-04-04,source_key,19,0.005774168579219989,0.5523606474598143,0.2608695652173913,0.7391304347826086,0.0028677606662659066,0.5729794933655006,80,0.0010302509483888192,0.536072190776654,0.0028677606662659066,0.5729794933655006
830,2018-04-05,source_key,44,0.005172143988494978,0.540644932671864,0.22916666666666666,0.7708333333333334,0.0028656204509453533,0.5734939759036145,81,0.0010303439563328616,0.5406081468732071,0.0028656204509453533,0.5734939759036145
831,2018-04-06,source_key,45,0.005160750844894663,0.5474807722492544,0.22448979591836735,0.7755102040816326,0.002887330995510887,0.5740072202166066,82,0.0012227759572587486,0.545058238539609,0.002887330995510887,0.5740072202166066
832,2018-04-09,source_key,25,0.0038214532909751483,0.5875196232339089,0.2413793103448276,0.7586206896551724,0.0029130108194208816,0.5745192307692307,228,0.0018038029416324384,0.5348748473748474,0.0029130108194208816,0.5745192307692307
833,2018-04-10,source_key,20,0.005756131267539205,0.563652733820801,0.25,0.75,0.0029323325552724454,0.575030012004802,83,0.0014481049849750592,0.5495394419450023,0.0029323325552724454,0.575030012004802
834,2018-04-11,source_key,46,0.005237323117423198,0.5544707091469682,0.22,0.78,0.0029589560039758422,0.5755395683453237,84,0.0016733563419918385,0.5538236077804423,0.0029589560039758422,0.5755395683453237
835,2018-04-12,source_key,26,0.0038772208328612715,0.596502994011976,0.23333333333333334,0.7666666666666667,0.0029687428029102577,0.5760479041916168,229,0.0018770906153315926,0.536858299211853,0.0029687428029102577,0.5760479041916168
836,2018-04-13,source_key,21,0.005709351428393884,0.5741626794258373,0.24,0.76,0.002971778037400638,0.5765550239234449,85,0.0017629463013901494,0.5581405557262631,0.002971778037400638,0.5765550239234449
837,2018-04-20,source_state,136,0.008919383606644208,0.6551299283154122,0.38571428571428573,0.6142857142857143,0.0029648309817311446,0.5758661887694145,136,0.0046016336326711055,0.6551299283154122,0.0029648309817311446,0.5758661887694145
838,2018-04-23,source_key,116,0.00896246837191712,0.6700306853051483,0.38333333333333336,0.6166666666666667,0.0029520709661549015,0.5751789976133651,137,0.004523149557654577,0.6509583598926755,0.0029520709661549015,0.5751789976133651
839,2018-04-24,source_key,117,0.008920473859738006,0.6724570790961885,0.38016528925619836,0.6198347107438017,0.0029576170053625143,0.5756853396901073,138,0.004542996182621675,0.6531879515590282,0.0029576170053625143,0.5756853396901073
840,2018-04-25,source_key,118,0.00886472527509601,0.6676056338028169,0.3770491803278688,0.6229508196721312,0.0029521537980300395,0.575,139,0.004504311579477395,0.649079754601227,0.0029521537980300395,0.575
841,2018-04-26,source_key,119,0.00879028755723327,0.6628223144275462,0.37398373983739835,0.6260162601626016,0.0029321678511417203,0.5743162901307967,140,0.004389433519478352,0.6450218961167019,0.0029321678511417203,0.5743162901307967
842,2018-05-29,source_state,230,0.004203369353306129,0.5384536256008379,0.2264957264957265,0.7735042735042735,0.0029262793879586304,0.5736342042755345,230,0.0018873661517989063,0.5384536256008379,0.0029262793879586304,0.5736342042755345
843,2018-06-27,source_key,22,0.005518637809675321,0.5604208571870649,0.23076923076923078,0.7692307692307693,0.0029436514069242576,0.5741399762752076,86,0.0017149381832920702,0.5525396311873181,0.0029436514069242576,0.5741399762752076
844,2018-10-10,source_state,141,0.008628838597683364,0.6411604193594715,0.3724137931034483,0.6275862068965518,0.0029599771264789423,0.5746445497630331,141,0.004354597585778926,0.6411604193594715,0.0029599771264789423,0.5746445497630331
845,2018-10-11,source_key,120,0.008719631325434598,0.6583579881656805,0.3709677419354839,0.6290322580645161,0.002974866780742788,0.5751479289940828,142,0.004424142700814964,0.6433948813003493,0.002974866780742788,0.5751479289940828
846,2018-10-12,source_key,121,0.008670671580317004,0.6607972609439962,0.368,0.632,0.002972635141166343,0.5756501182033097,143,0.004403838495116883,0.6456024121968829,0.002972635141166343,0.5756501182033097
847,2018-10-15,source_key,122,0.008624239357007537,0.6632029240995617,0.36507936507936506,0.6349206349206349,0.0029717500171537715,0.5761511216056671,144,0.004390730481016285,0.6477834935627144,0.0029717500171537715,0.5761511216056671
848,2018-10-16,source_key,123,0.008536050997950063,0.6585804132973944,0.36220472440944884,0.6377952755905512,0.0029396897676689103,0.5754716981132075,145,0.004216910847793435,0.6438539689628223,0.0029396897676689103,0.5754716981132075
849,2018-10-18,source_key,124,0.00840038268061936,0.6540206284022538,0.359375,0.640625,0.0028726828587384667,0.574793875147232,146,0.003865297597344013,0.6399709000207857,0.0028726828587384667,0.574793875147232
850,2018-10-19,source_key,125,0.008288148053268473,0.6495223055665219,0.35658914728682173,0.6434108527131783,0.002822798012040617,0.5741176470588235,147,0.0036045258385573094,0.6361334709322326,0.002822798012040617,0.5741176470588235
851,2018-10-22,source_key,126,0.007996491845689962,0.645084214649432,0.35384615384615387,0.6461538461538462,0.002771838167918035,0.5734430082256169,148,0.003340737516267914,0.6323408848686907,0.002771838167918035,0.5734430082256169
852,2018-10-23,source_key,127,0.007723743500132468,0.6407051581009234,0.3511450381679389,0.648854961832061,0.0027435326780783126,0.5727699530516432,149,0.0031941218604994367,0.6285923634291297,0.0027435326780783126,0.5727699530516432
853,2018-10-24,source_state,11,-0.0031612131651882966,0.5930999832523866,0.2,0.8,0.0027637791192328407,0.5732708089097304,11,0.005116229081178529,0.5930999832523866,0.0027637791192328407,0.5732708089097304
854,2018-10-25,source_state,150,0.007557445578635698,0.6308648954211419,0.35064935064935066,0.6493506493506493,0.0027754141371441323,0.5737704918032787,150,0.003295183815326857,0.6308648954211419,0.0027754141371441323,0.5737704918032787
855,2018-10-26,source_state,10,0.0023890605980438646,0.6406604747162022,0.2857142857142857,0.7142857142857143,0.0028010850318624415,0.5742690058479533,10,0.007862838567780642,0.6406604747162022,0.0028010850318624415,0.5742690058479533
856,2018-10-29,source_state,11,0.0024597416260692265,0.6512683578104139,0.26666666666666666,0.7333333333333333,0.0028400062166851997,0.5747663551401869,11,0.00869680682801233,0.6512683578104139,0.0028400062166851997,0.5747663551401869
857,2018-10-30,source_state,12,0.0025193797690707086,0.6612861402826398,0.25,0.75,0.0028687214347991262,0.5752625437572929,12,0.009236843120985723,0.6612861402826398,0.0028687214347991262,0.5752625437572929
858,2018-10-31,source_state,87,0.005730507393834237,0.556920556920557,0.2087912087912088,0.7912087912087912,0.002910081065419395,0.5757575757575758,87,0.0018428835196134124,0.556920556920557,0.002910081065419395,0.5757575757575758
859,2018-11-01,source_key,47,0.005164202567197178,0.5609864073849383,0.21568627450980393,0.7843137254901961,0.0029364454296431815,0.5762514551804424,88,0.002060266833501001,0.5609824546815234,0.0029364454296431815,0.5762514551804424
860,2018-11-02,source_state,151,0.007703472120200498,0.6333820598006645,0.34838709677419355,0.6516129032258065,0.002958135527603891,0.5767441860465117,151,0.0034426932934811744,0.6333820598006645,0.002958135527603891,0.5767441860465117
861,2018-11-05,source_state,89,0.006115113359290616,0.5648299466559773,0.22580645161290322,0.7741935483870968,0.0029512163998376296,0.5760743321718932,89,0.0022362329054215237,0.5648299466559773,0.0029512163998376296,0.5760743321718932
862,2018-11-12,source_state,152,0.00764184489232902,0.6296008226112634,0.34615384615384615,0.6538461538461539,0.0029348896853797477,0.5754060324825986,152,0.0034029215492424945,0.6296008226112634,0.0029348896853797477,0.5754060324825986
863,2018-11-13,source_state,90,0.005989335586555204,0.559594234717733,0.22340425531914893,0.776595744680851,0.0028976710061526935,0.574739281575898,90,0.002107779100011728,0.559594234717733,0.0028976710061526935,0.574739281575898
864,2018-11-14,source_key,48,0.00538595304005462,0.566358024691358,0.23076923076923078,0.7692307692307693,0.002872128761216766,0.5740740740740741,91,0.0019174171730816207,0.5545893719806764,0.002872128761216766,0.5740740740740741
865,2018-11-15,source_key,27,0.0036265381656170057,0.6031735237447581,0.22580645161290322,0.7741935483870968,0.002827438824100275,0.5734104046242775,231,0.0019395675309815856,0.5402425478862065,0.002827438824100275,0.5734104046242775
866,2018-11-16,source_key,182,0.00468453087809436,0.5424561088813651,0.24731182795698925,0.7526881720430108,0.0027978927615654597,0.5727482678983834,232,0.0018403170451891382,0.5380701501154734,0.0027978927615654597,0.5727482678983834
867,2018-11-19,source_key,183,0.004664155896834807,0.5397589555856444,0.24598930481283424,0.7540106951871658,0.002791665498383655,0.5720876585928489,233,0.001822453559669249,0.535914800802445,0.002791665498383655,0.5720876585928489
868,2018-11-20,source_key,184,0.004718320853867541,0.5420285359801489,0.24468085106382978,0.7553191489361702,0.0028340750643967424,0.5725806451612904,234,0.0019728355163451733,0.537759439859965,0.0028340750643967424,0.5725806451612904
869,2018-11-21,source_key,185,0.004762403490339919,0.5442762676122255,0.24338624338624337,0.7566137566137566,0.002869719334956628,0.57307249712313,235,0.002099057806530614,0.5395897294631472,0.002869719334956628,0.57307249712313
870,2018-11-23,source_key,186,0.004830062157921793,0.5465024630541873,0.24210526315789474,0.7578947368421053,0.0029205625149049137,0.5735632183908046,236,0.0022768442080775115,0.5414058355437666,0.0029205625149049137,0.5735632183908046
871,2018-11-26,source_key,187,0.0049706064091561385,0.5487074289507621,0.24607329842931938,0.7539267015706806,0.002967854938056179,0.574052812858783,237,0.0024414818978369377,0.5432079214889303,0.002967854938056179,0.574052812858783
872,2018-11-27,source_key,188,0.005037470049239648,0.550891466158906,0.25,0.75,0.0029723558757911318,0.5745412844036697,238,0.0024588834751298246,0.5449961481896491,0.0029723558757911318,0.5745412844036697
873,2018-12-04,source_key,189,0.004991109187493004,0.5482309665553458,0.24870466321243523,0.7512953367875648,0.0029491770277958445,0.5738831615120275,239,0.0023817809874830138,0.5428638626474854,0.0029491770277958445,0.5738831615120275
874,2018-12-06,source_key,190,0.0049460739841737985,0.545595500331487,0.24742268041237114,0.7525773195876289,0.0029268492559534304,0.5732265446224256,240,0.002307981960686896,0.5407478676929478,0.0029268492559534304,0.5732265446224256
875,2018-12-07,source_key,191,0.00490953617890748,0.5429847176079735,0.24615384615384617,0.7538461538461538,0.0029100627429669065,0.5725714285714286,241,0.0022533698554807885,0.5386479784366577,0.0029100627429669065,0.5725714285714286
876,2018-12-10,source_key,192,0.004836052001922389,0.5403982749873161,0.24489795918367346,0.7551020408163265,0.002869087939273703,0.571917808219178,242,0.0021172020718853123,0.5365640127716552,0.002869087939273703,0.571917808219178
877,2018-12-11,source_key,193,0.0046629402274300374,0.5378358354045263,0.2436548223350254,0.7563451776649747,0.002826747450734347,0.5712656784492588,243,0.0019771387973288646,0.5344957913212818,0.002826747450734347,0.5712656784492588
878,2018-12-12,source_key,194,0.0044703438907417485,0.5352970679818604,0.24242424242424243,0.7575757575757576,0.0027626025979580735,0.570615034168565,244,0.001764418466915457,0.5324431373882297,0.0027626025979580735,0.570615034168565
879,2018-12-13,source_key,195,0.004260977227643079,0.5327816478875435,0.24120603015075376,0.7587939698492462,0.0026814351675247435,0.5699658703071673,245,0.0014956600819702726,0.5304058769047286,0.0026814351675247435,0.5699658703071673
880,2018-12-14,source_key,196,0.004048518573604536,0.5302892561983471,0.24,0.76,0.002598268547747039,0.5693181818181818,246,0.0012215976775499402,0.5283838383838384,0.002598268547747039,0.5693181818181818
881,2018-12-17,source_key,18,-0.008968533255820862,0.539241122101508,0.13636363636363635,0.8636363636363636,0.0025079682195949106,0.5686719636776391,85,-0.00046858689024152606,0.5655791479657187,0.0025079682195949106,0.5686719636776391
882,2018-12-18,source_key,65,-0.01722091725404306,0.5689062141710617,0.028985507246376812,0.9710144927536232,0.0024719557089754873,0.5680272108843537,86,-0.0007381394312538995,0.5602968460111317,0.0024719557089754873,0.5680272108843537
883,2018-12-19,source_key,66,-0.017262120966877185,0.5624134893670567,0.02857142857142857,0.9714285714285714,0.0024613075264943722,0.5673839184597962,87,-0.0007962277769308561,0.5551100364237397,0.0024613075264943722,0.5673839184597962
884,2018-12-20,source_key,67,-0.017208825270458153,0.5673512008353637,0.028169014084507043,0.971830985915493,0.00246779928538989,0.5678733031674208,88,-0.0007145130235330416,0.5591871363930188,0.00246779928538989,0.5678733031674208
885,2018-12-21,source_key,68,-0.016972881114693385,0.5721812822402358,0.027777777777777776,0.9722222222222222,0.0025082935524732117,0.5683615819209039,89,-0.0003606050493059366,0.5631918404079795,0.0025082935524732117,0.5683615819209039
886,2018-12-24,source_key,69,-0.01656039351937009,0.5769072064855943,0.0273972602739726,0.9726027397260274,0.0025817536655935785,0.5688487584650113,90,0.0002509528589511923,0.5671260544136866,0.0025817536655935785,0.5688487584650113
887,2018-12-26,source_key,70,-0.01659285224957715,0.5706061551008659,0.02702702702702703,0.972972972972973,0.0025698209734175944,0.5682074408117249,91,0.0001766930175105024,0.5620606832998382,0.0025698209734175944,0.5682074408117249
888,2018-12-27,source_key,71,-0.016471906678709618,0.57524893314367,0.02666666666666667,0.9733333333333334,0.0025865378185676814,0.5686936936936937,92,0.0003287524203793523,0.5659366262814538,0.0025865378185676814,0.5686936936936937
889,2018-12-28,source_key,72,-0.01620019766824476,0.5797947131608548,0.02631578947368421,0.9736842105263158,0.0026137305511000544,0.5691788526434196,93,0.0005602460118344369,0.5697460894311288,0.0026137305511000544,0.5691788526434196
890,2018-12-31,source_key,73,-0.01593342654361732,0.5842464960037067,0.025974025974025976,0.974025974025974,0.002641590163211371,0.5696629213483146,94,0.0007934423678429901,0.573490763664064,0.002641590163211371,0.5696629213483146
891,2019-01-02,source_key,74,-0.015668629852160606,0.5886071600357314,0.02564102564102564,0.9743589743589743,0.002673572253675303,0.5701459034792368,95,0.0010548857339763144,0.577172283054636,0.002673572253675303,0.5701459034792368
892,2019-01-03,source_key,75,-0.015382606780569748,0.5928794673189293,0.02531645569620253,0.9746835443037974,0.0027379197151186814,0.570627802690583,96,0.0015595604106582652,0.5807922272047833,0.0027379197151186814,0.570627802690583
893,2019-01-04,source_state,247,0.00398655088225887,0.5265926455457164,0.22310756972111553,0.7768924302788844,0.0027640928095637313,0.5711086226203808,247,0.0009478038179623847,0.5265926455457164,0.0027640928095637313,0.5711086226203808
894,2019-01-07,source_key,197,0.004431925449555882,0.5281362932369643,0.23880597014925373,0.7611940298507462,0.0027742806117758093,0.5715883668903803,248,0.0009888651834855048,0.5283754441373865,0.0027742806117758093,0.5715883668903803
895,2019-01-08,source_key,198,0.004443422565579819,0.5303135537772409,0.2376237623762376,0.7623762376237624,0.002786758851227382,0.5720670391061452,249,0.001037410668775927,0.5301450876869871,0.002786758851227382,0.5720670391061452
896,2019-01-09,source_key,199,0.004451179309807448,0.5324711723254324,0.23645320197044334,0.7635467980295566,0.0027966710935893196,0.5725446428571429,250,0.0010770771328468542,0.5319017205422315,0.0027966710935893196,0.5725446428571429
897,2019-01-22,source_state,2,0.005405012372036789,0.5289426292770775,0.3333333333333333,0.6666666666666666,0.0028111228088927354,0.5730211817168339,2,0.0005857848105413055,0.5289426292770775,0.0028111228088927354,0.5730211817168339
898,2019-05-13,source_state,153,0.007834939729289303,0.6257848577504309,0.34394904458598724,0.6560509554140127,0.002825621650896622,0.5734966592427617,153,0.0032039939511385057,0.6257848577504309,0.002825621650896622,0.5734966592427617
899,2019-05-31,source_state,92,0.006192433839193455,0.5497871197882704,0.21875,0.78125,0.002834685724448559,0.5739710789766407,92,0.0015846523722189785,0.5497871197882704,0.002834685724448559,0.5739710789766407
900,2019-06-03,source_key,49,0.005710147032845072,0.5587214611872146,0.22641509433962265,0.7735849056603774,0.002889809247635149,0.5744444444444444,93,0.0020306709087714457,0.5537321937321937,0.002889809247635149,0.5744444444444444
901,2019-08-05,source_key,50,0.006065258395633954,0.5648378678345383,0.24074074074074073,0.7592592592592593,0.0029197170877289895,0.5749167591564928,94,0.002272398793734718,0.5576101883030155,0.0029197170877289895,0.5749167591564928
902,2019-08-06,source_key,51,0.006036424802552432,0.5707908351810791,0.23636363636363636,0.7636363636363637,0.0029347779583219534,0.5753880266075388,95,0.002395034797626137,0.5614227952821927,0.0029347779583219534,0.5753880266075388
903,2019-08-14,source_key,52,0.006292135379139539,0.5630792096520372,0.25,0.75,0.002915876153629302,0.574750830564784,96,0.0022535162160478702,0.5566168327796235,0.002915876153629302,0.574750830564784
904,2019-08-15,source_key,53,0.0066101853752593975,0.5689001264222503,0.2631578947368421,0.7368421052631579,0.002942613160282271,0.5752212389380531,97,0.0024640476384572675,0.5603744606158122,0.002942613160282271,0.5752212389380531
905,2019-08-23,source_key,28,0.003994161360623074,0.5921164470888228,0.21875,0.78125,0.002924059912539866,0.574585635359116,251,0.0011415866391840163,0.5337820190858865,0.002924059912539866,0.574585635359116
906,2019-08-26,source_key,200,0.004354987758789078,0.5348273415326396,0.23529411764705882,0.7647058823529411,0.002931333034407867,0.5750551876379691,252,0.0011725521341499471,0.5355120453018524,0.002931333034407867,0.5750551876379691
907,2019-08-27,source_key,23,0.006350073696878028,0.5704801895423303,0.25925925925925924,0.7407407407407407,0.0029556577410313673,0.5755237045203969,98,0.002332907853645188,0.5558407287581109,0.0029556577410313673,0.5755237045203969
908,2020-01-27,source_state,154,0.007834067246974967,0.6282235311587389,0.34810126582278483,0.6518987341772152,0.0029864456613863436,0.5759911894273128,154,0.0032693310639177347,0.6282235311587389,0.0029864456613863436,0.5759911894273128
909,2020-01-31,source_key,128,0.0077795840765868636,0.6436512072259857,0.3484848484848485,0.6515151515151515,0.0029904631252770414,0.5764576457645765,155,0.0032886908874232663,0.6303630363036303,0.0029904631252770414,0.5764576457645765
910,2020-02-03,source_key,129,0.007918109088212702,0.6460532931121166,0.3533834586466165,0.6466165413533834,0.003022979824428112,0.5769230769230769,156,0.003455759605450786,0.6324786324786325,0.003022979824428112,0.5769230769230769
911,2020-02-21,source_state,99,0.007154577503035177,0.559815444477167,0.2621359223300971,0.7378640776699029,0.00304034380680357,0.5773874862788145,99,0.0025817749036308587,0.559815444477167,0.00304034380680357,0.5773874862788145
912,2020-02-24,source_key,29,0.004581365115914788,0.6007944389275074,0.24242424242424243,0.7575757575757576,0.002991677118776648,0.5767543859649122,253,0.0012637779385998506,0.5373361200836025,0.002991677118776648,0.5767543859649122
913,2020-02-25,source_key,201,0.004447691563936315,0.5370086406230985,0.23902439024390243,0.7609756097560976,0.002944924848114389,0.5761226725082147,254,0.0011124147068359669,0.5353487199287668,0.002944924848114389,0.5761226725082147
914,2020-02-26,source_key,202,0.004328582702543107,0.5391065238860595,0.23786407766990292,0.7621359223300971,0.0029464794812869097,0.5765864332603938,255,0.0011242095314133978,0.5370540301012525,0.0029464794812869097,0.5765864332603938
915,2020-02-27,source_key,19,-0.008409122126119358,0.5313762866946246,0.13043478260869565,0.8695652173913043,0.0029614427765552,0.5770491803278689,97,0.0018067958331241024,0.5855304159328004,0.0029614427765552,0.5770491803278689
916,2020-02-28,source_key,76,-0.014885746514836538,0.5986026200873362,0.025,0.975,0.002962631731183044,0.5775109170305677,98,0.0018254209502847976,0.5890185410551937,0.002962631731183044,0.5775109170305677
917,2020-03-02,source_key,77,-0.015490346241414099,0.59252621009102,0.024691358024691357,0.9753086419753086,0.0028364098764625946,0.5768811341330425,99,0.0008690180680811797,0.5841068879609189,0.0028364098764625946,0.5768811341330425
918,2020-03-03,source_key,78,-0.01569900278519979,0.5865692682301679,0.024390243902439025,0.975609756097561,0.00279043552645574,0.5762527233115469,100,0.0005356273753547618,0.5792747206409445,0.00279043552645574,0.5762527233115469
919,2020-03-04,source_key,18,-0.001968417531423721,0.4955956267164102,0.09090909090909091,0.9090909090909091,0.0026534945453246623,0.5756256800870512,256,0.001154502555189345,0.5386250582931759,0.0026534945453246623,0.5756256800870512
920,2020-03-05,source_key,20,-0.010486428844297782,0.5409090909090909,0.125,0.875,0.0024552917995228347,0.575,101,-0.0005174718482832302,0.5744,0.0024552917995228347,0.575
921,2020-03-06,source_key,79,-0.017489325343132796,0.58043705132665,0.024096385542168676,0.9759036144578314,0.0023499102701331886,0.5743756786102063,102,-0.001284239956421402,0.5697223514813091,0.0023499102701331886,0.5743756786102063
922,2020-03-09,source_key,80,-0.0181369117956351,0.5747121641915568,0.023809523809523808,0.9761904761904762,0.0022113861807861505,0.5737527114967462,103,-0.0022874654548130854,0.5651186226450544,0.0022113861807861505,0.5737527114967462
923,2020-03-10,source_key,81,-0.01876965903373275,0.5690966310684621,0.023529411764705882,0.9764705882352941,0.002075186664569058,0.5731310942578548,104,-0.003259981784672362,0.5605870801733478,0.002075186664569058,0.5731310942578548
924,2020-03-11,source_key,82,-0.019406331544315956,0.5635873560401863,0.023255813953488372,0.9767441860465116,0.0019374030330454467,0.5725108225108225,105,-0.004231173367890516,0.5561260444981375,0.0019374030330454467,0.5725108225108225
925,2020-03-12,source_key,83,-0.01954587624227312,0.5581813589290225,0.022988505747126436,0.9770114942528736,0.0019021932797801957,0.5718918918918919,106,-0.0044407539790273405,0.5517338877338878,0.0019021932797801957,0.5718918918918919
926,2020-03-13,source_key,84,-0.020277996429947393,0.5528757699384049,0.022727272727272728,0.9772727272727273,0.0017430575955914445,0.5712742980561555,107,-0.0055463719387258605,0.5474090317049445,0.0017430575955914445,0.5712742980561555
927,2020-03-16,source_key,85,-0.020587736405891295,0.5476678245895312,0.02247191011235955,0.9775280898876404,0.001671064335657441,0.5706580366774542,108,-0.00600982770132374,0.5431499460625674,0.001671064335657441,0.5706580366774542
928,2020-03-17,source_key,86,-0.020725702242680902,0.5425548589341692,0.022222222222222223,0.9777777777777777,0.00163422415965175,0.5700431034482759,109,-0.006215774735311985,0.5389551464869069,0.00163422415965175,0.5700431034482759
929,2020-03-18,source_key,87,-0.020515823160489513,0.5467760548492517,0.02197802197802198,0.978021978021978,0.001669427829311484,0.5705059203444564,110,-0.0059068262570978825,0.5424786723004996,0.001669427829311484,0.5705059203444564
930,2020-03-19,source_key,88,-0.020005787962978472,0.5509216589861751,0.021739130434782608,0.9782608695652174,0.0017670001130581953,0.5709677419354838,111,-0.005161195051314385,0.5459498207885305,0.0017670001130581953,0.5709677419354838
931,2020-03-20,source_key,89,-0.019417996183266194,0.5549936788874842,0.021505376344086023,0.978494623655914,0.0018806821697762255,0.5714285714285714,112,-0.004311970350357832,0.5493697478991596,0.0018806821697762255,0.5714285714285714
932,2020-03-23,source_key,90,-0.01849329529366839,0.558994051652737,0.02127659574468085,0.9787234042553191,0.0020649105433397127,0.5718884120171673,113,-0.0029812040901620067,0.5527395758278248,0.0020649105433397127,0.5718884120171673
933,2020-03-24,source_key,91,-0.018151117423882392,0.5629246470012583,0.021052631578947368,0.9789473684210527,0.0021270546037670908,0.572347266881029,114,-0.00251368249260764,0.5560603942401791,0.0021270546037670908,0.572347266881029
934,2020-03-25,source_key,92,-0.018127958315757534,0.5579450638706344,0.020833333333333332,0.9791666666666666,0.0021220005333879876,0.5717344753747323,115,-0.0025151289841673988,0.5519541540215366,0.0021220005333879876,0.5717344753747323
935,2020-03-26,source_key,93,-0.0182722757469004,0.5530508706979295,0.020618556701030927,0.979381443298969,0.002081364329159316,0.5711229946524065,116,-0.0027603646294369743,0.5479067990832697,0.002081364329159316,0.5711229946524065
936,2020-03-27,source_key,94,-0.01833704351004832,0.5482398956975228,0.02040816326530612,0.9795918367346939,0.0020570917120458668,0.5705128205128205,117,-0.002891286498020768,0.5439170758319695,0.0020570917120458668,0.5705128205128205
937,2020-03-30,source_key,95,-0.01823372729710577,0.5521286422786832,0.020202020202020204,0.9797979797979798,0.0020679895213223482,0.5709711846318036,118,-0.0027826866886914354,0.5472063974025584,0.0020679895213223482,0.5709711846318036
938,2020-03-31,source_key,96,-0.017999987705930094,0.5559523809523809,0.02,0.98,0.0020963098232758856,0.5714285714285714,119,-0.0025582474810738345,0.5504495504495505,0.0020963098232758856,0.5714285714285714
939,2020-04-01,source_key,97,-0.017704888421636263,0.5597127241042431,0.019801980198019802,0.9801980198019802,0.0022146997722540308,0.5718849840255591,120,-0.001734191382668951,0.5536474973375932,0.0022146997722540308,0.5718849840255591
940,2020-04-02,source_key,98,-0.01741714212671532,0.56341123125218,0.0196078431372549,0.9803921568627451,0.0023237409322889434,0.5723404255319149,121,-0.000982021938333924,0.5568011738811445,0.0023237409322889434,0.5723404255319149
941,2020-04-03,source_key,99,-0.017125595022390958,0.5670494111954935,0.019417475728155338,0.9805825242718447,0.0024388928015574535,0.5727948990435706,122,-0.00019827319371245081,0.5599114902537377,0.0024388928015574535,0.5727948990435706
942,2020-04-06,source_key,19,-0.002408434727002984,0.4827432972892905,0.08695652173913043,0.9130434782608695,0.0025121760730858,0.5732484076433121,257,0.0004988471193129086,0.5365052020762971,0.0025121760730858,0.5732484076433121
943,2020-04-07,source_key,203,0.004924327500538543,0.5408318189674907,0.23671497584541062,0.7632850241545893,0.002560028533239367,0.5737009544008483,258,0.0006700764027252218,0.5381873152681573,0.002560028533239367,0.5737009544008483
944,2020-04-08,source_key,204,0.004944760368257243,0.5428932500743384,0.23557692307692307,0.7644230769230769,0.0025769160670339308,0.5741525423728814,259,0.0007345183986391867,0.5398574594238486,0.0025769160670339308,0.5741525423728814
945,2020-04-09,source_key,205,0.004984484943758855,0.5449365772509877,0.23444976076555024,0.7655502392344498,0.0026062928625903096,0.5746031746031746,260,0.0008412385132959683,0.5415157612340711,0.0026062928625903096,0.5746031746031746
946,2020-04-13,source_key,206,0.005009878858457108,0.5469620369519257,0.23333333333333334,0.7666666666666667,0.002626277604147534,0.5750528541226215,261,0.0009154499296461499,0.5431623456103261,0.002626277604147534,0.5750528541226215
947,2020-04-14,source_key,207,0.004938630585702909,0.5445311464318856,0.23222748815165878,0.7677725118483413,0.00258350419468039,0.5744456177402323,262,0.0007762116327297315,0.541212219670509,0.00258350419468039,0.5744456177402323
948,2020-04-15,source_key,208,0.004936905792854935,0.5465408118725448,0.23113207547169812,0.7688679245283019,0.0025858679638866883,0.5748945147679325,263,0.0007905143373655258,0.5428483217924404,0.0025858679638866883,0.5748945147679325
949,2020-04-16,source_key,209,0.0049272326117521395,0.5441327442032952,0.2300469483568075,0.7699530516431925,0.0025830672978589277,0.5742887249736565,264,0.0007872862317457694,0.5409129493033603,0.0025830672978589277,0.5742887249736565
950,2020-04-17,source_key,210,0.004896854992114796,0.5417453891138102,0.22897196261682243,0.7710280373831776,0.0025668708511613716,0.5736842105263158,265,0.000738914058675505,0.5389910763066836,0.0025668708511613716,0.5736842105263158
951,2020-04-20,source_key,211,0.0049189066367427495,0.5437411906839386,0.22790697674418606,0.772093023255814,0.002584560611421374,0.5741324921135647,266,0.0008046915519375348,0.5406178614162951,0.002584560611421374,0.5741324921135647
952,2020-04-21,source_key,212,0.0049850729277533794,0.5457199829084176,0.22685185185185186,0.7731481481481481,0.0026306655585901445,0.5745798319327731,267,0.0009654417151547289,0.542233388200641,0.0026306655585901445,0.5745798319327731
953,2020-04-22,source_key,213,0.005057893488716989,0.5476819813956371,0.22580645161290322,0.7741935483870968,0.002680953376666299,0.5750262329485835,268,0.0011394020648254086,0.5438377725711164,0.002680953376666299,0.5750262329485835
954,2020-04-23,source_key,214,0.005171684510256368,0.5496273981290629,0.22935779816513763,0.7706422018348624,0.0027209611125146153,0.5754716981132075,269,0.0012782045118270942,0.5454311288556893,0.0027209611125146153,0.5754716981132075
955,2020-05-01,source_key,215,0.005216826410501905,0.5472671909570856,0.2328767123287671,0.7671232876712328,0.0027174460891739903,0.574869109947644,270,0.0012714070585965356,0.5435267300637533,0.0027174460891739903,0.574869109947644
956,2020-06-11,source_state,157,0.008711901823211576,0.6342957534848239,0.35403726708074534,0.6459627329192547,0.002747543953019017,0.5753138075313807,157,0.0035042421869380855,0.6342957534848239,0.002747543953019017,0.5753138075313807
957,2020-10-28,source_key,130,0.00869920092200809,0.6481700118063755,0.3582089552238806,0.6417910447761194,0.0027645548143633253,0.5757575757575758,158,0.0035917749163053812,0.6363636363636364,0.0027645548143633253,0.5757575757575758
958,2021-05-12,source_key,131,0.008888650369470358,0.6505084517475924,0.362962962962963,0.6370370370370371,0.002825758159070862,0.5762004175365344,159,0.003915679093359256,0.6384087979282886,0.002825758159070862,0.5762004175365344
959,2021-09-20,source_key,132,0.008975218499091508,0.6528167696050908,0.36764705882352944,0.6323529411764706,0.002835519178928055,0.5766423357664233,160,0.003961902797627364,0.6404316090130118,0.002835519178928055,0.5766423357664233
960,2021-09-21,source_key,133,0.009034281847237294,0.6550955414012738,0.3722627737226277,0.6277372262773723,0.0028327816884520505,0.5770833333333333,161,0.003941253747643106,0.6424324324324324,0.0028327816884520505,0.5770833333333333
961,2021-09-28,source_key,134,0.008985701436770202,0.6508581514508884,0.3695652173913043,0.6304347826086957,0.0028217297889417538,0.5764828303850156,162,0.0038767666880902395,0.6389010103722601,0.0028217297889417538,0.5764828303850156
962,2021-09-29,source_key,135,0.008949402026840771,0.6531204644412191,0.3669064748201439,0.6330935251798561,0.0028198735801682525,0.5769230769230769,163,0.0038613374969147275,0.6408885232414644,0.0028198735801682525,0.5769230769230769
963,2021-09-30,source_key,136,0.009051953296476265,0.6553543613707166,0.37142857142857144,0.6285714285714286,0.0028399816889969507,0.5773624091381101,164,0.003961365366580571,0.6428547756346524,0.0028399816889969507,0.5773624091381101
964,2021-10-01,source_state,6,0.01294666278343589,0.5622406639004149,0.6,0.4,0.0028456834683229454,0.5778008298755186,6,0.0023664168964876507,0.5622406639004149,0.0028456834683229454,0.5778008298755186
965,2021-10-04,source_state,165,0.009116520479497698,0.6448556624722428,0.3727810650887574,0.6272189349112426,0.0028573609300223436,0.5782383419689119,165,0.0039867210987355175,0.6448556624722428,0.0028573609300223436,0.5782383419689119
966,2021-10-05,source_key,137,0.009056359768967324,0.6576906755140619,0.375886524822695,0.624113475177305,0.00285564592893593,0.5786749482401656,166,0.003971841039555184,0.6467799934619156,0.00285564592893593,0.5786749482401656
967,2021-11-26,source_state,100,0.007580184901167283,0.5556343196450613,0.25961538461538464,0.7403846153846154,0.0028533587123649976,0.5791106514994829,100,0.0021913467355348395,0.5556343196450613,0.0028533587123649976,0.5791106514994829
968,2021-11-30,source_key,30,0.004214945803148085,0.5904499540863177,0.23529411764705882,0.7647058823529411,0.0028374922355059577,0.5785123966942148,271,0.0013836128361504002,0.5453705000700378,0.0028374922355059577,0.5785123966942148
969,2021-12-01,source_key,216,0.0052042987618394956,0.5495614035087719,0.23636363636363636,0.7636363636363637,0.002878134501192769,0.5789473684210527,272,0.0015248684078610721,0.5469416785206259,0.002878134501192769,0.5789473684210527
970,2021-12-02,source_key,24,0.007702986243648742,0.5813573883161512,0.2857142857142857,0.7142857142857143,0.0028953397829209688,0.5793814432989691,101,0.0020818332000998225,0.5512412371134021,0.0028953397829209688,0.5793814432989691
971,2021-12-03,source_key,31,0.004329822750932869,0.598464563243142,0.22857142857142856,0.7714285714285715,0.0029316972945076323,0.5798146240988672,273,0.0015899455001480843,0.5485372086813899,0.0029316972945076323,0.5798146240988672
972,2021-12-06,source_key,25,0.00764140273550086,0.5903250188964475,0.27586206896551724,0.7241379310344828,0.0029461273410603113,0.5802469135802469,102,0.002378147102709469,0.5549676660787771,0.0029461273410603113,0.5802469135802469
973,2021-12-17,source_key,54,0.007540814503260692,0.5629694046960234,0.27586206896551724,0.7241379310344828,0.0029323012350240415,0.579650565262076,103,0.0022740790123172636,0.5504851461912585,0.0029323012350240415,0.579650565262076
974,2021-12-20,source_key,55,0.007897363884786499,0.5686325475008448,0.288135593220339,0.711864406779661,0.0029786869642272435,0.580082135523614,104,0.002640885105813377,0.5540779004106776,0.0029786869642272435,0.580082135523614
975,2022-01-10,source_key,32,0.004843083438426679,0.6059340659340658,0.25,0.75,0.0030075712417644354,0.5805128205128205,274,0.0016476258081270347,0.550108415074858,0.0030075712417644354,0.5805128205128205
976,2022-01-13,source_key,26,0.008090211333758432,0.5783606557377049,0.3,0.7,0.0029652290334001687,0.5799180327868853,105,0.002859311323777145,0.5575041301308934,0.0029652290334001687,0.5799180327868853
977,2022-01-18,source_key,56,0.008150699598124297,0.5737973387922211,0.3,0.7,0.002907396124036268,0.579324462640737,106,0.0024148126732875938,0.5531060546413668,0.002907396124036268,0.579324462640737
978,2022-01-19,source_key,57,0.007544756577079113,0.5665379080512004,0.29508196721311475,0.7049180327868853,0.0028628444116395113,0.5787321063394683,107,0.0020778032658768987,0.5487753477263148,0.0028628444116395113,0.5787321063394683
979,2022-01-20,source_key,58,0.006959730129109351,0.559455890779541,0.2903225806451613,0.7096774193548387,0.0028244581875417145,0.5781409601634321,108,0.0017920734050865365,0.5445104776054724,0.0028244581875417145,0.5781409601634321
980,2022-01-21,source_state,123,-0.01586655318852106,0.5638483965014577,0.023622047244094488,0.9763779527559056,0.0028308255261991306,0.5785714285714286,123,0.0003532668958547081,0.5638483965014577,0.0028308255261991306,0.5785714285714286
981,2022-01-24,source_key,20,-0.0018468894588765175,0.4976369196552683,0.08333333333333333,0.9166666666666666,0.002851277873654068,0.5790010193679919,275,0.001501414802225576,0.5481472390128154,0.002851277873654068,0.5790010193679919
982,2022-01-25,source_key,21,-0.010037622602407613,0.5312514143471374,0.12,0.88,0.002891688808419987,0.5794297352342159,124,0.0005154427759691579,0.5669345516596026,0.002891688808419987,0.5794297352342159
983,2022-01-26,source_state,13,0.0035548277206162273,0.6734211322207254,0.23529411764705882,0.7647058823529411,0.0029450132246971253,0.5798575788402849,13,0.01007331458973047,0.6734211322207254,0.0029450132246971253,0.5798575788402849
984,2022-01-27,source_state,125,-0.015432053245190959,0.5699787199214273,0.023255813953488372,0.9767441860465116,0.00297821760857872,0.5802845528455285,125,0.0008971262554100097,0.5699787199214273,0.00297821760857872,0.5802845528455285
985,2022-01-28,source_key,21,-0.0013718728234963394,0.5097123519458545,0.08,0.92,0.002990699665639374,0.5807106598984771,276,0.0016493465489562707,0.5497901861252116,0.002990699665639374,0.5807106598984771
986,2022-01-31,source_key,217,0.005435408180833396,0.5515473895954146,0.2398190045248869,0.7601809954751131,0.0029816928312059376,0.5801217038539553,277,0.0016235806032383728,0.5479166807059632,0.0029816928312059376,0.5801217038539553
987,2022-02-01,source_key,218,0.005418693839472874,0.5492099776432465,0.23873873873873874,0.7612612612612613,0.00297417562870283,0.5795339412360689,278,0.001602912459189782,0.546055677449224,0.00297417562870283,0.5795339412360689
988,2022-02-03,source_key,219,0.005409529873033038,0.5511071125106212,0.23766816143497757,0.7623318385650224,0.002971585727593019,0.5799595141700404,279,0.0015987879814550767,0.5475875522774949,0.002971585727593019,0.5799595141700404
989,2022-02-04,source_key,220,0.005371232631929545,0.5487907971290755,0.23660714285714285,0.7633928571428571,0.0029500128548679287,0.5793731041456016,280,0.0015314178422301474,0.5457399819062317,0.0029500128548679287,0.5793731041456016
990,2022-02-07,source_key,221,0.005332860569191477,0.5464935064935065,0.23555555555555555,0.7644444444444445,0.002928423624574469,0.5787878787878787,281,0.0014642936307385722,0.5439046199701937,0.002928423624574469,0.5787878787878787
991,2022-02-08,source_key,222,0.005306446162480961,0.5442150082449361,0.2345132743362832,0.7654867256637168,0.00291463817533298,0.5782038345105953,282,0.0014233521242474755,0.542081346497563,0.00291463817533298,0.5782038345105953
992,2022-02-10,source_key,223,0.00525959675930889,0.5419550737886901,0.23348017621145375,0.7665198237885462,0.0028875967604688525,0.5776209677419355,283,0.0013387176244075154,0.5402700430808028,0.0028875967604688525,0.5776209677419355
993,2022-02-11,source_key,224,0.005227930839621562,0.5397134782184972,0.2324561403508772,0.7675438596491229,0.002870444756115323,0.5770392749244713,284,0.0012871114254092084,0.5384705928512575,0.002870444756115323,0.5770392749244713
994,2022-02-14,source_key,225,0.00518483288510135,0.5374900002424184,0.2314410480349345,0.7685589519650655,0.0028459018651365506,0.5764587525150905,285,0.0012113789668794861,0.5366828804542465,0.0028459018651365506,0.5764587525150905
995,2022-02-15,source_key,226,0.005091148783657729,0.5352844221105528,0.23043478260869565,0.7695652173913043,0.002788633706931818,0.5758793969849246,286,0.001028405643291211,0.5349067920246393,0.002788633706931818,0.5758793969849246
996,2022-02-16,source_key,227,0.005017926903961956,0.5330965295444727,0.22943722943722944,0.7705627705627706,0.0027446929640406064,0.5753012048192772,287,0.0008899512070037654,0.5331422151629024,0.0027446929640406064,0.5753012048192772
997,2022-02-17,source_key,228,0.005010778423781661,0.5349898903058381,0.22844827586206898,0.771551724137931,0.002743523351162851,0.5757271815446339,288,0.0008920684089552031,0.5346713216572795,0.002743523351162851,0.5757271815446339
998,2022-02-18,source_key,229,0.005009781405827032,0.5368682028087797,0.22746781115879827,0.7725321888412017,0.002746312391659391,0.5761523046092184,289,0.000907090307772045,0.5361905920467133,0.002746312391659391,0.5761523046092184
999,2022-02-22,source_key,230,0.0050017146687448815,0.5387316450308577,0.2264957264957265,0.7735042735042735,0.0027445187509151842,0.5765765765765766,290,0.0009071040899458155,0.5377001205026682,0.0027445187509151842,0.5765765765765766
1000,2022-02-23,source_key,231,0.005050785390369647,0.5405803921568628,0.225531914893617,0.774468085106383,0.002779551235074774,0.577,291,0.0010268205294391177,0.5392,0.002779551235074774,0.577
1001,2022-02-24,source_key,232,0.005068107757773173,0.5424146166333667,0.2245762711864407,0.7754237288135594,0.002794058287767951,0.5774225774225774,292,0.0010794232500598174,0.540690322335892,0.002794058287767951,0.5774225774225774
1002,2022-02-25,source_key,233,0.005038858135566562,0.540250238821967,0.22362869198312235,0.7763713080168776,0.0027785483936735643,0.5768463073852296,293,0.001034632977810189,0.5389410453540867,0.0027785483936735643,0.5768463073852296
1003,2022-02-28,source_key,234,0.004968340034168295,0.5381027460254895,0.22268907563025211,0.7773109243697479,0.002736503303401908,0.576271186440678,294,0.0009043298573915488,0.5372028568382902,0.002736503303401908,0.576271186440678
1004,2022-03-01,source_key,235,0.0048264750516552974,0.5359719423464443,0.2217573221757322,0.7782426778242678,0.002701973236865812,0.5756972111553785,295,0.0007987977728990832,0.5354756522499344,0.002701973236865812,0.5756972111553785
1005,2022-03-02,source_key,236,0.004692099462361316,0.533857634902411,0.22083333333333333,0.7791666666666667,0.002675470838554173,0.5751243781094527,296,0.0007195234216531151,0.5337593283582089,0.002675470838554173,0.5751243781094527
1006,2022-03-03,source_key,237,0.004647823065588362,0.5317596337682715,0.21991701244813278,0.7800829875518672,0.002649472316698064,0.5745526838966203,297,0.0006421946674634219,0.532053783219685,0.002649472316698064,0.5745526838966203
1007,2022-03-04,source_key,238,0.004596634720155141,0.5296777519197677,0.2190082644628099,0.78099173553719,0.002619037481162525,0.573982125124131,298,0.0005509802643953911,0.5303589161583203,0.002619037481162525,0.573982125124131
1008,2022-03-07,source_key,22,-0.009702316310995166,0.5383022774327122,0.11538461538461539,0.8846153846153846,0.0026106915463360867,0.5734126984126984,126,0.000934161535837274,0.5717460317460318,0.0026106915463360867,0.5734126984126984
1009,2022-03-08,source_key,100,-0.01691747855156254,0.5707423510981809,0.019230769230769232,0.9807692307692307,0.002631723417411238,0.5738354806739346,127,0.0010891446671692617,0.574649347921685,0.002631723417411238,0.5738354806739346
1010,2022-03-09,source_key,22,-0.0016503919562268297,0.49526474386569086,0.07692307692307693,0.9230769230769231,0.0026481361256387747,0.5742574257425742,299,0.0005334995287271173,0.5287373938632254,0.0026481361256387747,0.5742574257425742
1011,2022-03-10,source_key,239,0.004682138462931019,0.5277273188839119,0.21810699588477367,0.7818930041152263,0.002681759199323015,0.5746785361028685,300,0.0006474332258261927,0.5302231014397186,0.002681759199323015,0.5746785361028685
1012,2022-03-11,source_key,240,0.0047678216817284985,0.5295544376572044,0.21721311475409835,0.7827868852459017,0.0027398722887750516,0.575098814229249,301,0.0008389393385825209,0.531699604743083,0.0027398722887750516,0.575098814229249
1013,2022-03-14,source_key,241,0.004864911916078187,0.531367691705936,0.2163265306122449,0.7836734693877551,0.0028052762289164867,0.5755182625863771,302,0.0010528191510882285,0.5331669886566658,0.0028052762289164867,0.5755182625863771
1014,2022-03-15,source_key,242,0.004945554121049873,0.5331672376206789,0.21544715447154472,0.7845528455284553,0.0028599374946032996,0.5759368836291914,303,0.0012316902546378923,0.5346253370247724,0.0028599374946032996,0.5759368836291914
1015,2022-03-16,source_key,243,0.005017084837991464,0.5349532296452095,0.21862348178137653,0.7813765182186235,0.002878738409574346,0.5763546798029556,304,0.001296209760414972,0.536074732668509,0.002878738409574346,0.5763546798029556
1016,2022-03-17,source_key,244,0.005045923263371655,0.5367258197202962,0.21774193548387097,0.782258064516129,0.0029000487055013857,0.5767716535433071,305,0.0013683837312760097,0.5375152574013355,0.0029000487055013857,0.5767716535433071
1017,2022-03-23,source_key,245,0.005065421586986641,0.5384851575265103,0.21686746987951808,0.7831325301204819,0.002915269120068102,0.5771878072763028,306,0.0014210386298765456,0.5389469920443372,0.002915269120068102,0.5771878072763028
1018,2022-04-11,source_key,246,0.005108327408371386,0.540231390526086,0.22,0.78,0.0029149131333172317,0.5776031434184676,307,0.0014244322621900934,0.5403700164412182,0.0029149131333172317,0.5776031434184676
1019,2022-04-12,source_key,27,0.006956894915727678,0.5661259597067483,0.2903225806451613,0.7096774193548387,0.0029264272043120427,0.57801766437684,109,0.0018651533529753404,0.5479129619928133,0.0029264272043120427,0.57801766437684
1020,2022-04-22,source_key,59,0.006415690653255317,0.5645641389085755,0.2857142857142857,0.7142857142857143,0.002911947666726346,0.5774509803921568,110,0.0017602625814221264,0.5437225636523266,0.002911947666726346,0.5774509803921568
1021,2022-04-25,source_key,33,0.004765488039715091,0.5937763114937197,0.24324324324324326,0.7567567567567568,0.002877027765097092,0.5768854064642507,308,0.001461522835616469,0.5417025595034398,0.002877027765097092,0.5768854064642507
1022,2022-04-26,source_state,14,0.0035197683413245202,0.6803996292100113,0.2222222222222222,0.7777777777777778,0.002874871015713382,0.5772994129158513,14,0.010701246151805373,0.6803996292100113,0.002874871015713382,0.5772994129158513
1023,2022-04-27,source_state,15,0.003619730862275369,0.6888487856229792,0.21052631578947367,0.7894736842105263,0.00289968050410919,0.5777126099706745,15,0.01116660920858278,0.6888487856229792,0.00289968050410919,0.5777126099706745
1024,2022-04-28,source_state,111,0.006532188115875578,0.5396412037037037,0.26956521739130435,0.7304347826086957,0.0028648911058385563,0.5771484375,111,0.0014963300485371512,0.5396412037037037,0.0028648911058385563,0.5771484375
1025,2022-04-29,source_state,16,0.0036162880692797543,0.670951219512195,0.2,0.8,0.0028605333688011166,0.5765853658536585,16,0.01004583911405787,0.670951219512195,0.0028605333688011166,0.5765853658536585
1026,2022-05-02,source_state,17,0.003603771462902203,0.6542575952075311,0.19047619047619047,0.8095238095238095,0.0028193920224051637,0.5760233918128655,17,0.008816967907691835,0.6542575952075311,0.0028193920224051637,0.5760233918128655
1027,2022-05-03,source_state,112,0.006435990028191236,0.5353757374420071,0.2672413793103448,0.7327586206896551,0.0027762138443797107,0.5754625121713729,112,0.001457900830293868,0.5353757374420071,0.0027762138443797107,0.5754625121713729
1028,2022-05-05,source_key,60,0.005750075655557677,0.5571150639244025,0.28125,0.71875,0.0026911914850712123,0.5749027237354085,113,0.000814651129721207,0.531369820216422,0.0026911914850712123,0.5749027237354085
1029,2022-05-06,source_key,34,0.003770665260219278,0.599728561375289,0.23684210526315788,0.7631578947368421,0.002665848202893771,0.5743440233236151,309,0.0014439342397199223,0.542895665344645,0.002665848202893771,0.5743440233236151
1030,2022-05-09,source_key,23,-0.009154128604687832,0.5488122288783309,0.1111111111111111,0.8888888888888888,0.002667941503319559,0.574757281553398,128,0.001214069983760406,0.5775932549821154,0.002667941503319559,0.574757281553398
1031,2022-05-10,source_key,101,-0.0167430612631014,0.5744325897187197,0.01904761904761905,0.9809523809523809,0.002687785903926635,0.5751697381183317,129,0.0013604079848063189,0.5804187824499344,0.002687785903926635,0.5751697381183317
1032,2022-05-11,source_key,102,-0.01654606338226557,0.5697674418604651,0.018867924528301886,0.9811320754716981,0.0026829855479319777,0.5746124031007752,130,0.001336110595122957,0.5765629719118092,0.0026829855479319777,0.5746124031007752
1033,2022-05-12,source_key,103,-0.016356807705718103,0.5651759648146595,0.018691588785046728,0.9813084112149533,0.0026732821687329364,0.57405614714424,131,0.0012786293250547102,0.5727570808481404,0.0026732821687329364,0.57405614714424
1034,2022-05-13,source_key,23,-0.001226572223135605,0.5056175151240792,0.07407407407407407,0.9259259259259259,0.0026415908543022354,0.5735009671179884,310,0.0014523050092874023,0.5442036623078794,0.0026415908543022354,0.5735009671179884
1035,2022-05-16,source_key,247,0.0049720056594439975,0.5415155890689343,0.22310756972111553,0.7768924302788844,0.002631383369539575,0.5729468599033817,311,0.0014235872763959313,0.5425394765303916,0.002631383369539575,0.5729468599033817
1036,2022-05-17,source_key,248,0.004911646651408363,0.5394759255053373,0.2222222222222222,0.7777777777777778,0.0025947316863360738,0.5723938223938224,312,0.0013115545737097188,0.5408852730281302,0.0025947316863360738,0.5723938223938224
1037,2022-05-18,source_key,249,0.004811835497710004,0.5411990773610831,0.22134387351778656,0.7786561264822134,0.0026057891142143895,0.5728061716489875,313,0.0013501750724976098,0.5422769973874649,0.0026057891142143895,0.5728061716489875
1038,2022-05-19,source_key,24,-0.008551482878085062,0.5574421965317918,0.10714285714285714,0.8928571428571429,0.002642486144546177,0.5732177263969171,132,0.0010727750246819628,0.5689565732918335,0.002642486144546177,0.5732177263969171
1039,2022-05-20,source_key,24,-0.0008864288318134027,0.49514757779916585,0.07142857142857142,0.9285714285714286,0.0027032538891429143,0.5736284889316651,314,0.0014735072799662394,0.5436895968472188,0.0027032538891429143,0.5736284889316651
1040,2022-05-23,source_key,250,0.00500554385149294,0.5429814710836609,0.2204724409448819,0.7795275590551181,0.0027394387407891413,0.5740384615384615,315,0.0015907061848652417,0.5450646698434309,0.0027394387407891413,0.5740384615384615
1041,2022-05-24,source_key,25,-0.007967995561344957,0.567076398282656,0.10344827586206896,0.896551724137931,0.0027750960533601482,0.574447646493756,133,0.0015051956333915794,0.5718900860882175,0.0027750960533601482,0.574447646493756
1042,2022-05-25,source_key,25,-0.0005081497785148692,0.5060519409299228,0.06896551724137931,0.9310344827586207,0.002820783414991333,0.5748560460652591,316,0.001709001088168756,0.5464604267810771,0.002820783414991333,0.5748560460652591
1043,2022-05-26,source_key,251,0.005133907100938409,0.5447502832737733,0.2196078431372549,0.7803921568627451,0.0028304507049848773,0.5752636625119847,317,0.0017425107091363046,0.5478191434026031,0.0028304507049848773,0.5752636625119847
1044,2022-05-27,source_key,252,0.0051139678813523996,0.542728635682159,0.21875,0.78125,0.002819735735701585,0.5747126436781609,318,0.0017122310389646458,0.5461786650534383,0.002819735735701585,0.5747126436781609
1045,2022-05-31,source_key,253,0.00511610004233563,0.544414696077246,0.2178988326848249,0.7821011673151751,0.002823549482155118,0.5751196172248804,319,0.0017273459067651234,0.5475302356075719,0.002823549482155118,0.5751196172248804
1046,2022-06-01,source_key,254,0.005114125284481382,0.5460885593628348,0.21705426356589147,0.7829457364341085,0.0028246548169794912,0.5755258126195029,320,0.0017339706504786961,0.5488738939036862,0.0028246548169794912,0.5755258126195029
1047,2022-06-03,source_key,255,0.005050799866596857,0.5440839675057255,0.21621621621621623,0.7837837837837838,0.002785458617891624,0.5749761222540593,321,0.0016154534184305667,0.5472447157510071,0.002785458617891624,0.5749761222540593
1048,2022-06-06,source_key,256,0.004913187837933235,0.5420937840785169,0.2153846153846154,0.7846153846153846,0.0026975509157639147,0.5744274809160306,322,0.0013464735008541407,0.5456250275779906,0.0026975509157639147,0.5744274809160306
1049,2022-06-09,source_key,257,0.004731372792282633,0.5401178549983208,0.21455938697318008,0.7854406130268199,0.002598971754056761,0.5738798856053384,323,0.001045538736886226,0.544014747131205,0.002598971754056761,0.5738798856053384
1050,2022-06-10,source_key,258,0.0045815677072699335,0.5381560283687943,0.21374045801526717,0.7862595419847328,0.002541866346188749,0.5733333333333334,324,0.0008737635212739438,0.5424137931034483,0.002541866346188749,0.5733333333333334
1051,2022-06-13,source_key,26,-0.007829945242706518,0.5753948620361561,0.1,0.9,0.0025437364040926903,0.5737392959086585,134,0.0017793949983108456,0.5744920449481506,0.0025437364040926903,0.5737392959086585
1052,2022-06-14,source_key,104,-0.016424054899968753,0.5607770912547528,0.018518518518518517,0.9814814814814815,0.002546752495941606,0.5741444866920152,135,0.0018046129620543387,0.5772293564818136,0.002546752495941606,0.5741444866920152
1053,2022-06-15,source_key,105,-0.016410218318921845,0.5642571611563859,0.01834862385321101,0.981651376146789,0.00254556894314863,0.5745489078822412,136,0.0018012845444034143,0.5799323361823362,0.00254556894314863,0.5745489078822412
1054,2022-06-16,source_key,106,-0.01611460088253894,0.5676835498467376,0.01818181818181818,0.9818181818181818,0.0026081430043626377,0.5749525616698292,137,0.002224881577865806,0.5826016240998503,0.0026081430043626377,0.5749525616698292
1055,2022-06-17,source_key,107,-0.015885959321616846,0.5710574870663145,0.018018018018018018,0.9819819819819819,0.0026645594653603474,0.5753554502369668,138,0.0026030088793659646,0.5852378444795506,0.0026645594653603474,0.5753554502369668
1056,2022-06-21,source_key,108,-0.01569384667417641,0.5743801652892562,0.017857142857142856,0.9821428571428571,0.0026761243861004435,0.5757575757575758,139,0.002680012959030372,0.5878416062465142,0.0026761243861004435,0.5757575757575758
1057,2022-06-22,source_key,109,-0.015621640438112443,0.5776527411243341,0.017699115044247787,0.9823008849557522,0.002688627941332421,0.5761589403973509,140,0.0027624059750842606,0.5904135034727831,0.002688627941332421,0.5761589403973509
1058,2022-06-23,source_key,110,-0.01544736340326875,0.5732443641903903,0.017543859649122806,0.9824561403508771,0.0026840615269944144,0.5756143667296786,141,0.002732014227523805,0.5867560291000745,0.0026840615269944144,0.5756143667296786
1059,2022-06-24,source_key,26,-0.0002768814826963001,0.5160339943342777,0.06666666666666667,0.9333333333333333,0.0026601274999840355,0.5750708215297451,325,0.000892307364749715,0.5438444117957417,0.0026601274999840355,0.5750708215297451
1060,2022-06-27,source_key,259,0.004698670838628181,0.5398893259550637,0.21292775665399238,0.7870722433460076,0.0026415221515697996,0.5745283018867925,326,0.0008397348574760079,0.5422533692722372,0.0026415221515697996,0.5745283018867925
1061,2022-06-28,source_key,27,-0.007860252397738306,0.5842804605348265,0.0967741935483871,0.9032258064516129,0.0026454701598735645,0.5749293119698398,142,0.0025734583232140396,0.5831223101643142,0.0026454701598735645,0.5749293119698398
1062,2022-06-29,source_key,27,-0.00011569983776715548,0.506037443225878,0.06451612903225806,0.9354838709677419,0.00266439433107832,0.5753295668549906,327,0.0008583660723267015,0.5436122780755549,0.00266439433107832,0.5753295668549906
1063,2022-06-30,source_key,28,-0.007422138214307183,0.5926441855416456,0.09375,0.90625,0.0026903654373698124,0.5757290686735654,143,0.0027006856783997847,0.5857335188512909,0.0026903654373698124,0.5757290686735654
1064,2022-07-01,source_key,28,8.361213228942621e-05,0.5159051474840949,0.0625,0.9375,0.002695208144158862,0.5761278195488722,328,0.000944027565964602,0.5449632604237867,0.002695208144158862,0.5761278195488722
1065,2022-07-05,source_key,260,0.004756688353068339,0.5415988891093038,0.21212121212121213,0.7878787878787878,0.0026898996339021633,0.5755868544600939,329,0.0009326117385103508,0.5433826756573434,0.0026898996339021633,0.5755868544600939
1066,2022-07-06,source_key,261,0.00473391618171471,0.5396530726440868,0.21132075471698114,0.7886792452830189,0.0026765573931704714,0.575046904315197,330,0.0008964937879393003,0.5418110895580924,0.0026765573931704714,0.575046904315197
1067,2022-07-11,source_key,262,0.0046872214037831424,0.5377209482176679,0.21052631578947367,0.7894736842105263,0.0026473532582028435,0.5745079662605436,331,0.0008117567523211276,0.5402484258880367,0.0026473532582028435,0.5745079662605436
1068,2022-07-12,source_key,263,0.004723148446107897,0.5393649923658146,0.20973782771535582,0.7902621722846442,0.0026730013093034127,0.5749063670411985,332,0.0008955861576798441,0.541566721373564,0.0026730013093034127,0.5749063670411985
1069,2022-07-13,source_key,264,0.004815697940881401,0.5409975574264629,0.2126865671641791,0.7873134328358209,0.0027098619686973854,0.5753040224508886,333,0.0010134184150166398,0.5428775813412362,0.0027098619686973854,0.5753040224508886
1070,2022-07-14,source_key,265,0.004925894339565955,0.5426187627332406,0.21561338289962825,0.7843866171003717,0.0027589660556985056,0.5757009345794393,334,0.0011682125902482225,0.5441810682399625,0.0027589660556985056,0.5757009345794393
1071,2022-09-06,source_key,266,0.004996439725575974,0.5442287259731479,0.21851851851851853,0.7814814814814814,0.002780536657554279,0.5760971055088702,335,0.001238436998319314,0.54547724382232,0.002780536657554279,0.5760971055088702
1072,2022-09-13,source_key,267,0.0049778677638086105,0.5423142021849515,0.2177121771217712,0.7822878228782287,0.0027704854985022742,0.5755597014925373,336,0.0012121204131477522,0.5439262023217247,0.0027704854985022742,0.5755597014925373
1073,2022-09-15,source_key,268,0.004915099170220899,0.5404128739036628,0.21691176470588236,0.7830882352941176,0.0027309182337159317,0.5750232991612302,337,0.0010962009550168285,0.5423838204428519,0.0027309182337159317,0.5750232991612302
1074,2022-09-16,source_key,269,0.004844015272328776,0.5385246057925144,0.21611721611721613,0.7838827838827839,0.0026858486789837293,0.574487895716946,338,0.0009640140660188763,0.5408500262353777,0.0026858486789837293,0.574487895716946
1075,2022-09-20,source_key,270,0.004700149262045894,0.5366492643569055,0.21532846715328466,0.7846715328467153,0.0026253167263580804,0.573953488372093,339,0.0007854940072788651,0.5393247485425076,0.0026253167263580804,0.573953488372093
1076,2022-09-21,source_key,271,0.004590022213540313,0.534786717913175,0.21454545454545454,0.7854545454545454,0.0026059832568904825,0.5734200743494424,340,0.0007321231454786507,0.5378079169900731,0.0026059832568904825,0.5734200743494424
1077,2022-09-22,source_key,272,0.0044713447308054825,0.5329368365580065,0.213768115942029,0.7862318840579711,0.0025752039876769314,0.5728876508820798,341,0.0006444132405671218,0.536299461975808,0.0025752039876769314,0.5728876508820798
1078,2022-09-23,source_key,29,-0.007247769538682464,0.5988028144362376,0.09090909090909091,0.9090909090909091,0.00254566256520794,0.5723562152133581,144,0.002710622885844033,0.5877175545542892,0.00254566256520794,0.5723562152133581
1079,2022-09-26,source_key,111,-0.01559883044799671,0.5684893419833179,0.017391304347826087,0.9826086956521739,0.0025491543939544603,0.5727525486561631,145,0.0027324366538131204,0.590213379690816,0.0025491543939544603,0.5727525486561631
1080,2022-09-27,source_key,112,-0.015435550209253399,0.5717320261437909,0.017241379310344827,0.9827586206896551,0.002583970650209423,0.5731481481481482,146,0.002957459387022651,0.5926797385620916,0.002583970650209423,0.5731481481481482
1081,2022-09-28,source_key,113,-0.015255131981799827,0.5749272436308636,0.017094017094017096,0.9829059829059829,0.002597958066528133,0.5735430157261795,147,0.0030456617630189174,0.5951171484060135,0.002597958066528133,0.5735430157261795
1082,2022-09-29,source_key,114,-0.01506939166804961,0.5780760266816685,0.01694915254237288,0.9830508474576272,0.002622076575391891,0.5739371534195934,148,0.0031981464555004588,0.597526114430641,0.002622076575391891,0.5739371534195934
1083,2022-09-30,source_key,115,-0.015004993987046642,0.5811793778273779,0.01680672268907563,0.9831932773109243,0.0026341584205415067,0.5743305632502308,149,0.0032721264133069097,0.5999071301618817,0.0026341584205415067,0.5743305632502308
1084,2022-10-03,source_key,116,-0.015068780950016387,0.5769372693726937,0.016666666666666666,0.9833333333333333,0.0026151457431326155,0.5738007380073801,150,0.0031473906974344022,0.5963863086906731,0.0026151457431326155,0.5738007380073801
1085,2022-10-04,source_key,29,0.000180340342162545,0.5048778367098513,0.06060606060606061,0.9393939393939394,0.0025634056742649914,0.5732718894009217,342,0.0005619049832000473,0.53485935886782,0.0025634056742649914,0.5732718894009217
1086,2022-10-05,source_key,273,0.004483441396068371,0.531130829473371,0.21299638989169675,0.7870036101083032,0.002510913449805734,0.572744014732965,343,0.0004085947149201814,0.5333674560043355,0.002510913449805734,0.572744014732965
1087,2022-10-06,source_key,30,-0.007523550739489519,0.6061705679920952,0.08823529411764706,0.9117647058823529,0.0024907811052239143,0.5722171113155474,151,0.0028065051489459263,0.5927612038375608,0.0024907811052239143,0.5722171113155474
1088,2022-10-07,source_key,117,-0.01535759756227946,0.5724864413850647,0.01652892561983471,0.9834710743801653,0.0024754189933801313,0.5716911764705882,152,0.0027076506465936023,0.5893215240641712,0.0024754189933801313,0.5716911764705882
1089,2022-10-10,source_key,118,-0.01518368965327601,0.5755635742831645,0.01639344262295082,0.9836065573770492,0.002490490196912098,0.5720844811753902,153,0.0028011083747171367,0.5916950708938382,0.002490490196912098,0.5720844811753902
1090,2022-10-11,source_key,119,-0.01499875065260418,0.578597549239751,0.016260162601626018,0.983739837398374,0.0025225442776984504,0.5724770642201835,154,0.002999971452347426,0.5940418513555303,0.0025225442776984504,0.5724770642201835
1091,2022-10-12,source_key,120,-0.014818689971053931,0.581589265709339,0.016129032258064516,0.9838709677419355,0.002550925575622776,0.5728689275893676,155,0.0031740927931908566,0.5963623143136582,0.002550925575622776,0.5728689275893676
1092,2022-10-13,source_key,30,-0.0005600224256128456,0.49511599511599513,0.058823529411764705,0.9411764705882353,0.002547188127076875,0.5723443223443223,344,0.00035720627043364786,0.5318920210224558,0.002547188127076875,0.5723443223443223
1093,2022-10-14,source_key,274,0.0045012174562627585,0.5293478327612567,0.21223021582733814,0.7877697841726619,0.002587478265760372,0.5727355901189387,345,0.0004851034703418033,0.5331860546418822,0.002587478265760372,0.5727355901189387
1094,2022-10-17,source_key,275,0.004580368686764485,0.5309532689709147,0.21505376344086022,0.7849462365591398,0.002615140375686376,0.573126142595978,346,0.0005743699938355622,0.5344730470873067,0.002615140375686376,0.573126142595978
1095,2023-09-26,source_state,7,0.013938547417208527,0.5730446310207689,0.6363636363636364,0.36363636363636365,0.00264668522099175,0.5735159817351598,7,0.002591322031191072,0.5730446310207689,0.00264668522099175,0.5735159817351598
1096,2023-10-19,source_state,167,0.009485786847249805,0.6479153131807238,0.38011695906432746,0.6198830409356725,0.002641293579244039,0.572992700729927,167,0.003927482977108502,0.6479153131807238,0.002641293579244039,0.572992700729927
1097,2023-10-20,source_key,138,0.009378669231647832,0.6588844998143084,0.38028169014084506,0.6197183098591549,0.0026161391255907977,0.5724703737465816,168,0.0037739187482379415,0.6444754633849894,0.0026161391255907977,0.5724703737465816
1098,2023-10-23,source_key,139,0.009328421343363657,0.6547654966643199,0.3776223776223776,0.6223776223776224,0.0026032076482356767,0.5719489981785064,169,0.0036927431149991197,0.641071378011835,0.0026032076482356767,0.5719489981785064
1099,2023-10-25,source_key,140,0.009277115266293478,0.6506968641114982,0.375,0.625,0.002589175639717528,0.5714285714285714,170,0.003605900429263838,0.6377025036818851,0.002589175639717528,0.5714285714285714
1100,2023-10-26,source_key,141,0.009413168368579233,0.652870523415978,0.3793103448275862,0.6206896551724138,0.0026269492113497185,0.5718181818181818,171,0.0038184171970845355,0.6396083916083916,0.0026269492113497185,0.5718181818181818
1101,2023-10-27,source_key,142,0.009576798973238477,0.6550178917304094,0.3835616438356164,0.6164383561643836,0.0026776641894487806,0.5722070844686649,172,0.0041034319030830565,0.6414947450369793,0.0026776641894487806,0.5722070844686649
1102,2024-04-04,source_key,143,0.009798574585170758,0.6571394416249171,0.3877551020408163,0.6122448979591837,0.0027191227028107736,0.5725952813067151,173,0.004333160422534679,0.6433618616820364,0.0027191227028107736,0.5725952813067151
1103,2024-04-12,source_key,144,0.009815772024539954,0.6531537365626214,0.3918918918918919,0.6081081081081081,0.002703401888223089,0.5720761559383499,174,0.004235527110615264,0.6400496350632343,0.002703401888223089,0.5720761559383499
1104,2024-04-15,source_key,145,0.009766229556762165,0.6492153331618215,0.38926174496644295,0.610738255033557,0.002692459915796882,0.5715579710144928,175,0.004165805150217504,0.6367708105746122,0.002692459915796882,0.5715579710144928
1105,2024-04-16,source_key,146,0.009731755792420124,0.6513335107798776,0.38666666666666666,0.6133333333333333,0.0026938334660046716,0.571945701357466,176,0.004166192114968377,0.6386334841628959,0.0026938334660046716,0.571945701357466
1106,2024-04-17,source_key,147,0.009703711823503429,0.6534268159851104,0.3841059602649007,0.6158940397350994,0.002700176648499804,0.5723327305605787,177,0.00419452762526955,0.6404775399674323,0.002700176648499804,0.5723327305605787
1107,2024-04-18,source_key,148,0.009674225167470666,0.6554956828638053,0.3815789473684211,0.618421052631579,0.0027049169406625807,0.5727190605239386,178,0.0042136707909098,0.6423032547157155,0.0027049169406625807,0.5727190605239386
1108,2024-04-19,source_key,149,0.009665479802336554,0.6575405354646189,0.3790849673202614,0.6209150326797386,0.002726353017135583,0.5731046931407943,179,0.004325773671290052,0.6441108996816702,0.002726353017135583,0.5731046931407943
1109,2024-04-22,source_key,150,0.009650983182491184,0.6595617880870206,0.37662337662337664,0.6233766233766234,0.002742552497858799,0.5734896302975654,180,0.004407904019355001,0.6459007408193215,0.002742552497858799,0.5734896302975654
1110,2024-04-30,source_key,151,0.009606178468314765,0.6557220077220077,0.3741935483870968,0.6258064516129033,0.0027335430251932786,0.572972972972973,181,0.004349942587529654,0.6426895187870798,0.0027335430251932786,0.572972972972973
1111,2024-05-01,source_key,152,0.009713031649208807,0.6577305457818509,0.3782051282051282,0.6217948717948718,0.0027613763770075535,0.5733573357335734,182,0.004495449649407643,0.6444688158136201,0.0027613763770075535,0.5733573357335734
1112,2024-07-18,global,1112,0.0018133921244559868,0.5737410071942446,0.1603942652329749,0.5994623655913979,0.002785852156744141,0.5737410071942446,1112,0.002785852156744141,0.5737410071942446,0.002785852156744141,0.5737410071942446
1113,2024-07-19,source_state,183,0.00979298532282406,0.6461710743909268,0.37967914438502676,0.6203208556149733,0.0027759026350840156,0.573225516621743,183,0.004620240103458463,0.6461710743909268,0.0027759026350840156,0.573225516621743
1114,2024-07-24,source_key,153,0.009773464113607296,0.6595766261956202,0.3821656050955414,0.6178343949044586,0.0027574043885914123,0.5727109515260324,184,0.004510166343953862,0.6430051097914653,0.0027574043885914123,0.5727109515260324
1115,2024-07-25,source_key,154,0.009745362045236178,0.6615407870207084,0.379746835443038,0.620253164556962,0.0027625938526565663,0.5730941704035875,185,0.004530061260771316,0.644757225309503,0.0027625938526565663,0.5730941704035875
1116,2024-07-26,source_key,155,0.00968521360642995,0.6577761758875473,0.37735849056603776,0.6226415094339622,0.00274112546951736,0.5725806451612904,186,0.0044051020979769834,0.6416282642089094,0.00274112546951736,0.5725806451612904
1117,2024-07-29,source_key,156,0.009593441048110971,0.6540535163632747,0.375,0.625,0.0026936753158851336,0.5720680393912265,187,0.00414062531161286,0.638529066091893,0.0026936753158851336,0.5720680393912265
1118,2024-07-30,source_key,157,0.009362216383019949,0.6503721127902036,0.37267080745341613,0.6273291925465838,0.0026585078232072377,0.5715563506261181,188,0.0039443600916417056,0.6354592095048435,0.0026585078232072377,0.5715563506261181
1119,2024-08-01,source_key,158,0.009263604195555206,0.6467312848009898,0.37037037037037035,0.6296296296296297,0.0026039706725680405,0.5710455764075067,189,0.003645666122397401,0.6324182809097659,0.0026039706725680405,0.5710455764075067
1120,2024-08-02,source_state,114,0.006029229254463035,0.5269151138716356,0.2627118644067797,0.7372881355932204,0.0026017963687152215,0.5714285714285714,114,0.0006237295369836653,0.5269151138716356,0.0026017963687152215,0.5714285714285714
1121,2024-08-05,source_state,156,-0.013226686569386106,0.5929081177520071,0.01875,0.98125,0.0026268728394463316,0.5718108831400536,156,0.0031580832004245996,0.5929081177520071,0.0026268728394463316,0.5718108831400536
1122,2024-08-06,source_state,115,0.0060901588703548525,0.5304505059054361,0.2605042016806723,0.7394957983193278,0.002658482116957158,0.5721925133689839,115,0.0008499831231643271,0.5304505059054361,0.002658482116957158,0.5721925133689839
1123,2024-08-07,source_state,12,-0.0014335273773848304,0.6039378648461463,0.1875,0.8125,0.0026991911891961675,0.572573463935886,12,0.005283833109329012,0.6039378648461463,0.0026991911891961675,0.572573463935886
1124,2024-08-08,source_state,190,0.00941313847209475,0.6343499517743706,0.36597938144329895,0.634020618556701,0.002734378602816514,0.5729537366548043,190,0.0036440440409066365,0.6343499517743706,0.002734378602816514,0.5729537366548043
1125,2024-08-09,source_key,18,0.007129157047563338,0.4704761904761905,0.2727272727272727,0.7272727272727273,0.0027675043853458686,0.5733333333333334,116,0.0012081354200181047,0.534,0.0027675043853458686,0.5733333333333334
1126,2024-09-03,source_state,191,0.009562903241328125,0.636135321574621,0.36923076923076925,0.6307692307692307,0.0028089125220878146,0.5737122557726465,191,0.003821465687278471,0.636135321574621,0.0028089125220878146,0.5737122557726465
1127,2024-09-04,source_key,159,0.009462933073526587,0.6490610499367245,0.36809815950920244,0.6319018404907976,0.002812008638985126,0.5740905057675244,192,0.0038332762307211323,0.6378619080482435,0.002812008638985126,0.5740905057675244
1128,2024-09-05,source_key,160,0.009537280162964902,0.6510175763182239,0.3719512195121951,0.6280487804878049,0.002824807104054003,0.574468085106383,193,0.003896513853613346,0.6395725071085401,0.002824807104054003,0.574468085106383
1129,2024-09-06,source_key,161,0.009652560911856449,0.6529528642903311,0.37575757575757573,0.6242424242424243,0.0028577930833946718,0.5748449955713021,194,0.004066060309715328,0.6412673389619782,0.0028577930833946718,0.5748449955713021
1130,2024-09-09,source_key,162,0.009748678615005932,0.6548672566371682,0.3795180722891566,0.6204819277108434,0.0028818737617856143,0.5752212389380531,195,0.0041874339884223,0.6429466197922982,0.0028818737617856143,0.5752212389380531
1131,2024-10-07,source_key,163,0.009836373855124517,0.6567610888097704,0.38323353293413176,0.6167664670658682,0.002902332686906636,0.5755968169761273,196,0.004288908980641129,0.6446105618519412,0.002902332686906636,0.5755968169761273
1132,2024-10-31,source_key,164,0.009895770928035771,0.6586346891211187,0.3869047619047619,0.6130952380952381,0.0029099563216124654,0.5759717314487632,197,0.004322512353610383,0.6462593735509968,0.0029099563216124654,0.5759717314487632
1133,2024-11-01,source_key,165,0.010022375820619635,0.6604883789349809,0.3905325443786982,0.6094674556213018,0.0029493517857772083,0.5763459841129744,198,0.004521467290577094,0.647893259543745,0.0029493517857772083,0.5763459841129744
1134,2024-11-04,source_key,166,0.010154866348261172,0.6623224728487886,0.3941176470588235,0.6058823529411764,0.002991553842998729,0.5767195767195767,199,0.004733565347786604,0.6495124208128693,0.002991553842998729,0.5767195767195767
1135,2024-12-18,source_key,167,0.01025666617419185,0.6641372788707706,0.39766081871345027,0.6023391812865497,0.0030197788708298144,0.5770925110132159,200,0.004871827828819819,0.651117054751416,0.0030197788708298144,0.5770925110132159
1136,2024-12-19,source_key,168,0.010325991623799793,0.6659330985915494,0.4011627906976744,0.5988372093023255,0.003033510645683287,0.5774647887323944,201,0.0049343914282510976,0.6527073552425665,0.003033510645683287,0.5774647887323944
1137,2024-12-20,source_key,169,0.010348323095343306,0.6624195113948623,0.4046242774566474,0.5953757225433526,0.00302648339640037,0.5769569041336852,202,0.004889880290197849,0.6497653349522498,0.00302648339640037,0.5769569041336852
1138,2024-12-31,source_key,170,0.01029601755068169,0.6589422571702934,0.40229885057471265,0.5977011494252874,0.0030111015000780965,0.5764499121265377,203,0.0048029324469367075,0.6468493299164622,0.0030111015000780965,0.5764499121265377
1139,2025-01-02,source_key,171,0.010251550355851277,0.655500776659688,0.4,0.6,0.0030022257779534355,0.5759438103599649,204,0.004749799570718114,0.6439589975817507,0.0030022257779534355,0.5759438103599649
1140,2025-01-07,source_key,172,0.010196290114012466,0.652094522019334,0.3977272727272727,0.6022727272727273,0.0029839438931585113,0.5754385964912281,205,0.00464924198253446,0.6410940013789933,0.0029839438931585113,0.5754385964912281
1141,2025-01-10,source_key,173,0.010163493109211566,0.6539058711522976,0.3954802259887006,0.6045197740112994,0.0029845252126623092,0.5758106923751095,206,0.0046449460657194555,0.6426932896391419,0.0029845252126623092,0.5758106923751095
1142,2025-01-13,source_key,174,0.010265742718358721,0.6556988448407013,0.398876404494382,0.601123595505618,0.003014534657913133,0.5761821366024519,207,0.004789234344115141,0.6442786635431119,0.003014534657913133,0.5761821366024519
1143,2025-01-14,source_key,175,0.010375892731317246,0.6574737203075747,0.4022346368715084,0.5977653631284916,0.0030483391590309513,0.5765529308836396,208,0.004951627245487089,0.6458503031948593,0.0030483391590309513,0.5765529308836396
1144,2025-02-24,source_key,176,0.010460336344982894,0.6592307692307692,0.40555555555555556,0.5944444444444444,0.003070698856309468,0.5769230769230769,209,0.005055545006580872,0.6474083856058105,0.003070698856309468,0.5769230769230769
1145,2025-02-25,source_key,177,0.01039319954711963,0.6558908514197571,0.40331491712707185,0.5966850828729282,0.0030424734295186944,0.5764192139737991,210,0.004906056245603582,0.6445900048520136,0.0030424734295186944,0.5764192139737991
1146,2025-02-26,source_key,178,0.010336391579655163,0.6525841065781972,0.4010989010989011,0.5989010989010989,0.0030229694762856376,0.5759162303664922,211,0.004801021317523746,0.6417957001225354,0.0030229694762856376,0.5759162303664922
1147,2025-02-27,source_key,179,0.01027796269119634,0.6493100441932477,0.3989071038251366,0.6010928961748634,0.0030019449631853968,0.5754141238012206,212,0.004689166416330441,0.6390251651323274,0.0030019449631853968,0.5754141238012206
1148,2025-02-28,source_key,180,0.010209802640879962,0.6460681833709094,0.3967391304347826,0.6032608695652174,0.0029725604937529252,0.5749128919860628,213,0.004536736797646889,0.6362780987665212,0.0029725604937529252,0.5749128919860628
1149,2025-03-03,source_key,181,0.010132494733780039,0.6428580526014137,0.3945945945945946,0.6054054054054054,0.002935400277962258,0.5744125326370757,214,0.004347017850477367,0.6335542049718059,0.002935400277962258,0.5744125326370757
1150,2025-03-04,source_key,182,0.009929030185462068,0.639679189531448,0.3924731182795699,0.6075268817204301,0.0029012826871496265,0.5739130434782609,215,0.004173521326684293,0.6308531926505367,0.0029012826871496265,0.5739130434782609
1151,2025-03-05,source_key,183,0.009724805230189017,0.6365311407429792,0.39037433155080214,0.6096256684491979,0.0028627168313157883,0.573414422241529,216,0.003979408329833066,0.6281747755574862,0.0028627168313157883,0.573414422241529
1152,2025-03-06,source_key,19,0.007716306904375048,0.48255813953488375,0.30434782608695654,0.6956521739130435,0.002827962591589397,0.5729166666666666,117,0.0015601632773699046,0.5372340425531915,0.002827962591589397,0.5729166666666666
1153,2025-03-07,source_state,217,0.009566069098529865,0.6254691891619553,0.38461538461538464,0.6153846153846154,0.0028057670657490423,0.572419774501301,217,0.0038029752591404405,0.6254691891619553,0.0028057670657490423,0.572419774501301
1154,2025-03-10,source_state,13,-0.0011661310383606679,0.6147828938123565,0.17647058823529413,0.8235294117647058,0.0028134915435539874,0.5727902946273831,13,0.0063570552578080695,0.6147828938123565,0.0028134915435539874,0.5727902946273831
1155,2025-03-11,source_state,18,0.0023813158322173993,0.6370439084724799,0.18181818181818182,0.8181818181818182,0.002818998401416863,0.5731601731601732,18,0.007618134297664551,0.6370439084724799,0.002818998401416863,0.5731601731601732
1156,2025-03-12,source_state,14,-0.0007949928255888113,0.6253869969040248,0.16666666666666666,0.8333333333333334,0.002829344967225962,0.5735294117647058,14,0.006441195765321074,0.6253869969040248,0.002829344967225962,0.5735294117647058
1157,2025-03-13,source_state,19,0.0011842449196709567,0.6458965648931679,0.17391304347826086,0.8260869565217391,0.0028489530226847907,0.5738980121002593,19,0.007801399532304128,0.6458965648931679,0.0028489530226847907,0.5738980121002593
1158,2025-03-14,source_state,20,0.001314707870501519,0.6541450777202072,0.16666666666666666,0.8333333333333334,0.0028508910349872925,0.57426597582038,20,0.007740905987575447,0.6541450777202072,0.0028508910349872925,0.57426597582038
1159,2025-03-17,source_state,118,0.0060280199081549305,0.5337408402095055,0.26229508196721313,0.7377049180327869,0.002861601335570153,0.5746333045729077,118,0.001394555445509546,0.5337408402095055,0.002861601335570153,0.5746333045729077
1160,2025-03-18,source_state,21,0.0014773156528871956,0.6622222222222222,0.16,0.84,0.0028839830284298766,0.575,21,0.007925737793476986,0.6622222222222222,0.0028839830284298766,0.575
1161,2025-03-19,source_state,119,0.006044896871940443,0.5371243743336767,0.2601626016260163,0.7398373983739838,0.0028863141895904,0.5753660637381568,119,0.0015905199077740637,0.5371243743336767,0.0028863141895904,0.5753660637381568
1162,2025-03-20,source_state,218,0.009506263071719475,0.6273452724712308,0.38288288288288286,0.6171171171171171,0.002888846113056778,0.5757314974182444,218,0.0038439287150449897,0.6273452724712308,0.002888846113056778,0.5757314974182444
1163,2025-03-21,source_key,20,0.006375505331021265,0.4728562495114516,0.2916666666666667,0.7083333333333334,0.0028736774541056613,0.5752364574376613,120,0.0016178435723442986,0.5403171873507213,0.0028736774541056613,0.5752364574376613
1164,2025-03-26,source_state,219,0.009433524014571102,0.6246659030164184,0.3811659192825112,0.6188340807174888,0.002849225197806498,0.5747422680412371,219,0.003763487830567034,0.6246659030164184,0.002849225197806498,0.5747422680412371
1165,2025-03-27,source_key,184,0.009524076308825916,0.6335671838890723,0.3882978723404255,0.6117021276595744,0.002800794429183395,0.5742489270386266,220,0.003523740098904615,0.6220572715119961,0.002800794429183395,0.5742489270386266
1166,2025-03-28,source_key,21,0.006086348149388257,0.46155898608728796,0.28,0.72,0.002720633483083017,0.5737564322469982,121,0.0014048804843787253,0.536345892233986,0.002720633483083017,0.5737564322469982
1167,2025-03-31,source_key,61,0.00543153372769701,0.5500982912445184,0.27692307692307694,0.7230769230769231,0.002634035464029718,0.5732647814910026,122,0.0007074661851062975,0.5325914709300279,0.002634035464029718,0.5732647814910026
1168,2025-04-01,source_key,35,0.0038615957475383956,0.6058741583468772,0.23076923076923078,0.7692307692307693,0.0025333543675767596,0.5727739726027398,347,0.0006676840418048465,0.535705054831444,0.0025333543675767596,0.5727739726027398
1169,2025-04-02,source_key,28,0.007416103580815827,0.5525926169638745,0.3125,0.6875,0.0025070934859260452,0.572284003421728,123,-0.00010012265062580962,0.528808272667493,0.0025070934859260452,0.572284003421728
1170,2025-04-03,source_key,36,0.003045404254391204,0.5953846153846154,0.225,0.775,0.0024856494840204855,0.5717948717948718,348,0.0005870974355433831,0.5342018196856906,0.0024856494840204855,0.5717948717948718
1171,2025-04-04,source_key,31,-0.007516034128751719,0.595124602127164,0.08571428571428572,0.9142857142857143,0.002531964966694227,0.5721605465414176,157,0.003338506460425257,0.5952036083811825,0.002531964966694227,0.5721605465414176
1172,2025-04-07,source_key,121,-0.015027791538184069,0.5775214781687654,0.016,0.984,0.002588573018613085,0.5725255972696246,158,0.0037060706835088967,0.5974759029366538,0.002588573018613085,0.5725255972696246
1173,2025-04-08,source_key,122,-0.01482225811363268,0.5804750726973338,0.015873015873015872,0.9841269841269841,0.0026569913528628635,0.5728900255754475,159,0.004147487341607748,0.5997232820426817,0.0026569913528628635,0.5728900255754475
1174,2025-04-09,source_key,31,-0.0008587620859655202,0.504320892055134,0.05714285714285714,0.9428571428571428,0.0026190804208410445,0.5724020442930153,349,0.0007461760541576506,0.5354896757722047,0.0026190804208410445,0.5724020442930153
1175,2025-04-10,source_key,32,-0.007035940604717253,0.6026139817629179,0.08333333333333333,0.9166666666666666,0.0026198202656684513,0.5727659574468085,160,0.003892650187939128,0.5964477335800185,0.0026198202656684513,0.5727659574468085
1176,2025-04-11,source_key,32,-0.0015631827023856355,0.5131195335276968,0.05555555555555555,0.9444444444444444,0.002585645361483082,0.5722789115646258,350,0.0007513626333402572,0.5367237804212595,0.002585645361483082,0.5722789115646258
1177,2025-04-14,source_key,276,0.004385746224682685,0.5324100821297083,0.21785714285714286,0.7821428571428571,0.002564742206335741,0.5717926932880204,351,0.0006893082157300892,0.5352613990370999,0.002564742206335741,0.5717926932880204
1178,2025-04-15,source_key,277,0.004290924309488121,0.5306025754558941,0.21708185053380782,0.7829181494661922,0.0025591068859678046,0.5713073005093379,352,0.0006762810319756871,0.5338068489686811,0.0025591068859678046,0.5713073005093379
1179,2025-04-16,source_key,33,-0.007500866053099109,0.591580733002991,0.08108108108108109,0.918918918918919,0.0025908693334425123,0.5716709075487701,161,0.0036647726764921693,0.5930816312495701,0.0025908693334425123,0.5716709075487701
1180,2025-04-17,source_key,123,-0.014490527230250242,0.5763864867981091,0.015748031496062992,0.984251968503937,0.0026276812018823127,0.5720338983050848,162,0.003897286581107601,0.5953162019318389,0.0026276812018823127,0.5720338983050848
1181,2025-04-21,source_key,124,-0.014296656188285092,0.5793075039476394,0.015625,0.984375,0.002686373197740733,0.5723962743437765,163,0.004268699680734181,0.5975267945681851,0.002686373197740733,0.5723962743437765
1182,2025-04-22,source_key,125,-0.014118584014284239,0.5821892140496713,0.015503875968992248,0.9844961240310077,0.0027275368738824317,0.5727580372250423,164,0.004524343653840009,0.5997137919861756,0.0027275368738824317,0.5727580372250423
1183,2025-04-23,source_state,124,0.005580474737889708,0.5253706792168331,0.25,0.75,0.002755417502188012,0.5731191885038038,124,-0.00021176109456273664,0.5253706792168331,0.002755417502188012,0.5731191885038038
1184,2025-04-24,source_key,62,0.005309676904972213,0.5437617850408548,0.2727272727272727,0.7272727272727273,0.0027712892968156048,0.5734797297297297,125,-6.316843344272076e-05,0.5286141846544531,0.0027712892968156048,0.5734797297297297
1185,2025-04-25,source_key,37,0.0028377311663695167,0.6028221622743308,0.21951219512195122,0.7804878048780488,0.002793655245613916,0.5738396624472574,353,0.0007955380931379678,0.5352046469462445,0.002793655245613916,0.5738396624472574
1186,2025-04-28,source_key,278,0.00463323763047032,0.5323866745585919,0.21631205673758866,0.7836879432624113,0.0028106779608889415,0.5741989881956155,354,0.0008553148196862647,0.5364570786155947,0.0028106779608889415,0.5741989881956155
1187,2025-04-29,source_key,279,0.0046374073705935616,0.5339583663505356,0.21554770318021202,0.784452296819788,0.0028151188708670756,0.5745577085088458,355,0.0008746639097251135,0.537702862807948,0.0028151188708670756,0.5745577085088458
1188,2025-04-30,source_key,280,0.004646181007023499,0.5355196703880915,0.2147887323943662,0.7852112676056338,0.0028227826570409106,0.5749158249158249,356,0.0009042138144720337,0.5389420520999468,0.0028227826570409106,0.5749158249158249
1189,2025-05-01,source_key,281,0.004654811541519604,0.537070688965793,0.21403508771929824,0.7859649122807018,0.002830333070228955,0.575273338940286,357,0.0009332878828176153,0.5401746985159235,0.002830333070228955,0.575273338940286
1190,2025-05-02,source_key,282,0.0046441623505412595,0.5352776404679519,0.21328671328671328,0.7867132867132867,0.0028243664921671317,0.5747899159663865,358,0.000919292122137924,0.538730256500506,0.0028243664921671317,0.5747899159663865
1191,2025-05-05,source_key,283,0.004680108541437382,0.536819304392061,0.21254355400696864,0.7874564459930313,0.002851020285520292,0.5751469353484466,359,0.0010088206685977645,0.5399569881158296,0.002851020285520292,0.5751469353484466
1192,2025-05-06,source_key,284,0.004777592612771179,0.5383509108341323,0.2152777777777778,0.7847222222222222,0.002890724870167255,0.575503355704698,360,0.0011393492481488845,0.5411772930648769,0.002890724870167255,0.575503355704698
1193,2025-05-07,source_key,285,0.004871492545596982,0.5398725575566208,0.2179930795847751,0.7820069204152249,0.0029277968569628196,0.575859178541492,361,0.0012610842703624425,0.5423912215194696,0.0029277968569628196,0.575859178541492
1194,2025-11-18,source_state,221,0.009737063244818269,0.6197107988924213,0.37777777777777777,0.6222222222222222,0.002962992145031565,0.576214405360134,221,0.0031551773901601,0.6197107988924213,0.002962992145031565,0.576214405360134
1195,2025-11-20,source_key,185,0.009904500509043037,0.6308021861424196,0.3862433862433862,0.6137566137566137,0.0029820447343677637,0.5765690376569038,222,0.0032488071509556168,0.6212912882266898,0.0029820447343677637,0.5765690376569038
1196,2026-03-06,source_key,186,0.010016643174973822,0.6326007326007326,0.3894736842105263,0.6105263157894737,0.0030064987945247453,0.5769230769230769,223,0.003368512377574766,0.6228589224540642,0.0030064987945247453,0.5769230769230769
1197,2026-03-12,source_key,187,0.0099711727188071,0.6295478031571821,0.387434554973822,0.612565445026178,0.0029926062251690857,0.5764411027568922,224,0.003298654148678357,0.6203007518796992,0.0029926062251690857,0.5764411027568922
1198,2026-03-20,source_key,188,0.009921608056725054,0.6265237660251362,0.3854166666666667,0.6145833333333334,0.0029750484939435303,0.5759599332220368,225,0.0032112581828906517,0.6177632064149754,0.0029750484939435303,0.5759599332220368
1199,2026-03-23,source_key,189,0.009855023014268565,0.6235282140437846,0.38341968911917096,0.616580310880829,0.0029427759038719733,0.5754795663052544,226,0.003052435833504807,0.6152460383653044,0.0029427759038719733,0.5754795663052544
1200,2026-03-24,source_key,190,0.009819087813516567,0.6205607476635514,0.38144329896907214,0.6185567010309279,0.002936700334839128,0.575,227,0.0030223714652743874,0.6127490039840638,0.002936700334839128,0.575
1201,2026-03-26,source_key,191,0.009785284721960656,0.6176209747690878,0.37948717948717947,0.6205128205128205,0.002932252161649822,0.5745212323064113,228,0.0030004084363563924,0.6102718633942614,0.002932252161649822,0.5745212323064113
1202,2026-03-27,source_key,192,0.009792459761987681,0.6194305786651876,0.37755102040816324,0.6224489795918368,0.002962403527696306,0.5748752079866889,229,0.0031462480351638323,0.6118458695323341,0.002962403527696306,0.5748752079866889
1203,2026-03-30,source_key,22,0.0052983734570709925,0.45229318009324515,0.2692307692307692,0.7307692307692307,0.002995784021356504,0.5752285951787198,126,0.0001683381028588719,0.5320365752285952,0.002995784021356504,0.5752285951787198
1204,2026-03-31,source_state,230,0.009755057425101351,0.6134407617652444,0.3717948717948718,0.6282051282051282,0.0030260795770439583,0.5755813953488372,230,0.0033096382499279834,0.6134407617652444,0.0030260795770439583,0.5755813953488372
