date,epu_20d_change
1999-01-01,51.510000000000005
1999-01-02,40.05999999999999
1999-01-03,151.96
1999-01-04,6.1299999999999955
1999-01-05,-109.06
1999-01-06,-75.00999999999999
1999-01-07,-81.62
1999-01-08,31.209999999999994
1999-01-09,-21.580000000000013
1999-01-10,-27.389999999999986
1999-01-11,-77.11000000000001
1999-01-12,2.3299999999999983
1999-01-13,47.64
1999-01-14,14.229999999999997
1999-01-15,83.85000000000001
1999-01-16,-157.34
1999-01-17,-31.060000000000002
1999-01-18,-12.18
1999-01-19,29.380000000000003
1999-01-20,40.08
1999-01-21,-46.36
1999-01-22,-50.489999999999995
1999-01-23,-178.04
1999-01-24,34.31999999999999
1999-01-25,9.619999999999997
1999-01-26,3.460000000000001
1999-01-27,27.869999999999997
1999-01-28,-34.739999999999995
1999-01-29,-45.8
1999-01-30,1.4099999999999966
1999-01-31,82.0
1999-02-01,107.62
1999-02-02,5.109999999999999
1999-02-03,13.160000000000004
1999-02-04,-136.84
1999-02-05,30.46999999999999
1999-02-06,-14.36
1999-02-07,48.21
1999-02-08,-40.84
1999-02-09,-6.269999999999996
1999-02-10,-2.989999999999995
1999-02-11,-4.010000000000005
1999-02-12,22.369999999999997
1999-02-13,-107.33
1999-02-14,32.97
1999-02-15,65.53
1999-02-16,-54.94
1999-02-17,-57.400000000000006
1999-02-18,-44.67
1999-02-19,-51.290000000000006
1999-02-20,-60.69999999999999
1999-02-21,-86.94
1999-02-22,-32.309999999999995
1999-02-23,-5.520000000000003
1999-02-24,57.879999999999995
1999-02-25,-52.629999999999995
1999-02-26,-30.870000000000005
1999-02-27,-8.86
1999-02-28,21.849999999999994
1999-03-01,-24.700000000000003
1999-03-02,-25.740000000000002
1999-03-03,-62.629999999999995
1999-03-04,-11.290000000000006
1999-03-05,10.3
1999-03-06,91.07
1999-03-07,-23.33
1999-03-08,28.049999999999997
1999-03-09,33.06
1999-03-10,-21.479999999999997
1999-03-11,0.5500000000000043
1999-03-12,-33.2
1999-03-13,-14.980000000000004
1999-03-14,9.699999999999996
1999-03-15,10.899999999999999
1999-03-16,-2.9399999999999977
1999-03-17,50.34
1999-03-18,5.659999999999997
1999-03-19,-35.480000000000004
1999-03-20,-15.93999999999999
1999-03-21,59.44
1999-03-22,-22.380000000000003
1999-03-23,30.27
1999-03-24,-49.63999999999999
1999-03-25,-37.04
1999-03-26,-162.66
1999-03-27,-40.96
1999-03-28,49.32000000000001
1999-03-29,-21.64
1999-03-30,58.800000000000004
1999-03-31,0.8599999999999994
1999-04-01,-17.57
1999-04-02,-6.8899999999999935
1999-04-03,10.060000000000002
1999-04-04,1.6100000000000065
1999-04-05,-3.569999999999993
1999-04-06,-45.730000000000004
1999-04-07,-19.99
1999-04-08,5.5
1999-04-09,15.719999999999992
1999-04-10,-96.37
1999-04-11,65.74
1999-04-12,55.160000000000004
1999-04-13,21.799999999999997
1999-04-14,30.770000000000003
1999-04-15,10.730000000000004
1999-04-16,-37.35
1999-04-17,-91.58
1999-04-18,36.01
1999-04-19,-15.560000000000002
1999-04-20,23.380000000000003
1999-04-21,2.509999999999998
1999-04-22,-5.890000000000004
1999-04-23,-39.47
1999-04-24,23.389999999999993
1999-04-25,-30.580000000000005
1999-04-26,88.96000000000001
1999-04-27,45.959999999999994
1999-04-28,-15.21
1999-04-29,-50.11
1999-04-30,14.729999999999997
1999-05-01,-84.28
1999-05-02,-47.09
1999-05-03,-7.519999999999996
1999-05-04,-23.290000000000003
1999-05-05,-15.820000000000004
1999-05-06,39.98
1999-05-07,24.44
1999-05-08,-24.489999999999995
1999-05-09,-33.35
1999-05-10,-26.46
1999-05-11,-21.95
1999-05-12,3.150000000000002
1999-05-13,160.17
1999-05-14,-3.0
1999-05-15,-19.87
1999-05-16,-4.390000000000001
1999-05-17,36.33
1999-05-18,-5.239999999999995
1999-05-19,17.27
1999-05-20,7.039999999999999
1999-05-21,17.03
1999-05-22,-32.260000000000005
1999-05-23,29.369999999999997
1999-05-24,32.120000000000005
1999-05-25,16.95
1999-05-26,0.9100000000000037
1999-05-27,-12.190000000000001
1999-05-28,7.669999999999995
1999-05-29,21.61
1999-05-30,12.829999999999998
1999-05-31,34.95
1999-06-01,-6.190000000000001
1999-06-02,-126.38
1999-06-03,-33.48
1999-06-04,-3.66
1999-06-05,-61.010000000000005
1999-06-06,-62.82999999999999
1999-06-07,-20.53
1999-06-08,-4.289999999999999
1999-06-09,-20.24
1999-06-10,26.71
1999-06-11,10.379999999999999
1999-06-12,-38.43
1999-06-13,61.87
1999-06-14,-7.629999999999999
1999-06-15,-31.0
1999-06-16,23.910000000000004
1999-06-17,-3.289999999999999
1999-06-18,6.670000000000002
1999-06-19,19.839999999999996
1999-06-20,28.72
1999-06-21,16.95
1999-06-22,-26.57
1999-06-23,12.61
1999-06-24,80.74000000000001
1999-06-25,-33.480000000000004
1999-06-26,-38.75
1999-06-27,57.24
1999-06-28,8.079999999999998
1999-06-29,159.67999999999998
1999-06-30,3.8299999999999983
1999-07-01,106.04999999999998
1999-07-02,28.940000000000005
1999-07-03,-91.67
1999-07-04,46.8
1999-07-05,29.15
1999-07-06,-4.07
1999-07-07,-14.889999999999997
1999-07-08,92.25
1999-07-09,-29.439999999999998
1999-07-10,18.36
1999-07-11,68.43
1999-07-12,22.630000000000003
1999-07-13,-47.14
1999-07-14,-5.790000000000006
1999-07-15,29.669999999999998
1999-07-16,64.18
1999-07-17,-58.47
1999-07-18,75.54
1999-07-19,-126.75999999999999
1999-07-20,-46.64
1999-07-21,-104.16
1999-07-22,-20.560000000000002
1999-07-23,66.69
1999-07-24,-26.22999999999999
1999-07-25,53.080000000000005
1999-07-26,82.82
1999-07-27,49.16
1999-07-28,-85.81
1999-07-29,142.72000000000003
1999-07-30,-39.019999999999996
1999-07-31,-79.64000000000001
1999-08-01,26.169999999999995
1999-08-02,39.58
1999-08-03,-26.539999999999992
1999-08-04,-24.71
1999-08-05,-12.410000000000004
1999-08-06,131.55
1999-08-07,-44.22
1999-08-08,50.400000000000006
1999-08-09,65.77
1999-08-10,-6.289999999999999
1999-08-11,-1.3800000000000026
1999-08-12,-51.169999999999995
1999-08-13,-0.740000000000002
1999-08-14,-86.4
1999-08-15,-59.17
1999-08-16,-10.520000000000003
1999-08-17,-34.31
1999-08-18,-164.14000000000001
1999-08-19,-12.220000000000006
1999-08-20,8.730000000000004
1999-08-21,3.430000000000007
1999-08-22,-3.0999999999999943
1999-08-23,19.58
1999-08-24,37.839999999999996
1999-08-25,0.39000000000000057
1999-08-26,-126.54
1999-08-27,-31.190000000000005
1999-08-28,-52.1
1999-08-29,-37.089999999999996
1999-08-30,4.93
1999-08-31,-2.1799999999999997
1999-09-01,17.520000000000003
1999-09-02,6.219999999999999
1999-09-03,26.990000000000002
1999-09-04,-21.97
1999-09-05,15.869999999999997
1999-09-06,52.8
1999-09-07,19.41
1999-09-08,-38.239999999999995
1999-09-09,17.07
1999-09-10,-27.86
1999-09-11,13.82
1999-09-12,16.25
1999-09-13,-26.449999999999996
1999-09-14,-33.379999999999995
1999-09-15,39.739999999999995
1999-09-16,-20.22
1999-09-17,19.910000000000004
1999-09-18,-9.100000000000001
1999-09-19,26.299999999999997
1999-09-20,25.96
1999-09-21,-9.46
1999-09-22,139.06
1999-09-23,-14.130000000000003
1999-09-24,-6.080000000000005
1999-09-25,-22.639999999999993
1999-09-26,16.78
1999-09-27,48.35
1999-09-28,26.68
1999-09-29,30.39
1999-09-30,-28.300000000000004
1999-10-01,-25.46
1999-10-02,43.47999999999999
1999-10-03,22.17000000000001
1999-10-04,99.43
1999-10-05,6.380000000000003
1999-10-06,21.519999999999996
1999-10-07,-31.430000000000007
1999-10-08,-10.61
1999-10-09,-8.399999999999999
1999-10-10,20.080000000000005
1999-10-11,2.9399999999999977
1999-10-12,-169.82999999999998
1999-10-13,-3.9899999999999984
1999-10-14,33.92000000000001
1999-10-15,-16.25
1999-10-16,32.50999999999999
1999-10-17,-27.24000000000001
1999-10-18,45.209999999999994
1999-10-19,-41.68000000000001
1999-10-20,11.82
1999-10-21,-2.020000000000003
1999-10-22,-134.06
1999-10-23,-59.790000000000006
1999-10-24,-63.34
1999-10-25,-30.909999999999997
1999-10-26,25.119999999999997
1999-10-27,8.96
1999-10-28,2.4400000000000013
1999-10-29,0.730000000000004
1999-10-30,-52.81
1999-10-31,81.36000000000001
1999-11-01,23.05
1999-11-02,31.099999999999998
1999-11-03,19.629999999999995
1999-11-04,11.129999999999995
1999-11-05,-92.84
1999-11-06,-30.68999999999999
1999-11-07,-1.1799999999999926
1999-11-08,25.47
1999-11-09,-3.9399999999999977
1999-11-10,4.240000000000002
1999-11-11,30.639999999999997
1999-11-12,19.59
1999-11-13,-31.13
1999-11-14,43.66
1999-11-15,-4.6499999999999915
1999-11-16,-2.789999999999999
1999-11-17,50.17
1999-11-18,-29.55
1999-11-19,10.91
1999-11-20,-103.91000000000001
1999-11-21,40.96999999999999
1999-11-22,-0.01999999999999602
1999-11-23,101.13999999999999
1999-11-24,-34.06999999999999
1999-11-25,14.350000000000001
1999-11-26,13.57
1999-11-27,-40.11
1999-11-28,-11.589999999999996
1999-11-29,-7.340000000000003
1999-11-30,16.82
1999-12-01,-15.54
1999-12-02,6.629999999999999
1999-12-03,-5.330000000000002
1999-12-04,-22.78
1999-12-05,29.849999999999994
1999-12-06,9.020000000000003
1999-12-07,8.540000000000006
1999-12-08,18.73
1999-12-09,17.020000000000003
1999-12-10,6.289999999999999
1999-12-11,-63.78999999999999
1999-12-12,-6.480000000000004
1999-12-13,-156.35
1999-12-14,40.14
1999-12-15,130.31
1999-12-16,13.489999999999995
1999-12-17,-0.18000000000000682
1999-12-18,-24.11
1999-12-19,103.19000000000001
1999-12-20,-9.160000000000004
1999-12-21,172.5
1999-12-22,243.32
1999-12-23,80.49000000000001
1999-12-24,132.98000000000002
1999-12-25,-49.96
1999-12-26,25.369999999999997
1999-12-27,-21.090000000000003
1999-12-28,-7.580000000000005
1999-12-29,-11.840000000000003
1999-12-30,16.650000000000002
1999-12-31,4.289999999999999
2000-01-01,13.460000000000008
2000-01-02,86.78999999999999
2000-01-03,-20.21
2000-01-04,-70.57999999999998
2000-01-05,59.39
2000-01-06,12.450000000000003
2000-01-07,3.1000000000000014
2000-01-08,-92.92000000000002
2000-01-09,37.9
2000-01-10,-153.15
2000-01-11,-251.09
2000-01-12,-56.050000000000004
2000-01-13,-117.5
2000-01-14,-25.86
2000-01-15,-24.03
2000-01-16,16.789999999999992
2000-01-17,-8.349999999999998
2000-01-18,17.759999999999998
2000-01-19,13.46
2000-01-20,25.36
2000-01-21,13.409999999999997
2000-01-22,-74.88
2000-01-23,34.03000000000001
2000-01-24,-73.74000000000001
2000-01-25,-117.28999999999999
2000-01-26,-23.07
2000-01-27,4.159999999999997
2000-01-28,46.300000000000004
2000-01-29,-22.919999999999995
2000-01-30,5.82
2000-01-31,31.360000000000003
2000-02-01,-2.989999999999995
2000-02-02,-12.120000000000005
2000-02-03,16.03
2000-02-04,20.430000000000007
2000-02-05,51.36
2000-02-06,78.95
2000-02-07,-9.879999999999995
2000-02-08,16.340000000000003
2000-02-09,-10.530000000000001
2000-02-10,-36.410000000000004
2000-02-11,3.6300000000000026
2000-02-12,-44.56
2000-02-13,46.74
2000-02-14,48.76
2000-02-15,-0.6799999999999997
2000-02-16,-21.639999999999997
2000-02-17,-53.84
2000-02-18,-58.29
2000-02-19,-0.7199999999999989
2000-02-20,-8.200000000000003
2000-02-21,-11.530000000000001
2000-02-22,-13.599999999999994
2000-02-23,-1.1699999999999982
2000-02-24,34.19
2000-02-25,-112.91
2000-02-26,-90.12
2000-02-27,8.899999999999999
2000-02-28,-17.260000000000005
2000-02-29,-8.21
2000-03-01,-26.75
2000-03-02,-21.58
2000-03-03,111.89999999999999
2000-03-04,-34.57
2000-03-05,-8.949999999999996
2000-03-06,44.519999999999996
2000-03-07,3.120000000000001
2000-03-08,16.780000000000005
2000-03-09,81.50999999999999
2000-03-10,-16.75
2000-03-11,30.819999999999993
2000-03-12,45.949999999999996
2000-03-13,-5.190000000000005
2000-03-14,56.91
2000-03-15,-45.95
2000-03-16,2.5700000000000003
2000-03-17,38.62
2000-03-18,-26.6
2000-03-19,68.14
2000-03-20,39.42
2000-03-21,65.61000000000001
2000-03-22,32.25
2000-03-23,-82.91
2000-03-24,0.6999999999999957
2000-03-25,-2.8000000000000043
2000-03-26,-11.099999999999994
2000-03-27,59.61
2000-03-28,113.02000000000001
2000-03-29,-47.29999999999999
2000-03-30,70.38
2000-03-31,-9.239999999999995
2000-04-01,-51.0
2000-04-02,62.970000000000006
2000-04-03,-53.06
2000-04-04,-30.64
2000-04-05,42.75
2000-04-06,123.19
2000-04-07,14.550000000000004
2000-04-08,-4.959999999999994
2000-04-09,25.760000000000005
2000-04-10,-36.410000000000004
2000-04-11,-29.3
2000-04-12,-39.559999999999995
2000-04-13,30.680000000000007
2000-04-14,-4.539999999999999
2000-04-15,94.00999999999999
2000-04-16,-19.849999999999994
2000-04-17,-87.62000000000002
2000-04-18,32.419999999999995
2000-04-19,-82.99
2000-04-20,-55.68
2000-04-21,-4.990000000000002
2000-04-22,-68.97
2000-04-23,44.540000000000006
2000-04-24,50.06
2000-04-25,-27.520000000000003
2000-04-26,-122.85999999999999
2000-04-27,-17.340000000000003
2000-04-28,-83.10000000000001
2000-04-29,-57.410000000000004
2000-04-30,0.759999999999998
2000-05-01,22.929999999999996
2000-05-02,55.1
2000-05-03,-46.790000000000006
2000-05-04,-3.559999999999995
2000-05-05,-91.13
2000-05-06,-55.050000000000004
2000-05-07,-21.039999999999992
2000-05-08,-4.230000000000004
2000-05-09,78.21
2000-05-10,28.83
2000-05-11,12.790000000000003
2000-05-12,41.309999999999995
2000-05-13,-3.719999999999999
2000-05-14,19.450000000000003
2000-05-15,44.940000000000005
2000-05-16,20.310000000000002
2000-05-17,66.28
2000-05-18,26.79
2000-05-19,45.51
2000-05-20,156.02
2000-05-21,65.99000000000001
2000-05-22,79.42999999999999
2000-05-23,52.34
2000-05-24,22.489999999999995
2000-05-25,-13.139999999999993
2000-05-26,55.32
2000-05-27,68.92
2000-05-28,17.840000000000003
2000-05-29,-7.1499999999999915
2000-05-30,53.68
2000-05-31,12.719999999999999
2000-06-01,-39.88999999999999
2000-06-02,15.879999999999995
2000-06-03,-66.54
2000-06-04,-17.55000000000001
2000-06-05,-49.480000000000004
2000-06-06,-46.239999999999995
2000-06-07,-12.989999999999995
2000-06-08,-58.08
2000-06-09,-159.64000000000001
2000-06-10,-60.36000000000001
2000-06-11,-44.72
2000-06-12,-27.240000000000002
2000-06-13,-26.689999999999998
2000-06-14,54.10999999999999
2000-06-15,3.530000000000001
2000-06-16,-66.08000000000001
2000-06-17,-37.739999999999995
2000-06-18,-56.03
2000-06-19,-39.98
2000-06-20,-19.75
2000-06-21,14.810000000000002
2000-06-22,-6.5
2000-06-23,-7.329999999999998
2000-06-24,31.52000000000001
2000-06-25,57.019999999999996
2000-06-26,51.55
2000-06-27,59.15
2000-06-28,134.93
2000-06-29,125.4
2000-06-30,-10.64
2000-07-01,-37.00999999999999
2000-07-02,47.13
2000-07-03,28.089999999999996
2000-07-04,-66.88
2000-07-05,-2.5900000000000034
2000-07-06,2.6099999999999994
2000-07-07,-10.690000000000005
2000-07-08,-0.9500000000000028
2000-07-09,2.3800000000000026
2000-07-10,-8.54
2000-07-11,-11.96
2000-07-12,-22.939999999999998
2000-07-13,14.899999999999999
2000-07-14,-49.50000000000001
2000-07-15,-71.47
2000-07-16,19.33
2000-07-17,-65.21000000000001
2000-07-18,-104.81
2000-07-19,-134.9
2000-07-20,-24.49
2000-07-21,-27.250000000000007
2000-07-22,-58.230000000000004
2000-07-23,-2.1399999999999935
2000-07-24,30.769999999999996
2000-07-25,-13.340000000000003
2000-07-26,-33.34
2000-07-27,-9.509999999999998
2000-07-28,30.900000000000006
2000-07-29,20.189999999999998
2000-07-30,76.76
2000-07-31,34.33
2000-08-01,-26.700000000000003
2000-08-02,116.0
2000-08-03,-15.57
2000-08-04,11.609999999999998
2000-08-05,-93.28
2000-08-06,19.409999999999997
2000-08-07,-26.049999999999997
2000-08-08,-16.44
2000-08-09,16.84
2000-08-10,-22.23
2000-08-11,-20.88
2000-08-12,-30.000000000000004
2000-08-13,65.8
2000-08-14,44.09
2000-08-15,50.42999999999999
2000-08-16,11.969999999999999
2000-08-17,-38.95
2000-08-18,-43.95
2000-08-19,-79.67
2000-08-20,-8.090000000000003
2000-08-21,7.979999999999997
2000-08-22,-137.54
2000-08-23,-6.539999999999996
2000-08-24,1.0500000000000007
2000-08-25,1.7899999999999991
2000-08-26,12.770000000000003
2000-08-27,36.589999999999996
2000-08-28,1.8999999999999986
2000-08-29,-16.23
2000-08-30,101.02
2000-08-31,0.8200000000000003
2000-09-01,-5.190000000000001
2000-09-02,-100.07
2000-09-03,-57.3
2000-09-04,20.010000000000005
2000-09-05,-4.399999999999999
2000-09-06,7.290000000000003
2000-09-07,8.07
2000-09-08,60.17
2000-09-09,11.460000000000008
2000-09-10,84.11000000000001
2000-09-11,64.67
2000-09-12,10.3
2000-09-13,82.29
2000-09-14,41.730000000000004
2000-09-15,-27.979999999999997
2000-09-16,-54.91
2000-09-17,66.92
2000-09-18,-10.79
2000-09-19,-44.39
2000-09-20,13.099999999999998
2000-09-21,127.78999999999999
2000-09-22,12.490000000000002
2000-09-23,69.72999999999999
2000-09-24,48.75999999999999
2000-09-25,53.62
2000-09-26,15.75
2000-09-27,-16.849999999999998
2000-09-28,-63.45
2000-09-29,23.379999999999995
2000-09-30,14.469999999999985
2000-10-01,-41.93
2000-10-02,24.50999999999999
2000-10-03,90.79
2000-10-04,33.78999999999999
2000-10-05,-17.680000000000003
2000-10-06,9.559999999999999
2000-10-07,-59.38000000000001
2000-10-08,49.959999999999994
2000-10-09,-41.89
2000-10-10,14.18
2000-10-11,-121.82
2000-10-12,-25.1
2000-10-13,-23.299999999999997
2000-10-14,0.6100000000000136
2000-10-15,14.670000000000002
2000-10-16,20.4
2000-10-17,34.120000000000005
2000-10-18,54.53999999999999
2000-10-19,-33.11
2000-10-20,-90.22
2000-10-21,-13.96
2000-10-22,32.63000000000001
2000-10-23,-161.99
2000-10-24,-58.779999999999994
2000-10-25,93.44
2000-10-26,84.25999999999999
2000-10-27,59.64
2000-10-28,-24.239999999999995
2000-10-29,66.23
2000-10-30,-10.25
2000-10-31,16.429999999999996
2000-11-01,37.81
2000-11-02,-33.29
2000-11-03,-127.21000000000001
2000-11-04,-70.25999999999999
2000-11-05,52.06999999999999
2000-11-06,1.0600000000000023
2000-11-07,18.570000000000007
2000-11-08,166.75
2000-11-09,183.68
2000-11-10,85.67
2000-11-11,114.16000000000001
2000-11-12,116.80000000000001
2000-11-13,46.96999999999999
2000-11-14,70.43
2000-11-15,230.06
2000-11-16,199.64000000000004
2000-11-17,143.8
2000-11-18,183.38
2000-11-19,138.94
2000-11-20,271.96999999999997
2000-11-21,101.76
2000-11-22,-8.5
2000-11-23,27.74
2000-11-24,34.720000000000006
2000-11-25,-69.25999999999999
2000-11-26,50.849999999999994
2000-11-27,-16.560000000000002
2000-11-28,-181.39999999999998
2000-11-29,-125.36
2000-11-30,48.52999999999999
2000-12-01,-133.65000000000003
2000-12-02,-73.21000000000001
2000-12-03,49.66
2000-12-04,-44.31
2000-12-05,-235.70999999999998
2000-12-06,-130.66000000000003
2000-12-07,0.9900000000000091
2000-12-08,-126.19
2000-12-09,-2.3300000000000125
2000-12-10,-147.08999999999997
2000-12-11,-87.91000000000001
2000-12-12,15.360000000000007
2000-12-13,97.38
2000-12-14,121.88
2000-12-15,33.3
2000-12-16,126.39
2000-12-17,82.42
2000-12-18,57.38999999999999
2000-12-19,-62.19
2000-12-20,-135.58999999999997
2000-12-21,39.44000000000001
2000-12-22,-25.120000000000005
2000-12-23,-95.03999999999999
2000-12-24,-32.03
2000-12-25,-24.090000000000003
2000-12-26,-34.11
2000-12-27,-122.18
2000-12-28,-101.52000000000001
2000-12-29,-46.0
2000-12-30,119.57
2000-12-31,190.42000000000002
2001-01-01,164.56
2001-01-02,89.05000000000001
2001-01-03,-153.23000000000002
2001-01-04,73.68
2001-01-05,-152.64999999999998
2001-01-06,-79.10000000000001
2001-01-07,92.1
2001-01-08,116.41000000000001
2001-01-09,42.94
2001-01-10,143.91
2001-01-11,23.790000000000006
2001-01-12,37.85000000000001
2001-01-13,-53.800000000000004
2001-01-14,56.25
2001-01-15,-61.04
2001-01-16,-4.260000000000005
2001-01-17,27.36999999999999
2001-01-18,-31.00999999999999
2001-01-19,-163.39
2001-01-20,-155.02000000000004
2001-01-21,74.48999999999998
2001-01-22,-99.17000000000002
2001-01-23,21.86
2001-01-24,-86.32000000000001
2001-01-25,12.739999999999995
2001-01-26,-4.929999999999993
2001-01-27,-11.679999999999978
2001-01-28,30.119999999999976
2001-01-29,14.180000000000007
2001-01-30,-173.07
2001-01-31,36.03999999999999
2001-02-01,85.74999999999999
2001-02-02,65.81
2001-02-03,-21.5
2001-02-04,97.99000000000001
2001-02-05,45.49000000000001
2001-02-06,44.80000000000001
2001-02-07,41.18000000000001
2001-02-08,-13.719999999999999
2001-02-09,134.3
2001-02-10,-236.23999999999998
2001-02-11,79.27000000000001
2001-02-12,-11.129999999999995
2001-02-13,85.85000000000001
2001-02-14,70.35999999999999
2001-02-15,3.769999999999996
2001-02-16,-92.98000000000002
2001-02-17,-119.93999999999998
2001-02-18,93.99
2001-02-19,-15.08999999999999
2001-02-20,12.739999999999995
2001-02-21,-77.60999999999999
2001-02-22,-32.56999999999999
2001-02-23,55.900000000000006
2001-02-24,-142.18
2001-02-25,62.11
2001-02-26,-55.480000000000004
2001-02-27,-76.4
2001-02-28,62.32000000000001
2001-03-01,-155.91
2001-03-02,70.32
2001-03-03,-125.13000000000001
2001-03-04,125.66
2001-03-05,-16.30000000000001
2001-03-06,-59.469999999999985
2001-03-07,9.650000000000006
2001-03-08,28.090000000000003
2001-03-09,136.87
2001-03-10,-96.67
2001-03-11,196.43999999999997
2001-03-12,-26.64999999999999
2001-03-13,94.95999999999998
2001-03-14,69.50999999999999
2001-03-15,-32.379999999999995
2001-03-16,175.04
2001-03-17,-57.510000000000005
2001-03-18,71.87
2001-03-19,38.849999999999994
2001-03-20,-68.07000000000001
2001-03-21,56.03
2001-03-22,-49.89
2001-03-23,29.200000000000003
2001-03-24,-65.33
2001-03-25,-47.209999999999994
2001-03-26,-29.36
2001-03-27,-0.960000000000008
2001-03-28,-38.78
2001-03-29,-154.92
2001-03-30,126.57000000000001
2001-03-31,-228.01
2001-04-01,-28.849999999999994
2001-04-02,-115.23999999999998
2001-04-03,-63.44999999999999
2001-04-04,36.45999999999998
2001-04-05,-105.71
2001-04-06,-23.959999999999994
2001-04-07,-71.67
2001-04-08,26.840000000000003
2001-04-09,-28.349999999999994
2001-04-10,-4.159999999999997
2001-04-11,-7.609999999999999
2001-04-12,-48.290000000000006
2001-04-13,-61.35
2001-04-14,-32.650000000000006
2001-04-15,-21.79
2001-04-16,4.38000000000001
2001-04-17,-63.06999999999999
2001-04-18,10.050000000000004
2001-04-19,95.72999999999999
2001-04-20,139.42000000000002
2001-04-21,32.14
2001-04-22,109.57999999999998
2001-04-23,0.18999999999999773
2001-04-24,-116.52999999999999
2001-04-25,25.150000000000006
2001-04-26,69.59
2001-04-27,37.75999999999999
2001-04-28,11.669999999999987
2001-04-29,80.62999999999998
2001-04-30,-89.25
2001-05-01,16.379999999999995
2001-05-02,-2.489999999999995
2001-05-03,27.490000000000002
2001-05-04,-18.459999999999994
2001-05-05,6.119999999999997
2001-05-06,-4.180000000000007
2001-05-07,-15.639999999999999
2001-05-08,58.16
2001-05-09,-270.22
2001-05-10,-120.89
2001-05-11,11.039999999999992
2001-05-12,-82.08999999999999
2001-05-13,-27.269999999999996
2001-05-14,99.83999999999999
2001-05-15,-9.36
2001-05-16,167.48
2001-05-17,-68.19
2001-05-18,-68.33
2001-05-19,-46.90999999999998
2001-05-20,69.31
2001-05-21,-28.47
2001-05-22,122.71000000000001
2001-05-23,-18.800000000000004
2001-05-24,57.95
2001-05-25,149.11
2001-05-26,-48.26
2001-05-27,122.63000000000001
2001-05-28,-12.299999999999997
2001-05-29,44.09
2001-05-30,19.760000000000005
2001-05-31,-59.53
2001-06-01,-32.39
2001-06-02,-31.67000000000001
2001-06-03,-26.389999999999986
2001-06-04,-43.06
2001-06-05,-253.04000000000002
2001-06-06,0.21000000000000085
2001-06-07,-9.33999999999999
2001-06-08,-5.609999999999999
2001-06-09,-60.47
2001-06-10,29.570000000000007
2001-06-11,-134.16
2001-06-12,20.53000000000001
2001-06-13,-42.38000000000001
2001-06-14,-185.86
2001-06-15,11.259999999999998
2001-06-16,-104.59
2001-06-17,3.799999999999997
2001-06-18,12.849999999999994
2001-06-19,12.310000000000002
2001-06-20,-0.769999999999996
2001-06-21,-28.72
2001-06-22,48.78000000000001
2001-06-23,-45.900000000000006
2001-06-24,42.650000000000006
2001-06-25,-6.349999999999994
2001-06-26,10.730000000000004
2001-06-27,-7.6200000000000045
2001-06-28,33.94
2001-06-29,-7.489999999999995
2001-06-30,-33.2
2001-07-01,160.47
2001-07-02,3.049999999999997
2001-07-03,-7.699999999999996
2001-07-04,27.659999999999997
2001-07-05,8.330000000000005
2001-07-06,35.94
2001-07-07,-51.49
2001-07-08,17.560000000000002
2001-07-09,5.329999999999998
2001-07-10,-4.009999999999998
2001-07-11,40.510000000000005
2001-07-12,-49.45
2001-07-13,-43.199999999999996
2001-07-14,-19.64
2001-07-15,55.47
2001-07-16,63.85
2001-07-17,30.790000000000006
2001-07-18,-44.57000000000001
2001-07-19,121.37
2001-07-20,-19.39
2001-07-21,-143.96
2001-07-22,11.269999999999996
2001-07-23,47.550000000000004
2001-07-24,28.13000000000001
2001-07-25,89.59
2001-07-26,-33.14
2001-07-27,6.560000000000009
2001-07-28,30.460000000000008
2001-07-29,24.83
2001-07-30,8.25
2001-07-31,151.14999999999998
2001-08-01,30.709999999999994
2001-08-02,121.22999999999999
2001-08-03,95.01
2001-08-04,30.14
2001-08-05,-19.430000000000007
2001-08-06,-25.080000000000013
2001-08-07,-43.48
2001-08-08,-122.64000000000001
2001-08-09,33.09
2001-08-10,-51.14
2001-08-11,-45.8
2001-08-12,-18.13000000000001
2001-08-13,11.389999999999986
2001-08-14,-37.58000000000001
2001-08-15,34.7
2001-08-16,-41.86000000000001
2001-08-17,-115.14
2001-08-18,-90.65
2001-08-19,42.35999999999999
2001-08-20,-163.03
2001-08-21,212.11999999999998
2001-08-22,-72.98
2001-08-23,-141.26000000000002
2001-08-24,-81.98
2001-08-25,-54.8
2001-08-26,0.27000000000001023
2001-08-27,-5.519999999999996
2001-08-28,10.530000000000001
2001-08-29,6.8799999999999955
2001-08-30,88.88
2001-08-31,18.36
2001-09-01,79.39000000000001
2001-09-02,-20.039999999999992
2001-09-03,169.23
2001-09-04,22.389999999999993
2001-09-05,29.979999999999997
2001-09-06,9.879999999999999
2001-09-07,89.27
2001-09-08,-3.8900000000000006
2001-09-09,61.43000000000001
2001-09-10,-205.03999999999996
2001-09-11,22.230000000000004
2001-09-12,206.97
2001-09-13,78.54
2001-09-14,191.19
2001-09-15,61.92
2001-09-16,261.33000000000004
2001-09-17,266.89
2001-09-18,636.49
2001-09-19,189.37
2001-09-20,453.72
2001-09-21,399.35
2001-09-22,206.99999999999997
2001-09-23,153.73000000000002
2001-09-24,130.57
2001-09-25,181.89999999999998
2001-09-26,198.67000000000002
2001-09-27,104.83
2001-09-28,84.06
2001-09-29,63.91999999999999
2001-09-30,257.21999999999997
2001-10-01,152.7
2001-10-02,165.47000000000003
2001-10-03,548.03
2001-10-04,-31.680000000000007
2001-10-05,135.1
2001-10-06,40.829999999999984
2001-10-07,145.31
2001-10-08,-471.70000000000005
2001-10-09,15.860000000000014
2001-10-10,-305.94000000000005
2001-10-11,-329.68
2001-10-12,-92.26999999999998
2001-10-13,-344.04
2001-10-14,29.99000000000001
2001-10-15,-115.55999999999999
2001-10-16,20.630000000000024
2001-10-17,-35.06
2001-10-18,91.03
2001-10-19,-42.59
2001-10-20,-290.46
2001-10-21,-13.169999999999987
2001-10-22,-200.57000000000002
2001-10-23,-437.50999999999993
2001-10-24,-57.06
2001-10-25,-107.88
2001-10-26,-107.63
2001-10-27,-307.2
2001-10-28,16.680000000000007
2001-10-29,-154.88
2001-10-30,-105.68999999999998
2001-10-31,-59.72
2001-11-01,15.420000000000016
2001-11-02,64.05999999999999
2001-11-03,-101.9
2001-11-04,70.8
2001-11-05,-98.80000000000001
2001-11-06,125.19000000000003
2001-11-07,232.83999999999997
2001-11-08,-3.9399999999999977
2001-11-09,87.75
2001-11-10,-130.47
2001-11-11,23.27000000000001
2001-11-12,-60.160000000000025
2001-11-13,-28.689999999999998
2001-11-14,23.25999999999999
2001-11-15,-109.20000000000002
2001-11-16,-67.19
2001-11-17,-186.99
2001-11-18,2.829999999999984
2001-11-19,41.739999999999995
2001-11-20,32.21000000000001
2001-11-21,-112.98
2001-11-22,-73.35
2001-11-23,-45.69
2001-11-24,-177.28
2001-11-25,-0.8400000000000034
2001-11-26,-197.44
2001-11-27,-379.93999999999994
2001-11-28,-28.859999999999985
2001-11-29,-23.400000000000006
2001-11-30,-6.75
2001-12-01,-146.49
2001-12-02,-73.76999999999998
2001-12-03,19.099999999999994
2001-12-04,-63.879999999999995
2001-12-05,-3.8799999999999955
2001-12-06,-3.2299999999999898
2001-12-07,53.22999999999999
2001-12-08,-117.26999999999998
2001-12-09,26.370000000000005
2001-12-10,-114.07000000000001
2001-12-11,43.010000000000005
2001-12-12,141.32
2001-12-13,16.790000000000006
2001-12-14,61.620000000000005
2001-12-15,-87.02000000000001
2001-12-16,35.83
2001-12-17,11.47999999999999
2001-12-18,-3.780000000000001
2001-12-19,-12.61
2001-12-20,-20.64
2001-12-21,53.83000000000001
2001-12-22,32.59
2001-12-23,28.390000000000015
2001-12-24,-26.659999999999997
2001-12-25,9.909999999999997
2001-12-26,-12.27000000000001
2001-12-27,-39.66
2001-12-28,129.78
2001-12-29,-43.75
2001-12-30,206.18
2001-12-31,46.44999999999999
2002-01-01,-34.379999999999995
2002-01-02,25.519999999999996
2002-01-03,35.28
2002-01-04,33.69
2002-01-05,-52.72
2002-01-06,101.27000000000001
2002-01-07,48.0
2002-01-08,-3.8999999999999915
2002-01-09,7.3799999999999955
2002-01-10,9.030000000000001
2002-01-11,-66.39000000000001
2002-01-12,-13.320000000000022
2002-01-13,71.88
2002-01-14,-47.3
2002-01-15,39.67
2002-01-16,62.620000000000005
2002-01-17,-23.04000000000002
2002-01-18,-79.33000000000001
2002-01-19,-165.83
2002-01-20,94.44000000000003
2002-01-21,-37.59
2002-01-22,-23.069999999999993
2002-01-23,16.72
2002-01-24,40.610000000000014
2002-01-25,7.429999999999993
2002-01-26,-47.47
2002-01-27,-15.509999999999991
2002-01-28,108.79999999999998
2002-01-29,-4.609999999999999
2002-01-30,-16.890000000000015
2002-01-31,143.48000000000002
2002-02-01,-96.83999999999999
2002-02-02,-76.61
2002-02-03,58.11
2002-02-04,-56.519999999999996
2002-02-05,-50.86
2002-02-06,38.120000000000005
2002-02-07,15.509999999999998
2002-02-08,43.25
2002-02-09,-244.45000000000002
2002-02-10,-41.11999999999999
2002-02-11,-32.78
2002-02-12,-87.78
2002-02-13,9.169999999999987
2002-02-14,-34.69
2002-02-15,-141.02
2002-02-16,-108.82000000000001
2002-02-17,-93.47999999999999
2002-02-18,4.490000000000009
2002-02-19,-67.19
2002-02-20,-168.82000000000002
2002-02-21,-12.150000000000006
2002-02-22,9.989999999999995
2002-02-23,-122.97
2002-02-24,10.030000000000001
2002-02-25,-13.180000000000007
2002-02-26,-141.99
2002-02-27,-18.909999999999997
2002-02-28,49.19999999999999
2002-03-01,15.009999999999998
2002-03-02,-38.67
2002-03-03,17.569999999999993
2002-03-04,-10.369999999999997
2002-03-05,-130.88
2002-03-06,-28.009999999999998
2002-03-07,34.199999999999996
2002-03-08,118.74
2002-03-09,-26.409999999999997
2002-03-10,13.779999999999987
2002-03-11,55.67
2002-03-12,53.93
2002-03-13,53.120000000000005
2002-03-14,34.620000000000005
2002-03-15,26.53
2002-03-16,14.599999999999994
2002-03-17,30.27000000000001
2002-03-18,36.41
2002-03-19,37.86
2002-03-20,21.840000000000003
2002-03-21,49.63000000000001
2002-03-22,13.769999999999996
2002-03-23,-42.53999999999999
2002-03-24,130.65
2002-03-25,51.92
2002-03-26,118.4
2002-03-27,20.040000000000006
2002-03-28,-94.61
2002-03-29,-12.230000000000004
2002-03-30,-77.13999999999999
2002-03-31,19.269999999999996
2002-04-01,-90.49
2002-04-02,-51.68
2002-04-03,-91.53
2002-04-04,14.400000000000006
2002-04-05,-43.31999999999999
2002-04-06,-66.78
2002-04-07,24.870000000000005
2002-04-08,18.540000000000006
2002-04-09,-137.87
2002-04-10,-41.92000000000001
2002-04-11,5.780000000000001
2002-04-12,13.230000000000004
2002-04-13,-111.53999999999999
2002-04-14,-15.930000000000007
2002-04-15,-98.02
2002-04-16,-76.73
2002-04-17,93.08999999999999
2002-04-18,88.08
2002-04-19,10.39
2002-04-20,-95.39999999999999
2002-04-21,67.76
2002-04-22,54.38
2002-04-23,36.0
2002-04-24,0.8099999999999881
2002-04-25,7.289999999999999
2002-04-26,22.629999999999995
2002-04-27,-5.700000000000003
2002-04-28,-2.490000000000009
2002-04-29,-1.4599999999999937
2002-04-30,13.500000000000007
2002-05-01,-14.670000000000002
2002-05-02,-13.700000000000003
2002-05-03,20.919999999999995
2002-05-04,22.799999999999997
2002-05-05,36.989999999999995
2002-05-06,25.54
2002-05-07,-46.769999999999996
2002-05-08,123.25000000000003
2002-05-09,2.219999999999999
2002-05-10,49.53
2002-05-11,-9.27000000000001
2002-05-12,44.16999999999999
2002-05-13,49.879999999999995
2002-05-14,83.24
2002-05-15,13.229999999999997
2002-05-16,16.78
2002-05-17,-61.769999999999996
2002-05-18,-29.319999999999993
2002-05-19,-24.010000000000005
2002-05-20,33.36
2002-05-21,-17.489999999999995
2002-05-22,18.989999999999995
2002-05-23,-18.069999999999993
2002-05-24,2.8200000000000074
2002-05-25,43.08000000000001
2002-05-26,36.53000000000001
2002-05-27,-41.85999999999999
2002-05-28,-234.37000000000003
2002-05-29,80.9
2002-05-30,-57.06
2002-05-31,-6.019999999999996
2002-06-01,-75.35
2002-06-02,-57.05
2002-06-03,-57.27999999999999
2002-06-04,9.900000000000006
2002-06-05,-9.629999999999995
2002-06-06,-12.349999999999998
2002-06-07,-2.740000000000009
2002-06-08,22.63000000000001
2002-06-09,57.63000000000001
2002-06-10,-11.36
2002-06-11,44.82000000000001
2002-06-12,32.95
2002-06-13,-36.34
2002-06-14,-79.06000000000002
2002-06-15,-33.410000000000004
2002-06-16,40.35
2002-06-17,71.33000000000001
2002-06-18,-61.35000000000001
2002-06-19,72.62
2002-06-20,-39.49
2002-06-21,6.070000000000007
2002-06-22,-24.099999999999994
2002-06-23,28.549999999999997
2002-06-24,1.059999999999988
2002-06-25,-6.240000000000009
2002-06-26,43.67
2002-06-27,127.88000000000001
2002-06-28,47.89999999999999
2002-06-29,-87.28000000000002
2002-06-30,87.53999999999999
2002-07-01,5.810000000000002
2002-07-02,-6.450000000000003
2002-07-03,2.280000000000001
2002-07-04,-3.549999999999997
2002-07-05,26.589999999999996
2002-07-06,9.730000000000004
2002-07-07,-34.19
2002-07-08,-28.400000000000006
2002-07-09,-48.980000000000004
2002-07-10,43.57
2002-07-11,-27.330000000000005
2002-07-12,30.659999999999997
2002-07-13,-50.7
2002-07-14,186.76
2002-07-15,48.650000000000006
2002-07-16,81.47999999999999
2002-07-17,118.38000000000002
2002-07-18,-38.7
2002-07-19,18.739999999999995
2002-07-20,-6.289999999999992
2002-07-21,76.45999999999998
2002-07-22,88.10999999999999
2002-07-23,115.82000000000001
2002-07-24,88.39000000000001
2002-07-25,110.04
2002-07-26,85.75999999999999
2002-07-27,37.989999999999995
2002-07-28,186.31
2002-07-29,33.870000000000005
2002-07-30,59.379999999999995
2002-07-31,55.38
2002-08-01,26.78
2002-08-02,41.72
2002-08-03,-199.33999999999997
2002-08-04,5.450000000000003
2002-08-05,-36.86999999999999
2002-08-06,-31.610000000000014
2002-08-07,-49.91
2002-08-08,10.420000000000002
2002-08-09,-25.5
2002-08-10,-45.01999999999998
2002-08-11,-21.20999999999998
2002-08-12,-79.85000000000001
2002-08-13,43.609999999999985
2002-08-14,104.62999999999997
2002-08-15,-97.42
2002-08-16,103.46
2002-08-17,-137.37
2002-08-18,2.469999999999999
2002-08-19,-23.83
2002-08-20,61.349999999999994
2002-08-21,-30.83
2002-08-22,-32.239999999999995
2002-08-23,-35.49999999999999
2002-08-24,-75.66
2002-08-25,51.92999999999999
2002-08-26,-145.85000000000002
2002-08-27,-1.1599999999999966
2002-08-28,-57.279999999999994
2002-08-29,-77.71000000000001
2002-08-30,-69.62
2002-08-31,-84.64000000000001
2002-09-01,37.739999999999995
2002-09-02,-98.28999999999999
2002-09-03,-95.62999999999997
2002-09-04,-4.61999999999999
2002-09-05,-135.43
2002-09-06,-11.489999999999995
2002-09-07,-55.230000000000004
2002-09-08,171.38
2002-09-09,-52.36
2002-09-10,49.7
2002-09-11,85.6
2002-09-12,36.49
2002-09-13,140.0
2002-09-14,-80.94
2002-09-15,-48.56999999999999
2002-09-16,61.84
2002-09-17,48.690000000000005
2002-09-18,96.44999999999999
2002-09-19,20.569999999999993
2002-09-20,17.570000000000007
2002-09-21,-75.14999999999999
2002-09-22,32.06
2002-09-23,-39.70000000000002
2002-09-24,37.84
2002-09-25,382.89
2002-09-26,143.44
2002-09-27,196.99
2002-09-28,-176.04999999999998
2002-09-29,32.000000000000014
2002-09-30,18.83999999999999
2002-10-01,6.150000000000006
2002-10-02,73.08
2002-10-03,-131.06
2002-10-04,-6.719999999999999
2002-10-05,63.22999999999999
2002-10-06,25.489999999999995
2002-10-07,-4.859999999999999
2002-10-08,49.05
2002-10-09,-37.42999999999999
2002-10-10,-20.120000000000005
2002-10-11,26.560000000000002
2002-10-12,-20.03
2002-10-13,-21.109999999999985
2002-10-14,-40.670000000000016
2002-10-15,-382.27
2002-10-16,-142.3
2002-10-17,-164.0
2002-10-18,110.21000000000001
2002-10-19,-72.78000000000002
2002-10-20,19.370000000000005
2002-10-21,-99.26
2002-10-22,-16.310000000000002
2002-10-23,54.440000000000005
2002-10-24,90.53999999999999
2002-10-25,-79.87999999999998
2002-10-26,-16.639999999999986
2002-10-27,118.32000000000001
2002-10-28,-85.97
2002-10-29,12.019999999999996
2002-10-30,71.96
2002-10-31,-10.440000000000012
2002-11-01,45.50999999999999
2002-11-02,-19.840000000000003
2002-11-03,74.64000000000001
2002-11-04,68.42
2002-11-05,130.43
2002-11-06,139.03
2002-11-07,110.95999999999998
2002-11-08,219.53000000000003
2002-11-09,4.849999999999994
2002-11-10,88.75000000000001
2002-11-11,-49.08
2002-11-12,75.88
2002-11-13,-53.959999999999994
2002-11-14,76.36999999999999
2002-11-15,2.8999999999999773
2002-11-16,-143.26000000000002
2002-11-17,66.32
2002-11-18,0.21000000000000796
2002-11-19,-56.769999999999996
2002-11-20,55.59
2002-11-21,-55.39
2002-11-22,-45.84
2002-11-23,-111.22
2002-11-24,-29.430000000000007
2002-11-25,-102.66
2002-11-26,-128.72
2002-11-27,-263.16999999999996
2002-11-28,-173.68
2002-11-29,-27.560000000000002
2002-11-30,-61.730000000000004
2002-12-01,37.92
2002-12-02,-120.02
2002-12-03,-61.88
2002-12-04,39.25
2002-12-05,34.01000000000002
2002-12-06,34.48
2002-12-07,7.960000000000008
2002-12-08,100.44
2002-12-09,-17.299999999999997
2002-12-10,47.58000000000001
2002-12-11,138.37
2002-12-12,13.969999999999999
2002-12-13,4.030000000000001
2002-12-14,2.9099999999999966
2002-12-15,97.22
2002-12-16,15.549999999999997
2002-12-17,20.10000000000001
2002-12-18,46.50999999999999
2002-12-19,-45.25999999999999
2002-12-20,74.12999999999998
2002-12-21,71.38
2002-12-22,101.33
2002-12-23,28.800000000000004
2002-12-24,-25.72
2002-12-25,22.649999999999977
2002-12-26,21.39
2002-12-27,72.87
2002-12-28,-2.1100000000000136
2002-12-29,393.68
2002-12-30,7.509999999999991
2002-12-31,-29.47999999999999
2003-01-01,151.59
2003-01-02,267.15000000000003
2003-01-03,224.08
2003-01-04,-18.75999999999999
2003-01-05,298.82
2003-01-06,76.82000000000001
2003-01-07,20.140000000000015
2003-01-08,117.69
2003-01-09,-57.609999999999985
2003-01-10,-37.889999999999986
2003-01-11,129.94
2003-01-12,183.10000000000002
2003-01-13,-54.870000000000005
2003-01-14,-49.16999999999999
2003-01-15,35.5
2003-01-16,-116.94
2003-01-17,-149.89
2003-01-18,-271.28
2003-01-19,2.7700000000000102
2003-01-20,-113.19
2003-01-21,-128.69
2003-01-22,-243.0
2003-01-23,-262.56
2003-01-24,-130.38
2003-01-25,-266.71999999999997
2003-01-26,45.79999999999998
2003-01-27,-5.2900000000000205
2003-01-28,-22.0
2003-01-29,225.74999999999997
2003-01-30,162.56999999999996
2003-01-31,-178.44
2003-02-01,-135.18000000000004
2003-02-02,119.61000000000001
2003-02-03,-18.930000000000007
2003-02-04,-4.5800000000000125
2003-02-05,23.75999999999999
2003-02-06,173.26
2003-02-07,-35.24000000000001
2003-02-08,-16.630000000000024
2003-02-09,72.19999999999999
2003-02-10,85.1
2003-02-11,62.64
2003-02-12,379.44
2003-02-13,235.15
2003-02-14,16.419999999999987
2003-02-15,133.0
2003-02-16,59.25
2003-02-17,130.60999999999999
2003-02-18,-204.16999999999996
2003-02-19,-219.98999999999998
2003-02-20,47.16
2003-02-21,39.870000000000005
2003-02-22,-52.81999999999999
2003-02-23,98.27000000000001
2003-02-24,-13.809999999999974
2003-02-25,-31.419999999999987
2003-02-26,-18.049999999999983
2003-02-27,36.21000000000001
2003-02-28,41.76000000000002
2003-03-01,1.3000000000000114
2003-03-02,-49.72
2003-03-03,36.389999999999986
2003-03-04,-307.15999999999997
2003-03-05,-140.83
2003-03-06,91.0
2003-03-07,-153.35999999999999
2003-03-08,39.84
2003-03-09,-84.03999999999999
2003-03-10,4.279999999999973
2003-03-11,217.92
2003-03-12,-76.33
2003-03-13,-63.08999999999999
2003-03-14,180.61
2003-03-15,126.22
2003-03-16,127.6
2003-03-17,79.46000000000001
2003-03-18,249.06
2003-03-19,361.82
2003-03-20,-10.300000000000011
2003-03-21,18.69999999999999
2003-03-22,22.349999999999994
2003-03-23,60.400000000000006
2003-03-24,-24.82000000000002
2003-03-25,-2.7700000000000102
2003-03-26,-71.48999999999998
2003-03-27,4.25
2003-03-28,-108.13999999999999
2003-03-29,-92.01999999999998
2003-03-30,-9.929999999999978
2003-03-31,-138.89999999999998
2003-04-01,37.66000000000001
2003-04-02,54.61
2003-04-03,-250.65000000000003
2003-04-04,-196.55
2003-04-05,-145.03
2003-04-06,-36.170000000000016
2003-04-07,-293.54
2003-04-08,-393.97
2003-04-09,-75.80999999999999
2003-04-10,-82.53999999999999
2003-04-11,8.490000000000009
2003-04-12,-127.94999999999999
2003-04-13,40.77000000000001
2003-04-14,10.280000000000001
2003-04-15,-57.02000000000001
2003-04-16,-19.099999999999994
2003-04-17,-84.26
2003-04-18,59.139999999999986
2003-04-19,-47.97000000000001
2003-04-20,-43.59
2003-04-21,-16.510000000000005
2003-04-22,-86.08
2003-04-23,136.93
2003-04-24,-15.859999999999985
2003-04-25,29.25
2003-04-26,-27.319999999999993
2003-04-27,10.330000000000013
2003-04-28,-31.099999999999994
2003-04-29,-50.730000000000004
2003-04-30,36.75
2003-05-01,43.889999999999986
2003-05-02,-41.67
2003-05-03,-93.83
2003-05-04,-36.5
2003-05-05,-47.27
2003-05-06,-18.710000000000008
2003-05-07,201.95999999999998
2003-05-08,-105.41
2003-05-09,78.04
2003-05-10,10.150000000000006
2003-05-11,20.790000000000006
2003-05-12,71.99
2003-05-13,-168.2
2003-05-14,-46.790000000000006
2003-05-15,-42.63000000000001
2003-05-16,-53.22
2003-05-17,-27.17
2003-05-18,55.47999999999999
2003-05-19,29.64
2003-05-20,-51.56
2003-05-21,-127.74999999999999
2003-05-22,27.159999999999997
2003-05-23,47.980000000000004
2003-05-24,44.150000000000006
2003-05-25,99.66
2003-05-26,-75.06
2003-05-27,-201.7
2003-05-28,2.010000000000005
2003-05-29,-98.85
2003-05-30,-91.58000000000001
2003-05-31,-60.71000000000001
2003-06-01,14.699999999999989
2003-06-02,-4.719999999999999
2003-06-03,27.200000000000003
2003-06-04,-38.22999999999999
2003-06-05,32.89
2003-06-06,-57.24000000000001
2003-06-07,-83.50999999999999
2003-06-08,28.83
2003-06-09,46.24000000000001
2003-06-10,-9.459999999999994
2003-06-11,3.4099999999999966
2003-06-12,-13.329999999999998
2003-06-13,-107.28999999999999
2003-06-14,-110.78999999999999
2003-06-15,-15.060000000000002
2003-06-16,-14.480000000000004
2003-06-17,37.969999999999985
2003-06-18,46.65
2003-06-19,11.170000000000002
2003-06-20,0.09999999999999432
2003-06-21,-137.37
2003-06-22,49.480000000000004
2003-06-23,-25.769999999999996
2003-06-24,-18.940000000000005
2003-06-25,-40.88
2003-06-26,40.60000000000001
2003-06-27,-18.099999999999994
2003-06-28,-68.49000000000001
2003-06-29,24.919999999999987
2003-06-30,-16.650000000000006
2003-07-01,17.5
2003-07-02,-56.13000000000001
2003-07-03,22.32
2003-07-04,19.43999999999999
2003-07-05,10.829999999999998
2003-07-06,61.92999999999999
2003-07-07,-85.53999999999999
2003-07-08,-51.46
2003-07-09,-21.67
2003-07-10,-6.039999999999992
2003-07-11,24.72
2003-07-12,0.269999999999996
2003-07-13,52.33999999999999
2003-07-14,-1.4299999999999997
2003-07-15,-4.82
2003-07-16,-31.47
2003-07-17,-43.42
2003-07-18,39.75000000000001
2003-07-19,-103.51999999999998
2003-07-20,99.55000000000001
2003-07-21,-56.33
2003-07-22,-19.639999999999993
2003-07-23,-21.92
2003-07-24,4.25
2003-07-25,44.18000000000001
2003-07-26,-61.17999999999999
2003-07-27,78.44999999999999
2003-07-28,25.15
2003-07-29,78.84
2003-07-30,-0.8000000000000114
2003-07-31,72.71000000000001
2003-08-01,90.55
2003-08-02,-110.64
2003-08-03,80.21
2003-08-04,26.310000000000002
2003-08-05,-22.810000000000002
2003-08-06,20.349999999999998
2003-08-07,36.09999999999998
2003-08-08,9.720000000000006
2003-08-09,137.49999999999997
2003-08-10,102.49000000000001
2003-08-11,24.889999999999993
2003-08-12,11.900000000000006
2003-08-13,-12.04999999999999
2003-08-14,-32.34
2003-08-15,-27.67
2003-08-16,-66.43
2003-08-17,15.480000000000004
2003-08-18,-73.62
2003-08-19,-43.64999999999999
2003-08-20,-76.49000000000001
2003-08-21,-151.54
2003-08-22,59.31
2003-08-23,-53.519999999999996
2003-08-24,11.579999999999998
2003-08-25,-5.050000000000004
2003-08-26,16.97
2003-08-27,-63.76999999999998
2003-08-28,-2.1700000000000017
2003-08-29,-251.70999999999998
2003-08-30,67.22999999999999
2003-08-31,24.14
2003-09-01,27.69999999999999
2003-09-02,17.21999999999999
2003-09-03,46.05
2003-09-04,22.75
2003-09-05,37.589999999999996
2003-09-06,-33.040000000000006
2003-09-07,86.35
2003-09-08,24.549999999999997
2003-09-09,60.81
2003-09-10,-34.81
2003-09-11,99.58
2003-09-12,-29.130000000000003
2003-09-13,-54.06
2003-09-14,128.01000000000002
2003-09-15,138.8
2003-09-16,32.25999999999999
2003-09-17,53.379999999999995
2003-09-18,16.690000000000005
2003-09-19,-128.62
2003-09-20,-48.58
2003-09-21,13.830000000000013
2003-09-22,10.430000000000007
2003-09-23,-105.87
2003-09-24,29.89
2003-09-25,-54.529999999999994
2003-09-26,-15.379999999999995
2003-09-27,38.61
2003-09-28,101.86000000000001
2003-09-29,3.1899999999999977
2003-09-30,62.709999999999994
2003-10-01,-122.67999999999999
2003-10-02,-6.459999999999994
2003-10-03,44.89
2003-10-04,-134.71
2003-10-05,-76.74000000000001
2003-10-06,-36.06999999999999
2003-10-07,-45.84
2003-10-08,17.89
2003-10-09,-8.059999999999988
2003-10-10,19.49000000000001
2003-10-11,-27.820000000000007
2003-10-12,-20.879999999999995
2003-10-13,21.290000000000003
2003-10-14,-29.5
2003-10-15,-5.109999999999999
2003-10-16,-8.159999999999997
2003-10-17,-147.3
2003-10-18,-127.39000000000001
2003-10-19,-74.27
2003-10-20,-36.559999999999995
2003-10-21,113.24999999999999
2003-10-22,36.01
2003-10-23,-12.299999999999997
2003-10-24,9.229999999999997
2003-10-25,-98.35
2003-10-26,42.209999999999994
2003-10-27,25.070000000000007
2003-10-28,-59.040000000000006
2003-10-29,-51.24
2003-10-30,-21.42000000000001
2003-10-31,-12.980000000000004
2003-11-01,0.4199999999999875
2003-11-02,46.81
2003-11-03,-7.590000000000003
2003-11-04,8.280000000000001
2003-11-05,8.969999999999999
2003-11-06,40.89
2003-11-07,21.52
2003-11-08,26.5
2003-11-09,66.97
2003-11-10,-85.91999999999999
2003-11-11,-59.28
2003-11-12,-24.320000000000007
2003-11-13,-32.59
2003-11-14,3.6300000000000026
2003-11-15,-31.0
2003-11-16,-32.620000000000005
2003-11-17,11.319999999999997
2003-11-18,13.04
2003-11-19,6.080000000000005
2003-11-20,-21.609999999999992
2003-11-21,-14.969999999999992
2003-11-22,-7.1200000000000045
2003-11-23,7.550000000000004
2003-11-24,3.9199999999999946
2003-11-25,-25.11
2003-11-26,-26.049999999999997
2003-11-27,-0.09000000000000341
2003-11-28,-32.96
2003-11-29,54.04999999999998
2003-11-30,23.480000000000004
2003-12-01,53.650000000000006
2003-12-02,8.870000000000005
2003-12-03,42.50999999999999
2003-12-04,48.06
2003-12-05,-37.879999999999995
2003-12-06,3.3100000000000023
2003-12-07,38.660000000000004
2003-12-08,-5.520000000000003
2003-12-09,39.78
2003-12-10,29.46
2003-12-11,-5.410000000000004
2003-12-12,-44.73
2003-12-13,-39.650000000000006
2003-12-14,52.86
2003-12-15,102.0
2003-12-16,50.199999999999996
2003-12-17,-13.339999999999996
2003-12-18,-2.6900000000000013
2003-12-19,-116.08999999999999
2003-12-20,-68.35000000000001
2003-12-21,3.469999999999999
2003-12-22,31.620000000000005
2003-12-23,-17.789999999999992
2003-12-24,-42.27
2003-12-25,15.769999999999996
2003-12-26,6.140000000000001
2003-12-27,-7.040000000000006
2003-12-28,109.56
2003-12-29,133.1
2003-12-30,19.17
2003-12-31,17.820000000000007
2004-01-01,154.38
2004-01-02,76.53999999999999
2004-01-03,-41.339999999999996
2004-01-04,88.16
2004-01-05,101.64
2004-01-06,18.29
2004-01-07,52.94
2004-01-08,-4.850000000000001
2004-01-09,32.16
2004-01-10,-23.140000000000008
2004-01-11,42.36999999999999
2004-01-12,6.420000000000002
2004-01-13,54.660000000000004
2004-01-14,8.970000000000006
2004-01-15,13.5
2004-01-16,-2.9299999999999926
2004-01-17,-105.71
2004-01-18,-149.09
2004-01-19,-32.81
2004-01-20,18.819999999999993
2004-01-21,114.86000000000001
2004-01-22,23.75
2004-01-23,-28.16
2004-01-24,-168.94
2004-01-25,-115.13
2004-01-26,25.990000000000002
2004-01-27,73.6
2004-01-28,8.120000000000005
2004-01-29,-41.56999999999999
2004-01-30,43.11000000000001
2004-01-31,-109.12
2004-02-01,15.920000000000002
2004-02-02,-37.68000000000001
2004-02-03,-1.3200000000000003
2004-02-04,-54.75
2004-02-05,-26.560000000000002
2004-02-06,-7.68
2004-02-07,-7.1499999999999915
2004-02-08,40.55
2004-02-09,-13.819999999999993
2004-02-10,-152.41
2004-02-11,-60.38999999999999
2004-02-12,105.68
2004-02-13,1.0200000000000031
2004-02-14,8.549999999999997
2004-02-15,47.05
2004-02-16,-108.07999999999998
2004-02-17,26.139999999999993
2004-02-18,77.85
2004-02-19,-41.27
2004-02-20,80.55000000000001
2004-02-21,46.69999999999999
2004-02-22,40.2
2004-02-23,61.00999999999999
2004-02-24,131.07
2004-02-25,63.959999999999994
2004-02-26,8.75
2004-02-27,-13.440000000000005
2004-02-28,-58.67
2004-02-29,-7.1200000000000045
2004-03-01,-58.03
2004-03-02,-34.57000000000001
2004-03-03,-54.41
2004-03-04,17.85
2004-03-05,29.540000000000006
2004-03-06,-85.72999999999999
2004-03-07,61.39
2004-03-08,-30.979999999999997
2004-03-09,-68.46
2004-03-10,17.1
2004-03-11,-33.3
2004-03-12,-14.36999999999999
2004-03-13,-79.23
2004-03-14,-27.289999999999992
2004-03-15,-120.03
2004-03-16,-56.589999999999996
2004-03-17,-17.590000000000003
2004-03-18,-1.7399999999999949
2004-03-19,7.280000000000001
2004-03-20,-29.300000000000004
2004-03-21,-10.690000000000012
2004-03-22,16.63
2004-03-23,-43.27000000000001
2004-03-24,-28.680000000000007
2004-03-25,-60.24000000000001
2004-03-26,36.27
2004-03-27,-51.71
2004-03-28,80.11000000000001
2004-03-29,-4.480000000000004
2004-03-30,-45.1
2004-03-31,27.75999999999999
2004-04-01,-21.52000000000001
2004-04-02,27.87
2004-04-03,-22.659999999999997
2004-04-04,26.339999999999996
2004-04-05,70.4
2004-04-06,31.479999999999997
2004-04-07,-31.080000000000002
2004-04-08,-13.030000000000001
2004-04-09,18.550000000000004
2004-04-10,-50.96999999999999
2004-04-11,19.200000000000003
2004-04-12,-12.619999999999997
2004-04-13,38.58
2004-04-14,-14.009999999999998
2004-04-15,-36.32000000000001
2004-04-16,30.880000000000003
2004-04-17,-78.2
2004-04-18,-2.8499999999999943
2004-04-19,20.43
2004-04-20,-4.450000000000003
2004-04-21,-30.29999999999999
2004-04-22,16.619999999999997
2004-04-23,33.55
2004-04-24,-25.479999999999997
2004-04-25,-51.58999999999999
2004-04-26,-10.609999999999992
2004-04-27,6.329999999999998
2004-04-28,22.739999999999995
2004-04-29,22.78
2004-04-30,-0.07000000000000028
2004-05-01,18.549999999999997
2004-05-02,66.81
2004-05-03,-31.479999999999997
2004-05-04,46.1
2004-05-05,43.05
2004-05-06,-58.720000000000006
2004-05-07,-15.32
2004-05-08,31.75
2004-05-09,20.11
2004-05-10,-39.92999999999999
2004-05-11,81.56
2004-05-12,26.729999999999997
2004-05-13,-49.480000000000004
2004-05-14,55.62
2004-05-15,70.89999999999999
2004-05-16,62.10999999999999
2004-05-17,11.489999999999998
2004-05-18,101.9
2004-05-19,25.769999999999996
2004-05-20,35.36
2004-05-21,-42.739999999999995
2004-05-22,13.870000000000005
2004-05-23,104.53
2004-05-24,-32.94
2004-05-25,-28.369999999999997
2004-05-26,21.619999999999997
2004-05-27,45.01
2004-05-28,-29.870000000000005
2004-05-29,-14.399999999999999
2004-05-30,10.719999999999999
2004-05-31,-105.54000000000002
2004-06-01,-18.64999999999999
2004-06-02,-11.229999999999997
2004-06-03,-67.78
2004-06-04,-41.06
2004-06-05,2.230000000000004
2004-06-06,66.44999999999999
2004-06-07,-91.2
2004-06-08,-12.969999999999999
2004-06-09,39.129999999999995
2004-06-10,49.75999999999999
2004-06-11,-57.51
2004-06-12,-124.58999999999999
2004-06-13,16.83
2004-06-14,2.539999999999999
2004-06-15,-27.769999999999996
2004-06-16,-37.17
2004-06-17,-6.32
2004-06-18,61.839999999999996
2004-06-19,-9.93
2004-06-20,91.86000000000001
2004-06-21,-33.940000000000005
2004-06-22,40.15
2004-06-23,-4.439999999999998
2004-06-24,-36.379999999999995
2004-06-25,-10.370000000000005
2004-06-26,-38.78999999999999
2004-06-27,-4.019999999999996
2004-06-28,27.150000000000006
2004-06-29,124.62
2004-06-30,20.960000000000008
2004-07-01,77.81
2004-07-02,5.530000000000001
2004-07-03,-31.700000000000003
2004-07-04,35.08
2004-07-05,17.14
2004-07-06,32.730000000000004
2004-07-07,17.04
2004-07-08,-71.56
2004-07-09,-12.18
2004-07-10,0.8399999999999892
2004-07-11,6.200000000000003
2004-07-12,-64.07
2004-07-13,123.19999999999999
2004-07-14,-17.340000000000003
2004-07-15,-83.22
2004-07-16,-17.380000000000003
2004-07-17,-42.870000000000005
2004-07-18,-33.78
2004-07-19,-182.56
2004-07-20,-78.24000000000001
2004-07-21,-14.039999999999992
2004-07-22,33.44
2004-07-23,15.480000000000004
2004-07-24,-43.72
2004-07-25,55.989999999999995
2004-07-26,-34.540000000000006
2004-07-27,3.8700000000000045
2004-07-28,9.839999999999996
2004-07-29,17.03
2004-07-30,-74.03
2004-07-31,27.119999999999997
2004-08-01,111.59
2004-08-02,-98.66999999999999
2004-08-03,-0.9399999999999977
2004-08-04,18.080000000000002
2004-08-05,1.6799999999999997
2004-08-06,-4.379999999999999
2004-08-07,137.11
2004-08-08,14.629999999999995
2004-08-09,26.240000000000002
2004-08-10,-22.840000000000003
2004-08-11,27.83
2004-08-12,49.84
2004-08-13,15.040000000000006
2004-08-14,15.430000000000007
2004-08-15,40.39
2004-08-16,-12.29
2004-08-17,-25.279999999999998
2004-08-18,5.189999999999998
2004-08-19,-23.060000000000002
2004-08-20,-49.32
2004-08-21,-85.66
2004-08-22,32.22
2004-08-23,115.18
2004-08-24,11.719999999999999
2004-08-25,-11.89
2004-08-26,11.939999999999998
2004-08-27,-146.38
2004-08-28,-28.47
2004-08-29,18.53
2004-08-30,6.049999999999997
2004-08-31,-64.41
2004-09-01,-30.220000000000013
2004-09-02,-29.43
2004-09-03,41.5
2004-09-04,20.810000000000002
2004-09-05,59.99
2004-09-06,94.98
2004-09-07,25.549999999999997
2004-09-08,75.41
2004-09-09,85.30000000000001
2004-09-10,16.489999999999995
2004-09-11,26.819999999999993
2004-09-12,-113.98
2004-09-13,-14.839999999999996
2004-09-14,39.86
2004-09-15,54.22
2004-09-16,-25.929999999999993
2004-09-17,22.439999999999998
2004-09-18,-47.120000000000005
2004-09-19,-1.6400000000000006
2004-09-20,37.66
2004-09-21,-1.0
2004-09-22,-4.390000000000004
2004-09-23,-124.44
2004-09-24,-21.159999999999997
2004-09-25,-89.76
2004-09-26,-4.320000000000007
2004-09-27,43.140000000000015
2004-09-28,-35.400000000000006
2004-09-29,-38.85000000000001
2004-09-30,-27.709999999999994
2004-10-01,-40.5
2004-10-02,33.72
2004-10-03,126.55999999999999
2004-10-04,1.1299999999999955
2004-10-05,-32.559999999999995
2004-10-06,-15.719999999999999
2004-10-07,-15.689999999999998
2004-10-08,93.28
2004-10-09,51.67
2004-10-10,39.620000000000005
2004-10-11,88.08000000000001
2004-10-12,56.89
2004-10-13,77.97999999999999
2004-10-14,-14.64
2004-10-15,48.400000000000006
2004-10-16,224.04000000000002
2004-10-17,31.089999999999975
2004-10-18,42.16
2004-10-19,11.39
2004-10-20,-0.09000000000000341
2004-10-21,-27.499999999999993
2004-10-22,-13.239999999999995
2004-10-23,-111.54999999999998
2004-10-24,68.70000000000002
2004-10-25,-0.9200000000000017
2004-10-26,45.44
2004-10-27,124.38
2004-10-28,-10.61
2004-10-29,-92.66
2004-10-30,8.659999999999997
2004-10-31,-19.539999999999992
2004-11-01,10.219999999999999
2004-11-02,21.340000000000003
2004-11-03,92.77000000000001
2004-11-04,184.25
2004-11-05,-278.0
2004-11-06,-39.77999999999999
2004-11-07,-6.139999999999986
2004-11-08,-4.949999999999989
2004-11-09,17.700000000000003
2004-11-10,-1.6400000000000006
2004-11-11,11.97999999999999
2004-11-12,-34.24
2004-11-13,-81.87
2004-11-14,7.440000000000005
2004-11-15,-13.060000000000002
2004-11-16,-108.44
2004-11-17,-73.75999999999999
2004-11-18,-21.690000000000005
2004-11-19,-8.980000000000004
2004-11-20,-35.77000000000001
2004-11-21,-18.549999999999997
2004-11-22,-71.71000000000001
2004-11-23,-122.92000000000002
2004-11-24,-209.87
2004-11-25,-25.259999999999998
2004-11-26,-82.62
2004-11-27,-72.59
2004-11-28,-25.570000000000007
2004-11-29,-22.490000000000002
2004-11-30,1.4200000000000017
2004-12-01,-53.239999999999995
2004-12-02,12.420000000000002
2004-12-03,-29.28000000000001
2004-12-04,-43.36
2004-12-05,-12.979999999999997
2004-12-06,66.33000000000001
2004-12-07,-18.62
2004-12-08,16.78
2004-12-09,-64.91
2004-12-10,-67.18
2004-12-11,-8.709999999999994
2004-12-12,1.2600000000000051
2004-12-13,25.07
2004-12-14,-5.490000000000002
2004-12-15,-5.410000000000004
2004-12-16,9.769999999999996
2004-12-17,-3.5599999999999987
2004-12-18,-25.5
2004-12-19,30.11
2004-12-20,4.019999999999996
2004-12-21,0.5799999999999983
2004-12-22,-22.63
2004-12-23,-4.239999999999995
2004-12-24,2.509999999999998
2004-12-25,-22.91
2004-12-26,-56.83000000000001
2004-12-27,0.8699999999999974
2004-12-28,-21.259999999999998
2004-12-29,-1.6700000000000017
2004-12-30,-21.0
2004-12-31,-46.370000000000005
2005-01-01,68.35
2005-01-02,69.54000000000002
2005-01-03,94.84
2005-01-04,22.160000000000004
2005-01-05,-15.68
2005-01-06,9.89
2005-01-07,-5.75
2005-01-08,74.55000000000001
2005-01-09,22.92000000000001
2005-01-10,31.15
2005-01-11,38.95
2005-01-12,10.909999999999997
2005-01-13,36.459999999999994
2005-01-14,32.95
2005-01-15,-39.19
2005-01-16,71.06
2005-01-17,-7.240000000000002
2005-01-18,-0.9399999999999977
2005-01-19,85.88000000000001
2005-01-20,31.700000000000003
2005-01-21,-84.13
2005-01-22,-56.49000000000001
2005-01-23,-76.41
2005-01-24,33.4
2005-01-25,30.6
2005-01-26,61.17
2005-01-27,2.0
2005-01-28,-110.78
2005-01-29,33.17999999999999
2005-01-30,29.250000000000007
2005-01-31,27.65
2005-02-01,1.480000000000004
2005-02-02,-47.3
2005-02-03,45.81
2005-02-04,27.960000000000008
2005-02-05,-46.0
2005-02-06,64.91
2005-02-07,58.53
2005-02-08,31.429999999999993
2005-02-09,-16.230000000000004
2005-02-10,16.519999999999996
2005-02-11,-46.370000000000005
2005-02-12,4.010000000000005
2005-02-13,-15.189999999999998
2005-02-14,-20.18
2005-02-15,-36.92
2005-02-16,31.759999999999998
2005-02-17,17.189999999999998
2005-02-18,-43.78
2005-02-19,-20.17
2005-02-20,19.950000000000003
2005-02-21,163.44
2005-02-22,23.660000000000004
2005-02-23,-76.24000000000001
2005-02-24,-24.060000000000002
2005-02-25,-10.059999999999995
2005-02-26,-41.42
2005-02-27,-26.950000000000003
2005-02-28,-83.6
2005-03-01,-4.640000000000001
2005-03-02,-5.969999999999999
2005-03-03,13.110000000000003
2005-03-04,7.349999999999994
2005-03-05,10.149999999999991
2005-03-06,74.72
2005-03-07,-13.100000000000001
2005-03-08,-31.699999999999996
2005-03-09,-20.869999999999997
2005-03-10,-8.169999999999995
2005-03-11,-23.93
2005-03-12,-62.7
2005-03-13,-86.35000000000001
2005-03-14,21.689999999999998
2005-03-15,-0.09000000000000341
2005-03-16,-23.37
2005-03-17,58.68
2005-03-18,47.620000000000005
2005-03-19,-36.08
2005-03-20,61.49
2005-03-21,19.730000000000004
2005-03-22,-3.719999999999999
2005-03-23,-6.470000000000006
2005-03-24,-34.03999999999999
2005-03-25,-54.28999999999999
2005-03-26,-86.03
2005-03-27,27.740000000000002
2005-03-28,64.91
2005-03-29,14.030000000000001
2005-03-30,9.729999999999997
2005-03-31,40.839999999999996
2005-04-01,9.5
2005-04-02,-87.4
2005-04-03,6.390000000000001
2005-04-04,26.190000000000005
2005-04-05,38.03
2005-04-06,-25.33
2005-04-07,-81.35000000000001
2005-04-08,-6.599999999999998
2005-04-09,-67.50999999999999
2005-04-10,-5.740000000000002
2005-04-11,7.700000000000003
2005-04-12,-0.6699999999999946
2005-04-13,17.599999999999998
2005-04-14,16.580000000000002
2005-04-15,12.309999999999999
2005-04-16,26.00999999999999
2005-04-17,-21.379999999999995
2005-04-18,29.270000000000003
2005-04-19,129.69
2005-04-20,36.89
2005-04-21,-9.549999999999997
2005-04-22,7.140000000000001
2005-04-23,-33.95
2005-04-24,31.039999999999992
2005-04-25,49.989999999999995
2005-04-26,73.24000000000001
2005-04-27,25.499999999999996
2005-04-28,22.589999999999996
2005-04-29,43.49
2005-04-30,99.03
2005-05-01,13.749999999999993
2005-05-02,24.909999999999997
2005-05-03,140.62
2005-05-04,23.819999999999993
2005-05-05,37.129999999999995
2005-05-06,-12.539999999999992
2005-05-07,113.41000000000001
2005-05-08,-18.770000000000003
2005-05-09,-56.56
2005-05-10,-45.42
2005-05-11,-11.89
2005-05-12,64.07
2005-05-13,14.980000000000004
2005-05-14,24.760000000000005
2005-05-15,-32.97
2005-05-16,-101.07000000000002
2005-05-17,24.160000000000004
2005-05-18,-18.939999999999998
2005-05-19,-39.52
2005-05-20,-110.01
2005-05-21,48.75
2005-05-22,110.81
2005-05-23,-178.79
2005-05-24,-32.449999999999996
2005-05-25,-35.989999999999995
2005-05-26,-48.28
2005-05-27,-118.38000000000002
2005-05-28,2.25
2005-05-29,-72.9
2005-05-30,-22.5
2005-05-31,40.739999999999995
2005-06-01,-69.47
2005-06-02,-2.4200000000000017
2005-06-03,-88.25999999999999
2005-06-04,15.89
2005-06-05,26.65
2005-06-06,3.700000000000003
2005-06-07,88.63
2005-06-08,59.07
2005-06-09,-8.390000000000004
2005-06-10,-54.809999999999995
2005-06-11,-41.01999999999998
2005-06-12,56.19
2005-06-13,25.190000000000005
2005-06-14,24.08
2005-06-15,-7.170000000000002
2005-06-16,-24.779999999999994
2005-06-17,-1.0300000000000011
2005-06-18,-43.839999999999996
2005-06-19,4.0
2005-06-20,-59.5
2005-06-21,36.14999999999999
2005-06-22,-9.230000000000004
2005-06-23,9.729999999999997
2005-06-24,-9.709999999999994
2005-06-25,29.710000000000008
2005-06-26,-3.6100000000000065
2005-06-27,-33.39
2005-06-28,-63.42
2005-06-29,25.110000000000003
2005-06-30,3.9299999999999997
2005-07-01,-55.900000000000006
2005-07-02,-28.129999999999995
2005-07-03,24.67
2005-07-04,-29.86
2005-07-05,46.32000000000001
2005-07-06,4.299999999999997
2005-07-07,-10.46
2005-07-08,26.269999999999996
2005-07-09,1.240000000000002
2005-07-10,44.989999999999995
2005-07-11,-55.449999999999996
2005-07-12,-22.589999999999996
2005-07-13,-5.179999999999996
2005-07-14,-51.09
2005-07-15,-65.17
2005-07-16,27.5
2005-07-17,-59.17999999999999
2005-07-18,-1.769999999999996
2005-07-19,7.780000000000001
2005-07-20,-8.79
2005-07-21,48.52999999999999
2005-07-22,177.05
2005-07-23,-41.93000000000001
2005-07-24,1.3100000000000023
2005-07-25,-53.75000000000001
2005-07-26,-16.85
2005-07-27,5.810000000000002
2005-07-28,-24.489999999999995
2005-07-29,-18.36
2005-07-30,-8.769999999999996
2005-07-31,15.149999999999999
2005-08-01,30.46
2005-08-02,89.11
2005-08-03,143.69
2005-08-04,29.849999999999994
2005-08-05,-75.05
2005-08-06,12.219999999999999
2005-08-07,-10.830000000000002
2005-08-08,-8.64
2005-08-09,22.009999999999998
2005-08-10,-108.16
2005-08-11,-169.57000000000002
2005-08-12,-3.1099999999999994
2005-08-13,-20.810000000000002
2005-08-14,39.72
2005-08-15,40.47
2005-08-16,-18.430000000000003
2005-08-17,-11.050000000000002
2005-08-18,-9.740000000000002
2005-08-19,-33.49
2005-08-20,0.8100000000000023
2005-08-21,15.019999999999996
2005-08-22,67.79999999999998
2005-08-23,-93.64000000000001
2005-08-24,-39.58
2005-08-25,30.93
2005-08-26,24.769999999999996
2005-08-27,13.650000000000002
2005-08-28,87.27000000000001
2005-08-29,-20.880000000000003
2005-08-30,36.03
2005-08-31,-10.25
2005-09-01,29.14
2005-09-02,51.400000000000006
2005-09-03,63.75000000000001
2005-09-04,10.500000000000007
2005-09-05,175.57
2005-09-06,42.64
2005-09-07,50.55
2005-09-08,159.06
2005-09-09,156.83999999999997
2005-09-10,4.1200000000000045
2005-09-11,-99.16999999999999
2005-09-12,6.450000000000003
2005-09-13,54.71000000000001
2005-09-14,-18.0
2005-09-15,8.049999999999997
2005-09-16,18.949999999999996
2005-09-17,-85.64000000000001
2005-09-18,18.46
2005-09-19,87.33
2005-09-20,121.76000000000002
2005-09-21,109.99000000000001
2005-09-22,15.36999999999999
2005-09-23,-102.23
2005-09-24,-18.110000000000007
2005-09-25,-158.81
2005-09-26,-18.619999999999997
2005-09-27,-27.169999999999995
2005-09-28,-120.16999999999999
2005-09-29,-147.89
2005-09-30,8.789999999999992
2005-10-01,-4.8700000000000045
2005-10-02,-40.53
2005-10-03,-17.360000000000007
2005-10-04,7.340000000000003
2005-10-05,-47.529999999999994
2005-10-06,-8.699999999999996
2005-10-07,52.57000000000001
2005-10-08,39.07000000000001
2005-10-09,-62.83
2005-10-10,-119.94000000000001
2005-10-11,-151.17000000000002
2005-10-12,-33.059999999999995
2005-10-13,-3.91
2005-10-14,-29.159999999999997
2005-10-15,-9.740000000000002
2005-10-16,32.75
2005-10-17,-2.6799999999999997
2005-10-18,62.97
2005-10-19,-16.35
2005-10-20,-30.409999999999997
2005-10-21,-33.97
2005-10-22,-30.259999999999998
2005-10-23,26.999999999999993
2005-10-24,26.47
2005-10-25,182.48
2005-10-26,40.809999999999995
2005-10-27,-56.040000000000006
2005-10-28,-50.94000000000001
2005-10-29,-21.64
2005-10-30,42.28
2005-10-31,85.55000000000001
2005-11-01,105.29000000000002
2005-11-02,25.400000000000002
2005-11-03,13.79
2005-11-04,38.4
2005-11-05,-24.25
2005-11-06,45.09
2005-11-07,-57.15
2005-11-08,25.07
2005-11-09,21.950000000000003
2005-11-10,-13.029999999999994
2005-11-11,14.760000000000002
2005-11-12,-71.91
2005-11-13,4.579999999999998
2005-11-14,-174.34
2005-11-15,-66.19
2005-11-16,-20.54
2005-11-17,16.360000000000014
2005-11-18,16.75
2005-11-19,-67.46
2005-11-20,-82.42
2005-11-21,-126.21000000000001
2005-11-22,-16.19
2005-11-23,-3.200000000000003
2005-11-24,-34.599999999999994
2005-11-25,26.129999999999995
2005-11-26,-58.870000000000005
2005-11-27,-8.04
2005-11-28,-11.550000000000004
2005-11-29,-22.25
2005-11-30,17.099999999999994
2005-12-01,27.929999999999996
2005-12-02,49.59
2005-12-03,102.22
2005-12-04,37.82
2005-12-05,17.58
2005-12-06,105.66
2005-12-07,-40.59
2005-12-08,-1.8299999999999983
2005-12-09,43.56
2005-12-10,-11.650000000000002
2005-12-11,12.829999999999998
2005-12-12,71.34
2005-12-13,15.969999999999999
2005-12-14,-7.550000000000001
2005-12-15,-50.669999999999995
2005-12-16,-9.11
2005-12-17,-20.76
2005-12-18,4.890000000000001
2005-12-19,-4.07
2005-12-20,-5.82
2005-12-21,5.640000000000008
2005-12-22,-34.82
2005-12-23,-99.09
2005-12-24,-43.480000000000004
2005-12-25,-7.729999999999997
2005-12-26,-74.65
2005-12-27,27.72999999999999
2005-12-28,-20.369999999999997
2005-12-29,24.43
2005-12-30,91.23
2005-12-31,83.06
2006-01-01,96.10999999999999
2006-01-02,113.72
2006-01-03,60.42999999999999
2006-01-04,44.47
2006-01-05,85.27
2006-01-06,8.150000000000002
2006-01-07,67.49000000000001
2006-01-08,29.880000000000003
2006-01-09,-6.209999999999994
2006-01-10,-3.230000000000004
2006-01-11,-9.46
2006-01-12,10.909999999999997
2006-01-13,37.150000000000006
2006-01-14,69.19999999999999
2006-01-15,39.05
2006-01-16,-36.629999999999995
2006-01-17,-15.560000000000002
2006-01-18,-48.44
2006-01-19,-77.11
2006-01-20,-93.73
2006-01-21,-177.75
2006-01-22,-95.42999999999999
2006-01-23,-46.03
2006-01-24,11.190000000000005
2006-01-25,-93.22999999999999
2006-01-26,27.11
2006-01-27,-88.27
2006-01-28,-49.88
2006-01-29,26.459999999999994
2006-01-30,-1.4500000000000028
2006-01-31,28.730000000000004
2006-02-01,109.82
2006-02-02,32.7
2006-02-03,-56.01
2006-02-04,-4.36999999999999
2006-02-05,28.11
2006-02-06,30.89
2006-02-07,16.839999999999996
2006-02-08,-3.6400000000000006
2006-02-09,4.469999999999999
2006-02-10,25.799999999999997
2006-02-11,32.72
2006-02-12,-3.6899999999999977
2006-02-13,-32.370000000000005
2006-02-14,17.689999999999998
2006-02-15,-8.940000000000005
2006-02-16,33.7
2006-02-17,73.18
2006-02-18,-45.37
2006-02-19,-10.939999999999998
2006-02-20,-16.120000000000005
2006-02-21,-156.57
2006-02-22,-73.11000000000001
2006-02-23,-22.9
2006-02-24,-4.63000000000001
2006-02-25,-29.189999999999998
2006-02-26,-2.8299999999999983
2006-02-27,53.21
2006-02-28,30.159999999999997
2006-03-01,-8.23
2006-03-02,-26.459999999999997
2006-03-03,1.7099999999999937
2006-03-04,6.439999999999998
2006-03-05,-13.39
2006-03-06,0.730000000000004
2006-03-07,-25.979999999999997
2006-03-08,-37.06
2006-03-09,-71.53999999999999
2006-03-10,88.78999999999999
2006-03-11,16.180000000000007
2006-03-12,33.61
2006-03-13,13.93
2006-03-14,25.85
2006-03-15,11.409999999999997
2006-03-16,-46.48
2006-03-17,8.770000000000003
2006-03-18,-20.1
2006-03-19,-66.18
2006-03-20,-26.449999999999996
2006-03-21,35.72
2006-03-22,97.61999999999999
2006-03-23,-49.91
2006-03-24,-4.789999999999999
2006-03-25,5.310000000000002
2006-03-26,90.41999999999999
2006-03-27,52.84
2006-03-28,30.249999999999996
2006-03-29,44.15
2006-03-30,-70.63
2006-03-31,-33.010000000000005
2006-04-01,103.39000000000001
2006-04-02,37.190000000000005
2006-04-03,6.18
2006-04-04,149.46
2006-04-05,-19.29
2006-04-06,38.79
2006-04-07,26.950000000000003
2006-04-08,-11.0
2006-04-09,80.69999999999999
2006-04-10,-30.259999999999998
2006-04-11,-69.82
2006-04-12,27.870000000000005
2006-04-13,9.79
2006-04-14,5.719999999999999
2006-04-15,-49.39
2006-04-16,-13.27000000000001
2006-04-17,0.9200000000000017
2006-04-18,-15.159999999999997
2006-04-19,51.56999999999999
2006-04-20,-10.170000000000002
2006-04-21,-144.32000000000002
2006-04-22,-66.55000000000001
2006-04-23,28.869999999999997
2006-04-24,-120.88
2006-04-25,34.18
2006-04-26,52.52999999999999
2006-04-27,-20.680000000000007
2006-04-28,113.48000000000002
2006-04-29,-67.78999999999999
2006-04-30,36.11000000000001
2006-05-01,66.59
2006-05-02,-4.540000000000006
2006-05-03,-9.159999999999997
2006-05-04,-3.3500000000000014
2006-05-05,-33.81999999999999
2006-05-06,62.57000000000001
2006-05-07,-4.890000000000001
2006-05-08,6.18
2006-05-09,-63.50999999999999
2006-05-10,17.18
2006-05-11,55.11999999999999
2006-05-12,9.030000000000001
2006-05-13,-66.44999999999999
2006-05-14,2.1600000000000037
2006-05-15,23.96
2006-05-16,-58.26999999999998
2006-05-17,-33.98
2006-05-18,-81.18
2006-05-19,20.11
2006-05-20,-39.31
2006-05-21,-40.24000000000001
2006-05-22,-36.86
2006-05-23,-0.7199999999999989
2006-05-24,52.82
2006-05-25,70.55
2006-05-26,-6.060000000000002
2006-05-27,75.91
2006-05-28,0.269999999999996
2006-05-29,94.02
2006-05-30,50.01
2006-05-31,20.74000000000001
2006-06-01,60.690000000000005
2006-06-02,66.1
2006-06-03,-12.360000000000007
2006-06-04,0.4000000000000057
2006-06-05,21.099999999999994
2006-06-06,71.07
2006-06-07,-5.480000000000004
2006-06-08,-6.309999999999995
2006-06-09,99.41
2006-06-10,-40.36999999999999
2006-06-11,28.070000000000007
2006-06-12,83.17
2006-06-13,-37.65
2006-06-14,11.799999999999997
2006-06-15,-70.72
2006-06-16,-79.72
2006-06-17,-23.639999999999997
2006-06-18,-83.49000000000001
2006-06-19,-56.61
2006-06-20,-40.52
2006-06-21,-35.540000000000006
2006-06-22,-54.83
2006-06-23,-6.149999999999999
2006-06-24,-44.410000000000004
2006-06-25,-30.11
2006-06-26,-3.6599999999999966
2006-06-27,66.96
2006-06-28,-8.25
2006-06-29,-95.68
2006-06-30,106.80999999999999
2006-07-01,-17.470000000000006
2006-07-02,-46.05
2006-07-03,101.57
2006-07-04,-80.63
2006-07-05,-17.490000000000002
2006-07-06,-21.03
2006-07-07,44.78
2006-07-08,10.130000000000003
2006-07-09,20.730000000000004
2006-07-10,-23.6
2006-07-11,20.83
2006-07-12,6.779999999999998
2006-07-13,-23.400000000000002
2006-07-14,-3.1600000000000037
2006-07-15,93.52999999999999
2006-07-16,5.969999999999999
2006-07-17,-20.39999999999999
2006-07-18,103.83
2006-07-19,140.42000000000002
2006-07-20,-77.16999999999999
2006-07-21,50.800000000000004
2006-07-22,90.91
2006-07-23,-76.32999999999998
2006-07-24,16.9
2006-07-25,-6.369999999999997
2006-07-26,28.119999999999997
2006-07-27,-24.63000000000001
2006-07-28,-23.19
2006-07-29,76.18
2006-07-30,-5.200000000000003
2006-07-31,14.700000000000003
2006-08-01,108.56
2006-08-02,28.459999999999997
2006-08-03,-11.019999999999996
2006-08-04,-90.63999999999999
2006-08-05,107.03999999999999
2006-08-06,-38.510000000000005
2006-08-07,-74.05
2006-08-08,-47.93000000000001
2006-08-09,94.65
2006-08-10,-18.540000000000006
2006-08-11,-133.37
2006-08-12,-53.32000000000001
2006-08-13,8.57
2006-08-14,24.57
2006-08-15,32.49
2006-08-16,48.96000000000001
2006-08-17,-1.4100000000000001
2006-08-18,-106.88000000000001
2006-08-19,-29.279999999999998
2006-08-20,-13.799999999999997
2006-08-21,-46.34
2006-08-22,-14.349999999999994
2006-08-23,2.34
2006-08-24,71.50999999999999
2006-08-25,-21.97
2006-08-26,-34.03
2006-08-27,-3.3400000000000034
2006-08-28,-64.47
2006-08-29,-146.3
2006-08-30,-37.849999999999994
2006-08-31,2.8300000000000054
2006-09-01,8.030000000000001
2006-09-02,-48.64
2006-09-03,29.839999999999996
2006-09-04,6.409999999999997
2006-09-05,-59.910000000000004
2006-09-06,13.030000000000001
2006-09-07,7.400000000000002
2006-09-08,121.26
2006-09-09,-52.25
2006-09-10,-45.95
2006-09-11,27.309999999999995
2006-09-12,-13.840000000000002
2006-09-13,-112.82
2006-09-14,-143.79
2006-09-15,29.360000000000003
2006-09-16,-64.84
2006-09-17,-23.78
2006-09-18,23.53
2006-09-19,-16.730000000000004
2006-09-20,-9.960000000000004
2006-09-21,7.09
2006-09-22,16.07
2006-09-23,-54.989999999999995
2006-09-24,-50.57
2006-09-25,-21.3
2006-09-26,-26.840000000000003
2006-09-27,6.609999999999996
2006-09-28,-105.46000000000001
2006-09-29,10.43
2006-09-30,3.559999999999995
2006-10-01,-15.739999999999995
2006-10-02,-2.4499999999999993
2006-10-03,25.64
2006-10-04,12.559999999999999
2006-10-05,-29.080000000000002
2006-10-06,9.39
2006-10-07,1.519999999999996
2006-10-08,22.85
2006-10-09,36.75
2006-10-10,5.169999999999998
2006-10-11,8.86
2006-10-12,-20.88
2006-10-13,-6.439999999999998
2006-10-14,-11.109999999999996
2006-10-15,31.849999999999998
2006-10-16,31.840000000000003
2006-10-17,106.69
2006-10-18,8.48
2006-10-19,-9.169999999999998
2006-10-20,34.800000000000004
2006-10-21,-26.860000000000003
2006-10-22,61.269999999999996
2006-10-23,-10.96
2006-10-24,-7.780000000000001
2006-10-25,25.05
2006-10-26,26.169999999999998
2006-10-27,13.14
2006-10-28,-35.6
2006-10-29,-13.57
2006-10-30,-16.24
2006-10-31,-7.119999999999997
2006-11-01,8.529999999999998
2006-11-02,25.419999999999998
2006-11-03,-11.64
2006-11-04,-35.51
2006-11-05,5.469999999999999
2006-11-06,-122.05
2006-11-07,17.099999999999998
2006-11-08,19.509999999999998
2006-11-09,22.239999999999995
2006-11-10,31.680000000000003
2006-11-11,66.05
2006-11-12,15.71
2006-11-13,1.3300000000000054
2006-11-14,-28.740000000000002
2006-11-15,-11.369999999999997
2006-11-16,1.4000000000000057
2006-11-17,42.49
2006-11-18,1.8599999999999994
2006-11-19,29.250000000000004
2006-11-20,-17.630000000000003
2006-11-21,-12.95
2006-11-22,-11.82
2006-11-23,-4.350000000000001
2006-11-24,5.73
2006-11-25,-31.19
2006-11-26,27.94
2006-11-27,12.829999999999998
2006-11-28,14.600000000000001
2006-11-29,67.82000000000001
2006-11-30,56.46
2006-12-01,-74.85999999999999
2006-12-02,-40.99
2006-12-03,3.6699999999999946
2006-12-04,-4.66
2006-12-05,-0.35999999999999943
2006-12-06,-32.60000000000001
2006-12-07,3.7199999999999918
2006-12-08,-23.189999999999998
2006-12-09,-34.49
2006-12-10,-1.4100000000000001
2006-12-11,42.739999999999995
2006-12-12,-9.349999999999998
2006-12-13,17.95
2006-12-14,-0.3000000000000007
2006-12-15,13.030000000000001
2006-12-16,6.729999999999997
2006-12-17,-16.309999999999995
2006-12-18,-41.730000000000004
2006-12-19,-161.69
2006-12-20,-93.94
2006-12-21,-45.75000000000001
2006-12-22,-3.8200000000000003
2006-12-23,-20.599999999999998
2006-12-24,18.69
2006-12-25,-6.520000000000003
2006-12-26,28.02
2006-12-27,-17.869999999999997
2006-12-28,33.6
2006-12-29,67.84
2006-12-30,25.38
2006-12-31,99.18
2007-01-01,31.19
2007-01-02,34.510000000000005
2007-01-03,6.379999999999999
2007-01-04,38.39
2007-01-05,11.770000000000003
2007-01-06,22.39999999999999
2007-01-07,43.790000000000006
2007-01-08,39.940000000000005
2007-01-09,46.71
2007-01-10,36.75
2007-01-11,26.940000000000005
2007-01-12,-6.34
2007-01-13,10.909999999999997
2007-01-14,22.520000000000003
2007-01-15,-5.009999999999998
2007-01-16,0.8400000000000034
2007-01-17,-26.560000000000002
2007-01-18,-49.74
2007-01-19,7.149999999999999
2007-01-20,-105.9
2007-01-21,-9.86
2007-01-22,-15.490000000000002
2007-01-23,67.53
2007-01-24,120.13000000000001
2007-01-25,-41.760000000000005
2007-01-26,-45.919999999999995
2007-01-27,-10.160000000000004
2007-01-28,5.119999999999997
2007-01-29,13.64
2007-01-30,-8.119999999999997
2007-01-31,71.53999999999999
2007-02-01,41.410000000000004
2007-02-02,50.2
2007-02-03,-10.149999999999999
2007-02-04,5.030000000000001
2007-02-05,22.279999999999994
2007-02-06,23.060000000000002
2007-02-07,1.139999999999997
2007-02-08,-29.929999999999996
2007-02-09,-1.8399999999999963
2007-02-10,-14.700000000000003
2007-02-11,-23.750000000000004
2007-02-12,17.39999999999999
2007-02-13,-85.74000000000001
2007-02-14,27.13
2007-02-15,6.720000000000002
2007-02-16,21.019999999999996
2007-02-17,-39.84
2007-02-18,-37.55
2007-02-19,13.21
2007-02-20,-23.28
2007-02-21,-1.5400000000000063
2007-02-22,-88.24
2007-02-23,-12.110000000000003
2007-02-24,12.079999999999998
2007-02-25,50.38000000000001
2007-02-26,48.31
2007-02-27,69.91000000000001
2007-02-28,28.69
2007-03-01,-11.510000000000005
2007-03-02,-1.0600000000000023
2007-03-03,12.540000000000003
2007-03-04,-58.129999999999995
2007-03-05,-66.13
2007-03-06,-23.45
2007-03-07,41.849999999999994
2007-03-08,-5.599999999999994
2007-03-09,32.379999999999995
2007-03-10,5.829999999999998
2007-03-11,19.859999999999992
2007-03-12,-62.63
2007-03-13,-6.899999999999999
2007-03-14,27.96
2007-03-15,22.099999999999998
2007-03-16,-10.850000000000001
2007-03-17,-105.09
2007-03-18,-75.0
2007-03-19,-32.16000000000001
2007-03-20,87.52000000000001
2007-03-21,59.42
2007-03-22,-4.579999999999998
2007-03-23,90.78
2007-03-24,-25.759999999999998
2007-03-25,19.989999999999995
2007-03-26,-4.030000000000001
2007-03-27,-36.55
2007-03-28,-11.46
2007-03-29,109.85
2007-03-30,-16.6
2007-03-31,-26.049999999999997
2007-04-01,31.28
2007-04-02,27.160000000000004
2007-04-03,32.59
2007-04-04,19.560000000000002
2007-04-05,-18.909999999999997
2007-04-06,15.360000000000001
2007-04-07,21.660000000000004
2007-04-08,-7.569999999999993
2007-04-09,-107.89
2007-04-10,-37.44
2007-04-11,-9.21
2007-04-12,-98.18
2007-04-13,-13.600000000000001
2007-04-14,-3.4399999999999977
2007-04-15,25.959999999999997
2007-04-16,7.170000000000002
2007-04-17,-20.14
2007-04-18,-157.2
2007-04-19,-18.8
2007-04-20,-31.63
2007-04-21,-40.25
2007-04-22,-36.09
2007-04-23,-3.8900000000000006
2007-04-24,-24.43
2007-04-25,5.8799999999999955
2007-04-26,8.25
2007-04-27,-29.87
2007-04-28,105.86999999999999
2007-04-29,22.169999999999998
2007-04-30,-25.730000000000004
2007-05-01,50.580000000000005
2007-05-02,29.22
2007-05-03,37.74
2007-05-04,0.490000000000002
2007-05-05,-3.0799999999999983
2007-05-06,26.599999999999994
2007-05-07,41.830000000000005
2007-05-08,51.76
2007-05-09,30.720000000000002
2007-05-10,-0.46999999999999886
2007-05-11,23.82
2007-05-12,-11.669999999999998
2007-05-13,-28.6
2007-05-14,-0.21999999999999886
2007-05-15,5.0
2007-05-16,43.44
2007-05-17,-5.989999999999998
2007-05-18,-51.19
2007-05-19,1.4299999999999997
2007-05-20,77.17
2007-05-21,45.50999999999999
2007-05-22,38.49
2007-05-23,-7.8700000000000045
2007-05-24,-19.520000000000003
2007-05-25,4.6200000000000045
2007-05-26,27.680000000000007
2007-05-27,-27.050000000000004
2007-05-28,-42.629999999999995
2007-05-29,22.36
2007-05-30,-13.07
2007-05-31,2.770000000000003
2007-06-01,40.41
2007-06-02,-16.759999999999998
2007-06-03,-17.07
2007-06-04,-13.879999999999995
2007-06-05,-47.69
2007-06-06,21.379999999999995
2007-06-07,-89.16
2007-06-08,17.049999999999997
2007-06-09,-77.4
2007-06-10,-56.66
2007-06-11,-29.049999999999997
2007-06-12,18.200000000000003
2007-06-13,37.519999999999996
2007-06-14,-5.240000000000002
2007-06-15,-34.800000000000004
2007-06-16,3.9099999999999966
2007-06-17,41.31
2007-06-18,-13.670000000000002
2007-06-19,53.870000000000005
2007-06-20,18.779999999999994
2007-06-21,-22.07
2007-06-22,5.379999999999999
2007-06-23,4.659999999999997
2007-06-24,57.809999999999995
2007-06-25,-12.93
2007-06-26,1.9200000000000017
2007-06-27,36.28
2007-06-28,-20.939999999999998
2007-06-29,99.45999999999998
2007-06-30,-29.38
2007-07-01,-9.900000000000006
2007-07-02,-13.57
2007-07-03,-57.73
2007-07-04,-44.22
2007-07-05,-47.53
2007-07-06,-20.289999999999996
2007-07-07,6.530000000000001
2007-07-08,58.24
2007-07-09,21.340000000000003
2007-07-10,-18.309999999999995
2007-07-11,-20.57
2007-07-12,41.82000000000001
2007-07-13,-2.889999999999997
2007-07-14,-63.739999999999995
2007-07-15,48.48
2007-07-16,-20.72
2007-07-17,-41.89
2007-07-18,-19.959999999999997
2007-07-19,-92.26999999999998
2007-07-20,38.84
2007-07-21,-56.74
2007-07-22,-11.96
2007-07-23,22.560000000000002
2007-07-24,7.29
2007-07-25,0.3800000000000008
2007-07-26,0.09999999999999787
2007-07-27,-24.520000000000003
2007-07-28,-55.2
2007-07-29,-15.430000000000007
2007-07-30,-3.8200000000000003
2007-07-31,0.19000000000000128
2007-08-01,34.099999999999994
2007-08-02,40.72
2007-08-03,5.189999999999998
2007-08-04,132.18
2007-08-05,27.04
2007-08-06,51.08
2007-08-07,43.19
2007-08-08,1.730000000000004
2007-08-09,-34.17000000000001
2007-08-10,72.86999999999999
2007-08-11,87.57
2007-08-12,8.439999999999998
2007-08-13,66.05
2007-08-14,92.92
2007-08-15,10.480000000000004
2007-08-16,21.14
2007-08-17,98.59
2007-08-18,60.370000000000005
2007-08-19,60.25
2007-08-20,119.83999999999999
2007-08-21,135.46
2007-08-22,-7.069999999999993
2007-08-23,18.700000000000003
2007-08-24,-89.33
2007-08-25,-3.4099999999999966
2007-08-26,-17.599999999999994
2007-08-27,-25.43
2007-08-28,25.93
2007-08-29,7.530000000000001
2007-08-30,-48.419999999999995
2007-08-31,-58.11
2007-09-01,68.4
2007-09-02,0.09000000000000341
2007-09-03,-5.310000000000002
2007-09-04,53.65
2007-09-05,-3.480000000000004
2007-09-06,-71.35000000000001
2007-09-07,-3.5400000000000063
2007-09-08,129.48000000000002
2007-09-09,-78.87
2007-09-10,-173.29000000000002
2007-09-11,-12.690000000000005
2007-09-12,16.83
2007-09-13,-82.01
2007-09-14,-0.21000000000000085
2007-09-15,-18.910000000000004
2007-09-16,10.449999999999996
2007-09-17,91.9
2007-09-18,123.41999999999999
2007-09-19,61.309999999999995
2007-09-20,0.18000000000000682
2007-09-21,1.0
2007-09-22,1.9599999999999937
2007-09-23,-40.09
2007-09-24,-44.47
2007-09-25,23.46
2007-09-26,25.480000000000004
2007-09-27,-73.34
2007-09-28,-197.48000000000002
2007-09-29,-40.44
2007-09-30,-23.369999999999997
2007-10-01,17.96
2007-10-02,22.939999999999998
2007-10-03,15.949999999999996
2007-10-04,-14.790000000000003
2007-10-05,24.270000000000003
2007-10-06,-33.32
2007-10-07,-107.56
2007-10-08,-123.53999999999999
2007-10-09,-34.13999999999999
2007-10-10,77.01999999999998
2007-10-11,-85.97
2007-10-12,-23.72
2007-10-13,12.670000000000002
2007-10-14,-9.61
2007-10-15,6.420000000000002
2007-10-16,36.879999999999995
2007-10-17,18.18
2007-10-18,97.92999999999999
2007-10-19,47.74
2007-10-20,48.98
2007-10-21,0.29999999999999716
2007-10-22,-31.42
2007-10-23,9.800000000000004
2007-10-24,23.56
2007-10-25,-8.329999999999998
2007-10-26,32.76
2007-10-27,46.68
2007-10-28,5.100000000000001
2007-10-29,36.52
2007-10-30,33.75
2007-10-31,57.10000000000001
2007-11-01,-24.699999999999996
2007-11-02,-18.4
2007-11-03,56.14999999999999
2007-11-04,6.209999999999994
2007-11-05,-91.53
2007-11-06,6.019999999999996
2007-11-07,-63.989999999999995
2007-11-08,-2.3700000000000045
2007-11-09,35.459999999999994
2007-11-10,51.06
2007-11-11,18.060000000000002
2007-11-12,-27.720000000000002
2007-11-13,11.939999999999998
2007-11-14,-0.12000000000000455
2007-11-15,15.820000000000007
2007-11-16,-5.239999999999995
2007-11-17,17.240000000000002
2007-11-18,-48.010000000000005
2007-11-19,-111.13
2007-11-20,-38.99000000000001
2007-11-21,45.449999999999996
2007-11-22,9.699999999999996
2007-11-23,-49.959999999999994
2007-11-24,-60.55
2007-11-25,2.4200000000000017
2007-11-26,-27.659999999999997
2007-11-27,-28.299999999999997
2007-11-28,-11.779999999999994
2007-11-29,-63.50999999999999
2007-11-30,-49.81
2007-12-01,21.960000000000008
2007-12-02,57.459999999999994
2007-12-03,16.99000000000001
2007-12-04,111.25
2007-12-05,-12.450000000000003
2007-12-06,-10.040000000000006
2007-12-07,26.58999999999999
2007-12-08,30.120000000000005
2007-12-09,-12.029999999999994
2007-12-10,18.53
2007-12-11,62.86
2007-12-12,106.80000000000001
2007-12-13,29.409999999999997
2007-12-14,56.66
2007-12-15,94.98999999999998
2007-12-16,20.480000000000004
2007-12-17,54.34
2007-12-18,142.29
2007-12-19,31.75
2007-12-20,-13.769999999999996
2007-12-21,-15.440000000000012
2007-12-22,-62.06999999999999
2007-12-23,13.829999999999998
2007-12-24,-88.76
2007-12-25,12.14
2007-12-26,-24.0
2007-12-27,-47.38999999999999
2007-12-28,-4.8500000000000085
2007-12-29,-16.369999999999997
2007-12-30,116.43
2007-12-31,-11.379999999999995
2008-01-01,64.41
2008-01-02,8.450000000000003
2008-01-03,99.63000000000001
2008-01-04,-44.459999999999994
2008-01-05,211.3
2008-01-06,43.68000000000001
2008-01-07,-115.85
2008-01-08,50.02999999999999
2008-01-09,66.42
2008-01-10,28.63000000000001
2008-01-11,207.93
2008-01-12,65.52000000000001
2008-01-13,81.21
2008-01-14,45.099999999999994
2008-01-15,50.71000000000001
2008-01-16,129.9
2008-01-17,30.049999999999997
2008-01-18,62.260000000000005
2008-01-19,71.13
2008-01-20,30.28
2008-01-21,-77.13
2008-01-22,161.20999999999998
2008-01-23,170.96
2008-01-24,91.44000000000001
2008-01-25,-123.24000000000001
2008-01-26,18.439999999999998
2008-01-27,135.04000000000002
2008-01-28,145.06000000000003
2008-01-29,297.59999999999997
2008-01-30,74.57999999999998
2008-01-31,-7.430000000000007
2008-02-01,5.359999999999985
2008-02-02,-49.02999999999999
2008-02-03,86.27
2008-02-04,75.98
2008-02-05,-61.510000000000005
2008-02-06,10.790000000000006
2008-02-07,9.97999999999999
2008-02-08,-185.16
2008-02-09,-72.71000000000001
2008-02-10,-37.760000000000005
2008-02-11,-35.68000000000001
2008-02-12,-157.16000000000003
2008-02-13,-133.32
2008-02-14,-68.21999999999998
2008-02-15,-29.13000000000001
2008-02-16,-114.46000000000001
2008-02-17,-165.28000000000003
2008-02-18,-344.82
2008-02-19,-37.64999999999998
2008-02-20,-108.49
2008-02-21,-94.77
2008-02-22,28.36
2008-02-23,-131.85
2008-02-24,-97.12
2008-02-25,-4.439999999999998
2008-02-26,-39.44
2008-02-27,30.72
2008-02-28,9.149999999999991
2008-02-29,58.02000000000001
2008-03-01,11.58999999999999
2008-03-02,-143.63
2008-03-03,-114.07999999999998
2008-03-04,58.72
2008-03-05,-4.990000000000009
2008-03-06,-29.730000000000004
2008-03-07,-30.24000000000001
2008-03-08,-59.21000000000001
2008-03-09,1.2099999999999937
2008-03-10,-111.43
2008-03-11,-44.16999999999999
2008-03-12,2.1899999999999977
2008-03-13,-40.290000000000006
2008-03-14,-3.4200000000000017
2008-03-15,9.33999999999999
2008-03-16,-12.75
2008-03-17,75.29
2008-03-18,180.19
2008-03-19,299.28
2008-03-20,-13.789999999999992
2008-03-21,-15.319999999999993
2008-03-22,69.54
2008-03-23,148.43
2008-03-24,-48.03999999999999
2008-03-25,9.5
2008-03-26,42.34
2008-03-27,17.150000000000006
2008-03-28,91.29
2008-03-29,-37.769999999999996
2008-03-30,287.65
2008-03-31,3.9599999999999937
2008-04-01,93.54
2008-04-02,47.31000000000002
2008-04-03,36.980000000000004
2008-04-04,-27.22999999999999
2008-04-05,-6.25
2008-04-06,-17.600000000000023
2008-04-07,-230.73
2008-04-08,-302.16999999999996
2008-04-09,-57.500000000000014
2008-04-10,-33.81999999999999
2008-04-11,-40.110000000000014
2008-04-12,-132.71
2008-04-13,75.99
2008-04-14,-15.299999999999997
2008-04-15,-17.299999999999997
2008-04-16,-3.700000000000003
2008-04-17,-63.620000000000005
2008-04-18,-10.879999999999999
2008-04-19,-272.92999999999995
2008-04-20,174.9
2008-04-21,-19.039999999999992
2008-04-22,-72.80000000000001
2008-04-23,-47.99
2008-04-24,-20.400000000000006
2008-04-25,-20.349999999999994
2008-04-26,72.44000000000003
2008-04-27,22.86999999999999
2008-04-28,14.77000000000001
2008-04-29,-6.909999999999997
2008-04-30,0.30999999999998806
2008-05-01,59.97999999999999
2008-05-02,-26.33
2008-05-03,-80.65
2008-05-04,6.060000000000002
2008-05-05,-41.61
2008-05-06,31.129999999999995
2008-05-07,6.469999999999999
2008-05-08,21.359999999999996
2008-05-09,26.14999999999999
2008-05-10,-192.59
2008-05-11,-58.860000000000014
2008-05-12,29.900000000000006
2008-05-13,-2.489999999999995
2008-05-14,79.85000000000001
2008-05-15,91.33999999999999
2008-05-16,-90.85000000000001
2008-05-17,4.8500000000000085
2008-05-18,22.67
2008-05-19,7.3799999999999955
2008-05-20,-31.669999999999995
2008-05-21,-91.13
2008-05-22,-3.6099999999999994
2008-05-23,-37.169999999999995
2008-05-24,-7.200000000000003
2008-05-25,27.0
2008-05-26,-47.269999999999996
2008-05-27,-39.04
2008-05-28,62.720000000000006
2008-05-29,-19.039999999999992
2008-05-30,-7.670000000000002
2008-05-31,-20.42
2008-06-01,74.10999999999999
2008-06-02,119.47999999999999
2008-06-03,-33.10000000000001
2008-06-04,-87.05
2008-06-05,-14.070000000000007
2008-06-06,-47.269999999999996
2008-06-07,88.39999999999999
2008-06-08,16.450000000000003
2008-06-09,15.389999999999993
2008-06-10,36.36000000000001
2008-06-11,8.599999999999994
2008-06-12,95.85999999999999
2008-06-13,-18.57
2008-06-14,-39.94
2008-06-15,23.659999999999997
2008-06-16,24.089999999999996
2008-06-17,-9.370000000000005
2008-06-18,1.3799999999999955
2008-06-19,15.829999999999998
2008-06-20,-16.9
2008-06-21,-106.49999999999999
2008-06-22,-32.860000000000014
2008-06-23,74.13000000000001
2008-06-24,63.42999999999999
2008-06-25,30.409999999999997
2008-06-26,14.689999999999998
2008-06-27,-156.95
2008-06-28,-36.52
2008-06-29,57.650000000000006
2008-06-30,-15.670000000000002
2008-07-01,62.28999999999999
2008-07-02,-53.599999999999994
2008-07-03,18.130000000000003
2008-07-04,75.25999999999999
2008-07-05,14.579999999999998
2008-07-06,72.25000000000001
2008-07-07,-21.25
2008-07-08,164.7
2008-07-09,65.09
2008-07-10,0.20000000000000284
2008-07-11,41.72
2008-07-12,-59.58999999999999
2008-07-13,-110.17000000000002
2008-07-14,-86.53999999999999
2008-07-15,69.37
2008-07-16,201.0
2008-07-17,35.199999999999996
2008-07-18,30.770000000000003
2008-07-19,-43.790000000000006
2008-07-20,48.61999999999999
2008-07-21,-59.58999999999999
2008-07-22,-11.100000000000001
2008-07-23,45.17
2008-07-24,-58.14999999999999
2008-07-25,-33.80999999999999
2008-07-26,-89.30000000000001
2008-07-27,-6.650000000000006
2008-07-28,-180.47
2008-07-29,-67.44
2008-07-30,17.729999999999997
2008-07-31,-42.44
2008-08-01,-3.700000000000003
2008-08-02,-6.869999999999997
2008-08-03,40.54
2008-08-04,-116.67999999999999
2008-08-05,-212.12
2008-08-06,-3.1299999999999955
2008-08-07,-43.26
2008-08-08,-22.79999999999999
2008-08-09,-66.49
2008-08-10,-53.85
2008-08-11,25.110000000000007
2008-08-12,-79.44
2008-08-13,9.259999999999991
2008-08-14,18.50999999999999
2008-08-15,21.61
2008-08-16,34.63000000000001
2008-08-17,47.849999999999994
2008-08-18,6.269999999999996
2008-08-19,-5.689999999999998
2008-08-20,-15.390000000000008
2008-08-21,-27.499999999999993
2008-08-22,28.289999999999992
2008-08-23,265.90000000000003
2008-08-24,134.15999999999997
2008-08-25,14.0
2008-08-26,73.15
2008-08-27,62.32
2008-08-28,0.28999999999999915
2008-08-29,48.019999999999996
2008-08-30,63.720000000000006
2008-08-31,10.47999999999999
2008-09-01,14.450000000000003
2008-09-02,0.9100000000000108
2008-09-03,-58.769999999999996
2008-09-04,-30.619999999999997
2008-09-05,-51.25
2008-09-06,-18.189999999999998
2008-09-07,-4.730000000000004
2008-09-08,92.38000000000001
2008-09-09,41.74
2008-09-10,76.21000000000001
2008-09-11,-30.339999999999996
2008-09-12,-257.16
2008-09-13,-150.64
2008-09-14,12.379999999999995
2008-09-15,-53.230000000000004
2008-09-16,205.27999999999997
2008-09-17,237.42000000000002
2008-09-18,97.9
2008-09-19,220.23000000000002
2008-09-20,158.87
2008-09-21,196.83
2008-09-22,93.65
2008-09-23,246.17000000000002
2008-09-24,197.23
2008-09-25,157.52999999999997
2008-09-26,248.11999999999998
2008-09-27,187.39000000000001
2008-09-28,30.399999999999977
2008-09-29,241.69
2008-09-30,498.21999999999997
2008-10-01,309.36
2008-10-02,168.03000000000003
2008-10-03,278.13
2008-10-04,153.76999999999998
2008-10-05,171.49
2008-10-06,54.30000000000001
2008-10-07,-57.03000000000003
2008-10-08,0.22999999999998977
2008-10-09,1.5600000000000023
2008-10-10,-71.08000000000001
2008-10-11,-37.06
2008-10-12,56.79999999999998
2008-10-13,-132.22
2008-10-14,-81.69999999999999
2008-10-15,45.97999999999999
2008-10-16,-13.359999999999957
2008-10-17,-58.75
2008-10-18,-55.599999999999994
2008-10-19,40.170000000000016
2008-10-20,-446.38
2008-10-21,-172.25000000000003
2008-10-22,-71.27000000000004
2008-10-23,-116.90000000000003
2008-10-24,-61.91999999999999
2008-10-25,-72.59000000000003
2008-10-26,-48.97999999999996
2008-10-27,3.5500000000000114
2008-10-28,3.6100000000000136
2008-10-29,-33.94
2008-10-30,70.37
2008-10-31,-1.990000000000009
2008-11-01,-30.5
2008-11-02,161.9
2008-11-03,59.51999999999998
2008-11-04,-151.85999999999999
2008-11-05,47.06
2008-11-06,86.37
2008-11-07,37.72
2008-11-08,-270.64000000000004
2008-11-09,51.370000000000005
2008-11-10,-65.39999999999999
2008-11-11,-36.52999999999997
2008-11-12,-88.59
2008-11-13,4.22999999999999
2008-11-14,-44.829999999999984
2008-11-15,-202.21000000000004
2008-11-16,-43.99000000000001
2008-11-17,-20.150000000000006
2008-11-18,-31.330000000000013
2008-11-19,-22.189999999999998
2008-11-20,18.930000000000007
2008-11-21,147.12
2008-11-22,-35.22000000000003
2008-11-23,-1.4499999999999886
2008-11-24,512.85
2008-11-25,-34.64000000000004
2008-11-26,-119.98000000000002
2008-11-27,-54.14999999999999
2008-11-28,57.760000000000005
2008-11-29,-113.71000000000001
2008-11-30,146.18
2008-12-01,69.5
2008-12-02,51.54000000000002
2008-12-03,74.17000000000002
2008-12-04,-12.51000000000002
2008-12-05,72.07000000000001
2008-12-06,-1.3499999999999943
2008-12-07,6.689999999999998
2008-12-08,-105.16999999999999
2008-12-09,-75.37
2008-12-10,-106.78999999999999
2008-12-11,-165.11
2008-12-12,-99.92999999999998
2008-12-13,-144.99
2008-12-14,-428.30000000000007
2008-12-15,-155.34999999999997
2008-12-16,-38.92999999999999
2008-12-17,20.89
2008-12-18,7.6699999999999875
2008-12-19,63.5
2008-12-20,-98.06
2008-12-21,-39.640000000000015
2008-12-22,-109.42
2008-12-23,-169.10000000000002
2008-12-24,-4.049999999999983
2008-12-25,-55.890000000000015
2008-12-26,-101.36
2008-12-27,79.20999999999998
2008-12-28,116.61000000000001
2008-12-29,-35.86
2008-12-30,-24.530000000000015
2008-12-31,14.150000000000006
2009-01-01,97.35
2009-01-02,134.62
2009-01-03,13.539999999999992
2009-01-04,307.92
2009-01-05,62.269999999999996
2009-01-06,102.94999999999999
2009-01-07,1.5400000000000205
2009-01-08,-9.159999999999997
2009-01-09,-3.25
2009-01-10,-39.74000000000001
2009-01-11,245.95
2009-01-12,142.13
2009-01-13,140.27999999999997
2009-01-14,53.71000000000001
2009-01-15,56.959999999999994
2009-01-16,-45.16999999999999
2009-01-17,-69.32000000000002
2009-01-18,126.89999999999999
2009-01-19,112.02
2009-01-20,-59.48999999999998
2009-01-21,-46.370000000000005
2009-01-22,181.84
2009-01-23,-64.15
2009-01-24,-333.18000000000006
2009-01-25,7.069999999999993
2009-01-26,-46.22999999999999
2009-01-27,36.92999999999998
2009-01-28,-27.629999999999995
2009-01-29,1.2199999999999989
2009-01-30,62.82000000000002
2009-01-31,-148.60000000000002
2009-02-01,19.609999999999985
2009-02-02,-66.90999999999997
2009-02-03,67.04999999999998
2009-02-04,45.640000000000015
2009-02-05,-44.17999999999998
2009-02-06,49.16
2009-02-07,40.58000000000001
2009-02-08,-22.919999999999987
2009-02-09,68.33999999999997
2009-02-10,-92.19
2009-02-11,-159.33
2009-02-12,23.24000000000001
2009-02-13,118.35999999999999
2009-02-14,49.20000000000002
2009-02-15,34.099999999999994
2009-02-16,-18.919999999999987
2009-02-17,37.20999999999998
2009-02-18,40.29000000000002
2009-02-19,170.88
2009-02-20,9.02000000000001
2009-02-21,-17.669999999999987
2009-02-22,5.649999999999977
2009-02-23,-60.869999999999976
2009-02-24,1.5199999999999818
2009-02-25,356.65000000000003
2009-02-26,66.56
2009-02-27,34.75999999999999
2009-02-28,12.27000000000001
2009-03-01,-18.75999999999999
2009-03-02,81.34
2009-03-03,-52.26999999999998
2009-03-04,-0.28000000000000114
2009-03-05,-110.05999999999997
2009-03-06,-55.71000000000001
2009-03-07,-13.719999999999999
2009-03-08,63.06
2009-03-09,177.6
2009-03-10,-39.920000000000016
2009-03-11,-282.67
2009-03-12,-22.319999999999993
2009-03-13,-58.21000000000001
2009-03-14,-17.789999999999992
2009-03-15,19.060000000000002
2009-03-16,-51.51999999999998
2009-03-17,-363.44000000000005
2009-03-18,-163.04
2009-03-19,-189.41
2009-03-20,2.9599999999999795
2009-03-21,-51.41999999999999
2009-03-22,4.569999999999993
2009-03-23,87.60999999999999
2009-03-24,35.46000000000001
2009-03-25,-23.570000000000007
2009-03-26,-16.930000000000007
2009-03-27,-68.25999999999999
2009-03-28,-96.41
2009-03-29,-90.63999999999999
2009-03-30,33.46000000000001
2009-03-31,113.2
2009-04-01,-26.72
2009-04-02,-61.709999999999994
2009-04-03,-42.66
2009-04-04,-146.94
2009-04-05,7.199999999999989
2009-04-06,-37.00999999999999
2009-04-07,-22.580000000000013
2009-04-08,2.1699999999999875
2009-04-09,-107.66
2009-04-10,-45.06
2009-04-11,-84.15
2009-04-12,-171.08999999999997
2009-04-13,-84.99000000000001
2009-04-14,-7.22999999999999
2009-04-15,-78.61999999999999
2009-04-16,-34.620000000000005
2009-04-17,-7.800000000000011
2009-04-18,-68.80000000000001
2009-04-19,-81.54
2009-04-20,-106.61000000000001
2009-04-21,17.74000000000001
2009-04-22,179.82
2009-04-23,92.88
2009-04-24,128.74
2009-04-25,-23.109999999999985
2009-04-26,-68.78
2009-04-27,-25.78
2009-04-28,-18.379999999999995
2009-04-29,146.42000000000002
2009-04-30,28.519999999999982
2009-05-01,-18.45999999999998
2009-05-02,23.42
2009-05-03,17.460000000000008
2009-05-04,13.570000000000007
2009-05-05,-23.66000000000001
2009-05-06,-23.010000000000005
2009-05-07,-43.2
2009-05-08,-27.899999999999977
2009-05-09,100.85000000000001
2009-05-10,-10.86999999999999
2009-05-11,-78.27000000000001
2009-05-12,-194.06
2009-05-13,-168.5
2009-05-14,-52.0
2009-05-15,240.86
2009-05-16,4.460000000000008
2009-05-17,147.04
2009-05-18,-33.349999999999994
2009-05-19,-176.92000000000002
2009-05-20,-18.189999999999984
2009-05-21,17.379999999999995
2009-05-22,-24.260000000000005
2009-05-23,-71.23
2009-05-24,39.25
2009-05-25,80.11000000000001
2009-05-26,10.829999999999998
2009-05-27,-39.88999999999999
2009-05-28,-75.7
2009-05-29,-140.49
2009-05-30,21.14999999999999
2009-05-31,36.61999999999999
2009-06-01,1.1200000000000045
2009-06-02,121.07
2009-06-03,-58.39
2009-06-04,-292.61
2009-06-05,-11.820000000000007
2009-06-06,-197.45999999999998
2009-06-07,10.680000000000007
2009-06-08,22.72
2009-06-09,8.5
2009-06-10,-35.25
2009-06-11,-13.14
2009-06-12,-2.3500000000000014
2009-06-13,-53.93000000000001
2009-06-14,-52.33000000000001
2009-06-15,10.240000000000009
2009-06-16,59.339999999999996
2009-06-17,-36.550000000000004
2009-06-18,-11.86
2009-06-19,43.44
2009-06-20,-54.949999999999996
2009-06-21,25.799999999999997
2009-06-22,-86.41
2009-06-23,8.14
2009-06-24,15.120000000000005
2009-06-25,-1.730000000000004
2009-06-26,93.76
2009-06-27,240.30999999999997
2009-06-28,39.41
2009-06-29,-29.60000000000001
2009-06-30,-12.530000000000001
2009-07-01,28.980000000000004
2009-07-02,37.21
2009-07-03,-33.05000000000001
2009-07-04,1.7600000000000051
2009-07-05,13.89
2009-07-06,50.27000000000001
2009-07-07,58.419999999999995
2009-07-08,24.430000000000007
2009-07-09,-90.13
2009-07-10,46.51
2009-07-11,-42.28
2009-07-12,76.92000000000002
2009-07-13,98.88
2009-07-14,104.21
2009-07-15,39.03
2009-07-16,-70.98
2009-07-17,-247.84999999999997
2009-07-18,-28.939999999999998
2009-07-19,13.620000000000005
2009-07-20,65.71000000000001
2009-07-21,-37.900000000000006
2009-07-22,9.819999999999993
2009-07-23,57.370000000000005
2009-07-24,9.549999999999997
2009-07-25,-48.46000000000001
2009-07-26,52.639999999999986
2009-07-27,-48.989999999999995
2009-07-28,-32.24
2009-07-29,9.25
2009-07-30,-11.280000000000001
2009-07-31,258.38
2009-08-01,127.21000000000001
2009-08-02,-67.96
2009-08-03,-68.28999999999999
2009-08-04,21.03
2009-08-05,9.840000000000003
2009-08-06,-28.939999999999998
2009-08-07,-40.559999999999995
2009-08-08,-49.76
2009-08-09,-38.77000000000001
2009-08-10,65.91000000000001
2009-08-11,12.100000000000009
2009-08-12,-49.3
2009-08-13,-11.099999999999994
2009-08-14,-7.25
2009-08-15,-182.92
2009-08-16,17.549999999999997
2009-08-17,11.600000000000001
2009-08-18,-9.569999999999993
2009-08-19,-29.209999999999994
2009-08-20,-270.87
2009-08-21,-222.74
2009-08-22,-39.81
2009-08-23,-14.290000000000006
2009-08-24,-46.03999999999999
2009-08-25,2.789999999999992
2009-08-26,120.01
2009-08-27,-15.810000000000002
2009-08-28,6.309999999999995
2009-08-29,-64.94
2009-08-30,-42.97000000000001
2009-08-31,-71.97
2009-09-01,-57.230000000000004
2009-09-02,-24.60000000000001
2009-09-03,26.74000000000001
2009-09-04,3.8800000000000026
2009-09-05,-20.22
2009-09-06,52.900000000000006
2009-09-07,110.82
2009-09-08,24.049999999999997
2009-09-09,96.14
2009-09-10,-41.059999999999995
2009-09-11,2.710000000000008
2009-09-12,-18.08
2009-09-13,74.44
2009-09-14,-13.879999999999995
2009-09-15,-82.64
2009-09-16,9.440000000000005
2009-09-17,0.6200000000000045
2009-09-18,26.39
2009-09-19,-35.36
2009-09-20,70.09
2009-09-21,38.95
2009-09-22,55.93000000000001
2009-09-23,-32.32000000000001
2009-09-24,8.339999999999996
2009-09-25,60.44
2009-09-26,14.609999999999985
2009-09-27,-115.96
2009-09-28,23.460000000000008
2009-09-29,-113.29
2009-09-30,46.580000000000005
2009-10-01,-12.219999999999999
2009-10-02,13.049999999999997
2009-10-03,-31.930000000000007
2009-10-04,30.28
2009-10-05,-54.53000000000001
2009-10-06,-9.21
2009-10-07,-6.640000000000001
2009-10-08,-21.35
2009-10-09,13.230000000000004
2009-10-10,-8.989999999999995
2009-10-11,50.92
2009-10-12,-70.37
2009-10-13,39.69
2009-10-14,-10.809999999999995
2009-10-15,-44.33
2009-10-16,-67.60999999999999
2009-10-17,-31.770000000000003
2009-10-18,9.709999999999994
2009-10-19,17.35000000000001
2009-10-20,-46.25000000000001
2009-10-21,16.47
2009-10-22,-44.61
2009-10-23,-16.39999999999999
2009-10-24,-32.620000000000005
2009-10-25,48.67000000000001
2009-10-26,62.07
2009-10-27,27.010000000000005
2009-10-28,30.93
2009-10-29,0.6500000000000057
2009-10-30,-1.4699999999999989
2009-10-31,-28.700000000000003
2009-11-01,50.55
2009-11-02,-38.379999999999995
2009-11-03,92.03
2009-11-04,331.33
2009-11-05,58.97999999999999
2009-11-06,57.49999999999999
2009-11-07,-75.11
2009-11-08,3.069999999999993
2009-11-09,49.190000000000005
2009-11-10,-10.930000000000007
2009-11-11,54.63000000000001
2009-11-12,-4.75
2009-11-13,55.39
2009-11-14,-27.13000000000001
2009-11-15,-37.56
2009-11-16,-7.420000000000002
2009-11-17,16.67
2009-11-18,-19.790000000000006
2009-11-19,12.870000000000005
2009-11-20,-0.21999999999999886
2009-11-21,-35.75999999999999
2009-11-22,82.28
2009-11-23,0.38999999999998636
2009-11-24,-317.38
2009-11-25,-22.269999999999996
2009-11-26,48.69000000000001
2009-11-27,56.41
2009-11-28,13.599999999999994
2009-11-29,0.789999999999992
2009-11-30,86.39999999999999
2009-12-01,61.249999999999986
2009-12-02,-38.31
2009-12-03,-32.69
2009-12-04,79.98
2009-12-05,21.070000000000007
2009-12-06,96.19
2009-12-07,55.209999999999994
2009-12-08,86.58000000000001
2009-12-09,18.499999999999986
2009-12-10,35.64999999999999
2009-12-11,40.03
2009-12-12,-8.669999999999987
2009-12-13,4.760000000000019
2009-12-14,7.909999999999997
2009-12-15,26.540000000000006
2009-12-16,-43.85000000000001
2009-12-17,-12.099999999999994
2009-12-18,56.71000000000001
2009-12-19,11.120000000000005
2009-12-20,-13.72999999999999
2009-12-21,-3.079999999999984
2009-12-22,-1.8100000000000023
2009-12-23,23.340000000000003
2009-12-24,-63.760000000000005
2009-12-25,75.05
2009-12-26,-14.120000000000005
2009-12-27,88.88
2009-12-28,-17.890000000000015
2009-12-29,-71.55
2009-12-30,-28.11999999999999
2009-12-31,49.03999999999999
2010-01-01,37.19
2010-01-02,-22.220000000000013
2010-01-03,112.97999999999999
2010-01-04,12.449999999999989
2010-01-05,56.11
2010-01-06,7.5
2010-01-07,-64.08
2010-01-08,30.309999999999988
2010-01-09,48.140000000000015
2010-01-10,14.460000000000008
2010-01-11,37.650000000000006
2010-01-12,-14.650000000000006
2010-01-13,-10.099999999999994
2010-01-14,-79.92
2010-01-15,-48.14
2010-01-16,-165.18
2010-01-17,-43.61
2010-01-18,31.070000000000007
2010-01-19,8.959999999999994
2010-01-20,13.22999999999999
2010-01-21,-70.21000000000001
2010-01-22,4.549999999999997
2010-01-23,35.630000000000024
2010-01-24,112.34
2010-01-25,188.33
2010-01-26,157.58999999999997
2010-01-27,119.01
2010-01-28,95.02000000000001
2010-01-29,5.649999999999977
2010-01-30,-38.47000000000003
2010-01-31,70.51
2010-02-01,107.38
2010-02-02,112.82000000000001
2010-02-03,59.989999999999995
2010-02-04,4.840000000000003
2010-02-05,31.070000000000007
2010-02-06,155.26
2010-02-07,115.65
2010-02-08,-36.31999999999999
2010-02-09,-56.78999999999999
2010-02-10,42.379999999999995
2010-02-11,35.400000000000006
2010-02-12,-108.84
2010-02-13,-175.74
2010-02-14,-165.81
2010-02-15,-57.079999999999984
2010-02-16,43.01999999999998
2010-02-17,-129.86
2010-02-18,-87.49999999999999
2010-02-19,-10.259999999999991
2010-02-20,-27.52000000000001
2010-02-21,48.360000000000014
2010-02-22,-66.46000000000001
2010-02-23,-17.5
2010-02-24,7.980000000000004
2010-02-25,-11.730000000000004
2010-02-26,-143.93
2010-02-27,-71.96000000000001
2010-02-28,130.24
2010-03-01,-1.4299999999999926
2010-03-02,-11.800000000000011
2010-03-03,-97.65
2010-03-04,-47.370000000000005
2010-03-05,38.64999999999999
2010-03-06,-18.24000000000001
2010-03-07,-56.920000000000016
2010-03-08,-149.99
2010-03-09,-8.969999999999999
2010-03-10,14.149999999999991
2010-03-11,-46.33
2010-03-12,-22.299999999999997
2010-03-13,-165.96
2010-03-14,-15.64
2010-03-15,-40.56999999999999
2010-03-16,-65.56
2010-03-17,8.379999999999995
2010-03-18,-9.579999999999998
2010-03-19,-27.75
2010-03-20,-103.76000000000002
2010-03-21,30.39999999999999
2010-03-22,-12.949999999999989
2010-03-23,131.38
2010-03-24,26.989999999999995
2010-03-25,-36.58999999999999
2010-03-26,-29.67
2010-03-27,-36.989999999999995
2010-03-28,37.11
2010-03-29,-6.799999999999997
2010-03-30,-61.98
2010-03-31,-7.409999999999997
2010-04-01,-39.900000000000006
2010-04-02,-17.929999999999993
2010-04-03,-5.290000000000006
2010-04-04,71.22
2010-04-05,38.629999999999995
2010-04-06,-49.029999999999994
2010-04-07,36.21000000000001
2010-04-08,-71.74000000000001
2010-04-09,-50.959999999999994
2010-04-10,-68.19
2010-04-11,-6.900000000000006
2010-04-12,-113.22999999999999
2010-04-13,-77.15
2010-04-14,-19.74000000000001
2010-04-15,-55.97
2010-04-16,-27.39
2010-04-17,-39.64
2010-04-18,15.679999999999993
2010-04-19,15.250000000000007
2010-04-20,-15.950000000000003
2010-04-21,-37.28
2010-04-22,9.36
2010-04-23,0.8400000000000034
2010-04-24,-76.01
2010-04-25,31.710000000000008
2010-04-26,105.63
2010-04-27,-27.78
2010-04-28,64.55000000000001
2010-04-29,30.28
2010-04-30,-4.6499999999999915
2010-05-01,-68.04999999999998
2010-05-02,2.6700000000000017
2010-05-03,20.79
2010-05-04,-20.839999999999996
2010-05-05,38.95
2010-05-06,-6.759999999999991
2010-05-07,58.459999999999994
2010-05-08,158.20999999999998
2010-05-09,133.57
2010-05-10,119.94
2010-05-11,43.25
2010-05-12,73.32
2010-05-13,30.24000000000001
2010-05-14,31.700000000000003
2010-05-15,-31.190000000000012
2010-05-16,-79.78
2010-05-17,-22.010000000000005
2010-05-18,-33.879999999999995
2010-05-19,-14.320000000000007
2010-05-20,-8.650000000000006
2010-05-21,70.43
2010-05-22,86.46
2010-05-23,26.61
2010-05-24,56.919999999999995
2010-05-25,45.83000000000001
2010-05-26,15.14
2010-05-27,-62.249999999999986
2010-05-28,-172.21999999999997
2010-05-29,-37.03
2010-05-30,-18.650000000000006
2010-05-31,131.0
2010-06-01,-65.66
2010-06-02,-48.02000000000001
2010-06-03,-33.2
2010-06-04,-15.649999999999991
2010-06-05,29.549999999999997
2010-06-06,31.200000000000003
2010-06-07,42.519999999999996
2010-06-08,127.52000000000001
2010-06-09,83.14
2010-06-10,105.18999999999998
2010-06-11,-63.349999999999994
2010-06-12,-7.469999999999999
2010-06-13,36.41
2010-06-14,-51.38000000000001
2010-06-15,29.459999999999994
2010-06-16,1.0999999999999943
2010-06-17,45.790000000000006
2010-06-18,-46.27000000000001
2010-06-19,-52.25999999999999
2010-06-20,-47.51000000000002
2010-06-21,16.25
2010-06-22,2.5799999999999983
2010-06-23,26.689999999999998
2010-06-24,60.849999999999994
2010-06-25,52.19000000000001
2010-06-26,50.11999999999999
2010-06-27,9.439999999999998
2010-06-28,-54.140000000000015
2010-06-29,24.189999999999998
2010-06-30,-31.72
2010-07-01,88.93
2010-07-02,51.80999999999999
2010-07-03,19.180000000000007
2010-07-04,33.469999999999985
2010-07-05,142.93
2010-07-06,40.790000000000006
2010-07-07,-37.72000000000001
2010-07-08,31.150000000000006
2010-07-09,77.09
2010-07-10,-25.620000000000005
2010-07-11,93.94999999999999
2010-07-12,105.10000000000001
2010-07-13,60.56000000000002
2010-07-14,7.3799999999999955
2010-07-15,-32.940000000000026
2010-07-16,64.41
2010-07-17,31.970000000000013
2010-07-18,21.610000000000014
2010-07-19,23.49000000000001
2010-07-20,-32.91999999999999
2010-07-21,-17.47
2010-07-22,218.34000000000003
2010-07-23,77.57
2010-07-24,-19.89999999999999
2010-07-25,-10.620000000000005
2010-07-26,-3.219999999999999
2010-07-27,100.57000000000001
2010-07-28,-4.639999999999986
2010-07-29,-80.47
2010-07-30,19.690000000000026
2010-07-31,3.930000000000007
2010-08-01,14.47999999999999
2010-08-02,-1.3700000000000045
2010-08-03,-19.5
2010-08-04,12.860000000000014
2010-08-05,-132.43
2010-08-06,-2.030000000000001
2010-08-07,-29.03
2010-08-08,-37.120000000000005
2010-08-09,-8.830000000000013
2010-08-10,-33.72
2010-08-11,-231.28000000000003
2010-08-12,-83.89999999999998
2010-08-13,24.440000000000012
2010-08-14,82.77999999999997
2010-08-15,55.94
2010-08-16,-23.680000000000007
2010-08-17,-28.67
2010-08-18,-7.710000000000008
2010-08-19,-76.35000000000001
2010-08-20,-39.859999999999985
2010-08-21,-30.620000000000005
2010-08-22,-21.560000000000002
2010-08-23,18.02000000000001
2010-08-24,-32.78
2010-08-25,111.49
2010-08-26,-2.420000000000016
2010-08-27,42.099999999999994
2010-08-28,45.27000000000001
2010-08-29,15.600000000000023
2010-08-30,91.70999999999998
2010-08-31,89.96
2010-09-01,142.19
2010-09-02,-27.53
2010-09-03,-168.53999999999996
2010-09-04,-66.14
2010-09-05,120.91000000000003
2010-09-06,238.41000000000003
2010-09-07,203.37
2010-09-08,141.57999999999998
2010-09-09,45.75
2010-09-10,-3.819999999999993
2010-09-11,95.88999999999999
2010-09-12,83.59
2010-09-13,147.75
2010-09-14,114.78
2010-09-15,46.129999999999995
2010-09-16,-34.849999999999994
2010-09-17,-37.79000000000002
2010-09-18,-23.450000000000017
2010-09-19,-36.629999999999995
2010-09-20,20.819999999999993
2010-09-21,-113.83000000000001
2010-09-22,164.96999999999997
2010-09-23,-27.57000000000002
2010-09-24,-7.489999999999995
2010-09-25,-49.860000000000014
2010-09-26,-122.26000000000002
2010-09-27,-64.82
2010-09-28,-39.16
2010-09-29,-3.8000000000000114
2010-09-30,-12.710000000000008
2010-10-01,-68.48999999999998
2010-10-02,-46.360000000000014
2010-10-03,18.19999999999999
2010-10-04,-115.91
2010-10-05,-32.72
2010-10-06,7.3700000000000045
2010-10-07,-8.179999999999978
2010-10-08,72.12
2010-10-09,11.490000000000009
2010-10-10,74.73999999999998
2010-10-11,72.25999999999999
2010-10-12,-72.63999999999999
2010-10-13,26.01000000000002
2010-10-14,284.01
2010-10-15,-63.49000000000001
2010-10-16,-71.47
2010-10-17,94.49000000000001
2010-10-18,74.71999999999997
2010-10-19,-0.9499999999999886
2010-10-20,53.34
2010-10-21,42.23999999999998
2010-10-22,-22.169999999999987
2010-10-23,-93.78
2010-10-24,138.27
2010-10-25,183.35
2010-10-26,118.4
2010-10-27,8.379999999999995
2010-10-28,-18.22
2010-10-29,29.150000000000006
2010-10-30,-60.70999999999998
2010-10-31,43.09
2010-11-01,-1.6200000000000045
2010-11-02,116.37
2010-11-03,-85.65000000000003
2010-11-04,87.92000000000002
2010-11-05,58.56999999999999
2010-11-06,-236.03000000000003
2010-11-07,-101.58999999999997
2010-11-08,-76.67000000000002
2010-11-09,20.210000000000008
2010-11-10,-120.6
2010-11-11,-26.140000000000015
2010-11-12,-107.66999999999999
2010-11-13,-185.05
2010-11-14,-132.36999999999998
2010-11-15,-78.45000000000002
2010-11-16,-40.2
2010-11-17,9.240000000000009
2010-11-18,-114.26
2010-11-19,-82.53
2010-11-20,-174.01999999999998
2010-11-21,-49.639999999999986
2010-11-22,-123.38000000000002
2010-11-23,-247.67
2010-11-24,-157.70000000000002
2010-11-25,-61.97999999999999
2010-11-26,128.01
2010-11-27,-69.56
2010-11-28,55.28
2010-11-29,-9.919999999999987
2010-11-30,67.25
2010-12-01,3.9000000000000057
2010-12-02,88.87
2010-12-03,32.99000000000001
2010-12-04,-103.14000000000001
2010-12-05,37.170000000000016
2010-12-06,33.519999999999996
2010-12-07,-47.82000000000002
2010-12-08,39.36999999999999
2010-12-09,-23.73999999999998
2010-12-10,95.25000000000001
2010-12-11,-36.379999999999995
2010-12-12,76.74000000000001
2010-12-13,123.96000000000001
2010-12-14,25.930000000000007
2010-12-15,-14.699999999999989
2010-12-16,-87.69
2010-12-17,154.95
2010-12-18,3.8100000000000023
2010-12-19,-74.21000000000001
2010-12-20,-16.150000000000006
2010-12-21,-6.150000000000006
2010-12-22,-36.75999999999999
2010-12-23,-108.27
2010-12-24,-77.88
2010-12-25,-72.39000000000001
2010-12-26,89.02000000000001
2010-12-27,10.710000000000008
2010-12-28,-30.169999999999987
2010-12-29,-31.330000000000013
2010-12-30,-93.45000000000002
2010-12-31,62.389999999999986
2011-01-01,3.75
2011-01-02,156.67000000000002
2011-01-03,38.28999999999999
2011-01-04,-53.150000000000006
2011-01-05,-31.590000000000003
2011-01-06,-42.329999999999984
2011-01-07,-107.33
2011-01-08,-30.150000000000006
2011-01-09,60.56
2011-01-10,10.140000000000015
2011-01-11,-30.180000000000007
2011-01-12,63.499999999999986
2011-01-13,49.129999999999995
2011-01-14,-30.019999999999996
2011-01-15,-100.36000000000001
2011-01-16,-42.86
2011-01-17,18.650000000000006
2011-01-18,17.870000000000005
2011-01-19,43.78999999999999
2011-01-20,-68.07
2011-01-21,-122.12
2011-01-22,-278.04
2011-01-23,-21.75999999999999
2011-01-24,60.129999999999995
2011-01-25,-17.680000000000007
2011-01-26,-100.09
2011-01-27,35.11
2011-01-28,10.129999999999995
2011-01-29,-103.91
2011-01-30,8.599999999999994
2011-01-31,14.879999999999995
2011-02-01,-7.409999999999997
2011-02-02,-4.86999999999999
2011-02-03,-58.38
2011-02-04,-48.31
2011-02-05,50.94000000000001
2011-02-06,-9.100000000000023
2011-02-07,9.849999999999994
2011-02-08,-61.889999999999986
2011-02-09,-31.72
2011-02-10,-50.03999999999999
2011-02-11,8.829999999999998
2011-02-12,1.2800000000000011
2011-02-13,-6.810000000000002
2011-02-14,85.56
2011-02-15,45.99000000000001
2011-02-16,-6.75
2011-02-17,-39.41999999999999
2011-02-18,-6.700000000000003
2011-02-19,-54.849999999999994
2011-02-20,2.780000000000001
2011-02-21,-16.22
2011-02-22,67.92
2011-02-23,41.98
2011-02-24,20.25
2011-02-25,-47.360000000000014
2011-02-26,-27.89999999999999
2011-02-27,33.06999999999999
2011-02-28,-23.180000000000007
2011-03-01,59.99000000000001
2011-03-02,142.99
2011-03-03,25.08999999999999
2011-03-04,-80.69000000000001
2011-03-05,-79.38
2011-03-06,-33.69999999999999
2011-03-07,-15.0
2011-03-08,36.5
2011-03-09,27.14999999999999
2011-03-10,28.78
2011-03-11,73.88999999999999
2011-03-12,-9.189999999999998
2011-03-13,79.97999999999999
2011-03-14,44.44
2011-03-15,73.40000000000002
2011-03-16,15.740000000000009
2011-03-17,17.659999999999997
2011-03-18,24.739999999999995
2011-03-19,-25.389999999999986
2011-03-20,136.34
2011-03-21,-6.7900000000000205
2011-03-22,-102.01
2011-03-23,-0.05999999999998806
2011-03-24,31.049999999999997
2011-03-25,37.06999999999999
2011-03-26,9.659999999999997
2011-03-27,49.01999999999998
2011-03-28,39.06
2011-03-29,14.540000000000006
2011-03-30,23.790000000000006
2011-03-31,-88.6
2011-04-01,40.66
2011-04-02,-23.0
2011-04-03,-45.74000000000001
2011-04-04,-74.84000000000002
2011-04-05,-56.45
2011-04-06,-57.329999999999984
2011-04-07,22.640000000000015
2011-04-08,-39.69
2011-04-09,-107.7
2011-04-10,-9.179999999999993
2011-04-11,19.08
2011-04-12,14.539999999999992
2011-04-13,-25.039999999999992
2011-04-14,-21.230000000000004
2011-04-15,-53.85000000000001
2011-04-16,-67.74999999999999
2011-04-17,44.129999999999995
2011-04-18,25.120000000000005
2011-04-19,-20.560000000000002
2011-04-20,24.010000000000005
2011-04-21,-70.41
2011-04-22,-7.9199999999999875
2011-04-23,-48.25
2011-04-24,13.530000000000001
2011-04-25,41.739999999999995
2011-04-26,4.829999999999998
2011-04-27,-79.60000000000001
2011-04-28,-40.95
2011-04-29,-41.61
2011-04-30,-49.03
2011-05-01,-9.900000000000006
2011-05-02,24.91000000000001
2011-05-03,35.86
2011-05-04,10.580000000000013
2011-05-05,-19.400000000000006
2011-05-06,-57.150000000000006
2011-05-07,-137.70999999999998
2011-05-08,3.539999999999992
2011-05-09,-25.179999999999993
2011-05-10,2.230000000000004
2011-05-11,-6.38000000000001
2011-05-12,-106.42
2011-05-13,-5.060000000000002
2011-05-14,-36.980000000000004
2011-05-15,-13.799999999999997
2011-05-16,30.33
2011-05-17,21.510000000000005
2011-05-18,8.11
2011-05-19,23.77000000000001
2011-05-20,-19.21999999999999
2011-05-21,-43.78999999999999
2011-05-22,0.3400000000000034
2011-05-23,0.9000000000000057
2011-05-24,-10.900000000000006
2011-05-25,27.090000000000003
2011-05-26,14.090000000000003
2011-05-27,-6.299999999999997
2011-05-28,-83.08
2011-05-29,-49.09
2011-05-30,-68.12
2011-05-31,-0.11999999999999034
2011-06-01,35.13000000000001
2011-06-02,-16.629999999999995
2011-06-03,40.650000000000006
2011-06-04,59.77999999999999
2011-06-05,96.60999999999999
2011-06-06,1.9599999999999937
2011-06-07,18.25
2011-06-08,-1.7800000000000011
2011-06-09,29.859999999999992
2011-06-10,116.63
2011-06-11,-66.60000000000001
2011-06-12,47.17
2011-06-13,32.67
2011-06-14,18.709999999999994
2011-06-15,-2.510000000000005
2011-06-16,41.61999999999999
2011-06-17,101.08
2011-06-18,102.14999999999999
2011-06-19,130.75
2011-06-20,130.25
2011-06-21,-1.7000000000000028
2011-06-22,-9.259999999999991
2011-06-23,-10.879999999999995
2011-06-24,-39.469999999999985
2011-06-25,-88.54999999999998
2011-06-26,21.679999999999993
2011-06-27,15.36999999999999
2011-06-28,8.129999999999995
2011-06-29,45.900000000000006
2011-06-30,-53.629999999999995
2011-07-01,-3.3299999999999983
2011-07-02,-95.69000000000001
2011-07-03,41.06
2011-07-04,-33.8
2011-07-05,41.56
2011-07-06,10.769999999999996
2011-07-07,-71.67
2011-07-08,42.09
2011-07-09,94.34
2011-07-10,-52.56
2011-07-11,155.07999999999998
2011-07-12,118.63
2011-07-13,19.22
2011-07-14,45.790000000000006
2011-07-15,31.97999999999999
2011-07-16,23.920000000000016
2011-07-17,107.75000000000001
2011-07-18,-2.819999999999993
2011-07-19,3.9000000000000057
2011-07-20,-11.710000000000008
2011-07-21,46.08999999999999
2011-07-22,126.35000000000001
2011-07-23,192.17000000000002
2011-07-24,205.59000000000003
2011-07-25,220.63000000000002
2011-07-26,131.22
2011-07-27,161.91000000000003
2011-07-28,55.41
2011-07-29,26.089999999999975
2011-07-30,338.18999999999994
2011-07-31,69.20999999999998
2011-08-01,141.45999999999998
2011-08-02,361.83
2011-08-03,185.45999999999998
2011-08-04,-33.47999999999999
2011-08-05,37.109999999999985
2011-08-06,106.78999999999999
2011-08-07,220.05999999999997
2011-08-08,340.47
2011-08-09,326.51
2011-08-10,184.0
2011-08-11,30.919999999999987
2011-08-12,3.9899999999999523
2011-08-13,-79.27000000000001
2011-08-14,-53.89000000000004
2011-08-15,-12.349999999999994
2011-08-16,-57.900000000000006
2011-08-17,-108.59
2011-08-18,-117.33999999999997
2011-08-19,-235.02999999999997
2011-08-20,-95.67999999999998
2011-08-21,16.04000000000002
2011-08-22,-258.34
2011-08-23,-125.6
2011-08-24,64.6
2011-08-25,-66.08999999999999
2011-08-26,-107.94
2011-08-27,-134.98
2011-08-28,-329.40999999999997
2011-08-29,-264.65
2011-08-30,-159.99
2011-08-31,-77.37
2011-09-01,-106.66999999999996
2011-09-02,8.430000000000007
2011-09-03,285.09000000000003
2011-09-04,10.320000000000022
2011-09-05,78.03999999999999
2011-09-06,98.97
2011-09-07,11.329999999999984
2011-09-08,64.52999999999997
2011-09-09,52.66999999999999
2011-09-10,-152.4
2011-09-11,-72.30000000000001
2011-09-12,-73.35
2011-09-13,121.20000000000002
2011-09-14,148.16999999999996
2011-09-15,9.099999999999994
2011-09-16,53.53
2011-09-17,-10.730000000000018
2011-09-18,89.22999999999999
2011-09-19,101.22
2011-09-20,63.77000000000001
2011-09-21,-62.630000000000024
2011-09-22,-122.62
2011-09-23,-457.18
2011-09-24,-155.24
2011-09-25,-53.46000000000001
2011-09-26,28.700000000000017
2011-09-27,22.080000000000013
2011-09-28,-168.64999999999998
2011-09-29,-176.39999999999998
2011-09-30,-86.36999999999999
2011-10-01,-61.19
2011-10-02,8.659999999999997
2011-10-03,-144.31
2011-10-04,-88.37999999999997
2011-10-05,-80.47999999999999
2011-10-06,-170.24
2011-10-07,4.360000000000014
2011-10-08,-117.5
2011-10-09,-88.96000000000001
2011-10-10,-80.59
2011-10-11,-19.799999999999983
2011-10-12,-17.049999999999997
2011-10-13,31.069999999999993
2011-10-14,284.51
2011-10-15,-134.04
2011-10-16,-105.52000000000001
2011-10-17,-118.32000000000001
2011-10-18,-37.81
2011-10-19,4.090000000000003
2011-10-20,47.12999999999998
2011-10-21,7.730000000000004
2011-10-22,-21.549999999999983
2011-10-23,-49.920000000000016
2011-10-24,-84.15
2011-10-25,-16.200000000000003
2011-10-26,60.67999999999999
2011-10-27,-67.44
2011-10-28,-27.03
2011-10-29,-99.38999999999999
2011-10-30,-20.569999999999993
2011-10-31,-63.91000000000001
2011-11-01,-9.720000000000013
2011-11-02,-61.400000000000006
2011-11-03,-318.87
2011-11-04,7.030000000000001
2011-11-05,-8.509999999999991
2011-11-06,34.38000000000001
2011-11-07,-44.50999999999999
2011-11-08,-2.4000000000000057
2011-11-09,-54.999999999999986
2011-11-10,40.12999999999998
2011-11-11,46.869999999999976
2011-11-12,100.35
2011-11-13,42.56
2011-11-14,58.64999999999999
2011-11-15,-11.489999999999995
2011-11-16,88.09
2011-11-17,-9.769999999999996
2011-11-18,41.36000000000001
2011-11-19,-14.280000000000001
2011-11-20,93.61999999999999
2011-11-21,89.86000000000001
2011-11-22,148.18
2011-11-23,101.95000000000002
2011-11-24,-14.14
2011-11-25,5.280000000000001
2011-11-26,0.0
2011-11-27,99.93
2011-11-28,18.549999999999997
2011-11-29,2.4299999999999926
2011-11-30,-56.75999999999999
2011-12-01,-75.63999999999999
2011-12-02,-37.400000000000006
2011-12-03,-7.819999999999993
2011-12-04,83.93
2011-12-05,63.980000000000004
2011-12-06,-59.760000000000005
2011-12-07,54.969999999999985
2011-12-08,-10.480000000000004
2011-12-09,75.00999999999999
2011-12-10,-2.8799999999999955
2011-12-11,179.58999999999997
2011-12-12,39.66999999999999
2011-12-13,22.109999999999985
2011-12-14,80.36999999999999
2011-12-15,-58.84
2011-12-16,41.27000000000001
2011-12-17,-67.75000000000001
2011-12-18,65.23000000000002
2011-12-19,134.49
2011-12-20,113.82
2011-12-21,65.16
2011-12-22,-47.389999999999986
2011-12-23,70.57999999999998
2011-12-24,-34.870000000000005
2011-12-25,108.14999999999998
2011-12-26,153.99
2011-12-27,51.06
2011-12-28,43.68000000000001
2011-12-29,-5.899999999999977
2011-12-30,-56.23999999999998
2011-12-31,-161.02999999999997
2012-01-01,148.57999999999998
2012-01-02,18.849999999999994
2012-01-03,32.68000000000001
2012-01-04,53.41999999999999
2012-01-05,-72.37000000000002
2012-01-06,36.13000000000001
2012-01-07,-77.27000000000001
2012-01-08,-16.409999999999997
2012-01-09,-77.02999999999999
2012-01-10,-96.41
2012-01-11,31.069999999999993
2012-01-12,-92.94
2012-01-13,-73.12
2012-01-14,-233.70999999999998
2012-01-15,-80.52000000000001
2012-01-16,-91.4
2012-01-17,13.629999999999995
2012-01-18,-67.25000000000001
2012-01-19,44.53
2012-01-20,-75.11000000000001
2012-01-21,-235.23999999999998
2012-01-22,15.830000000000013
2012-01-23,-41.73999999999998
2012-01-24,3.5600000000000023
2012-01-25,192.7
2012-01-26,-9.260000000000005
2012-01-27,-14.549999999999997
2012-01-28,-147.46
2012-01-29,64.76
2012-01-30,40.81999999999999
2012-01-31,-75.8
2012-02-01,11.439999999999998
2012-02-02,-58.599999999999994
2012-02-03,90.5
2012-02-04,-86.43999999999998
2012-02-05,9.640000000000015
2012-02-06,6.810000000000002
2012-02-07,0.5799999999999983
2012-02-08,-78.64000000000001
2012-02-09,-24.989999999999995
2012-02-10,-15.769999999999982
2012-02-11,-157.05
2012-02-12,-25.54000000000002
2012-02-13,-71.42999999999999
2012-02-14,-162.45
2012-02-15,-58.91
2012-02-16,34.14
2012-02-17,108.69
2012-02-18,-99.37
2012-02-19,30.47999999999999
2012-02-20,35.959999999999994
2012-02-21,-13.329999999999998
2012-02-22,15.420000000000002
2012-02-23,-87.42999999999999
2012-02-24,-22.760000000000005
2012-02-25,-4.810000000000002
2012-02-26,14.509999999999991
2012-02-27,-16.11
2012-02-28,-33.09
2012-02-29,-41.99
2012-03-01,-76.64000000000001
2012-03-02,-9.829999999999998
2012-03-03,-56.499999999999986
2012-03-04,1.730000000000004
2012-03-05,-47.5
2012-03-06,7.509999999999991
2012-03-07,-37.66000000000001
2012-03-08,-126.15
2012-03-09,-15.969999999999999
2012-03-10,-78.61999999999999
2012-03-11,6.450000000000017
2012-03-12,20.480000000000004
2012-03-13,-60.13
2012-03-14,43.22
2012-03-15,17.310000000000002
2012-03-16,-26.569999999999993
2012-03-17,-75.53999999999999
2012-03-18,11.549999999999997
2012-03-19,32.010000000000005
2012-03-20,11.61
2012-03-21,-24.67
2012-03-22,9.570000000000007
2012-03-23,-1.9000000000000057
2012-03-24,5.239999999999995
2012-03-25,41.14
2012-03-26,62.519999999999996
2012-03-27,-5.829999999999998
2012-03-28,26.800000000000004
2012-03-29,22.69999999999999
2012-03-30,54.280000000000015
2012-03-31,-52.71000000000001
2012-04-01,10.509999999999991
2012-04-02,12.190000000000005
2012-04-03,15.89
2012-04-04,-4.680000000000007
2012-04-05,-48.64000000000001
2012-04-06,-18.950000000000003
2012-04-07,30.05000000000001
2012-04-08,5.450000000000003
2012-04-09,23.53000000000001
2012-04-10,11.340000000000003
2012-04-11,91.41999999999999
2012-04-12,-31.58
2012-04-13,-35.14
2012-04-14,-63.15
2012-04-15,-11.419999999999987
2012-04-16,-5.959999999999994
2012-04-17,1.2999999999999972
2012-04-18,-8.509999999999991
2012-04-19,-41.34000000000002
2012-04-20,-46.78
2012-04-21,-92.53
2012-04-22,33.33
2012-04-23,-55.64
2012-04-24,120.59
2012-04-25,29.490000000000002
2012-04-26,15.179999999999993
2012-04-27,48.609999999999985
2012-04-28,-27.790000000000006
2012-04-29,24.289999999999992
2012-04-30,33.760000000000005
2012-05-01,-75.55999999999999
2012-05-02,82.28999999999999
2012-05-03,17.58
2012-05-04,34.050000000000004
2012-05-05,-9.689999999999998
2012-05-06,67.45
2012-05-07,82.67999999999999
2012-05-08,127.71000000000001
2012-05-09,69.10000000000001
2012-05-10,36.59
2012-05-11,33.12
2012-05-12,-24.900000000000006
2012-05-13,114.51
2012-05-14,-74.82
2012-05-15,59.21000000000001
2012-05-16,28.290000000000006
2012-05-17,-84.35
2012-05-18,47.500000000000014
2012-05-19,7.799999999999997
2012-05-20,46.349999999999994
2012-05-21,114.33
2012-05-22,3.8600000000000136
2012-05-23,12.560000000000002
2012-05-24,12.14
2012-05-25,-8.329999999999998
2012-05-26,-26.930000000000007
2012-05-27,-55.709999999999994
2012-05-28,-137.57
2012-05-29,-47.61
2012-05-30,3.230000000000004
2012-05-31,26.980000000000004
2012-06-01,89.77000000000001
2012-06-02,113.51999999999998
2012-06-03,140.55999999999997
2012-06-04,26.329999999999984
2012-06-05,-16.209999999999994
2012-06-06,54.72999999999999
2012-06-07,21.139999999999986
2012-06-08,8.780000000000001
2012-06-09,-64.99
2012-06-10,-26.50999999999999
2012-06-11,31.669999999999987
2012-06-12,-1.8199999999999932
2012-06-13,43.219999999999985
2012-06-14,-29.970000000000013
2012-06-15,98.53
2012-06-16,143.62
2012-06-17,105.18999999999998
2012-06-18,80.46999999999998
2012-06-19,58.39
2012-06-20,54.17999999999999
2012-06-21,-6.930000000000007
2012-06-22,-87.19999999999999
2012-06-23,-193.57999999999998
2012-06-24,27.650000000000006
2012-06-25,66.72999999999999
2012-06-26,-56.39999999999999
2012-06-27,38.43000000000001
2012-06-28,30.860000000000014
2012-06-29,211.64
2012-06-30,42.75
2012-07-01,26.47
2012-07-02,55.480000000000004
2012-07-03,-37.719999999999985
2012-07-04,91.31
2012-07-05,-109.71
2012-07-06,-107.60999999999999
2012-07-07,46.49000000000001
2012-07-08,-2.8999999999999773
2012-07-09,8.409999999999997
2012-07-10,88.73000000000002
2012-07-11,105.60999999999999
2012-07-12,-17.75
2012-07-13,206.66000000000003
2012-07-14,-9.449999999999989
2012-07-15,7.719999999999999
2012-07-16,120.64
2012-07-17,15.27000000000001
2012-07-18,55.09
2012-07-19,-136.1
2012-07-20,-49.5
2012-07-21,-0.28999999999999204
2012-07-22,34.829999999999984
2012-07-23,52.980000000000004
2012-07-24,-28.539999999999992
2012-07-25,26.64
2012-07-26,-76.73
2012-07-27,-104.25999999999999
2012-07-28,-73.24000000000001
2012-07-29,40.52000000000001
2012-07-30,-84.34
2012-07-31,-158.59999999999997
2012-08-01,-45.97
2012-08-02,-147.97000000000003
2012-08-03,-23.200000000000017
2012-08-04,72.71000000000001
2012-08-05,37.640000000000015
2012-08-06,-61.77000000000001
2012-08-07,-72.79000000000002
2012-08-08,-81.87
2012-08-09,-82.28000000000002
2012-08-10,-86.55
2012-08-11,-42.48999999999998
2012-08-12,85.69999999999999
2012-08-13,38.099999999999994
2012-08-14,33.53999999999999
2012-08-15,66.83
2012-08-16,20.22
2012-08-17,-1.3599999999999994
2012-08-18,-48.03
2012-08-19,20.400000000000006
2012-08-20,1.259999999999991
2012-08-21,-28.47
2012-08-22,-25.919999999999987
2012-08-23,-35.53999999999999
2012-08-24,-44.91
2012-08-25,-117.69
2012-08-26,14.069999999999993
2012-08-27,-22.419999999999987
2012-08-28,15.22999999999999
2012-08-29,19.560000000000002
2012-08-30,49.08
2012-08-31,120.11000000000001
2012-09-01,-111.63
2012-09-02,-25.079999999999984
2012-09-03,-33.80000000000001
2012-09-04,-18.090000000000003
2012-09-05,-7.450000000000017
2012-09-06,21.260000000000005
2012-09-07,60.94999999999999
2012-09-08,-96.48000000000002
2012-09-09,50.61
2012-09-10,15.049999999999997
2012-09-11,-36.39
2012-09-12,-10.700000000000003
2012-09-13,-53.03
2012-09-14,80.29999999999998
2012-09-15,29.72
2012-09-16,3.489999999999995
2012-09-17,10.400000000000006
2012-09-18,60.19000000000001
2012-09-19,24.629999999999995
2012-09-20,-126.56000000000003
2012-09-21,20.360000000000014
2012-09-22,-14.850000000000023
2012-09-23,83.08000000000001
2012-09-24,86.18
2012-09-25,-14.779999999999987
2012-09-26,-30.120000000000005
2012-09-27,-115.74
2012-09-28,68.76000000000002
2012-09-29,-0.2699999999999818
2012-09-30,91.64
2012-10-01,110.15999999999998
2012-10-02,16.88000000000001
2012-10-03,1.9099999999999966
2012-10-04,-104.36
2012-10-05,20.77000000000001
2012-10-06,-34.47
2012-10-07,94.6
2012-10-08,-39.32000000000002
2012-10-09,-56.019999999999996
2012-10-10,-4.27000000000001
2012-10-11,-24.940000000000012
2012-10-12,-23.00999999999999
2012-10-13,-106.72
2012-10-14,-46.860000000000014
2012-10-15,71.83999999999999
2012-10-16,94.25999999999999
2012-10-17,117.10000000000001
2012-10-18,45.97
2012-10-19,8.98999999999998
2012-10-20,-38.43000000000001
2012-10-21,72.65
2012-10-22,16.909999999999997
2012-10-23,-38.71000000000001
2012-10-24,10.329999999999998
2012-10-25,-79.5
2012-10-26,122.96
2012-10-27,-64.62
2012-10-28,84.84
2012-10-29,117.74999999999999
2012-10-30,52.900000000000006
2012-10-31,14.499999999999986
2012-11-01,82.31
2012-11-02,-28.590000000000003
2012-11-03,67.69000000000003
2012-11-04,15.030000000000001
2012-11-05,25.610000000000014
2012-11-06,-1.3600000000000136
2012-11-07,152.42
2012-11-08,71.07
2012-11-09,99.5
2012-11-10,-25.689999999999998
2012-11-11,109.54999999999998
2012-11-12,74.88
2012-11-13,88.73000000000002
2012-11-14,84.63999999999999
2012-11-15,-15.370000000000005
2012-11-16,52.27000000000001
2012-11-17,-96.33999999999999
2012-11-18,5.310000000000002
2012-11-19,21.53
2012-11-20,50.96000000000001
2012-11-21,-37.00999999999999
2012-11-22,-12.530000000000001
2012-11-23,48.789999999999964
2012-11-24,-22.129999999999995
2012-11-25,58.120000000000005
2012-11-26,16.55000000000001
2012-11-27,-180.33
2012-11-28,-88.98999999999998
2012-11-29,-63.66999999999999
2012-11-30,26.430000000000007
2012-12-01,-143.81
2012-12-02,-10.589999999999975
2012-12-03,-33.02000000000001
2012-12-04,29.930000000000007
2012-12-05,-12.859999999999985
2012-12-06,49.43000000000001
2012-12-07,74.63000000000001
2012-12-08,-46.870000000000005
2012-12-09,18.30000000000001
2012-12-10,-26.47
2012-12-11,156.46999999999997
2012-12-12,91.47999999999999
2012-12-13,-41.059999999999974
2012-12-14,-28.19999999999999
2012-12-15,-154.69
2012-12-16,81.88
2012-12-17,53.130000000000024
2012-12-18,-15.550000000000011
2012-12-19,-137.36
2012-12-20,-104.72999999999999
2012-12-21,67.35000000000001
2012-12-22,10.969999999999999
2012-12-23,68.04999999999998
2012-12-24,-7.0
2012-12-25,-31.30000000000001
2012-12-26,-12.340000000000003
2012-12-27,156.1
2012-12-28,56.72000000000003
2012-12-29,124.62
2012-12-30,155.68
2012-12-31,-66.27999999999997
2013-01-01,387.08000000000004
2013-01-02,97.17999999999998
2013-01-03,204.17
2013-01-04,159.03999999999996
2013-01-05,-21.78000000000003
2013-01-06,123.09999999999997
2013-01-07,106.37
2013-01-08,36.86
2013-01-09,-45.150000000000006
2013-01-10,-91.9
2013-01-11,7.259999999999991
2013-01-12,-157.17
2013-01-13,-77.21000000000001
2013-01-14,19.0
2013-01-15,-98.57
2013-01-16,-161.9
2013-01-17,-119.13000000000002
2013-01-18,-98.54000000000002
2013-01-19,25.120000000000005
2013-01-20,-79.42000000000002
2013-01-21,-216.25
2013-01-22,-178.29
2013-01-23,-198.0
2013-01-24,-121.25999999999999
2013-01-25,-97.17999999999998
2013-01-26,-226.86999999999998
2013-01-27,-107.13
2013-01-28,-10.690000000000012
2013-01-29,38.84
2013-01-30,57.97999999999999
2013-01-31,-69.85000000000001
2013-02-01,39.19
2013-02-02,-2.039999999999992
2013-02-03,73.45000000000002
2013-02-04,20.769999999999982
2013-02-05,-80.08
2013-02-06,-18.989999999999995
2013-02-07,-156.32999999999998
2013-02-08,-274.71000000000004
2013-02-09,-103.96
2013-02-10,-244.58000000000004
2013-02-11,-74.82
2013-02-12,-62.55999999999999
2013-02-13,-54.47999999999999
2013-02-14,-80.78999999999999
2013-02-15,37.91
2013-02-16,-4.610000000000014
2013-02-17,81.75000000000001
2013-02-18,-3.75
2013-02-19,-82.13
2013-02-20,-30.569999999999993
2013-02-21,29.55000000000001
2013-02-22,-22.72999999999999
2013-02-23,-120.62
2013-02-24,83.5
2013-02-25,159.09000000000003
2013-02-26,222.76
2013-02-27,94.57999999999998
2013-02-28,162.52
2013-03-01,257.43
2013-03-02,115.22000000000001
2013-03-03,46.41
2013-03-04,54.43999999999998
2013-03-05,32.69
2013-03-06,78.37
2013-03-07,-64.55
2013-03-08,-35.379999999999995
2013-03-09,48.73999999999998
2013-03-10,-0.6400000000000148
2013-03-11,44.84
2013-03-12,15.950000000000003
2013-03-13,-31.870000000000005
2013-03-14,-76.4
2013-03-15,-18.810000000000002
2013-03-16,-160.48
2013-03-17,-118.69000000000003
2013-03-18,-219.95999999999998
2013-03-19,-55.629999999999995
2013-03-20,-89.93
2013-03-21,-167.84000000000003
2013-03-22,-97.07000000000001
2013-03-23,-12.779999999999987
2013-03-24,-34.61999999999999
2013-03-25,33.72
2013-03-26,-9.26000000000002
2013-03-27,76.67
2013-03-28,-22.929999999999993
2013-03-29,-142.99
2013-03-30,-21.11
2013-03-31,36.56
2013-04-01,-7.5
2013-04-02,-35.97
2013-04-03,27.620000000000005
2013-04-04,-2.8299999999999983
2013-04-05,27.620000000000005
2013-04-06,-9.919999999999987
2013-04-07,7.759999999999991
2013-04-08,-66.52999999999999
2013-04-09,-75.88
2013-04-10,-10.319999999999993
2013-04-11,-50.52
2013-04-12,-66.81
2013-04-13,-41.67
2013-04-14,-63.989999999999995
2013-04-15,-24.299999999999983
2013-04-16,-149.84
2013-04-17,13.739999999999995
2013-04-18,-39.49999999999999
2013-04-19,-57.519999999999996
2013-04-20,-70.36
2013-04-21,2.0600000000000023
2013-04-22,-21.41000000000001
2013-04-23,26.069999999999993
2013-04-24,24.97
2013-04-25,-60.07000000000001
2013-04-26,-46.44
2013-04-27,-63.72
2013-04-28,51.58999999999999
2013-04-29,38.3
2013-04-30,-64.32
2013-05-01,18.859999999999992
2013-05-02,59.25000000000001
2013-05-03,19.939999999999998
2013-05-04,-23.58
2013-05-05,-35.74000000000001
2013-05-06,41.66
2013-05-07,23.560000000000002
2013-05-08,9.100000000000001
2013-05-09,-27.38
2013-05-10,-18.64
2013-05-11,-10.370000000000005
2013-05-12,35.81
2013-05-13,-59.95
2013-05-14,40.730000000000004
2013-05-15,16.08
2013-05-16,-16.940000000000012
2013-05-17,-32.06
2013-05-18,-21.959999999999994
2013-05-19,-10.950000000000003
2013-05-20,-5.320000000000007
2013-05-21,-19.739999999999995
2013-05-22,-23.91000000000001
2013-05-23,-35.58999999999999
2013-05-24,-15.049999999999997
2013-05-25,-53.11
2013-05-26,40.47
2013-05-27,-23.03
2013-05-28,-3.6600000000000037
2013-05-29,39.75
2013-05-30,-6.829999999999998
2013-05-31,-28.97
2013-06-01,-32.269999999999996
2013-06-02,13.700000000000003
2013-06-03,-81.15
2013-06-04,-0.14999999999999858
2013-06-05,-12.169999999999995
2013-06-06,32.83
2013-06-07,-30.240000000000002
2013-06-08,5.260000000000005
2013-06-09,-3.8900000000000006
2013-06-10,22.269999999999996
2013-06-11,5.840000000000003
2013-06-12,12.429999999999993
2013-06-13,-27.61
2013-06-14,39.790000000000006
2013-06-15,-57.32999999999999
2013-06-16,15.670000000000002
2013-06-17,51.89000000000001
2013-06-18,26.959999999999994
2013-06-19,59.28999999999999
2013-06-20,-8.240000000000002
2013-06-21,21.67
2013-06-22,1.5100000000000051
2013-06-23,-22.870000000000005
2013-06-24,18.640000000000008
2013-06-25,6.080000000000005
2013-06-26,14.29
2013-06-27,1.9199999999999946
2013-06-28,14.799999999999997
2013-06-29,73.38
2013-06-30,45.47
2013-07-01,-5.47999999999999
2013-07-02,8.740000000000009
2013-07-03,26.569999999999993
2013-07-04,26.779999999999987
2013-07-05,139.79999999999998
2013-07-06,83.30999999999999
2013-07-07,81.74
2013-07-08,56.540000000000006
2013-07-09,24.940000000000012
2013-07-10,6.380000000000003
2013-07-11,-63.13
2013-07-12,-17.000000000000007
2013-07-13,-3.549999999999997
2013-07-14,17.97999999999999
2013-07-15,6.36999999999999
2013-07-16,15.700000000000003
2013-07-17,5.1000000000000085
2013-07-18,-69.52000000000001
2013-07-19,-57.999999999999986
2013-07-20,-92.67999999999999
2013-07-21,11.039999999999992
2013-07-22,87.97
2013-07-23,-10.939999999999998
2013-07-24,-9.079999999999998
2013-07-25,-134.51
2013-07-26,-157.39
2013-07-27,-131.65
2013-07-28,-56.96000000000001
2013-07-29,-9.390000000000015
2013-07-30,11.22999999999999
2013-07-31,50.830000000000005
2013-08-01,42.940000000000005
2013-08-02,-2.0799999999999983
2013-08-03,20.41000000000001
2013-08-04,41.03
2013-08-05,-25.47
2013-08-06,-9.82
2013-08-07,53.63999999999999
2013-08-08,-4.430000000000007
2013-08-09,69.56
2013-08-10,47.91999999999999
2013-08-11,-32.19
2013-08-12,16.72
2013-08-13,-24.86
2013-08-14,7.969999999999999
2013-08-15,15.170000000000002
2013-08-16,17.869999999999997
2013-08-17,-28.629999999999995
2013-08-18,-11.899999999999991
2013-08-19,60.41000000000001
2013-08-20,33.94
2013-08-21,3.219999999999999
2013-08-22,31.950000000000003
2013-08-23,-71.55000000000001
2013-08-24,-10.239999999999995
2013-08-25,59.08999999999999
2013-08-26,63.4
2013-08-27,-14.299999999999997
2013-08-28,-19.25999999999999
2013-08-29,-11.370000000000005
2013-08-30,-46.22999999999999
2013-08-31,-43.80000000000001
2013-09-01,20.060000000000002
2013-09-02,54.83
2013-09-03,102.77000000000001
2013-09-04,89.61999999999999
2013-09-05,45.18000000000001
2013-09-06,106.69999999999999
2013-09-07,58.60000000000001
2013-09-08,-41.14
2013-09-09,-51.6
2013-09-10,-43.17
2013-09-11,6.72999999999999
2013-09-12,13.850000000000001
2013-09-13,-66.37
2013-09-14,-32.92999999999999
2013-09-15,-40.61
2013-09-16,63.78
2013-09-17,63.75
2013-09-18,-3.25
2013-09-19,-3.789999999999992
2013-09-20,58.599999999999994
2013-09-21,129.95
2013-09-22,-22.269999999999996
2013-09-23,-62.530000000000015
2013-09-24,-5.8799999999999955
2013-09-25,12.519999999999982
2013-09-26,-90.85999999999999
2013-09-27,-87.91000000000001
2013-09-28,28.519999999999996
2013-09-29,67.05000000000001
2013-09-30,103.80000000000001
2013-10-01,175.75
2013-10-02,145.19
2013-10-03,102.68
2013-10-04,96.0
2013-10-05,87.41000000000001
2013-10-06,23.210000000000008
2013-10-07,8.159999999999982
2013-10-08,114.08
2013-10-09,77.32
2013-10-10,47.650000000000006
2013-10-11,-33.19999999999999
2013-10-12,58.47000000000001
2013-10-13,149.62
2013-10-14,189.88
2013-10-15,177.13
2013-10-16,218.76
2013-10-17,231.82
2013-10-18,75.22999999999999
2013-10-19,24.950000000000003
2013-10-20,-3.8400000000000034
2013-10-21,-260.84999999999997
2013-10-22,-103.21000000000001
2013-10-23,30.120000000000005
2013-10-24,-101.36
2013-10-25,-44.890000000000015
2013-10-26,-97.60000000000001
2013-10-27,9.610000000000014
2013-10-28,-110.78999999999999
2013-10-29,4.009999999999991
2013-10-30,-29.5
2013-10-31,-129.75
2013-11-01,-128.37
2013-11-02,-136.88
2013-11-03,-170.76
2013-11-04,-165.17999999999998
2013-11-05,-239.0
2013-11-06,-266.42999999999995
2013-11-07,-152.26
2013-11-08,-67.02000000000001
2013-11-09,-36.05000000000001
2013-11-10,67.03
2013-11-11,77.80000000000001
2013-11-12,-165.03
2013-11-13,-30.020000000000003
2013-11-14,-76.99
2013-11-15,-7.310000000000002
2013-11-16,-60.16
2013-11-17,-1.5100000000000051
2013-11-18,-70.58999999999999
2013-11-19,-95.64
2013-11-20,27.239999999999995
2013-11-21,47.29
2013-11-22,-51.10000000000001
2013-11-23,-120.03
2013-11-24,-51.870000000000005
2013-11-25,75.08000000000001
2013-11-26,-20.699999999999996
2013-11-27,-5.5
2013-11-28,31.230000000000004
2013-11-29,-21.72
2013-11-30,15.64
2013-12-01,-60.39
2013-12-02,107.61
2013-12-03,47.38
2013-12-04,49.34
2013-12-05,3.1700000000000017
2013-12-06,-25.710000000000008
2013-12-07,-8.230000000000004
2013-12-08,-25.159999999999997
2013-12-09,-15.299999999999997
2013-12-10,3.480000000000004
2013-12-11,9.0
2013-12-12,43.71000000000001
2013-12-13,101.17999999999999
2013-12-14,11.230000000000004
2013-12-15,-41.74000000000001
2013-12-16,64.34
2013-12-17,57.55
2013-12-18,-18.460000000000008
2013-12-19,57.0
2013-12-20,-41.52
2013-12-21,-54.790000000000006
2013-12-22,43.22
2013-12-23,-28.120000000000005
2013-12-24,-68.63000000000001
2013-12-25,-21.389999999999993
2013-12-26,-26.519999999999996
2013-12-27,-6.769999999999996
2013-12-28,-2.5799999999999983
2013-12-29,53.650000000000006
2013-12-30,-12.230000000000004
2013-12-31,28.310000000000002
2014-01-01,62.18000000000001
2014-01-02,-24.879999999999995
2014-01-03,7.599999999999994
2014-01-04,-18.86
2014-01-05,44.05
2014-01-06,22.120000000000005
2014-01-07,-3.8299999999999983
2014-01-08,-45.769999999999996
2014-01-09,8.240000000000002
2014-01-10,3.519999999999996
2014-01-11,-95.25
2014-01-12,54.93000000000001
2014-01-13,70.35000000000001
2014-01-14,7.009999999999998
2014-01-15,34.53
2014-01-16,9.769999999999996
2014-01-17,-3.8500000000000085
2014-01-18,-84.63
2014-01-19,-31.629999999999995
2014-01-20,-11.820000000000007
2014-01-21,-79.52000000000001
2014-01-22,38.480000000000004
2014-01-23,-20.260000000000005
2014-01-24,6.260000000000005
2014-01-25,-74.42999999999999
2014-01-26,-23.040000000000006
2014-01-27,-18.539999999999992
2014-01-28,56.42
2014-01-29,118.15
2014-01-30,18.230000000000004
2014-01-31,-19.17
2014-02-01,-109.87
2014-02-02,-39.71000000000001
2014-02-03,20.650000000000006
2014-02-04,4.539999999999992
2014-02-05,22.700000000000003
2014-02-06,70.75000000000001
2014-02-07,35.23
2014-02-08,-4.780000000000001
2014-02-09,-36.61999999999999
2014-02-10,-26.379999999999995
2014-02-11,-62.870000000000005
2014-02-12,-42.28999999999999
2014-02-13,-28.540000000000006
2014-02-14,-26.510000000000005
2014-02-15,-30.069999999999993
2014-02-16,64.54999999999998
2014-02-17,-83.91
2014-02-18,-113.9
2014-02-19,-21.310000000000002
2014-02-20,23.490000000000002
2014-02-21,100.56
2014-02-22,84.50000000000001
2014-02-23,62.91
2014-02-24,58.14
2014-02-25,19.409999999999997
2014-02-26,-49.74000000000001
2014-02-27,-7.1299999999999955
2014-02-28,21.370000000000005
2014-03-01,-31.760000000000005
2014-03-02,-6.090000000000003
2014-03-03,-19.14
2014-03-04,-1.8400000000000034
2014-03-05,-0.6599999999999966
2014-03-06,15.490000000000002
2014-03-07,-8.79
2014-03-08,-85.68999999999998
2014-03-09,-7.610000000000014
2014-03-10,13.899999999999991
2014-03-11,-1.529999999999994
2014-03-12,-43.4
2014-03-13,-75.31
2014-03-14,-70.80000000000001
2014-03-15,-94.14
2014-03-16,-69.8
2014-03-17,-46.11999999999999
2014-03-18,-9.840000000000003
2014-03-19,-15.89
2014-03-20,76.17999999999999
2014-03-21,68.76
2014-03-22,109.46000000000001
2014-03-23,200.32999999999998
2014-03-24,25.11
2014-03-25,-37.760000000000005
2014-03-26,3.6700000000000017
2014-03-27,-8.43
2014-03-28,32.28999999999999
2014-03-29,-11.539999999999992
2014-03-30,-24.629999999999995
2014-03-31,-18.29
2014-04-01,54.410000000000004
2014-04-02,3.289999999999999
2014-04-03,-18.270000000000003
2014-04-04,10.059999999999995
2014-04-05,-31.169999999999998
2014-04-06,-23.95000000000001
2014-04-07,5.920000000000002
2014-04-08,105.86
2014-04-09,-99.34
2014-04-10,-80.72
2014-04-11,-145.59
2014-04-12,-193.31
2014-04-13,17.379999999999995
2014-04-14,143.42000000000002
2014-04-15,-16.330000000000005
2014-04-16,-6.760000000000005
2014-04-17,-61.339999999999996
2014-04-18,-7.950000000000003
2014-04-19,-2.239999999999995
2014-04-20,38.75
2014-04-21,-16.750000000000007
2014-04-22,2.530000000000001
2014-04-23,2.9299999999999997
2014-04-24,-4.729999999999997
2014-04-25,32.709999999999994
2014-04-26,27.890000000000008
2014-04-27,-15.519999999999996
2014-04-28,-68.69
2014-04-29,15.970000000000006
2014-04-30,-2.739999999999995
2014-05-01,45.57
2014-05-02,-13.97999999999999
2014-05-03,-49.629999999999995
2014-05-04,27.309999999999974
2014-05-05,35.41
2014-05-06,53.980000000000004
2014-05-07,27.520000000000003
2014-05-08,73.53
2014-05-09,3.6599999999999966
2014-05-10,-26.700000000000003
2014-05-11,-7.82
2014-05-12,26.130000000000003
2014-05-13,29.27000000000001
2014-05-14,37.67999999999999
2014-05-15,2.690000000000005
2014-05-16,2.299999999999997
2014-05-17,-49.74
2014-05-18,-40.290000000000006
2014-05-19,-10.190000000000005
2014-05-20,34.46
2014-05-21,-6.469999999999999
2014-05-22,-19.060000000000002
2014-05-23,38.540000000000006
2014-05-24,-144.75
2014-05-25,-20.339999999999996
2014-05-26,-65.24000000000001
2014-05-27,-2.440000000000005
2014-05-28,-2.269999999999996
2014-05-29,-20.009999999999998
2014-05-30,9.329999999999998
2014-05-31,8.330000000000005
2014-06-01,5.739999999999995
2014-06-02,-12.530000000000001
2014-06-03,135.84000000000003
2014-06-04,-18.630000000000003
2014-06-05,-33.690000000000005
2014-06-06,22.4
2014-06-07,33.760000000000005
2014-06-08,124.81
2014-06-09,-2.8299999999999983
2014-06-10,-11.68
2014-06-11,91.91
2014-06-12,20.86
2014-06-13,4.060000000000002
2014-06-14,-3.8999999999999986
2014-06-15,15.79
2014-06-16,5.560000000000002
2014-06-17,-102.37
2014-06-18,23.919999999999995
2014-06-19,14.950000000000003
2014-06-20,-5.190000000000005
2014-06-21,-2.8699999999999903
2014-06-22,-27.17000000000001
2014-06-23,-117.76
2014-06-24,12.509999999999998
2014-06-25,4.880000000000003
2014-06-26,-18.43
2014-06-27,-55.11
2014-06-28,-164.71
2014-06-29,-5.700000000000003
2014-06-30,-8.380000000000003
2014-07-01,-30.909999999999997
2014-07-02,-15.969999999999999
2014-07-03,-5.690000000000005
2014-07-04,-5.530000000000001
2014-07-05,30.769999999999996
2014-07-06,68.97999999999999
2014-07-07,40.68
2014-07-08,-30.229999999999997
2014-07-09,-31.480000000000004
2014-07-10,-8.799999999999997
2014-07-11,-30.06000000000001
2014-07-12,26.9
2014-07-13,27.209999999999994
2014-07-14,65.85000000000001
2014-07-15,61.959999999999994
2014-07-16,109.34
2014-07-17,47.83
2014-07-18,63.92
2014-07-19,27.0
2014-07-20,0.17999999999999972
2014-07-21,-27.39
2014-07-22,-28.370000000000005
2014-07-23,8.160000000000004
2014-07-24,-15.909999999999997
2014-07-25,-45.089999999999996
2014-07-26,-67.78999999999999
2014-07-27,1.5700000000000003
2014-07-28,20.82
2014-07-29,-5.459999999999994
2014-07-30,68.62
2014-07-31,37.35
2014-08-01,-22.029999999999994
2014-08-02,-42.480000000000004
2014-08-03,-32.89
2014-08-04,15.670000000000016
2014-08-05,-51.42
2014-08-06,-39.81
2014-08-07,-36.220000000000006
2014-08-08,-26.480000000000004
2014-08-09,-9.18
2014-08-10,-30.92
2014-08-11,38.31
2014-08-12,-31.32
2014-08-13,-18.490000000000002
2014-08-14,-5.139999999999997
2014-08-15,17.080000000000005
2014-08-16,8.659999999999997
2014-08-17,1.8100000000000023
2014-08-18,-10.11
2014-08-19,-76.89000000000001
2014-08-20,-63.84
2014-08-21,-28.67
2014-08-22,-26.659999999999997
2014-08-23,51.98999999999998
2014-08-24,-79.68
2014-08-25,-25.299999999999997
2014-08-26,0.04999999999999716
2014-08-27,-1.2999999999999972
2014-08-28,-16.97
2014-08-29,-4.899999999999999
2014-08-30,-8.869999999999997
2014-08-31,-63.160000000000004
2014-09-01,83.80000000000001
2014-09-02,61.779999999999994
2014-09-03,9.029999999999998
2014-09-04,-44.480000000000004
2014-09-05,-38.989999999999995
2014-09-06,-8.770000000000003
2014-09-07,41.56999999999999
2014-09-08,-16.599999999999998
2014-09-09,41.80000000000001
2014-09-10,42.02
2014-09-11,-22.450000000000003
2014-09-12,-94.01999999999998
2014-09-13,2.259999999999998
2014-09-14,8.560000000000002
2014-09-15,99.86999999999999
2014-09-16,-5.740000000000002
2014-09-17,-3.710000000000001
2014-09-18,-3.75
2014-09-19,4.299999999999997
2014-09-20,51.96
2014-09-21,-35.69000000000001
2014-09-22,44.95
2014-09-23,64.18
2014-09-24,16.53
2014-09-25,8.049999999999997
2014-09-26,6.5
2014-09-27,-30.68
2014-09-28,40.790000000000006
2014-09-29,-23.750000000000007
2014-09-30,-25.42
2014-10-01,15.660000000000004
2014-10-02,-19.459999999999997
2014-10-03,48.690000000000005
2014-10-04,-9.130000000000003
2014-10-05,-48.22999999999999
2014-10-06,100.85000000000001
2014-10-07,48.9
2014-10-08,17.64
2014-10-09,22.08
2014-10-10,-34.69
2014-10-11,4.060000000000002
2014-10-12,-54.11
2014-10-13,-60.29
2014-10-14,16.21
2014-10-15,27.950000000000003
2014-10-16,36.949999999999996
2014-10-17,4.1200000000000045
2014-10-18,2.1299999999999955
2014-10-19,35.75000000000001
2014-10-20,4.539999999999999
2014-10-21,2.200000000000003
2014-10-22,39.09
2014-10-23,-58.02
2014-10-24,-10.96
2014-10-25,-38.96
2014-10-26,-25.470000000000013
2014-10-27,-21.319999999999993
2014-10-28,28.199999999999996
2014-10-29,3.8000000000000043
2014-10-30,-11.68
2014-10-31,32.56
2014-11-01,-41.72
2014-11-02,19.730000000000004
2014-11-03,2.1000000000000014
2014-11-04,-10.14
2014-11-05,-14.11999999999999
2014-11-06,7.309999999999995
2014-11-07,-39.51
2014-11-08,-24.720000000000006
2014-11-09,26.009999999999998
2014-11-10,-15.270000000000003
2014-11-11,-32.61
2014-11-12,4.75
2014-11-13,-3.289999999999999
2014-11-14,-15.419999999999998
2014-11-15,-52.959999999999994
2014-11-16,7.8999999999999915
2014-11-17,79.03
2014-11-18,-0.730000000000004
2014-11-19,11.489999999999995
2014-11-20,-51.68
2014-11-21,29.669999999999998
2014-11-22,41.160000000000004
2014-11-23,12.049999999999997
2014-11-24,20.370000000000005
2014-11-25,-11.250000000000007
2014-11-26,-29.499999999999996
2014-11-27,65.74000000000001
2014-11-28,-14.71
2014-11-29,-41.22
2014-11-30,-4.149999999999999
2014-12-01,0.5799999999999983
2014-12-02,18.699999999999996
2014-12-03,36.53000000000001
2014-12-04,19.530000000000005
2014-12-05,6.159999999999997
2014-12-06,0.5200000000000102
2014-12-07,-89.66
2014-12-08,-3.029999999999994
2014-12-09,9.39
2014-12-10,-11.850000000000001
2014-12-11,-21.729999999999997
2014-12-12,-60.35000000000001
2014-12-13,-13.060000000000002
2014-12-14,11.899999999999991
2014-12-15,-28.479999999999997
2014-12-16,28.849999999999998
2014-12-17,6.959999999999994
2014-12-18,67.77
2014-12-19,12.340000000000003
2014-12-20,52.089999999999996
2014-12-21,88.97
2014-12-22,12.769999999999996
2014-12-23,-35.21000000000001
2014-12-24,-22.840000000000003
2014-12-25,-14.829999999999998
2014-12-26,-18.890000000000008
2014-12-27,-34.900000000000006
2014-12-28,56.15
2014-12-29,50.4
2014-12-30,10.590000000000003
2014-12-31,90.32
2015-01-01,94.64
2015-01-02,29.730000000000004
2015-01-03,-11.179999999999993
2015-01-04,130.73000000000002
2015-01-05,34.65
2015-01-06,-14.170000000000002
2015-01-07,-48.739999999999995
2015-01-08,16.86
2015-01-09,-49.239999999999995
2015-01-10,-35.58
2015-01-11,28.91000000000001
2015-01-12,58.10000000000001
2015-01-13,42.209999999999994
2015-01-14,34.25
2015-01-15,30.259999999999998
2015-01-16,24.279999999999998
2015-01-17,-31.120000000000005
2015-01-18,22.710000000000008
2015-01-19,22.400000000000006
2015-01-20,-53.14
2015-01-21,-93.4
2015-01-22,-7.930000000000007
2015-01-23,3.3100000000000023
2015-01-24,-88.08
2015-01-25,-2.969999999999999
2015-01-26,-30.959999999999994
2015-01-27,-1.5600000000000023
2015-01-28,17.950000000000003
2015-01-29,-12.310000000000002
2015-01-30,-25.459999999999994
2015-01-31,-27.870000000000005
2015-02-01,-32.99000000000001
2015-02-02,10.740000000000009
2015-02-03,-16.980000000000004
2015-02-04,-21.00999999999999
2015-02-05,64.26
2015-02-06,-19.68
2015-02-07,-83.36000000000001
2015-02-08,3.289999999999992
2015-02-09,13.429999999999993
2015-02-10,39.910000000000004
2015-02-11,-34.669999999999995
2015-02-12,-55.940000000000005
2015-02-13,-20.390000000000008
2015-02-14,-31.089999999999996
2015-02-15,13.299999999999997
2015-02-16,-18.17
2015-02-17,-26.840000000000003
2015-02-18,5.009999999999998
2015-02-19,37.41
2015-02-20,-46.87
2015-02-21,-15.589999999999996
2015-02-22,-17.220000000000006
2015-02-23,10.490000000000009
2015-02-24,61.60000000000001
2015-02-25,-40.35000000000001
2015-02-26,15.490000000000002
2015-02-27,68.62
2015-02-28,-5.810000000000002
2015-03-01,2.530000000000001
2015-03-02,7.739999999999995
2015-03-03,-12.880000000000003
2015-03-04,62.98
2015-03-05,14.360000000000007
2015-03-06,-9.440000000000005
2015-03-07,4.760000000000005
2015-03-08,33.16
2015-03-09,12.64
2015-03-10,48.02
2015-03-11,-58.17
2015-03-12,-1.730000000000004
2015-03-13,1.2800000000000011
2015-03-14,-23.189999999999998
2015-03-15,-39.43000000000001
2015-03-16,-74.89000000000001
2015-03-17,-37.28999999999999
2015-03-18,3.5900000000000034
2015-03-19,-63.88999999999999
2015-03-20,-13.689999999999998
2015-03-21,-50.17999999999999
2015-03-22,-24.450000000000003
2015-03-23,70.49000000000001
2015-03-24,-55.47
2015-03-25,-16.310000000000002
2015-03-26,-0.38999999999999346
2015-03-27,-11.469999999999999
2015-03-28,-1.6799999999999926
2015-03-29,23.75
2015-03-30,-10.760000000000005
2015-03-31,43.86
2015-04-01,51.37
2015-04-02,-24.660000000000004
2015-04-03,30.140000000000008
2015-04-04,86.72
2015-04-05,52.97
2015-04-06,18.769999999999996
2015-04-07,-1.1300000000000097
2015-04-08,2.3699999999999974
2015-04-09,-13.07
2015-04-10,1.4399999999999977
2015-04-11,-11.719999999999999
2015-04-12,1.3299999999999983
2015-04-13,43.07000000000001
2015-04-14,14.069999999999993
2015-04-15,263.48
2015-04-16,-11.110000000000007
2015-04-17,-25.17
2015-04-18,-52.5
2015-04-19,-16.409999999999997
2015-04-20,-36.57
2015-04-21,-38.72
2015-04-22,9.380000000000003
2015-04-23,-35.61000000000001
2015-04-24,-80.44
2015-04-25,-50.449999999999996
2015-04-26,29.58
2015-04-27,-42.03999999999999
2015-04-28,-24.7
2015-04-29,-12.499999999999996
2015-04-30,-1.6200000000000045
2015-05-01,-17.449999999999996
2015-05-02,-70.32000000000001
2015-05-03,-37.03000000000001
2015-05-04,-39.75
2015-05-05,-279.66
2015-05-06,-7.789999999999999
2015-05-07,35.44
2015-05-08,46.5
2015-05-09,22.040000000000006
2015-05-10,48.529999999999994
2015-05-11,60.31
2015-05-12,49.77
2015-05-13,52.529999999999994
2015-05-14,6.460000000000001
2015-05-15,8.910000000000004
2015-05-16,-40.669999999999995
2015-05-17,43.69
2015-05-18,34.82000000000001
2015-05-19,14.749999999999996
2015-05-20,16.430000000000007
2015-05-21,20.6
2015-05-22,26.810000000000002
2015-05-23,67.99000000000001
2015-05-24,44.10000000000001
2015-05-25,11.16
2015-05-26,14.219999999999999
2015-05-27,-29.65
2015-05-28,6.890000000000001
2015-05-29,-40.45
2015-05-30,-59.879999999999995
2015-05-31,-20.83
2015-06-01,-53.39
2015-06-02,-15.049999999999997
2015-06-03,-17.43
2015-06-04,14.939999999999998
2015-06-05,-4.740000000000002
2015-06-06,-15.469999999999999
2015-06-07,34.72
2015-06-08,105.16
2015-06-09,9.36
2015-06-10,-23.490000000000002
2015-06-11,-25.03
2015-06-12,-61.5
2015-06-13,-19.120000000000005
2015-06-14,20.6
2015-06-15,-3.9099999999999966
2015-06-16,-9.14
2015-06-17,-37.220000000000006
2015-06-18,39.2
2015-06-19,45.82000000000001
2015-06-20,53.44
2015-06-21,22.619999999999997
2015-06-22,-6.8999999999999915
2015-06-23,34.3
2015-06-24,-52.82000000000001
2015-06-25,7.359999999999999
2015-06-26,16.61
2015-06-27,-51.440000000000005
2015-06-28,-52.25999999999999
2015-06-29,13.049999999999997
2015-06-30,87.06
2015-07-01,49.86
2015-07-02,-2.4200000000000017
2015-07-03,-10.71
2015-07-04,6.830000000000005
2015-07-05,12.849999999999994
2015-07-06,59.690000000000005
2015-07-07,34.970000000000006
2015-07-08,-16.390000000000008
2015-07-09,12.039999999999992
2015-07-10,-44.599999999999994
2015-07-11,134.32
2015-07-12,26.44999999999999
2015-07-13,13.710000000000008
2015-07-14,40.57000000000001
2015-07-15,14.260000000000005
2015-07-16,-7.859999999999999
2015-07-17,-6.199999999999996
2015-07-18,-31.61
2015-07-19,259.81
2015-07-20,-75.42999999999999
2015-07-21,-18.929999999999993
2015-07-22,-1.1599999999999966
2015-07-23,3.710000000000001
2015-07-24,-9.06000000000001
2015-07-25,-40.169999999999995
2015-07-26,-44.02
2015-07-27,-50.17
2015-07-28,-24.339999999999996
2015-07-29,-44.26
2015-07-30,-59.14000000000001
2015-07-31,-160.96
2015-08-01,-50.82999999999999
2015-08-02,28.75999999999999
2015-08-03,20.179999999999993
2015-08-04,-8.530000000000001
2015-08-05,-28.240000000000002
2015-08-06,-21.01
2015-08-07,-63.48
2015-08-08,-293.5
2015-08-09,36.17999999999999
2015-08-10,10.86
2015-08-11,22.230000000000004
2015-08-12,-6.909999999999997
2015-08-13,-24.54
2015-08-14,30.4
2015-08-15,20.119999999999997
2015-08-16,11.009999999999998
2015-08-17,-11.760000000000002
2015-08-18,6.82
2015-08-19,47.970000000000006
2015-08-20,6.670000000000002
2015-08-21,40.43999999999999
2015-08-22,-16.989999999999995
2015-08-23,-8.08999999999999
2015-08-24,99.41999999999999
2015-08-25,133.26000000000002
2015-08-26,66.18
2015-08-27,57.94
2015-08-28,48.34
2015-08-29,81.78000000000002
2015-08-30,77.7
2015-08-31,48.30999999999999
2015-09-01,54.629999999999995
2015-09-02,58.239999999999995
2015-09-03,1.990000000000002
2015-09-04,68.65
2015-09-05,124.46000000000001
2015-09-06,72.66
2015-09-07,58.870000000000005
2015-09-08,-14.549999999999997
2015-09-09,10.579999999999998
2015-09-10,-13.149999999999991
2015-09-11,-2.1400000000000006
2015-09-12,19.11999999999999
2015-09-13,28.370000000000005
2015-09-14,-88.56000000000002
2015-09-15,13.469999999999999
2015-09-16,6.229999999999997
2015-09-17,-21.88000000000001
2015-09-18,-86.56000000000002
2015-09-19,-55.57000000000001
2015-09-20,-25.539999999999992
2015-09-21,-5.569999999999993
2015-09-22,-6.109999999999999
2015-09-23,7.300000000000004
2015-09-24,-103.39
2015-09-25,-126.66
2015-09-26,-11.08999999999999
2015-09-27,-37.230000000000004
2015-09-28,-27.470000000000006
2015-09-29,19.130000000000003
2015-09-30,10.689999999999998
2015-10-01,-20.590000000000003
2015-10-02,-34.459999999999994
2015-10-03,-135.04
2015-10-04,-0.9499999999999886
2015-10-05,-52.940000000000005
2015-10-06,43.46000000000001
2015-10-07,-22.119999999999997
2015-10-08,-51.63999999999999
2015-10-09,-25.950000000000003
2015-10-10,22.72
2015-10-11,6.1299999999999955
2015-10-12,25.180000000000007
2015-10-13,-31.760000000000005
2015-10-14,17.939999999999998
2015-10-15,-8.670000000000002
2015-10-16,-36.650000000000006
2015-10-17,-33.13
2015-10-18,24.619999999999997
2015-10-19,-13.790000000000006
2015-10-20,-49.879999999999995
2015-10-21,14.460000000000008
2015-10-22,-12.130000000000003
2015-10-23,5.280000000000001
2015-10-24,-0.38000000000000966
2015-10-25,18.65
2015-10-26,-35.900000000000006
2015-10-27,25.419999999999995
2015-10-28,85.93
2015-10-29,-1.5600000000000023
2015-10-30,-72.73
2015-10-31,-47.27
2015-11-01,-19.549999999999997
2015-11-02,-0.25
2015-11-03,13.39
2015-11-04,9.57
2015-11-05,-18.129999999999995
2015-11-06,29.520000000000003
2015-11-07,36.64
2015-11-08,41.43000000000001
2015-11-09,32.739999999999995
2015-11-10,-39.290000000000006
2015-11-11,-7.789999999999999
2015-11-12,-31.060000000000002
2015-11-13,-53.48
2015-11-14,-12.54
2015-11-15,12.090000000000003
2015-11-16,17.080000000000013
2015-11-17,-48.800000000000004
2015-11-18,-8.919999999999987
2015-11-19,4.900000000000006
2015-11-20,2.770000000000003
2015-11-21,-67.33
2015-11-22,18.29
2015-11-23,-58.83
2015-11-24,-16.44
2015-11-25,-12.670000000000002
2015-11-26,16.97
2015-11-27,-57.79
2015-11-28,-49.160000000000004
2015-11-29,4.189999999999998
2015-11-30,17.800000000000004
2015-12-01,3.3500000000000014
2015-12-02,27.08
2015-12-03,5.050000000000004
2015-12-04,-19.519999999999996
2015-12-05,-42.47
2015-12-06,-17.430000000000007
2015-12-07,-12.629999999999995
2015-12-08,-24.460000000000008
2015-12-09,13.899999999999999
2015-12-10,15.5
2015-12-11,84.77
2015-12-12,10.530000000000001
2015-12-13,76.03999999999999
2015-12-14,27.970000000000002
2015-12-15,57.58
2015-12-16,-10.409999999999997
2015-12-17,55.11000000000001
2015-12-18,42.32
2015-12-19,-1.509999999999998
2015-12-20,-6.200000000000003
2015-12-21,30.779999999999994
2015-12-22,29.53
2015-12-23,36.53
2015-12-24,23.79
2015-12-25,19.560000000000002
2015-12-26,48.43000000000001
2015-12-27,67.50999999999999
2015-12-28,62.42
2015-12-29,1.9399999999999977
2015-12-30,26.14
2015-12-31,-51.04
2016-01-01,41.13
2016-01-02,-18.529999999999987
2016-01-03,106.88
2016-01-04,28.939999999999998
2016-01-05,-32.540000000000006
2016-01-06,-69.86000000000001
2016-01-07,-30.1
2016-01-08,-1.0799999999999983
2016-01-09,18.140000000000008
2016-01-10,36.71000000000001
2016-01-11,-12.040000000000006
2016-01-12,-7.910000000000011
2016-01-13,71.73
2016-01-14,8.689999999999998
2016-01-15,-55.510000000000005
2016-01-16,19.489999999999995
2016-01-17,19.760000000000005
2016-01-18,11.880000000000003
2016-01-19,-8.519999999999996
2016-01-20,10.449999999999996
2016-01-21,7.390000000000001
2016-01-22,-3.0
2016-01-23,-87.0
2016-01-24,-44.809999999999995
2016-01-25,2.9200000000000017
2016-01-26,47.690000000000005
2016-01-27,-17.39
2016-01-28,-2.5900000000000034
2016-01-29,-32.42000000000001
2016-01-30,-35.94000000000001
2016-01-31,29.47
2016-02-01,115.88
2016-02-02,-12.210000000000008
2016-02-03,0.5900000000000034
2016-02-04,-26.410000000000004
2016-02-05,-96.44
2016-02-06,-47.2
2016-02-07,-10.740000000000002
2016-02-08,6.359999999999999
2016-02-09,-31.79
2016-02-10,-32.36
2016-02-11,37.81999999999999
2016-02-12,-2.0200000000000102
2016-02-13,-17.120000000000005
2016-02-14,55.08
2016-02-15,-10.760000000000005
2016-02-16,9.560000000000002
2016-02-17,49.02
2016-02-18,75.82
2016-02-19,6.030000000000001
2016-02-20,-13.929999999999993
2016-02-21,-104.77999999999999
2016-02-22,-62.029999999999994
2016-02-23,-16.180000000000007
2016-02-24,21.53
2016-02-25,16.090000000000003
2016-02-26,-37.080000000000005
2016-02-27,66.22
2016-02-28,9.679999999999993
2016-02-29,27.339999999999996
2016-03-01,-28.490000000000002
2016-03-02,-64.61
2016-03-03,-26.029999999999994
2016-03-04,1.730000000000004
2016-03-05,17.280000000000015
2016-03-06,45.18000000000001
2016-03-07,11.420000000000002
2016-03-08,-31.22
2016-03-09,-70.34
2016-03-10,-55.629999999999995
2016-03-11,-51.379999999999995
2016-03-12,-9.930000000000007
2016-03-13,52.35
2016-03-14,-3.289999999999999
2016-03-15,-16.629999999999995
2016-03-16,-8.840000000000003
2016-03-17,-1.8099999999999952
2016-03-18,-68.03
2016-03-19,-65.1
2016-03-20,8.150000000000006
2016-03-21,40.49999999999999
2016-03-22,13.530000000000001
2016-03-23,39.38
2016-03-24,3.4099999999999966
2016-03-25,-91.69000000000001
2016-03-26,-51.150000000000006
2016-03-27,-6.539999999999999
2016-03-28,28.439999999999998
2016-03-29,22.82999999999999
2016-03-30,94.74
2016-03-31,7.16
2016-04-01,-38.029999999999994
2016-04-02,-47.18000000000001
2016-04-03,46.050000000000004
2016-04-04,-6.740000000000002
2016-04-05,-22.949999999999996
2016-04-06,-3.8900000000000006
2016-04-07,-29.58
2016-04-08,-2.5900000000000034
2016-04-09,-54.08
2016-04-10,-23.549999999999997
2016-04-11,45.94
2016-04-12,-53.52
2016-04-13,-12.409999999999997
2016-04-14,-14.969999999999999
2016-04-15,-9.189999999999998
2016-04-16,29.269999999999996
2016-04-17,21.439999999999998
2016-04-18,-6.739999999999995
2016-04-19,-104.3
2016-04-20,4.8799999999999955
2016-04-21,3.8100000000000023
2016-04-22,51.24000000000001
2016-04-23,-22.83
2016-04-24,18.909999999999997
2016-04-25,34.12
2016-04-26,13.25
2016-04-27,13.469999999999999
2016-04-28,-9.95
2016-04-29,35.099999999999994
2016-04-30,-21.269999999999996
2016-05-01,-39.519999999999996
2016-05-02,38.26
2016-05-03,7.659999999999997
2016-05-04,22.68
2016-05-05,-18.130000000000003
2016-05-06,-51.42
2016-05-07,-80.59
2016-05-08,-5.519999999999996
2016-05-09,39.06999999999999
2016-05-10,21.67
2016-05-11,20.129999999999995
2016-05-12,-61.470000000000006
2016-05-13,-17.490000000000002
2016-05-14,-26.759999999999998
2016-05-15,39.2
2016-05-16,33.370000000000005
2016-05-17,9.25
2016-05-18,11.779999999999998
2016-05-19,3.6200000000000045
2016-05-20,-19.09
2016-05-21,-6.970000000000006
2016-05-22,40.290000000000006
2016-05-23,96.28
2016-05-24,21.96
2016-05-25,17.47
2016-05-26,-8.23
2016-05-27,-27.490000000000002
2016-05-28,-16.54
2016-05-29,-5.479999999999997
2016-05-30,-27.11
2016-05-31,-6.210000000000001
2016-06-01,-2.4299999999999997
2016-06-02,-15.360000000000007
2016-06-03,23.68
2016-06-04,31.53
2016-06-05,69.05999999999999
2016-06-06,84.94999999999999
2016-06-07,95.85000000000001
2016-06-08,-12.120000000000005
2016-06-09,23.73
2016-06-10,16.07
2016-06-11,-41.2
2016-06-12,-76.71000000000001
2016-06-13,-5.850000000000001
2016-06-14,32.18
2016-06-15,56.4
2016-06-16,89.85
2016-06-17,30.009999999999998
2016-06-18,36.84
2016-06-19,18.79
2016-06-20,46.59
2016-06-21,89.21
2016-06-22,102.37
2016-06-23,70.58
2016-06-24,182.29000000000002
2016-06-25,434.69999999999993
2016-06-26,186.16000000000003
2016-06-27,126.35
2016-06-28,192.26
2016-06-29,96.96
2016-06-30,25.39
2016-07-01,36.41
2016-07-02,49.510000000000005
2016-07-03,88.41999999999999
2016-07-04,0.8200000000000074
2016-07-05,9.549999999999997
2016-07-06,75.97
2016-07-07,46.67999999999999
2016-07-08,14.560000000000002
2016-07-09,70.09
2016-07-10,114.22
2016-07-11,-44.53
2016-07-12,-32.86
2016-07-13,-66.88
2016-07-14,-259.74
2016-07-15,-552.15
2016-07-16,-234.18
2016-07-17,-81.83000000000001
2016-07-18,-125.87999999999998
2016-07-19,-106.74
2016-07-20,-50.21
2016-07-21,-70.59
2016-07-22,-55.24
2016-07-23,-107.63999999999999
2016-07-24,-8.170000000000002
2016-07-25,-10.679999999999993
2016-07-26,-128.64
2016-07-27,5.13000000000001
2016-07-28,-29.28
2016-07-29,-46.58
2016-07-30,-117.47
2016-07-31,24.39
2016-08-01,-38.93000000000001
2016-08-02,-2.8800000000000026
2016-08-03,-14.560000000000002
2016-08-04,8.240000000000002
2016-08-05,0.8800000000000097
2016-08-06,-95.83999999999999
2016-08-07,-52.230000000000004
2016-08-08,68.94
2016-08-09,15.800000000000004
2016-08-10,44.13
2016-08-11,-16.0
2016-08-12,22.009999999999998
2016-08-13,-21.200000000000003
2016-08-14,59.370000000000005
2016-08-15,34.96
2016-08-16,-17.35000000000001
2016-08-17,7.22999999999999
2016-08-18,-18.43
2016-08-19,-35.36
2016-08-20,-63.699999999999996
2016-08-21,-30.189999999999998
2016-08-22,-15.649999999999999
2016-08-23,1.9100000000000037
2016-08-24,0.5899999999999963
2016-08-25,-6.420000000000002
2016-08-26,40.629999999999995
2016-08-27,78.63999999999999
2016-08-28,-22.549999999999997
2016-08-29,25.769999999999996
2016-08-30,-35.28000000000001
2016-08-31,2.739999999999995
2016-09-01,-24.479999999999997
2016-09-02,-14.29
2016-09-03,-126.22000000000001
2016-09-04,-15.849999999999994
2016-09-05,39.519999999999996
2016-09-06,-53.31999999999999
2016-09-07,-37.559999999999995
2016-09-08,-29.130000000000003
2016-09-09,-18.11
2016-09-10,-11.689999999999998
2016-09-11,10.29
2016-09-12,-0.9200000000000017
2016-09-13,24.42000000000001
2016-09-14,-54.14
2016-09-15,-86.63
2016-09-16,-95.01999999999998
2016-09-17,-59.69
2016-09-18,10.36
2016-09-19,27.96
2016-09-20,12.940000000000005
2016-09-21,-7.110000000000003
2016-09-22,23.96
2016-09-23,49.22
2016-09-24,31.439999999999998
2016-09-25,-91.44
2016-09-26,0.4599999999999973
2016-09-27,34.78
2016-09-28,11.350000000000001
2016-09-29,16.160000000000004
2016-09-30,1.8200000000000003
2016-10-01,9.780000000000001
2016-10-02,62.98
2016-10-03,11.33999999999999
2016-10-04,19.26
2016-10-05,34.42
2016-10-06,14.329999999999998
2016-10-07,30.49
2016-10-08,-33.47
2016-10-09,27.74000000000001
2016-10-10,-43.72
2016-10-11,23.16
2016-10-12,-5.43
2016-10-13,-10.07
2016-10-14,-26.33
2016-10-15,45.339999999999996
2016-10-16,67.31
2016-10-17,58.19
2016-10-18,7.159999999999997
2016-10-19,9.509999999999998
2016-10-20,13.840000000000003
2016-10-21,-25.880000000000003
2016-10-22,-60.98
2016-10-23,6.960000000000008
2016-10-24,10.519999999999996
2016-10-25,49.480000000000004
2016-10-26,-18.059999999999995
2016-10-27,28.230000000000004
2016-10-28,9.730000000000004
2016-10-29,-25.35000000000001
2016-10-30,65.56
2016-10-31,41.24999999999999
2016-11-01,-14.700000000000003
2016-11-02,10.149999999999999
2016-11-03,-17.570000000000007
2016-11-04,-10.929999999999993
2016-11-05,9.670000000000002
2016-11-06,6.030000000000001
2016-11-07,29.200000000000003
2016-11-08,58.12
2016-11-09,197.26
2016-11-10,238.63
2016-11-11,98.88
2016-11-12,92.58
2016-11-13,280.72
2016-11-14,148.78000000000003
2016-11-15,121.38000000000001
2016-11-16,49.97999999999999
2016-11-17,36.94
2016-11-18,99.46
2016-11-19,37.11999999999999
2016-11-20,15.200000000000003
2016-11-21,49.529999999999994
2016-11-22,41.559999999999995
2016-11-23,21.22
2016-11-24,-3.969999999999999
2016-11-25,-17.42
2016-11-26,-51.78
2016-11-27,20.950000000000003
2016-11-28,-22.64999999999999
2016-11-29,-189.79
2016-11-30,-209.03999999999996
2016-12-01,27.460000000000008
2016-12-02,-34.33000000000001
2016-12-03,-186.89000000000001
2016-12-04,-125.99000000000001
2016-12-05,-47.900000000000006
2016-12-06,23.349999999999994
2016-12-07,51.0
2016-12-08,-50.80999999999999
2016-12-09,-20.61999999999999
2016-12-10,19.220000000000013
2016-12-11,31.470000000000013
2016-12-12,-2.8999999999999915
2016-12-13,252.44
2016-12-14,-30.140000000000008
2016-12-15,142.64
2016-12-16,-16.259999999999998
2016-12-17,-33.900000000000006
2016-12-18,53.019999999999996
2016-12-19,35.23
2016-12-20,-4.420000000000002
2016-12-21,-130.51
2016-12-22,-93.85
2016-12-23,-116.77999999999999
2016-12-24,-69.87
2016-12-25,73.41
2016-12-26,-2.6599999999999966
2016-12-27,-53.89
2016-12-28,36.11
2016-12-29,18.75
2016-12-30,10.919999999999987
2016-12-31,1.5
2017-01-01,135.64999999999998
2017-01-02,-94.66999999999999
2017-01-03,35.98
2017-01-04,-130.95
2017-01-05,81.34
2017-01-06,35.17
2017-01-07,-39.58
2017-01-08,180.54
2017-01-09,62.510000000000005
2017-01-10,84.53
2017-01-11,74.21000000000001
2017-01-12,77.61999999999999
2017-01-13,68.13
2017-01-14,-75.44
2017-01-15,32.31
2017-01-16,6.060000000000002
2017-01-17,-0.6299999999999955
2017-01-18,19.58
2017-01-19,-45.599999999999994
2017-01-20,14.370000000000005
2017-01-21,-83.47
2017-01-22,-56.329999999999984
2017-01-23,64.92000000000002
2017-01-24,34.16000000000001
2017-01-25,40.66999999999999
2017-01-26,-7.719999999999999
2017-01-27,24.820000000000007
2017-01-28,-119.85999999999999
2017-01-29,64.46
2017-01-30,-6.840000000000003
2017-01-31,14.72999999999999
2017-02-01,44.96000000000001
2017-02-02,-22.03
2017-02-03,19.379999999999995
2017-02-04,-99.6
2017-02-05,97.08999999999999
2017-02-06,-10.129999999999995
2017-02-07,-13.77000000000001
2017-02-08,23.429999999999993
2017-02-09,-67.21000000000001
2017-02-10,79.61000000000001
2017-02-11,-128.24
2017-02-12,7.590000000000003
2017-02-13,-58.30000000000001
2017-02-14,-54.93999999999998
2017-02-15,40.91
2017-02-16,-45.98000000000002
2017-02-17,-8.860000000000014
2017-02-18,-98.78
2017-02-19,8.480000000000004
2017-02-20,-73.21
2017-02-21,-70.74
2017-02-22,113.18
2017-02-23,-46.540000000000006
2017-02-24,10.310000000000002
2017-02-25,-176.22
2017-02-26,-29.230000000000018
2017-02-27,-4.449999999999989
2017-02-28,-4.739999999999995
2017-03-01,37.56
2017-03-02,-105.97000000000001
2017-03-03,31.439999999999998
2017-03-04,-73.10000000000001
2017-03-05,50.73000000000002
2017-03-06,-15.909999999999997
2017-03-07,-58.989999999999995
2017-03-08,35.44000000000001
2017-03-09,-47.91999999999999
2017-03-10,-5.789999999999992
2017-03-11,-16.13000000000001
2017-03-12,101.71
2017-03-13,-31.040000000000006
2017-03-14,-104.41000000000001
2017-03-15,74.74
2017-03-16,-7.560000000000002
2017-03-17,116.97
2017-03-18,-30.33
2017-03-19,36.150000000000006
2017-03-20,47.44
2017-03-21,72.57
2017-03-22,-59.47
2017-03-23,-40.239999999999995
2017-03-24,17.11
2017-03-25,-25.000000000000014
2017-03-26,48.52999999999999
2017-03-27,11.950000000000003
2017-03-28,-34.78
2017-03-29,-28.730000000000004
2017-03-30,9.899999999999991
2017-03-31,113.96000000000001
2017-04-01,41.02000000000001
2017-04-02,108.19999999999999
2017-04-03,-6.539999999999992
2017-04-04,-55.52999999999999
2017-04-05,-16.159999999999997
2017-04-06,-69.63
2017-04-07,-23.33999999999999
2017-04-08,-72.02000000000001
2017-04-09,-71.34
2017-04-10,-66.41
2017-04-11,-23.939999999999998
2017-04-12,30.819999999999993
2017-04-13,-46.64000000000001
2017-04-14,13.129999999999995
2017-04-15,-78.44
2017-04-16,36.31
2017-04-17,30.25999999999999
2017-04-18,4.75
2017-04-19,1.7600000000000051
2017-04-20,-165.51
2017-04-21,-84.3
2017-04-22,-58.599999999999994
2017-04-23,55.52999999999999
2017-04-24,40.08999999999999
2017-04-25,-16.46
2017-04-26,-11.97999999999999
2017-04-27,-4.8700000000000045
2017-04-28,-18.71
2017-04-29,-15.89
2017-04-30,106.28999999999999
2017-05-01,55.629999999999995
2017-05-02,10.090000000000003
2017-05-03,27.06000000000001
2017-05-04,67.76
2017-05-05,-2.1700000000000017
2017-05-06,-12.0
2017-05-07,50.81000000000002
2017-05-08,41.760000000000005
2017-05-09,-8.36
2017-05-10,11.459999999999994
2017-05-11,-74.73
2017-05-12,23.30000000000001
2017-05-13,-82.74999999999999
2017-05-14,-84.83999999999999
2017-05-15,110.62
2017-05-16,47.599999999999994
2017-05-17,-0.2700000000000031
2017-05-18,26.690000000000005
2017-05-19,12.77000000000001
2017-05-20,-169.43
2017-05-21,22.49000000000001
2017-05-22,-5.959999999999994
2017-05-23,-21.810000000000002
2017-05-24,-108.37
2017-05-25,-20.559999999999995
2017-05-26,-44.52000000000001
2017-05-27,-116.24000000000001
2017-05-28,-16.24000000000001
2017-05-29,-34.28
2017-05-30,-21.959999999999994
2017-05-31,118.38
2017-06-01,-29.36
2017-06-02,-27.180000000000007
2017-06-03,32.379999999999995
2017-06-04,-43.78
2017-06-05,156.57999999999998
2017-06-06,22.509999999999998
2017-06-07,-43.410000000000004
2017-06-08,-54.07000000000001
2017-06-09,10.879999999999995
2017-06-10,-52.71000000000001
2017-06-11,66.31
2017-06-12,33.64999999999999
2017-06-13,68.47
2017-06-14,-2.9299999999999997
2017-06-15,4.140000000000001
2017-06-16,25.50999999999999
2017-06-17,-5.530000000000001
2017-06-18,97.11
2017-06-19,29.939999999999998
2017-06-20,-74.92
2017-06-21,-9.080000000000013
2017-06-22,32.43000000000001
2017-06-23,43.459999999999994
2017-06-24,-44.78999999999999
2017-06-25,-181.59999999999997
2017-06-26,-40.379999999999995
2017-06-27,47.029999999999994
2017-06-28,62.150000000000006
2017-06-29,-0.3499999999999943
2017-06-30,44.620000000000005
2017-07-01,-20.319999999999993
2017-07-02,70.08000000000001
2017-07-03,-42.91
2017-07-04,8.980000000000004
2017-07-05,-10.009999999999998
2017-07-06,-3.6199999999999903
2017-07-07,69.03
2017-07-08,-40.17
2017-07-09,45.09
2017-07-10,-0.29999999999999716
2017-07-11,-5.72999999999999
2017-07-12,-23.75
2017-07-13,-61.499999999999986
2017-07-14,9.739999999999995
2017-07-15,-43.02
2017-07-16,102.99
2017-07-17,-0.5
2017-07-18,-6.490000000000009
2017-07-19,-14.030000000000001
2017-07-20,-11.489999999999995
2017-07-21,-56.250000000000014
2017-07-22,-103.77000000000001
2017-07-23,32.49000000000001
2017-07-24,248.28000000000003
2017-07-25,105.64000000000001
2017-07-26,3.819999999999993
2017-07-27,-119.93
2017-07-28,-62.29
2017-07-29,-45.72
2017-07-30,33.879999999999995
2017-07-31,-4.27000000000001
2017-08-01,0.7299999999999898
2017-08-02,-16.160000000000004
2017-08-03,-29.61
2017-08-04,13.939999999999998
2017-08-05,-56.7
2017-08-06,2.3800000000000097
2017-08-07,7.8300000000000125
2017-08-08,5.449999999999996
2017-08-09,-38.32000000000001
2017-08-10,-6.769999999999996
2017-08-11,-23.009999999999998
2017-08-12,0.38999999999998636
2017-08-13,-200.97000000000003
2017-08-14,-73.74000000000001
2017-08-15,6.560000000000002
2017-08-16,7.230000000000004
2017-08-17,11.5
2017-08-18,-14.329999999999998
2017-08-19,-5.25
2017-08-20,8.27000000000001
2017-08-21,-10.139999999999993
2017-08-22,16.9
2017-08-23,8.069999999999993
2017-08-24,-21.0
2017-08-25,-19.059999999999988
2017-08-26,-45.67
2017-08-27,5.269999999999996
2017-08-28,23.619999999999997
2017-08-29,19.379999999999995
2017-08-30,-24.57
2017-08-31,1.4100000000000037
2017-09-01,-77.00999999999999
2017-09-02,-43.03000000000001
2017-09-03,13.64
2017-09-04,-7.859999999999999
2017-09-05,94.62
2017-09-06,141.36
2017-09-07,28.099999999999994
2017-09-08,-52.58999999999999
2017-09-09,-17.260000000000005
2017-09-10,33.21
2017-09-11,19.849999999999994
2017-09-12,-10.04999999999999
2017-09-13,28.410000000000004
2017-09-14,48.17999999999999
2017-09-15,23.049999999999997
2017-09-16,-55.54
2017-09-17,41.08
2017-09-18,-12.909999999999997
2017-09-19,16.229999999999997
2017-09-20,9.029999999999994
2017-09-21,-2.1799999999999997
2017-09-22,1.1100000000000065
2017-09-23,-25.379999999999995
2017-09-24,39.230000000000004
2017-09-25,-36.91000000000001
2017-09-26,-140.04000000000002
2017-09-27,-24.9
2017-09-28,34.06999999999999
2017-09-29,35.64
2017-09-30,-48.88
2017-10-01,-26.97999999999999
2017-10-02,16.29
2017-10-03,-18.840000000000003
2017-10-04,-72.27
2017-10-05,-31.369999999999997
2017-10-06,39.300000000000004
2017-10-07,-85.79999999999998
2017-10-08,21.10000000000001
2017-10-09,-15.310000000000002
2017-10-10,22.089999999999996
2017-10-11,5.089999999999996
2017-10-12,-25.480000000000004
2017-10-13,-13.32
2017-10-14,-56.77
2017-10-15,-39.58
2017-10-16,40.28
2017-10-17,-14.159999999999997
2017-10-18,-2.9399999999999977
2017-10-19,-25.129999999999995
2017-10-20,17.36
2017-10-21,-8.100000000000009
2017-10-22,33.2
2017-10-23,83.72999999999999
2017-10-24,-10.810000000000002
2017-10-25,19.119999999999997
2017-10-26,28.689999999999998
2017-10-27,51.62
2017-10-28,-30.900000000000006
2017-10-29,62.56
2017-10-30,-9.83999999999999
2017-10-31,-10.049999999999997
2017-11-01,29.090000000000003
2017-11-02,21.43
2017-11-03,42.46
2017-11-04,-2.6000000000000014
2017-11-05,22.299999999999997
2017-11-06,42.96999999999999
2017-11-07,0.8200000000000074
2017-11-08,-15.0
2017-11-09,2.789999999999999
2017-11-10,-2.279999999999994
2017-11-11,-47.190000000000005
2017-11-12,34.34
2017-11-13,97.72
2017-11-14,47.769999999999996
2017-11-15,-56.27
2017-11-16,-3.5999999999999943
2017-11-17,39.870000000000005
2017-11-18,-52.52
2017-11-19,54.75999999999999
2017-11-20,29.11
2017-11-21,132.79000000000002
2017-11-22,-32.38
2017-11-23,-41.92
2017-11-24,-28.36
2017-11-25,-71.99000000000001
2017-11-26,12.719999999999999
2017-11-27,-69.82000000000001
2017-11-28,139.14999999999998
2017-11-29,38.870000000000005
2017-11-30,44.71
2017-12-01,25.630000000000003
2017-12-02,-76.72
2017-12-03,-47.45
2017-12-04,-6.810000000000002
2017-12-05,37.339999999999996
2017-12-06,-26.000000000000007
2017-12-07,-57.93000000000001
2017-12-08,10.540000000000006
2017-12-09,10.509999999999991
2017-12-10,7.950000000000003
2017-12-11,-118.03000000000002
2017-12-12,13.500000000000007
2017-12-13,-9.96
2017-12-14,-2.289999999999999
2017-12-15,56.11000000000001
2017-12-16,-9.419999999999987
2017-12-17,110.27
2017-12-18,-111.86
2017-12-19,-21.58
2017-12-20,-44.28
2017-12-21,5.989999999999995
2017-12-22,-21.129999999999995
2017-12-23,46.42
2017-12-24,57.78
2017-12-25,6.3700000000000045
2017-12-26,48.52
2017-12-27,17.75
2017-12-28,-0.28000000000000114
2017-12-29,16.54000000000002
2017-12-30,-42.120000000000005
2017-12-31,93.44000000000001
2018-01-01,111.87
2018-01-02,59.190000000000005
2018-01-03,19.86
2018-01-04,138.64
2018-01-05,13.030000000000001
2018-01-06,-57.56999999999999
2018-01-07,70.05
2018-01-08,-5.1200000000000045
2018-01-09,100.38000000000001
2018-01-10,-3.759999999999991
2018-01-11,39.03
2018-01-12,-26.25
2018-01-13,12.480000000000018
2018-01-14,75.18
2018-01-15,166.11
2018-01-16,3.1300000000000026
2018-01-17,-1.4100000000000037
2018-01-18,-30.570000000000007
2018-01-19,43.010000000000005
2018-01-20,-89.5
2018-01-21,-46.29000000000002
2018-01-22,-0.480000000000004
2018-01-23,22.069999999999993
2018-01-24,-150.20999999999998
2018-01-25,-30.710000000000008
2018-01-26,26.189999999999998
2018-01-27,-55.61
2018-01-28,28.370000000000005
2018-01-29,-72.35000000000001
2018-01-30,-20.730000000000004
2018-01-31,-39.879999999999995
2018-02-01,-57.91
2018-02-02,-110.13000000000001
2018-02-03,-132.99
2018-02-04,-127.32000000000002
2018-02-05,84.22
2018-02-06,30.760000000000005
2018-02-07,-57.57
2018-02-08,0.9500000000000028
2018-02-09,-2.719999999999999
2018-02-10,6.050000000000011
2018-02-11,34.47
2018-02-12,6.3700000000000045
2018-02-13,11.280000000000001
2018-02-14,29.040000000000006
2018-02-15,-21.370000000000005
2018-02-16,-28.689999999999998
2018-02-17,-41.720000000000006
2018-02-18,18.00999999999999
2018-02-19,-15.010000000000005
2018-02-20,8.310000000000002
2018-02-21,46.03
2018-02-22,-10.950000000000003
2018-02-23,11.719999999999999
2018-02-24,-102.91999999999999
2018-02-25,-18.919999999999987
2018-02-26,-23.99000000000001
2018-02-27,-5.649999999999999
2018-02-28,-42.61000000000001
2018-03-01,-13.38000000000001
2018-03-02,-98.43
2018-03-03,-110.57
2018-03-04,17.790000000000006
2018-03-05,43.82000000000001
2018-03-06,26.86
2018-03-07,-1.2999999999999972
2018-03-08,-23.519999999999996
2018-03-09,68.63999999999999
2018-03-10,-35.629999999999995
2018-03-11,117.34
2018-03-12,27.25
2018-03-13,-40.96
2018-03-14,29.36
2018-03-15,-11.740000000000002
2018-03-16,68.78
2018-03-17,5.639999999999986
2018-03-18,14.430000000000007
2018-03-19,22.0
2018-03-20,32.63999999999999
2018-03-21,-13.469999999999999
2018-03-22,17.729999999999997
2018-03-23,32.02
2018-03-24,-45.480000000000004
2018-03-25,-87.0
2018-03-26,-44.10000000000001
2018-03-27,-64.85
2018-03-28,-30.52
2018-03-29,-115.82
2018-03-30,-23.54
2018-03-31,-103.14
2018-04-01,4.25
2018-04-02,112.86000000000001
2018-04-03,9.120000000000005
2018-04-04,8.920000000000002
2018-04-05,-1.8799999999999955
2018-04-06,-61.889999999999986
2018-04-07,23.929999999999993
2018-04-08,76.48
2018-04-09,195.82
2018-04-10,0.3400000000000034
2018-04-11,22.519999999999996
2018-04-12,123.47000000000001
2018-04-13,88.14
2018-04-14,9.920000000000009
2018-04-15,-5.069999999999993
2018-04-16,42.78
2018-04-17,39.06999999999999
2018-04-18,54.69
2018-04-19,2.539999999999999
2018-04-20,-20.1
2018-04-21,-92.06
2018-04-22,-97.65
2018-04-23,-21.820000000000007
2018-04-24,-17.809999999999995
2018-04-25,-0.39000000000000057
2018-04-26,-2.200000000000003
2018-04-27,-81.13999999999999
2018-04-28,-93.29
2018-04-29,-210.14
2018-04-30,30.5
2018-05-01,21.99000000000001
2018-05-02,-94.19000000000001
2018-05-03,-84.18
2018-05-04,-32.78000000000001
2018-05-05,90.49
2018-05-06,57.11
2018-05-07,31.189999999999998
2018-05-08,28.58
2018-05-09,15.590000000000003
2018-05-10,26.479999999999997
2018-05-11,58.67999999999999
2018-05-12,45.00999999999999
2018-05-13,4.460000000000008
2018-05-14,92.11999999999999
2018-05-15,-65.96000000000001
2018-05-16,-18.36
2018-05-17,48.669999999999995
2018-05-18,71.49
2018-05-19,53.290000000000006
2018-05-20,-29.630000000000003
2018-05-21,-14.030000000000001
2018-05-22,-3.75
2018-05-23,114.07
2018-05-24,10.39
2018-05-25,-73.09
2018-05-26,-76.49000000000001
2018-05-27,-21.239999999999995
2018-05-28,-50.56999999999999
2018-05-29,-11.760000000000005
2018-05-30,61.19000000000001
2018-05-31,-0.9500000000000028
2018-06-01,-5.449999999999989
2018-06-02,39.47999999999999
2018-06-03,-70.57
2018-06-04,38.06000000000001
2018-06-05,-13.75
2018-06-06,-36.51
2018-06-07,-73.32999999999998
2018-06-08,-5.780000000000001
2018-06-09,95.73000000000002
2018-06-10,83.10999999999999
2018-06-11,46.19000000000001
2018-06-12,64.36000000000001
2018-06-13,88.16999999999999
2018-06-14,-5.3799999999999955
2018-06-15,22.82999999999999
2018-06-16,6.670000000000002
2018-06-17,55.849999999999994
2018-06-18,28.879999999999995
2018-06-19,30.650000000000006
2018-06-20,144.73000000000002
2018-06-21,-37.95
2018-06-22,-30.5
2018-06-23,-15.880000000000003
2018-06-24,4.569999999999993
2018-06-25,27.22
2018-06-26,180.93
2018-06-27,-16.410000000000004
2018-06-28,-23.230000000000004
2018-06-29,-98.75
2018-06-30,-56.28999999999999
2018-07-01,-2.160000000000025
2018-07-02,-155.32999999999998
2018-07-03,-17.33999999999999
2018-07-04,-9.519999999999996
2018-07-05,11.36
2018-07-06,102.32000000000001
2018-07-07,16.060000000000002
2018-07-08,85.52000000000001
2018-07-09,-55.38000000000001
2018-07-10,-140.07
2018-07-11,-30.910000000000004
2018-07-12,4.570000000000007
2018-07-13,33.99
2018-07-14,-31.03
2018-07-15,83.19
2018-07-16,-129.6
2018-07-17,18.97
2018-07-18,-14.159999999999997
2018-07-19,1.3099999999999952
2018-07-20,17.450000000000017
2018-07-21,-27.89999999999999
2018-07-22,76.35000000000001
2018-07-23,-41.14
2018-07-24,-9.829999999999998
2018-07-25,-22.14999999999999
2018-07-26,-79.84
2018-07-27,-59.89
2018-07-28,-65.06
2018-07-29,6.920000000000002
2018-07-30,71.39999999999999
2018-07-31,50.589999999999996
2018-08-01,-27.21
2018-08-02,43.18000000000001
2018-08-03,33.400000000000006
2018-08-04,-38.84
2018-08-05,52.68000000000001
2018-08-06,54.36
2018-08-07,-2.8800000000000097
2018-08-08,1.6499999999999986
2018-08-09,-62.15000000000002
2018-08-10,-31.33
2018-08-11,-112.39000000000001
2018-08-12,31.14
2018-08-13,11.149999999999991
2018-08-14,-2.740000000000002
2018-08-15,-84.57000000000001
2018-08-16,-30.58
2018-08-17,-37.42
2018-08-18,-20.77000000000001
2018-08-19,-56.78999999999999
2018-08-20,-46.169999999999995
2018-08-21,24.21
2018-08-22,-79.41
2018-08-23,2.019999999999996
2018-08-24,-27.549999999999997
2018-08-25,-2.0500000000000114
2018-08-26,-16.86999999999999
2018-08-27,36.2
2018-08-28,108.67000000000002
2018-08-29,23.0
2018-08-30,13.489999999999995
2018-08-31,77.24
2018-09-01,-63.61000000000001
2018-09-02,10.280000000000001
2018-09-03,59.93
2018-09-04,54.28
2018-09-05,6.769999999999996
2018-09-06,6.140000000000001
2018-09-07,-28.72999999999999
2018-09-08,-7.180000000000007
2018-09-09,47.559999999999995
2018-09-10,-34.67
2018-09-11,10.849999999999994
2018-09-12,-49.44
2018-09-13,-50.599999999999994
2018-09-14,-103.84
2018-09-15,-34.03000000000001
2018-09-16,-4.719999999999999
2018-09-17,-64.94000000000001
2018-09-18,-21.239999999999995
2018-09-19,-16.39999999999999
2018-09-20,-67.22
2018-09-21,42.050000000000004
2018-09-22,-24.58
2018-09-23,9.14
2018-09-24,14.769999999999996
2018-09-25,17.990000000000002
2018-09-26,-31.340000000000003
2018-09-27,-44.95
2018-09-28,-37.029999999999994
2018-09-29,-59.35999999999999
2018-09-30,36.519999999999996
2018-10-01,117.32
2018-10-02,90.62
2018-10-03,77.75999999999999
2018-10-04,83.25999999999999
2018-10-05,4.630000000000003
2018-10-06,-37.25
2018-10-07,97.06000000000002
2018-10-08,40.769999999999996
2018-10-09,-42.67
2018-10-10,4.75
2018-10-11,-19.790000000000006
2018-10-12,28.89
2018-10-13,-54.03
2018-10-14,3.450000000000003
2018-10-15,30.15
2018-10-16,72.55
2018-10-17,54.989999999999995
2018-10-18,47.74999999999999
2018-10-19,36.919999999999995
2018-10-20,-21.889999999999993
2018-10-21,-47.75
2018-10-22,-41.44000000000001
2018-10-23,-55.449999999999996
2018-10-24,-45.760000000000005
2018-10-25,22.89
2018-10-26,-0.9399999999999977
2018-10-27,-118.57000000000001
2018-10-28,24.12000000000002
2018-10-29,32.84
2018-10-30,-7.710000000000001
2018-10-31,10.689999999999998
2018-11-01,-18.939999999999998
2018-11-02,12.769999999999996
2018-11-03,-15.189999999999998
2018-11-04,137.73000000000002
2018-11-05,-19.239999999999995
2018-11-06,71.00999999999999
2018-11-07,-38.959999999999994
2018-11-08,-18.669999999999995
2018-11-09,-20.870000000000005
2018-11-10,-64.5
2018-11-11,-25.14999999999999
2018-11-12,-9.71
2018-11-13,-8.72999999999999
2018-11-14,-35.59
2018-11-15,-10.490000000000002
2018-11-16,-48.730000000000004
2018-11-17,-101.66000000000001
2018-11-18,26.019999999999996
2018-11-19,-40.36
2018-11-20,-49.80999999999999
2018-11-21,-37.31
2018-11-22,-61.17999999999999
2018-11-23,-53.22
2018-11-24,-174.47
2018-11-25,77.59
2018-11-26,19.49000000000001
2018-11-27,31.909999999999997
2018-11-28,49.29
2018-11-29,142.20000000000002
2018-11-30,81.99000000000001
2018-12-01,77.97
2018-12-02,125.13000000000001
2018-12-03,93.62
2018-12-04,55.35000000000001
2018-12-05,28.220000000000006
2018-12-06,79.72
2018-12-07,66.5
2018-12-08,32.959999999999994
2018-12-09,119.57000000000001
2018-12-10,41.81999999999999
2018-12-11,41.58
2018-12-12,36.16
2018-12-13,97.5
2018-12-14,37.5
2018-12-15,-77.8
2018-12-16,18.22
2018-12-17,8.670000000000002
2018-12-18,2.319999999999993
2018-12-19,-69.04
2018-12-20,-57.05000000000001
2018-12-21,2.5999999999999943
2018-12-22,-156.54000000000002
2018-12-23,102.87
2018-12-24,32.499999999999986
2018-12-25,87.85000000000001
2018-12-26,88.0
2018-12-27,59.64999999999999
2018-12-28,33.44000000000001
2018-12-29,-13.680000000000007
2018-12-30,142.45
2018-12-31,61.379999999999995
2019-01-01,146.06
2019-01-02,25.299999999999997
2019-01-03,126.02000000000001
2019-01-04,62.89
2019-01-05,-181.96
2019-01-06,128.64
2019-01-07,45.37000000000002
2019-01-08,145.07999999999998
2019-01-09,41.040000000000006
2019-01-10,3.930000000000007
2019-01-11,159.76000000000002
2019-01-12,-85.75
2019-01-13,-20.83
2019-01-14,52.47
2019-01-15,-93.8
2019-01-16,12.360000000000014
2019-01-17,12.269999999999982
2019-01-18,37.359999999999985
2019-01-19,-104.53
2019-01-20,28.659999999999997
2019-01-21,12.259999999999991
2019-01-22,-39.019999999999996
2019-01-23,-124.32000000000001
2019-01-24,-47.09
2019-01-25,100.47
2019-01-26,-123.22999999999999
2019-01-27,70.32999999999998
2019-01-28,-185.54000000000002
2019-01-29,-57.89
2019-01-30,-25.13000000000001
2019-01-31,-44.44000000000001
2019-02-01,-79.80000000000001
2019-02-02,-38.89999999999999
2019-02-03,-89.20000000000002
2019-02-04,111.92
2019-02-05,-85.71000000000001
2019-02-06,-23.669999999999987
2019-02-07,-60.37999999999998
2019-02-08,-32.19
2019-02-09,-128.85
2019-02-10,-120.91999999999999
2019-02-11,-48.42
2019-02-12,-42.35000000000001
2019-02-13,-13.049999999999997
2019-02-14,-69.18
2019-02-15,-51.62
2019-02-16,-191.86
2019-02-17,-62.78999999999999
2019-02-18,-5.18
2019-02-19,-43.91999999999999
2019-02-20,-60.879999999999995
2019-02-21,-8.370000000000005
2019-02-22,33.28
2019-02-23,-41.25999999999999
2019-02-24,-212.26
2019-02-25,-3.719999999999999
2019-02-26,-76.71
2019-02-27,35.019999999999996
2019-02-28,48.42999999999999
2019-03-01,61.13
2019-03-02,23.310000000000002
2019-03-03,41.58
2019-03-04,25.10000000000001
2019-03-05,45.36999999999999
2019-03-06,42.65
2019-03-07,83.32000000000002
2019-03-08,54.730000000000004
2019-03-09,56.81
2019-03-10,81.61000000000001
2019-03-11,81.55999999999999
2019-03-12,27.870000000000005
2019-03-13,-6.060000000000002
2019-03-14,-59.010000000000005
2019-03-15,-26.64
2019-03-16,61.32000000000001
2019-03-17,17.33
2019-03-18,8.689999999999998
2019-03-19,-45.980000000000004
2019-03-20,-49.349999999999994
2019-03-21,-19.590000000000003
2019-03-22,-34.69000000000001
2019-03-23,1.2900000000000063
2019-03-24,56.519999999999996
2019-03-25,-69.11
2019-03-26,-0.35999999999999943
2019-03-27,-46.20000000000002
2019-03-28,-28.07
2019-03-29,23.519999999999996
2019-03-30,-37.040000000000006
2019-03-31,-26.599999999999994
2019-04-01,24.11
2019-04-02,49.18000000000001
2019-04-03,25.620000000000005
2019-04-04,16.299999999999997
2019-04-05,-15.220000000000006
2019-04-06,6.859999999999999
2019-04-07,50.31
2019-04-08,-24.759999999999998
2019-04-09,-15.700000000000003
2019-04-10,-19.39
2019-04-11,-29.419999999999995
2019-04-12,-26.61
2019-04-13,-60.8
2019-04-14,91.96
2019-04-15,-2.030000000000001
2019-04-16,-34.559999999999995
2019-04-17,9.5
2019-04-18,-34.29
2019-04-19,-53.58
2019-04-20,-82.38
2019-04-21,-33.95
2019-04-22,-51.879999999999995
2019-04-23,-24.990000000000002
2019-04-24,-22.64
2019-04-25,26.160000000000004
2019-04-26,-40.33
2019-04-27,-71.29
2019-04-28,49.449999999999996
2019-04-29,37.34
2019-04-30,3.5600000000000023
2019-05-01,58.18
2019-05-02,-45.59
2019-05-03,-9.080000000000005
2019-05-04,-89.83999999999999
2019-05-05,22.129999999999995
2019-05-06,35.68
2019-05-07,47.85
2019-05-08,44.85
2019-05-09,19.11999999999999
2019-05-10,55.75000000000001
2019-05-11,-36.55
2019-05-12,76.57999999999998
2019-05-13,37.690000000000005
2019-05-14,66.51
2019-05-15,55.99000000000001
2019-05-16,26.83
2019-05-17,61.64
2019-05-18,-12.47999999999999
2019-05-19,-1.6700000000000017
2019-05-20,19.739999999999995
2019-05-21,-38.95
2019-05-22,39.599999999999994
2019-05-23,13.390000000000008
2019-05-24,72.85000000000001
2019-05-25,53.170000000000016
2019-05-26,44.56
2019-05-27,-9.049999999999997
2019-05-28,-32.33
2019-05-29,-11.839999999999996
2019-05-30,-57.28
2019-05-31,47.50999999999999
2019-06-01,-57.709999999999994
2019-06-02,65.13999999999999
2019-06-03,-53.790000000000006
2019-06-04,-12.240000000000009
2019-06-05,122.78999999999999
2019-06-06,19.540000000000006
2019-06-07,147.20999999999998
2019-06-08,43.42999999999999
2019-06-09,79.53000000000002
2019-06-10,88.3
2019-06-11,60.44000000000001
2019-06-12,44.989999999999995
2019-06-13,-0.37000000000000455
2019-06-14,-6.480000000000018
2019-06-15,37.150000000000006
2019-06-16,96.46
2019-06-17,12.679999999999993
2019-06-18,90.72999999999999
2019-06-19,27.049999999999997
2019-06-20,22.320000000000007
2019-06-21,81.36999999999999
2019-06-22,-32.69999999999999
2019-06-23,172.91000000000003
2019-06-24,-27.310000000000002
2019-06-25,-143.32
2019-06-26,5.079999999999984
2019-06-27,-178.17000000000002
2019-06-28,-9.810000000000002
2019-06-29,-78.41000000000001
2019-06-30,-47.69
2019-07-01,44.379999999999995
2019-07-02,28.090000000000003
2019-07-03,-17.60000000000001
2019-07-04,-48.22999999999999
2019-07-05,-102.66000000000001
2019-07-06,-105.21
2019-07-07,98.39000000000001
2019-07-08,-74.28999999999999
2019-07-09,-37.75
2019-07-10,-71.05000000000001
2019-07-11,-75.07999999999998
2019-07-12,-54.60000000000001
2019-07-13,-118.82000000000001
2019-07-14,-34.32
2019-07-15,-2.0
2019-07-16,-89.1
2019-07-17,12.980000000000004
2019-07-18,-67.85
2019-07-19,-34.36
2019-07-20,-85.53
2019-07-21,-62.480000000000004
2019-07-22,-68.80000000000001
2019-07-23,-12.030000000000001
2019-07-24,-17.120000000000005
2019-07-25,-32.15
2019-07-26,22.819999999999993
2019-07-27,-6.02000000000001
2019-07-28,61.609999999999985
2019-07-29,46.83
2019-07-30,93.62
2019-07-31,-0.8299999999999983
2019-08-01,77.71
2019-08-02,-9.540000000000006
2019-08-03,95.20999999999998
2019-08-04,14.950000000000003
2019-08-05,29.620000000000005
2019-08-06,6.989999999999995
2019-08-07,30.589999999999996
2019-08-08,31.64
2019-08-09,63.47
2019-08-10,-54.42
2019-08-11,48.63000000000001
2019-08-12,-4.6499999999999915
2019-08-13,-9.620000000000005
2019-08-14,93.03
2019-08-15,28.14
2019-08-16,-68.82000000000001
2019-08-17,42.5
2019-08-18,109.9
2019-08-19,5.599999999999994
2019-08-20,126.27999999999999
2019-08-21,128.09000000000003
2019-08-22,68.65
2019-08-23,115.19
2019-08-24,299.05
2019-08-25,238.17999999999998
2019-08-26,183.93
2019-08-27,81.28
2019-08-28,39.269999999999996
2019-08-29,7.900000000000006
2019-08-30,58.71000000000001
2019-08-31,11.070000000000007
2019-09-01,132.79
2019-09-02,159.88
2019-09-03,-38.10000000000001
2019-09-04,-52.230000000000004
2019-09-05,0.8599999999999994
2019-09-06,-45.66
2019-09-07,-36.099999999999994
2019-09-08,-16.080000000000013
2019-09-09,-163.45
2019-09-10,-213.66000000000003
2019-09-11,-127.53999999999999
2019-09-12,-168.5
2019-09-13,-283.07
2019-09-14,-218.15999999999997
2019-09-15,-113.68
2019-09-16,-106.26
2019-09-17,-53.56999999999999
2019-09-18,-27.61
2019-09-19,68.38999999999999
2019-09-20,-36.68000000000001
2019-09-21,-103.1
2019-09-22,-96.0
2019-09-23,38.91000000000001
2019-09-24,28.790000000000006
2019-09-25,38.26000000000002
2019-09-26,-70.44
2019-09-27,-59.510000000000005
2019-09-28,-30.929999999999993
2019-09-29,99.18
2019-09-30,48.370000000000005
2019-10-01,6.559999999999995
2019-10-02,-7.510000000000005
2019-10-03,-56.53
2019-10-04,2.700000000000003
2019-10-05,46.139999999999986
2019-10-06,125.56000000000002
2019-10-07,58.379999999999995
2019-10-08,92.71
2019-10-09,-122.24
2019-10-10,21.590000000000003
2019-10-11,-44.2
2019-10-12,-45.89999999999999
2019-10-13,-53.890000000000015
2019-10-14,-12.260000000000005
2019-10-15,-76.78000000000002
2019-10-16,54.580000000000005
2019-10-17,55.540000000000006
2019-10-18,-33.78
2019-10-19,-104.71000000000001
2019-10-20,-56.87
2019-10-21,-7.339999999999996
2019-10-22,-50.56999999999999
2019-10-23,33.42999999999999
2019-10-24,-49.48
2019-10-25,-132.56
2019-10-26,-113.97000000000001
2019-10-27,28.829999999999984
2019-10-28,-136.41
2019-10-29,71.55
2019-10-30,-8.810000000000002
2019-10-31,38.209999999999994
2019-11-01,-52.94
2019-11-02,54.370000000000005
2019-11-03,35.44000000000001
2019-11-04,7.609999999999999
2019-11-05,14.75
2019-11-06,-108.03
2019-11-07,3.7900000000000063
2019-11-08,67.12
2019-11-09,69.07999999999998
2019-11-10,61.24
2019-11-11,59.47
2019-11-12,9.549999999999997
2019-11-13,50.60999999999999
2019-11-14,-14.129999999999995
2019-11-15,-22.059999999999995
2019-11-16,-75.16999999999999
2019-11-17,96.96000000000001
2019-11-18,-114.28
2019-11-19,-77.98
2019-11-20,-87.01999999999998
2019-11-21,30.03
2019-11-22,-51.14
2019-11-23,-80.64000000000001
2019-11-24,34.45
2019-11-25,-88.23
2019-11-26,-11.280000000000001
2019-11-27,-30.660000000000004
2019-11-28,-30.370000000000005
2019-11-29,-3.019999999999996
2019-11-30,-77.79
2019-12-01,-1.9899999999999949
2019-12-02,-3.489999999999995
2019-12-03,-37.599999999999994
2019-12-04,10.430000000000007
2019-12-05,-19.910000000000004
2019-12-06,43.629999999999995
2019-12-07,49.03999999999999
2019-12-08,199.99
2019-12-09,97.01
2019-12-10,142.85999999999999
2019-12-11,46.66
2019-12-12,15.930000000000007
2019-12-13,101.05000000000001
2019-12-14,29.64
2019-12-15,69.27
2019-12-16,42.169999999999995
2019-12-17,103.60999999999999
2019-12-18,-7.189999999999998
2019-12-19,-51.67
2019-12-20,100.28999999999999
2019-12-21,55.499999999999986
2019-12-22,104.05999999999999
2019-12-23,41.629999999999995
2019-12-24,32.89999999999999
2019-12-25,6.600000000000001
2019-12-26,-27.929999999999993
2019-12-27,-47.019999999999996
2019-12-28,-96.74000000000001
2019-12-29,114.98999999999998
2019-12-30,-87.82
2019-12-31,-6.079999999999998
2020-01-01,86.27
2020-01-02,-25.27000000000001
2020-01-03,-31.650000000000006
2020-01-04,102.38
2020-01-05,94.1
2020-01-06,7.170000000000016
2020-01-07,14.11
2020-01-08,20.63000000000001
2020-01-09,-69.55999999999999
2020-01-10,-80.64999999999999
2020-01-11,-62.77999999999999
2020-01-12,48.33000000000001
2020-01-13,27.739999999999995
2020-01-14,65.81
2020-01-15,-8.150000000000006
2020-01-16,-39.870000000000005
2020-01-17,-45.33999999999999
2020-01-18,-155.84999999999997
2020-01-19,60.900000000000006
2020-01-20,-9.700000000000003
2020-01-21,-98.5
2020-01-22,-61.94
2020-01-23,-37.42999999999999
2020-01-24,-164.34
2020-01-25,-94.99
2020-01-26,-10.400000000000006
2020-01-27,-81.73
2020-01-28,3.530000000000001
2020-01-29,16.700000000000003
2020-01-30,67.47000000000001
2020-01-31,-5.159999999999997
2020-02-01,-11.870000000000005
2020-02-02,-20.33
2020-02-03,14.88000000000001
2020-02-04,13.189999999999998
2020-02-05,-3.1099999999999994
2020-02-06,3.989999999999995
2020-02-07,40.980000000000004
2020-02-08,-74.41000000000001
2020-02-09,17.900000000000006
2020-02-10,23.83
2020-02-11,75.52000000000001
2020-02-12,8.590000000000003
2020-02-13,33.75000000000001
2020-02-14,-6.789999999999992
2020-02-15,-55.46000000000001
2020-02-16,109.27000000000001
2020-02-17,-12.14
2020-02-18,-11.240000000000009
2020-02-19,-85.58000000000001
2020-02-20,-18.5
2020-02-21,-40.78
2020-02-22,72.78000000000002
2020-02-23,20.189999999999998
2020-02-24,-23.22999999999999
2020-02-25,62.900000000000006
2020-02-26,15.739999999999995
2020-02-27,-23.720000000000013
2020-02-28,84.64999999999999
2020-02-29,111.36999999999999
2020-03-01,64.33999999999999
2020-03-02,0.8199999999999932
2020-03-03,53.290000000000006
2020-03-04,114.96999999999998
2020-03-05,46.03999999999999
2020-03-06,50.400000000000006
2020-03-07,-8.950000000000017
2020-03-08,168.08999999999997
2020-03-09,198.86
2020-03-10,239.65
2020-03-11,131.02999999999997
2020-03-12,80.49000000000001
2020-03-13,153.58
2020-03-14,91.69
2020-03-15,379.7
2020-03-16,175.86999999999998
2020-03-17,281.43
2020-03-18,348.9
2020-03-19,342.21999999999997
2020-03-20,408.19
2020-03-21,363.22
2020-03-22,497.5400000000001
2020-03-23,440.39000000000004
2020-03-24,399.58
2020-03-25,331.84000000000003
2020-03-26,537.8
2020-03-27,434.60999999999996
2020-03-28,264.76
2020-03-29,466.89
2020-03-30,65.33999999999997
2020-03-31,281.81999999999994
2020-04-01,287.73
2020-04-02,407.16999999999996
2020-04-03,304.47
2020-04-04,167.78000000000003
2020-04-05,415.84
2020-04-06,226.45999999999998
2020-04-07,12.629999999999995
2020-04-08,9.460000000000036
2020-04-09,-215.96999999999997
2020-04-10,-77.08000000000004
2020-04-11,-103.67000000000007
2020-04-12,-14.720000000000027
2020-04-13,42.02999999999997
2020-04-14,-8.54000000000002
2020-04-15,-214.61999999999995
2020-04-16,-51.65999999999997
2020-04-17,58.31000000000006
2020-04-18,-214.10000000000002
2020-04-19,232.65000000000003
2020-04-20,102.11000000000001
2020-04-21,124.32
2020-04-22,-226.59999999999997
2020-04-23,-34.95999999999998
2020-04-24,-73.71000000000004
2020-04-25,-183.83999999999992
2020-04-26,249.78999999999996
2020-04-27,174.57999999999998
2020-04-28,-44.24000000000001
2020-04-29,21.569999999999993
2020-04-30,-21.80000000000001
2020-05-01,-30.67999999999995
2020-05-02,-170.98000000000002
2020-05-03,-97.56999999999994
2020-05-04,8.060000000000002
2020-05-05,351.97999999999996
2020-05-06,-6.810000000000002
2020-05-07,-69.46000000000004
2020-05-08,-40.5
2020-05-09,27.850000000000023
2020-05-10,-82.56999999999994
2020-05-11,-71.76999999999998
2020-05-12,-69.27000000000004
2020-05-13,47.670000000000016
2020-05-14,-54.48000000000002
2020-05-15,-181.49
2020-05-16,-469.9
2020-05-17,218.44000000000005
2020-05-18,31.730000000000018
2020-05-19,-75.44999999999999
2020-05-20,-19.389999999999986
2020-05-21,-155.61
2020-05-22,31.71999999999997
2020-05-23,-99.79000000000002
2020-05-24,8.78000000000003
2020-05-25,-344.7
2020-05-26,-109.5
2020-05-27,-149.14
2020-05-28,-66.53999999999996
2020-05-29,-195.68000000000006
2020-05-30,-117.91000000000003
2020-05-31,29.83000000000004
2020-06-01,-215.34999999999997
2020-06-02,-295.72
2020-06-03,-220.84999999999997
2020-06-04,-142.98000000000002
2020-06-05,-150.2
2020-06-06,-583.6800000000001
2020-06-07,-120.41000000000003
2020-06-08,-45.02000000000004
2020-06-09,-229.36
2020-06-10,-123.23000000000002
2020-06-11,-101.09999999999997
2020-06-12,-148.32999999999998
2020-06-13,-84.88000000000005
2020-06-14,-65.50999999999999
2020-06-15,-88.87
2020-06-16,-35.410000000000025
2020-06-17,-73.59000000000003
2020-06-18,-103.32
2020-06-19,32.45999999999998
2020-06-20,-41.73000000000002
2020-06-21,186.70999999999998
2020-06-22,2.0600000000000023
2020-06-23,21.97999999999996
2020-06-24,-6.840000000000003
2020-06-25,-9.349999999999994
2020-06-26,-17.090000000000032
2020-06-27,-114.98999999999995
2020-06-28,242.57000000000005
2020-06-29,110.25999999999999
2020-06-30,54.49000000000001
2020-07-01,11.759999999999991
2020-07-02,-43.420000000000016
2020-07-03,38.73000000000002
2020-07-04,-49.70999999999998
2020-07-05,115.60000000000002
2020-07-06,69.50999999999999
2020-07-07,-69.78999999999996
2020-07-08,-3.6299999999999955
2020-07-09,-183.14999999999998
2020-07-10,-256.19000000000005
2020-07-11,-175.62
2020-07-12,237.44
2020-07-13,-96.60999999999999
2020-07-14,83.87999999999997
2020-07-15,127.02000000000001
2020-07-16,53.379999999999995
2020-07-17,278.8399999999999
2020-07-18,-172.24
2020-07-19,338.42
2020-07-20,137.76999999999998
2020-07-21,93.89999999999998
2020-07-22,47.31999999999999
2020-07-23,-129.90999999999997
2020-07-24,-57.49000000000001
2020-07-25,-136.08999999999997
2020-07-26,76.05000000000001
2020-07-27,243.35000000000002
2020-07-28,-3.599999999999966
2020-07-29,102.77999999999997
2020-07-30,48.5
2020-07-31,146.19
2020-08-01,-192.29000000000002
2020-08-02,193.43000000000004
2020-08-03,-37.23999999999995
2020-08-04,38.589999999999975
2020-08-05,-59.71999999999997
2020-08-06,-269.42999999999995
2020-08-07,-112.27000000000004
2020-08-08,-286.57
2020-08-09,-31.22999999999996
2020-08-10,-34.89999999999998
2020-08-11,62.120000000000005
2020-08-12,-79.90000000000003
2020-08-13,-7.529999999999973
2020-08-14,65.94999999999999
2020-08-15,-140.68
2020-08-16,9.93999999999994
2020-08-17,34.81999999999999
2020-08-18,-28.589999999999975
2020-08-19,-91.58999999999997
2020-08-20,-133.82999999999998
2020-08-21,-18.670000000000016
2020-08-22,-188.21000000000004
2020-08-23,109.15999999999997
2020-08-24,-204.42999999999998
2020-08-25,-40.31
2020-08-26,-131.35999999999999
2020-08-27,-96.08999999999997
2020-08-28,-57.150000000000034
2020-08-29,-59.14000000000004
2020-08-30,-92.34000000000003
2020-08-31,-190.04
2020-09-01,2.490000000000009
2020-09-02,-44.890000000000015
2020-09-03,-102.28
2020-09-04,-100.56
2020-09-05,-273.67999999999995
2020-09-06,133.7
2020-09-07,149.69
2020-09-08,-7.400000000000006
2020-09-09,-40.71000000000001
2020-09-10,-67.92999999999998
2020-09-11,19.27000000000001
2020-09-12,-161.35999999999999
2020-09-13,131.76000000000002
2020-09-14,56.94
2020-09-15,91.0
2020-09-16,64.02999999999997
2020-09-17,-47.369999999999976
2020-09-18,-95.35999999999999
2020-09-19,-108.85999999999999
2020-09-20,268.04999999999995
2020-09-21,-27.129999999999995
2020-09-22,-111.73000000000002
2020-09-23,-82.06
2020-09-24,22.24000000000001
2020-09-25,-5.900000000000034
2020-09-26,-349.33000000000004
2020-09-27,-174.3
2020-09-28,-18.99000000000001
2020-09-29,-23.939999999999998
2020-09-30,-10.329999999999984
2020-10-01,22.47
2020-10-02,171.45000000000002
2020-10-03,21.95999999999998
2020-10-04,62.00999999999999
2020-10-05,28.569999999999965
2020-10-06,89.63999999999999
2020-10-07,177.97
2020-10-08,50.50000000000003
2020-10-09,119.28
2020-10-10,-40.22999999999996
2020-10-11,314.58
2020-10-12,163.6
2020-10-13,59.41
2020-10-14,95.56
2020-10-15,-111.13
2020-10-16,65.56
2020-10-17,-155.94
2020-10-18,95.83000000000001
2020-10-19,63.75
2020-10-20,26.23999999999998
2020-10-21,-101.44999999999999
2020-10-22,-222.52
2020-10-23,-202.28
2020-10-24,-203.19
2020-10-25,96.02000000000004
2020-10-26,-39.65999999999997
2020-10-27,-239.81
2020-10-28,-60.77000000000004
2020-10-29,-8.339999999999975
2020-10-30,-119.49000000000001
2020-10-31,-305.78
2020-11-01,-17.99000000000001
2020-11-02,198.06
2020-11-03,-6.509999999999991
2020-11-04,229.51
2020-11-05,102.59
2020-11-06,229.16000000000003
2020-11-07,166.61
2020-11-08,167.41
2020-11-09,20.330000000000013
2020-11-10,33.97999999999999
2020-11-11,84.28999999999999
2020-11-12,45.91
2020-11-13,-5.6499999999999915
2020-11-14,-144.20000000000002
2020-11-15,-75.72
2020-11-16,67.17000000000002
2020-11-17,-37.329999999999984
2020-11-18,-143.55
2020-11-19,-52.78
2020-11-20,43.839999999999975
2020-11-21,-75.68999999999997
2020-11-22,-59.60000000000002
2020-11-23,80.28999999999996
2020-11-24,-108.19
2020-11-25,-26.25
2020-11-26,-232.74
2020-11-27,-213.91000000000003
2020-11-28,-267.71
2020-11-29,4.179999999999978
2020-11-30,-35.879999999999995
2020-12-01,-3.8600000000000136
2020-12-02,-27.55000000000001
2020-12-03,66.11999999999999
2020-12-04,-10.530000000000001
2020-12-05,-77.01000000000002
2020-12-06,109.59999999999997
2020-12-07,73.07999999999998
2020-12-08,104.82999999999998
2020-12-09,-79.88
2020-12-10,25.840000000000032
2020-12-11,-73.72000000000001
2020-12-12,-218.10999999999999
2020-12-13,-36.41999999999996
2020-12-14,-75.6
2020-12-15,-137.53
2020-12-16,-21.430000000000007
2020-12-17,-42.44999999999999
2020-12-18,-2.380000000000024
2020-12-19,-103.74999999999997
2020-12-20,40.25999999999999
2020-12-21,-1.4099999999999966
2020-12-22,-9.149999999999977
2020-12-23,101.16
2020-12-24,41.03000000000003
2020-12-25,32.53
2020-12-26,335.94
2020-12-27,89.08000000000004
2020-12-28,-42.16999999999999
2020-12-29,141.59
2020-12-30,112.41999999999996
2020-12-31,184.82
2021-01-01,288.26
2021-01-02,-188.78000000000003
2021-01-03,137.14000000000001
2021-01-04,94.01000000000002
2021-01-05,72.49000000000001
2021-01-06,-56.06
2021-01-07,-22.37999999999998
2021-01-08,-49.97000000000001
2021-01-09,-81.19
2021-01-10,36.349999999999994
2021-01-11,161.14999999999998
2021-01-12,-61.91999999999999
2021-01-13,-32.59000000000003
2021-01-14,-16.47999999999999
2021-01-15,-549.8499999999999
2021-01-16,-130.67000000000002
2021-01-17,-7.530000000000001
2021-01-18,-126.76000000000002
2021-01-19,-198.27999999999997
2021-01-20,2.2099999999999795
2021-01-21,-148.53000000000003
2021-01-22,1.6100000000000136
2021-01-23,-176.24
2021-01-24,58.06999999999999
2021-01-25,33.23999999999998
2021-01-26,115.12
2021-01-27,126.83999999999999
2021-01-28,45.2
2021-01-29,133.74
2021-01-30,-143.73
2021-01-31,-108.91
2021-02-01,-85.11000000000001
2021-02-02,59.18000000000001
2021-02-03,-12.289999999999992
2021-02-04,-20.569999999999993
2021-02-05,-117.10000000000001
2021-02-06,-110.1
2021-02-07,40.670000000000016
2021-02-08,62.43000000000001
2021-02-09,-224.88
2021-02-10,-167.94
2021-02-11,-70.07
2021-02-12,63.47999999999999
2021-02-13,-111.37
2021-02-14,-88.23999999999998
2021-02-15,-102.14000000000001
2021-02-16,-100.84
2021-02-17,-65.12
2021-02-18,-100.94
2021-02-19,-32.89999999999999
2021-02-20,-92.74
2021-02-21,-8.23999999999998
2021-02-22,-150.45
2021-02-23,-0.4000000000000057
2021-02-24,57.579999999999984
2021-02-25,13.539999999999992
2021-02-26,123.41
2021-02-27,20.349999999999994
2021-02-28,-37.96000000000001
2021-03-01,173.34000000000003
2021-03-02,8.989999999999995
2021-03-03,-18.49000000000001
2021-03-04,-134.81
2021-03-05,51.03
2021-03-06,53.349999999999994
2021-03-07,76.31
2021-03-08,178.19000000000003
2021-03-09,82.9
2021-03-10,47.31
2021-03-11,168.73000000000002
2021-03-12,-0.3400000000000034
2021-03-13,-27.460000000000008
2021-03-14,83.86999999999998
2021-03-15,61.599999999999994
2021-03-16,-99.48
2021-03-17,63.14999999999999
2021-03-18,-43.22999999999999
2021-03-19,-8.960000000000008
2021-03-20,106.60999999999999
2021-03-21,-104.81000000000003
2021-03-22,153.36
2021-03-23,90.09
2021-03-24,49.75999999999999
2021-03-25,-88.97999999999999
2021-03-26,-97.97000000000001
2021-03-27,-141.32
2021-03-28,-172.49
2021-03-29,9.879999999999995
2021-03-30,-74.17000000000002
2021-03-31,-139.21
2021-04-01,-30.61999999999999
2021-04-02,22.27000000000001
2021-04-03,-95.38999999999999
2021-04-04,3.530000000000001
2021-04-05,94.14
2021-04-06,-62.42999999999999
2021-04-07,25.419999999999987
2021-04-08,-96.59
2021-04-09,-186.21999999999997
2021-04-10,-14.329999999999984
2021-04-11,25.189999999999998
2021-04-12,-123.93
2021-04-13,-13.420000000000002
2021-04-14,-76.92000000000002
2021-04-15,2.940000000000012
2021-04-16,-0.9300000000000068
2021-04-17,-47.95
2021-04-18,-48.79999999999998
2021-04-19,-29.159999999999997
2021-04-20,-46.040000000000006
2021-04-21,24.61999999999999
2021-04-22,-59.79000000000002
2021-04-23,-17.939999999999998
2021-04-24,-134.03
2021-04-25,-74.64999999999999
2021-04-26,-40.47
2021-04-27,-40.02000000000001
2021-04-28,-12.769999999999996
2021-04-29,38.27999999999999
2021-04-30,-12.820000000000007
2021-05-01,-192.70000000000002
2021-05-02,114.9
2021-05-03,184.45
2021-05-04,54.08
2021-05-05,64.95999999999998
2021-05-06,55.53999999999999
2021-05-07,62.36999999999999
2021-05-08,5.319999999999993
2021-05-09,22.950000000000003
2021-05-10,78.81000000000002
2021-05-11,75.17999999999999
2021-05-12,7.88000000000001
2021-05-13,-8.189999999999998
2021-05-14,23.760000000000005
2021-05-15,-53.150000000000006
2021-05-16,44.769999999999996
2021-05-17,-36.47999999999999
2021-05-18,-5.890000000000001
2021-05-19,-5.6299999999999955
2021-05-20,63.39
2021-05-21,1.0900000000000034
2021-05-22,-103.66
2021-05-23,-115.44999999999999
2021-05-24,64.22000000000001
2021-05-25,-31.289999999999992
2021-05-26,-70.72999999999999
2021-05-27,-100.16
2021-05-28,37.68000000000001
2021-05-29,-94.32000000000001
2021-05-30,-77.35000000000001
2021-05-31,-101.19999999999999
2021-06-01,97.73
2021-06-02,-11.340000000000003
2021-06-03,9.329999999999998
2021-06-04,14.200000000000003
2021-06-05,-81.25
2021-06-06,-6.179999999999993
2021-06-07,15.02000000000001
2021-06-08,-37.879999999999995
2021-06-09,-57.370000000000005
2021-06-10,13.939999999999998
2021-06-11,16.89999999999999
2021-06-12,-118.38
2021-06-13,-55.900000000000006
2021-06-14,-28.36999999999999
2021-06-15,37.71000000000001
2021-06-16,34.58
2021-06-17,-77.42000000000002
2021-06-18,121.69
2021-06-19,-27.200000000000003
2021-06-20,21.159999999999997
2021-06-21,-2.319999999999993
2021-06-22,16.689999999999998
2021-06-23,-49.16
2021-06-24,45.040000000000006
2021-06-25,44.37
2021-06-26,-49.61
2021-06-27,191.44
2021-06-28,58.66
2021-06-29,-57.33999999999999
2021-06-30,10.77000000000001
2021-07-01,-15.079999999999998
2021-07-02,69.65
2021-07-03,-45.379999999999995
2021-07-04,42.83999999999999
2021-07-05,35.41
2021-07-06,94.75000000000001
2021-07-07,-37.21
2021-07-08,-74.63
2021-07-09,20.049999999999997
2021-07-10,17.75
2021-07-11,-55.19000000000001
2021-07-12,44.110000000000014
2021-07-13,132.07
2021-07-14,-14.36
2021-07-15,60.94
2021-07-16,67.56
2021-07-17,-176.39
2021-07-18,48.120000000000005
2021-07-19,29.47999999999999
2021-07-20,-3.280000000000001
2021-07-21,102.53
2021-07-22,-41.99000000000001
2021-07-23,56.50999999999999
2021-07-24,-70.75999999999999
2021-07-25,25.25999999999999
2021-07-26,-74.13000000000001
2021-07-27,75.32000000000002
2021-07-28,84.97
2021-07-29,60.10000000000001
2021-07-30,19.840000000000003
2021-07-31,-2.5700000000000074
2021-08-01,-19.02000000000001
2021-08-02,-67.77
2021-08-03,-20.870000000000005
2021-08-04,-86.42999999999999
2021-08-05,38.29999999999998
2021-08-06,-19.36
2021-08-07,-158.69
2021-08-08,137.49
2021-08-09,4.590000000000003
2021-08-10,214.68
2021-08-11,4.969999999999999
2021-08-12,-48.269999999999996
2021-08-13,12.090000000000003
2021-08-14,-74.41
2021-08-15,-33.69
2021-08-16,-1.3700000000000045
2021-08-17,-38.94
2021-08-18,-31.17
2021-08-19,-54.86
2021-08-20,-31.0
2021-08-21,-54.33
2021-08-22,180.10000000000002
2021-08-23,100.15
2021-08-24,19.379999999999995
2021-08-25,-104.82999999999998
2021-08-26,-52.220000000000006
2021-08-27,11.619999999999997
2021-08-28,-94.00999999999999
2021-08-29,-29.77000000000001
2021-08-30,-322.12
2021-08-31,70.70000000000002
2021-09-01,-1.6500000000000057
2021-09-02,-28.650000000000006
2021-09-03,-7.310000000000002
2021-09-04,-12.960000000000008
2021-09-05,98.53999999999999
2021-09-06,108.61000000000001
2021-09-07,52.63000000000001
2021-09-08,40.08
2021-09-09,-28.459999999999994
2021-09-10,1.4599999999999937
2021-09-11,-208.36
2021-09-12,-25.659999999999997
2021-09-13,122.25000000000001
2021-09-14,61.579999999999984
2021-09-15,52.03000000000001
2021-09-16,-24.759999999999998
2021-09-17,-64.02
2021-09-18,-41.339999999999996
2021-09-19,13.900000000000006
2021-09-20,-7.460000000000008
2021-09-21,107.34000000000002
2021-09-22,25.89
2021-09-23,-9.219999999999999
2021-09-24,8.060000000000002
2021-09-25,-146.87
2021-09-26,-113.58000000000001
2021-09-27,77.64999999999998
2021-09-28,7.640000000000001
2021-09-29,47.739999999999995
2021-09-30,70.31
2021-10-01,-7.489999999999995
2021-10-02,-52.02000000000001
2021-10-03,-42.85000000000002
2021-10-04,12.27000000000001
2021-10-05,-9.790000000000006
2021-10-06,100.77000000000001
2021-10-07,17.480000000000004
2021-10-08,32.839999999999996
2021-10-09,156.96
2021-10-10,-37.010000000000005
2021-10-11,-110.51000000000002
2021-10-12,-8.120000000000005
2021-10-13,32.02000000000001
2021-10-14,7.480000000000004
2021-10-15,-17.659999999999997
2021-10-16,-21.930000000000007
2021-10-17,-5.399999999999977
2021-10-18,33.47000000000001
2021-10-19,-30.679999999999993
2021-10-20,-82.68
2021-10-21,-19.099999999999994
2021-10-22,1.4500000000000028
2021-10-23,-96.85
2021-10-24,37.889999999999986
2021-10-25,5.480000000000004
2021-10-26,-46.08
2021-10-27,-37.20000000000001
2021-10-28,-6.200000000000003
2021-10-29,-171.26000000000002
2021-10-30,-61.019999999999996
2021-10-31,12.16000000000001
2021-11-01,45.64999999999999
2021-11-02,-0.37000000000000455
2021-11-03,94.22999999999999
2021-11-04,91.61000000000001
2021-11-05,124.71000000000001
2021-11-06,-32.45000000000002
2021-11-07,104.56999999999996
2021-11-08,289.43
2021-11-09,89.99000000000001
2021-11-10,-30.730000000000004
2021-11-11,-36.07000000000001
2021-11-12,133.42000000000002
2021-11-13,-106.71
2021-11-14,70.78999999999999
2021-11-15,8.450000000000003
2021-11-16,48.589999999999996
2021-11-17,24.39
2021-11-18,64.45000000000002
2021-11-19,59.09
2021-11-20,94.96999999999998
2021-11-21,-48.39999999999999
2021-11-22,-18.629999999999995
2021-11-23,-89.92999999999999
2021-11-24,-25.680000000000007
2021-11-25,-153.19
2021-11-26,-147.69
2021-11-27,-219.89
2021-11-28,-237.28
2021-11-29,-46.040000000000006
2021-11-30,78.24
2021-12-01,42.760000000000005
2021-12-02,-112.34
2021-12-03,140.36
2021-12-04,-3.509999999999991
2021-12-05,65.65
2021-12-06,-22.269999999999996
2021-12-07,6.900000000000006
2021-12-08,-47.57000000000001
2021-12-09,-60.900000000000006
2021-12-10,-113.76999999999998
2021-12-11,-2.8100000000000023
2021-12-12,92.41999999999999
2021-12-13,115.83
2021-12-14,-54.96000000000001
2021-12-15,45.459999999999994
2021-12-16,94.18
2021-12-17,86.48
2021-12-18,-14.64
2021-12-19,81.89
2021-12-20,1.480000000000004
2021-12-21,55.749999999999986
2021-12-22,40.389999999999986
2021-12-23,-48.03
2021-12-24,-71.0
2021-12-25,29.73999999999998
2021-12-26,181.84999999999997
2021-12-27,57.629999999999995
2021-12-28,19.61
2021-12-29,24.710000000000008
2021-12-30,52.72999999999999
2021-12-31,47.13000000000001
2022-01-01,-14.949999999999989
2022-01-02,-57.46000000000001
2022-01-03,70.44
2022-01-04,88.28000000000002
2022-01-05,-41.07000000000001
2022-01-06,104.16999999999999
2022-01-07,-54.05
2022-01-08,-46.24000000000001
2022-01-09,-3.4599999999999937
2022-01-10,-43.91999999999999
2022-01-11,-53.239999999999995
2022-01-12,-79.57
2022-01-13,-41.620000000000005
2022-01-14,-129.66
2022-01-15,-101.99999999999997
2022-01-16,328.32000000000005
2022-01-17,61.099999999999994
2022-01-18,-7.180000000000007
2022-01-19,-60.41
2022-01-20,-59.16
2022-01-21,-43.55
2022-01-22,-104.5
2022-01-23,-23.879999999999995
2022-01-24,81.4
2022-01-25,79.8
2022-01-26,-88.32
2022-01-27,107.47999999999999
2022-01-28,-10.109999999999985
2022-01-29,11.059999999999988
2022-01-30,59.74000000000001
2022-01-31,107.26
2022-02-01,51.56
2022-02-02,43.730000000000004
2022-02-03,19.930000000000007
2022-02-04,1.6699999999999875
2022-02-05,-396.47
2022-02-06,-53.25999999999999
2022-02-07,20.269999999999996
2022-02-08,44.56999999999999
2022-02-09,10.549999999999997
2022-02-10,-41.66000000000001
2022-02-11,15.170000000000009
2022-02-12,-37.45
2022-02-13,-118.04000000000002
2022-02-14,10.930000000000007
2022-02-15,-37.32000000000001
2022-02-16,-90.97999999999999
2022-02-17,-22.24000000000001
2022-02-18,53.93000000000001
2022-02-19,-40.19
2022-02-20,-50.94
2022-02-21,-29.33
2022-02-22,79.26
2022-02-23,-3.9200000000000017
2022-02-24,-14.889999999999986
2022-02-25,50.33
2022-02-26,54.04999999999998
2022-02-27,63.11999999999999
2022-02-28,51.24000000000001
2022-03-01,104.57000000000001
2022-03-02,50.5
2022-03-03,137.14
2022-03-04,133.82
2022-03-05,57.53999999999999
2022-03-06,-59.59
2022-03-07,55.239999999999995
2022-03-08,91.15
2022-03-09,35.49000000000001
2022-03-10,-29.72
2022-03-11,93.16
2022-03-12,40.19
2022-03-13,238.68
2022-03-14,42.26999999999998
2022-03-15,64.69000000000001
2022-03-16,59.97999999999999
2022-03-17,-23.77000000000001
2022-03-18,-4.4599999999999795
2022-03-19,-59.499999999999986
2022-03-20,-5.349999999999994
2022-03-21,51.78
2022-03-22,2.6500000000000057
2022-03-23,-88.25999999999999
2022-03-24,-90.86000000000001
2022-03-25,-3.969999999999999
2022-03-26,61.860000000000014
2022-03-27,232.0
2022-03-28,157.04000000000002
2022-03-29,51.34
2022-03-30,-45.34
2022-03-31,-151.11
2022-04-01,-59.769999999999996
2022-04-02,-192.54
2022-04-03,-156.72
2022-04-04,-38.66000000000001
2022-04-05,-89.77
2022-04-06,30.390000000000015
2022-04-07,-0.2300000000000182
2022-04-08,23.849999999999994
2022-04-09,-69.32000000000001
2022-04-10,84.21000000000001
2022-04-11,103.72
2022-04-12,-13.439999999999998
2022-04-13,-37.79999999999998
2022-04-14,-66.72
2022-04-15,-105.72000000000001
2022-04-16,-311.49
2022-04-17,-216.72000000000003
2022-04-18,-100.9
2022-04-19,170.89
2022-04-20,13.219999999999999
2022-04-21,-25.24000000000001
2022-04-22,-11.780000000000001
2022-04-23,46.28
2022-04-24,16.200000000000003
2022-04-25,0.010000000000005116
2022-04-26,-38.150000000000006
2022-04-27,-101.64999999999999
2022-04-28,-44.53
2022-04-29,33.730000000000004
2022-04-30,-42.54000000000002
2022-05-01,-90.86000000000001
2022-05-02,-3.7900000000000063
2022-05-03,13.209999999999994
2022-05-04,-18.50999999999999
2022-05-05,-10.439999999999998
2022-05-06,127.29
2022-05-07,3.0400000000000063
2022-05-08,214.92999999999998
2022-05-09,-178.26999999999998
2022-05-10,40.68000000000001
2022-05-11,12.969999999999999
2022-05-12,-3.8300000000000125
2022-05-13,27.900000000000006
2022-05-14,-0.9900000000000091
2022-05-15,57.329999999999984
2022-05-16,-5.689999999999998
2022-05-17,31.840000000000003
2022-05-18,17.620000000000005
2022-05-19,31.47
2022-05-20,-96.38
2022-05-21,6.880000000000024
2022-05-22,148.07
2022-05-23,32.13000000000001
2022-05-24,12.009999999999991
2022-05-25,12.969999999999999
2022-05-26,-79.94
2022-05-27,36.60000000000001
2022-05-28,-246.23999999999998
2022-05-29,-18.49000000000001
2022-05-30,-52.760000000000005
2022-05-31,-29.11999999999999
2022-06-01,16.930000000000007
2022-06-02,4.1299999999999955
2022-06-03,32.97
2022-06-04,-95.52999999999999
2022-06-05,15.579999999999984
2022-06-06,26.039999999999992
2022-06-07,69.82000000000001
2022-06-08,-47.46000000000001
2022-06-09,-73.01
2022-06-10,-63.620000000000005
2022-06-11,-167.24
2022-06-12,-11.450000000000017
2022-06-13,-40.41999999999999
2022-06-14,19.730000000000004
2022-06-15,8.259999999999991
2022-06-16,44.51999999999998
2022-06-17,46.57000000000001
2022-06-18,64.64000000000001
2022-06-19,101.50000000000001
2022-06-20,92.51999999999998
2022-06-21,-21.549999999999983
2022-06-22,-47.16
2022-06-23,-66.89
2022-06-24,23.159999999999997
2022-06-25,-48.389999999999986
2022-06-26,112.60000000000001
2022-06-27,-26.710000000000008
2022-06-28,19.830000000000013
2022-06-29,23.220000000000013
2022-06-30,64.72
2022-07-01,97.57
2022-07-02,6.6299999999999955
2022-07-03,40.579999999999984
2022-07-04,189.20999999999998
2022-07-05,-24.22999999999999
2022-07-06,-98.02
2022-07-07,-14.620000000000005
2022-07-08,-39.63000000000001
2022-07-09,-80.32000000000001
2022-07-10,44.880000000000024
2022-07-11,60.19
2022-07-12,29.700000000000003
2022-07-13,-44.13999999999999
2022-07-14,91.17
2022-07-15,119.21000000000001
2022-07-16,-24.97
2022-07-17,54.78
2022-07-18,52.97999999999999
2022-07-19,41.849999999999994
2022-07-20,-45.040000000000006
2022-07-21,-44.97
2022-07-22,7.8700000000000045
2022-07-23,-34.959999999999994
2022-07-24,-100.25999999999999
2022-07-25,4.030000000000001
2022-07-26,3.160000000000011
2022-07-27,88.32000000000001
2022-07-28,6.670000000000002
2022-07-29,26.059999999999988
2022-07-30,-148.58
2022-07-31,-81.46000000000001
2022-08-01,14.649999999999991
2022-08-02,43.839999999999996
2022-08-03,-87.34
2022-08-04,-132.34
2022-08-05,-107.47
2022-08-06,69.72
2022-08-07,4.159999999999997
2022-08-08,50.69999999999999
2022-08-09,75.72000000000001
2022-08-10,-48.459999999999994
2022-08-11,-39.459999999999994
2022-08-12,-52.44
2022-08-13,-97.42999999999999
2022-08-14,-25.540000000000006
2022-08-15,50.94999999999999
2022-08-16,-78.05000000000001
2022-08-17,-35.230000000000004
2022-08-18,-37.55999999999999
2022-08-19,36.769999999999996
2022-08-20,-69.49000000000001
2022-08-21,8.330000000000013
2022-08-22,72.36000000000001
2022-08-23,-22.379999999999995
2022-08-24,58.859999999999985
2022-08-25,-41.06
2022-08-26,-143.56
2022-08-27,-90.80999999999999
2022-08-28,-89.12
2022-08-29,-91.53000000000002
2022-08-30,-1.0699999999999932
2022-08-31,27.099999999999994
2022-09-01,27.38000000000001
2022-09-02,-46.91
2022-09-03,-29.36
2022-09-04,-50.25999999999999
2022-09-05,54.75
2022-09-06,15.780000000000001
2022-09-07,-5.010000000000005
2022-09-08,-50.87
2022-09-09,16.68
2022-09-10,-84.87
2022-09-11,-27.07000000000002
2022-09-12,69.06
2022-09-13,-41.94
2022-09-14,50.36
2022-09-15,-3.299999999999997
2022-09-16,27.00999999999999
2022-09-17,-12.779999999999987
2022-09-18,33.64999999999999
2022-09-19,-18.14
2022-09-20,-47.849999999999994
2022-09-21,-5.050000000000011
2022-09-22,73.96999999999998
2022-09-23,68.15
2022-09-24,19.0
2022-09-25,-30.730000000000004
2022-09-26,-5.590000000000003
2022-09-27,107.32
2022-09-28,108.16999999999999
2022-09-29,27.090000000000003
2022-09-30,128.06
2022-10-01,-40.02999999999999
2022-10-02,133.90999999999997
2022-10-03,50.68000000000001
2022-10-04,32.05999999999999
2022-10-05,34.66000000000001
2022-10-06,45.67
2022-10-07,13.83999999999999
2022-10-08,-30.359999999999985
2022-10-09,63.03
2022-10-10,102.79
2022-10-11,84.97
2022-10-12,47.650000000000006
2022-10-13,35.150000000000006
2022-10-14,66.56
2022-10-15,-7.559999999999988
2022-10-16,122.83
2022-10-17,-65.82
2022-10-18,-82.44
2022-10-19,-22.460000000000008
2022-10-20,-114.49000000000001
2022-10-21,5.420000000000002
2022-10-22,-223.95999999999998
2022-10-23,-5.969999999999999
2022-10-24,19.5
2022-10-25,-48.290000000000006
2022-10-26,-84.16
2022-10-27,10.969999999999999
2022-10-28,103.47999999999999
2022-10-29,-41.09
2022-10-30,-66.42
2022-10-31,5.280000000000001
2022-11-01,-59.36999999999999
2022-11-02,-70.82000000000001
2022-11-03,-40.20000000000002
2022-11-04,1.6699999999999875
2022-11-05,-142.41
2022-11-06,-12.519999999999996
2022-11-07,172.17000000000002
2022-11-08,52.94
2022-11-09,68.25
2022-11-10,12.22999999999999
2022-11-11,111.66
2022-11-12,58.16999999999999
2022-11-13,60.44
2022-11-14,110.57000000000001
2022-11-15,10.280000000000001
2022-11-16,-42.959999999999994
2022-11-17,-113.07
2022-11-18,46.359999999999985
2022-11-19,-4.38000000000001
2022-11-20,94.4
2022-11-21,-5.25
2022-11-22,27.310000000000002
2022-11-23,42.650000000000006
2022-11-24,104.18
2022-11-25,122.88
2022-11-26,2.6700000000000017
2022-11-27,-72.20000000000002
2022-11-28,59.45000000000002
2022-11-29,-56.08
2022-11-30,-29.669999999999987
2022-12-01,-6.869999999999976
2022-12-02,-150.2
2022-12-03,-145.43
2022-12-04,123.53999999999999
2022-12-05,92.04999999999998
2022-12-06,-2.1499999999999915
2022-12-07,60.150000000000006
2022-12-08,-51.579999999999984
2022-12-09,3.710000000000008
2022-12-10,-194.53
2022-12-11,100.83
2022-12-12,44.18999999999998
2022-12-13,-61.03
2022-12-14,-105.35
2022-12-15,-74.30999999999999
2022-12-16,-20.24000000000001
2022-12-17,-88.55999999999999
2022-12-18,-79.93
2022-12-19,-3.25
2022-12-20,-17.060000000000002
2022-12-21,-29.480000000000018
2022-12-22,50.66
2022-12-23,0.8400000000000034
2022-12-24,-265.75
2022-12-25,156.45
2022-12-26,64.60999999999999
2022-12-27,-81.74000000000001
2022-12-28,4.090000000000003
2022-12-29,9.379999999999995
2022-12-30,138.3
2022-12-31,-60.28
2023-01-01,263.68
2023-01-02,62.98000000000002
2023-01-03,-3.3900000000000006
2023-01-04,-0.75
2023-01-05,76.94
2023-01-06,74.11999999999999
2023-01-07,65.50999999999999
2023-01-08,117.58
2023-01-09,79.62
2023-01-10,238.76999999999998
2023-01-11,264.85
2023-01-12,104.98
2023-01-13,68.59
2023-01-14,-166.92
2023-01-15,91.39000000000001
2023-01-16,96.77000000000001
2023-01-17,-12.420000000000002
2023-01-18,186.53000000000003
2023-01-19,-93.21000000000001
2023-01-20,-42.89
2023-01-21,-343.82
2023-01-22,73.44999999999996
2023-01-23,208.65000000000003
2023-01-24,9.079999999999998
2023-01-25,-62.629999999999995
2023-01-26,-86.35
2023-01-27,-57.739999999999995
2023-01-28,-90.64999999999999
2023-01-29,72.70999999999998
2023-01-30,-195.42
2023-01-31,-205.35000000000002
2023-02-01,-51.91
2023-02-02,-24.91000000000001
2023-02-03,-60.859999999999985
2023-02-04,-161.86
2023-02-05,-75.65
2023-02-06,145.55
2023-02-07,-119.88000000000002
2023-02-08,33.53999999999999
2023-02-09,9.170000000000002
2023-02-10,10.259999999999991
2023-02-11,-140.11999999999998
2023-02-12,-271.76000000000005
2023-02-13,-53.230000000000004
2023-02-14,-7.6499999999999915
2023-02-15,128.07
2023-02-16,112.27999999999999
2023-02-17,-16.38000000000001
2023-02-18,-71.94999999999999
2023-02-19,-89.71999999999998
2023-02-20,-69.37
2023-02-21,-68.31
2023-02-22,23.340000000000018
2023-02-23,72.52000000000001
2023-02-24,-17.47
2023-02-25,-32.82
2023-02-26,-140.89
2023-02-27,-59.72
2023-02-28,-51.25
2023-03-01,-49.730000000000004
2023-03-02,59.01000000000002
2023-03-03,-28.61
2023-03-04,55.339999999999996
2023-03-05,50.24000000000001
2023-03-06,-16.99000000000001
2023-03-07,-103.32
2023-03-08,-151.48999999999998
2023-03-09,1.190000000000012
2023-03-10,14.110000000000014
2023-03-11,10.379999999999995
2023-03-12,-25.39999999999999
2023-03-13,157.53
2023-03-14,106.04999999999998
2023-03-15,-22.80000000000001
2023-03-16,109.32
2023-03-17,178.6
2023-03-18,2.019999999999996
2023-03-19,83.29999999999998
2023-03-20,70.30000000000001
2023-03-21,23.36
2023-03-22,56.47
2023-03-23,99.95
2023-03-24,53.980000000000004
2023-03-25,12.659999999999982
2023-03-26,64.31000000000002
2023-03-27,44.53
2023-03-28,46.08999999999999
2023-03-29,28.0
2023-03-30,-84.55000000000001
2023-03-31,33.35000000000001
2023-04-01,54.769999999999996
2023-04-02,181.26
2023-04-03,-96.0
2023-04-04,-11.0
2023-04-05,-83.15999999999998
2023-04-06,-196.13
2023-04-07,-14.759999999999991
2023-04-08,-89.49999999999999
2023-04-09,51.51999999999998
2023-04-10,13.960000000000008
2023-04-11,-59.920000000000016
2023-04-12,-80.18
2023-04-13,94.33000000000001
2023-04-14,-94.74999999999999
2023-04-15,-102.65
2023-04-16,137.25
2023-04-17,-66.42999999999999
2023-04-18,59.510000000000005
2023-04-19,46.21000000000001
2023-04-20,-46.010000000000005
2023-04-21,0.01999999999999602
2023-04-22,-293.93
2023-04-23,-22.739999999999995
2023-04-24,-4.960000000000008
2023-04-25,2.739999999999995
2023-04-26,94.66999999999999
2023-04-27,91.60999999999999
2023-04-28,-30.370000000000005
2023-04-29,-116.22999999999999
2023-04-30,92.43
2023-05-01,279.65
2023-05-02,139.74
2023-05-03,-118.13000000000002
2023-05-04,66.8
2023-05-05,50.53000000000001
2023-05-06,-191.97
2023-05-07,101.07999999999998
2023-05-08,124.81999999999996
2023-05-09,34.06999999999999
2023-05-10,-29.47
2023-05-11,37.010000000000005
2023-05-12,76.52
2023-05-13,122.39999999999999
2023-05-14,39.98000000000002
2023-05-15,-12.150000000000006
2023-05-16,-67.92999999999999
2023-05-17,-43.469999999999985
2023-05-18,116.74
2023-05-19,17.53
2023-05-20,-2.480000000000018
2023-05-21,-106.57999999999998
2023-05-22,149.14999999999998
2023-05-23,17.07000000000002
2023-05-24,196.54000000000002
2023-05-25,136.91
2023-05-26,133.2
2023-05-27,2.490000000000009
2023-05-28,-69.84999999999997
2023-05-29,-82.67
2023-05-30,41.58999999999999
2023-05-31,109.57000000000002
2023-06-01,-81.66
2023-06-02,-153.56
2023-06-03,-126.28
2023-06-04,51.629999999999995
2023-06-05,65.86999999999999
2023-06-06,-50.910000000000004
2023-06-07,-91.78999999999999
2023-06-08,-14.670000000000002
2023-06-09,-148.45999999999998
2023-06-10,-264.06
2023-06-11,-308.44
2023-06-12,47.389999999999986
2023-06-13,-190.58000000000004
2023-06-14,-90.42000000000002
2023-06-15,-149.29
2023-06-16,-98.33
2023-06-17,-180.14000000000001
2023-06-18,45.97
2023-06-19,165.97
2023-06-20,-51.71000000000001
2023-06-21,-43.230000000000004
2023-06-22,-23.730000000000004
2023-06-23,10.749999999999993
2023-06-24,10.27000000000001
2023-06-25,207.24
2023-06-26,88.27000000000001
2023-06-27,8.959999999999994
2023-06-28,56.16000000000001
2023-06-29,59.769999999999996
2023-06-30,32.459999999999994
2023-07-01,-3.469999999999999
2023-07-02,-80.47999999999999
2023-07-03,-45.64
2023-07-04,-86.60999999999999
2023-07-05,66.28
2023-07-06,-15.809999999999995
2023-07-07,32.18
2023-07-08,13.220000000000013
2023-07-09,-205.19
2023-07-10,-173.9
2023-07-11,-27.57
2023-07-12,16.47
2023-07-13,1.9300000000000068
2023-07-14,45.650000000000006
2023-07-15,-287.08
2023-07-16,-71.60000000000001
2023-07-17,27.989999999999995
2023-07-18,-48.780000000000015
2023-07-19,-80.8
2023-07-20,163.33
2023-07-21,-6.019999999999996
2023-07-22,-42.09
2023-07-23,77.13
2023-07-24,44.86
2023-07-25,-99.52000000000001
2023-07-26,179.73999999999998
2023-07-27,1.7999999999999972
2023-07-28,-57.23000000000002
2023-07-29,36.47
2023-07-30,117.25
2023-07-31,43.37
2023-08-01,62.56999999999999
2023-08-02,45.64
2023-08-03,-144.44
2023-08-04,7.409999999999997
2023-08-05,-26.659999999999997
2023-08-06,-70.65999999999998
2023-08-07,-44.91
2023-08-08,12.780000000000001
2023-08-09,-182.93
2023-08-10,-34.04
2023-08-11,88.49000000000001
2023-08-12,-69.16999999999999
2023-08-13,-41.650000000000006
2023-08-14,198.77
2023-08-15,-167.18
2023-08-16,33.22000000000001
2023-08-17,19.460000000000008
2023-08-18,-71.41999999999999
2023-08-19,-96.58000000000001
2023-08-20,60.27000000000001
2023-08-21,-21.650000000000006
2023-08-22,-68.9
2023-08-23,79.0
2023-08-24,15.89
2023-08-25,84.71
2023-08-26,86.84999999999998
2023-08-27,50.150000000000006
2023-08-28,20.239999999999995
2023-08-29,-8.049999999999997
2023-08-30,20.199999999999996
2023-08-31,-3.160000000000025
2023-09-01,-15.899999999999999
2023-09-02,77.47000000000001
2023-09-03,-55.56999999999999
2023-09-04,-12.04
2023-09-05,-62.16000000000001
2023-09-06,-60.79
2023-09-07,58.73
2023-09-08,-22.800000000000004
2023-09-09,-75.68
2023-09-10,-59.87999999999998
2023-09-11,29.49000000000001
2023-09-12,-41.500000000000014
2023-09-13,56.44
2023-09-14,-25.659999999999997
2023-09-15,-108.44999999999999
2023-09-16,-80.44
2023-09-17,62.50999999999999
2023-09-18,-5.380000000000003
2023-09-19,79.78
2023-09-20,-84.27999999999999
2023-09-21,49.10999999999999
2023-09-22,-98.69000000000001
2023-09-23,-127.98000000000002
2023-09-24,20.840000000000003
2023-09-25,-51.7
2023-09-26,102.44999999999999
2023-09-27,54.379999999999995
2023-09-28,74.84
2023-09-29,70.30000000000001
2023-09-30,43.53999999999999
2023-10-01,60.97
2023-10-02,-22.679999999999993
2023-10-03,-32.50999999999999
2023-10-04,70.25999999999999
2023-10-05,-15.699999999999996
2023-10-06,66.44999999999999
2023-10-07,-43.25999999999999
2023-10-08,165.08
2023-10-09,117.41
2023-10-10,60.41000000000001
2023-10-11,86.28000000000002
2023-10-12,146.91000000000003
2023-10-13,5.780000000000001
2023-10-14,8.259999999999998
2023-10-15,498.10999999999996
2023-10-16,-7.1699999999999875
2023-10-17,-52.239999999999995
2023-10-18,-21.560000000000002
2023-10-19,143.56999999999996
2023-10-20,173.69
2023-10-21,-61.11
2023-10-22,82.27000000000001
2023-10-23,50.47
2023-10-24,-102.07999999999998
2023-10-25,76.22
2023-10-26,-57.55
2023-10-27,0.7900000000000063
2023-10-28,-171.83
2023-10-29,-196.29
2023-10-30,20.819999999999993
2023-10-31,-150.39000000000001
2023-11-01,-57.70000000000002
2023-11-02,-0.6199999999999974
2023-11-03,1.6299999999999955
2023-11-04,-478.03999999999996
2023-11-05,-51.030000000000015
2023-11-06,245.07999999999998
2023-11-07,32.260000000000005
2023-11-08,-160.30999999999997
2023-11-09,-144.78
2023-11-10,45.91999999999999
2023-11-11,-105.23000000000002
2023-11-12,-5.8300000000000125
2023-11-13,36.33999999999999
2023-11-14,74.23
2023-11-15,30.909999999999997
2023-11-16,59.05999999999999
2023-11-17,111.51000000000002
2023-11-18,-5.050000000000004
2023-11-19,-39.75
2023-11-20,0.519999999999996
2023-11-21,163.42000000000002
2023-11-22,7.810000000000002
2023-11-23,-56.58
2023-11-24,59.88
2023-11-25,-38.76
2023-11-26,-215.32999999999998
2023-11-27,-33.510000000000005
2023-11-28,-17.510000000000005
2023-11-29,-58.95
2023-11-30,19.760000000000005
2023-12-01,-15.700000000000003
2023-12-02,-88.66999999999999
2023-12-03,3.1000000000000085
2023-12-04,-147.25
2023-12-05,259.35
2023-12-06,-61.109999999999985
2023-12-07,-94.93
2023-12-08,1.8800000000000026
2023-12-09,-34.35000000000001
2023-12-10,135.9
2023-12-11,-178.42000000000002
2023-12-12,-29.0
2023-12-13,80.34
2023-12-14,-4.709999999999994
2023-12-15,14.89
2023-12-16,-75.58
2023-12-17,5.670000000000002
2023-12-18,162.92000000000002
2023-12-19,548.61
2023-12-20,-78.23
2023-12-21,57.62
2023-12-22,-4.349999999999994
2023-12-23,55.27000000000001
2023-12-24,31.980000000000004
2023-12-25,-253.82000000000002
2023-12-26,23.060000000000002
2023-12-27,72.07
2023-12-28,103.92
2023-12-29,17.560000000000002
2023-12-30,-47.49000000000001
2023-12-31,104.27999999999999
2024-01-01,73.53
2024-01-02,42.78999999999999
2024-01-03,72.53
2024-01-04,57.449999999999996
2024-01-05,54.519999999999996
2024-01-06,50.610000000000014
2024-01-07,-253.83
2024-01-08,-478.81
2024-01-09,956.8900000000001
2024-01-10,-22.39
2024-01-11,4.979999999999997
2024-01-12,-97.73000000000002
2024-01-13,9.799999999999997
2024-01-14,52.540000000000006
2024-01-15,-31.090000000000003
2024-01-16,102.66999999999999
2024-01-17,-98.63000000000001
2024-01-18,13.86
2024-01-19,16.05000000000001
2024-01-20,-163.53
2024-01-21,31.559999999999988
2024-01-22,36.98000000000002
2024-01-23,-90.84
2024-01-24,-26.929999999999993
2024-01-25,8.079999999999998
2024-01-26,-60.07000000000001
2024-01-27,69.76
2024-01-28,-44.16
2024-01-29,-813.8000000000001
2024-01-30,70.67000000000002
2024-01-31,24.760000000000005
2024-02-01,21.14
2024-02-02,-37.83
2024-02-03,-31.28
2024-02-04,133.28
2024-02-05,-38.78999999999999
2024-02-06,39.39
2024-02-07,57.16
2024-02-08,6.359999999999985
2024-02-09,9.850000000000001
2024-02-10,-86.38999999999999
2024-02-11,40.75999999999999
2024-02-12,143.56
2024-02-13,91.3
2024-02-14,-27.639999999999986
2024-02-15,-2.260000000000005
2024-02-16,-22.360000000000007
2024-02-17,38.579999999999984
2024-02-18,96.47
2024-02-19,-55.500000000000014
2024-02-20,68.18999999999998
2024-02-21,13.530000000000001
2024-02-22,15.150000000000006
2024-02-23,21.5
2024-02-24,-21.159999999999997
2024-02-25,-141.48
2024-02-26,58.420000000000016
2024-02-27,-61.17999999999999
2024-02-28,-10.530000000000001
2024-02-29,38.25
2024-03-01,2.940000000000005
2024-03-02,-143.46
2024-03-03,-129.61
2024-03-04,2.0900000000000034
2024-03-05,11.319999999999993
2024-03-06,24.900000000000006
2024-03-07,-1.6099999999999994
2024-03-08,-111.32
2024-03-09,-78.47
2024-03-10,132.41000000000003
2024-03-11,9.110000000000014
2024-03-12,-6.829999999999998
2024-03-13,88.86999999999999
2024-03-14,-47.42999999999999
2024-03-15,-10.680000000000007
2024-03-16,41.97999999999999
2024-03-17,12.889999999999986
2024-03-18,22.85000000000001
2024-03-19,-51.230000000000004
2024-03-20,96.14999999999999
2024-03-21,19.0
2024-03-22,0.20000000000000284
2024-03-23,62.06999999999999
2024-03-24,-92.21000000000001
2024-03-25,-18.58
2024-03-26,-22.39
2024-03-27,41.190000000000005
2024-03-28,22.650000000000006
2024-03-29,-140.54000000000002
2024-03-30,-171.67000000000002
2024-03-31,-69.5
2024-04-01,9.049999999999997
2024-04-02,-94.82
2024-04-03,17.33999999999999
2024-04-04,-101.69
2024-04-05,-44.19999999999999
2024-04-06,105.78
2024-04-07,-3.700000000000017
2024-04-08,4.900000000000006
2024-04-09,-74.50999999999999
2024-04-10,56.72999999999999
2024-04-11,43.33
2024-04-12,16.74000000000001
2024-04-13,-9.949999999999989
2024-04-14,271.60999999999996
2024-04-15,62.459999999999994
2024-04-16,107.1
2024-04-17,30.549999999999997
2024-04-18,-17.040000000000006
2024-04-19,20.04
2024-04-20,15.439999999999998
2024-04-21,15.91000000000001
2024-04-22,-0.8200000000000003
2024-04-23,-36.339999999999996
2024-04-24,23.289999999999992
2024-04-25,162.87
2024-04-26,-214.97
2024-04-27,-82.66
2024-04-28,8.719999999999999
2024-04-29,-47.150000000000006
2024-04-30,-22.439999999999998
2024-05-01,-64.12
2024-05-02,-83.88
2024-05-03,-27.430000000000007
2024-05-04,-307.75
2024-05-05,17.5
2024-05-06,-128.44
2024-05-07,-50.94
2024-05-08,-37.07
2024-05-09,-18.009999999999998
2024-05-10,-1.9200000000000017
2024-05-11,133.34
2024-05-12,181.56
2024-05-13,-13.740000000000002
2024-05-14,32.06
2024-05-15,-132.36
2024-05-16,-16.299999999999997
2024-05-17,0.4099999999999966
2024-05-18,-33.72
2024-05-19,147.91
2024-05-20,-19.349999999999994
2024-05-21,10.0
2024-05-22,-25.35
2024-05-23,21.480000000000004
2024-05-24,109.71000000000001
2024-05-25,-106.77000000000001
2024-05-26,-35.78
2024-05-27,13.549999999999997
2024-05-28,21.020000000000003
2024-05-29,71.47999999999999
2024-05-30,-10.299999999999997
2024-05-31,-190.59
2024-06-01,-157.44
2024-06-02,21.410000000000004
2024-06-03,56.75999999999999
2024-06-04,-28.61
2024-06-05,-19.85
2024-06-06,25.860000000000007
2024-06-07,-16.269999999999996
2024-06-08,-125.28999999999999
2024-06-09,-9.64
2024-06-10,30.410000000000004
2024-06-11,4.170000000000002
2024-06-12,23.049999999999997
2024-06-13,-59.030000000000015
2024-06-14,30.190000000000005
2024-06-15,21.67
2024-06-16,-3.8399999999999963
2024-06-17,8.030000000000001
2024-06-18,-50.91
2024-06-19,-40.13
2024-06-20,17.539999999999992
2024-06-21,-11.489999999999995
2024-06-22,51.12
2024-06-23,5.189999999999998
2024-06-24,31.689999999999998
2024-06-25,14.46
2024-06-26,-13.260000000000005
2024-06-27,33.31999999999999
2024-06-28,-46.589999999999996
2024-06-29,51.11
2024-06-30,38.32000000000001
2024-07-01,184.76000000000002
2024-07-02,-58.8
2024-07-03,-35.38999999999999
2024-07-04,-55.17
2024-07-05,716.5
2024-07-06,258.75
2024-07-07,39.45
2024-07-08,37.34
2024-07-09,33.080000000000005
2024-07-10,92.96000000000001
2024-07-11,-46.580000000000005
2024-07-12,0.01999999999999602
2024-07-13,78.27000000000004
2024-07-14,83.44000000000001
2024-07-15,49.900000000000006
2024-07-16,29.959999999999994
2024-07-17,40.47
2024-07-18,320.46
2024-07-19,-45.239999999999995
2024-07-20,-43.900000000000006
2024-07-21,-53.09
2024-07-22,37.31
2024-07-23,82.89000000000001
2024-07-24,45.42
2024-07-25,-739.24
2024-07-26,-239.26
2024-07-27,-26.400000000000006
2024-07-28,64.63000000000001
2024-07-29,-19.5
2024-07-30,-109.45
2024-07-31,23.47
2024-08-01,-48.51
2024-08-02,-177.72000000000003
2024-08-03,-121.24000000000001
2024-08-04,-10.210000000000008
2024-08-05,53.28999999999999
2024-08-06,78.47
2024-08-07,-323.51
2024-08-08,-70.11000000000001
2024-08-09,35.61
2024-08-10,-109.21000000000001
2024-08-11,144.85000000000002
2024-08-12,-65.27000000000001
2024-08-13,9.189999999999998
2024-08-14,80.77000000000001
2024-08-15,153.01
2024-08-16,116.93
2024-08-17,-31.54000000000002
2024-08-18,234.59999999999997
2024-08-19,15.090000000000003
2024-08-20,1.2800000000000011
2024-08-21,55.830000000000005
2024-08-22,-10.549999999999997
2024-08-23,7.909999999999997
2024-08-24,-59.44
2024-08-25,-49.91999999999999
2024-08-26,-144.12
2024-08-27,-17.619999999999997
2024-08-28,45.440000000000005
2024-08-29,-30.42
2024-08-30,-20.89
2024-08-31,-157.43
2024-09-01,61.46000000000001
2024-09-02,512.9
2024-09-03,-49.60000000000001
2024-09-04,-128.39
2024-09-05,-140.13
2024-09-06,-39.52999999999999
2024-09-07,-243.23999999999998
2024-09-08,47.61999999999999
2024-09-09,1.25
2024-09-10,1.1599999999999966
2024-09-11,-49.13
2024-09-12,-11.129999999999995
2024-09-13,62.83
2024-09-14,-37.9
2024-09-15,12.839999999999996
2024-09-16,23.39
2024-09-17,46.42999999999999
2024-09-18,59.80000000000001
2024-09-19,65.17999999999999
2024-09-20,0.18999999999999773
2024-09-21,-60.63000000000001
2024-09-22,-544.74
2024-09-23,2.6899999999999977
2024-09-24,-20.299999999999997
2024-09-25,49.05
2024-09-26,-20.930000000000007
2024-09-27,32.89
2024-09-28,-83.13
2024-09-29,-24.240000000000002
2024-09-30,-1.730000000000004
2024-10-01,20.82
2024-10-02,75.1
2024-10-03,-16.209999999999994
2024-10-04,12.21
2024-10-05,17.38000000000001
2024-10-06,18.259999999999998
2024-10-07,-62.19
2024-10-08,-25.040000000000006
2024-10-09,-54.519999999999996
2024-10-10,30.299999999999997
2024-10-11,169.79000000000002
2024-10-12,155.03
2024-10-13,80.56
2024-10-14,-4.189999999999998
2024-10-15,36.53
2024-10-16,-2.3999999999999915
2024-10-17,24.319999999999993
2024-10-18,17.090000000000003
2024-10-19,57.72
2024-10-20,59.780000000000015
2024-10-21,224.97000000000003
2024-10-22,-17.549999999999997
2024-10-23,21.94999999999999
2024-10-24,-7.189999999999998
2024-10-25,-10.299999999999997
2024-10-26,168.43
2024-10-27,139.42000000000002
2024-10-28,-51.38000000000001
2024-10-29,17.430000000000007
2024-10-30,-26.210000000000008
2024-10-31,-139.42000000000002
2024-11-01,-95.26
2024-11-02,230.01999999999998
2024-11-03,230.49
2024-11-04,91.4
2024-11-05,232.81
2024-11-06,27.769999999999996
2024-11-07,253.39999999999998
2024-11-08,219.36
2024-11-09,-50.84
2024-11-10,200.75
2024-11-11,270.31
2024-11-12,126.75
2024-11-13,103.06
2024-11-14,52.079999999999984
2024-11-15,22.630000000000024
2024-11-16,-33.150000000000006
2024-11-17,375.08000000000004
2024-11-18,374.24
2024-11-19,143.59000000000003
2024-11-20,74.17
2024-11-21,103.61999999999999
2024-11-22,-248.77999999999997
2024-11-23,-193.85000000000002
2024-11-24,79.73000000000002
2024-11-25,-224.74
2024-11-26,7.5800000000000125
2024-11-27,-191.38
2024-11-28,-145.69000000000003
2024-11-29,49.629999999999995
2024-11-30,-361.42
2024-12-01,-245.89999999999998
2024-12-02,-146.67
2024-12-03,-78.21000000000001
2024-12-04,42.18000000000001
2024-12-05,-171.03000000000003
2024-12-06,236.09
2024-12-07,-74.17000000000002
2024-12-08,-348.25
2024-12-09,19.75
2024-12-10,36.579999999999984
2024-12-11,-0.18999999999999773
2024-12-12,-9.930000000000007
2024-12-13,36.790000000000006
2024-12-14,-144.23000000000002
2024-12-15,157.15
2024-12-16,138.78
2024-12-17,-45.19999999999999
2024-12-18,89.27000000000001
2024-12-19,-3.0999999999999943
2024-12-20,57.670000000000016
2024-12-21,39.650000000000006
2024-12-22,302.96999999999997
2024-12-23,46.83000000000001
2024-12-24,74.27000000000001
2024-12-25,93.39999999999999
2024-12-26,-272.53
2024-12-27,-272.26
2024-12-28,35.140000000000015
2024-12-29,-65.89000000000001
2024-12-30,-80.01999999999998
2024-12-31,-110.28
2025-01-01,77.47999999999999
2025-01-02,47.22
2025-01-03,0.09999999999999432
2025-01-04,-31.28
2025-01-05,282.26000000000005
2025-01-06,135.37
2025-01-07,8.949999999999989
2025-01-08,40.29999999999998
2025-01-09,49.91
2025-01-10,-32.32000000000002
2025-01-11,21.75
2025-01-12,539.3000000000001
2025-01-13,-72.58000000000001
2025-01-14,-5.389999999999986
2025-01-15,-7.439999999999998
2025-01-16,30.370000000000005
2025-01-17,23.519999999999982
2025-01-18,66.28
2025-01-19,369.9
2025-01-20,84.27000000000001
2025-01-21,22.450000000000017
2025-01-22,-67.13000000000001
2025-01-23,9.110000000000014
2025-01-24,-24.460000000000008
2025-01-25,-412.07000000000005
2025-01-26,-43.75999999999999
2025-01-27,-101.52000000000001
2025-01-28,50.68000000000001
2025-01-29,111.55999999999997
2025-01-30,145.75
2025-01-31,92.38
2025-02-01,-422.22
2025-02-02,134.79999999999998
2025-02-03,141.76000000000002
2025-02-04,282.63
2025-02-05,91.50999999999999
2025-02-06,198.82
2025-02-07,98.69999999999999
2025-02-08,70.57000000000005
2025-02-09,420.27
2025-02-10,64.96999999999997
2025-02-11,109.11
2025-02-12,108.75999999999996
2025-02-13,47.53
2025-02-14,138.79000000000002
2025-02-15,51.109999999999985
2025-02-16,135.49000000000004
2025-02-17,110.00999999999999
2025-02-18,-61.90999999999997
2025-02-19,47.98000000000002
2025-02-20,-127.85999999999996
2025-02-21,119.51999999999998
2025-02-22,-111.24999999999997
2025-02-23,149.52999999999997
2025-02-24,-37.450000000000045
2025-02-25,5.949999999999989
2025-02-26,-97.27999999999997
2025-02-27,-44.349999999999966
2025-02-28,-233.62
2025-03-01,-91.58000000000004
2025-03-02,186.20000000000005
2025-03-03,198.87
2025-03-04,162.25
2025-03-05,154.61
2025-03-06,428.34999999999997
2025-03-07,327.0400000000001
2025-03-08,389.21999999999997
2025-03-09,341.51000000000005
2025-03-10,123.41999999999996
2025-03-11,362.53999999999996
2025-03-12,65.57999999999998
2025-03-13,87.74000000000001
2025-03-14,239.30999999999997
2025-03-15,17.910000000000025
2025-03-16,375.88
2025-03-17,417.39
2025-03-18,339.07
2025-03-19,276.91
2025-03-20,113.44
2025-03-21,-132.04999999999995
2025-03-22,11.519999999999982
2025-03-23,108.61000000000001
2025-03-24,51.31
2025-03-25,81.68
2025-03-26,-409.77
2025-03-27,-243.59000000000003
2025-03-28,-321.69
2025-03-29,-429.68000000000006
2025-03-30,208.37
2025-03-31,-277.86999999999995
2025-04-01,208.98000000000002
2025-04-02,-17.75999999999999
2025-04-03,-3.5299999999999727
2025-04-04,55.84000000000003
2025-04-05,243.82000000000005
2025-04-06,124.13999999999999
2025-04-07,-39.26999999999998
2025-04-08,0.5399999999999636
2025-04-09,131.42000000000002
2025-04-10,233.17999999999995
2025-04-11,345.74999999999994
2025-04-12,51.129999999999995
2025-04-13,411.31
2025-04-14,22.66999999999996
2025-04-15,55.44999999999999
2025-04-16,192.68
2025-04-17,145.57
2025-04-18,132.94000000000005
2025-04-19,-180.29999999999995
2025-04-20,100.35999999999996
2025-04-21,-234.53000000000003
2025-04-22,-6.560000000000002
2025-04-23,-101.11000000000001
2025-04-24,-130.54000000000008
2025-04-25,-459.69000000000005
2025-04-26,-300.58
2025-04-27,89.48000000000002
2025-04-28,221.79999999999995
2025-04-29,-14.82000000000005
2025-04-30,-190.42999999999995
2025-05-01,57.010000000000105
2025-05-02,2.8600000000000136
2025-05-03,-203.99
2025-05-04,141.0
2025-05-05,-25.30000000000001
2025-05-06,48.03000000000003
2025-05-07,-79.83999999999997
2025-05-08,150.35000000000002
2025-05-09,103.86000000000001
2025-05-10,149.89999999999998
2025-05-11,369.21999999999997
2025-05-12,228.19
2025-05-13,175.13000000000005
2025-05-14,356.87
2025-05-15,-46.90999999999997
2025-05-16,43.46999999999997
2025-05-17,-82.85000000000002
2025-05-18,-106.33999999999992
2025-05-19,-184.68
2025-05-20,-24.400000000000034
2025-05-21,-571.34
2025-05-22,-308.66
2025-05-23,-377.41999999999996
2025-05-24,-389.45
2025-05-25,7.170000000000016
2025-05-26,-260.14000000000004
2025-05-27,-18.590000000000032
2025-05-28,-285.53000000000003
2025-05-29,-195.67000000000002
2025-05-30,-162.41999999999996
2025-05-31,-387.66999999999996
2025-06-01,235.39
2025-06-02,-67.92000000000007
2025-06-03,-301.02
2025-06-04,-48.579999999999984
2025-06-05,-175.75999999999993
2025-06-06,-229.66000000000003
2025-06-07,-314.38000000000005
2025-06-08,230.01000000000005
2025-06-09,-79.82999999999998
2025-06-10,-45.85000000000002
2025-06-11,-1.7799999999999727
2025-06-12,155.90999999999997
2025-06-13,22.850000000000023
2025-06-14,-6.889999999999986
2025-06-15,240.89000000000004
2025-06-16,-68.96999999999997
2025-06-17,163.43
2025-06-18,137.23999999999995
2025-06-19,-198.29000000000002
2025-06-20,-63.170000000000016
2025-06-21,-650.37
2025-06-22,18.260000000000048
2025-06-23,-246.05
2025-06-24,-94.23000000000002
2025-06-25,1.8600000000000136
2025-06-26,-112.07999999999998
2025-06-27,-62.0
2025-06-28,-235.37
2025-06-29,254.86
2025-06-30,237.81
2025-07-01,162.95
2025-07-02,-108.44
2025-07-03,480.25999999999993
2025-07-04,284.99999999999994
2025-07-05,-182.52000000000004
2025-07-06,149.14
2025-07-07,-39.10000000000002
2025-07-08,-251.08999999999997
2025-07-09,-45.25999999999999
2025-07-10,213.21999999999997
2025-07-11,70.19
2025-07-12,-106.98000000000002
2025-07-13,118.15000000000003
2025-07-14,53.22000000000003
2025-07-15,231.07999999999998
2025-07-16,228.32999999999998
2025-07-17,139.84000000000003
2025-07-18,43.059999999999945
2025-07-19,-178.67000000000002
2025-07-20,1.6400000000000432
2025-07-21,-155.47000000000003
2025-07-22,-155.33999999999997
2025-07-23,-516.6099999999999
2025-07-24,-330.14
2025-07-25,-124.63000000000002
2025-07-26,-314.44
2025-07-27,-184.85
2025-07-28,56.29000000000002
2025-07-29,-71.1
2025-07-30,-265.40999999999997
2025-07-31,55.70999999999998
2025-08-01,206.95999999999998
2025-08-02,53.65999999999997
2025-08-03,280.59
2025-08-04,-313.79
2025-08-05,-216.63
2025-08-06,-215.58
2025-08-07,-147.67999999999995
2025-08-08,-165.14000000000001
2025-08-09,-322.88000000000005
2025-08-10,38.43000000000001
2025-08-11,89.00999999999999
2025-08-12,42.19
2025-08-13,-60.50999999999996
2025-08-14,-27.92999999999998
2025-08-15,147.75
2025-08-16,52.78
2025-08-17,-40.390000000000015
2025-08-18,137.4
2025-08-19,-58.00999999999999
2025-08-20,-200.40999999999997
2025-08-21,-405.0
2025-08-22,-245.97
2025-08-23,-435.34000000000003
2025-08-24,223.15000000000003
2025-08-25,216.0
2025-08-26,212.19999999999996
2025-08-27,-11.220000000000027
2025-08-28,39.58000000000001
2025-08-29,59.95000000000002
2025-08-30,130.25
2025-08-31,16.639999999999986
2025-09-01,-52.77999999999997
2025-09-02,247.21
2025-09-03,-14.27000000000001
2025-09-04,65.63
2025-09-05,326.68
2025-09-06,67.27000000000001
2025-09-07,-35.25999999999999
2025-09-08,103.10000000000002
2025-09-09,65.66999999999999
2025-09-10,122.72
2025-09-11,156.28
2025-09-12,43.77000000000001
2025-09-13,-268.34000000000003
2025-09-14,162.11999999999995
2025-09-15,-167.72999999999996
2025-09-16,-25.47
2025-09-17,120.55000000000001
2025-09-18,34.22
2025-09-19,-253.84
2025-09-20,-138.90999999999997
2025-09-21,387.43999999999994
2025-09-22,59.73000000000002
2025-09-23,63.08000000000001
2025-09-24,-32.64999999999998
2025-09-25,-410.45000000000005
2025-09-26,100.13
2025-09-27,9.480000000000018
2025-09-28,215.0
2025-09-29,39.20000000000002
2025-09-30,125.64999999999998
2025-10-01,-4.699999999999989
2025-10-02,170.48000000000002
2025-10-03,92.03000000000003
2025-10-04,-270.59
2025-10-05,273.23999999999995
2025-10-06,82.52000000000001
2025-10-07,-174.25
2025-10-08,69.82999999999998
2025-10-09,187.70000000000002
2025-10-10,127.16999999999996
2025-10-11,-379.97999999999996
2025-10-12,23.67999999999995
2025-10-13,152.88
2025-10-14,88.63999999999999
2025-10-15,-30.629999999999995
2025-10-16,-46.110000000000014
2025-10-17,240.32999999999993
2025-10-18,-229.62
2025-10-19,116.81
2025-10-20,-67.71999999999997
2025-10-21,-27.480000000000018
2025-10-22,51.31
2025-10-23,-80.32000000000002
2025-10-24,-31.869999999999948
2025-10-25,-348.21999999999997
2025-10-26,157.31
2025-10-27,160.39999999999998
2025-10-28,-85.06
2025-10-29,-131.57999999999998
2025-10-30,-34.75
2025-10-31,209.2
2025-11-01,-76.0
2025-11-02,-65.55000000000001
2025-11-03,-439.29
2025-11-04,125.54999999999998
2025-11-05,-62.56999999999999
2025-11-06,-234.55999999999995
2025-11-07,33.20999999999998
2025-11-08,198.92000000000002
2025-11-09,155.44
2025-11-10,193.97000000000003
2025-11-11,-157.35000000000002
2025-11-12,-2.0
2025-11-13,148.76999999999998
2025-11-14,103.55000000000001
2025-11-15,-227.8
2025-11-16,17.439999999999998
2025-11-17,306.64
2025-11-18,357.05999999999995
2025-11-19,-53.42999999999998
2025-11-20,-127.12
2025-11-21,-230.45999999999998
2025-11-22,-152.99
2025-11-23,349.2
2025-11-24,-86.6
2025-11-25,22.930000000000007
2025-11-26,-85.15
2025-11-27,-3.1499999999999773
2025-11-28,-275.08000000000004
2025-11-29,-326.11
2025-11-30,-152.58000000000004
2025-12-01,-74.99000000000001
2025-12-02,67.79999999999998
2025-12-03,-118.47000000000003
2025-12-04,217.74
2025-12-05,-19.829999999999984
2025-12-06,-290.01
2025-12-07,-220.85999999999996
2025-12-08,-134.16999999999996
2025-12-09,357.38
2025-12-10,23.950000000000045
2025-12-11,259.02000000000004
2025-12-12,172.62
2025-12-13,274.96999999999997
2025-12-14,218.98999999999998
2025-12-15,-68.76000000000002
2025-12-16,27.349999999999994
2025-12-17,-103.80000000000001
2025-12-18,27.150000000000034
2025-12-19,145.35000000000002
2025-12-20,-37.52999999999997
2025-12-21,289.92999999999995
2025-12-22,-53.68999999999997
2025-12-23,-93.16999999999996
2025-12-24,-316.08000000000004
2025-12-25,-54.72000000000003
2025-12-26,400.20000000000005
2025-12-27,-73.44
2025-12-28,-20.350000000000023
2025-12-29,-138.26
2025-12-30,-30.80000000000001
2025-12-31,-216.82000000000005
2026-01-01,-67.17000000000002
2026-01-02,-332.63999999999993
2026-01-03,-103.19
2026-01-04,297.48
2026-01-05,280.89000000000004
2026-01-06,20.47999999999999
2026-01-07,-96.72000000000003
2026-01-08,161.13
2026-01-09,-52.129999999999995
2026-01-10,-237.09999999999997
2026-01-11,136.94999999999996
2026-01-12,17.389999999999986
2026-01-13,153.54999999999998
2026-01-14,187.75
2026-01-15,-103.86000000000001
2026-01-16,-24.03000000000003
2026-01-17,-269.40999999999997
2026-01-18,-96.40000000000003
2026-01-19,49.349999999999966
2026-01-20,52.670000000000016
2026-01-21,253.29000000000002
2026-01-22,177.56
2026-01-23,-6.329999999999984
2026-01-24,-142.03000000000003
2026-01-25,8.139999999999986
2026-01-26,38.140000000000015
2026-01-27,148.86
2026-01-28,-130.79000000000002
2026-01-29,17.569999999999993
2026-01-30,-99.24999999999997
2026-01-31,-136.16999999999996
2026-02-01,16.49000000000001
2026-02-02,-161.19
2026-02-03,-47.539999999999964
2026-02-04,-106.61000000000001
2026-02-05,33.900000000000034
2026-02-06,-17.310000000000002
2026-02-07,174.28000000000003
2026-02-08,131.12
2026-02-09,-138.4
2026-02-10,-335.51
2026-02-11,-222.82000000000002
2026-02-12,129.72000000000003
2026-02-13,-73.09000000000003
2026-02-14,-186.27000000000004
2026-02-15,54.49000000000001
2026-02-16,-121.69999999999999
2026-02-17,-65.86000000000001
2026-02-18,-10.530000000000001
2026-02-19,282.34000000000003
2026-02-20,234.07999999999998
2026-02-21,114.29999999999995
2026-02-22,428.69000000000005
2026-02-23,373.85
2026-02-24,369.14
2026-02-25,77.91999999999996
2026-02-26,142.92
2026-02-27,-203.45000000000005
2026-02-28,-336.21999999999997
2026-03-01,158.79
2026-03-02,234.42000000000002
2026-03-03,292.96000000000004
2026-03-04,-207.98000000000002
2026-03-05,50.58000000000004
2026-03-06,104.99000000000001
2026-03-07,48.89999999999998
2026-03-08,482.43999999999994
2026-03-09,201.66000000000003
2026-03-10,50.03
2026-03-11,-73.04000000000002
2026-03-12,-110.55000000000001
2026-03-13,37.83000000000004
2026-03-14,-191.38000000000005
2026-03-15,-208.96000000000004
2026-03-16,-429.45
2026-03-17,-44.06
2026-03-18,28.610000000000014
2026-03-19,52.31
2026-03-20,158.70999999999998
2026-03-21,111.42000000000002
2026-03-22,95.18
2026-03-23,-195.81
2026-03-24,264.19
2026-03-25,-114.17000000000002
2026-03-26,43.079999999999984
2026-03-27,-91.30000000000001
2026-03-28,-492.08
2026-03-29,-4.600000000000023
2026-03-30,93.42000000000002
2026-03-31,-37.379999999999995
2026-04-01,-3.169999999999959
2026-04-02,-181.89
2026-04-03,-40.849999999999966
2026-04-04,-192.38
2026-04-05,454.29
2026-04-06,-69.35999999999999
2026-04-07,-104.83999999999997
2026-04-08,-126.94999999999999
2026-04-09,-15.199999999999989
2026-04-10,-225.52000000000004
2026-04-11,287.01
2026-04-12,4.6200000000000045
2026-04-13,-111.32
2026-04-14,138.38
2026-04-15,-233.15999999999997
2026-04-16,-38.71999999999997
2026-04-17,-4.269999999999982
2026-04-18,-178.74
2026-04-19,-1.990000000000009
2026-04-20,-52.76999999999998
2026-04-21,-161.41000000000003
2026-04-22,-58.49000000000004
2026-04-23,64.89999999999998
2026-04-24,-41.60000000000002
2026-04-25,-132.26
2026-04-26,-53.889999999999986
2026-04-27,90.71999999999997
2026-04-28,140.19
2026-04-29,-9.170000000000016
2026-04-30,120.41000000000003
2026-05-01,-317.41
2026-05-02,711.97
2026-05-03,-33.650000000000034
2026-05-04,-38.379999999999995
2026-05-05,261.41999999999996
2026-05-06,-33.23000000000002
2026-05-07,6.269999999999982
