date,SMA cross,Confirmed-cross filter,Cross + VWAP step-aside,Price vs 200d VWAP,Buy & hold
2000-01-03,1.0002531746031746,1.0002531746031746,1.0002531746031746,1.0002531746031746,1.0002531746031746
2000-01-04,1.0005032378968255,1.0005032378968255,1.0005032378968255,1.0005032378968255,0.9601370420358925
2000-01-05,1.000756539907055,1.000756539907055,1.000756539907055,1.000756539907055,0.9618544058614823
2000-01-06,1.0010087146700872,1.0010087146700872,1.0010087146700872,1.0010087146700872,0.9463963747511772
2000-01-07,1.0012593640744352,1.0012593640744352,1.0012593640744352,1.0012593640744352,1.0013588765871813
2000-01-10,1.0015128575166097,1.0015128575166097,1.0015128575166097,1.0015128575166097,1.004794859009787
2000-01-11,1.0017691971170455,1.0017691971170455,1.0017691971170455,1.0017691971170455,0.9927712209449482
2000-01-12,1.002027192438049,1.002027192438049,1.002027192438049,1.002027192438049,0.9828954169563798
2000-01-13,1.0022816755345412,1.0022816755345412,1.0022816755345412,1.0022816755345412,0.9962062832018413
2000-01-14,1.0025378141849555,1.0025378141849555,1.0025378141849555,1.0025378141849555,1.0097324682240716
2000-01-18,1.0027952117904226,1.0027952117904226,1.0027952117904226,1.0027952117904226,1.0017886776264349
2000-01-19,1.0030522775470958,1.0030522775470958,1.0030522775470958,1.0030522775470958,1.0099472014408415
2000-01-20,1.003310603312226,1.003310603312226,1.003310603312226,1.003310603312226,0.9944890866791082
2000-01-21,1.0035685974673636,1.0035685974673636,1.0035685974673636,1.0035685974673636,0.9923420891171215
2000-01-24,1.0038246667563204,1.0038246667563204,1.0038246667563204,1.0038246667563204,0.9642160529888103
2000-01-25,1.0040811997267136,1.0040811997267136,1.0040811997267136,1.0040811997267136,0.9751662759240844
2000-01-26,1.0043381967004532,1.0043381967004532,1.0043381967004532,1.0043381967004532,0.967436883937504
2000-01-27,1.0045976507346008,1.0045976507346008,1.0045976507346008,1.0045976507346008,0.9635721879442138
2000-01-28,1.0048599623434038,1.0048599623434038,1.0048599623434038,1.0048599623434038,0.9335143057278281
2000-01-31,1.0051235387065423,1.0051235387065423,1.0051235387065423,1.0051235387065423,0.9588484754324151
2000-02-01,1.0053867853476322,1.0053867853476322,1.0053867853476322,1.0053867853476322,0.9682955658502992
2000-02-02,1.005651297823301,1.005651297823301,1.005651297823301,1.005651297823301,0.9691544987173794
2000-02-03,1.0059130864151153,1.0059130864151153,1.0059130864151153,1.0059130864151153,0.9837540152177463
2000-02-04,1.006177737358089,1.006177737358089,1.006177737358089,1.006177737358089,0.9796746696591145
2000-02-07,1.0064444543138649,1.0064444543138649,1.0064444543138649,1.0064444543138649,0.9781716207931527
2000-02-08,1.006711641353522,1.006711641353522,1.006711641353522,1.006711641353522,0.9914832399014699
2000-02-09,1.0069788993249764,1.0069788993249764,1.0069788993249764,1.0069788993249764,0.9706574639319128
2000-02-10,1.0072454290574566,1.0072454290574566,1.0072454290574566,1.0072454290574566,0.9725893936714157
2000-02-11,1.007511229934569,1.007511229934569,1.007511229934569,1.007511229934569,0.9528373674371372
2000-02-14,1.0077759015354486,1.0077759015354486,1.0077759015354486,1.0077759015354486,0.9584191763017319
2000-02-15,1.0080422423094257,1.0080422423094257,1.0080422423094257,1.0080422423094257,0.9692614052429079
2000-02-16,1.0083074534231762,1.0083074534231762,1.0083074534231762,1.0083074534231762,0.9549840303934103
2000-02-17,1.0085751350447396,1.0085751350447396,1.0085751350447396,1.0085751350447396,0.9500460865734119
2000-02-18,1.0088416870447157,1.0088416870447157,1.0088416870447157,1.0088416870447157,0.9296496097345381
2000-02-22,1.0091047064845524,1.0091047064845524,1.0091047064845524,1.0091047064845524,0.9272875443500677
2000-02-23,1.0093693962508168,1.0093693962508168,1.0093693962508168,1.0093693962508168,0.9382375999824851
2000-02-24,1.0096305505549261,1.0096305505549261,1.0096305505549261,1.0096305505549261,0.9193438374038595
2000-02-25,1.009888967898223,1.009888967898223,1.009888967898223,1.009888967898223,0.9160164345353508
2000-02-28,1.0101482528832348,1.0101482528832348,1.0101482528832348,1.0101482528832348,0.9352319205077035
2000-02-29,1.0104100095535256,1.0104100095535256,1.0104100095535256,1.0104100095535256,0.9442495444920475
2000-03-01,1.0106714330956799,1.0106714330956799,1.0106714330956799,1.0106714330956799,0.9511191670972635
2000-03-02,1.0109329242759888,1.0109329242759888,1.0109329242759888,1.0109329242759888,0.9517634503990021
2000-03-03,1.0111936807842345,1.0111936807842345,1.0111936807842345,1.0111936807842345,0.9695837141966345
2000-03-06,1.0114565108877716,1.0114565108877716,1.0114565108877716,1.0114565108877716,0.9601370420358927
2000-03-07,1.0117165997048572,1.0117165997048572,1.0117165997048572,1.0117165997048572,0.9415650865024224
2000-03-08,1.0119775583516064,1.0119775583516064,1.0119775583516064,1.0119775583516064,0.9403847648473288
2000-03-09,1.0122377811523255,1.0122377811523255,1.0122377811523255,1.0122377811523255,0.9678661830681878
2000-03-10,1.012500882639093,1.012500882639093,1.012500882639093,1.012500882639093,0.9627133387285627
2000-03-13,1.0127628471531729,1.0127628471531729,1.0127628471531729,1.0127628471531729,0.9521928331811138
2000-03-14,1.013023271885298,1.013023271885298,1.013023271885298,1.013023271885298,0.9386674846731675
2000-03-15,1.0132845675705064,1.0132845675705064,1.0132845675705064,1.0132845675705064,0.9605664248180042
2000-03-16,1.0135459306534116,1.0135459306534116,1.0135459306534116,1.0135459306534116,1.0054386404029554
2000-03-17,1.0138073611513976,1.0138073611513976,1.0138073611513976,1.0138073611513976,1.012083909877132
2000-03-20,1.0140696636908701,1.0140696636908701,1.0140696636908701,1.0140696636908701,1.0069177649603873
2000-03-21,1.014331229278727,1.014331229278727,1.014331229278727,1.014331229278727,1.0275816754159395
2000-03-22,1.014592862333898,1.014592862333898,1.014592862333898,1.014592862333898,1.033823661353674
2000-03-23,1.0148553681062162,1.0148553681062162,1.0148553681062162,1.0148553681062162,1.0514734435401738
2000-03-24,1.0151227744413045,1.0151227744413045,1.0151227744413045,1.0151227744413045,1.0577155131293363
2000-03-27,1.0153910568888354,1.0153910568888354,1.0153910568888354,1.0153910568888354,1.046522701051626
2000-03-28,1.0156569926418302,1.0156569926418302,1.0156569926418302,1.0156569926418302,1.0404958665878041
2000-03-29,1.0159225950061759,1.0159225950061759,1.0159225950061759,1.0159225950061759,1.0415722931687925
2000-03-30,1.0161854448204395,1.0161854448204395,1.0161854448204395,1.0161854448204395,1.0241373278504913
2000-03-31,1.0164475561454924,1.0164475561454924,1.0164475561454924,1.0164475561454924,1.0357607774817397
2000-04-03,1.0167077183176012,1.0167077183176012,1.0167077183176012,1.0167077183176012,1.041787360991276
2000-04-04,1.0169639125243994,1.0169639125243994,1.0169639125243994,1.0169639125243994,1.0340388964790146
2000-04-05,1.0172201712880713,1.0172201712880713,1.0172201712880713,1.0172201712880713,1.0275816754159395
2000-04-06,1.0174777056012785,1.0174777056012785,1.0174777056012785,1.0174777056012785,1.036513640337575
2000-04-07,1.017735305115633,1.017735305115633,1.017735305115633,1.017735305115633,1.043078855394748
2000-04-10,1.0179901428051283,1.0179901428051283,1.0179901428051283,1.0179901428051283,1.0389887188018494
2000-04-11,1.018247064126884,1.018247064126884,1.018247064126884,1.018247064126884,1.0359761799099367
2000-04-12,1.0185056665558685,1.0185056665558685,1.0185056665558685,1.0185056665558685,1.0075633866849805
2000-04-13,1.0187643346616604,1.0187643346616604,1.0187643346616604,1.0187643346616604,0.9935726016292709
2000-04-14,1.0190178129306418,1.0190178129306418,1.0190178129306418,1.0190178129306418,0.9367476007393575
2000-04-17,1.0192737805003182,1.0192737805003182,1.0192737805003182,1.0192737805003182,0.9694649291682688
2000-04-18,1.0195298123666106,1.0195298123666106,1.0195298123666106,1.0195298123666106,0.9950794984609402
2000-04-19,1.0197859085456693,1.0197859085456693,1.0197859085456693,1.0197859085456693,0.9858238861627239
2000-04-20,1.0200440924383885,1.0200440924383885,1.0200440924383885,1.0200440924383885,0.9905590589202171
2000-04-24,1.0203015321379085,1.0203015321379085,1.0203015321379085,1.0203015321379085,0.9797970516989019
2000-04-25,1.0205638953890297,1.0205638953890297,1.0205638953890297,1.0205638953890297,1.0204780797654154
2000-04-26,1.0208271360763324,1.0208271360763324,1.0208271360763324,1.0208271360763324,1.00896237317398
2000-04-27,1.0210957108347525,1.0210957108347525,1.0210957108347525,1.0210957108347525,1.0056258522997727
2000-04-28,1.021366382237466,1.021366382237466,1.021366382237466,1.021366382237466,0.9993841173163239
2000-05-01,1.0216391519101824,1.0216391519101824,1.0216391519101824,1.0216391519101824,1.0129438465613532
2000-05-02,1.0219115890173585,1.0219115890173585,1.0219115890173585,1.0219115890173585,0.9927118284307651
2000-05-03,1.0221845042949016,1.0221845042949016,1.0221845042949016,1.0221845042949016,0.9694649291682685
2000-05-04,1.022459114973238,1.022459114973238,1.022459114973238,1.022459114973238,0.9767830907327057
2000-05-05,1.0227366395901594,1.0227366395901594,1.0227366395901594,1.0227366395901594,0.988621859140723
2000-05-08,1.0230154570788095,1.0230154570788095,1.0230154570788095,1.0230154570788095,0.9811957035821874
2000-05-09,1.0232939446199032,1.0232939446199032,1.0232939446199032,1.0232939446199032,0.9733394960301128
2000-05-10,1.0235716958334429,1.0235716958334429,1.0235716958334429,1.0235716958334429,0.9513845094282305
2000-05-11,1.0238487100781088,1.0238487100781088,1.0238487100781088,1.0238487100781088,0.9731246791619143
2000-05-12,1.024129455895039,1.024129455895039,1.024129455895039,1.024129455895039,0.9836711166521753
2000-05-15,1.0244090594925215,1.0244090594925215,1.0244090594925215,1.0244090594925215,1.000675109811225
2000-05-16,1.0246891459377558,1.0246891459377558,1.0246891459377558,1.0246891459377558,1.0103615269658361
2000-05-17,1.0249697155848578,1.0249697155848578,1.0249697155848578,1.0249697155848578,0.9998143366127195
2000-05-18,1.0252515822566437,1.0252515822566437,1.0252515822566437,1.0252515822566437,0.9875457671654484
2000-05-19,1.0255306785207026,1.0255306785207026,1.0255306785207026,1.0255306785207026,0.9720479179752125
2000-05-22,1.0258078159778743,1.0258078159778743,1.0258078159778743,1.0258078159778743,0.9647295054564899
2000-05-23,1.0260858424613317,1.0260858424613317,1.0260858424613317,1.0260858424613317,0.9505233179725829
2000-05-24,1.026362315591106,1.026362315591106,1.026362315591106,1.026362315591106,0.9660212508142472
2000-05-25,1.0266356049219638,1.0266356049219638,1.0266356049219638,1.0266356049219638,0.9494467240887378
2000-05-26,1.0269081522313657,1.0269081522313657,1.0269081522313657,1.0269081522313657,0.9505233179725828
2000-05-30,1.027182809411764,1.027182809411764,1.027182809411764,1.027182809411764,0.9815191836559115
2000-05-31,1.0274555019909293,1.0274555019909293,1.0274555019909293,1.0274555019909293,0.9836711166521753
2000-06-01,1.027725005199983,1.027725005199983,1.027725005199983,1.027725005199983,1.000891014147993
2000-06-02,1.0279909086537096,1.0279909086537096,1.0279909086537096,1.0279909086537096,1.0183257285120089
2000-06-05,1.028255657105978,1.028255657105978,1.028255657105978,1.028255657105978,1.01337506967489
2000-06-06,1.028521289817397,1.028521289817397,1.028521289817397,1.028521289817397,1.0088550483913088
2000-06-07,1.028787399293969,1.028787399293969,1.028787399293969,1.028787399293969,1.0158503990934498
2000-06-08,1.0290552106169597,1.0290552106169597,1.0290552106169597,1.0290552106169597,1.0118685074489342
2000-06-09,1.029323091655914,1.029323091655914,1.029323091655914,1.029323091655914,1.0097159888926714
2000-06-12,1.0295894085828028,1.0295894085828028,1.0295894085828028,1.0295894085828028,0.9978774714389395
2000-06-13,1.0298545687122356,1.0298545687122356,1.0298545687122356,1.0298545687122356,1.0166036802064276
2000-06-14,1.030117753768684,1.030117753768684,1.030117753768684,1.030117753768684,1.018325728512009
2000-06-15,1.0303810060835359,1.0303810060835359,1.0303810060835359,1.0303810060835359,1.0204780797654154
2000-06-16,1.0306418723858697,1.0306418723858697,1.0306418723858697,1.0306418723858697,1.012093278837116
2000-06-19,1.030903622702666,1.030903622702666,1.030903622702666,1.030903622702666,1.0250381700832127
2000-06-20,1.0311666667619508,1.0311666667619508,1.0311666667619508,1.0311666667619508,1.0213708914610085
2000-06-21,1.0314326422910758,1.0314326422910758,1.0314326422910758,1.0314326422910758,1.0209388318331871
2000-06-22,1.031698686425,1.031698686425,1.031698686425,1.031698686425,1.0054050961801564
2000-06-23,1.0319668462026221,1.0319668462026221,1.0319668462026221,1.0319668462026221,0.9967748619608544
2000-06-26,1.0322330281272378,1.0322330281272378,1.0322330281272378,1.0322330281272378,1.0096120938185666
2000-06-27,1.0324992787098897,1.0324992787098897,1.0324992787098897,1.0324992787098897,1.0021683714600618
2000-06-28,1.032762729914735,1.032762729914735,1.032762729914735,1.032762729914735,1.004973036552335
2000-06-29,1.0330237893825747,1.0330237893825747,1.0330237893825747,1.0330237893825747,0.9954800215002452
2000-06-30,1.0332853247705216,1.0332853247705216,1.0332853247705216,1.0332853247705216,1.003031235944278
2000-07-03,1.0335440561355733,1.0335440561355733,1.0335440561355733,1.0335440561355733,1.0168395772345897
2000-07-05,1.033802032013077,1.033802032013077,1.033802032013077,1.033802032013077,0.998500841883572
2000-07-06,1.0340621234766867,1.0340621234766867,1.0340621234766867,1.0340621234766867,1.0062676260586587
2000-07-07,1.0343202286654434,1.0343202286654434,1.0343202286654434,1.0343202286654434,1.0224495766305641
2000-07-10,1.034579219167145,1.034579219167145,1.034579219167145,1.034579219167145,1.0207233457535612
2000-07-11,1.0348386850665552,1.0348386850665552,1.0348386850665552,1.0348386850665552,1.022880799744101
2000-07-12,1.0350990373389093,1.0350990373389093,1.0350990373389093,1.0350990373389093,1.0295688987496323
2000-07-13,1.0353582228518303,1.0353582228518303,1.0353582228518303,1.0353582228518303,1.034100463930336
2000-07-14,1.0356215818283574,1.0356215818283574,1.0356215818283574,1.0356215818283574,1.0442401881755887
2000-07-17,1.0358870625989371,1.0358870625989371,1.0358870625989371,1.0358870625989371,1.0425144592071565
2000-07-18,1.0361517892927123,1.0361517892927123,1.0361517892927123,1.0361517892927123,1.0339919680276672
2000-07-19,1.0364174059815547,1.0364174059815547,1.0364174059815547,1.0364174059815547,1.0256855484878025
2000-07-20,1.0366773328865468,1.0366773328865468,1.0366773328865468,1.0366773328865468,1.0399252801945085
2000-07-21,1.0369373249795564,1.0369373249795564,1.0369373249795564,1.0369373249795564,1.0196443259782912
2000-07-24,1.0371986167261287,1.0371986167261287,1.0371986167261287,1.0371986167261287,1.0138197606684036
2000-07-25,1.0374599743140736,1.0374599743140736,1.0374599743140736,1.0374599743140736,1.0170561507827849
2000-07-26,1.037718927617186,1.037718927617186,1.037718927617186,1.037718927617186,1.0071311597543018
2000-07-27,1.0379771219694147,1.0379771219694147,1.0379771219694147,1.0379771219694147,1.0036786143488674
2000-07-28,1.0382366162499073,1.0382366162499073,1.0382366162499073,1.0382366162499073,0.9810248873653412
2000-07-31,1.0384961754039699,1.0384961754039699,1.0384961754039699,1.0384961754039699,0.9872818469087639
2000-08-01,1.0387545631428503,1.0387545631428503,1.0387545631428503,1.0387545631428503,0.9933230694182751
2000-08-02,1.039011366354294,1.039011366354294,1.039011366354294,1.039011366354294,0.9982855231068026
2000-08-03,1.0392678207471002,1.0392678207471002,1.0392678207471002,1.0392678207471002,1.0051895264491015
2000-08-04,1.0395214515843065,1.0395214515843065,1.0395214515843065,1.0395214515843065,1.010583203251166
2000-08-07,1.0397772068620772,1.0397772068620772,1.0397772068620772,1.0397772068620772,1.0226648954073327
2000-08-08,1.0400313746237546,1.0400313746237546,1.0400313746237546,1.0400313746237546,1.0265484129720188
2000-08-09,1.0402864299370551,1.0402864299370551,1.0402864299370551,1.0402864299370551,1.017918429707002
2000-08-10,1.0405407221754843,1.0405407221754843,1.0405407221754843,1.0405407221754843,1.0129563942756172
2000-08-11,1.040798792791103,1.040798792791103,1.040798792791103,1.040798792791103,1.0177027763245197
2000-08-14,1.041056927412331,1.041056927412331,1.041056927412331,1.041056927412331,1.0306478348734731
2000-08-15,1.0413163654085273,1.0413163654085273,1.0413163654085273,1.0413163654085273,1.0297845521321152
2000-08-16,1.0415766944998797,1.0415766944998797,1.0415766944998797,1.0415766944998797,1.0261172735099107
2000-08-17,1.0418370886735047,1.0418370886735047,1.0418370886735047,1.0418370886735047,1.036904459811182
2000-08-18,1.0420963076634246,1.0420963076634246,1.0420963076634246,1.0420963076634246,1.0334526672686035
2000-08-21,1.0423560046797788,1.0423560046797788,1.0423560046797788,1.0423560046797788,1.0390619974531505
2000-08-22,1.0426153527809432,1.0426153527809432,1.0426153527809432,1.0426153527809432,1.037336435787575
2000-08-23,1.0428718692566274,1.0428718692566274,1.0428718692566274,1.0428718692566274,1.041434937523316
2000-08-24,1.0431280350054648,1.0431280350054648,1.0431280350054648,1.0431280350054648,1.0446715785919827
2000-08-25,1.0433842636775554,1.0433842636775554,1.0433842636775554,1.0433842636775554,1.0442401881755887
2000-08-28,1.0436422114538535,1.0436422114538535,1.0436422114538535,1.0436422114538535,1.0478008112265498
2000-08-29,1.0439014654317782,1.0439014654317782,1.0439014654317782,1.0439014654317782,1.048016380957604
2000-08-30,1.0441599553184566,1.0441599553184566,1.0441599553184566,1.0441599553184566,1.0379837305407371
2000-08-31,1.0444160231170228,1.0444160231170228,1.0444160231170228,1.0444160231170228,1.0517918208767638
2000-09-01,1.0446684236559427,1.0446684236559427,1.0446684236559427,1.0446684236559427,1.052870422394891
2000-09-05,1.0449208851916596,1.0449208851916596,1.0449208851916596,1.0449208851916596,1.0444557579066436
2000-09-06,1.045174237041204,1.045174237041204,1.045174237041204,1.045174237041204,1.0325901373901014
2000-09-07,1.0454288945735624,1.0454288945735624,1.0454288945735624,1.0454288945735624,1.0414349375233165
2000-09-08,1.0456823695952226,1.0456823695952226,1.0456823695952226,1.0456823695952226,1.0343160336613906
2000-09-11,1.0459363210278387,1.0459363210278387,1.0459363210278387,1.0459363210278387,1.0328048706068713
2000-09-12,1.0461903341343741,1.0461903341343741,1.0461903341343741,1.0461903341343741,1.0252542417228376
2000-09-13,1.0464431634651232,1.0464431634651232,1.0464431634651232,1.0464431634651232,1.0279508291695845
2000-09-14,1.046696884406741,1.046696884406741,1.046696884406741,1.046696884406741,1.0331296891034503
2000-09-15,1.046949005441993,1.046949005441993,1.046949005441993,1.046949005441993,1.0105260693255511
2000-09-18,1.0471999408385353,1.0471999408385353,1.0471999408385353,1.0471999408385353,1.001225703513127
2000-09-19,1.047451351935443,1.047451351935443,1.047451351935443,1.047451351935443,1.0103099140344982
2000-09-20,1.0477053173227573,1.0477053173227573,1.0477053173227573,1.0477053173227573,1.0028479556645962
2000-09-21,1.0479593442866002,1.0479593442866002,1.0479593442866002,1.0479593442866002,0.987599136776785
2000-09-22,1.048212601128136,1.048212601128136,1.048212601128136,1.048212601128136,1.0055511515741886
2000-09-25,1.0484667510881713,1.0484667510881713,1.0484667510881713,1.0484667510881713,0.9984137607465804
2000-09-26,1.0487192984365485,1.0487192984365485,1.0487192984365485,1.0487192984365485,0.9856521497801654
2000-09-27,1.0489689935076048,1.0489689935076048,1.0489689935076048,1.0489689935076048,0.9908434737768665
2000-09-28,1.0492195805449427,1.0492195805449427,1.0492195805449427,1.0492195805449427,1.0036048337889962
2000-09-29,1.049468562016834,1.049468562016834,1.049468562016834,1.049468562016834,0.9940881453826619
2000-10-02,1.0497176025724237,1.0497176025724237,1.0497176025724237,1.0497176025724237,0.9956019016314622
2000-10-03,1.049967535334941,1.049967535334941,1.049967535334941,1.049967535334941,0.9863017031218947
2000-10-04,1.0502187775666103,1.0502187775666103,1.0502187775666103,1.0502187775666103,0.9945201213590547
2000-10-05,1.0504696631634733,1.0504696631634733,1.0504696631634733,1.0504696631634733,0.9979811155587599
2000-10-06,1.0507189412819542,1.0507189412819542,1.0507189412819542,1.0507189412819542,0.9763520349220262
2000-10-09,1.0509682785545282,1.0509682785545282,1.0509682785545282,1.0509682785545282,0.9689976522890804
2000-10-10,1.0512176749952329,1.0512176749952329,1.0512176749952329,1.0512176749952329,0.9529917879740123
2000-10-11,1.0514650448687535,1.0514650448687535,1.0514650448687535,1.0514650448687535,0.9449891904221919
2000-10-12,1.051709552216489,1.051709552216489,1.051709552216489,1.051709552216489,0.9214131227888382
2000-10-13,1.0519532817317645,1.0519532817317645,1.0519532817317645,1.0519532817317645,0.9521269158555138
2000-10-16,1.0521991549392802,1.0521991549392802,1.0521991549392802,1.0521991549392802,0.9564526985222892
2000-10-17,1.0524425803786968,1.0524425803786968,1.0524425803786968,1.0524425803786968,0.9326603919464539
2000-10-18,1.0526856444984507,1.0526856444984507,1.0526856444984507,1.0526856444984507,0.9291998160038907
2000-10-19,1.0529304356840365,1.0529304356840365,1.0529304356840365,1.0529304356840365,0.964239642691627
2000-10-20,1.053174448134211,1.053174448134211,1.053174448134211,1.053174448134211,0.9683486845073501
2000-10-23,1.0534176812805656,1.0534176812805656,1.0534176812805656,1.0534176812805656,0.9726742998712686
2000-10-24,1.0536626426937523,1.0536626426937523,1.0536626426937523,1.0536626426937523,0.9661859604768192
2000-10-25,1.0539080791902846,1.0539080791902846,1.0539080791902846,1.0539080791902846,0.9434748486133924
2000-10-26,1.0541548275104127,1.0541548275104127,1.0541548275104127,1.0541548275104127,0.9460708870431709
2000-10-27,1.0544033068626115,1.0544033068626115,1.0544033068626115,1.0544033068626115,0.9640232364462881
2000-10-30,1.0546531000269754,1.0546531000269754,1.0546531000269754,1.0546531000269754,0.9726742998712684
2000-10-31,1.0549016968291247,1.0549016968291247,1.0549016968291247,1.0549016968291247,0.9894377115221642
2000-11-01,1.0551478405583847,1.0551478405583847,1.0551478405583847,1.0551478405583847,0.9860851295736991
2000-11-02,1.0553936230117211,1.0553936230117211,1.0553936230117211,1.0553936230117211,0.9877072144223115
2000-11-03,1.0556423943657167,1.0556423943657167,1.0556423943657167,1.0556423943657167,0.988248104558515
2000-11-06,1.0558933188872346,1.0558933188872346,1.0558933188872346,1.0558933188872346,0.9951694237464985
2000-11-07,1.056144303053113,1.056144303053113,1.056144303053113,1.0546076369945323,0.9949528501983033
2000-11-08,1.0563953468775291,1.0563953468775291,1.0563953468775291,1.0312231474328237,0.9728911243737489
2000-11-09,1.0566443543521502,1.0566443543521502,1.0566443543521502,1.0304349983130001,0.9692138912315618
2000-11-10,1.0568925819147599,1.0568925819147599,1.0568925819147599,1.0306770687570481,0.9456384928096355
2000-11-13,1.05714002898751,1.05714002898751,1.05714002898751,1.0309183780707651,0.9382842774795466
2000-11-14,1.0573883729943196,1.0573883729943196,1.0573883729943196,1.0311605620706927,0.9629417907795941
2000-11-15,1.0576359361451397,1.0576359361451397,1.0576359361451397,1.0314019845832412,0.9659698888371939
2000-11-16,1.0578822981667735,1.0578822981667735,1.0578822981667735,1.0316422357598087,0.9508291475949094
2000-11-17,1.058129137369679,1.058129137369679,1.058129137369679,1.031882952281486,0.94574615219802
2000-11-20,1.0583756142758838,1.0583756142758838,1.0583756142758838,1.0321233154929899,0.9322281650157753
2000-11-21,1.0586217286052353,1.0586217286052353,1.0586217286052353,1.0323633251211164,0.9369862582646573
2000-11-22,1.0588674800779472,1.0588674800779472,1.0588674800779472,1.0326029808930195,0.9146002158520947
2000-11-24,1.0591137087856162,1.0591137087856162,1.0591137087856162,1.032843102062386,0.9333096106824691
2000-11-27,1.0593599947512307,1.0593599947512307,1.0593599947512307,1.033083279069453,0.9415287817824849
2000-11-28,1.0596033953214534,1.0596033953214534,1.0596033953214534,1.0333206422514298,0.9253067621763634
2000-11-29,1.0598426470404765,1.0598426470404765,1.0598426470404765,1.0335539594916843,0.9235760141222255
2000-11-30,1.0600785882011867,1.0600785882011867,1.0600785882011867,1.0337840482898093,0.9155733329189766
2000-12-01,1.060315002553,1.060315002553,1.060315002553,1.0340145985418485,0.9151401858225857
2000-12-04,1.060550207349201,1.060550207349201,1.060550207349201,1.0342439692404932,0.9229270463404949
2000-12-05,1.0607812557872305,1.0607812557872305,1.0607812557872305,1.0344692866766492,0.9532084451736355
2000-12-06,1.0610094079462133,1.0610094079462133,1.0610094079462133,1.0346917796740218,0.9379596262858243
2000-12-07,1.0612388722824555,1.0612388722824555,1.0612388722824555,1.034915552300975,0.9250901049767395
2000-12-08,1.0614704918775966,1.0614704918775966,1.0614704918775966,1.0351414267270724,0.9272529126586987
2000-12-11,1.0617030044615317,1.0617030044615317,1.0617030044615317,1.0353681719919745,0.9594810475341735
2000-12-12,1.0619364105982267,1.0619364105982267,1.0619364105982267,1.0355957886456586,0.9553715874613082
2000-12-13,1.0621660754171853,1.0621660754171853,1.0621660754171853,1.0358197567824887,0.9422856599068848
2000-12-14,1.0623949469167693,1.0623949469167693,1.0623949469167693,1.0360429512777003,0.9302812616705837
2000-12-15,1.06262175980623,1.06262175980623,1.06262175980623,1.0362641382252349,0.9092691939699213
2000-12-18,1.062846512741935,1.062846512741935,1.062846512741935,1.036483316314788,0.9214188947373987
2000-12-19,1.0630721567436483,1.0630721567436483,1.0630721567436483,1.0367033633680534,0.902652115027124
2000-12-20,1.0632932082556061,1.0632932082556061,1.0632932082556061,1.0369189318451983,0.8765090360096558
2000-12-21,1.0635100863147504,1.0635100863147504,1.0635100863147504,1.0371304303892335,0.8825832171819671
2000-12-22,1.0637253204988857,1.0637253204988857,1.0637253204988857,1.037340325833479,0.9090522021645838
2000-12-26,1.06394059824232,1.06394059824232,1.06394059824232,1.0375502637565643,0.9188155786333472
2000-12-27,1.064155919553869,1.064155919553869,1.064155919553869,1.0377602441670866,0.9255411534788134
2000-12-28,1.0643746627151107,1.0643746627151107,1.0643746627151107,1.0379735615506098,0.928361545039631
2000-12-29,1.064590494243939,1.064590494243939,1.064590494243939,1.0381840395228132,0.9107877183501422
2001-01-02,1.064796230581517,1.064796230581517,1.064796230581517,1.0383846727082289,0.8942991852930549
2001-01-03,1.0650041193693927,1.0650041193693927,1.0650041193693927,1.0385874049538528,0.9372568706356157
2001-01-04,1.0652057094348448,1.0652057094348448,1.0652057094348448,1.0387839947126478,0.9271682574131312
2001-01-05,1.0653984609441711,1.0653984609441711,1.0653984609441711,1.0389719651497864,0.8969027523513917
2001-01-08,1.0655904017780078,1.0655904017780078,1.0655904017780078,1.0391591450196982,0.9038455699564806
2001-01-09,1.0657866057250018,1.0657866057250018,1.0657866057250018,1.0393504822590987,0.9014589947034812
2001-01-10,1.0659879209727499,1.0659879209727499,1.0659879209727499,1.0395468040168585,0.9172968869502697
2001-01-11,1.0661896972577911,1.0661896972577911,1.0661896972577911,1.0397435753761903,0.9181644359144777
2001-01-12,1.0663970119211468,1.0663970119211468,1.0663970119211468,1.039945747738069,0.9164285851232058
2001-01-16,1.0666039437222696,1.0666039437222696,1.0666039437222696,1.0401475467343562,0.9222867783073208
2001-01-17,1.0668087994003497,1.0668087994003497,1.0668087994003497,1.0403473211044434,0.9265174492999756
2001-01-18,1.0670086143818245,1.0670086143818245,1.0670086143818245,1.040542179809031,0.9357381789525383
2001-01-19,1.067209737037313,1.067209737037313,1.067209737037313,1.0407383137516537,0.9304228835389095
2001-01-22,1.067410897602826,1.067410897602826,1.067410897602826,1.0409344846639679,0.93660606252246
2001-01-23,1.0676150611157802,1.0676150611157802,1.0676150611157802,1.041133584037622,0.9439824454810819
2001-01-24,1.0678188400222868,1.0678188400222868,1.0678188400222868,1.041332308344734,0.9468030879961847
2001-01-25,1.0680213866117831,1.0680213866117831,1.0680213866117831,1.0415298309016343,0.9444167636974707
2001-01-26,1.068223971620831,1.068223971620831,1.068223971620831,1.0417273909251148,0.9433315537164978
2001-01-29,1.0684261711583165,1.0684261711583165,1.0684261711583165,1.0419245750383972,0.9483648601649021
2001-01-30,1.0686254411188103,1.0686254411188103,1.0686254411188103,1.0421189022408845,0.956695956876152
2001-01-31,1.0688213557830155,1.0688213557830155,1.0688213557830155,1.0423099573729622,0.9512810326112676
2001-02-01,1.0690143374166987,1.0690143374166987,1.0690143374166987,1.0424981522263768,0.9575985557888707
2001-02-02,1.0692115960146744,1.0692115960146744,1.0692115960146744,1.042690517956847,0.9358680059694559
2001-02-05,1.0694101638825058,1.0694101638825058,1.0694101638825058,1.0428841604816104,0.9427413092375226
2001-02-06,1.0696104661036774,1.0696104661036774,1.0696104661036774,1.0430794943402402,0.939964500070915
2001-02-07,1.0698099569445778,1.0698099569445778,1.0698099569445778,1.0432740369443434,0.93510451938221
2001-02-08,1.0700107585753853,1.0700107585753853,1.0700107585753853,1.0434698578250874,0.9242048219097051
2001-02-09,1.0702090502516768,1.0702090502516768,1.0702090502516768,1.0436632310090574,0.9153181124108483
2001-02-12,1.0704073786748782,1.0704073786748782,1.0704073786748782,1.0438566400284548,0.9258016440269327
2001-02-13,1.0706091419704618,1.0706091419704618,1.0706091419704618,1.0440533987205236,0.9182335319943579
2001-02-14,1.0708147669009038,1.0708147669009038,1.0708147669009038,1.0442539232621828,0.9168455038424821
2001-02-15,1.071022555956862,1.071022555956862,1.071022555956862,1.044456558249673,0.9257319623870536
2001-02-16,1.0712244352084808,1.0712244352084808,1.0712244352084808,1.0446534300215653,0.9053205955939199
2001-02-20,1.0714255023346133,1.0714255023346133,1.0714255023346133,1.0448495098122004,0.8913661152581474
2001-02-21,1.0716244813564755,1.0716244813564755,1.0716244813564755,1.045043553292594,0.8721348191658219
2001-02-22,1.0718213710925342,1.0718213710925342,1.0718213710925342,1.0452355593105203,0.8734538348892461
2001-02-23,1.0720140437437662,1.0720140437437662,1.0720140437437662,1.0454234528455868,0.8675528121737771
2001-02-26,1.0722037732134129,1.0722037732134129,1.0722037732134129,1.0456084762027174,0.8860206216788566
2001-02-27,1.0723926853067887,1.0723926853067887,1.0723926853067887,1.0457927024580485,0.8778275498245098
2001-02-28,1.0725803540267174,1.0725803540267174,1.0725803540267174,1.0459757161809786,0.8605403965802376
2001-03-01,1.072768055588672,1.072768055588672,1.072768055588672,1.0461587619313104,0.8650534747952592
2001-03-02,1.0729587699096657,1.0729587699096657,1.0729587699096657,1.0463447457112094,0.8581796696186219
2001-03-05,1.073149943912717,1.073149943912717,1.073149943912717,1.0465311777710604,0.8660256716964284
2001-03-06,1.0733411519781204,1.0733411519781204,1.0733411519781204,1.0467176430483696,0.8753283797488487
2001-03-07,1.0735298385377736,1.0735298385377736,1.0735298385377736,1.0469016493641912,0.8815771414522854
2001-03-08,1.073718558267326,1.073718558267326,1.073718558267326,1.0470856880271546,0.8825489200963125
2001-03-09,1.0739090154877806,1.0739090154877806,1.0739090154877806,1.0472714210837213,0.8564442370844919
2001-03-12,1.0740990803373471,1.0740990803373471,1.0740990803373471,1.0474567715018972,0.8197875119367057
2001-03-13,1.074289178825375,1.074289178825375,1.074289178825375,1.047642154724155,0.8332558938218937
2001-03-14,1.074473342684602,1.074473342684602,1.074473342684602,1.0478217505221077,0.816801825153318
2001-03-15,1.0746532743316708,1.0746532743316708,1.0746532743316708,1.0479972190850921,0.8170102845129561
2001-03-16,1.0748349419089984,1.0748349419089984,1.0748349419089984,1.048174380519747,0.8006232206385497
2001-03-19,1.0750191993276113,1.0750191993276113,1.0750191993276113,1.0483540675564074,0.8169124959931259
2001-03-20,1.0752000755738473,1.0752000755738473,1.0752000755738473,1.0485304572884089,0.7949843614997684
2001-03-21,1.0753797022531395,1.0753797022531395,1.0753797022531395,1.0487056284481384,0.7814796748946434
2001-03-22,1.0755576519895838,1.0755576519895838,1.0755576519895838,1.048879164260465,0.7735439148341355
2001-03-23,1.0757386188326168,1.0757386188326168,1.0757386188326168,1.0490556423420705,0.7969339416906692
2001-03-26,1.0759208967652523,1.0759208967652523,1.0759208967652523,1.0492333989925784,0.8070975065930235
2001-03-27,1.0761091829221863,1.0761091829221863,1.0761091829221863,1.0494170148374022,0.8235956595643799
2001-03-28,1.0762928047272087,1.0762928047272087,1.0762928047272087,1.049596082026442,0.8008320146039015
2001-03-29,1.0764751765635652,1.0764751765635652,1.0764751765635652,1.0497739302514522,0.8038950789585835
2001-03-30,1.0766537347476144,1.0766537347476144,1.0766537347476144,1.0499480594192478,0.8123184431953877
2001-04-02,1.07683403152383,1.07683403152383,1.07683403152383,1.0501238840545952,0.7949843614997684
2001-04-03,1.0770113672869581,1.0770113672869581,1.0770113672869581,1.0502968211228028,0.7684620905572442
2001-04-04,1.0771874500978003,1.0771874500978003,1.0771874500978003,1.0504685363173674,0.7716642672373989
2001-04-05,1.077366553884146,1.077366553884146,1.077366553884146,1.05064319755416,0.8009017798952088
2001-04-06,1.0775405571331265,1.0775405571331265,1.0775405571331265,1.050812884769003,0.7887192877677883
2001-04-09,1.0777158712713901,1.0777158712713901,1.0777158712713901,1.0509838503573978,0.797490558295417
2001-04-10,1.0778972012433818,1.0778972012433818,1.0778972012433818,1.0511606825607913,0.8120396329844429
2001-04-11,1.078080700409784,1.078080700409784,1.078080700409784,1.0513396301531797,0.8125962495891909
2001-04-12,1.078267225483347,1.078267225483347,1.078267225483347,1.0515215285971267,0.8273552057121382
2001-04-16,1.0784593453183637,1.0784593453183637,1.0784593453183637,1.051708883028214,0.8186531149158179
2001-04-17,1.0786480757037944,1.0786480757037944,1.0786480757037944,1.051892932082744,0.8302089741928977
2001-04-18,1.0788304185927824,1.0788304185927824,1.0788304185927824,1.0520707520784056,0.8632056983927524
2001-04-19,1.0790140766283287,1.0790140766283287,1.0790140766283287,1.0522498545992953,0.874691625075668
2001-04-20,1.0791964813889017,1.0791964813889017,1.0791964813889017,1.0524277349318587,0.8666865179809948
2001-04-23,1.0793742062062732,1.0793742062062732,1.0793742062062732,1.0526010514040798,0.8509536919283097
2001-04-24,1.0795523886149168,1.0795523886149168,1.0795523886149168,1.0527748141173274,0.8463588862677157
2001-04-25,1.0797323140130193,1.0797323140130193,1.0797323140130193,1.052950276586347,0.8574275596256415
2001-04-26,1.079909698607464,1.079909698607464,1.079909698607464,1.0531232612746433,0.8612564528075654
2001-04-27,1.0800931118419894,1.0800931118419894,1.0800931118419894,1.0533021250666375,0.8755963152740973
2001-04-30,1.0802774134444069,1.0802774134444069,1.0802774134444069,1.053481855191153,0.8817230295434603
2001-05-01,1.0804587457245207,1.0804587457245207,1.0804587457245207,1.0536586896454172,0.8844381039558893
2001-05-02,1.0806418234564352,1.0806418234564352,1.0806418234564352,1.0538372262567182,0.8828366810100982
2001-05-03,1.0808227880792523,1.0808227880792523,1.0808227880792523,1.0540137021731788,0.8716288116752713
2001-05-04,1.081000351823008,1.081000351823008,1.081000351823008,1.054186861567107,0.8864564456209565
2001-05-07,1.0811770868011632,1.0811770868011632,1.0811770868011632,1.0543592127524108,0.8787993284685363
2001-05-08,1.0813529925970315,1.0813529925970315,1.0813529925970315,1.0545307553227394,0.8783811549778338
2001-05-09,1.0815276396875027,1.0815276396875027,1.0815276396875027,1.0547010704090158,0.874691625075668
2001-05-10,1.0817066067612129,1.0817066067612129,1.0817066067612129,1.0548755983242382,0.8772677544654812
2001-05-11,1.0818937591741287,1.0818937591741287,1.0818937591741287,1.0550581085468052,0.8712114746988532
2001-05-14,1.0820779387069406,1.0820779387069406,1.0820779387069406,1.0552377196295697,0.8729513407586895
2001-05-15,1.0822617201981177,1.0822617201981177,1.0822617201981177,1.055416942543856,0.8769891115573935
2001-05-16,1.0824442444961668,1.0824442444961668,1.0824442444961668,1.0555949394488484,0.8976641476529266
2001-05-17,1.0826302359080189,1.0826302359080189,1.0826302359080189,1.0557763174682062,0.8990564420276521
2001-05-18,1.0828179777386109,1.0828179777386109,1.0828179777386109,1.0559594024883387,0.9031638108148068
2001-05-21,1.0830057521260203,1.0830057521260203,1.0830057521260203,1.0561425192577385,0.9164597034545799
2001-05-22,1.083192269783331,1.083192269783331,1.083192269783331,1.0537229743324208,0.9152766213023482
2001-05-23,1.0833766703721155,1.0833766703721155,1.0833766703721155,1.03585055721301,0.899752421912158
2001-05-24,1.0835623920870363,1.0835623920870363,1.0835623920870363,1.0349922810370333,0.9023982329418501
2001-05-25,1.0837477156548894,1.0837477156548894,1.0837477156548894,1.0351692975739883,0.8917472311660564
2001-05-29,1.0839339310361904,1.0839339310361904,1.0839339310361904,1.0353471659493256,0.8846464796640988
2001-05-30,1.0841206085465356,1.0841206085465356,1.0841206085465356,1.0355254757390169,0.8722551099198981
2001-05-31,1.084302155727808,1.084302155727808,1.084302155727808,1.0356988851639224,0.8767804848948985
2001-06-01,1.0844837333110293,1.0844837333110293,1.0844837333110293,1.0358723236280254,0.8822102154626142
2001-06-04,1.0846640502492266,1.0846640502492266,1.0846640502492266,1.036044557954851,0.8864564456209564
2001-06-05,1.0848413842129976,1.0848413842129976,1.0848413842129976,1.0362139430175008,0.896620261477596
2001-06-06,1.0850187471694641,1.0850187471694641,1.0850187471694641,1.036383355773264,0.889171436381957
2001-06-07,1.085197000249356,1.085197000249356,1.085197000249356,1.036553618753141,0.8923739476678254
2001-06-08,1.0853765745148733,1.0853765745148733,1.0853765745148733,1.0367251436971965,0.8840895284536372
2001-06-11,1.0855535942657168,1.0855535942657168,1.0855535942657168,1.0368942286313472,0.8778242874188005
2001-06-12,1.0857297813371671,1.0857297813371671,1.0857297813371671,1.037062518210518,0.8762931316728874
2001-06-13,1.0859055661589074,1.0859055661589074,1.0859055661589074,1.0372304235706094,0.8687750431945115
2001-06-14,1.0860796557814187,1.0860796557814187,1.0860796557814187,1.0373967097178802,0.8492828382969247
2001-06-15,1.086252480361565,1.086252480361565,1.086252480361565,1.0375617875276408,0.8506512920145488
2001-06-18,1.0864240392850506,1.0864240392850506,1.0864240392850506,1.0377256564131312,0.8465319610731292
2001-06-19,1.086596056424604,1.086596056424604,1.086596056424604,1.0378899629753966,0.8502325329638473
2001-06-20,1.0867676696112933,1.0867676696112933,1.0867676696112933,1.0380538836917712,0.8547000211503767
2001-06-21,1.0869397411589816,1.0869397411589816,1.0869397411589816,1.0382182422233557,0.8644036704992437
2001-06-22,1.087109251999567,1.087109251999567,1.087109251999567,1.0383801548301788,0.8576325056252854
2001-06-25,1.0872800834534528,1.0872800834534528,1.0872800834534528,1.0385433288545094,0.8497437576675531
2001-06-26,1.0874539619747352,1.0874539619747352,1.0874539619747352,1.0387094133630523,0.8485569112010422
2001-06-27,1.087629162890831,1.087629162890831,1.087629162890831,1.0388767609907608,0.84806855416189
2001-06-28,1.087811297615728,1.087811297615728,1.087811297615728,1.0390507316229585,0.8527456728280554
2001-06-29,1.087994757854413,1.087994757854413,1.087994757854413,1.03922596835349,0.8558874531768865
2001-07-02,1.0881765220580069,1.0881765220580069,1.0881765220580069,1.039399585072806,0.8665684021640568
2001-07-03,1.088359612076004,1.088359612076004,1.088359612076004,1.039574468177596,0.8663586880329923
2001-07-05,1.0885427328996231,1.0885427328996231,1.0885427328996231,1.0397493807071623,0.8494641109423243
2001-07-06,1.0887224288428319,1.0887224288428319,1.0887224288428319,1.039921021874771,0.8311038771742009
2001-07-09,1.0889017224174231,1.0889017224174231,1.0889017224174231,1.0400922787097227,0.8356418835148935
2001-07-10,1.089078020791529,1.089078020791529,1.089078020791529,1.040260674602466,0.8255889894523472
2001-07-11,1.0892539155353633,1.0892539155353633,1.0892539155353633,1.0404286849574516,0.8264265075537502
2001-07-12,1.0894298386875947,1.0894298386875947,1.0894298386875947,1.0405967224474428,0.8460437713368341
2001-07-13,1.0896079518199515,1.0896079518199515,1.0896079518199515,1.0407668517528588,0.8533742296612499
2001-07-16,1.0897839321518528,1.0897839321518528,1.0897839321518528,1.0409349438594713,0.8426924441597954
2001-07-17,1.0899608058138568,1.0899608058138568,1.0899608058138568,1.0411038892531372,0.8505815267232413
2001-07-18,1.0901320853690561,1.0901320853690561,1.0901320853690561,1.0412674912928772,0.8447869086247303
2001-07-19,1.0903042570238088,1.0903042570238088,1.0903042570238088,1.0414319454442797,0.8521870485890252
2001-07-20,1.0904764558707514,1.0904764558707514,1.0904764558707514,1.0415964255689967,0.8470909199178729
2001-07-23,1.0906486819141785,1.0906486819141785,1.0906486819141785,1.0417609316711303,0.8304059733068408
2001-07-24,1.0908205023612896,1.0908205023612896,1.0908205023612896,1.041925050357588,0.8223773601607799
2001-07-25,1.0909927827422181,1.0909927827422181,1.0909927827422181,1.0420896083615732,0.83145312188788
2001-07-26,1.0911633585979326,1.0911633585979326,1.0911633585979326,1.0422525382447854,0.8401797225527292
2001-07-27,1.0913309301137173,1.0913309301137173,1.0913309301137173,1.0424125984560157,0.8433906826328688
2001-07-30,1.0914980942958696,1.0914980942958696,1.0914980942958696,1.0425722695921285,0.8436699111009555
2001-07-31,1.0916622521441786,1.0916622521441786,1.0916622521441786,1.042729069151722,0.8471605179063237
2001-08-01,1.0918281674785322,1.0918281674785322,1.0918281674785322,1.0428875474189778,0.8524663607085405
2001-08-02,1.0919967076202581,1.0919967076202581,1.0919967076202581,1.0430485328380041,0.8559571348167657
2001-08-03,1.09216614044275,1.09216614044275,1.09216614044275,1.0432103709238532,0.8512795142420297
2001-08-06,1.092334299356437,1.092334299356437,1.092334299356437,1.0433709922031857,0.8398305614904786
2001-08-07,1.0925033510932423,1.0925033510932423,1.0925033510932423,1.0435324662853125,0.843111370513354
2001-08-08,1.0926667930628304,1.0926667930628304,1.0926667930628304,1.04368858205507,0.8274739070890749
2001-08-09,1.092830259483856,1.092830259483856,1.092830259483856,1.0438447211802426,0.8299171980105471
2001-08-10,1.0929920157087716,1.0929920157087716,1.0929920157087716,1.043999226767941,0.8327797498912914
2001-08-13,1.093152494695205,1.093152494695205,1.093152494695205,1.0441525123686966,0.8329890457652138
2001-08-14,1.0933147324067192,1.0933147324067192,1.0933147324067192,1.0443074778606114,0.8326394664458208
2001-08-15,1.0934795973266853,1.0934795973266853,1.0934795973266853,1.044464952797749,0.8254492915668756
2001-08-16,1.093642317504859,1.093642317504859,1.093642317504859,1.0446203791300106,0.8283115924933349
2001-08-17,1.093801590016972,1.093801590016972,1.093801590016972,1.044772512336019,0.8150476546992206
2001-08-20,1.0939639240624743,1.0939639240624743,1.0939639240624743,1.044927569843802,0.8225871579432736
2001-08-21,1.0941241116370692,1.0941241116370692,1.0941241116370692,1.0450805770951006,0.8085548817790646
2001-08-22,1.0942873619013453,1.0942873619013453,1.0942873619013453,1.0452365097526355,0.8169320704273775
2001-08-23,1.0944488995595307,1.0944488995595307,1.0944488995595307,1.0453908065707418,0.8140001715124677
2001-08-24,1.094612198284227,1.094612198284227,1.094612198284227,1.0455467855164842,0.8308947486031357
2001-08-27,1.0947763901139698,1.0947763901139698,1.0947763901139698,1.0457036175343117,0.825937899560313
2001-08-28,1.0949375655269589,1.0949375655269589,1.0949375655269589,1.0458575683446711,0.8138609755355664
2001-08-29,1.0950970266724147,1.0950970266724147,1.0950970266724147,1.0460098817286325,0.8066003661538864
2001-08-30,1.0952539036671087,1.0952539036671087,1.0952539036671087,1.0461597267950231,0.7911024333122221
2001-08-31,1.0954121070087497,1.0954121070087497,1.0954121070087497,1.0463108387555602,0.7968968841078762
2001-09-04,1.0955785922615213,1.0955785922615213,1.0955785922615213,1.0464698613949426,0.7918000862252965
2001-09-05,1.0957433638037701,1.0957433638037701,1.0957433638037701,1.0466272471399698,0.7937551037590451
2001-09-06,1.0959020726640036,1.0959020726640036,1.0959020726640036,1.046778841959496,0.7733001545717014
2001-09-07,1.0960555859305317,1.0960555859305317,1.0960555859305317,1.0469254740750564,0.7589891518479764
2001-09-10,1.0962091207011007,1.0962091207011007,1.0962091207011007,1.0470721267307503,0.768274042146142
2001-09-17,1.096337881772421,1.096337881772421,1.096337881772421,1.04719511615516,0.728132482141549
2001-09-18,1.0964666579680578,1.0964666579680578,1.0964666579680578,1.0473181200259465,0.7263871787388648
2001-09-19,1.0965889227025376,1.0965889227025376,1.0965889227025376,1.047434904308378,0.7117264293928899
2001-09-20,1.0967155526138497,1.0967155526138497,1.0967155526138497,1.0475558581008992,0.6891076687064457
2001-09-21,1.0968421971479017,1.0968421971479017,1.0968421971479017,1.0476768258607039,0.6816729388764965
2001-09-24,1.0969701620709023,1.0969701620709023,1.0969701620709023,1.047799054823721,0.7056379438263176
2001-09-25,1.0970955300894247,1.0970955300894247,1.0970955300894247,1.0479188032871294,0.7129958398192573
2001-09-26,1.097218300303506,1.097218300303506,1.097218300303506,1.0480360703913068,0.7104729963893517
2001-09-27,1.0973393426398095,1.0973393426398095,1.0973393426398095,1.0481516870689134,0.7166396960415023
2001-09-28,1.0974638819461566,1.0974638819461566,1.0974638819461566,1.0482706439667315,0.731845434443674
2001-10-01,1.097586693380565,1.097586693380565,1.097586693380565,1.0483879504435563,0.7306539034971713
2001-10-02,1.0977073408067817,1.0977073408067817,1.0977073408067817,1.0485031899127122,0.7398337276012336
2001-10-03,1.0978280014946402,1.0978280014946402,1.0978280014946402,1.0486184420490636,0.7522369758482708
2001-10-04,1.0979478041535333,1.0979478041535333,1.0979478041535333,1.0487328746171443,0.7528675403157474
2001-10-05,1.098065877111837,1.098065877111837,1.098065877111837,1.0488456550175496,0.7513960280383023
2001-10-08,1.0981839627676693,1.0981839627676693,1.0981839627676693,1.0489584475463232,0.7464907919268187
2001-10-09,1.0983033684842558,1.0983033684842558,1.0983033684842558,1.0490725009648263,0.7424966871737532
2001-10-10,1.098424530522525,1.098424530522525,1.098424530522525,1.0491882319788215,0.7590338217107561
2001-10-11,1.0985500647545847,1.0985500647545847,1.0985500647545847,1.0493081392053334,0.7708064218388883
2001-10-12,1.0986725618054562,1.0986725618054562,1.0986725618054562,1.049425145390697,0.767302849062114
2001-10-15,1.098793764572195,1.098793764572195,1.098793764572195,1.04954091530753,0.7659013530302615
2001-10-16,1.0989145446804436,1.0989145446804436,1.0989145446804436,1.0496562815113157,0.7707359873361534
2001-10-17,1.0990366462965193,1.0990366462965193,1.0990366462965193,1.0497729099870392,0.754338885290336
2001-10-18,1.0991574531024813,1.0991574531024813,1.0991574531024813,1.0498883016918275,0.7527275914759906
2001-10-19,1.099278273187604,1.099278273187604,1.099278273187604,1.0500037060805452,0.7522369758482709
2001-10-22,1.099399978996421,1.099399978996421,1.099399978996421,1.0501199564908612,0.7670922984167652
2001-10-23,1.0995225708194758,1.0995225708194758,1.0995225708194758,1.0502370532002954,0.7631684608635776
2001-10-24,1.0996412494461676,1.0996412494461676,1.0996412494461676,1.0503504121203235,0.7611361494099632
2001-10-25,1.0997560135924391,1.0997560135924391,1.0997560135924391,1.0504600320244457,0.7748004429405253
2001-10-26,1.09987078971608,1.09987078971608,1.09987078971608,1.0505696633690578,0.7730485310749955
2001-10-29,1.0999820861650393,1.0999820861650393,1.0999820861650393,1.0506759710135654,0.7529374729099119
2001-10-30,1.1000903383703444,1.1000903383703444,1.1000903383703444,1.0507793708710302,0.7438983505084625
2001-10-31,1.100196855053901,1.100196855053901,1.100196855053901,1.0508811130005908,0.7413757580328423
2001-11-01,1.1003055649812454,1.1003055649812454,1.1003055649812454,1.050984950062947,0.7603654687998728
2001-11-02,1.1004138490209738,1.1004138490209738,1.1004138490209738,1.0510883803278737,0.7655511881508694
2001-11-05,1.100521270372902,1.100521270372902,1.100521270372902,1.0511909865745246,0.7755712072020443
2001-11-06,1.1006247717780917,1.1006247717780917,1.1006247717780917,1.0512898485839763,0.787624206918261
2001-11-07,1.1007260991380332,1.1007260991380332,1.1007260991380332,1.051386633998608,0.7865725411600869
2001-11-08,1.100831803787236,1.100831803787236,1.100831803787236,1.0514876004928253,0.7890254519958283
2001-11-09,1.100938829101493,1.100938829101493,1.100938829101493,1.0515898284539842,0.789866650760082
2001-11-12,1.1010458648209889,1.1010458648209889,1.1010458648209889,1.0516920663539728,0.785031012637049
2001-11-13,1.1011568432533956,1.1011568432533956,1.1011568432533956,1.0517980702368515,0.8026898291778188
2001-11-14,1.1012748243437442,1.1012748243437442,1.1012748243437442,1.051910762887234,0.8034607607421947
2001-11-15,1.1014050544618612,1.1014050544618612,1.1014050544618612,1.0520351555091945,0.8049319384139263
2001-11-16,1.1015401077006821,1.1015401077006821,1.1015401077006821,1.0521641550580247,0.8013585166944162
2001-11-19,1.1016677464750664,1.1016677464750664,1.1016677464750664,1.0522860724918648,0.8112385869058341
2001-11-20,1.1017971487183031,1.1017971487183031,1.1017971487183031,1.0424164907984708,0.8044410718319215
2001-11-21,1.10193312447753,1.10193312447753,1.10193312447753,1.0415027217396715,0.7991161565040236
2001-11-23,1.1020730524933366,1.1020730524933366,1.1020730524933366,1.0416349760535433,0.8106081060897858
2001-11-26,1.102213872938933,1.102213872938933,1.102213872938933,1.042844340533187,0.8123598506524589
2001-11-27,1.1023499001272203,1.1023499001272203,1.1023499001272203,1.038346726527558,0.8088562778756846
2001-11-28,1.1024863815434265,1.1024863815434265,1.1024863815434265,1.019546156614956,0.79421092039254
2001-11-29,1.1026119424924357,1.1026119424924357,1.1026119424924357,1.0186427254372887,0.8049319384139265
2001-11-30,1.1027362051081768,1.1027362051081768,1.1027362051081768,1.0187575248555523,0.7991861727496165
2001-12-03,1.102859606540653,1.102859606540653,1.102859606540653,1.01887152867381,0.7944209691293183
2001-12-04,1.1029825841396363,1.1029825841396363,1.1029825841396363,1.018985140935539,0.8078750466202453
2001-12-05,1.1031169554306406,1.1031169554306406,1.1031169554306406,1.0366157216496494,0.8226608548517175
2001-12-06,1.1032565960293637,1.1032565960293637,1.1032565960293637,1.0360860504172071,0.8222405064238759
2001-12-07,1.1033962543048133,1.1033962543048133,1.1033962543048133,1.0291985324728798,0.8167745547876515
2001-12-10,1.103531989558319,1.103531989558319,1.103531989558319,1.0099497001462692,0.8014986328370303
2001-12-11,1.103664676142778,1.103664676142778,1.103664676142778,1.0090611848743547,0.7998870880683996
2001-12-12,1.1037947509081805,1.1037947509081805,1.1037947509081805,1.009180109942572,0.8007979684725324
2001-12-13,1.1039300971693038,1.1039300971693038,1.1039300971693038,1.0093038546465292,0.7852412286766844
2001-12-14,1.1040702787689445,1.1040702787689445,1.1040702787689445,1.0094320202153733,0.7927394917665233
2001-12-17,1.1042109162925495,1.1042109162925495,1.1042109162925495,1.0095606026274722,0.8009379173122895
2001-12-18,1.104348066299216,1.104348066299216,1.104348066299216,1.009685996464227,0.8057030372811593
2001-12-19,1.1044843568740648,1.1044843568740648,1.1044843568740648,1.0157884872053318,0.8113783684427346
2001-12-20,1.1046224174186738,1.1046224174186738,1.1046224174186738,1.0057878123472064,0.8033901589366035
2001-12-21,1.1047613719053095,1.1047613719053095,1.1047613719053095,1.011888293129617,0.8082630219452862
2001-12-24,1.1049025358583864,1.1049025358583864,1.1049025358583864,1.0099514962541465,0.8067159724279722
2001-12-26,1.1050454716626283,1.1050454716626283,1.1050454716626283,1.0154976639695157,0.811146068425995
2001-12-27,1.1051853563870173,1.1051853563870173,1.1051853563870173,1.021659618730833,0.8160680348231639
2001-12-28,1.1053239431221835,1.1053239431221835,1.1053239431221835,1.0211316965371895,0.8156463479724675
2001-12-31,1.105458599650175,1.105458599650175,1.105458599650175,1.0061668146123912,0.803692893456078
2002-01-02,1.1055998526934634,1.1055998526934634,1.1055998526934634,1.0052892135574236,0.8123418655953476
2002-01-03,1.105739807595451,1.105739807595451,1.105739807595451,1.0156824417433101,0.8215526407279274
2002-01-04,1.105879780213952,1.105879780213952,1.105879780213952,1.0224627291544164,0.8270369956784056
2002-01-07,1.1060149432982003,1.1060149432982003,1.1060149432982003,1.0152476726960526,0.8212009701228237
2002-01-08,1.1061496840075624,1.1061496840075624,1.1061496840075624,1.0129007058172563,0.8193025846061196
2002-01-09,1.1062826853386156,1.1062826853386156,1.1062826853386156,1.0046427827859754,0.8126230180462879
2002-01-10,1.1064117516519052,1.1064117516519052,1.1064117516519052,1.009075482810606,0.8162084855714915
2002-01-11,1.106532930081848,1.106532930081848,1.106532930081848,0.999165768337176,0.8081928383968366
2002-01-14,1.1066554390848213,1.1066554390848213,1.1066554390848213,0.9929073278843144,0.803130588554197
2002-01-15,1.1067779616512914,1.1067779616512914,1.1067779616512914,0.9920243495820172,0.8096695370628443
2002-01-16,1.106902693770779,1.106902693770779,1.106902693770779,0.9709591579139506,0.7932862375027171
2002-01-17,1.107032710912587,1.107032710912587,1.107032710912587,0.9701022479269662,0.7992627974580551
2002-01-18,1.1071605468327759,1.1071605468327759,1.1071605468327759,0.9702142716389293,0.795606560824403
2002-01-22,1.1072910336115096,1.1072910336115096,1.1072910336115096,0.9703286183209437,0.7901219549196394
2002-01-23,1.1074259297810805,1.1074259297810805,1.1074259297810805,0.9704468289899217,0.796169702240568
2002-01-24,1.107564358022303,1.107564358022303,1.107564358022303,0.9705681348435454,0.7986299744020109
2002-01-25,1.1077036825863875,1.1077036825863875,1.1077036825863875,0.9706902261525714,0.7984194237566622
2002-01-28,1.1078439038065244,1.1078439038065244,1.1078439038065244,0.9708131032089771,0.8005989617243068
2002-01-29,1.1079779880885328,1.1079779880885328,1.1079779880885328,0.970930602413929,0.7754263229280108
2002-01-30,1.1081125282728006,1.1081125282728006,1.1081125282728006,0.9710485011299365,0.7866064199886003
2002-01-31,1.1082514820660285,1.1082514820660285,1.1082514820660285,0.9711702675292846,0.7958176970297507
2002-02-01,1.1083869350249476,1.1083869350249476,1.1083869350249476,0.9712889661175381,0.7920911931962205
2002-02-04,1.1085184460144604,1.1085184460144604,1.1085184460144604,0.9714042103242322,0.7724028256989743
2002-02-05,1.1086499726078565,1.1086499726078565,1.1086499726078565,0.9715194682047429,0.7676212263987046
2002-02-06,1.108781074866522,1.108781074866522,1.108781074866522,0.9716343542370942,0.764316827673013
2002-02-07,1.1089126326210401,1.1089126326210401,1.1089126326210401,0.9717496394243629,0.7595352283727432
2002-02-08,1.109042445806208,1.109042445806208,1.109042445806208,0.9718633958305654,0.7740906605703297
2002-02-11,1.1091722741877608,1.1091722741877608,1.1091722741877608,0.97197716555349,0.7835827554567069
2002-02-12,1.1093060790970277,1.1093060790970277,1.1093060790970277,0.9720944199417154,0.7811217304324082
2002-02-13,1.1094421011519646,1.1094421011519646,1.1094421011519646,0.9722136172336845,0.789419031966574
2002-02-14,1.1095772593761923,1.1095772593761923,1.1095772593761923,0.972332057543403,0.7879419986948527
2002-02-15,1.1097080309817615,1.1097080309817615,1.1097080309817615,0.9724466538216134,0.7797157172234206
2002-02-19,1.1098392583600285,1.1098392583600285,1.1098392583600285,0.9725616494973433,0.7647382635694241
2002-02-20,1.1099713820812618,1.1099713820812618,1.1099713820812618,0.9726774306460929,0.777606028198512
2002-02-21,1.1101035215315096,1.1101035215315096,1.1101035215315096,0.9727932255783126,0.7615042993464675
2002-02-22,1.110234355160833,1.110234355160833,1.110234355160833,0.97290787620847,0.770926210684395
2002-02-25,1.110366966486588,1.110366966486588,1.110366966486588,0.9730240846492392,0.7836530226565848
2002-02-26,1.110502678004714,1.110502678004714,1.110502678004714,0.9731430098151407,0.7820360405451064
2002-02-27,1.1106388467854695,1.1106388467854695,1.1106388467854695,0.9732623356842014,0.7850596214255713
2002-02-28,1.1107737100740078,1.1107737100740078,1.1107737100740078,0.9733805175392488,0.7815434172831046
2002-03-01,1.1109138791374218,1.1109138791374218,1.1109138791374218,0.9735033488902716,0.7997550024629146
2002-03-04,1.1110567109218823,1.1110567109218823,1.1110567109218823,0.9897336657243868,0.8138883295526624
2002-03-05,1.1112000019659496,1.1112000019659496,1.1112000019659496,0.9865699224385978,0.8112866864771794
2002-03-06,1.1113437524423944,1.1113437524423944,1.1113437524423944,0.9982845514470371,0.8209199849747401
2002-03-07,1.1114919316093868,1.1114919316093868,1.1114919316093868,0.9961468045851722,0.8191620502063636
2002-03-08,1.1116507161710454,1.1116507161710454,1.1116507161710454,1.0003360356708404,0.8226069833318111
2002-03-11,1.111809082284976,1.111809082284976,1.111809082284976,1.0024739859823233,0.8243650854030445
2002-03-12,1.1119661473775528,1.1119661473775528,1.1119661473775528,1.001875538930772,0.8238729640496132
2002-03-13,1.1121201458638366,1.1121201458638366,1.1121201458638366,0.9922136148438444,0.8159276677262647
2002-03-14,1.112280344122943,1.112280344122943,1.112280344122943,0.9908454161623274,0.8148025560139324
2002-03-15,1.1124405654582272,1.1124405654582272,1.1124405654582272,1.0002863939640316,0.8225661614347392
2002-03-18,1.1126025756516889,1.1126025756516889,1.1126025756516889,1.0004578002672553,0.8227071140916373
2002-03-19,1.1127632849126163,1.1127632849126163,1.1127632849126163,1.007146816810143,0.8282076974192303
2002-03-20,1.1129271083962287,1.1129271083962287,1.1129271083962287,0.988195688336591,0.8126236036062869
2002-03-21,1.113091839273781,1.113091839273781,1.113091839273781,0.9886239497826272,0.8129757761199613
2002-03-22,1.1132583613465612,1.1132583613465612,1.1132583613465612,0.9864806080562656,0.8112132405230214
2002-03-25,1.1134253501007634,1.1134253501007634,1.1134253501007634,0.9742179875015562,0.8011293117805288
2002-03-26,1.1135879455487145,1.1135879455487145,1.1135879455487145,0.9798778541514394,0.8057835936067338
2002-03-27,1.113749680940806,1.113749680940806,1.113749680940806,0.9824503728471187,0.8078990545802038
2002-03-28,1.1139140916079926,1.1139140916079926,1.1139140916079926,0.982020890703374,0.8075458782493884
2002-04-01,1.1140794106041279,1.1140794106041279,1.1140794106041279,0.9824503728471184,0.8078990545802037
2002-04-02,1.1142398910906552,1.1142398910906552,1.1142398910906552,0.9770476665144749,0.8034562435650601
2002-04-03,1.114396857424519,1.114396857424519,1.114396857424519,0.9701876505675999,0.7978150421862827
2002-04-04,1.1145547303126544,1.1145547303126544,1.1145547303126544,0.966157313633644,0.7945007725920369
2002-04-05,1.1147090872971304,1.1147090872971304,1.1147090872971304,0.9663292285609126,0.7946421435060771
2002-04-08,1.1148643503485753,1.1148643503485753,1.1148643503485753,0.9683873248973033,0.7963345792059958
2002-04-09,1.1150183078064806,1.1150183078064806,1.1150183078064806,0.9616124526155903,0.7907633940728112
2002-04-10,1.1151722865251776,1.1151722865251776,1.1151722865251776,0.9607836342635739,0.799719199651548
2002-04-11,1.1153258439789173,1.1153258439789173,1.1153258439789173,0.9359321446247767,0.7798334984346446
2002-04-12,1.115476767039551,1.115476767039551,1.115476767039551,0.935122860440992,0.7856863379273402
2002-04-15,1.1156263825741777,1.1156263825741777,1.1156263825741777,0.9352482856500512,0.7796925457777465
2002-04-16,1.1157782317206948,1.1157782317206948,1.1157782317206948,0.9353755833333759,0.7982380674598338
2002-04-17,1.1159292159972887,1.1159292159972887,1.1159292159972887,0.932456913116391,0.7965455481084867
2002-04-18,1.1160788922175298,1.1160788922175298,1.1160788922175298,0.9284124339550615,0.793090576811628
2002-04-19,1.1162277027364922,1.1162277027364922,1.1162277027364922,0.9317970975968268,0.795981904783751
2002-04-22,1.116376976044358,1.116376976044358,1.116376976044358,0.9162781151502541,0.782724910058196
2002-04-23,1.1165271553280403,1.1165271553280403,1.1165271553280403,0.9154850982577373,0.7793402059612152
2002-04-24,1.1166724810847655,1.1166724810847655,1.1166724810847655,0.9156042566356057,0.7715127745005194
2002-04-25,1.1168164963849054,1.1168164963849054,1.1168164963849054,0.9157223405179099,0.7719355488197854
2002-04-26,1.116959200714999,1.116959200714999,1.116959200714999,0.9158393494836427,0.7572685256166786
2002-04-29,1.117103696230647,1.117103696230647,1.117103696230647,0.9159578271137742,0.7535312307488814
2002-04-30,1.117247323848734,1.117247323848734,1.117247323848734,0.9160755931201174,0.7605824606052107
2002-05-01,1.1173896398768908,1.1173896398768908,1.1173896398768908,0.916192283701622,0.7698911079090492
2002-05-02,1.1175337476677478,1.1175337476677478,1.1175337476677478,0.9163104434207502,0.7669289271770492
2002-05-03,1.117674326317752,1.117674326317752,1.117674326317752,0.9164257094566884,0.7586083705457808
2002-05-06,1.117815809694774,1.117815809694774,1.117815809694774,0.9165417173143537,0.7437294582744703
2002-05-07,1.1179550930932836,1.1179550930932836,1.1179550930932836,0.9166559213219874,0.741120119267572
2002-05-08,1.118102379240469,1.118102379240469,1.118102379240469,0.916776687102098,0.7686921319854165
2002-05-09,1.1182474663349182,1.1182474663349182,1.1182474663349182,0.9168956497912578,0.7598069282122714
2002-05-10,1.1183890222641883,1.1183890222641883,1.1183890222641883,0.9170117171374019,0.7454922448256956
2002-05-13,1.1185345903591497,1.1185345903591497,1.1185345903591497,0.9171310742180452,0.7606533133650876
2002-05-14,1.1186855037562615,1.1186855037562615,1.1186855037562615,0.9172548141248841,0.7772247449877453
2002-05-15,1.1188351057462478,1.1188351057462478,1.1188351057462478,0.9173774787567729,0.7741922970558672
2002-05-16,1.1189807319028688,1.1189807319028688,1.1189807319028688,0.9174968834444841,0.7782117481917459
2002-05-17,1.119132149533654,1.119132149533654,1.119132149533654,0.9176210367926009,0.7820192266079926
2002-05-20,1.1192800348534138,1.1192800348534138,1.1192800348534138,0.917742293858177,0.773557884622683
2002-05-21,1.1194257189214423,1.1194257189214423,1.1194257189214423,0.9178617460297586,0.7665062365092116
2002-05-22,1.1195692008687486,1.1195692008687486,1.1195692008687486,0.9179793925948252,0.768198588557702
2002-05-23,1.1197149225742584,1.1197149225742584,1.1197149225742584,0.9180988756268772,0.776378359834929
2002-05-24,1.1198606632467205,1.1198606632467205,1.1198606632467205,0.918218374210689,0.7664355510521914
2002-05-28,1.1200073116669074,1.1200073116669074,1.1200073116669074,0.918338617093026,0.7622749799565578
2002-05-29,1.1201513126069789,1.1201513126069789,1.1201513126069789,0.918456689200938,0.7566339458806374
2002-05-30,1.120292220530033,1.120292220530033,1.120292220530033,0.9185722252209685,0.7545184849071673
2002-05-31,1.120435368980434,1.120435368980434,1.120435368980434,0.9186895983386356,0.7560697169959026
2002-06-03,1.1205772018703961,1.1205772018703961,1.1205772018703961,0.9188058927758855,0.7359726286193661
2002-06-04,1.1207163846736443,1.1207163846736443,1.1207163846736443,0.9189200143014565,0.7378062679304683
2002-06-05,1.1208569189504527,1.1208569189504527,1.1208569189504527,0.9190352439540437,0.7447167960841846
2002-06-06,1.1209961364963383,1.1209961364963383,1.1209961364963383,0.9191493939664872,0.729555811196221
2002-06-07,1.1211367058531372,1.1211367058531372,1.1211367058531372,0.9192646523825561,0.7287098443005469
2002-06-10,1.1212768479413688,1.1212768479413688,1.1212768479413688,0.9193795604641039,0.7315303195127929
2002-06-11,1.1214143378405808,1.1214143378405808,1.1214143378405808,0.9194922939102085,0.7189786736317276
2002-06-12,1.1215500645759147,1.1215500645759147,1.1215500645759147,0.9196035816680033,0.723350380932709
2002-06-13,1.1216835824407452,1.1216835824407452,1.1216835824407452,0.9197130582848685,0.7160870110538908
2002-06-14,1.121813555300298,1.121813555300298,1.121813555300298,0.9198196282106698,0.71502932239287
2002-06-17,1.1219453238766348,1.1219453238766348,1.1219453238766348,0.9199276705162056,0.7342097584167123
2002-06-18,1.1220757722813552,1.1220757722813552,1.1220757722813552,0.9200346303604362,0.7402033832634493
2002-06-19,1.122200892635328,1.122200892635328,1.122200892635328,0.9201372215235836,0.7229274393105862
2002-06-20,1.1223313707549876,1.1223313707549876,1.1223313707549876,0.9202442057322765,0.7136898120694816
2002-06-21,1.1224596371973596,1.1224596371973596,1.1224596371973596,0.9203493764986459,0.7025303769117134
2002-06-24,1.1225901454012084,1.1225901454012084,1.1225901454012084,0.9204563853745641,0.7062105378538954
2002-06-25,1.1227202233069453,1.1227202233069453,1.1227202233069453,0.920563041431917,0.6903595959842725
2002-06-26,1.1228436334267295,1.1228436334267295,1.1228436334267295,0.9206642303059157,0.6914918180680212
2002-06-27,1.1229706216947957,1.1229706216947957,1.1229706216947957,0.9207683530462479,0.7035919971898702
2002-06-28,1.123099852440943,1.123099852440943,1.123099852440943,0.9208743144837016,0.7002662673499299
2002-07-01,1.1232282067097934,1.1232282067097934,1.1232282067097934,0.9209795572624998,0.686609084190784
2002-07-02,1.1233521183929145,1.1233521183929145,1.1233521183929145,0.9210811573882612,0.6720318607960927
2002-07-03,1.1234760437456577,1.1234760437456577,1.1234760437456577,0.9211827687222905,0.6758531835237439
2002-07-05,1.1236053326554536,1.1236053326554536,1.1236053326554536,0.9212887778504371,0.7027430188427727
2002-07-08,1.1237319611929433,1.1237319611929433,1.1237319611929433,0.9213926056333377,0.6939684859094354
2002-07-09,1.123854144747454,1.123854144747454,1.123854144747454,0.921492788797601,0.6764901473254952
2002-07-10,1.1239705439267316,1.1239705439267316,1.1239705439267316,0.9215882291221551,0.6518644215682498
2002-07-11,1.1240869551616384,1.1240869551616384,1.1240869551616384,0.9216836793316,0.6571717700961782
2002-07-12,1.1242011481221628,1.1242011481221628,1.1242011481221628,0.9217773106895003,0.649953906594424
2002-07-15,1.124314906571675,1.124314906571675,1.124314906571675,0.9218705857745105,0.6534211746512613
2002-07-16,1.1244335842562576,1.1244335842562576,1.1244335842562576,0.9219678943363423,0.6408254444674153
2002-07-17,1.1245509358565193,1.1245509358565193,1.1245509358565193,0.9220641155888067,0.6420999576309169
2002-07-18,1.1246647297012191,1.1246647297012191,1.1246647297012191,0.9221574196957414,0.6212950526927521
2002-07-19,1.1247754109920787,1.1247754109920787,1.1247754109920787,0.922248171695775,0.5994293221650006
2002-07-22,1.1248825324597922,1.1248825324597922,1.1248825324597922,0.9223360048549841,0.5816683254044082
2002-07-23,1.1249869858378063,1.1249869858378063,1.1249869858378063,0.9224216503411492,0.5657464471234799
2002-07-24,1.125093234608691,1.125093234608691,1.125093234608691,0.9225087679414592,0.5995005513563054
2002-07-25,1.1251950287584889,1.1251950287584889,1.1251950287584889,0.9225922330204633,0.5944055519794369
2002-07-26,1.1252932600705232,1.1252932600705232,1.1252932600705232,0.9226727767868381,0.6057275218626371
2002-07-29,1.1254008774021411,1.1254008774021411,1.1254008774021411,0.9227610165246182,0.6352357305428342
2002-07-30,1.1255098447886833,1.1255098447886833,1.1255098447886833,0.9228503632262182,0.6435147960656031
2002-07-31,1.1256094434773294,1.1256094434773294,1.1256094434773294,0.9229320281591544,0.6450712981943294
2002-08-01,1.1257054776163562,1.1257054776163562,1.1257054776163562,0.9230107703758427,0.6282301743664257
2002-08-02,1.1257943726124062,1.1257943726124062,1.1257943726124062,0.9230836589247733,0.6141482092537316
2002-08-05,1.1258805941655468,1.1258805941655468,1.1258805941655468,0.9231543554113497,0.5927779043108342
2002-08-06,1.1259748643264076,1.1259748643264076,1.1259748643264076,0.9232316512720607,0.6127329107361889
2002-08-07,1.1260633337800332,1.1260633337800332,1.1260633337800332,0.9233041909018035,0.6234178749919236
2002-08-08,1.1261571723911816,1.1261571723911816,1.1261571723911816,0.9233811329177121,0.6435853560454808
2002-08-09,1.1262510188222143,1.1262510188222143,1.1262510188222143,0.9234580813454553,0.6459911711270181
2002-08-12,1.126344873073783,1.126344873073783,1.126344873073783,0.9235350361855674,0.6412503100723919
2002-08-13,1.1264342655240271,1.1264342655240271,1.1264342655240271,0.9236083326170108,0.6295742855183777
2002-08-14,1.126529029041603,1.126529029041603,1.126529029041603,0.9236860330005484,0.6525721126527352
2002-08-15,1.1266282708846376,1.1266282708846376,1.1266282708846376,0.9237674053415509,0.6616302239284374
2002-08-16,1.12673020391867,1.12673020391867,1.12673020391867,0.9238509842972722,0.6596487725433061
2002-08-19,1.1268308048297342,1.1268308048297342,1.1268308048297342,0.9239334709922988,0.6750746815050955
2002-08-20,1.126925601706966,1.126925601706966,1.126925601706966,0.9240111987287474,0.6679277544146467
2002-08-21,1.1270204065591731,1.1270204065591731,1.1270204065591731,0.9240889330041959,0.6775514748236525
2002-08-22,1.1271196916902273,1.1271196916902273,1.1271196916902273,0.9241703408387701,0.6841325000007981
2002-08-23,1.1272176437586718,1.1272176437586718,1.1272176437586718,0.9242506556422002,0.66941344560921
2002-08-26,1.1273156043396175,1.1273156043396175,1.1273156043396175,0.9243309774253691,0.6740840394639582
2002-08-27,1.1274167048660384,1.1274167048660384,1.1274167048660384,0.9244138737749319,0.666300525003186
2002-08-28,1.1275164722966673,1.1275164722966673,1.1275164722966673,0.9244956770661429,0.6517230088284951
2002-08-29,1.1276122217113782,1.1276122217113782,1.1276122217113782,0.9245741858260208,0.6520061270880035
2002-08-30,1.1277079792571902,1.1277079792571902,1.1277079792571902,0.9246527012529124,0.6494586901381406
2002-09-03,1.127797927393631,1.127797927393631,1.127797927393631,0.9247264533136076,0.6246917607697118
2002-09-04,1.1278883302433664,1.1278883302433664,1.1278883302433664,0.9248005782118494,0.633607790094232
2002-09-05,1.12797560731654,1.12797560731654,1.12797560731654,0.9248721401613538,0.6282301743664256
2002-09-06,1.1280687100650804,1.1280687100650804,1.1280687100650804,0.9249484788141925,0.6368627926514379
2002-09-09,1.1281640587298596,1.1281640587298596,1.1281640587298596,0.9250266589832351,0.6415333446804719
2002-09-10,1.128258967769721,1.128258967769721,1.128258967769721,0.9251044786862924,0.6488922863162669
2002-09-11,1.1283565711248693,1.1283565711248693,1.1283565711248693,0.9251845075657978,0.6448591581718406
2002-09-12,1.128451496360218,1.128451496360218,1.128451496360218,0.9252623405481804,0.6329711190724803
2002-09-13,1.1285441905902762,1.1285441905902762,1.1285441905902762,0.9253383442404397,0.6345277466783491
2002-09-16,1.1286368924345034,1.1286368924345034,1.1286368924345034,0.9254143541758595,0.6360843742842179
2002-09-17,1.128729154021742,1.128729154021742,1.128729154021742,0.9254900031270341,0.621507234540955
2002-09-18,1.1288205273342105,1.1288205273342105,1.1288205273342105,0.9255649237463349,0.6152800967317663
2002-09-19,1.1289069806523753,1.1289069806523753,1.1289069806523753,0.9256358102662885,0.5993588876622655
2002-09-20,1.1289938885707271,1.1289938885707271,1.1289938885707271,0.9257070695310471,0.5995578944104915
2002-09-23,1.1290803551661615,1.1290803551661615,1.1290803551661615,0.9257779669375628,0.5946533275104352
2002-09-24,1.129166828383839,1.129166828383839,1.129166828383839,0.9258488697739196,0.5850577139813806
2002-09-25,1.12925644479879,1.12925644479879,1.12925644479879,0.9259223498429493,0.5995578944104915
2002-09-26,1.1293447239732446,1.1293447239732446,1.1293447239732446,0.9259947334552188,0.6093668190820329
2002-09-27,1.129426287758865,1.129426287758865,1.129426287758865,0.926061610852635,0.5881851899359508
2002-09-30,1.129503375584855,1.129503375584855,1.129503375584855,0.9261248182324234,0.5813614083135124
2002-10-01,1.1295840543973965,1.1295840543973965,1.1295840543973965,0.9261909700051543,0.6092955480650137
2002-10-02,1.1296624977345076,1.1296624977345076,1.1296624977345076,0.9262552888225157,0.5910282092081576
2002-10-03,1.1297409465190724,1.1297409465190724,1.1297409465190724,0.9263196121064617,0.5850577139813805
2002-10-04,1.129820745681168,1.129820745681168,1.129820745681168,0.9263850426187455,0.574324524677158
2002-10-07,1.129900102138305,1.129900102138305,1.129900102138305,0.926450110139596,0.5624540523777672
2002-10-08,1.1299808092884578,1.1299808092884578,1.1299808092884578,0.9265162851474631,0.5712680269596074
2002-10-09,1.1300579349627424,1.1300579349627424,1.1300579349627424,0.9265795235605763,0.5551327957104781
2002-10-10,1.130136411208226,1.130136411208226,1.130136411208226,0.9266438693608235,0.5731160543163988
2002-10-11,1.1302193775717473,1.1302193775717473,1.1302193775717473,0.926711896787741,0.5982074257499786
2002-10-14,1.1303023500260532,1.1303023500260532,1.1303023500260532,0.9267799292087354,0.601548296498464
2002-10-15,1.1303956448231982,1.1303956448231982,1.1303956448231982,0.9268564253298764,0.6304776372939519
2002-10-16,1.130486255902664,1.130486255902664,1.130486255902664,0.9269307209639702,0.6151956087890555
2002-10-17,1.130580463090656,1.130580463090656,1.130580463090656,0.9270079651907173,0.6274209304478302
2002-10-18,1.1306742294862058,1.1306742294862058,1.1306742294862058,0.9270848479941795,0.6300511823118351
2002-10-21,1.1307742851819103,1.1307742851819103,1.1307742851819103,0.9271668876454107,0.6409260771358115
2002-10-22,1.130873452291841,1.130873452291841,1.130873452291841,0.9272481987097638,0.6363064688266891
2002-10-23,1.1309721793392633,1.1309721793392633,1.1309721793392633,0.9273291489493337,0.641139346452584
2002-10-24,1.131065978222391,1.131065978222391,1.131065978222391,0.9274060583906553,0.6280608638752905
2002-10-25,1.1311548476921085,1.1311548476921085,1.1311548476921085,0.9274789260095287,0.641139346452584
2002-10-28,1.1312392354347143,1.1312392354347143,1.1312392354347143,0.9275481188817867,0.6369459003455787
2002-10-29,1.1313195893327868,1.1313195893327868,1.1313195893327868,0.9276140042441993,0.6295537072669843
2002-10-30,1.1313977042568122,1.1313977042568122,1.1313977042568122,0.9276780537825876,0.6356662844449433
2002-10-31,1.1314731307704293,1.1314731307704293,1.1314731307704293,0.9277398989861732,0.629198188696173
2002-11-01,1.1315521542906735,1.1315521542906735,1.1315521542906735,0.9278046935188007,0.641637114277434
2002-11-04,1.1316325304159187,1.1316325304159187,1.1316325304159187,0.9278705971061577,0.6477499842353923
2002-11-05,1.1317142594320044,1.1317142594320044,1.1317142594320044,0.9279376099826154,0.65286761132365
2002-11-06,1.1317982398155415,1.1317982398155415,1.1317982398155415,0.9280064688449434,0.6613261091603931
2002-11-07,1.1318817773046708,1.1318817773046708,1.1318817773046708,0.928074964560501,0.6451201924542437
2002-11-08,1.1319657701190977,1.1319657701190977,1.1319657701190977,0.9281438336154108,0.6372303152022276
2002-11-11,1.1320497691663247,1.1320497691663247,1.1320497691663247,0.9282127077808416,0.6273502868165239
2002-11-12,1.1321301806380235,1.1321301806380235,1.1321301806380235,0.9282786403501642,0.6323256228250288
2002-11-13,1.1322092500474648,1.1322092500474648,1.1322092500474648,0.9283434725091727,0.632965347123918
2002-11-14,1.1322941657412184,1.1322941657412184,1.1322941657412184,0.9284130982696109,0.6449069231374711
2002-11-15,1.1323799864498123,1.1323799864498123,1.1323799864498123,0.9284834660877733,0.6496693662606313
2002-11-18,1.132465813663071,1.132465813663071,1.132465813663071,0.9285538392393696,0.643129623063414
2002-11-19,1.1325516473814874,1.1325516473814874,1.1325516473814874,0.928624217724804,0.6422768385763231
2002-11-20,1.1326406335823531,1.1326406335823531,1.1326406335823531,0.9286971810561966,0.6565637915143755
2002-11-21,1.1327327729989738,1.1327327729989738,1.1327327729989738,0.9287727298348142,0.6687892804760069
2002-11-22,1.1328271673967238,1.1328271673967238,1.1328271673967238,0.9288501275623006,0.664027088307132
2002-11-25,1.1329211201260834,1.1329211201260834,1.1329211201260834,0.928927163148277,0.6644537105921057
2002-11-26,1.1330096857850773,1.1330096857850773,1.1330096857850773,0.9289997816606341,0.6518012229140726
2002-11-27,1.133105452079947,1.133105452079947,1.133105452079947,0.9290783042612268,0.6701400000908047
2002-11-29,1.1331989782442458,1.1331989782442458,1.1331989782442458,0.9251926461774854,0.6680074324002214
2002-12-02,1.13329206244603,1.13329206244603,1.13329206244603,0.9266697137374238,0.669073904461227
2002-12-03,1.1333856040130892,1.1333856040130892,1.1333856040130892,0.9142654859728131,0.6601178061024907
2002-12-04,1.133476454763887,1.133476454763887,1.133476454763887,0.9134245068472239,0.657132328447674
2002-12-05,1.1335650638359458,1.1335650638359458,1.1335650638359458,0.9134959134455766,0.6498822173202615
2002-12-06,1.1336500812157335,1.1336500812157335,1.1336500812157335,0.913564425639085,0.6541468926185715
2002-12-09,1.1337346551106815,1.1337346551106815,1.1337346551106815,0.9136325804454423,0.6361640522697929
2002-12-10,1.1338201351045192,1.1338201351045192,1.1338201351045192,0.9137014654415869,0.6446934865178415
2002-12-11,1.133903371900152,1.133903371900152,1.133903371900152,0.9137685427317087,0.6452621489282828
2002-12-12,1.1339866148064224,1.1339866148064224,1.1339866148064224,0.9138356249461553,0.6451907942598353
2002-12-13,1.134070763813156,1.134070763813156,1.134070763813156,0.9139034373516572,0.6350265601460536
2002-12-16,1.1341580692608464,1.1341580692608464,1.1341580692608464,0.9139737934099296,0.6514457461689755
2002-12-17,1.134243131116041,1.134243131116041,1.134243131116041,0.9140423414444353,0.6457598331017045
2002-12-18,1.13432459857903,1.13432459857903,1.13432459857903,0.9141079928983249,0.6382962435289483
2002-12-19,1.1344029209917892,1.1344029209917892,1.1344029209917892,0.914171109878787,0.6337472788511318
2002-12-20,1.134482149132303,1.134482149132303,1.134482149132303,0.9142349567499531,0.6427900400897177
2002-12-23,1.1345627333801978,1.1345627333801978,1.1345627333801978,0.9142998964552144,0.6430045223522024
2002-12-24,1.1346406220122909,1.1346406220122909,1.1346406220122909,0.9143626638687408,0.638218865957654
2002-12-26,1.1347171652288552,1.1347171652288552,1.1347171652288552,0.9144243470643193,0.638504451934301
2002-12-27,1.1347892107631554,1.1347892107631554,1.1347892107631554,0.9144824057530219,0.6241469390163711
2002-12-30,1.1348617111849542,1.1348617111849542,1.1348617111849542,0.9145408310178338,0.629361183504461
2002-12-31,1.1349342162387244,1.1349342162387244,1.1349342162387244,0.9145992600153711,0.63021831786583
2003-01-02,1.1350152829684557,1.1350152829684557,1.1350152829684557,0.9146645885339435,0.6505044166448956
2003-01-03,1.1350959050857776,1.1350959050857776,1.1350959050857776,0.9147295587567005,0.6525043968214232
2003-01-06,1.135178785104244,1.135178785104244,1.135178785104244,0.9147963485340065,0.6640045860728855
2003-01-07,1.1352585178998644,1.1352585178998644,1.1352585178998644,0.9116178858533582,0.6623615047157382
2003-01-08,1.1353355532992935,1.1353355532992935,1.1353355532992935,0.898445207738816,0.6527905265323551
2003-01-09,1.135419802405828,1.135419802405828,1.135419802405828,0.8976134328699054,0.6629329694490317
2003-01-10,1.1355004532568718,1.1355004532568718,1.1355004532568718,0.8991337293099987,0.6647187183173598
2003-01-13,1.1355820110275225,1.1355820110275225,1.1355820110275225,0.8988442881549474,0.6645047379634457
2003-01-14,1.1356613215171816,1.1356613215171816,1.1356613215171816,0.9017427165784091,0.6666475111282969
2003-01-15,1.1357401868867314,1.1357401868867314,1.1357401868867314,0.8927564060340633,0.6600040401598312
2003-01-16,1.135819057733043,1.135819057733043,1.135819057733043,0.8890858893692052,0.6572904714731138
2003-01-17,1.135895680447255,1.135895680447255,1.135895680447255,0.875945566438526,0.6475759892642656
2003-01-21,1.1359709560736975,1.1359709560736975,1.1359709560736975,0.8751276696457364,0.6375044827588944
2003-01-22,1.136045785906518,1.136045785906518,1.136045785906518,0.8751853169446098,0.6297898970751453
2003-01-23,1.1361219731040648,1.1361219731040648,1.1361219731040648,0.8752440099281668,0.6336472317427341
2003-01-24,1.1361968128848328,1.1361968128848328,1.1361968128848328,0.8753016648907255,0.6170039853687724
2003-01-27,1.1362734610825276,1.1362734610825276,1.1362734610825276,0.8753607130189126,0.6085755602205486
2003-01-28,1.136350114450934,1.136350114450934,1.136350114450934,0.8754197651305052,0.6130755888127358
2003-01-29,1.1364299295184965,1.1364299295184965,1.1364299295184965,0.8754812529473417,0.6177184103932465
2003-01-30,1.1365065934423133,1.1365065934423133,1.1365065934423133,0.8755403131905961,0.6030756461043832
2003-01-31,1.1365841645272625,1.1365841645272625,1.1365841645272625,0.8756000722913376,0.6147181264355984
2003-02-03,1.136661740906746,1.136661740906746,1.136661740906746,0.875659835470875,0.6159329543049179
2003-02-04,1.13673751835614,1.13673751835614,1.13673751835614,0.8757182127932397,0.6098615336297447
2003-02-05,1.1368155562889475,1.1368155562889475,1.1368155562889475,0.8757783315435623,0.6060755536306036
2003-02-06,1.1368913439927,1.1368913439927,1.1368913439927,0.8758367167656652,0.6032185227441353
2003-02-07,1.1369648810121726,1.1369648810121726,1.1369648810121726,0.8758933681088529,0.5958610031826236
2003-02-10,1.1370406786709069,1.1370406786709069,1.1370406786709069,0.8759517610000601,0.6000756131010204
2003-02-11,1.1371151277629625,1.1371151277629625,1.1371151277629625,0.8760091149844113,0.5959325669796421
2003-02-12,1.1371882280211758,1.1371882280211758,1.1371882280211758,0.8760654298560887,0.5864327343361355
2003-02-13,1.137259076652842,1.137259076652842,1.137259076652842,0.8761200101229488,0.5882183159016069
2003-02-14,1.1373321861649126,1.1373321861649126,1.1373321861649126,0.8761763321235995,0.6010756241021415
2003-02-18,1.1374071056660646,1.1374071056660646,1.1374071056660646,0.8762340485010329,0.6116471570209303
2003-02-19,1.13747977334226,1.13747977334226,1.13747977334226,0.8762900301207982,0.6084329345350823
2003-02-20,1.1375515428993876,1.1375515428993876,1.1375515428993876,0.8763453198488892,0.6023612629056238
2003-02-21,1.1376251226222023,1.1376251226222023,1.1376251226222023,0.876402004089816,0.6084329345350823
2003-02-24,1.137697352788718,1.137697352788718,1.137697352788718,0.8764576486615042,0.5985756593379105
2003-02-25,1.1377686846068689,1.1377686846068689,1.1377686846068689,0.8765126011648726,0.6033613157324589
2003-02-26,1.137839569401902,1.137839569401902,1.137839569401902,0.876567209291215,0.5945756153334267
2003-02-27,1.1379109101368088,1.1379109101368088,1.1379109101368088,0.876622168663861,0.602432366619786
2003-02-28,1.1379799975849243,1.1379799975849243,1.1379799975849243,0.8766753921526728,0.6064328707071261
2003-03-03,1.1380486376482708,1.1380486376482708,1.1380486376482708,0.8767282709858503,0.6006469523571715
2003-03-04,1.1381159270320047,1.1381159270320047,1.1381159270320047,0.8767801092844125,0.5910755977423604
2003-03-05,1.1381818654944438,1.1381818654944438,1.1381818654944438,0.8768309068621727,0.5960755690965367
2003-03-06,1.1382482594365975,1.1382482594365975,1.1382482594365975,0.8768820553317396,0.5910755977423604
2003-03-07,1.1383110437651933,1.1383110437651933,1.1383110437651933,0.8769304230324106,0.5951471637181486
2003-03-10,1.1383720247139664,1.1383720247139664,1.1383720247139664,0.8769774014479302,0.5808611727715229
2003-03-11,1.1384343641343675,1.1384343641343675,1.1384343641343675,0.8770254264008667,0.5751467763928727
2003-03-12,1.1384998692862722,1.1384998692862722,1.1384998692862722,0.877075890165481,0.5790039437576046
2003-03-13,1.1385717032065963,1.1385717032065963,1.1385717032065963,0.8771312294775987,0.599004247431452
2003-03-14,1.1386421862167948,1.1386421862167948,1.1386421862167948,0.8771855280775188,0.6009325801595327
2003-03-17,1.138715836485189,1.138715836485189,1.138715836485189,0.8772422666652477,0.6198613090352404
2003-03-18,1.1387935583597428,1.1387935583597428,1.1387935583597428,0.8773021419310677,0.6235046215232007
2003-03-19,1.138871285539123,1.138871285539123,1.138871285539123,0.8773620212836122,0.6282899014863212
2003-03-20,1.138950373822841,1.138950373822841,1.138950373822841,0.8774229492017569,0.6296469786096793
2003-03-21,1.1390317274209711,1.1390317274209711,1.1390317274209711,0.877485622269557,0.6430867935320597
2003-03-24,1.1391090188596176,1.1391090188596176,1.1391090188596176,0.8474467959622181,0.6217151919920216
2003-03-25,1.1391854114882631,1.1391854114882631,1.1391854114882631,0.8466561819077311,0.6276677439874012
2003-03-26,1.1392613571823624,1.1392613571823624,1.1392613571823624,0.8467126256531916,0.6245125794100219
2003-03-27,1.139334595412467,1.139334595412467,1.139334595412467,0.8467670571791264,0.6250144461548649
2003-03-28,1.1394051256493258,1.1394051256493258,1.1394051256493258,0.8468194760921899,0.6218589051460578
2003-03-31,1.1394733995278865,1.1394733995278865,1.1394733995278865,0.8468702180528604,0.6077303880134445
2003-04-01,1.1395412253254775,1.1395412253254775,1.1395412253254775,0.8469206269944112,0.6170537997944001
2003-04-02,1.1396135771493077,1.1396135771493077,1.1396135771493077,0.8469743997326331,0.6319711498970725
2003-04-03,1.1396836724288544,1.1396836724288544,1.1396836724288544,0.8420902692166466,0.628958820133731
2003-04-04,1.1397537720198172,1.1397537720198172,1.1397537720198172,0.8412999741822429,0.632688251767256
2003-04-07,1.1398283987548898,1.1398283987548898,1.1398283987548898,0.8388367827868344,0.6314685302893737
2003-04-08,1.139900316499097,1.139900316499097,1.139900316499097,0.8401708550884195,0.6324728075133443
2003-04-09,1.1399704294153896,1.1399704294153896,1.1399704294153896,0.8291195181533992,0.6241534638277882
2003-04-10,1.1400428084902732,1.1400428084902732,1.1400428084902732,0.828343041144335,0.6275958455846689
2003-04-11,1.140117454150353,1.140117454150353,1.140117454150353,0.8283972778910765,0.6250144461548649
2003-04-14,1.1401961765459967,1.1401961765459967,1.1401961765459967,0.8284544767507405,0.6379231581581675
2003-04-15,1.1402726420832332,1.1402726420832332,1.1402726420832332,0.8353564491845004,0.643875710153547
2003-04-16,1.1403482077702285,1.1403482077702285,1.1403482077702285,0.8211204616022655,0.6329029013325977
2003-04-17,1.14042558854147,1.14042558854147,1.14042558854147,0.8333092248947648,0.6422977514334296
2003-04-21,1.1405029745635498,1.1405029745635498,1.1405029745635498,0.8341471721866803,0.6429436241123082
2003-04-22,1.1405799132562784,1.1405799132562784,1.1405799132562784,0.8498715716501452,0.6550636704484086
2003-04-23,1.1406568571393156,1.1406568571393156,1.1406568571393156,0.8576869142722694,0.6610875771122358
2003-04-24,1.1407301850801317,1.1407301850801317,1.1407301850801317,0.8500579148052053,0.6552072999510165
2003-04-25,1.140801254381345,1.140801254381345,1.140801254381345,0.8395435266998156,0.6471030240879441
2003-04-28,1.1408732335081098,1.1408732335081098,1.1408732335081098,0.8540589204863033,0.6582911935113765
2003-04-29,1.1409465753588353,1.1409465753588353,1.1409465753588353,0.8570362868904492,0.6605860867988208
2003-04-30,1.1410149416020412,1.1410149416020412,1.1410149416020412,0.8551754600199423,0.6591517994070253
2003-05-01,1.1410828591580888,1.1410828591580888,1.1410828591580888,0.8550825054990867,0.6590801519585783
2003-05-02,1.1411534976207987,1.1411534976207987,1.1411534976207987,0.8672705090932252,0.6684744164994111
2003-05-05,1.141223687617676,1.141223687617676,1.141223687617676,0.8655964594911274,0.667184093215937
2003-05-06,1.1412893532663684,1.1412893532663684,1.1412893532663684,0.8737838915175168,0.6734947988021233
2003-05-07,1.1413550226934412,1.1413550226934412,1.1413550226934412,0.8689457525070327,0.6697656599485977
2003-05-08,1.1414225075737514,1.1414225075737514,1.1414225075737514,0.8601998879213179,0.6630245259374444
2003-05-09,1.141488184662481,1.141488184662481,1.141488184662481,0.872109136481227,0.6722039317843644
2003-05-12,1.1415543185017512,1.1415543185017512,1.1415543185017512,0.8828092165716533,0.680451335241474
2003-05-13,1.1416209091703304,1.1416209091703304,1.1416209091703304,0.8812275245845562,0.6792321993235907
2003-05-14,1.1416847855783436,1.1416847855783436,1.1416847855783436,0.8793669690348925,0.6777981210603662
2003-05-15,1.1417509308079843,1.1417509308079843,1.1417509308079843,0.8849493953822445,0.6821009414100385
2003-05-16,1.1418134552637191,1.1418134552637191,1.1418134552637191,0.8827163705791351,0.6803797714444554
2003-05-19,1.1418746238416797,1.1418746238416797,1.1418746238416797,0.8620609318484994,0.6644589806320967
2003-05-20,1.1419339831971254,1.1419339831971254,1.1419339831971254,0.8602928967063422,0.6630962152116056
2003-05-21,1.1419965176771576,1.1419965176771576,1.1419965176771576,0.8620609318484993,0.6644589806320966
2003-05-22,1.1420581492352544,1.1420581492352544,1.1420581492352544,0.8706202362224796,0.6710563178377853
2003-05-23,1.1421206905148553,1.1421206905148553,1.1421206905148553,0.87238854268548,0.6724192923868476
2003-05-27,1.1421809691068545,1.1421809691068545,1.1421809691068545,0.887647898223824,0.6841808923521417
2003-05-28,1.1422421573730566,1.1422421573730566,1.1422421573730566,0.8901598408536685,0.6861170464887801
2003-05-29,1.1423010825637148,1.1423010825637148,1.1423010825637148,0.8878339700580408,0.6843243127261783
2003-05-30,1.1594745372111974,1.1594745372111974,1.1594745372111974,0.9020695777910952,0.6952968287671281
2003-06-02,1.1642585808845476,1.1642585808845476,1.1642585808845476,0.9057915571171208,0.6981656545050045
2003-06-03,1.169041717828524,1.169041717828524,1.169041717828524,0.9095128310089543,0.7010339365085961
2003-06-04,1.185905070723706,1.185905070723706,1.185905070723706,0.9226324961142246,0.7111463067367535
2003-06-05,1.1917654719122497,1.1917654719122497,1.1917654719122497,0.9271918800904793,0.7146605868963664
2003-06-06,1.1871013955099037,1.1871013955099037,1.1871013955099037,0.9235632351344897,0.7118637013869366
2003-06-09,1.175022365281725,1.175022365281725,1.175022365281725,0.9141657664119194,0.7046203241995124
2003-06-10,1.1869821257230333,1.1869821257230333,1.1869821257230333,0.9234704434061399,0.7117921794156321
2003-06-11,1.199539072079653,1.199539072079653,1.199539072079653,0.9332397302121324,0.7193221463968444
2003-06-12,1.2032460607536755,1.2032460607536755,1.2032460607536755,0.9361237622462423,0.7215450994558421
2003-06-13,1.1906891143970555,1.1906891143970555,1.1906891143970555,0.9263544754402497,0.7140151324746297
2003-06-16,1.2158039835880825,1.2158039835880825,1.2158039835880825,0.9458938087505955,0.7290756519970534
2003-06-17,1.2158039835880825,1.2158039835880825,1.2158039835880825,0.9458938087505955,0.7290756519970534
2003-06-18,1.214728044563369,1.214728044563369,1.214728044563369,0.945056729685378,0.7284304485296021
2003-06-19,1.196190869244028,1.196190869244028,1.196190869244028,0.930634833061432,0.7173143448117588
2003-06-20,1.1935494968295395,1.1935494968295395,1.1935494968295395,0.928579848995583,0.7157304050145089
2003-06-23,1.1813073948108916,1.1813073948108916,1.1813073948108916,0.9190555106467662,0.7083892393072545
2003-06-24,1.1825074860114115,1.1825074860114115,1.1825074860114115,0.9199891799321371,0.7091088925460051
2003-06-25,1.170624448824815,1.170624448824815,1.170624448824815,0.9107441935234045,0.7019830456155196
2003-06-26,1.1858686620519239,1.1858686620519239,1.1858686620519239,0.9226041702182017,0.7111244737139343
2003-06-27,1.1721851393224805,1.1721851393224805,1.1721851393224805,0.9119584085605695,0.702918937796752
2003-06-30,1.171825098012642,1.171825098012642,1.171825098012642,0.9116782969221245,0.702703033459984
2003-07-01,1.1826270347919352,1.1826270347919352,1.1826270347919352,0.9200821887171613,0.7091805818201664
2003-07-02,1.197510788218725,1.197510788218725,1.197510788218725,0.9316617281885016,0.7181058546275276
2003-07-03,1.1851481609417662,1.1851481609417662,1.1851481609417662,0.9220436213562998,0.710692414086113
2003-07-07,1.2086731847983372,1.2086731847983372,1.2086731847983372,0.940346057206995,0.7247995582787633
2003-07-08,1.2140739439427437,1.2140739439427437,1.2140739439427437,0.9445478403120074,0.7280382069817118
2003-07-09,1.2072332985526362,1.2072332985526362,1.2072332985526362,0.9392258277098894,0.7239361082345481
2003-07-10,1.19186925755135,1.19186925755135,1.19186925755135,0.9272726251733936,0.7147228235591154
2003-07-11,1.2031512029114861,1.2031512029114861,1.2031512029114861,0.9360499629769113,0.7214882164845124
2003-07-14,1.2090339235923098,1.2090339235923098,1.2090339235923098,0.9406267114871263,0.7250158808726735
2003-07-15,1.2063929696683016,1.2063929696683016,1.2063929696683016,0.938572053006289,0.7234321920297089
2003-07-16,1.199310576277438,1.199310576277438,1.199310576277438,0.9330619607957148,0.7191851253570825
2003-07-17,1.1822674119725767,1.1822674119725767,1.1822674119725767,0.9198024026637278,0.7089649284376837
2003-07-18,1.1943901047075278,1.1943901047075278,1.1943901047075278,0.9292338407558578,0.7162344885222054
2003-07-21,1.1796274345263558,1.1796274345263558,1.1796274345263558,0.9177485038812513,0.707381825154718
2003-07-22,1.1903094040346451,1.1903094040346451,1.1903094040346451,0.9260590613062522,0.7137874332864539
2003-07-23,1.1911498724158067,1.1911498724158067,1.1911498724158067,0.92671294453819,0.7142914331427218
2003-07-24,1.1821475841983997,1.1821475841983997,1.1821475841983997,0.9197091768220292,0.7088930718606657
2003-07-25,1.203032491111923,1.203032491111923,1.203032491111923,0.9359576053619106,0.7214170291189219
2003-07-28,1.198591051645068,1.198591051645068,1.198591051645068,0.9325021716321737,0.7187536512892603
2003-07-29,1.193069488248697,1.193069488248697,1.193069488248697,0.9282064029871019,0.7154425604492947
2003-07-30,1.1901888787763342,1.1901888787763342,1.1901888787763342,0.9259652928228672,0.7137151584522937
2003-07-31,1.192949520977693,1.192949520977693,1.192949520977693,0.9281130686170659,0.7153706202208481
2003-08-01,1.1823868212562738,1.1823868212562738,1.1823868212562738,0.9198953029204147,0.7090365340604166
2003-08-04,1.1823868212562738,1.1823868212562738,1.1823868212562738,0.9198953029204147,0.7090365340604166
2003-08-05,1.1573013858956906,1.1573013858956906,1.1573013858956906,0.9003788690892289,0.6939936649893907
2003-08-06,1.1640232497378218,1.1640232497378218,1.1640232497378218,0.9056084698121778,0.6980245345452497
2003-08-07,1.1762655610017096,1.1762655610017096,1.1762655610017096,0.9151329709535004,0.7053658257296468
2003-08-08,1.1796274345263558,1.1796274345263558,1.1796274345263558,0.9177485038812514,0.7073818251547181
2003-08-11,1.1840677580185968,1.1840677580185968,1.1840677580185968,0.9212030693842903,0.7100445337729524
2003-08-12,1.1948703922820236,1.1948703922820236,1.1948703922820236,0.9296075038210132,0.7165225003902769
2003-08-13,1.1887487135369794,1.1887487135369794,1.1887487135369794,0.9248448462690873,0.7128515411052218
2003-08-14,1.1919900618033146,1.1919900618033146,1.1919900618033146,0.9273666107134532,0.7147952656961328
2003-08-15,1.1957103026758784,1.1957103026758784,1.1957103026758784,0.930260952939602,0.7170261656408311
2003-08-18,1.206032788861636,1.206032788861636,1.206032788861636,0.9382918328395068,0.7232162040415127
2003-08-19,1.2105934981153614,1.2105934981153614,1.2105934981153614,0.9418400582975934,0.7259511038424787
2003-08-20,1.2056724685581441,1.2056724685581441,1.2056724685581441,0.9380115041443874,0.7230001324018879
2003-08-21,1.2095130951921922,1.2095130951921922,1.2095130951921922,0.9409995063255839,0.7253032235293179
2003-08-22,1.1975107882187255,1.1975107882187255,1.1975107882187255,0.9316617281885017,0.7181058546275281
2003-08-25,1.1994312410325763,1.1994312410325763,1.1994312410325763,0.9331558378074373,0.7192574838426715
2003-08-26,1.2015914888916084,1.2015914888916084,1.2015914888916084,0.9348365076381074,0.7205529098632797
2003-08-27,1.2019523671824075,1.2019523671824075,1.2019523671824075,0.9351172704465759,0.7207693161086182
2003-08-28,1.2093935464116687,1.2093935464116687,1.2093935464116687,0.9409064975405598,0.7252315342551566
2003-08-29,1.217555505744741,1.217555505744741,1.217555505744741,0.9472564905531199,0.7301259793323732
2003-09-02,1.2338792849140587,1.2338792849140587,1.2338792849140587,0.959956368049903,0.7399147858353781
2003-09-03,1.240600102529989,1.240600102529989,1.240600102529989,0.9651851548103224,0.7439450280055236
2003-09-04,1.2412004968723158,1.2412004968723158,1.2412004968723158,0.9656522607738509,0.7443050637534699
2003-09-05,1.2342393262238973,1.2342393262238973,1.2342393262238973,0.960236479688348,0.7401306901721459
2003-09-08,1.2444415661449977,1.2444415661449977,1.2444415661449977,0.9681738081615424,0.7462486210415242
2003-09-09,1.236279885805579,1.236279885805579,1.236279885805579,0.9618240322056567,0.7413543432671644
2003-09-10,1.2237970122639628,1.2237970122639628,1.2237970122639628,0.9521123739467445,0.7338687951944464
2003-09-11,1.2273975648591762,1.2273975648591762,1.2273975648591762,0.954913598859532,0.736027922213555
2003-09-12,1.229677919486039,1.229677919486039,1.229677919486039,0.9566877115885754,0.737395372114038
2003-09-15,1.225357005277495,1.225357005277495,1.225357005277495,0.9533260463422234,0.7348042691185367
2003-09-16,1.2432409169571714,1.2432409169571714,1.2432409169571714,0.9672397047628226,0.7455286331970602
2003-09-17,1.2408405950593049,1.2408405950593049,1.2408405950593049,0.9653722576637435,0.7440892430681306
2003-09-18,1.2554841349504333,1.2554841349504333,1.2554841349504333,0.9767649113383374,0.752870468115742
2003-09-19,1.2490982492155267,1.2490982492155267,1.2490982492155267,0.9717967011156579,0.7490410730252476
2003-09-22,1.2356029077053676,1.2356029077053676,1.2356029077053676,0.9612973441849774,0.7409483828850122
2003-09-23,1.2403026952953615,1.2403026952953615,1.2403026952953615,0.9649537723953033,0.7437666831601192
2003-09-24,1.218252850381659,1.218252850381659,1.218252850381659,0.9477990237110382,0.7305441528230758
2003-09-25,1.2082527413625177,1.2082527413625177,1.2082527413625177,0.9400189527985205,0.7245474328734872
2003-09-26,1.2042759658255628,1.2042759658255628,1.2042759658255628,0.936925026960167,0.7221626979519132
2003-09-29,1.216084790700329,1.216084790700329,1.216084790700329,0.9461122762934819,0.7292440423224759
2003-09-30,1.2042759658255626,1.2042759658255626,1.2042759658255626,0.9369250269601669,0.7221626979519131
2003-10-01,1.2299400340234998,1.2299400340234998,1.2299400340234998,0.9568916363342701,0.7375525531480508
2003-10-02,1.2343986316000448,1.2343986316000448,1.2343986316000448,0.9603604190494888,0.7402262201034088
2003-10-03,1.2457239604732995,1.2457239604732995,1.2457239604732995,0.9691715091658915,0.7470176286230462
2003-10-06,1.2513869736519938,1.2513869736519938,1.2513869736519938,0.9735773255449359,0.7504135420114361
2003-10-07,1.2562067285129916,1.2562067285129916,1.2562067285129916,0.9773270881252977,0.7533037825149895
2003-10-08,1.2530743272683473,1.2530743272683473,1.2530743272683473,0.9748900843123249,0.7514253896896793
2003-10-09,1.2564476395327868,1.2564476395327868,1.2564476395327868,0.9775145165637305,0.7534482485318816
2003-10-10,1.2599423140364978,1.2599423140364978,1.2599423140364978,0.9802333684685444,0.7555438841168147
2003-10-13,1.2639182525924921,1.2639182525924921,1.2639182525924921,0.9833266431368745,0.7579281171298182
2003-10-14,1.2683760131880768,1.2683760131880768,1.2683760131880768,0.9867947746820697,0.7606012821766057
2003-10-15,1.2650021429363303,1.2650021429363303,1.2650021429363303,0.9841699083173152,0.7585780887286898
2003-10-16,1.2700628088171233,1.2700628088171233,1.2700628088171233,0.9881070993361095,0.7616127952491353
2003-10-17,1.2562067285129919,1.2562067285129919,1.2562067285129919,0.9773270881252979,0.7533037825149898
2003-10-20,1.2656051877183654,1.2656051877183654,1.2656051877183654,0.9846390763192515,0.7589397138537761
2003-10-21,1.2634355935719412,1.2634355935719412,1.2634355935719412,0.9829511350899857,0.7576386831874635
2003-10-22,1.2475319788447907,1.2475319788447907,1.2475319788447907,0.9705781449450027,0.7481018347868783
2003-10-23,1.2452425569241894,1.2452425569241894,1.2452425569241894,0.9687969778740381,0.7467289475435476
2003-10-24,1.2480133823939008,1.2480133823939008,1.2480133823939008,0.970952676236856,0.7483905158663771
2003-10-27,1.2486155901949756,1.2486155901949756,1.2486155901949756,0.971421193068769,0.748751639082893
2003-10-28,1.2656051877183656,1.2656051877183656,1.2656051877183656,0.9846390763192516,0.7589397138537762
2003-10-29,1.267291425360105,1.267291425360105,1.267291425360105,0.9859509668599425,0.759950892320592
2003-10-30,1.269942562552466,1.269942562552466,1.269942562552466,0.9880135479093991,0.7615406877178318
2003-10-31,1.2687378679566634,1.2687378679566634,1.2687378679566634,0.9870762971888989,0.7608182739819431
2003-11-03,1.2770513208435847,1.2770513208435847,1.2770513208435847,0.9935441519757137,0.7658035645104306
2003-11-04,1.274280076883393,1.274280076883393,1.274280076883393,0.9913881280278839,0.7641417452333159
2003-11-05,1.2752437209625735,1.2752437209625735,1.2752437209625735,0.9921378417816142,0.764719609300884
2003-11-06,1.281991600962893,1.281991600962893,1.281991600962893,0.9973876830394602,0.7687660798481443
2003-11-07,1.2724731744865154,1.2724731744865154,1.2724731744865154,0.9899823604754706,0.7630582082809113
2003-11-10,1.2672914253601044,1.2672914253601044,1.2672914253601044,0.9859509668599423,0.7599508923205919
2003-11-11,1.2669305470693053,1.2669305470693053,1.2669305470693053,0.9856702040514738,0.7597344860752533
2003-11-12,1.2811476451610628,1.2811476451610628,1.2811476451610628,0.9967310865990913,0.7682599887061659
2003-11-13,1.2815099184201295,1.2815099184201295,1.2815099184201295,0.9970129346909323,0.7684772314657887
2003-11-14,1.2706658535991582,1.2706658535991582,1.2706658535991582,0.9885762673380458,0.7619744203742217
2003-11-17,1.2642795493737713,1.2642795493737713,1.2642795493737713,0.9836077315303545,0.758144774329442
2003-11-18,1.2511462021290254,1.2511462021290254,1.2511462021290254,0.9733900056348406,0.7502691596459726
2003-11-19,1.261749216433375,1.261749216433375,1.261749216433375,0.9816391360209574,0.7566274210692193
2003-11-20,1.2504231900759866,1.2504231900759866,1.2504231900759866,0.9728275032628684,0.7498355942924397
2003-11-21,1.2556049392023976,1.2556049392023976,1.2556049392023976,0.9768588968783968,0.7529429102527592
2003-11-24,1.2722315659825871,1.2722315659825871,1.2722315659825871,0.9897943893953521,0.7629133240068774
2003-11-25,1.2770513208435847,1.2770513208435847,1.2770513208435847,0.9935441519757138,0.7658035645104307
2003-11-26,1.2816300251879607,1.2816300251879607,1.2816300251879607,0.9971063775893056,0.7685492553456638
2003-11-28,1.282593390273488,1.282593390273488,1.282593390273488,0.9978558742863617,0.7691269521103752
2003-12-01,1.2964494705776195,1.2964494705776195,1.2964494705776195,1.0086358854971733,0.7774359648445207
2003-12-02,1.2931968230683177,1.2931968230683177,1.2931968230683177,1.00610533025749,0.7754854644879071
2003-12-03,1.2911484516643383,1.2911484516643383,1.2911484516643383,1.0045117001532953,0.7742571269128969
2003-12-04,1.2964494705776195,1.2964494705776195,1.2964494705776195,1.0086358854971733,0.7774359648445208
2003-12-05,1.2874131451344857,1.2874131451344857,1.2874131451344857,1.0016056368667234,0.7720171926139288
2003-12-08,1.2960880342995131,1.2960880342995131,1.2960880342995131,1.0083546885753558,0.7772192239934685
2003-12-09,1.2860876462867186,1.2860876462867186,1.2860876462867186,1.0005744006061639,0.771222336741023
2003-12-10,1.2859672605252344,1.2859672605252344,1.2859672605252344,1.0004807406511163,0.7711501455582912
2003-12-11,1.300425827624094,1.300425827624094,1.300425827624094,1.0117294857505155,0.7798204488118096
2003-12-12,1.3029551840867033,1.3029551840867033,1.3029551840867033,1.013697321561552,0.7813372165120334
2003-12-15,1.2964494705776195,1.2964494705776195,1.2964494705776195,1.0086358854971738,0.7774359648445209
2003-12-16,1.3031972110811125,1.3031972110811125,1.3031972110811125,1.0138856182266827,0.7814823517403529
2003-12-17,1.3072940933858979,1.3072940933858979,1.3072940933858979,1.0170729869634094,0.7839391105418018
2003-12-18,1.3219931530140725,1.3219931530140725,1.3219931530140725,1.0285088349162295,0.7927536288579269
2003-12-19,1.3183125292403053,1.3183125292403053,1.3183125292403053,1.02564531473786,0.7905464859189018
2003-12-22,1.3275134609390027,1.3275134609390027,1.3275134609390027,1.0328036268062661,0.7960639668350368
2003-12-23,1.3283609041615017,1.3283609041615017,1.3283609041615017,1.0334629364550665,0.7965721492627259
2003-12-24,1.327028569969224,1.327028569969224,1.327028569969224,1.0324263823059816,0.7957731944698273
2003-12-26,1.3279970964373409,1.3279970964373409,1.3279970964373409,1.0331798945515158,0.7963539863373904
2003-12-29,1.3456725998578545,1.3456725998578545,1.3456725998578545,1.0469314116362618,0.8069533751818451
2003-12-30,1.34591392936813,1.34591392936813,1.34591392936813,1.0471191656597063,0.8070980921530224
2003-12-31,1.3471247618243094,1.3471247618243094,1.3471247618243094,1.0480611916270455,0.8078241865517618
2004-01-02,1.346519624589873,1.346519624589873,1.346519624589873,1.0475903957000503,0.807461306655249
2004-01-05,1.3611667913984968,1.3611667913984968,1.3611667913984968,1.0589858711114128,0.8162447066399994
2004-01-06,1.362498846597121,1.362498846597121,1.362498846597121,1.0600222082038233,0.8170434941300411
2004-01-07,1.3670988939559896,1.3670988939559896,1.3670988939559896,1.0636010386530148,0.8198019836338234
2004-01-08,1.3725469425246641,1.3725469425246641,1.3725469425246641,1.0678396128643555,0.8230689901710085
2004-01-09,1.3605613751704073,1.3605613751704073,1.3605613751704073,1.0585148581277435,0.81588165944063
2004-01-12,1.3706098895884304,1.3706098895884304,1.3706098895884304,1.0663325883732873,0.8219074064358826
2004-01-13,1.3626202088363928,1.3626202088363928,1.3626202088363928,1.060116627857232,0.8171162708727722
2004-01-14,1.3739998019752528,1.3739998019752528,1.3739998019752528,1.0689699354968254,0.8239402197980674
2004-01-15,1.3773892958715954,1.3773892958715954,1.3773892958715954,1.0716069570353521,0.8259727822059671
2004-01-16,1.3828372049434432,1.3828372049434432,1.3828372049434432,1.0758454227183556,0.8292397050917238
2004-01-20,1.3824729787288021,1.3824729787288021,1.3824729787288021,1.075562055229793,0.8290212912121031
2004-01-21,1.393368517878844,1.393368517878844,1.393368517878844,1.0840387695391254,0.8355549696807596
2004-01-22,1.3897369969880924,1.3897369969880924,1.3897369969880924,1.0812134513354683,0.8333772720445405
2004-01-23,1.385257474887535,1.385257474887535,1.385257474887535,1.0777283893696619,0.8306910573749186
2004-01-26,1.4026905328231591,1.4026905328231591,1.4026905328231591,1.0912912842042655,0.8411450600367685
2004-01-27,1.3882841375375037,1.3882841375375037,1.3882841375375037,1.0800831287029984,0.8325060424174816
2004-01-28,1.3724258592790466,1.3724258592790466,1.3724258592790466,1.067745410267622,0.8229963807311349
2004-01-29,1.373757356490364,1.373757356490364,1.373757356490364,1.0687813132466835,0.823794833615463
2004-01-30,1.373757356490364,1.373757356490364,1.373757356490364,1.0687813132466835,0.823794833615463
2004-02-02,1.3796886220668962,1.3796886220668962,1.3796886220668962,1.073395829618262,0.8273516087007164
2004-02-03,1.3773892958715959,1.3773892958715959,1.3773892958715959,1.0716069570353526,0.8259727822059675
2004-02-04,1.3661307859783538,1.3661307859783538,1.3661307859783538,1.062847851992493,0.8192214427205461
2004-02-05,1.370125696102786,1.370125696102786,1.370125696102786,1.0659558865146894,0.8216170523278155
2004-02-06,1.385499641378771,1.385499641378771,1.385499641378771,1.07791679456313,0.8308362762546664
2004-02-09,1.385863449102932,1.385863449102932,1.385863449102932,1.078199836466681,0.8310544391800019
2004-02-10,1.3903417157320488,1.3903417157320488,1.3903417157320488,1.081683921677452,0.8337399009867681
2004-02-11,1.4051106632704244,1.4051106632704244,1.4051106632704244,1.0931741423272348,0.8425963286685346
2004-02-12,1.400026422425911,1.400026422425911,1.400026422425911,1.089218610019445,0.8395474850566851
2004-02-13,1.393731907112525,1.393731907112525,1.393731907112525,1.0843214858576649,0.8357728816518099
2004-02-17,1.4063217747202577,1.4063217747202577,1.4063217747202577,1.0941163853512486,0.8433225903701308
2004-02-18,1.4001473661747021,1.4001473661747021,1.4001473661747021,1.0893127040878416,0.8396200108451305
2004-02-19,1.3949421815813974,1.3949421815813974,1.3949421815813974,1.0852630777116552,0.8364986414448354
2004-02-20,1.3907060814435166,1.3907060814435166,1.3907060814435166,1.0819673976943518,0.8339583985178172
2004-02-23,1.387193969836462,1.387193969836462,1.387193969836462,1.0792349797473815,0.8318523065043308
2004-02-24,1.38477328140189,1.38477328140189,1.38477328140189,1.0773516875110636,0.8304007032668511
2004-02-25,1.3905845797074181,1.3905845797074181,1.3905845797074181,1.0818728695126059,0.833885538123658
2004-02-26,1.3914318834330903,1.3914318834330903,1.3914318834330903,1.0825320706330688,0.8343936368999186
2004-02-27,1.3923998519139003,1.3923998519139003,1.3923998519139003,1.083285148765254,0.834974094161768
2004-03-01,1.4062005519778127,1.4062005519778127,1.4062005519778127,1.094022074226177,0.8432498972788284
2004-03-02,1.3979687047345393,1.3979687047345393,1.3979687047345393,1.087617708516654,0.8383135428359701
2004-03-03,1.400511173898863,1.400511173898863,1.400511173898863,1.089595745991392,0.839838173770466
2004-03-04,1.4041426947896145,1.4041426947896145,1.4041426947896145,1.0924210641950494,0.8420158714066852
2004-03-05,1.4088634069036206,1.4088634069036206,1.4088634069036206,1.096093771655963,0.844846719396056
2004-03-08,1.3916743289179798,1.3916743289179798,1.3916743289179798,1.0827206928832112,0.8345390230825234
2004-03-09,1.386104360122727,1.386104360122727,1.386104360122727,1.0783872649051132,0.8311989051968939
2004-03-10,1.362862514824456,1.362862514824456,1.362862514824456,1.0603051415790377,0.8172615734039487
2004-03-11,1.3451872903975957,1.3451872903975957,1.3451872903975957,1.046553841550966,0.8066623518623507
2004-03-12,1.362862514824456,1.362862514824456,1.362862514824456,1.0603051415790379,0.8172615734039487
2004-03-15,1.3461565143498464,1.3461565143498464,1.3461565143498464,1.0473078964381868,0.807243561987056
2004-03-16,1.353298612382558,1.353298612382558,1.353298612382558,1.0528644387771044,0.8115264314710487
2004-03-17,1.3684309491546145,1.3684309491546145,1.3684309491546145,1.0646373757454264,0.8206007711238655
2004-03-18,1.3687941988914685,1.3687941988914685,1.3687941988914685,1.0649199835356282,0.8208185994434873
2004-03-19,1.3491745281965568,1.3491745281965568,1.3491745281965568,1.0496559070146139,0.8090533606410567
2004-03-22,1.3320457128400716,1.3320457128400716,1.3320457128400716,1.0363297124835547,0.7987818017446042
2004-03-23,1.329737598344686,1.329737598344686,1.329737598344686,1.0345340026153984,0.7973977052098644
2004-03-24,1.3308308349759161,1.3308308349759161,1.3308308349759161,1.035384539194435,0.7980532814544404
2004-03-25,1.3484456572767942,1.3484456572767942,1.3484456572767942,1.0490888464524768,0.8086162819275299
2004-03-26,1.3488103019819158,1.3488103019819158,1.3488103019819158,1.0493725395260511,0.808834946761436
2004-03-29,1.3677619223735276,1.3677619223735276,1.3677619223735276,1.06411687383997,0.8201995788731336
2004-03-30,1.3723777328738187,1.3723777328738187,1.3723777328738187,1.0677079679912709,0.822967520988328
2004-03-31,1.3739568369526152,1.3739568369526152,1.3739568369526152,1.068936508768953,0.8239144551581126
2004-04-01,1.382217420542199,1.382217420542199,1.382217420542199,1.07536323131595,0.8288680417952267
2004-04-02,1.3926650353815504,1.3926650353815504,1.3926650353815504,1.0834914611343691,0.8351331155272065
2004-04-05,1.400318110290643,1.400318110290643,1.400318110290643,1.0894455427726375,0.8397224001935244
2004-04-06,1.395823941023277,1.395823941023277,1.395823941023277,1.0859490853314198,0.8370274021239177
2004-04-07,1.392542975658145,1.392542975658145,1.392542975658145,1.0833964988392746,0.8350599205273336
2004-04-08,1.3893844885068989,1.3893844885068989,1.3893844885068989,1.0809392002272358,0.8331658848849077
2004-04-12,1.3948517876376647,1.3948517876376647,1.3948517876376647,1.085192751349117,0.8364444353192156
2004-04-13,1.3752927980623886,1.3752927980623886,1.3752927980623886,1.0699758846548069,0.8247155848881503
2004-04-14,1.3774801083058097,1.3774801083058097,1.3774801083058097,1.0716776089829037,0.826027239285873
2004-04-15,1.3722565101313742,1.3722565101313742,1.3722565101313742,1.0676136568662,0.8228948278970257
2004-04-16,1.3828252082163435,1.3828252082163435,1.3828252082163435,1.075836089281353,0.8292325110688796
2004-04-19,1.3828252082163435,1.3828252082163435,1.3828252082163435,1.075836089281353,0.8292325110688796
2004-04-20,1.359621864042255,1.359621864042255,1.359621864042255,1.0577839197763585,0.8153182670701801
2004-04-21,1.3687333782750064,1.3687333782750064,1.3687333782750064,1.0648726651805869,0.8207821274206938
2004-04-22,1.3879271651578542,1.3879271651578542,1.3879271651578542,1.0798054046879737,0.8322919784121393
2004-04-23,1.3892635447581076,1.3892635447581076,1.3892635447581076,1.0808451061588389,0.8330933590964622
2004-04-26,1.3873195169805363,1.3873195169805363,1.3873195169805363,1.079332655250908,0.8319275927899147
2004-04-27,1.3885349528319988,1.3885349528319988,1.3885349528319988,1.0802782626533767,0.8326564476857922
2004-04-28,1.3705554858259994,1.3705554858259994,1.3705554858259994,1.0662902623217605,0.8218747823787967
2004-04-29,1.3585286274110249,1.3585286274110249,1.3585286274110249,1.056933383197322,0.8146626908256039
2004-04-30,1.3479597898292288,1.3479597898292288,1.3479597898292288,1.0487108422538318,0.8083249240023217
2004-05-03,1.362416403972514,1.362416403972514,1.362416403972514,1.0599580679565093,0.816994056135842
2004-05-04,1.3613233068381103,1.3613233068381103,1.3613233068381103,1.05910763990581,0.8163385635426943
2004-05-05,1.3700694788816066,1.3700694788816066,1.3700694788816066,1.0659121495947776,0.8215833408021599
2004-05-06,1.3582854844420018,1.3582854844420018,1.3582854844420018,1.0567442183054934,0.8145168863858571
2004-05-07,1.3358117086718095,1.3358117086718095,1.3358117086718095,1.039259652004322,0.8010401393578265
2004-05-10,1.322084383938767,1.322084383938767,1.322084383938767,1.028579812448793,0.7928083368921183
2004-05-11,1.3332603117105737,1.3332603117105737,1.3332603117105737,1.037274668716,0.7995101547319112
2004-05-12,1.3417640382691804,1.3417640382691804,1.3417640382691804,1.0438905561548253,0.804609545808772
2004-05-13,1.3361766323705841,1.3361766323705841,1.3361766323705841,1.0395435621345708,0.8012589714945891
2004-05-14,1.336783722560595,1.336783722560595,1.336783722560595,1.0400158774582875,0.8016230225111
2004-05-17,1.3253640938324578,1.3253640938324578,1.3253640938324578,1.031131422185903,0.7947750656258463
2004-05-18,1.3320457128400718,1.3320457128400718,1.3320457128400718,1.0363297124835547,0.7987818017446041
2004-05-19,1.3274289258619936,1.3274289258619936,1.3274289258619936,1.0327378586338931,0.7960132740694108
2004-05-20,1.3316813471286042,1.3316813471286042,1.3316813471286042,1.036046236466655,0.798563304213555
2004-05-21,1.3339890431335095,1.3339890431335095,1.3339890431335095,1.0378416207497994,0.7999471497940095
2004-05-24,1.3395777045035466,1.3395777045035466,1.3395777045035466,1.042189591525089,0.8032984769710482
2004-05-25,1.3587719098768745,1.3587719098768745,1.3587719098768745,1.0571226566174876,0.8148085789167789
2004-05-26,1.3635097801005707,1.3635097801005707,1.3635097801005707,1.060808713063883,0.8176497160318462
2004-05-27,1.3711632735001436,1.3711632735001436,1.3711632735001436,1.066763120287163,0.8222392516524494
2004-05-28,1.3710416322672185,1.3710416322672185,1.3710416322672185,1.06666848357708,0.8221663076068617
2004-06-01,1.3692192457225723,1.3692192457225723,1.3692192457225723,1.065250669379232,0.821073485345902
2004-06-02,1.3743213421609095,1.3743213421609095,1.3743213421609095,1.06922009331419,0.8241330363405901
2004-06-03,1.3616873935559242,1.3616873935559242,1.3616873935559242,1.059390898866035,0.8165568937708865
2004-06-04,1.3724993741067435,1.3724993741067435,1.3724993741067435,1.067802604701354,0.8230404650339156
2004-06-07,1.393394185294966,1.393394185294966,1.393394185294966,1.0840587387531804,0.8355703615435901
2004-06-08,1.3953370970979233,1.3953370970979233,1.3953370970979233,1.0855703214344132,0.8367354586387101
2004-06-09,1.3823390617751237,1.3823390617751237,1.3823390617751237,1.075457868026033,0.8289409858408141
2004-06-10,1.3891419035251822,1.3891419035251822,1.3891419035251822,1.080750469448756,0.8330204150508743
2004-06-14,1.3754144392953132,1.3754144392953132,1.3754144392953132,1.0700705213648898,0.8247885289337378
2004-06-15,1.3851333227117288,1.3851333227117288,1.3851333227117288,1.0776317991495092,0.8306166076036192
2004-06-16,1.3848903192395325,1.3848903192395325,1.3848903192395325,1.0774427427860178,0.8304708868153008
2004-06-17,1.3828252082163435,1.3828252082163435,1.3828252082163435,1.075836089281353,0.8292325110688794
2004-06-18,1.3854342173670264,1.3854342173670264,1.3854342173670264,1.0778658947729598,0.8307970437347346
2004-06-21,1.3801913686304994,1.3801913686304994,1.3801913686304994,1.0737869657457155,0.8276530884487645
2004-06-22,1.3871415190296048,1.3871415190296048,1.3871415190296048,1.0791941730925756,0.8318208535672428
2004-06-23,1.3990901197247734,1.3990901197247734,1.3990901197247734,1.0884901678198162,0.8389860166690886
2004-06-24,1.3947008520711224,1.3947008520711224,1.3947008520711224,1.0850753236882111,0.8363539244736583
2004-06-25,1.3879948211188273,1.3879948211188273,1.3879948211188273,1.0798580409315404,0.8323325493549258
2004-06-28,1.3832399322822677,1.3832399322822677,1.3832399322822677,1.0761587440280003,0.8294812067655906
2004-06-29,1.388970043434628,1.388970043434628,1.388970043434628,1.0806167625372625,0.8329173564910533
2004-06-30,1.3964075957463935,1.3964075957463935,1.3964075957463935,1.0864031678944779,0.8373773997004527
2004-07-01,1.377021582236286,1.377021582236286,1.377021582236286,1.071320876338359,0.8257522770406358
2004-07-02,1.3762897818831616,1.3762897818831616,1.3762897818831616,1.07075153668114,0.825313441647112
2004-07-06,1.3642192609614148,1.3642192609614148,1.3642192609614148,1.061360688187142,0.8180751671968217
2004-07-07,1.3682423494448501,1.3682423494448501,1.3682423494448501,1.064490645433463,0.8204876743926333
2004-07-08,1.3587322927780774,1.3587322927780774,1.3587322927780774,1.0570918345697085,0.8147848219111059
2004-07-09,1.3622686768329861,1.3622686768329861,1.3622686768329861,1.0598431364473604,0.8169054692731383
2004-07-12,1.3628788359531854,1.3628788359531854,1.3628788359531854,1.0603178393944968,0.8172713606210745
2004-07-13,1.3638536397785062,1.3638536397785062,1.3638536397785062,1.0610762354152072,0.8178559168029168
2004-07-14,1.3597079335843585,1.3597079335843585,1.3597079335843585,1.0578508817604426,0.8153698800015188
2004-07-15,1.35092967727071,1.35092967727071,1.35092967727071,1.051021410553907,0.8101058629135152
2004-07-16,1.3498318372441969,1.3498318372441969,1.3498318372441969,1.0501672925397412,0.809447526171801
2004-07-19,1.34410200508549,1.34410200508549,1.3486191311808948,1.0492238089086658,0.806011543749195
2004-07-20,1.3611715342906068,1.3611715342906068,1.3487620205888413,1.0493349766693716,0.8162475507885664
2004-07-21,1.3360540146598714,1.3360540146598714,1.322524730064763,1.0289224011225515,0.8011854418890025
2004-07-22,1.3397123189413587,1.3397123189413587,1.3213433796015184,1.0280033121047234,0.8033792005994795
2004-07-23,1.3284949606120073,1.3284949606120073,1.3214844277638649,1.0281130473789124,0.7966525382854439
2004-07-26,1.3259353333379937,1.3259353333379937,1.3216286373740374,1.0282252422551144,0.7951176182252517
2004-07-27,1.3383716149394762,1.3383716149394762,1.321776533912029,1.0283403055560334,0.8025752267208756
2004-07-28,1.3423947034229116,1.3423947034229116,1.3219223489423575,1.0284537494468844,0.804987733916687
2004-07-29,1.3481245355816187,1.3481245355816187,1.3220666063415476,1.0285659815028756,0.808423716339293
2004-07-30,1.3514172186801974,1.3514172186801974,1.3222072070758726,1.028675368678686,0.810398224655865
2004-08-02,1.3542216628851553,1.3542216628851553,1.322346773392175,1.0287839510787133,0.8120799529729452
2004-08-03,1.343736244405755,1.343736244405755,1.3224863544404775,1.0288925449402162,0.8057922097038618
2004-08-04,1.3436144636760032,1.3436144636760032,1.3226259502223352,1.0290011502644043,0.8057191820068458
2004-08-05,1.3216674279236145,1.3216674279236145,1.3227645110361679,1.029108950384908,0.7925583027725525
2004-08-06,1.302768955822994,1.302768955822994,1.3228904886086477,1.0292069607611352,0.7812255418550852
2004-08-09,1.3045980382153244,1.3045980382153244,1.3230191029617069,1.0293070225489869,0.7823223793846095
2004-08-10,1.3214235874704576,1.3214235874704576,1.3231529798947448,1.0294111786167448,0.7924120800756634
2004-08-11,1.318741202988905,1.318741202988905,1.323286345314147,1.0295149367276055,0.7908035467584562
2004-08-12,1.3043540582653408,1.3043540582653408,1.3234186739486784,1.0296178882212783,0.7821760730362921
2004-08-13,1.3069143830234884,1.3069143830234884,1.323548389985371,1.0297188071174652,0.7837114113536265
2004-08-16,1.3204482256578303,1.3204482256578303,1.3236802196067545,1.0298213703796029,0.7918271892881077
2004-08-17,1.327885777969596,1.327885777969596,1.323808385469288,1.0299210832424492,0.7962872324975072
2004-08-18,1.3415412618368627,1.3415412618368627,1.323936563741532,1.030020805760033,0.8044759544775758
2004-08-19,1.3376395355926989,1.3376395355926989,1.3240642290530358,1.0301201291948743,0.8021362240244951
2004-08-20,1.3470280905233734,1.3470280905233734,1.3241934829420623,1.0302206885408194,0.8077662161118633
2004-08-23,1.3436144636760035,1.3436144636760035,1.324324851343148,1.0303228929742065,0.8057191820068459
2004-08-24,1.3454429880810268,1.3454429880810268,1.3244562327768132,1.0304251075469224,0.8068156849306565
2004-08-25,1.3545875630617177,1.3545875630617177,1.3245881528222208,1.030527741158825,0.8122993706697074
2004-08-26,1.3545875630617177,1.3545875630617177,1.3247185091166256,1.0306291581746216,0.8122993706697074
2004-08-27,1.3588547709919634,1.3588547709919634,1.324848878239745,1.0307305851711404,0.8148582678652647
2004-08-30,1.3476376916562656,1.3476376916562656,1.32497873445916,1.03083161312929,0.808131772854086
2004-08-31,1.3547096227851225,1.3547096227851225,1.325105448695273,1.0309301966287996,0.8123725656695803
2004-09-01,1.3572699475432701,1.3572699475432701,1.3252321750496918,1.0310287895563344,0.8139079039869147
2004-09-02,1.3726321750858084,1.3726321750858084,1.325361542952494,1.0311294376048386,0.8231201011937779
2004-09-03,1.3670232866758925,1.3670232866758925,1.318620451593395,1.025884877900423,0.8197566445596174
2004-09-07,1.376046359920485,1.376046359920485,1.3273240406489089,1.032656258083949,0.825167469904509
2004-09-08,1.3726321750858081,1.3726321750858081,1.3240307434590182,1.0300940774492877,0.8231201011937778
2004-09-09,1.3714126938263702,1.3714126938263702,1.32285444094486,1.0291789157288298,0.822388820406476
2004-09-10,1.378484345961574,1.378484345961574,1.3296757037740459,1.0344858487255006,0.8266294459191136
2004-09-13,1.3829955338418034,1.3829955338418034,1.33402716190781,1.0378712771032048,0.8293346494629882
2004-09-14,1.3858002570404149,1.3858002570404149,1.3367325769558158,1.039976086248884,0.8310165450829253
2004-09-15,1.3753144200705343,1.3753144200705343,1.3266180169367392,1.032106972617552,0.8247285508595567
2004-09-16,1.3794598472710282,1.3794598472710282,1.330616665050814,1.0352179152904928,0.8272144203580979
2004-09-17,1.3853248518548547,1.3853248518548547,1.3362740046647779,1.0396193176440658,0.8307314610148488
2004-09-20,1.3769985652598724,1.3769985652598724,1.3282425308069556,1.0333708421498202,0.8257384745549461
2004-09-21,1.3829981842815116,1.3829981842815116,1.3340297185021552,1.037873266130051,0.8293362388401283
2004-09-22,1.3657350334808673,1.3657350334808673,1.3173778121838489,1.0249181061675898,0.8189841236181014
2004-09-23,1.358389409577929,1.358389409577929,1.316194785997749,1.02399771343971,0.8145792067000347
2004-09-24,1.3646337060336855,1.3646337060336855,1.3163316284715314,1.024104176694044,0.8183236955906765
2004-09-27,1.3559405427843538,1.3559405427843538,1.3164669181111244,1.0242094318455375,0.8131107058740129
2004-09-28,1.362429935164708,1.362429935164708,1.316600132025457,1.0243130720856648,0.8170021703243995
2004-09-29,1.3692856462121046,1.3692856462121046,1.3167364941819883,1.0244191616538452,0.8211133034258333
2004-09-30,1.3683066574819815,1.3683066574819815,1.3168739154907065,1.0245260752409542,0.8205262377011383
2004-10-01,1.3914470885872063,1.3914470885872063,1.3170113511414105,1.0246329999861084,0.8344027549056178
2004-10-04,1.3937720821986286,1.3937720821986286,1.317894957408208,1.0253204444330908,0.8357969732631971
2004-10-05,1.3945063934946342,1.3945063934946342,1.3185892927063056,1.0258606363295915,0.8362373143824325
2004-10-06,1.4040566252475106,1.4040566252475106,1.3276196086596437,1.0328862095853362,0.8419642584753467
2004-10-07,1.3889980822968044,1.3889980822968044,1.3133808546523567,1.0218084787655475,0.8329341704281674
2004-10-08,1.3774888966058947,1.3774888966058947,1.3024982304560118,1.0133418122722342,0.8260325093258641
2004-10-11,1.3831203835017438,1.3831203835017438,1.307823138507723,1.0174845833325947,0.8294095174914297
2004-10-12,1.3777341320273193,1.3777341320273193,1.3027301152307185,1.0135222183045383,0.8261795685370374
2004-10-13,1.3656125552669824,1.3656125552669824,1.2912684386106181,1.0046050498306707,0.8189106776639432
2004-10-14,1.3545939799157483,1.3545939799157483,1.2901042473834263,1.0036993106746328,0.812303218635415
2004-10-15,1.3621845602464573,1.3621845602464573,1.2902337697542945,1.0038000788990775,0.816855027461798
2004-10-18,1.3673265527772447,1.3673265527772447,1.290364329123853,1.0039016539070613,0.8199385027650159
2004-10-19,1.355817925073642,1.355817925073642,1.2904959258034499,1.0040040359408129,0.8130371762684264
2004-10-20,1.3531247993364295,1.3531247993364295,1.290625487497588,1.004104834758707,0.8114222017912303
2004-10-21,1.3619401618059932,1.3619401618059932,1.2907571108111937,1.0042072375136804,0.8167084701591952
2004-10-22,1.3466356859497288,1.3466356859497288,1.290887723137883,1.0043088537222382,0.8075309046437006
2004-10-25,1.3450437481628716,1.3450437481628716,1.2910178364242628,1.0044100816781294,0.8065762745425009
2004-10-26,1.3656125552669822,1.3656125552669822,1.2911479628252358,1.0045113198371558,0.8189106776639434
2004-10-27,1.3820187770609087,1.3820187770609087,1.2912827135848481,1.0046161557407738,0.8287489221611483
2004-10-28,1.3861812228742663,1.3861812228742663,1.2938805924472392,1.0066373018835653,0.8312449971339575
2004-10-29,1.3859372429242827,1.3859372429242827,1.293652858210892,1.006460124964334,0.8310986907856401
2004-11-01,1.3897322540959836,1.3897322540959836,1.297195173762536,1.0092160415381985,0.8333744278959747
2004-11-02,1.390221748461045,1.390221748461045,1.2976520745260252,1.009571509696908,0.8336679607583223
2004-11-03,1.4077297161926334,1.4077297161926334,1.313994252076319,1.0222857011085091,0.8441668842372372
2004-11-04,1.4269511234471772,1.4269511234471772,1.3319357776112055,1.0362441830283542,0.855693298211511
2004-11-05,1.4358889641306263,1.4358889641306263,1.3402784808652006,1.042734794560082,0.8610530125336341
2004-11-08,1.4338076714755341,1.4338076714755341,1.3383357737146573,1.0412233710981427,0.8598049332215153
2004-11-09,1.4309919280276095,1.4309919280276095,1.3357075201064994,1.039178593445378,0.8581164291387325
2004-11-10,1.4320938134620982,1.4320938134620982,1.3367360351053024,1.0399787766843767,0.858777191771871
2004-11-11,1.4429901895931005,1.4429901895931005,1.3469068622462699,1.0478916660583049,0.8653113721490979
2004-11-12,1.4543761995859912,1.4543761995859912,1.3575347203589805,1.0561601248927832,0.8721391690401008
2004-11-15,1.4579498292936421,1.4579498292936421,1.360870395411435,1.0587552754455958,0.8742821513335232
2004-11-16,1.4475118397353364,1.4475118397353364,1.3511274325933016,1.0511752639199206,0.8680228495501047
2004-11-17,1.4561074947027708,1.4561074947027708,1.359150735000093,1.057417382036626,0.8731773669182985
2004-11-18,1.4580725865011812,1.4580725865011812,1.3609849786750061,1.0588444210653352,0.8743557645905383
2004-11-19,1.441863334226624,1.441863334226624,1.345855039969991,1.047073349789837,0.8646356359102713
2004-11-22,1.4487396908043793,1.4487396908043793,1.352273525645519,1.0520669227209924,0.868759149423112
2004-11-23,1.4509508550051746,1.4509508550051746,1.3543374566805901,1.0536726581965423,0.8700851082150958
2004-11-24,1.4543888937972256,1.4543888937972256,1.3575465693101,1.0561693433602795,0.8721467813200878
2004-11-26,1.4532833814452415,1.4532833814452415,1.3565146688966916,1.0553665262734249,0.8714838437498102
2004-11-29,1.4466529577730443,1.4466529577730443,1.3503257403730675,1.0505515484872694,0.8675078077052848
2004-11-30,1.4476343179492221,1.4476343179492221,1.3512417554403646,1.0512642069359788,0.868096295504263
2004-12-01,1.4640892241356838,1.4640892241356838,1.3666009908807757,1.0632136707527955,0.8779637343499885
2004-12-02,1.4653179121856872,1.4653179121856872,1.3677478651825172,1.0641059373649109,0.8787005361315664
2004-12-03,1.464335157041242,1.464335157041242,1.3668305480326797,1.0633922658977955,0.8781112118183039
2004-12-06,1.463843709720606,1.463843709720606,1.3663718243536338,1.0630353795133174,0.8778165078359584
2004-12-07,1.4502137537726343,1.4502137537726343,1.3536494362661484,1.0531373792707455,0.8696430940672918
2004-12-08,1.4586866515325294,1.4586866515325294,1.3615581554093685,1.0592903517677115,0.8747239981784704
2004-12-09,1.4638437097206058,1.4638437097206058,1.3663718243536336,1.0630353795133172,0.8778165078359583
2004-12-10,1.4653179121856872,1.4653179121856872,1.3677478651825172,1.0641059373649109,0.8787005361315664
2004-12-13,1.4780882886872326,1.4780882886872326,1.3796679100084979,1.0733797156656282,0.8863584897982708
2004-12-14,1.483245207378482,1.483245207378482,1.3844814487445087,1.0771246421093932,0.8894509158043303
2004-12-15,1.4843507197304662,1.4843507197304662,1.3855133491579172,1.0779274591962476,0.8901138533746079
2004-12-16,1.4834914192776936,1.4834914192776936,1.3847112663129209,1.0773034398580743,0.8895985605755026
2004-12-17,1.4735971883500547,1.4735971883500547,1.3754758552691049,1.0701183029071066,0.8836653320600893
2004-12-20,1.473966854940939,1.473966854940939,1.3758209071423584,1.07038675278473,0.8838870083454188
2004-12-21,1.4853172932430085,1.4853172932430085,1.3864155621502843,1.078629379649852,0.8906934741221729
2004-12-22,1.4888955263459422,1.4888955263459422,1.3897555340751226,1.0812278731634049,0.8928392169127334
2004-12-23,1.4900057815900358,1.4900057815900358,1.3907918615691692,1.0820341345128401,0.8935049986315775
2004-12-27,1.4869215067506198,1.4869215067506198,1.38791295707195,1.0797943508168963,0.8916554655490743
2004-12-28,1.495064215521601,1.495064215521601,1.3955134732778154,1.0857075418571327,0.8965383667291682
2004-12-29,1.497284865506615,1.497284865506615,1.3975862584741623,1.087320165857844,0.8978700138182847
2004-12-30,1.494446663069584,1.494446663069584,1.3949370413371012,1.0852590786087408,0.8961680418555253
2004-12-31,1.4912389335384955,1.4912389335384955,1.3919429025350407,1.082929642783855,0.894244477258865
2005-01-03,1.4842070379989152,1.4842070379989152,1.385379234656238,1.0778231183004165,0.8900276924033289
2005-01-04,1.4660706370628236,1.4660706370628236,1.3684504689214134,1.0646525620968559,0.879151919239354
2005-01-05,1.4559532112123867,1.4559532112123867,1.359006724671105,1.0573053422009082,0.8730848484384589
2005-01-06,1.463356168311119,1.463356168311119,1.3659167465057016,1.062681329580376,0.8775241460936087
2005-01-07,1.4612589730177774,1.4612589730177774,1.3639591956141957,1.0611583577086068,0.8762665305186493
2005-01-10,1.468167971852992,1.468167971852992,1.3704081500211733,1.0661756352704657,0.880409618465742
2005-01-11,1.458050685499382,1.458050685499382,1.360964535979119,1.0588285166763587,0.8743426313162753
2005-01-12,1.4628624890412552,1.4628624890412552,1.3654559394945909,1.0623228223664483,0.8772281036884085
2005-01-13,1.4511421051546478,1.4511421051546478,1.3545159721969036,1.0538115430200217,0.8701997943234681
2005-01-14,1.4587912741525915,1.4587912741525915,1.3616558115999122,1.0593663281481707,0.87478673674979
2005-01-18,1.4739668549409397,1.4739668549409397,1.3758209071423586,1.0703867527847297,0.8838870083454189
2005-01-19,1.4585452017502063,1.4585452017502063,1.361426124239754,1.05918763170133,0.8746391756300461
2005-01-20,1.4496616253323624,1.4496616253323624,1.3531340719965874,1.0527364265856005,0.8693120017135808
2005-01-21,1.4407784674049988,1.4407784674049988,1.3448424103781829,1.0462855253753929,0.8639850787514007
2005-01-24,1.4379405439616213,1.4379405439616213,1.3421934536576297,1.044224640729971,0.8622832740914982
2005-01-25,1.4420124563344188,1.4420124563344188,1.3459942325935785,1.0471816414574515,0.8647250592872588
2005-01-26,1.4463305806064277,1.4463305806064277,1.3500248290979395,1.0503174399336133,0.8673144892541916
2005-01-27,1.4487978609811338,1.4487978609811338,1.3523278224874609,1.0521091655885275,0.8687940320687658
2005-01-28,1.4487978609811338,1.4487978609811338,1.3523278224874609,1.0521091655885275,0.8687940320687658
2005-01-31,1.4578048920906506,1.4578048920906506,1.360735109035469,1.0586500228331994,0.8741952374993884
2005-02-01,1.4670575771120717,1.4670575771120717,1.3693716923188728,1.06536927261919,0.8797437530954696
2005-02-02,1.4714992955725803,1.4714992955725803,1.3735176533363291,1.0685948245261343,0.882407298227988
2005-02-03,1.4676741530863013,1.4676741530863013,1.3699472128018086,1.0658170267546974,0.8801134924091133
2005-02-04,1.4833434131445138,1.4833434131445138,1.3845731153553658,1.0771959586051842,0.8895098064099425
2005-02-07,1.4813689750587113,1.4813689750587113,1.3827301477274307,1.075762132353154,0.8883258040919981
2005-02-08,1.4830965037611687,1.4830965037611687,1.3843426467456834,1.0770166543473,0.8893617433816282
2005-02-09,1.4719925563519642,1.4719925563519642,1.3739780697226778,1.0689530278345405,0.8827030896789031
2005-02-10,1.4772973416795676,1.4772973416795676,1.37892962920799,1.0728053342293549,0.8858841861990945
2005-02-11,1.4900057815900367,1.4900057815900367,1.390791861569169,1.0820341345128401,0.8935049986315776
2005-02-14,1.488895526345943,1.488895526345943,1.3897555340751224,1.0812278731634049,0.8928392169127335
2005-02-15,1.4944466630695847,1.4944466630695847,1.394937041337101,1.085259078608741,0.8961680418555256
2005-02-16,1.495434300602966,1.495434300602966,1.3958589157758305,1.0859762956402779,0.896760293968783
2005-02-17,1.4833434131445138,1.4833434131445138,1.3845731153553655,1.0771959586051842,0.8895098064099425
2005-02-18,1.4853172932430092,1.4853172932430092,1.3864155621502843,1.0786293796498518,0.8906934741221731
2005-02-22,1.4632334111035799,1.4632334111035799,1.3658021632421304,1.062592183960637,0.8774505328365937
2005-02-23,1.4737198060607675,1.4737198060607675,1.375590308324422,1.0702073472250049,0.8837388616656762
2005-02-24,1.4834668678361864,1.4834668678361864,1.384688349660207,1.0772856107341262,0.8895838379240998
2005-02-25,1.4981477928768838,1.4981477928768838,1.3983917267337642,1.0879468190438732,0.8983874815545295
2005-02-28,1.488277973893926,1.488277973893926,1.3891791021344084,1.080779409915013,0.892468892039091
2005-03-01,1.4956812099863115,1.4956812099863115,1.396089384385513,1.086155599898162,0.8969083569970975
2005-03-02,1.494940621333102,1.494940621333102,1.3953981087647198,1.0856177884263498,0.8964642515635828
2005-03-03,1.4955577552946386,1.4955577552946386,1.3959741500806717,1.0860659477692198,0.8968343254829403
2005-03-04,1.514187417010114,1.514187417010114,1.4133633322018448,1.0995947072811865,0.9080058900978302
2005-03-07,1.5149273081791896,1.5149273081791896,1.414053956781368,1.1001320122437956,0.9084495772742027
2005-03-08,1.5092520192797414,1.5092520192797414,1.408756564173278,1.0960106481603142,0.9050463025601113
2005-03-09,1.4924725039774351,1.4924725039774351,1.3930943341256743,1.0838254549603918,0.894984206840438
2005-03-10,1.4958034092065429,1.4958034092065429,1.3962034468160678,1.0862443403105384,0.8969816356483986
2005-03-11,1.485317293243009,1.485317293243009,1.3864155621502845,1.0786293796498518,0.8906934741221731
2005-03-14,1.4945702572580835,1.4945702572580835,1.3950524058501963,1.0853488320395235,0.896242157021111
2005-03-15,1.4822323209194592,1.4822323209194592,1.3835360066117948,1.076389089444705,0.8888435227825278
2005-03-16,1.4696484516752768,1.4696484516752768,1.3717900502214893,1.0672507517048866,0.8812974110756291
2005-03-17,1.4726096903135004,1.4726096903135004,1.3745541110386295,1.06940118717741,0.8830731635982604
2005-03-18,1.468237301775886,1.468237301775886,1.37047286352344,1.06622598228525,0.8804511932256698
2005-03-21,1.462786881761157,1.462786881761157,1.3653853666208913,1.062267916768836,0.8771827646142015
2005-03-22,1.4479243318520327,1.4479243318520327,1.3515124584005507,1.0514748134626115,0.8682702068239609
2005-03-23,1.449162505686255,1.449162505686255,1.3526681868635682,1.0523739685998885,0.8690126969026718
2005-03-24,1.4508968697332227,1.4508968697332227,1.3542870660862696,1.0536334543842245,0.8700527351122948
2005-03-28,1.4530024348361692,1.4530024348361692,1.356252429473019,1.0551625043664306,0.8713153697729598
2005-03-29,1.443341582099681,1.443341582099681,1.347234856838242,1.0481468453948077,0.8655220900973036
2005-03-30,1.4637778672183803,1.4637778672183803,1.3663103660577183,1.0629875650445475,0.8777770243617412
2005-03-31,1.4610532151983229,1.4610532151983229,1.3637671384394603,1.061008937493703,0.8761431446617208
2005-04-01,1.4544889130220047,1.4544889130220047,1.3576399286282597,1.0562419767799978,0.8722067593942694
2005-04-04,1.4569663766650633,1.4569663766650633,1.3599524272203272,1.0580410974692769,0.8736924087631186
2005-04-05,1.4639021588910135,1.4639021588910135,1.3664263816120839,1.0630778249845332,0.8778515577844689
2005-04-06,1.468980401371977,1.468980401371977,1.3711664828928063,1.066765617190193,0.8808968043848961
2005-04-07,1.4769074480488043,1.4769074480488043,1.3785656971378983,1.0725221955848423,0.8856503804566431
2005-04-08,1.4615488474237615,1.4615488474237615,1.364229768366128,1.0613688629333995,0.8764403581869191
2005-04-11,1.462663008579004,1.462663008579004,1.365269741691288,1.062177960734372,0.8771084821457591
2005-04-12,1.4702196911808132,1.4702196911808132,1.3723232530218563,1.067665582742195,0.8816399636750345
2005-04-13,1.4528784221571898,1.4528784221571898,1.3561366743351617,1.055072447030126,0.871241003653089
2005-04-14,1.4339277782433653,1.4339277782433653,1.3384478830214015,1.04131059198291,0.8598769571013903
2005-04-15,1.4138621361933377,1.4138621361933377,1.3372974551981378,1.0404155607359913,0.8478442846822812
2005-04-18,1.4181971395813833,1.4181971395813833,1.3374858443237707,1.0405621272137933,0.8504438364720537
2005-04-19,1.4294693201636468,1.4294693201636468,1.3376716062465934,1.0407066497314619,0.8572033737974608
2005-04-20,1.4095272723021186,1.4095272723021186,1.3378584556138151,1.0408520182793608,0.8452448165439372
2005-04-21,1.4369007346150358,1.4369007346150358,1.3380522327313942,1.0410027766074053,0.8616597363440096
2005-04-22,1.43145059359396,1.43145059359396,1.3316389702309857,1.0360132672992304,0.8583914750353981
2005-04-25,1.440863978959796,1.440863978959796,1.3304996791120103,1.0351269003927632,0.8640363570770262
2005-04-26,1.4268678438416087,1.4268678438416087,1.3162450911390122,1.024036850769667,0.8556433583087408
2005-04-27,1.4324422765353175,1.4324422765353175,1.3151189703388155,1.0231607303528973,0.8589861530400801
2005-04-28,1.4144809441167956,1.4144809441167956,1.315306322604828,1.0233064901553564,0.84821536241878
2005-04-29,1.4336801713758864,1.4336801713758864,1.3154973551897777,1.0234551132408312,0.8597284758159341
2005-05-02,1.4417312307316934,1.4417312307316934,1.3156873714744164,1.0236029456460771,0.864556418007552
2005-05-03,1.4442082758842718,1.4442082758842718,1.31663217271299,1.0243379996960147,0.8660418164221159
2005-05-04,1.4553553278129416,1.4553553278129416,1.3267945346418488,1.0322443031466926,0.8727263184162247
2005-05-05,1.4548603930716368,1.4548603930716368,1.3263433206343704,1.0318932592762524,0.8724295231481686
2005-05-06,1.450277782816112,1.450277782816112,1.3221655214912835,1.0286429373518358,0.8696814900729397
2005-05-09,1.4593195486354889,1.4593195486354889,1.3304085706239575,1.0350560181157369,0.8751035247092404
2005-05-10,1.4442082758842716,1.4442082758842716,1.3166321727129902,1.0243379996960147,0.866041816422116
2005-05-11,1.4521360200452327,1.4521360200452327,1.3238596088062835,1.0299609349274088,0.8707958107510051
2005-05-12,1.4361573560252914,1.4361573560252914,1.3092924418145662,1.0186276992623662,0.8612139578819266
2005-05-13,1.4333091098167343,1.4333091098167343,1.3081707107106464,1.0177549940231965,0.8595059630163205
2005-05-16,1.4466853210368502,1.4466853210368502,1.3083581113561094,1.0179007914648006,0.86752721483668
2005-05-17,1.4563470107542988,1.4563470107542988,1.3157876245201527,1.0236809423762658,0.8733209964209068
2005-05-18,1.4713344103233632,1.4713344103233632,1.329328514659035,1.034215736076761,0.8823084222395887
2005-05-19,1.4775270929532227,1.4775270929532227,1.334923510293166,1.0385686349007084,0.8860219601017129
2005-05-20,1.4754208303661425,1.4754208303661425,1.3330205337184866,1.0370881217715489,0.8847589071839057
2005-05-23,1.4835957629041023,1.4835957629041023,1.340406462336669,1.042834363966935,0.8896611318439659
2005-05-24,1.4801282902816073,1.4801282902816073,1.3372736529640743,1.0403970426309843,0.8875818082875759
2005-05-25,1.4790131526485775,1.4790131526485775,1.3362661428814206,1.0396132011875443,0.8869130987687369
2005-05-26,1.4869404783190583,1.4869404783190583,1.3434283624182035,1.0451853980286518,0.8916668421433408
2005-05-27,1.4894171049811564,1.4894171049811564,1.345665957365343,1.0469262437863245,0.8931519896036194
2005-05-31,1.4798805439173015,1.4798805439173015,1.3370498178493893,1.0402228992229847,0.887433243350691
2005-06-01,1.4925136555413263,1.4925136555413263,1.3484636442323363,1.0491028402788791,0.8950088840118241
2005-06-02,1.4957347767677827,1.4957347767677827,1.3513738788230987,1.0513669987440373,0.8969404791456133
2005-06-03,1.4881786521532805,1.4881786521532805,1.3445470338584877,1.0460557228537672,0.8924093322220515
2005-06-06,1.4868163261432517,1.4868163261432517,1.3433161927942903,1.0450981302172104,0.8915923923720414
2005-06-07,1.487931184782628,1.487931184782628,1.3443234508103732,1.045881775553209,0.8922609345880234
2005-06-08,1.4852063932657436,1.4852063932657436,1.3418616426486927,1.0439664922263745,0.8906269712365744
2005-06-09,1.4922663276675001,1.4922663276675001,1.3482401872175067,1.0489289910320414,0.894860570029224
2005-06-10,1.4887978785672178,1.4887978785672178,1.345106495611915,1.0464909833200455,0.892780660912835
2005-06-13,1.4935045015017223,1.4935045015017223,1.3493588586577911,1.0497993158571568,0.8956030601079349
2005-06-14,1.496973229595658,1.496973229595658,1.3524928023299534,1.052237519676594,0.8976831365271807
2005-06-15,1.499821894294695,1.499821894294695,1.3550665280489762,1.0542398747074284,0.8993913823470719
2005-06-16,1.5036609864636488,1.5036609864636488,1.3585350900935986,1.0569384111553788,0.9016935533087893
2005-06-17,1.5092322107303424,1.5092322107303424,1.3635686074417375,1.0608544806535163,0.9050344240572747
2005-06-20,1.5097299354081821,1.5097299354081821,1.3640182942036725,1.0612043363290473,0.9053328923538995
2005-06-21,1.5106005351039213,1.5106005351039213,1.3648048679372027,1.0618162896000642,0.9058549609187073
2005-06-22,1.5118444283080403,1.5118444283080403,1.3659287067421841,1.0626906346277294,0.9066008807059837
2005-06-23,1.4905788345543194,1.4905788345543194,1.3467155625652847,1.0477428351724851,0.8938486386995523
2005-06-24,1.4796344715149155,1.4796344715149155,1.336827495134127,1.0400499324596335,0.8872856822309467
2005-06-27,1.4817488249179471,1.4817488249179471,1.3387377816393538,1.0415361327045949,0.8885535869316026
2005-06-28,1.4941848275257759,1.4941848275257759,1.349973522990178,1.0502775238531112,0.8960110281243694
2005-06-29,1.4902055410459396,1.4902055410459396,1.3463782974938334,1.0474804434158367,0.8936247874770837
2005-06-30,1.4821219789295002,1.4821219789295002,1.3390749206775194,1.0417984264075222,0.8887773545026426
2005-07-01,1.486474698414543,1.486474698414543,1.3430075372786006,1.0448579966551654,0.8913875300238252
2005-07-05,1.4984132553381857,1.4984132553381857,1.3537938439340607,1.0532497282355924,0.8985466702228244
2005-07-06,1.4858532400513773,1.4858532400513773,1.3424460589926086,1.0444211673293555,0.8910148629101866
2005-07-07,1.4916977386016719,1.4916977386016719,1.3477264755466416,1.0485293240663844,0.894519606806959
2005-07-08,1.5087353230334632,1.5087353230334632,1.3631196768795142,1.0605052133003094,0.9047364576692206
2005-07-11,1.516445452144696,1.516445452144696,1.3700856625910913,1.0659247404982548,0.9093599557697648
2005-07-12,1.5204247386245322,1.5204247386245322,1.3736808880874358,1.0687218209355294,0.9117461964170505
2005-07-13,1.5225385340402569,1.5225385340402569,1.3755906704595213,1.070207628965608,0.9130137665119927
2005-07-14,1.5285089982251054,1.5285089982251054,1.3809848950701764,1.0744043282124476,0.916594047648634
2005-07-15,1.5276381195357127,1.5276381195357127,1.3801980692700755,1.0737921788339893,0.9160718117809692
2005-07-18,1.5215436426718842,1.5215436426718842,1.3746918010687925,1.0695083098294291,0.9124171645244571
2005-07-19,1.529876346120897,1.529876346120897,1.3822202733326445,1.0753654507829504,0.9174139989500674
2005-07-20,1.5351000837921593,1.5351000837921593,1.3869398417671117,1.079037268462773,0.920546493990343
2005-07-21,1.526145782483154,1.526145782483154,1.3788497651839822,1.0727432001297208,0.9151769087996655
2005-07-22,1.5363434190089715,1.5363434190089715,1.3880631764389522,1.0799112212755553,0.9212920791719057
2005-07-25,1.5319904205302752,1.5319904205302752,1.3841303077713005,1.0768514549204706,0.9186817363478663
2005-07-26,1.5338550746134263,1.5338550746134263,1.3858149946958478,1.0781621390053422,0.9197999049916392
2005-07-27,1.5394519662962418,1.5394519662962418,1.390871702168481,1.0820962503880922,0.923156167602955
2005-07-28,1.5491518781442197,1.5491518781442197,1.399635426661516,1.0889144158583957,0.9289728696785706
2005-07-29,1.538829949945769,1.538829949945769,1.3903097197493477,1.0816590288473993,0.9227831658836027
2005-08-01,1.5377113248920704,1.5377113248920704,1.3892990588345617,1.0808727360609411,0.922112365079053
2005-08-02,1.5469139305526889,1.5469139305526889,1.3976134746655178,1.0873413400168759,0.9276308498123292
2005-08-03,1.5510179271956388,1.5510179271956388,1.4013213739189168,1.0902260804804746,0.930091874836628
2005-08-04,1.5385815060973298,1.5385815060973298,1.3900852544682365,1.0814843951707962,0.9226341826895759
2005-08-05,1.528135146729419,1.528135146729419,1.3806471258655844,1.074141544240917,0.9163698618204518
2005-08-08,1.525274764296935,1.525274764296935,1.3780628133505965,1.0721309526975422,0.9146545892805726
2005-08-09,1.5344777884480336,1.5344777884480336,1.3863776072814082,1.078599850814639,0.920173324968134
2005-08-10,1.5337317594185809,1.5337317594185809,1.385703581271647,1.0780754595162254,0.9197259571289106
2005-08-11,1.5398251203077953,1.5398251203077953,1.3912088412066475,1.0823585440910197,0.9233799351739952
2005-08-12,1.530373791805084,1.530373791805084,1.3826697080280095,1.0757151103510403,0.9177122999438352
2005-08-15,1.5398251203077955,1.5398251203077955,1.3912088412066475,1.0823585440910197,0.9233799351739952
2005-08-16,1.5198028617708867,1.5198028617708867,1.3731190317015882,1.0682846974485576,0.9113732783491265
2005-08-17,1.5196784306014268,1.5196784306014268,1.3730066100111045,1.068197233529675,0.9112986612749704
2005-08-18,1.5195542784256204,1.5195542784256204,1.3728944403871912,1.0681099657182338,0.911224211503671
2005-08-19,1.5230362587180974,1.5230362587180974,1.3760403572214568,1.0705574846411396,0.9133122348086173
2005-08-22,1.5230362587180974,1.5230362587180974,1.3760403572214568,1.0705574846411396,0.9133122348086173
2005-08-23,1.5201758762856132,1.5201758762856132,1.373456044706469,1.0685468930977646,0.9115969622687382
2005-08-24,1.5066213881209125,1.5066213881209125,1.361209768474144,1.0590193072165108,0.9034688039228501
2005-08-25,1.5120924536660003,1.5120924536660003,1.3661527939234404,1.0628649741431708,0.9067496129457254
2005-08-26,1.5017715019453368,1.5017715019453368,1.356827969244269,1.0556102735082196,0.9005604947107565
2005-08-29,1.5133367653605996,1.5133367653605996,1.3672770108282777,1.0637396133319983,0.907495783687287
2005-08-30,1.505377076426313,1.505377076426313,1.3600855515693064,1.0581446680276838,0.9027226331812883
2005-08-31,1.5244041646011959,1.5244041646011959,1.3772762396170664,1.0715189994265255,0.9141325207157646
2005-09-01,1.5232851210570169,1.5232851210570169,1.3762652006024243,1.0707324124789053,0.9134614689569296
2005-09-02,1.520549448787646,1.520549448787646,1.3737935618444908,1.0688094809618545,0.9118209807940635
2005-09-06,1.5383329227520635,1.5383329227520635,1.3898606631538397,1.0813096634404724,0.9224851158441202
2005-09-07,1.5409444428456276,1.5409444428456276,1.39222013228786,1.0831453271460818,0.924051154235687
2005-09-08,1.5358459733247858,1.5358459733247858,1.3876137417435883,1.0795615617074665,0.920993778178138
2005-09-09,1.5495260086335605,1.5495260086335605,1.3999734479326795,1.0891773959373687,0.9291972228096097
2005-09-12,1.5464159268811961,1.5464159268811961,1.3971635358370125,1.0869912882339041,0.9273322142128477
2005-09-13,1.5378350585773972,1.5378350585773972,1.3894108503586196,1.080959709711221,0.9221865638960672
2005-09-14,1.5322394223660227,1.5322394223660227,1.384355277185554,1.0770264808119574,0.9188310541476072
2005-09-15,1.5314933933365702,1.5314933933365702,1.3836812511757928,1.076502089513544,0.918383686308384
2005-09-16,1.5423836316071957,1.5423836316071957,1.3935204176922558,1.084156947382756,0.9249141860227602
2005-09-19,1.5372632610845542,1.5372632610845542,1.3888942399221926,1.0805577875099874,0.9218436766909482
2005-09-20,1.52427443255232,1.52427443255232,1.3771590286617417,1.0714278094662555,0.9140547248873284
2005-09-21,1.5100366889302037,1.5100366889302037,1.3642954413980384,1.0614199564609126,0.9055168418450088
2005-09-22,1.5154071772632058,1.5154071772632058,1.3691475968486366,1.065194926654933,0.9087373381879889
2005-09-23,1.5166560923530878,1.5166560923530878,1.370275972851889,1.0660728016165442,0.9094862694266886
2005-09-26,1.5184044060827304,1.5184044060827304,1.3718555480164996,1.0673017088983348,0.9105346727791541
2005-09-27,1.5180304150902169,1.5180304150902169,1.3715176527786217,1.0670388268730828,0.9103104032995435
2005-09-28,1.5195284715126722,1.5195284715126722,1.372871124229412,1.0680918257799008,0.9112087359894124
2005-09-29,1.5318923542610718,1.5318923542610718,1.3840417063717385,1.0767825231548047,0.918622929393683
2005-09-30,1.5366383153007195,1.5366383153007195,1.388329610804068,1.0801185068411592,0.9214689182915989
2005-10-03,1.5311431168046041,1.5311431168046041,1.3833647815964154,1.0762558766208146,0.9181736375716059
2005-10-04,1.513908841847097,1.513908841847097,1.3677938733312758,1.0641417316406734,0.9078388381952631
2005-10-05,1.4940507710752715,1.4940507710752715,1.3498524050030096,1.0501832942274993,0.895930639101652
2005-10-06,1.488680003748616,1.488680003748616,1.3487275279988404,1.0493081414823098,0.8927099754558151
2005-10-07,1.4938019087363519,1.4938019087363519,1.3489512455015007,1.0494821933883176,0.8957814049533397
2005-10-10,1.4811881871712451,1.4811881871712451,1.3491750001128577,1.04965627416484,0.8882173918407579
2005-10-11,1.4790646269776482,1.4790646269776482,1.3494009333866863,1.049832049937736,0.8869439661458259
2005-10-12,1.467449702692063,1.467449702692063,1.349627975448494,1.0500086883461381,0.8799788972607757
2005-10-13,1.4665754760788283,1.4665754760788283,1.3498550557110298,1.0501853564746535,0.8794546537588287
2005-10-14,1.4820619952939997,1.4820619952939997,1.3500837811510253,1.050363304548945,0.8887413843884195
2005-10-17,1.4875566358028083,1.4875566358028083,1.3503136168423404,1.0505421163972197,0.892036330502699
2005-10-18,1.4714468447657232,1.4714468447657232,1.350542419982972,1.0507201249224982,0.8823758452909
2005-10-19,1.4959247714458155,1.4959247714458155,1.350770190033961,1.0508973297054711,0.8970544123911298
2005-10-20,1.4695729838920066,1.4695729838920066,1.32562463432982,1.0313341223305899,0.881252155652851
2005-10-21,1.4753177422111758,1.4753177422111758,1.3245209992175881,1.0304754957477924,0.8846970887782987
2005-10-24,1.4981726233120458,1.4981726233120458,1.3247443807353132,1.030649286257988,0.8984023715087897
2005-10-25,1.4951748365052142,1.4951748365052142,1.3207688729076974,1.0275563466957374,0.8966047023119107
2005-10-26,1.4908042614263475,1.4908042614263475,1.3169081073437412,1.0245526764550739,0.8939838194078896
2005-10-27,1.4749424957472217,1.4749424957472217,1.3158190452422711,1.0237053876543865,0.8844720664358322
2005-10-28,1.496174470765696,1.496174470765696,1.3160487914247738,1.0238841298649295,0.8972041484480129
2005-10-31,1.5002960440088162,1.5002960440088162,1.318358116272161,1.02568078138526,0.8996757135522933
2005-11-01,1.5047914687476232,1.5047914687476232,1.3223083897626255,1.028754088668293,0.9023714644847559
2005-11-02,1.5205279662763285,1.5205279662763285,1.3361365534250658,1.039512380770685,0.9118080984740865
2005-11-03,1.527022241045619,1.527022241045619,1.341843280364449,1.043952206394765,0.9157024907244681
2005-11-04,1.5250235305119622,1.5250235305119622,1.3400869494958532,1.042585783421039,0.9145039330579776
2005-11-07,1.5265220054248978,1.5265220054248978,1.3414037073260079,1.04361021918205,0.9154025167021318
2005-11-08,1.5265220054248978,1.5265220054248978,1.3414037073260079,1.04361021918205,0.9154025167021318
2005-11-09,1.5285204369649013,1.5285204369649013,1.3431597930339578,1.0449764514211344,0.9166009070657655
2005-11-10,1.54038450258306,1.54038450258306,1.353585126928655,1.0530873466955923,0.923715377401985
2005-11-11,1.5456305597466022,1.5456305597466022,1.3581950051374274,1.05667382553234,0.926861256670809
2005-11-14,1.544756612127021,1.544756612127021,1.3574270394135475,1.056076349266958,0.9263371804717189
2005-11-15,1.539136284977312,1.539136284977312,1.352488278198044,1.05223399990826,0.9229668644204275
2005-11-16,1.542258781947257,1.542258781947257,1.3552321161490946,1.054368702019084,0.9248393179943195
2005-11-17,1.5566206777451796,1.5566206777451796,1.3678523733082442,1.0641872445414158,0.9334516508079383
2005-11-18,1.5627402640378227,1.5627402640378227,1.3732298494999273,1.0683709135415826,0.937121355321567
2005-11-21,1.5706087220474156,1.5706087220474156,1.380144115201632,1.07375020264376,0.941839797793375
2005-11-22,1.5773524171429327,1.5773524171429327,1.3860700157586208,1.078360545037593,0.9458837587977824
2005-11-23,1.5864693717519274,1.5864693717519274,1.3940813753515828,1.0845933716617449,0.9513508815540049
2005-11-25,1.5877181473449826,1.5877181473449826,1.3951787144034862,1.085447099918361,0.9520997291412763
2005-11-28,1.576478190529698,1.576478190529698,1.3853018048740946,1.0777628780375694,0.9453595152958356
2005-11-29,1.5747293188127482,1.5747293188127482,1.383765015364073,1.076567257935559,0.9443107773376563
2005-11-30,1.5662373099875884,1.5662373099875884,1.376302815618355,1.070761676908999,0.9392184129807832
2005-12-01,1.5822233673393475,1.5822233673393475,1.3903502754787238,1.081690581148465,0.9488046993755684
2005-12-02,1.5842215198856975,1.5842215198856975,1.3921061160260277,1.0830566226529075,0.9500029224363453
2005-12-05,1.5808496025895253,1.5808496025895253,1.3891431044573717,1.0807514037723305,0.9479809001084273
2005-12-06,1.5838466919122234,1.5838466919122234,1.3917767426980043,1.0828003706616733,0.9497781510481641
2005-12-07,1.5746053061337688,1.5746053061337688,1.3836560414568857,1.076482476387287,0.9442364112177855
2005-12-08,1.5736059508669404,1.5736059508669404,1.3827778760225877,1.0757992649004238,0.9436371323845402
2005-12-09,1.577727245116407,1.577727245116407,1.3863993890866442,1.0786167970288272,0.9461085301859637
2005-12-12,1.5792254410356892,1.5792254410356892,1.387715901756153,1.0796410420551963,0.947006946527261
2005-12-13,1.5899662782048667,1.5899662782048667,1.3971542188896877,1.08698403966184,0.9534478555617929
2005-12-14,1.5962101561701432,1.5962101561701432,1.4026409141492047,1.0912526809449208,0.9571920934981495
2005-12-15,1.5915894632809158,1.5915894632809158,1.3985805635286455,1.0880937338077277,0.9544212235829602
2005-12-16,1.5864672792995267,1.5864672792995267,1.3940795366467376,1.0845919411519314,0.9513496267825787
2005-12-19,1.5783067149347219,1.5783067149347219,1.3869085877485756,1.0790129528798083,0.9464560182196463
2005-12-20,1.5798130016699552,1.5798130016699552,1.3882322100768207,1.080042729210789,0.9473592863437923
2005-12-21,1.5823240840482604,1.5823240840482604,1.390438778471963,1.0817594363541478,0.9488650957068923
2005-12-22,1.5906106140476195,1.5906106140476195,1.397720417401835,1.0874245413170354,0.9538342415096935
2005-12-23,1.591489444056137,1.591489444056137,1.3984926734370215,1.0880253554386485,0.9543612455087785
2005-12-27,1.5752933044832942,1.5752933044832942,1.3842606076101465,1.076952828013921,0.9446489800627836
2005-12-28,1.5788089035110173,1.5788089035110173,1.387349876911539,1.0793562752350156,0.9467571633619806
2005-12-29,1.5717777054555708,1.5717777054555708,1.3811713383087536,1.0745493807928261,0.9425407967635867
2005-12-30,1.5632403601617175,1.5632403601617175,1.3736692999580458,1.0687128053869765,0.9374212456924751
2006-01-03,1.5907360216948665,1.5907360216948665,1.3978306171122528,1.0875102765385163,0.9539094441438487
2006-01-04,1.5982694083266087,1.5982694083266087,1.4044504448780022,1.0926604933359134,0.958426955884577
2006-01-05,1.5992735064855466,1.5992735064855466,1.4053327780432836,1.0933469473116868,0.9590290788663888
2006-01-06,1.612581643254209,1.612581643254209,1.4170270634421478,1.1024450850920084,0.9670095087896763
2006-01-09,1.6167252569959554,1.6167252569959554,1.4206681893578914,1.1052778759917543,0.9694942908196479
2006-01-10,1.6183573698689164,1.6183573698689164,1.4221023791375238,1.106393673646179,0.9704730125322344
2006-01-11,1.6235049422727739,1.6235049422727739,1.4266257156382258,1.1099128231543776,0.9735598338925894
2006-01-12,1.617101479937697,1.617101479937697,1.420998788489145,1.1055350816561975,0.9697198987221133
2006-01-13,1.6155956116929437,1.6155956116929437,1.419675533901869,1.1045055914271793,0.9688168815522525
2006-01-17,1.6112010431598762,1.6112010431598762,1.4158138859849665,1.1015012347171504,0.9661816106025422
2006-01-18,1.6047975808247994,1.6047975808247994,1.4101869588358857,1.0971234932189704,0.9623416754320661
2006-01-19,1.610950088368555,1.610950088368555,1.4155933639838076,1.1013296689068675,0.9660311216828033
2006-01-20,1.5815705221901635,1.5815705221901635,1.389776599566871,1.0812442620866949,0.9484132106905339
2006-01-23,1.5872208411576236,1.5872208411576236,1.394741715551829,1.0851071154193845,0.9518015117989369
2006-01-24,1.5888522565464507,1.5888522565464507,1.3961752924298458,1.0862224362372046,0.9527798152543812
2006-01-25,1.5902334146280905,1.5902334146280905,1.3973889602083194,1.0871666680813463,0.953608048047229
2006-01-26,1.5990222727005718,1.5990222727005718,1.405112010881478,1.0931751907667622,0.9588784226437929
2006-01-27,1.613837672682255,1.613837672682255,1.4181307766708489,1.1033037724493109,0.9677627062512254
2006-01-30,1.6125816432542088,1.6125816432542088,1.4170270634421471,1.1024450850920084,0.967009508789676
2006-01-31,1.6007799327176069,1.6007799327176069,1.4066565229518513,1.0943768190099887,0.959932430641963
2006-02-01,1.6119543260243194,1.6119543260243194,1.4164758197294112,1.1020162182499615,0.9666333283160433
2006-02-02,1.5932466855826912,1.5932466855826912,1.4000368177664246,1.0892266975799125,0.9554150025526631
2006-02-03,1.5853372155060341,1.5853372155060341,1.3930865134497445,1.0838193704853933,0.9506719665608978
2006-02-06,1.5894809687446072,1.5894809687446072,1.3967277619458112,1.0866522567524601,0.9531568322422979
2006-02-07,1.5754191306210212,1.5754191306210212,1.3843711750615322,1.0770388493373646,0.9447244336512237
2006-02-08,1.5897316445422747,1.5897316445422747,1.3969480387863238,1.086823631828101,0.9533071538591797
2006-02-09,1.5870951545167222,1.5870951545167222,1.3946312706807638,1.0850211894632613,0.9517261418619246
2006-02-10,1.5899824598367687,1.5899824598367687,1.3971684382071594,1.0869951022710629,0.95345755912749
2006-02-13,1.587095154516722,1.587095154516722,1.3946312706807635,1.085021189463261,0.9517261418619245
2006-02-14,1.6039193088035877,1.6039193088035877,1.4094151931219896,1.09652306056664,0.9618150060386942
2006-02-15,1.6095680933059537,1.6095680933059537,1.4143789607233943,1.1003848648588,0.9652023869813846
2006-02-16,1.621621735111664,1.621621735111664,1.42497088127711,1.1086253643223487,0.9724305396088352
2006-02-17,1.61722744557225,1.61722744557225,1.4211094785208536,1.1056211983469615,0.9697954359619816
2006-02-21,1.6132095184714044,1.6132095184714044,1.417578797476174,1.1028743334033384,0.967386023869022
2006-02-22,1.6230028931933038,1.6230028931933038,1.4261845490555836,1.1095695961664904,0.9732587724016829
2006-02-23,1.6206173579590726,1.6206173579590726,1.4240883029511824,1.1079387196119337,0.9718282493241666
2006-02-24,1.6247606927071654,1.6247606927071654,1.4277291837062798,1.110771319777038,0.9743128640512814
2006-02-27,1.6253881494338815,1.6253881494338815,1.4282805499993385,1.1112002819864057,0.9746891281763425
2006-02-28,1.6099451532286555,1.6099451532286555,1.414710295336586,1.1006426427271685,0.9654284967924205
2006-03-01,1.624258364634043,1.624258364634043,1.427287771962993,1.1104279020545096,0.9740116352575188
2006-03-02,1.6241328174899692,1.6241328174899692,1.4271774496722522,1.1103420714657077,0.9739363489719353
2006-03-03,1.6165992913614002,1.6165992913614002,1.4205574993261798,1.10519175930099,0.9694187535797786
2006-03-06,1.609192009861039,1.609192009861039,1.4140484841724636,1.1001277545616783,0.9649768627303477
2006-03-07,1.6066814854700409,1.6066814854700409,1.4118424060986137,1.0984114288876032,0.9634713879729614
2006-03-08,1.6100707003727297,1.6100707003727297,1.4148206176273272,1.1007284733159708,0.9655037830780042
2006-03-09,1.5992735064855457,1.5992735064855457,1.405332778043282,1.093346947311687,0.9590290788663882
2006-03-10,1.61446471091849,1.61446471091849,1.4186817752229373,1.103732448556716,0.9681387194220008
2006-03-13,1.617478400363571,1.617478400363571,1.4213300005220122,1.1057927641572447,0.9699459248817203
2006-03-14,1.6344281017945106,1.6344281017945106,1.436224245253979,1.1173804658494255,0.9801100753440736
2006-03-15,1.6417095571571443,1.6417095571571443,1.4426226929563082,1.1223584492652934,0.9844765126050641
2006-03-16,1.645099469543967,1.645099469543967,1.445601517386637,1.1246759705302654,0.986509325967249
2006-03-17,1.6464736527842694,1.6464736527842694,1.4468090561489584,1.1256154340083626,0.9873333761886756
2006-03-20,1.643826003012577,1.643826003012577,1.4444824816175548,1.1238053622578517,0.9857456720771464
2006-03-21,1.6334901251314515,1.6334901251314515,1.4354000151618211,1.1167392159837546,0.9795476031393359
2006-03-22,1.643448524599395,1.643448524599395,1.4441507792633936,1.1235472982875208,0.9855193113118251
2006-03-23,1.640045499510858,1.640045499510858,1.4411604322826985,1.121220812494385,0.9834786347153681
2006-03-24,1.641305434850053,1.641305434850053,1.4422675777604455,1.1220821701366723,0.9842341744169135
2006-03-27,1.6389105533284296,1.6389105533284296,1.4401631187744002,1.1204449039716158,0.9827980466936925
2006-03-28,1.6288266067164123,1.6288266067164123,1.4313020323820869,1.1135509910790478,0.9767510522356198
2006-03-29,1.6390369374534641,1.6390369374534641,1.4402741765470797,1.120531306764343,0.9828738348878467
2006-03-30,1.6361377749031438,1.6361377749031438,1.437726589693225,1.1185492877342655,0.9811353072508651
2006-03-31,1.6365153928131526,1.6365153928131526,1.4380584146277091,1.1188074470719174,0.9813617516676146
2006-04-03,1.6352547599898237,1.6352547599898237,1.436950656248347,1.1179456125930256,0.9806057937089271
2006-04-04,1.6457171614928106,1.6457171614928106,1.4461443030570829,1.1250982570271708,0.9868797344923201
2006-04-05,1.6513896604557239,1.6513896604557239,1.4511289093134052,1.128976273763882,0.990281336177843
2006-04-06,1.6496251650941782,1.6496251650941782,1.4495783908072026,1.127769972521932,0.98922322925968
2006-04-07,1.6328602969586805,1.6328602969586805,1.434846565003271,1.1163086325299316,0.9791699169399913
2006-04-10,1.6353808651212045,1.6353808651212045,1.43706146886038,1.118031824651111,0.9806814146002242
2006-04-11,1.6215159965169879,1.6215159965169879,1.4248779653922412,1.1085530758931135,0.9723671318260878
2006-04-12,1.624540845708209,1.624540845708209,1.42753599711716,1.1106210208793137,0.9741810294000814
2006-04-13,1.6223981744493474,1.6223981744493474,1.425653163355181,1.109156178830428,0.9728961434594552
2006-04-17,1.6217679277860964,1.6217679277860964,1.4250993454556613,1.1087253092746425,0.9725182063058256
2006-04-18,1.64748235433849,1.64748235433849,1.4476954344649005,1.1263050351057253,0.9879382596676253
2006-04-19,1.6506335876547453,1.6506335876547453,1.4504645239624983,1.1284593828846528,0.9898279454357729
2006-04-20,1.6529020850513347,1.6529020850513347,1.4524579251758647,1.1300102462569823,0.9911882849648399
2006-04-21,1.6531540163204428,1.6531540163204428,1.4526793052392846,1.1301824796385114,0.9913393594445775
2006-04-24,1.6501287486387417,1.6501287486387417,1.4500209057733968,1.1281142485503486,0.9895252109162986
2006-04-25,1.6433224194680143,1.6433224194680143,1.4440399666513606,1.1234610862294354,0.9854436904205277
2006-04-26,1.6437000373780233,1.6437000373780233,1.4443717915858447,1.1237192455670872,0.9856701348372774
2006-04-27,1.6516414522280058,1.6516414522280058,1.4513501667965023,1.1291484117780906,0.9904323270061524
2006-04-28,1.657187846059538,1.657187846059538,1.4562239604407914,1.1329402164567164,0.9937583078003778
2006-05-01,1.643700037378023,1.643700037378023,1.4443717915858447,1.1237192455670872,0.9856701348372774
2006-05-02,1.6560538763548964,1.6560538763548964,1.4552275049947543,1.1321649755051932,0.9930783053387011
2006-05-03,1.6498769568664597,1.6498769568664597,1.4497996482902995,1.1279421105361402,0.9893742200879893
2006-05-04,1.6558016660921349,1.6558016660921349,1.4550058797706882,1.1319925513890225,0.9929270635561067
2006-05-05,1.670423723471944,1.670423723471944,1.4678547492323177,1.141988953964816,1.0016954062837404
2006-05-08,1.668406180866676,1.668406180866676,1.4660818700201106,1.1406096564027697,1.0004855556744123
2006-05-09,1.671683240320659,1.671683240320659,1.4689615269690957,1.142850025505141,1.0024506950310006
2006-05-10,1.670801341381953,1.670801341381953,1.4681865741668019,1.142247113302468,1.0019218507004901
2006-05-11,1.6506335876547449,1.6506335876547449,1.450464523962498,1.128459382884653,0.9898279454357728
2006-05-12,1.6290782589918669,1.6290782589918669,1.4315231672848607,1.1137230337259352,0.9769019594125002
2006-05-15,1.6323558764331567,1.6323558764331567,1.434403314555138,1.11596378429759,0.9788674333748022
2006-05-16,1.6299614134020137,1.6299614134020137,1.432299223310062,1.1143268042344963,0.9774315566058666
2006-05-17,1.5989522452935427,1.5989522452935427,1.4050504755593078,1.093127316371675,0.9588364296267223
2006-05-18,1.5908851438026597,1.5908851438026597,1.3979616554775864,1.087612224204549,0.9539988675208355
2006-05-19,1.6021036181066248,1.6021036181066248,1.4078196876372289,1.0952817595179234,0.9607261990462985
2006-05-22,1.5898765817452656,1.5898765817452656,1.3970753997419674,1.0869227184745072,0.953394067693314
2006-05-23,1.5777759295089409,1.5777759295089409,1.3864421696193852,1.0786500802238181,0.9461377245344837
2006-05-24,1.5903812812644427,1.5903812812644427,1.3853275141290484,1.077782879802178,0.95369671856136
2006-05-25,1.610044614466127,1.610044614466127,1.4010702532142212,1.0900307089213874,0.9654881402608881
2006-05-26,1.6182379605852175,1.6182379605852175,1.4082001509938256,1.095577759480351,0.9704014069095006
2006-05-30,1.5894989638352566,1.5894989638352566,1.3831913077035158,1.0761209141733425,0.9531676232765643
2006-05-31,1.607272394028148,1.607272394028148,1.3986578507527572,1.0881538631606265,0.9638257354237744
2006-06-01,1.6226505242089355,1.6226505242089355,1.4120399897026779,1.0985651486568409,0.973047468893478
2006-06-02,1.6260535492974724,1.6260535492974724,1.4150013220655526,1.100869061117655,0.975088145489935
2006-06-05,1.602355409878906,1.602355409878906,1.3943790623483048,1.0848249717312852,0.9608771898746078
2006-06-06,1.598448103761672,1.598448103761672,1.3909789016807859,1.0821796514596147,0.9585341133643901
2006-06-07,1.5864734171599015,1.5864734171599015,1.3805584592666067,1.0740725617501985,0.9513533074454286
2006-06-08,1.5850873766893254,1.5850873766893254,1.3793523187313526,1.0731341860908155,0.9505221468525858
2006-06-09,1.58004526388649,1.58004526388649,1.378247194790274,1.072274401201245,0.947498565972121
2006-06-12,1.5629022198536764,1.5629022198536764,1.3785217503822522,1.0724880050700558,0.9372184746299691
2006-06-13,1.5447508927571225,1.5447508927571225,1.3787963606674476,1.0727016514901135,0.9263337507631526
2006-06-14,1.55672571885572,1.55672571885572,1.3790759499294718,1.0729191715472213,0.9335146403335426
2006-06-15,1.5897507556075379,1.5897507556075379,1.3793572376430685,1.073138012997291,0.9533186141048737
2006-06-16,1.578166102133357,1.578166102133357,1.3679263829874597,1.0642448239689422,0.9463716975797919
2006-06-19,1.5657588358718386,1.5657588358718386,1.366840184300016,1.0633997629003857,0.9389314885812808
2006-06-20,1.571076315410676,1.571076315410676,1.3671216882903539,1.0636187726134592,0.9421201973814589
2006-06-21,1.5827241609473741,1.5827241609473741,1.3674037927657152,1.063838249503046,0.9491050080036179
2006-06-22,1.575761595330688,1.575761595330688,1.3676875833147693,1.0640590381556214,0.9449297979080096
2006-06-23,1.5755071531186982,1.5755071531186982,1.3679736036942958,1.064281561613204,0.9447772177025602
2006-06-26,1.5824705557163448,1.5824705557163448,1.3682596838884016,1.064504131606446,0.9489529297067391
2006-06-27,1.568797355752081,1.568797355752081,1.3685441950290198,1.0647254808782565,0.9407535839952603
2006-06-28,1.5794320358361023,1.5794320358361023,1.3688314806953572,1.0649489887272185,0.9471308342927597
2006-06-29,1.6113374710564343,1.6113374710564343,1.36911448117212,1.06516916270465,0.9662634216995423
2006-06-30,1.6114645526656026,1.6114645526656026,1.367853344860964,1.0641880004080826,0.9663396281508385
2006-07-03,1.6180482449008389,1.6180482449008389,1.3734417553727598,1.0685357760160095,0.9702876409668412
2006-07-05,1.6088051851604634,1.6088051851604634,1.365596004027061,1.0624317923779631,0.9647448973193214
2006-07-06,1.6134899070931683,1.6134899070931683,1.369572518778685,1.065525515325692,0.9675541632401583
2006-07-07,1.6029814716373545,1.6029814716373545,1.3606526833633084,1.0585858957748668,0.9612526174853846
2006-07-10,1.6060201310144235,1.6060201310144235,1.363231977078421,1.0605925826989169,0.9630747965507923
2006-07-11,1.613110196730758,1.613110196730758,1.3692502106717879,1.0652747600666703,0.9673264640519821
2006-07-12,1.5958918244115001,1.5958918244115001,1.3546348049956287,1.053903994772204,0.95700120093848
2006-07-13,1.5699364868393113,1.5699364868393113,1.3535553975795847,1.0530642173033538,0.9414366815597883
2006-07-14,1.56385972607248,1.56385972607248,1.3538282571597315,1.053276501677318,0.9377926580346865
2006-07-17,1.5615803479234047,1.5615803479234047,1.3541033206786464,1.0534905007125794,0.9364257936942024
2006-07-18,1.5695571949673812,1.5695571949673812,1.3543822014815956,1.053707469589512,0.9412092333258975
2006-07-19,1.5913329286165225,1.5913329286165225,1.3546573775479283,1.0539215561865078,0.9542673886060834
2006-07-20,1.5804452012887786,1.5804452012887786,1.3549293841483407,1.0541331769434248,0.9477383946174188
2006-07-21,1.5693030317490448,1.5693030317490448,1.3552025207067324,1.0543456768060784,0.9410568204233049
2006-07-24,1.5979170393422388,1.5979170393422388,1.355476787883542,1.0545590562882892,0.9582156523763713
2006-07-25,1.6036146477339668,1.6036146477339668,1.3589544630874646,1.057264682761504,0.9616323113190107
2006-07-26,1.605767083770701,1.605767083770701,1.3607785063903637,1.0586837859149691,0.962923052859627
2006-07-27,1.6042474053400995,1.6042474053400995,1.359490682168602,1.057681860461058,0.9620117541983519
2006-07-28,1.6203266465721267,1.6203266465721267,1.373116746676182,1.0682829197019719,0.9716539197473257
2006-07-31,1.618680444519664,1.618680444519664,1.3717217022810095,1.0671975771022284,0.9706667492404683
2006-08-01,1.6107045739534747,1.6107045739534747,1.3649626938632158,1.0619390779510607,0.965883895168772
2006-08-02,1.6215928592685256,1.6215928592685256,1.3741897759088724,1.0691177349530412,0.9724132237631503
2006-08-03,1.6258967548642063,1.6258967548642063,1.3778370350160885,1.071955297467225,0.9749941212843837
2006-08-04,1.6231121192086466,1.6231121192086466,1.3754772454883846,1.0701193844957753,0.9733242714701399
2006-08-07,1.6193136206162768,1.6193136206162768,1.3722582760043962,1.0676150307129593,0.9710464430740946
2006-08-08,1.6131101967307577,1.6131101967307577,1.3670012957270197,1.0635251073665828,0.9673264640519816
2006-08-09,1.6076657750795789,1.6076657750795789,1.362387518276025,1.059935594924808,0.9640616324519357
2006-08-10,1.6126038232496596,1.6126038232496596,1.3665721786052099,1.063191254842469,0.9670228093667945
2006-08-11,1.6080452064483355,1.6080452064483355,1.3627090605821743,1.0601857543919126,0.9642891643372549
2006-08-14,1.6093114191447344,1.6093114191447344,1.363782089814865,1.0610205696429822,0.9650484683530794
2006-08-15,1.6285568198534792,1.6285568198534792,1.3800912593675456,1.0737090808783352,0.9765892703730427
2006-08-16,1.6421030777054015,1.6421030777054015,1.391570792553412,1.0826401417355407,0.9847124932846536
2006-08-17,1.646281705150662,1.646281705150662,1.3951118954139656,1.0853951148374232,0.9872182718231604
2006-08-18,1.654637844066568,1.654637844066568,1.4021931554224072,1.0909043252780493,0.992229159688746
2006-08-21,1.6475470808661001,1.6475470808661001,1.3961842153621573,1.0862293782661387,0.9879770739304143
2006-08-22,1.647419859760105,1.647419859760105,1.3960764041183307,1.0861455012683447,0.9879007838276896
2006-08-23,1.6428630564175286,1.6428630564175286,1.392214822878376,1.0831411964328885,0.9851682262667195
2006-08-24,1.6414703200992684,1.6414703200992684,1.3910345734722744,1.0822229640359866,0.9843330504053124
2006-08-25,1.6434953955331808,1.6434953955331808,1.3927506873172637,1.0835580982212654,0.9855474181917755
2006-08-28,1.6513451609679894,1.6513451609679894,1.399402830203896,1.0887334561377777,0.9902546513721744
2006-08-29,1.6532446892578279,1.6532446892578279,1.4010125513740566,1.0899858169699703,0.9913937328730539
2006-08-30,1.6542581337041582,1.6542581337041582,1.401871376688092,1.09065398187016,0.9920014605005704
2006-08-31,1.6540050864604356,1.6540050864604356,1.4016569363412699,1.0904871475784952,0.991849716809405
2006-09-01,1.6638800668259828,1.6638800668259828,1.410025311286974,1.0969977316506783,0.9977714014276952
2006-09-05,1.6670455288185668,1.6670455288185668,1.4127078252616592,1.099084723793156,0.9996696196415426
2006-09-06,1.6523584659174926,1.6523584659174926,1.4002615373038478,1.0894015290675747,0.9908622953482621
2006-09-07,1.64476202672006,1.64476202672006,1.3938240711922036,1.0843931893835117,0.9863069731618852
2006-09-08,1.6494464696591116,1.6494464696591116,1.3977938183182343,1.0874816471279387,0.9891160717798653
2006-09-11,1.65109197422744,1.65109197422744,1.3991882716429909,1.0885665298757203,0.9901028240295804
2006-09-12,1.667298157571809,1.667298157571809,1.4129219109662317,1.0992512821736438,0.9998211123784224
2006-09-13,1.6740083734289062,1.6740083734289062,1.4186083630076671,1.103675333955311,1.0038449970400074
2006-09-14,1.6741339205729804,1.6741339205729804,1.4187147556824962,1.1037581073083973,1.0039202833255911
2006-09-15,1.6780650806475883,1.6780650806475883,1.4220461467595538,1.1063499249343078,1.0062776642300697
2006-09-18,1.6803532470967484,1.6803532470967484,1.4239852123653507,1.107858515279498,1.0076497986105444
2006-09-19,1.6761571825481445,1.6761571825481445,1.4204293327444044,1.1050920458785758,1.0051335636434844
2006-09-20,1.685057498585198,1.685057498585198,1.4279717458911876,1.110960032819634,1.010470775731361
2006-09-21,1.67691981169998,1.67691981169998,1.4210756091369479,1.1055948480133777,1.0055908860026903
2006-09-22,1.6718331994094116,1.6718331994094116,1.4167650508092153,1.1022412396278982,1.0025406203165574
2006-09-25,1.6846766722481739,1.6846766722481739,1.4276490214442068,1.1107089536486063,1.0102424073317573
2006-09-26,1.6986654140345432,1.6986654140345432,1.4395035297018033,1.1199317445902441,1.018630972574336
2006-09-27,1.7006994172653676,1.7006994172653676,1.4412272092481138,1.1212727648806313,1.0198506940522185
2006-09-28,1.7000638697227002,1.7000638697227002,1.4406886258853135,1.120853747773231,1.0194695781443088
2006-09-29,1.6986654140345434,1.6986654140345434,1.4395035297018033,1.1199317445902441,1.0186309725743363
2006-10-02,1.6923072881681598,1.6923072881681598,1.434115450006221,1.1157398260787872,1.0148182241180987
2006-10-03,1.6958671076899627,1.6958671076899627,1.4371321551939518,1.1180868185203476,1.016952924920107
2006-10-04,1.715705230415563,1.715705230415563,1.4539436163859076,1.1311661119526595,1.028849161859453
2006-10-05,1.7190115842031628,1.7190115842031628,1.4567455265845668,1.133345994191378,1.0308318680160107
2006-10-06,1.7168492438917295,1.7168492438917295,1.4549130900817646,1.1319203611400583,1.0295351872239762
2006-10-09,1.7178663152555549,1.7178663152555549,1.4557749889619613,1.132590917270448,1.0301450897886315
2006-10-10,1.7201555976793295,1.7201555976793295,1.4577150002804238,1.1341002433787768,1.0315178933805338
2006-10-11,1.7181213154548518,1.7181213154548518,1.4559910843059471,1.132759039147605,1.0302980045997947
2006-10-12,1.7329994890085718,1.7329994890085718,1.4685993255576646,1.1425682333106617,1.039219931350019
2006-10-13,1.7374505537564722,1.7374505537564722,1.4723713005225965,1.1455028245887406,1.041889081128242
2006-10-16,1.7401210810077516,1.7401210810077516,1.4746343909302895,1.1472635057792746,1.0434905040740332
2006-10-17,1.7346528053991987,1.7346528053991987,1.4700003988710775,1.1436582664004133,1.0402113680797265
2006-10-18,1.7369415298356665,1.7369415298356665,1.4719399373332076,1.1451672246271731,1.0415838370659152
2006-10-19,1.7397385807088064,1.7397385807088064,1.4743102479143109,1.1470113229635388,1.0432611318572886
2006-10-20,1.7401210810077516,1.7401210810077516,1.4746343909302895,1.1472635057792746,1.0434905040740334
2006-10-23,1.7481316862838012,1.7481316862838012,1.4814228346547855,1.1525449055581292,1.0482941873514076
2006-10-24,1.7533460776676715,1.7533460776676715,1.4858416770826772,1.1559827588229719,1.051421077745979
2006-10-25,1.759322679712897,1.759322679712897,1.4909064412608628,1.1599231383114395,1.0550050395454706
2006-10-26,1.7647908158246233,1.7647908158246233,1.4955403151059918,1.1635282857199085,1.0582840918883492
2006-10-27,1.7537274619920025,1.7537274619920025,1.4861648743859903,1.156234205875569,1.051649780751296
2006-10-30,1.7524553904288804,1.7524553904288804,1.485086880161808,1.1553955278680224,1.0508869633754776
2006-10-31,1.7522012272105443,1.7522012272105443,1.4848714941023213,1.1552279578132192,1.050734550472885
2006-11-01,1.7403753837229148,1.7403753837229148,1.4748498952038596,1.1474311678044702,1.0436430006280544
2006-11-02,1.7393574753781287,1.7393574753781287,1.473987287039164,1.1467600598517265,1.0430325961548284
2006-11-03,1.7363050058152116,1.7363050058152116,1.4714005264718253,1.1447475637270266,1.0412021355980063
2006-11-06,1.7558889653224754,1.7558889653224754,1.487996601604294,1.1576592871045348,1.0529459596347597
2006-11-07,1.76262847551319,1.76262847551319,1.4937078786031897,1.162102652668589,1.0569874110963144
2006-11-08,1.7664434347311166,1.7664434347311166,1.4969407973489892,1.1646178589576988,1.0592751103609144
2006-11-09,1.757160339401464,1.757160339401464,1.489074004758061,1.15849750526012,1.0537083587534364
2006-11-10,1.7579235265406064,1.7579235265406064,1.489720754006937,1.159000675276491,1.0541660157183559
2006-11-13,1.7622476491761658,1.7622476491761658,1.493385154156209,1.1618515734975612,1.0567590426967113
2006-11-14,1.7754716693582986,1.7754716693582986,1.5045916128100147,1.1705701827485124,1.0646890308086576
2006-11-15,1.7805596766171345,1.7805596766171345,1.5089033532785787,1.1739247108379152,1.0677401330090748
2006-11-16,1.7851369859932427,1.7851369859932427,1.5127823119887553,1.1769425353210419,1.0704849873300235
2006-11-17,1.785645312429915,1.785645312429915,1.5132130841077287,1.177277675430648,1.0707898131352083
2006-11-20,1.7866626627873943,1.7866626627873943,1.514075219416092,1.1779484155018225,1.0713998830027207
2006-11-21,1.7884433397808426,1.7884433397808426,1.5155842221874145,1.1791224175597603,1.072467693486581
2006-11-22,1.7920028803089916,1.7920028803089916,1.5186006909469787,1.181469226060536,1.0746022269857323
2006-11-24,1.7847561596562185,1.7847561596562185,1.5124595875417746,1.1766914561500141,1.0702566189304201
2006-11-27,1.7602123904739009,1.7602123904739009,1.4916604106831504,1.1605097254736432,1.0555385683559733
2006-11-28,1.7678425879034068,1.7678425879034068,1.4981264846029154,1.1655403219926472,1.0601141341880294
2006-11-29,1.7862811389662363,1.7862811389662363,1.5137519038986957,1.1776968764788334,1.0711710963459753
2006-11-30,1.787044047111726,1.787044047111726,1.514398416719406,1.17819986255442,1.0716285860080383
2006-12-01,1.7831027037687655,1.7831027037687655,1.5110583960142792,1.1756013310898705,1.0692650985492846
2006-12-04,1.79670936374667,1.79670936374667,1.5225891158981466,1.1845722151269498,1.077424542529404
2006-12-05,1.8044655268107301,1.8044655268107301,1.5291619371349898,1.1896858609102168,1.082075645601329
2006-12-06,1.8029398500165785,1.8029398500165785,1.5278690297076531,1.1886799807294361,1.0811607499286318
2006-12-07,1.7950564658465238,1.7950564658465238,1.5211883972269837,1.1834824579483754,1.0764333567539823
2006-12-08,1.7983618431563364,1.7983618431563364,1.523989479927061,1.1856616963943476,1.078415477350541
2006-12-11,1.8035762345402067,1.8035762345402067,1.5284083223549527,1.1890995496591905,1.0815423677451124
2006-12-12,1.8021772208647429,1.8021772208647429,1.52722275331511,1.1881771785946345,1.080703427569426
2006-12-13,1.8040835844990921,1.8040835844990921,1.5288382669753446,1.1894340459760508,1.0818466079902986
2006-12-14,1.8199800848880783,1.8199800848880783,1.542309471034007,1.1999146240030283,1.091379190168034
2006-12-15,1.8201458071182557,1.8201458071182557,1.542449909364781,1.2000238848291018,1.0914785680650043
2006-12-18,1.8151594930461201,1.8151594930461201,1.5382243469628287,1.196736403155699,1.08848844775591
2006-12-19,1.8186116210176726,1.8186116210176726,1.5411497908783727,1.1990123944543898,1.0905585696551732
2006-12-20,1.817588969780777,1.817588969780777,1.54028316343485,1.1983381595083071,1.0899453210333807
2006-12-21,1.8109392955464887,1.8109392955464887,1.5346480163054987,1.1939540228769059,1.0859577410917325
2006-12-22,1.799814702606925,1.799814702606925,1.5252206796029975,1.1866195680303386,1.0792867069776002
2006-12-26,1.810427760682801,1.810427760682801,1.534214525262613,1.1936167674482763,1.0856509913036938
2006-12-27,1.8223202836536163,1.8223202836536163,1.544292630492817,1.2014575193045531,1.0927825265313122
2006-12-28,1.8184838419243707,1.8184838419243707,1.5410415067782137,1.1989281495750266,1.090481944946735
2006-12-29,1.8109392955464887,1.8109392955464887,1.5346480163054987,1.1939540228769059,1.0859577410917325
2007-01-03,1.8077424467678864,1.8077424467678864,1.5319389041621068,1.1918463373961568,1.0840407013064894
2007-01-04,1.8115786095034783,1.8115786095034783,1.5351897914485437,1.1943755231848987,1.0863411155882097
2007-01-05,1.7971286912078777,1.7971286912078777,1.5229444674320762,1.1848486781262582,1.077675998723254
2007-01-08,1.805440470132878,1.805440470132878,1.5299881353620783,1.190328641982127,1.0826602854346004
2007-01-09,1.8039057260449873,1.8039057260449873,1.528687544019337,1.1893167837258456,1.0817399524190552
2007-01-10,1.8099160863222863,1.8099160863222863,1.5337809160056435,1.1932794200492542,1.0853441578642262
2007-01-11,1.8178441094769011,1.8178441094769011,1.5404993769929192,1.198506373355857,1.0900983194959724
2007-01-12,1.8316549928091663,1.8316549928091663,1.5522031622945085,1.2076119020472897,1.098380229167308
2007-01-16,1.8280748067506583,1.8280748067506583,1.549169197850639,1.205251481928451,1.0962333152567496
2007-01-17,1.8288417603041232,1.8288417603041232,1.5498191388797602,1.2057571351454148,1.0966932308102368
2007-01-18,1.8227034814366956,1.8227034814366956,1.5446173645792114,1.2017101619722508,1.0930123170051989
2007-01-19,1.8262842254825107,1.8262842254825107,1.5476518018794134,1.2040709499726587,1.095159565521471
2007-01-22,1.8206577604724246,1.8206577604724246,1.542883755049917,1.2003614161689091,1.0917855688073288
2007-01-23,1.82602852779908,1.82602852779908,1.547435115465012,1.2039023682435401,1.0950062324531658
2007-01-24,1.8407341437781115,1.8407341437781115,1.5598971258958811,1.2135977950312995,1.1038246823864268
2007-01-25,1.819122458397227,1.819122458397227,1.5415826908508432,1.1993491900310582,1.09086490118607
2007-01-26,1.8174607721969955,1.8174607721969955,1.540174524692442,1.1982536387177678,1.0898684453706573
2007-01-29,1.8164382604569262,1.8164382604569262,1.5393080154630023,1.1975794957420773,1.089255280400293
2007-01-30,1.8258999117248174,1.8258999117248174,1.547326122080354,1.2038175715418231,1.0949291058361568
2007-01-31,1.8381763299628457,1.8381763299628457,1.5577295524673684,1.211911425917759,1.102290849794804
2007-02-01,1.8491734228027605,1.8491734228027605,1.5670488414978767,1.2191618198257475,1.1088854265033548
2007-02-02,1.8517308181275463,1.8517308181275463,1.5692160602841403,1.2208479130281114,1.1104190081406922
2007-02-05,1.8522423529912342,1.8522423529912342,1.5696495513270263,1.2211851684567412,1.110725757928731
2007-02-06,1.8527541668485754,1.8527541668485754,1.5700832787980785,1.2215226078261554,1.1110326750196267
2007-02-07,1.8568453297834642,1.8568453297834642,1.5735502614285013,1.2242199154920543,1.11348600411251
2007-02-08,1.8544159925456338,1.8544159925456338,1.571491563170563,1.2226182511098382,1.1120292144864679
2007-02-09,1.8406060856911564,1.8406060856911564,1.5597886053675563,1.2135133662111521,1.1037478903751317
2007-02-12,1.8343401672272535,1.8343401672272535,1.5544786651809315,1.209382240129017,1.0999904355130836
2007-02-13,1.8498128762565766,1.8498128762565766,1.5675907348550049,1.2195834121041327,1.1092688846512602
2007-02-14,1.861960957413996,1.861960957413996,1.5778854082855276,1.2275926537191362,1.1165536692957554
2007-02-15,1.8643902946518265,1.8643902946518265,1.5799441065434658,1.2291943181013523,1.1180104589217976
2007-02-16,1.8634945855272724,1.8634945855272724,1.5791850539156036,1.228603776212279,1.117473333099873
2007-02-20,1.8674583878593398,1.8674583878593398,1.5825441070881168,1.231217114909992,1.1198502884386035
2007-02-21,1.8666922712868352,1.8666922712868352,1.5818948753434943,1.230712013515382,1.1193908747936867
2007-02-22,1.8652857247827268,1.8652857247827268,1.5807029227431615,1.2297846760496405,1.1185474174408652
2007-02-23,1.8579971550819288,1.8579971550819288,1.5745263551130142,1.2249793150214232,1.114176713957025
2007-02-26,1.85633449240391,1.85633449240391,1.573117361456031,1.2238831199153863,1.1131796725816132
2007-02-27,1.7838296217329537,1.7838296217329537,1.5116744096015393,1.1760805888042403,1.069701006142814
2007-02-28,1.802116260751454,1.802116260751454,1.527171093760777,1.1881369875331924,1.080666871895204
2007-03-01,1.7967456329216251,1.7967456329216251,1.522619851559765,1.1845961274289536,1.0774462919007954
2007-03-02,1.7732164241602515,1.7732164241602515,1.502680445727841,1.1690832974159107,1.0633366381652922
2007-03-05,1.756338284601434,1.756338284601434,1.4883773691661,1.1579555237381922,1.0532154008857215
2007-03-06,1.7863871565545661,1.7863871565545661,1.5138417466018859,1.1777667739769964,1.0712346714315797
2007-03-07,1.7845969937768988,1.7845969937768988,1.5123247052729096,1.176586517932381,1.0701611726505864
2007-03-08,1.7996865050231436,1.7996865050231436,1.5251120408605894,1.1865350472397995,1.0792098313148766
2007-03-09,1.8001980398868314,1.8001980398868314,1.5255455319034752,1.1868723026684291,1.0795165811029153
2007-03-12,1.8028826563176121,1.8028826563176121,1.5278205619335654,1.188642272868587,1.0811264528429774
2007-03-13,1.7678460753240761,1.7678460753240761,1.4981294399549951,1.1655426212524564,1.0601162254737402
2007-03-14,1.7810175052025246,1.7810175052025246,1.509291331899456,1.174226557665504,1.0680146769971701
2007-03-15,1.7834468424403547,1.7834468424403547,1.511350030157394,1.1758282220477199,1.0694714666232121
2007-03-16,1.7784524375522672,1.7784524375522672,1.507117611338619,1.1725354060915623,1.066476494531269
2007-03-19,1.7998915653584633,1.7998915653584633,1.5252858155628088,1.1866702437165062,1.0793327989146624
2007-03-20,1.8097779844638042,1.8097779844638042,1.5336638840633312,1.1931883693608596,1.0852613429500837
2007-03-21,1.8395619519429407,1.8395619519429407,1.5589037729552286,1.2128249678246523,1.1031217594333607
2007-03-22,1.838149128081629,1.838149128081629,1.5577065007211548,1.2118934916912567,1.1022745377662602
2007-03-23,1.84084574123951,1.84084574123951,1.5599916971623953,1.213671371345154,1.103891603529167
2007-03-26,1.8384064997269804,1.8384064997269804,1.557924605704554,1.2120631770650834,1.1024288746517066
2007-03-27,1.8340409465338765,1.8340409465338765,1.5542250959725883,1.2091849636374947,1.0998110031991086
2007-03-28,1.820689844742576,1.820689844742576,1.5429109442890394,1.2003825693591421,1.091804808635866
2007-03-29,1.8226153194421895,1.8226153194421895,1.5445426532786644,1.2016520366843058,1.0929594493024328
2007-03-30,1.8230006096776699,1.8230006096776699,1.5448691605763059,1.2019060589078878,1.0931904945477462
2007-04-02,1.825054560954719,1.825054560954719,1.5466097447365057,1.2032602309643763,1.0944221781798933
2007-04-03,1.8446973881228712,1.8446973881228712,1.5632557062120611,1.216210765847443,1.1062013031194426
2007-04-04,1.846751060406267,1.846751060406267,1.5649960539440946,1.217564753963147,1.107432819448733
2007-04-05,1.8517576015182808,1.8517576015182808,1.5692387573881024,1.2208655713434358,1.110435069214949
2007-04-09,1.8543255986019,1.8543255986019,1.5714149604446854,1.2225586542956162,1.111975008360847
2007-04-10,1.856507747462731,1.856507747462731,1.5732641833472933,1.2239973471426444,1.1132835676557176
2007-04-11,1.8489339067512318,1.8489339067512318,1.5668458679171184,1.219003906662137,1.1087417970007458
2007-04-12,1.8571495723626021,1.8571495723626021,1.573808086343835,1.2244205029176989,1.1136684478779064
2007-04-13,1.8656231676066313,1.8656231676066313,1.5809888826102836,1.2300071524286569,1.1187497702462272
2007-04-16,1.8833392646037288,1.8833392646037288,1.5960020711694656,1.2416873922530287,1.129373501656354
2007-04-17,1.8883466426967037,1.8883466426967037,1.6002454838979727,1.2449887614556716,1.1323762533311408
2007-04-18,1.890657686625451,1.890657686625451,1.6022039366134055,1.2465124349452021,1.1337621065458776
2007-04-19,1.8901436408188816,1.8901436408188816,1.601768317717023,1.2461735240495109,1.133453851032127
2007-04-20,1.9079887723807218,1.9079887723807218,1.6168908543031124,1.2579388364867767,1.144154960013548
2007-04-23,1.9007998034142224,1.9007998034142224,1.6107986915283292,1.2531991423186744,1.1398439836496042
2007-04-24,1.9015688494200886,1.9015688494200886,1.6114504057686976,1.253706175091523,1.140305153974518
2007-04-25,1.9190295277274094,1.9190295277274094,1.6262471443416446,1.265218017127561,1.1507757196191966
2007-04-26,1.921211676588241,1.921211676588241,1.6280963672442532,1.26665670997459,1.1520842789140677
2007-04-27,1.9196712131304536,1.9196712131304536,1.626790929124103,1.2656410809322234,1.1511605161899572
2007-04-30,1.9037516957650538,1.9037516957650538,1.6133002197417217,1.2551453277905136,1.1416141315265314
2007-05-01,1.908630039293286,1.908630039293286,1.6174342844433212,1.2583616243802624,1.1445395056300238
2007-05-02,1.9197991317205825,1.9197991317205825,1.6268993314383453,1.265725417781979,1.1512372245498241
2007-05-03,1.930198201664225,1.930198201664225,1.6357118366944186,1.2725815346181006,1.1574731875847115
2007-05-04,1.9375164841891206,1.9375164841891206,1.6419135839242753,1.2774064853398817,1.1618617088228065
2007-05-07,1.9379009374436402,1.9379009374436402,1.642239381937418,1.2776599557411097,1.1620922521595491
2007-05-08,1.935333219353675,1.935333219353675,1.6400634153090017,1.2759670567297143,1.1605524803165082
2007-05-09,1.9405972716078679,1.9405972716078679,1.6445243419504922,1.2794376514542223,1.1637091506195991
2007-05-10,1.9203127590366713,1.9203127590366713,1.6273345956924783,1.2660640527664933,1.1515452291092891
2007-05-11,1.9367453457308534,1.9367453457308534,1.6412600964726602,1.2768980730111483,1.1613992837264666
2007-05-14,1.9325084086120123,1.9325084086120123,1.637669580125353,1.2741046562852771,1.1588585388908779
2007-05-15,1.9330223149217547,1.9330223149217547,1.6381050808076523,1.2744434752105762,1.1591667107532
2007-05-16,1.9462463351038872,1.9462463351038872,1.649311539461458,1.2831620844615275,1.1670966988651463
2007-05-17,1.9423944092268726,1.9423944092268726,1.6460472939836257,1.2806225060184535,1.1647868319720138
2007-05-18,1.9593406232371438,1.9593406232371438,1.6604080590179406,1.291795161247623,1.1749488911486565
2007-05-21,1.9583123921271781,1.9583123921271781,1.6595367030110921,1.2911172474858477,1.174332296469727
2007-05-22,1.956772765650352,1.956772765650352,1.6582319741754412,1.2901021702658353,1.173409035654187
2007-05-23,1.9570295793083967,1.9570295793083967,1.658449606302508,1.2902714877580927,1.17356303793392
2007-05-24,1.9393134823112992,1.9393134823112992,1.643436417743326,1.2785912479337207,1.1629393065237932
2007-05-25,1.9474015083261946,1.9474015083261946,1.6502904702839667,1.2839236912803118,1.167789416343944
2007-05-29,1.9544614427279514,1.9544614427279514,1.6562732850318422,1.2885783128355202,1.1720230151365938
2007-05-30,1.9703813785838316,1.9703813785838316,1.6697643490564729,1.299074341888407,1.181569650754305
2007-05-31,1.9683265903258218,1.9683265903258218,1.668023055611774,1.2977196180095645,1.1803374652135872
2007-06-01,1.9780843933569001,1.9780843933569001,1.6762921307276384,1.3041529469522006,1.1861888826319995
2007-06-04,1.9783419044990782,1.9783419044990782,1.6765103539251205,1.3043227242964193,1.1863433031688742
2007-06-05,1.9705099946580942,1.9705099946580942,1.6698733424411312,1.299159138590124,1.1816467773713142
2007-06-06,1.9493268435289817,1.9493268435289817,1.6519220610595087,1.285193066635083,1.1689439733590825
2007-06-07,1.9141510447023506,1.9141510447023506,1.6221129614259617,1.2620016285674194,1.147850261864276
2007-06-08,1.9390561106659476,1.9390561106659476,1.6432183127599267,1.2784215625598938,1.1627849696383468
2007-06-11,1.9423944092268732,1.9423944092268732,1.646047293983626,1.2806225060184533,1.164786831972014
2007-06-12,1.9212116765882414,1.9212116765882414,1.6280963672442532,1.2666567099745896,1.152084278914068
2007-06-13,1.9499686684288529,1.9499686684288529,1.6524659640560504,1.2856162224101377,1.1693288535812711
2007-06-14,1.9624219686431983,1.9624219686431983,1.66301928990049,1.2938266952435327,1.1767966675511627
2007-06-15,1.9735872946561723,1.9735872946561723,1.6724811451152692,1.3011880054446565,1.1834921278823956
2007-06-18,1.9712663464527262,1.9712663464527262,1.6705142991999335,1.2996578020572718,1.1821003354162407
2007-06-19,1.9761658934986241,1.9761658934986241,1.674666332442171,1.302888078146653,1.185038424536854
2007-06-20,1.9487039901975485,1.9487039901975485,1.6513942351782749,1.284782418833384,1.1685704697311594
2007-06-21,1.959533128858058,1.959533128858058,1.6605711944526789,1.291922080389022,1.175064330119885
2007-06-22,1.9410955542730157,1.9410955542730157,1.6449466026554804,1.2797661696955818,1.164007953521938
2007-06-25,1.9318131564274967,1.9318131564274967,1.6370804011349678,1.2736462758499647,1.1584416201716021
2007-06-26,1.9119567596175924,1.9119567596175924,1.6202534538981204,1.2605549342962594,1.1465344248951324
2007-06-27,1.9391612912733165,1.9391612912733165,1.6433074461786172,1.2784909082357019,1.1628480428153805
2007-06-28,1.9389035011374849,1.9389035011374849,1.643088986552969,1.2783209469506986,1.162693454975649
2007-06-29,1.9395488134580248,1.9395488134580248,1.643635844901589,1.278746401985561,1.1630804264835484
2007-07-02,1.9570831460898688,1.9570831460898688,1.6584950005104357,1.290306804388743,1.173595160082436
2007-07-03,1.9641750252649508,1.9641750252649508,1.664504886283351,1.294982487163792,1.1778479150521952
2007-07-05,1.9621122856878161,1.9621122856878161,1.6627568546359128,1.2936225209725873,1.176610961380057
2007-07-06,1.972427239044929,1.972427239044929,1.6714980767998506,1.300423179662141,1.1827964826036033
2007-07-09,1.9739739798599198,1.9739739798599198,1.6728088345537424,1.301442947372162,1.1837240096419932
2007-07-10,1.945866624741477,1.945866624741477,1.6489897607271427,1.2829117410536381,1.1668689996769706
2007-07-11,1.9596623029196265,1.9596623029196265,1.6606806606936693,1.2920072449723083,1.1751417913426077
2007-07-12,1.9906068839973128,1.9906068839973128,1.6869040907573176,1.3124090371001857,1.1936981877103905
2007-07-13,1.9965377310833647,1.9965377310833647,1.6919300807162323,1.316319250299973,1.1972547118413586
2007-07-16,1.9962795224570529,1.9962795224570529,1.6917112664483345,1.3161490131037927,1.197099873047342
2007-07-17,1.9952480829200723,1.9952480829200723,1.690837191517574,1.3154689840229943,1.1964813543855586
2007-07-18,1.9916377655469866,1.9916377655469866,1.6877776928317456,1.313088698299415,1.1943163717664602
2007-07-19,1.9993739805648214,1.9993739805648214,1.6943336094546992,1.3181891923165805,1.19895551268412
2007-07-20,1.979131596035303,1.979131596035303,1.6771795638497944,1.3048433686873315,1.1868168539051949
2007-07-23,1.9851914776860975,1.9851914776860975,1.6823149018356165,1.3088386545000128,1.190450755607457
2007-07-24,1.9507658927937217,1.9507658927937217,1.6531415575412136,1.286141833202235,1.1698069214947269
2007-07-25,1.9547628953705551,1.9547628953705551,1.6565287456655147,1.2887770608533196,1.1722037858734227
2007-07-26,1.9084761742933827,1.9084761742933827,1.617303894309615,1.2582601810375362,1.1444472381044701
2007-07-27,1.8709568287773715,1.8709568287773715,1.5855087980792626,1.2335236403789318,1.1219481826121036
2007-07-30,1.9002246579975373,1.9002246579975373,1.5842120783836906,1.2325147942587649,1.1394990888102037
2007-07-31,1.8788209623853354,1.8788209623853354,1.5647836640589101,1.2173995149277856,1.1266640318896306
2007-08-01,1.8879753021438987,1.8879753021438987,1.563502031724538,1.2164024067536543,1.1321535732286714
2007-08-02,1.9030600704980338,1.9030600704980338,1.5744307831364905,1.224904960156574,1.1411993877443949
2007-08-03,1.8540658555104934,1.8540658555104934,1.533897117663806,1.1933698247777365,1.111819249401118
2007-08-06,1.8851393316560954,1.8851393316560954,1.5326346959883954,1.1923876624695662,1.1304529396887666
2007-08-07,1.9052531001113515,1.9052531001113515,1.5329120298857648,1.1926034278561084,1.142514471850683
2007-08-08,1.9318131564274958,1.9318131564274958,1.5527485778184855,1.2080362345665872,1.158441620171602
2007-08-09,1.8745665881631504,1.8745665881631504,1.5067350556713257,1.1722377783143225,1.1241128306254884
2007-08-10,1.8657992126019882,1.8657992126019882,1.5054955867148152,1.1712734731895424,1.118855338348902
2007-08-13,1.8725034300955354,1.8725034300955354,1.5057620355369083,1.1714807700026546,1.1228756259990649
2007-08-14,1.8438793787308152,1.8438793787308152,1.5060243488438927,1.1716848493907621,1.1057107711431515
2007-08-15,1.8184800755100474,1.8184800755100474,1.5062795363030024,1.171883384879131,1.090479686358167
2007-08-16,1.8321468586202807,1.8321468586202807,1.5065234101326896,1.17207311837954,1.0986751841039382
2007-08-17,1.865799212601988,1.865799212601988,1.5067733017142118,1.1722675336825095,1.118855338348902
2007-08-20,1.8648969471265768,1.8648969471265768,1.5070190492646105,1.172458724935027,1.1183142809098414
2007-08-21,1.868634625102484,1.868634625102484,1.5072612487546708,1.1726471558015343,1.1205556372830927
2007-08-22,1.8908116911221817,1.8908116911221817,1.507509468365081,1.1728402703133034,1.1338544577228609
2007-08-23,1.8891360552392753,1.8891360552392753,1.5046660051521552,1.1706280598872618,1.1328496367646055
2007-08-24,1.912473455863869,1.912473455863869,1.5232538634861572,1.1850893878261433,1.1468442697860226
2007-08-27,1.894679798631099,1.894679798631099,1.5090815061955185,1.1740633135595875,1.1361740281816908
2007-08-28,1.8530337184893786,1.8530337184893786,1.475911083735315,1.148256771006443,1.1112003124821923
2007-08-29,1.8893939848719339,1.8893939848719339,1.4746776437581934,1.147297156419245,1.1330043082557655
2007-08-30,1.8843651242676394,1.8843651242676394,1.469277925405029,1.1430961830483717,1.129988674261001
2007-08-31,1.9029315939205977,1.9029315939205977,1.468050611899879,1.142141334847849,1.141122344778814
2007-09-04,1.9221425389131357,1.9221425389131357,1.4814031883885912,1.1525296207903475,1.152642484895956
2007-09-05,1.9055101927630498,1.9055101927630498,1.4685845705606688,1.1425567539435155,1.1426686414332725
2007-09-06,1.9098941595372843,1.9098941595372843,1.4719633118484052,1.1451854099674974,1.1452975548744224
2007-09-07,1.883333824227486,1.883333824227486,1.4514931517972918,1.1292596539098976,1.1293702392506464
2007-09-10,1.8797235068544005,1.8797235068544005,1.4502645665223777,1.1283038162742667,1.127205256631548
2007-09-11,1.9016422247509588,1.9016422247509588,1.4504918897381618,1.1284806734200714,1.1403491546258706
2007-09-12,1.9065417717968571,1.9065417717968571,1.4527785641570847,1.1302597029385504,1.143287243746484
2007-09-13,1.9199513227585656,1.9199513227585656,1.4629965979186959,1.1382093189977023,1.1513284882582373
2007-09-14,1.919821172219209,1.919821172219209,1.4628974236354526,1.1381321615432332,1.1512504414755156
2007-09-17,1.9095073348367102,1.9095073348367102,1.4550383134469702,1.1320177847440756,1.1450655894633968
2007-09-18,1.9657223240672483,1.9657223240672483,1.4978739504870535,1.1653438508016367,1.1787757766962985
2007-09-19,1.9773266465940007,1.9773266465940007,1.5067164061142084,1.172223268984816,1.1857344880727885
2007-09-20,1.963401794354282,1.963401794354282,1.4961057144723189,1.1639681656407679,1.1773842351844288
2007-09-21,1.9686997443373746,1.9686997443373746,1.5001427349474377,1.1671089619572472,1.180561232784627
2007-09-24,1.9650731058355593,1.9650731058355593,1.497379248328197,1.1649589732098913,1.1783864629484029
2007-09-25,1.9611856082677235,1.9611856082677235,1.494416987957976,1.1626543387606523,1.1760552649410216
2007-09-26,1.971549804004679,1.971549804004679,1.5023144710470493,1.168798569623115,1.1822703151188028
2007-09-27,1.9832090882811706,1.9832090882811706,1.5111988073468707,1.175710570911397,1.1892619851580928
2007-09-28,1.9766019605790404,1.9766019605790404,1.5061641977525282,1.1717936516472318,1.1852999189021143
2007-10-01,1.998883788715626,1.998883788715626,1.5231428775621794,1.185003040931606,1.1986615615646303
2007-10-02,1.996163461097198,1.996163461097198,1.5210699968574404,1.1833903426254984,1.1970302750588913
2007-10-03,1.9921476264487537,1.9921476264487537,1.5180099440535824,1.1810096257988623,1.194622117737358
2007-10-04,1.9952570107169845,1.9952570107169845,1.5203792846468156,1.1828529694860137,1.1964867080769779
2007-10-05,2.018962961957849,2.018962961957849,1.53844314158147,1.196906625064786,1.2107023481722972
2007-10-08,2.008212081017146,2.008212081017146,1.5302510056380032,1.190533154691297,1.2042554162349188
2007-10-09,2.0271243633036145,2.0271243633036145,1.5446621025840586,1.2017449680778178,1.2155964586438
2007-10-10,2.0237562124217647,2.0237562124217647,1.5420955826816982,1.1997482191623279,1.2135766949044495
2007-10-11,2.014040676929191,2.014040676929191,1.534692376566987,1.1939885350986652,1.2077506238688502
2007-10-12,2.0251815909974837,2.0251815909974837,1.5431817164718127,1.2005932297408524,1.2144314452001084
2007-10-15,2.0080819304777893,2.0080819304777893,1.53015183135476,1.1904559972368278,1.204177369452197
2007-10-16,1.992147626448754,1.992147626448754,1.5180099440535826,1.1810096257988623,1.1946221177373582
2007-10-17,1.9982355469617252,1.9982355469617252,1.5226489194761883,1.1846187422275147,1.1982728333767343
2007-10-18,1.9909818514676143,1.9909818514676143,1.5171216273493364,1.1803185166380938,1.1939230427500005
2007-10-19,1.9389041986216187,1.9389041986216187,1.477438627036696,1.1494451975709867,1.1626938732327912
2007-10-22,1.9501749842356149,1.9501749842356149,1.4860269286325176,1.1561268842711703,1.1694525740439141
2007-10-23,1.9659789982284668,1.9659789982284668,1.4980695353543283,1.1654960155564305,1.1789296953246031
2007-10-24,1.962352638720305,1.962352638720305,1.4953062613273347,1.163346192205547,1.1767550927912358
2007-10-25,1.9670158781416909,1.9670158781416909,1.4988596344404435,1.1661107115468565,1.1795514763920951
2007-10-26,1.990074843100094,1.990074843100094,1.5164304899542176,1.1797808127056642,1.1933791411623735
2007-10-29,1.9966821102990508,1.9966821102990508,1.5214652058446836,1.1836978146680655,1.1973412910697803
2007-10-30,1.982820031631369,1.982820031631369,1.5109023474583776,1.1754799255303527,1.1890286813242124
2007-10-31,2.0034185515595766,2.0034185515595766,1.5265983519455277,1.1876913951972814,1.2013809021999093
2007-11-01,1.9565229268336455,1.9565229268336455,1.4908640400293622,1.1598901502122876,1.1732592159458766
2007-11-02,1.9587250237407017,1.9587250237407017,1.492542030635229,1.1611956245705366,1.1745797373950122
2007-11-05,1.9438275996248906,1.9438275996248906,1.481190242420167,1.1523639491229973,1.1656462667476652
2007-11-06,1.9699951118705645,1.9699951118705645,1.5011298007504337,1.1678768977795388,1.1813380199489933
2007-11-07,1.9161042792704877,1.9161042792704877,1.4600651634242963,1.13592866703699,1.1490215491651001
2007-11-08,1.9063884647842604,1.9063884647842604,1.4588061469163116,1.1349491539443426,1.143195310826644
2007-11-09,1.8802201155576264,1.8802201155576264,1.4590041277505361,1.1351031827580922,1.1275030557167456
2007-11-12,1.8615653444133358,1.8615653444133358,1.459202135453588,1.1352572324757524,1.1163164338447387
2007-11-13,1.9183067946680246,1.9183067946680246,1.4594071186107112,1.1354167090869811,1.1503423215685211
2007-11-14,1.9129951739959106,1.9129951739959106,1.4596138679525144,1.1355775597874351,1.1471571261283369
2007-11-15,1.8854021436776909,1.8854021436776909,1.4598079039230558,1.1357285195027245,1.1306105389799217
2007-11-16,1.8886411204979716,1.8886411204979716,1.4600008071103598,1.13587859791423,1.1325528414965498
2007-11-19,1.8623431787192877,1.8623431787192877,1.4601850453074476,1.1360219349753955,1.1167828742096433
2007-11-20,1.87374369638216,1.87374369638216,1.460366988999601,1.1361634869149122,1.1236193708492026
2007-11-21,1.8353974136771822,1.8353974136771822,1.460540262701867,1.1362982936143518,1.1006244296891257
2007-11-23,1.8671369871705104,1.8671369871705104,1.4607181935989502,1.1364367236048833,1.1196575555475097
2007-11-26,1.8259419002696684,1.8259419002696684,1.460887451421383,1.1365684059553962,1.094954284916113
2007-11-27,1.846927663388931,1.846927663388931,1.4610642651803845,1.1367059668140536,1.1075387221571213
2007-11-28,1.906000803102726,1.906000803102726,1.4612480577883458,1.136848957207498,1.1429628435070478
2007-11-29,1.9066476498883604,1.9066476498883604,1.4614254950525059,1.1369870031523017,1.1433507351806602
2007-11-30,1.925820651744022,1.925820651744022,1.4616017940011152,1.1371241634891898,1.15484812210927
2007-12-03,1.9131247665479603,1.9131247665479603,1.4505046487507745,1.1284905999141426,1.1472348383053452
2007-12-04,1.896024827034612,1.896024827034612,1.4492210672560466,1.1274919752959647,1.1369805952545768
2007-12-05,1.9277635635469792,1.9277635635469792,1.4493878426963258,1.1276217263566137,1.1560132192043902
2007-12-06,1.9553565938651989,1.9553565938651989,1.468684257628734,1.1426343103438623,1.1725598063528053
2007-12-07,1.95496781620905,1.95496781620905,1.4683922435658796,1.1424071238089846,1.1723266698217816
2007-12-10,1.9701256809004015,1.9701256809004015,1.4797774391467269,1.1512647901406543,1.1814163176860004
2007-12-11,1.9161042792704879,1.9161042792704879,1.4392015245550773,1.119696785006006,1.1490215491651004
2007-12-12,1.9350180960220504,1.9350180960220504,1.4379376543273628,1.1187134957261575,1.1603635117396944
2007-12-13,1.9310024008704327,1.9310024008704327,1.4335156002564078,1.115273143807477,1.1579554380695896
2007-12-14,1.9065183363299636,1.9065183363299636,1.4153393988904095,1.1011320844173254,1.143273190306509
2007-12-17,1.8793146416552,1.8793146416552,1.4141060316999479,1.1001725264580475,1.1269600742948314
2007-12-18,1.8898066164854577,1.8898066164854577,1.4142850395666589,1.1003117943294523,1.133251749181051
2007-12-19,1.8898066164854577,1.8898066164854577,1.4144601415239384,1.1004480234087501,1.133251749181051
2007-12-20,1.9017260623438357,1.9017260623438357,1.4146335812793873,1.1005829592973349,1.1403994291343555
2007-12-21,1.9291394207492027,1.9291394207492027,1.414812655927176,1.1007222791243252,1.1568382732429576
2007-12-24,1.9434646288816906,1.9434646288816906,1.4149945604115097,1.1008638005602127,1.1654286057309005
2007-12-26,1.9476319570839842,1.9476319570839842,1.416613707378587,1.1021234946493008,1.1679276085037047
2007-12-27,1.9231481715371685,1.9231481715371685,1.3988053806626575,1.0882686412254017,1.153245528043481
2007-12-28,1.9183303696317453,1.9183303696317453,1.3975797607100768,1.0873151106064232,1.1503564586599255
2007-12-31,1.9041346145544804,1.9041346145544804,1.3977489122287343,1.0874467102527468,1.1418437546975622
2008-01-02,1.8874639067770385,1.8874639067770385,1.3979086549615605,1.0875709898767756,1.1318469070920614
2008-01-03,1.886552992498369,1.886552992498369,1.3980656423224154,1.087693125825242,1.1313006632644385
2008-01-04,1.8403202566931478,1.8403202566931478,1.3982176542216203,1.0878113908714626,1.1035764885982866
2008-01-07,1.8387571947494277,1.8387571947494277,1.398370792345654,1.0879305321190342,1.102639174342771
2008-01-08,1.8090645976918118,1.8090645976918118,1.3985239472419588,1.0880496864154092,1.0848335495451131
2008-01-09,1.8280782941713267,1.8280782941713267,1.3986732341236288,1.0881658314017766,1.0962354065424604
2008-01-10,1.840060513601742,1.840060513601742,1.398823646999203,1.088282852409836,1.1034207296385572
2008-01-11,1.8252131688467332,1.8252131688467332,1.3989674149851445,1.0883947037030004,1.094517289854015
2008-01-14,1.8399288285972903,1.8399288285972903,1.3991106426014408,1.0885061345893319,1.1033417626901225
2008-01-15,1.7994271804222173,1.7994271804222173,1.3992511088683368,1.0886154171496696,1.0790543233094327
2008-01-16,1.7978069819014324,1.7978069819014324,1.399390478720847,1.0887238467011398,1.0697609842169962
2008-01-17,1.7979810552758706,1.7979810552758706,1.399525975259263,1.0888292628196299,1.0420365585965592
2008-01-18,1.7981494376286664,1.7981494376286664,1.3996570419775811,1.0889312325442433,1.0313374572494205
2008-01-22,1.7982978563124072,1.7982978563124072,1.3997725692254903,1.0890211125824851,1.020872747204732
2008-01-23,1.7984470008568394,1.7984470008568394,1.3998886614742871,1.089111432190632,1.0453947451907293
2008-01-24,1.798607576481916,1.798607576481916,1.4000136515333474,1.0892086742827918,1.0542198872382644
2008-01-25,1.7987667389777713,1.7987667389777713,1.4001375416302886,1.0893050606059524,1.0389907264361335
2008-01-28,1.7989237741692692,1.7989237741692692,1.4002597758601134,1.089400158666799,1.0561728134863024
2008-01-29,1.7990872477979538,1.7990872477979538,1.4003870216889516,1.0894991557447096,1.0614044574715051
2008-01-30,1.7992514502054908,1.7992514502054908,1.4005148347901375,1.089598594159718,1.0535944255079217
2008-01-31,1.7994063857470362,1.7994063857470362,1.4006354346786887,1.089692420705326,1.0728065654231376
2008-02-01,1.7995556222290285,1.7995556222290285,1.400751598490533,1.0897827959894242,1.0900660300446008
2008-02-04,1.7997041569788,1.7997041569788,1.4008672160827893,1.0898727463154423,1.0763210965370358
2008-02-05,1.7998419914638384,1.7998419914638384,1.4009745047227513,1.0899562167281562,1.0475039323070672
2008-02-06,1.7999819791742857,1.7999819791742857,1.401083469406452,1.0900409911005684,1.0390690241731406
2008-02-07,1.8001241206083556,1.8001241206083556,1.401194110521695,1.0901270697343894,1.0459416582297798
2008-02-08,1.8002619872572752,1.8002619872572752,1.4013014241976198,1.0902105596250478,1.039225619647154
2008-02-11,1.8003998644650294,1.8003998644650294,1.4014087460924096,1.0902940559099714,1.0445357286722208
2008-02-12,1.8005384666768176,1.8005384666768176,1.4015166323212753,1.0903779912460216,1.0542198872382644
2008-02-13,1.8006749360606014,1.8006749360606014,1.4016228583834869,1.0904606349747232,1.0649969517166966
2008-02-14,1.8008128448949903,1.8008128448949903,1.4017302048960536,1.090544150412243,1.0556253985386814
2008-02-15,1.8009493350749008,1.8009493350749008,1.4018364471457103,1.0906268067347544,1.0553910908876594
2008-02-19,1.8010965555364187,1.8010965555364187,1.4019510417124212,1.0907159611483208,1.0583587089625075
2008-02-20,1.8012495057994684,1.8012495057994684,1.4020700962850112,1.0908085854402596,1.061482755208512
2008-02-21,1.8013910325463525,1.8013910325463525,1.4021802589354335,1.0908942918291156,1.0526573622066915
2008-02-22,1.8015325704131953,1.8015325704131953,1.4022904302414927,1.0909800049520448,1.0591399296525794
2008-02-25,1.8016848428090277,1.8016848428090277,1.4024089571707155,1.0910722187381776,1.0724942946408225
2008-02-26,1.801830693486779,1.801830693486779,1.4025224855148675,1.0911605436320755,1.0805383833011422
2008-02-27,1.8019744109349498,1.8019744109349498,1.4026343533797836,1.0912475766754366,1.0794449754801834
2008-02-28,1.8021081288773484,1.8021081288773484,1.4027384377544192,1.091328554174182,1.0689018840470594
2008-02-29,1.8022261240524533,1.8022261240524533,1.4028302837235578,1.091400010210467,1.0450823907569855
2008-03-03,1.8023412662770455,1.8023412662770455,1.4029199089916846,1.0914697385444527,1.0425835552870382
2008-03-04,1.8024592767170993,1.8024592767170993,1.4030117668428685,1.0915412038249526,1.0386006598253816
2008-03-05,1.8025780101456448,1.8025780101456448,1.4031041874592556,1.091613106935998,1.0451609394482777
2008-03-06,1.8026874523819751,1.8026874523819751,1.4031893759277798,1.091679383446062,1.0235280108458358
2008-03-07,1.8027969012630127,1.8027969012630127,1.4032745695684612,1.0917456639800571,1.012984919412712
2008-03-10,1.8029020644155862,1.8029020644155862,1.4033564272516859,1.0918093491437892,0.9996304707730408
2008-03-11,1.8030265505105103,1.8030265505105103,1.4034533256716628,1.0918847359798016,1.0355544930592415
2008-03-12,1.8031431748469124,1.8031431748469124,1.4035441045970933,1.0919553618575655,1.0258716729160526
2008-03-13,1.8032598067268728,1.8032598067268728,1.4036348893943353,1.0920259923035904,1.028135447872122
2008-03-14,1.8033649968822651,1.8033649968822651,1.4037167680962166,1.0920896938198081,1.0122042006312102
2008-03-17,1.803461605721384,1.803461605721384,1.4037919672087933,1.0921481986248343,1.0019733799804011
2008-03-18,1.8035746799014252,1.8035746799014252,1.403879982736896,1.0922166745833193,1.043598999976703
2008-03-19,1.8036848983540856,1.8036848983540856,1.4039657754025077,1.0922834211578771,1.0177489519130118
2008-03-20,1.8037987022821962,1.8037987022821962,1.4040543589573844,1.0923523390404026,1.0365999686117118
2008-03-24,1.803930408219188,1.803930408219188,1.4041568772121653,1.0924320981000786,1.057320176478595
2008-03-25,1.8040585445458035,1.8040585445458035,1.4042566169268562,1.0925096954594278,1.0583403056482525
2008-03-26,1.8041809628041834,1.8041809628041834,1.404351905768719,1.0925838300459054,1.0453907299221636
2008-03-27,1.8043048212591695,1.8043048212591695,1.404448315641615,1.092658836792968,1.0420941107793158
2008-03-28,1.8044243922532768,1.8044243922532768,1.4045413882085642,1.0927312471206443,1.0321268757794777
2008-03-31,1.8045403909642073,1.8045403909642073,1.404631680154949,1.0928014941293878,1.0357371877789239
2008-04-01,1.804669286706419,1.804669286706419,1.4047320109892456,1.0928795513789684,1.072152913161414
2008-04-02,1.8048039207643163,1.8048039207643163,1.4048368084567322,1.0929610836629604,1.0728593494744734
2008-04-03,1.8049407134424376,1.8049407134424376,1.4049432861672144,1.0930439231736666,1.0755279136926974
2008-04-04,1.8050717865180566,1.8050717865180566,1.4050453118106145,1.0931232989823731,1.074350603489027
2008-04-07,1.8052114646920132,1.8052114646920132,1.4051540355549808,1.0932078859043182,1.0749001933737872
2008-04-08,1.8053454228443533,1.8053454228443533,1.4052583069060318,1.0932890088704545,1.0738011809071237
2008-04-09,1.8054722268681005,1.8054722268681005,1.4053570095728263,1.0933657994079822,1.066031301629185
2008-04-10,1.805604054998951,1.805604054998951,1.405459622941779,1.0934456324663515,1.067522639295167
2008-04-11,1.8057301606789826,1.8057301606789826,1.405557782026556,1.0935220000978254,1.046803267942568
2008-04-14,1.8058577082855705,1.8058577082855705,1.4056570634889372,1.0935992409375148,1.0432711700287003
2008-04-15,1.8059895645626831,1.8059895645626831,1.4057596987665886,1.0936790910408212,1.0457044227787613
2008-04-16,1.806131463742756,1.806131463742756,1.4058701513143488,1.093765022969403,1.0740365760267145
2008-04-17,1.806284124854572,1.806284124854572,1.4059889808152335,1.093857472155868,1.0756066296868458
2008-04-18,1.8064410995463749,1.8064410995463749,1.406111167952852,1.0939525335790434,1.0868294726273608
2008-04-21,1.806598804721732,1.806598804721732,1.4062339236897365,1.0940480373716575,1.0873788952092642
2008-04-22,1.8067593912821516,1.8067593912821516,1.4063589222607311,1.0941452860860903,1.0825911893547193
2008-04-23,1.8069185581809075,1.8069185581809075,1.406482815784835,1.0942416750755788,1.0808652930834302
2008-04-24,1.807091362693813,1.807091362693813,1.406617324657297,1.0943463227913302,1.0855736973838268
2008-04-25,1.8072663350321057,1.8072663350321057,1.4067535209379385,1.0944522833082988,1.0956196483778138
2008-04-28,1.80743558695872,1.80743558695872,1.4068852645216454,1.0945547796332435,1.0958548761945486
2008-04-29,1.807604137499567,1.807604137499567,1.40701646215544,1.0946568512099155,1.0915386297906136
2008-04-30,1.8077683999390464,1.8077683999390464,1.407144321984739,1.0947563259793311,1.0851027398417876
2008-05-01,1.8079384162528502,1.8079384162528502,1.4072766605578781,1.0948592852052268,1.1075485930256748
2008-05-02,1.8081156229150783,1.8081156229150783,1.4074145960083377,1.094966598793896,1.1106098170489316
2008-05-05,1.808289259415374,1.808289259415374,1.407549752489383,1.0950717503482243,1.1052728559153402
2008-05-06,1.8084600422898744,1.8084600422898744,1.4076826877437847,1.0951751737913127,1.1148480166701444
2008-05-07,1.8086258177937509,1.8086258177937509,1.4078117253234945,1.09527556484891,1.0949916771046186
2008-05-08,1.8087873022417682,1.8087873022417682,1.40793742279897,1.0953733573100575,1.092166350109524
2008-05-09,1.80894880110804,1.80894880110804,1.4080631314974343,1.0954711585026746,1.0901256735130669
2008-05-12,1.8091139035779824,1.8091139035779824,1.408191645195944,1.095571141981427,1.1023693148346672
2008-05-13,1.809291225456627,1.809291225456627,1.4083296703294217,1.0956785253433592,1.1025259939601093
2008-05-14,1.809472872551881,1.809472872551881,1.4084710621574348,1.095788527988959,1.1048021493275861
2008-05-15,1.8096487935256012,1.8096487935256012,1.4086079968440335,1.0958950629847357,1.1186152587493183
2008-05-16,1.8098261678319507,1.8098261678319507,1.4087460627865813,1.095798167484788,1.1196349696618337
2008-05-19,1.8099999685988615,1.8099999685988615,1.408881347130706,1.0987938093148644,1.1226957754279483
2008-05-20,1.810168040024517,1.810168040024517,1.4090121718272253,1.0898837602301683,1.113591906820897
2008-05-21,1.8103411553013606,1.8103411553013606,1.4091469225944515,1.0714488145575276,1.0947559473793138
2008-05-22,1.8105250629742802,1.8105250629742802,1.409290074027858,1.0704862113368299,1.0949131284133264
2008-05-23,1.810701804706618,1.810701804706618,1.4094276475827034,1.0705907111812698,1.080236819901664
2008-05-27,1.8108850304844752,1.8108850304844752,1.4095702682375184,1.0706990447651394,1.0882422616020508
2008-05-28,1.811073305039232,1.811073305039232,1.4097168187971527,1.0708103634753492,1.0932648606676165
2008-05-29,1.8112651925679801,1.8112651925679801,1.4098661816505729,1.070923818382908,1.0987586682295067
2008-05-30,1.81145638167164,1.81145638167164,1.410015000858636,1.071036860341515,1.1015058647904519
2008-06-02,1.8116368084779098,1.8116368084779098,1.4101554428289598,1.071143539012922,1.0901256735130669
2008-06-03,1.8118129398342895,1.8118129398342895,1.4102925412747904,1.0712476779681037,1.0837689178155319
2008-06-04,1.811990526261329,1.811990526261329,1.4104307723294314,1.0713526772444761,1.0832193279307718
2008-06-05,1.812171725313955,1.812171725313955,1.4105718154066642,1.0714598125122006,1.1048805307160214
2008-06-06,1.8123443130973185,1.8123443130973185,1.4107061555795601,1.0715618563038685,1.069641446325774
2008-06-09,1.812540650397904,1.812540650397904,1.410858982079748,1.0716779421716347,1.072231629155563
2008-06-10,1.8127499556872952,1.8127499556872952,1.4110219027002977,1.071801695457814,1.0668946680219717
2008-06-11,1.8129535303847,1.8129535303847,1.4111803626996884,1.0719220604894866,1.0511980630377953
2008-06-12,1.8131715164639486,1.8131715164639486,1.4113500403385368,1.0720509463562835,1.055200616585132
2008-06-13,1.8133909677784414,1.8133909677784414,1.411520858498181,1.072180698554156,1.0685426848133963
2008-06-16,1.8136082868547387,1.8136082868547387,1.411690016950271,1.0723091900505701,1.0691703214808779
2008-06-17,1.8138198744882053,1.8138198744882053,1.4118547141189155,1.0724342927894095,1.0639910432898703
2008-06-18,1.8140278879579381,1.8140278879579381,1.4120166292031933,1.0725572822777492,1.0536312321364278
2008-06-19,1.814243123806549,1.814243123806549,1.4121841660968963,1.0726845420505273,1.0549652214655405
2008-06-20,1.8144504658778413,1.8144504658778413,1.4123455585730218,1.0728071345696188,1.0378414394609847
2008-06-23,1.8146650318456317,1.8146650318456317,1.412512574039869,1.0729339982704529,1.036816123902765
2008-06-24,1.8148717020298142,1.8148717020298142,1.4126734435274682,1.0730561935313672,1.0347654927863252
2008-06-25,1.8150747948155175,1.8150747948155175,1.4128315284128152,1.0731762736292147,1.0396555043378353
2008-06-26,1.8152678265794104,1.8152678265794104,1.412981781924567,1.0732904050741878,1.0114182118097172
2008-06-27,1.8154587178389516,1.8154587178389516,1.4131303692944917,1.073403270930277,1.0058971338821598
2008-06-30,1.815648188332123,1.815648188332123,1.4132778507576362,1.0735152967478383,1.009446380338855
2008-07-01,1.8158376785993973,1.8158376785993973,1.4134253476126954,1.073627334256983,1.0126011266590917
2008-07-02,1.816025026931316,1.816025026931316,1.4135711772120523,1.0737381053311523,0.9952487253006473
2008-07-03,1.8162080707237134,1.8162080707237134,1.4137136562116603,1.073846331314785,0.9962738735560102
2008-07-07,1.816386087943344,1.816386087943344,1.4138522225898684,1.0739515853004338,0.9860993503165322
2008-07-08,1.8165641226114877,1.8165641226114877,1.4139908025497812,1.074056849602644,1.0036095182689888
2008-07-09,1.816737849577182,1.816737849577182,1.4141260294479614,1.074159566944213,0.9842852017882534
2008-07-10,1.8169137559403952,1.8169137559403952,1.414262952761924,1.0742635728705363,0.9883077480269838
2008-07-11,1.8171004942986446,1.8171004942986446,1.4144083075654021,1.0743739832933035,0.9767917904812633
2008-07-14,1.817278598989951,1.817278598989951,1.4145469420304693,1.0744792889972217,0.9679577813823149
2008-07-15,1.8174509519999342,1.8174509519999342,1.4146810994587014,1.0745811939774081,0.9543121421202918
2008-07-16,1.8176269274095724,1.8176269274095724,1.4148180765175378,1.0746852407279361,0.9777389756053331
2008-07-17,1.817813017785474,1.817813017785474,1.4149629269396575,1.0747952680263917,0.9875191660112103
2008-07-18,1.8180048980484627,1.8180048980484627,1.4151122841375012,1.0749087186380166,0.993671393966243
2008-07-21,1.818196798565479,1.818196798565479,1.415261657100827,1.075022181224984,0.99422382799957
2008-07-22,1.8183944913919896,1.8183944913919896,1.4154155387254481,1.0751390685573872,1.0055026337457023
2008-07-23,1.8185972568094821,1.8185972568094821,1.4155733687914727,1.0752589550963811,1.0109449120276823
2008-07-24,1.8187856115253662,1.8187856115253662,1.4157199817475261,1.0753703212024448,0.9899639626583944
2008-07-25,1.8189804814123154,1.8189804814123154,1.415871666031285,1.0754855394511451,0.9897276473730907
2008-07-28,1.819167432184016,1.819167432184016,1.4160171861747382,1.075596075464922,0.9752147101011447
2008-07-29,1.8193587335211308,1.8193587335211308,1.4161660927439192,1.0757091837823818,0.9960376419221354
2008-07-30,1.8195493330074994,1.8195493330074994,1.4163144530012541,1.0758218771254446,1.013784543417038
2008-07-31,1.8197312879408,1.8197312879408,1.4164560844465544,1.0759294593131572,1.0003757213488895
2008-08-01,1.8199125389540038,1.8199125389540038,1.4165971679692513,1.0760366253029539,0.9950912096609215
2008-08-04,1.8200952523954146,1.8200952523954146,1.4167393898277814,1.076144655964145,0.9858627004255152
2008-08-05,1.8202787064406958,1.8202787064406958,1.4168821881631053,1.0762531245128018,1.0124438619736513
2008-08-06,1.82046362364262,1.82046362364262,1.417026125401268,1.0763624581635458,1.0169394570401318
2008-08-07,1.8206391683491856,1.8206391683491856,1.4171627672062175,1.076466250257726,1.0017957043464238
2008-08-08,1.8208205097901602,1.8208205097901602,1.4173039211167606,1.076573469713605,1.0204101548055344
2008-08-11,1.8210054820324246,1.8210054820324246,1.417447901197636,1.0766828359073535,1.0309795964386128
2008-08-12,1.8211825242320667,1.8211825242320667,1.4175857086324746,1.0767875134052889,1.0202523882115226
2008-08-13,1.8213631971015345,1.8213631971015345,1.4177263421353152,1.0768943375633648,1.0141001602564896
2008-08-14,1.8215402740790305,1.8215402740790305,1.4178641766408007,1.0769990356239612,1.0217511708546345
2008-08-15,1.8217137541051334,1.8217137541051334,1.4179992113242903,1.0771016069606874,1.026720316657436
2008-08-18,1.8218836361417263,1.8218836361417263,1.4181314453777272,1.077202050959749,1.0126802609103833
2008-08-19,1.822051365111403,1.822051365111403,1.4182620035107938,1.0773012219422184,1.001637937752412
2008-08-20,1.8222140482690024,1.8222140482690024,1.4183886340468217,1.0773974095513206,1.0062916340186183
2008-08-21,1.822382530758386,1.822382530758386,1.4185197787102077,1.0774970260578387,1.0080265646441777
2008-08-22,1.8225575373347525,1.8225575373347525,1.4186560016413376,1.077600499978595,1.022618719818843
2008-08-25,1.8227260515832442,1.8227260515832442,1.4187871710256164,1.0777001352629185,1.00187458764343
2008-08-26,1.8228960280205941,1.8228960280205941,1.4189194785594221,1.0778006350771194,1.0047926840726493
2008-08-27,1.8230631268231625,1.8230631268231625,1.41904954617829,1.077899433468668,1.0145735436899541
2008-08-28,1.8232345815696138,1.8232345815696138,1.4191830044094187,1.0780008073439584,1.026877664994306
2008-08-29,1.8234053289351895,1.8234053289351895,1.4193159120241174,1.0781017629751224,1.0158353418363346
2008-09-02,1.8235688565559591,1.8235688565559591,1.4194431998797197,1.0781984498792623,1.0095254309387183
2008-09-03,1.823732398842301,1.823732398842301,1.41957049915082,1.0782951454545293,1.008657631020225
2008-09-04,1.8238916135755332,1.8238916135755332,1.4196944299086822,1.0783892823323071,0.9782904894729477
2008-09-05,1.8240530135080044,1.8240530135080044,1.419820061598313,1.0784847112251483,0.9813668544047495
2008-09-08,1.8242194945370152,1.8242194945370152,1.4199496483499667,1.0785831443535538,1.0016379377524125
2008-09-09,1.824380923484349,1.824380923484349,1.420075302624404,1.0786785904016454,0.971901611626897
2008-09-10,1.82454164275618,1.82454164275618,1.420200404496302,1.078773616848895,0.9758456091743353
2008-09-11,1.8246994800887677,1.8246994800887677,1.4203232631027227,1.078866939328448,0.9899639626583946
2008-09-12,1.8248609515110137,1.8248609515110137,1.4204489504391005,1.0789624104901425,0.9945389429304516
2008-09-15,1.8249898504194935,1.8249898504194935,1.4205492837379807,1.0790386229143756,0.9472139001611874
2008-09-16,1.825126724658275,1.825126724658275,1.4206558249342611,1.0791195508110942,0.9630676861793769
2008-09-17,1.8252455027467052,1.8252455027467052,1.4207482803133442,1.0791897792263057,0.9197653569517
2008-09-18,1.825374428817931,1.825374428817931,1.4208486347553664,1.0792660077107115,0.9470563008700326
2008-09-19,1.8255308894832583,1.8255308894832583,1.4209704217812025,1.079358516225658,0.9846675724675901
2008-09-22,1.8256851903084406,1.8256851903084406,1.4210905276144719,1.0794497477192913,0.9623751360034364
2008-09-23,1.8258380552192164,1.8258380552192164,1.421209515749919,1.079540130218009,0.9404794582643082
2008-09-24,1.8259851366181092,1.8259851366181092,1.421324002072021,1.0796270931729433,0.9434940884419315
2008-09-25,1.8261416496298193,1.8261416496298193,1.4214458298436272,1.0797196326380722,0.9582496985077419
2008-09-26,1.8262945527600065,1.8262945527600065,1.4215648477285865,1.0798100377342972,0.9587255914840584
2008-09-29,1.826417755170312,1.826417755170312,1.4216607469445048,1.0798828820622397,0.8835983272659209
2008-09-30,1.826562708960405,1.826562708960405,1.4217735771625164,1.0799685870528797,0.920170229865283
2008-10-01,1.8266946273782745,1.8266946273782745,1.421876260809756,1.080046584784167,0.9207259263043182
2008-10-02,1.8268120577471771,1.8268120577471771,1.421967667140808,1.0801160163503316,0.887327173339447
2008-10-03,1.8269280458143358,1.8269280458143358,1.4220579508022138,1.0801845951450206,0.8753477032288168
2008-10-06,1.8270317167312211,1.8270317167312211,1.4221386469478345,1.0802458913343482,0.830763499511937
2008-10-07,1.8271382935813636,1.8271382935813636,1.4222216050355732,1.0803089056780093,0.7935566825708201
2008-10-08,1.8272579276363003,1.8272579276363003,1.4223147266882838,1.0803796401896906,0.7735648276912438
2008-10-09,1.8273775695244192,1.8273775695244192,1.4224078544382455,1.0804503793327982,0.7195402256707542
2008-10-10,1.8274950437967457,1.8274950437967457,1.4224992949431736,1.0805198368571838,0.7020867733867706
2008-10-13,1.8276125256209896,1.8276125256209896,1.4225907413264198,1.0805892988466959,0.8040285866383534
2008-10-14,1.8277445198589513,1.8277445198589513,1.4226934839910712,1.0806673414071681,0.7921287526875851
2008-10-15,1.8278634683118309,1.8278634683118309,1.4227860719797119,1.080737670551609,0.7141453777486919
2008-10-16,1.8279802484778618,1.8279802484778618,1.422876972200977,1.080806717680561,0.7438949207998987
2008-10-17,1.8280992122718103,1.8280992122718103,1.422969572130914,1.0808770558955212,0.7394526116933257
2008-10-20,1.8282232618612144,1.8282232618612144,1.4230661307804513,1.080950401124314,0.783878128650481
2008-10-21,1.8283378885577912,1.8283378885577912,1.423155354768016,1.0810181749986703,0.7604755540796834
2008-10-22,1.8284488947867394,1.8284488947867394,1.4232417606288412,1.0810838082450094,0.7190639144372953
2008-10-23,1.8285606333303097,1.8285606333303097,1.4233287365142129,1.0811498744777355,0.727394341937118
2008-10-24,1.8286745555602433,1.8286745555602433,1.4234174121537497,1.0812172318310262,0.6905046475611649
2008-10-27,1.8287899362167253,1.8287899362167253,1.4235072230142787,1.0812854514897015,0.6659908474151537
2008-10-28,1.82890967841493,1.82890967841493,1.423600428844357,1.0813562499418823,0.7438158702000361
2008-10-29,1.8290243481487352,1.8290243481487352,1.423689686331562,1.081424049262315,0.7384208549751171
2008-10-30,1.8291397508754637,1.8291397508754637,1.423779514371295,1.0814922819701853,0.763966411839337
2008-10-31,1.8292529833362323,1.8292529833362323,1.4238676531031371,1.0815592314924025,0.7681704816777523
2008-11-03,1.8293582379721784,1.8293582379721784,1.4239495819958752,1.0816214640672306,0.7703919290110384
2008-11-04,1.8294591430495903,1.8294591430495903,1.424028125246628,1.0816811249337008,0.7965714800513005
2008-11-05,1.8295578757652469,1.8295578757652469,1.4241049775581491,1.081739501375364,0.7630935091837098
2008-11-06,1.8296508056890952,1.8296508056890952,1.4241773130490727,1.0817944468738465,0.7208093851428365
2008-11-07,1.8297473705927285,1.8297473705927285,1.4242524779628167,1.0818515415807648,0.744608969392945
2008-11-10,1.8298395840514847,1.8298395840514847,1.4243242557662696,1.0819060634640112,0.7348511139184577
2008-11-11,1.8299318021575064,1.8299318021575064,1.424396037187096,1.0819605880949874,0.7121624206378492
2008-11-12,1.8300182156037195,1.8300182156037195,1.4244633003332967,1.0820116806783142,0.6808262609436827
2008-11-13,1.8301082641190904,1.8301082641190904,1.4245333929718846,1.082064922522919,0.7232687371385667
2008-11-14,1.8301968645985436,1.8301968645985436,1.4246023584774172,1.082117308205676,0.6871728111669497
2008-11-17,1.8302854693673851,1.8302854693673851,1.4246713273217562,1.0821696964245653,0.678049409951361
2008-11-18,1.8303689942995192,1.8303689942995192,1.4247363420847095,1.0822190811527752,0.690822188383471
2008-11-19,1.8304481650218918,1.8304481650218918,1.4247979675852203,1.0822658914225554,0.6465548562774696
2008-11-20,1.830520801853837,1.830520801853837,1.4248545071871084,1.0823088384817388,0.5985589290522273
2008-11-21,1.8305999791424887,1.8305999791424887,1.4249161377987287,1.0823556526338796,0.630846874699027
2008-11-24,1.8306951412842616,1.8306951412842616,1.4249902108201777,1.0824119179475682,0.6745590122745637
2008-11-25,1.8307786849117411,1.8307786849117411,1.4250552401353542,1.0824613137295382,0.6795571432973146
2008-11-26,1.8308578733548584,1.8308578733548584,1.4251168794294713,1.0825081344768386,0.7058162886717243
2008-11-28,1.8309305264450708,1.8309305264450708,1.4251734316865914,1.0825510911488416,0.714700990536299
2008-12-01,1.8309959168210155,1.8309959168210155,1.4252243307377233,1.0825897536878113,0.6513938822833539
2008-12-02,1.8310613095323307,1.8310613095323307,1.4252752316066784,1.082628417607586,0.6764626678312587
2008-12-03,1.8311245247442074,1.8311245247442074,1.4253244375372933,1.0826657940648605,0.6927262203715938
2008-12-04,1.831184108954933,1.831184108954933,1.4253708171420068,1.0827010236660959,0.6767009070994165
2008-12-05,1.8312516883684775,1.8312516883684775,1.4254234201126392,1.0827409804895882,0.6975650790746214
2008-12-08,1.8313221770247363,1.8313221770247363,1.4254782876014294,1.0827826574241548,0.7219200251580513
2008-12-09,1.8313832210973038,1.8313832210973038,1.4255258035443494,1.0828187501794022,0.7100202748587113
2008-12-10,1.8314457206834207,1.8314457206834207,1.4255744524408198,1.082855703517702,0.714859760947452
2008-12-11,1.831503135053236,1.831503135053236,1.4256191430684957,1.0828896501845982,0.6976444224544837
2008-12-12,1.8315598244359876,1.8315598244359876,1.4256632693753049,1.08292316819758,0.70597438987145
2008-12-15,1.8316143351450485,1.8316143351450485,1.4257056998297506,1.0829553980537765,0.6961374001456715
2008-12-16,1.831661579165598,1.831661579165598,1.4257424739847067,1.082983331427139,0.7289014897230731
2008-12-17,1.8317146392034072,1.8317146392034072,1.4257837752547864,1.0830147035633273,0.7218408909067601
2008-12-18,1.8317640664238302,1.8317640664238302,1.42582224878523,1.083043927769614,0.7083540220558899
2008-12-19,1.8318178563210188,1.8318178563210188,1.425864118168726,1.0830757314405088,0.7053074370326079
2008-12-22,1.8318810976517728,1.8318810976517728,1.4259133444299485,1.083113123340761,0.6962699458340128
2008-12-23,1.831946521976689,1.831946521976689,1.4259642699065354,1.0831518059523089,0.6890724514550803
2008-12-24,1.8320119486381883,1.8320119486381883,1.4260151972018893,1.0831904899453786,0.6930708224309956
2008-12-26,1.8320766506474853,1.8320766506474853,1.4260655604370285,1.0832287454825233,0.6970695698383389
2008-12-29,1.8321333577819099,1.8321333577819099,1.426109700561518,1.083262273991312,0.6950704261760954
2008-12-30,1.8321878855604155,1.8321878855604155,1.4261521443026062,1.0832945139399428,0.7115455750046346
2008-12-31,1.8322431420204561,1.8322431420204561,1.4261951552402916,1.0833271847268713,0.721702280489858
2009-01-02,1.8323071251143044,1.8323071251143044,1.4262449588806334,1.0833650151999887,0.7434558344520901
2009-01-05,1.8323638393824626,1.8323638393824626,1.426289104557932,1.0833985479266497,0.7425759887279033
2009-01-06,1.8324220096630779,1.8324220096630779,1.4263343835771243,1.0834329415313457,0.747534427147866
2009-01-07,1.832481636093551,1.832481636093551,1.426380796045161,1.083468196095316,0.7251409397581735
2009-01-08,1.8325419916395018,1.8325419916395018,1.4264277760475705,1.0835038817541558,0.728100276341607
2009-01-09,1.8325965315797295,1.8325965315797295,1.4264702292551912,1.083536128893494,0.7125052241915398
2009-01-12,1.8326503459223233,1.8326503459223233,1.426512117666685,1.0835679470179138,0.6953900582841119
2009-01-13,1.8327056163295814,1.8327056163295814,1.4265551394607099,1.0836006260512365,0.6966699251390327
2009-01-14,1.8327587066113242,1.8327587066113242,1.4265964642722895,1.0836320160693722,0.6747565132970781
2009-01-15,1.832811798431,1.832811798431,1.4266377902809768,1.0836634069968218,0.6749964255938044
2009-01-16,1.832864891788653,1.832864891788653,1.4266791174868063,1.0836947988336119,0.6802748307274972
2009-01-20,1.8329179866843277,1.8329179866843277,1.4267204458898128,1.0837261915797685,0.6443656147441275
2009-01-21,1.8329747198601058,1.8329747198601058,1.4267646062845665,1.0837597354856983,0.6721972396700926
2009-01-22,1.8330292726791495,1.8330292726791495,1.4268070695168966,1.0837919902397306,0.6618005382367145
2009-01-23,1.833089646262337,1.833089646262337,1.4268540635592657,1.0838276865632188,0.6646796949260014
2009-01-26,1.8331514766670718,1.8331514766670718,1.4269021915733142,1.0838642442431228,0.6692381540409442
2009-01-27,1.8332147640394807,1.8332147640394807,1.4269514536727852,1.0839016633658407,0.6760361710234274
2009-01-28,1.8332795085291629,1.8332795085291629,1.427001849974125,1.0839399440198245,0.6989093993551442
2009-01-29,1.833348620256667,1.833348620256667,1.4270556456787868,1.0839808068351744,0.6761960289031499
2009-01-30,1.8334170070702798,1.8334170070702798,1.4271088771195384,1.084021241039874,0.6624400534070327
2009-02-02,1.8334817587026722,1.8334817587026722,1.4271592789806746,1.0840595259170376,0.6604407424419324
2009-02-03,1.833551605626813,1.833551605626813,1.427213646953207,1.0841008234227867,0.6697179368086827
2009-02-04,1.8336229104114763,1.8336229104114763,1.4272691497061443,1.0841429828992533,0.6664389681172328
2009-02-05,1.8336942179691034,1.8336942179691034,1.4273246546175218,1.084185144015255,0.6763560540857293
2009-02-06,1.8337662559562378,1.8337662559562378,1.427380728086096,1.0842277370030555,0.6956302633608373
2009-02-09,1.8338426628835693,1.8338426628835693,1.4274402022830996,1.084272913158764,0.6965894942906005
2009-02-10,1.8339096126950714,1.8339096126950714,1.4274923151793735,1.0843124977254348,0.6646796949260014
2009-02-11,1.8339772926926825,1.8339772926926825,1.427544996443386,1.0843525140199937,0.6685982624391981
2009-02-12,1.8340420641129402,1.8340420641129402,1.4275954137071492,1.0843908105968776,0.6690782125097933
2009-02-13,1.8341126601765194,1.8341126601765194,1.4276503648004546,1.0844325510368094,0.6618805090022898
2009-02-17,1.8341759807326445,1.8341759807326445,1.4276996527297157,1.0844699897796428,0.6335688921800151
2009-02-18,1.8342465819509506,1.8342465819509506,1.4277546078353962,1.0845117332673448,0.6320492803312249
2009-02-19,1.8343200973893543,1.8343200973893543,1.4278118313335675,1.0845551998090355,0.625251514303027
2009-02-20,1.8343899762502072,1.8343899762502072,1.4278662241652373,1.0845965161975994,0.6191732342107227
2009-02-23,1.8344598577731117,1.8344598577731117,1.427920619069015,1.0846378341601213,0.5970200355491845
2009-02-24,1.8345348376799968,1.8345348376799968,1.4279789824911435,1.0846821665795334,0.6196531424556039
2009-02-25,1.8346141885916267,1.8346141885916267,1.4280407482487196,1.0847290833875323,0.6147746329755024
2009-02-26,1.8346928149139952,1.8346928149139952,1.4281019499950733,1.0847755717768204,0.6047775344157162
2009-02-27,1.834765620184428,1.834765620184428,1.4281586207073746,1.084818618426494,0.5912616803448963
2009-03-02,1.8348304194464105,1.8348304194464105,1.4282090596427883,1.0848569314650018,0.5646297423797054
2009-03-03,1.8348966772115571,1.8348966772115571,1.428260633858831,1.0848961068541936,0.5603908735470648
2009-03-04,1.834967306170958,1.834967306170958,1.428315610557833,1.084937866744021,0.5736670244497294
2009-03-05,1.835032840717607,1.835032840717607,1.4283666218296387,1.0849766145249762,0.5502340425846988
2009-03-06,1.8350991057924109,1.8350991057924109,1.428418201735427,1.0850157942360563,0.5511936499458898
2009-03-09,1.8351690143297743,1.8351690143297743,1.4284726176669216,1.0850571281710748,0.5447157251542795
2009-03-10,1.835242566738682,1.835242566738682,1.428529869942471,1.0851006165718469,0.5771858217864773
2009-03-11,1.835317578637243,1.835317578637243,1.4285882582665204,1.0851449679065717,0.5809448241999511
2009-03-12,1.8353925936017668,1.8353925936017668,1.4286466489770764,1.0851893210540693,0.6038177179259542
2009-03-13,1.835463969980407,1.835463969980407,1.42870220745787,1.0852315228609992,0.6085363695263333
2009-03-16,1.8355368058522314,1.8355368058522314,1.4287589019899118,1.0852745876039698,0.6066971673952407
2009-03-17,1.8356132865524755,1.8356132865524755,1.428818433610828,1.0853198073784533,0.6252515143030273
2009-03-18,1.8356730168260853,1.8356730168260853,1.4288649269090645,1.0853551233404393,0.6392473184444425
2009-03-19,1.8357363912516662,1.8357363912516662,1.4289142567696365,1.0853925939339832,0.6313294597896179
2009-03-20,1.8358012247988174,1.8358012247988174,1.4289647223921969,1.0854309272438483,0.6178858805529582
2009-03-23,1.835868974605923,1.835868974605923,1.429017457995047,1.0854709848137822,0.6622680660701888
2009-03-24,1.8359367269133189,1.8359367269133189,1.4290701955440919,1.0855110438620312,0.6492191124471298
2009-03-25,1.8360066673600584,1.8360066673600584,1.4291246363134458,1.0855523966637022,0.656065814560957
2009-03-26,1.8360722390267499,1.8360722390267499,1.4291756764790284,1.0855911663921545,0.6694373699177417
2009-03-27,1.8361378130352868,1.8361378130352868,1.4292267184674743,1.08562993750524,0.6573547157701478
2009-03-30,1.8361990176290546,1.8361990176290546,1.4292743593580899,1.0856661251698236,0.6346400905467272
2009-03-31,1.836258038311764,1.836258038311764,1.4293203003196406,1.0857010215809897,0.6405202004050897
2009-04-01,1.8363185182392163,1.8363185182392163,1.429367377139056,1.0857367807813036,0.6529243688178397
2009-04-02,1.8363826436477897,1.8363826436477897,1.4294172915554006,1.0857746953990453,0.6720142939961249
2009-04-03,1.8364526010818334,1.8364526010818334,1.4294717455474597,1.0858160582445842,0.6787001762388027
2009-04-06,1.836521103678858,1.836521103678858,1.4295250671125714,1.0858565609070743,0.6733836678794617
2009-04-07,1.8365874224964909,1.8365874224964909,1.4295766888511061,1.085895772393996,0.6576771083753024
2009-04-08,1.8366552013180353,1.8366552013180353,1.4296294470384325,1.0859358471189293,0.6647651448601392
2009-04-09,1.8367251691352282,1.8367251691352282,1.4296839091126052,1.0859772161035814,0.6911847754999845
2009-04-13,1.8367900376035031,1.8367900376035031,1.4297344019173317,1.0860155700608167,0.691346222756847
2009-04-14,1.836852721707961,1.836852721707961,1.429783194440572,1.086052632496938,0.6794247230861161
2009-04-15,1.8369154079516385,1.8369154079516385,1.4298319886289537,1.0860896961978883,0.6866743741306723
2009-04-16,1.836981741008037,1.836981741008037,1.4298836214507653,1.0861289161035843,0.6967427855331918
2009-04-17,1.837053908147862,1.837053908147862,1.4299397954501794,1.0861715854538598,0.7014149269393659
2009-04-20,1.8371217041849484,1.8371217041849484,1.4299925670378684,1.0862116703576086,0.6720142939961248
2009-04-21,1.837191689773679,1.837191689773679,1.430047042945184,1.0862530498498126,0.6851439294219009
2009-04-22,1.8372645942058128,1.8372645942058128,1.4301037908437133,1.0862961551295685,0.6809552096206019
2009-04-23,1.8373353143112248,1.8373353143112248,1.4301588384896309,1.086337968910143,0.6876410918632797
2009-04-24,1.8374074953414299,1.8374074953414299,1.430215023301143,1.086380646473207,0.6980317285680969
2009-04-27,1.8374731170376921,1.8374731170376921,1.4302661024091181,1.0864194457820098,0.6914266536052788
2009-04-28,1.8375423868575804,1.8375423868575804,1.4303200211709153,1.0864604020706405,0.6892519255947688
2009-04-29,1.8376109301053443,1.8376109301053443,1.4303733743780542,1.0865009287681782,0.7039120475550306
2009-04-30,1.8376772882778203,1.8376772882778203,1.4304250267499068,1.0865401635239393,0.7041532146231834
2009-05-01,1.8377443780835827,1.8377443780835827,1.4304772486159627,1.0865798308632426,0.707939110970896
2009-05-04,1.83781292886594,1.83781292886594,1.430530607687935,1.0866203620156638,0.7320231100776535
2009-05-05,1.8378843993687293,1.8378843993687293,1.4305862394337896,1.0866626194741866,0.7295259476362748
2009-05-06,1.8379544140125146,1.8379544140125146,1.4306407379571966,1.0867040161454047,0.7421721196314617
2009-05-07,1.838027348711483,1.838027348711483,1.4306975094150518,1.0867471393206485,0.7318619137750763
2009-05-08,1.8381002863046858,1.8381002863046858,1.4307542831257427,1.0867902642071294,0.7489380981168576
2009-05-11,1.8381673915532333,1.8381673915532333,1.4308065170122695,1.0868299406770925,0.7349228868440476
2009-05-12,1.838233040388646,1.838233040388646,1.43085761724502,1.0868687560321169,0.7327481170078234
2009-05-13,1.838297962111104,1.838297962111104,1.430908151502137,1.0869071414762783,0.7143022241769915
2009-05-14,1.838361427159796,1.838361427159796,1.4309575519026054,1.0869446656514008,0.7204240030120774
2009-05-15,1.8384256239080459,1.8384256239080459,1.4310075218488623,1.086982622449249,0.7145438095022865
2009-05-18,1.8384934705679756,1.8384934705679756,1.4310603328407399,1.087022737284125,0.734842079564188
2009-05-19,1.8385598606099685,1.8385598606099685,1.431112010019426,1.0870619908829715,0.7339560436342978
2009-05-20,1.8386233347003944,1.8386233347003944,1.431161417457867,1.0870995204040854,0.7290428606371137
2009-05-21,1.8386882702070564,1.8386882702070564,1.431211962444436,1.0871379139982584,0.7185712911752941
2009-05-22,1.838755396921683,1.838755396921683,1.4312642130398903,1.087177603160198,0.7170408046408083
2009-05-26,1.8388254447463275,1.8388254447463275,1.4313187373908631,1.0872190194498421,0.7354059738432089
2009-05-27,1.8388954952394605,1.8388954952394605,1.431373263818954,1.0872604373172496,0.7222762965917185
2009-05-28,1.8389662781216187,1.8389662781216187,1.431428360329506,1.0873022882150354,0.7323450007742375
2009-05-29,1.8390334149857406,1.8390334149857406,1.4314806188252005,1.0873419833779385,0.7453132307688652
2009-06-01,1.8391042031767144,1.8391042031767144,1.431535719468068,1.112578089613662,0.7633565092746819
2009-06-02,1.8391742642892162,1.8391742642892162,1.4315902541621428,1.1135169987702143,0.7640007089249921
2009-06-03,1.8392406789154265,1.8392406789154265,1.4316419504768765,1.09942933804806,0.754334953673202
2009-06-04,1.839310745227004,1.839310745227004,1.431696489217847,1.1097607525419035,0.7614234920666094
2009-06-05,1.8394070900755635,1.8394070900755635,1.4317714828434727,1.109994839748835,0.7615841028091876
2009-06-08,1.8395107392052423,1.8395107392052423,1.4318521620302043,1.1054166060470174,0.7584429080203556
2009-06-09,1.8396078244942558,1.8396078244942558,1.4319277320054224,1.1110514021109545,0.762309026087929
2009-06-10,1.83970856492274,1.83970856492274,1.4320061470955086,1.1082340650391962,0.7603760088798566
2009-06-11,1.839807120738718,1.839807120738718,1.4320828617105315,1.113164648755614,0.7637589562968402
2009-06-12,1.8399020314235184,1.8399020314235184,1.4321567390010166,1.1162171703180863,0.7658533371103468
2009-06-15,1.8399940265250898,1.8399940265250898,1.4322283468379668,1.090624367216083,0.7482937311636904
2009-06-16,1.840083835757337,1.840083835757337,1.4322982532215627,1.0758324941464092,0.7381448052613107
2009-06-17,1.8401707286051368,1.8401707286051368,1.432365889527965,1.0747758098638696,0.7374197983311408
2009-06-18,1.8402641975945262,1.8402641975945262,1.4324386446207664,1.0826411400167724,0.7428163192817715
2009-06-19,1.8403554805408353,1.8403554805408353,1.4325096981249639,1.086632448815377,0.7455548160941599
2009-06-22,1.8404409256167176,1.8404409256167176,1.4325762075038053,1.0540472657696531,0.7231976334244044
2009-06-23,1.8405241836585906,1.8405241836585906,1.4326410145227162,1.0530409015944777,0.7237646228062771
2009-06-24,1.840611097300597,1.840611097300597,1.4327086670150688,1.053090628525942,0.7300017569611627
2009-06-25,1.8406929022382548,1.8406929022382548,1.4327723429558252,1.074941662634557,0.745878881727883
2009-06-26,1.8407732499443048,1.8407732499443048,1.4328348846057162,1.0721389695438484,0.7439341533198308
2009-06-29,1.8408543316231711,1.8408543316231711,1.4328979975708713,1.082178657913086,0.7509004769763076
2009-06-30,1.8409354168734924,1.8409354168734924,1.4329611133160023,1.0734232559123669,0.7448252919868551
2009-07-01,1.8410121225158622,1.8410121225158622,1.4330208200290573,1.0778592458885246,0.7479033299472253
2009-07-02,1.7889243361851852,1.7889243361851852,1.39247633834521,1.0484412157224179,0.7274907920340936
2009-07-06,1.7887250112599795,1.7887250112599795,1.3923211863153686,1.0483243966582019,0.7274097337999487
2009-07-07,1.754065718563681,1.754065718563681,1.3653428261873521,1.028011502347604,0.7133150536701338
2009-07-08,1.752871003222509,1.752871003222509,1.364026787407666,1.0270206134828412,0.7128292061738345
2009-07-09,1.756256647127528,1.756256647127528,1.3640776677719582,1.0270589229819156,0.7142060250343012
2009-07-10,1.752074320626717,1.752074320626717,1.3594651934712578,1.0235860394361445,0.7125052241915398
2009-07-13,1.794699616474226,1.794699616474226,1.3925389080870711,1.0484883265381773,0.7298393895385876
2009-07-14,1.8048598394161184,1.8048598394161184,1.400422403258937,1.0544240692395257,0.7339711845428427
2009-07-15,1.8576447411004877,1.8576447411004877,1.4413791342239992,1.0852617385216161,0.7554368939398602
2009-07-16,1.8546565128358172,1.8546565128358172,1.439060515505523,1.0835159742590184,0.754221689639113
2009-07-17,1.8749734617910898,1.8749734617910898,1.4548247925210924,1.0953854167077353,0.7624838575733399
2009-07-20,1.894892378000982,1.894892378000982,1.4702802289487737,1.1070223229240486,0.7705841599935621
2009-07-21,1.9036585606764966,1.9036585606764966,1.4770820638291058,1.1121436480300486,0.7741490492673729
2009-07-22,1.903259088019376,1.903259088019376,1.4767721059884449,1.1119102705813004,0.7739865981933692
2009-07-23,1.945287231897976,1.945287231897976,1.5093824799186564,1.136463693247846,0.7910779234436958
2009-07-24,1.953255497767635,1.953255497767635,1.5155651971553612,1.1411188643251673,0.7943183288266412
2009-07-27,1.9590320122667388,1.9590320122667388,1.5200472960644442,1.1444935839522252,0.7966674282397057
2009-07-28,1.9498694424592617,1.9498694424592617,1.5129378974565357,1.1391406840039298,0.7929413426633176
2009-07-29,1.9450887297794788,1.9450887297794788,1.5092284586435596,1.1363477255660532,0.7909971998152644
2009-07-30,1.9654067072431372,1.9654067072431372,1.5249935336968239,1.1482177688835877,0.7992597860066335
2009-07-31,1.9681947877758927,1.9681947877758927,1.5271568542798917,1.1498466040742843,0.800393597467522
2009-08-03,2.000661917698281,2.000661917698281,1.5523486697992288,1.1688143502126038,0.813596804324599
2009-08-04,2.0058412802284757,2.0058412802284757,1.5563674280227102,1.1718402054041746,0.8157030636409422
2009-08-05,2.0000657942377584,2.0000657942377584,1.551886127151322,1.1684660866459344,0.81335438248502
2009-08-06,1.9897078919840778,1.9897078919840778,1.5438492491345155,1.1624148569578472,0.8091421984580474
2009-08-07,2.015801149736777,2.015801149736777,1.564095465451629,1.1776588988598584,0.8197533821539104
2009-08-10,2.011617589025903,2.011617589025903,1.5608493673242547,1.175214804857469,0.8180520794025784
2009-08-11,1.9865207501975564,1.9865207501975564,1.5413762899258652,1.1605528846659299,0.807846103226012
2009-08-12,2.007834118077181,2.007834118077181,1.5579137058601582,1.1730044488251186,0.8165134786795354
2009-08-13,2.023171852234173,2.023171852234173,1.5698145227876545,1.181964965154166,0.8227507801372778
2009-08-14,2.0076345874502977,2.0076345874502977,1.5577588865473666,1.172887880274508,0.816432336793962
2009-08-17,1.95823512396927,1.95823512396927,1.5194289764585127,1.1440280307923647,0.7963433626059827
2009-08-18,1.9737719773497908,1.9737719773497908,1.5314842934837227,1.1531048753244955,0.8026616386464417
2009-08-19,1.9911019322504557,1.9911019322504557,1.5449309094260495,1.1632292745531958,0.8097091041884917
2009-08-20,2.011617589025902,2.011617589025902,1.5608493673242543,1.175214804857469,0.8180520794025783
2009-08-21,2.0510573887003063,2.0510573887003063,1.5914513995917285,1.1982560810576923,0.834090818729018
2009-08-24,2.050859709388518,2.050859709388518,1.5912980167467876,1.1981405940709533,0.8340104297063005
2009-08-25,2.0548429166658004,2.0548429166658004,1.5943886571312147,1.200467638827678,0.8356302559663452
2009-08-26,2.055041830187652,2.055041830187652,1.5945429976213892,1.200583846856998,0.8357111468976334
2009-08-27,2.059622806538875,2.059622806538875,1.598097457514035,1.2032601165705006,0.8375740642086847
2009-08-28,2.0592247737934946,2.0592247737934946,1.5977886169261468,1.203027580338097,0.8374121986946801
2009-08-31,2.0408986056701544,2.0408986056701544,1.5835690216726352,1.1923211795726885,0.8299596092847619
2009-09-01,1.9958820278252067,1.9958820278252067,1.5486398694164085,1.1660218724697817,0.8116529960822596
2009-09-02,1.9883124118059592,1.9883124118059592,1.5427664715902087,1.1615995981461547,0.808574707167604
2009-09-03,2.004846095514187,2.004846095514187,1.5555952467492205,1.1712588047362844,0.8152983580302164
2009-09-04,2.032931368308881,2.032931368308881,1.5773871024736255,1.187666609364185,0.8267196221589587
2009-09-08,2.0504598253280433,2.0504598253280433,1.5909877396910488,1.1979069762746781,0.83384781132944
2009-09-09,2.0661962093354473,2.0661962093354473,1.6031978760290504,1.2071003893574197,0.8402472292554723
2009-09-10,2.0873108693948974,2.0873108693948974,1.6195811110807077,1.2194358656610518,0.848833797429136
2009-09-11,2.086911808141131,2.086911808141131,1.6192714724551247,1.2192027285598306,0.8486715136579892
2009-09-14,2.097070591171283,2.097070591171283,1.6271538503742178,1.2251376300448342,0.8528027231022453
2009-09-15,2.105834099724994,2.105834099724994,1.633953610356543,1.2302573928919085,0.8563665249074864
2009-09-16,2.1377053118885363,2.1377053118885363,1.658683042835512,1.2488769956373218,0.8693273935764126
2009-09-17,2.1345191986104,2.1345191986104,1.656210881664556,1.2470156242142216,0.8680317166015193
2009-09-18,2.1358795038017173,2.1358795038017173,1.6572663663197003,1.2478103333123531,0.8685849034977018
2009-09-21,2.130475309338344,2.130475309338344,1.6530731570561354,1.2446531281972595,0.8663872131700888
2009-09-22,2.1428838516120217,2.1428838516120217,1.6627011626288373,1.2519023701338383,0.8714333182870422
2009-09-23,2.125071526278325,2.125071526278325,1.6488802670076486,1.2414961634296928,0.8641896901453326
2009-09-24,2.101655475854372,2.101655475854372,1.6307113428101034,1.227816183059843,0.8546672297904367
2009-09-25,2.090447819972182,2.090447819972182,1.6220151260498517,1.221268515554671,0.8501094817126355
2009-09-28,2.127874417331839,2.127874417331839,1.6510550793335215,1.2431336511313624,0.865329524509068
2009-09-29,2.1214692785072153,2.1214692785072153,1.6460852197853757,1.2393916804829996,0.862724786330733
2009-09-30,2.1132636329020684,2.1132636329020684,1.6397183154487105,1.2345978288825807,0.8593878471993837
2009-10-01,2.060827395560551,2.060827395560551,1.599032119262186,1.20396385412965,0.8380639269735485
2009-10-02,2.0512207158320015,2.0512207158320015,1.5915781279776622,1.1983514990259234,0.8341572379631883
2009-10-05,2.081841878903205,2.081841878903205,1.6153376254423695,1.2162408058104497,0.8466097569015685
2009-10-06,2.1116626567484276,2.1116626567484276,1.6384760899729822,1.233662516481135,0.8587367881319424
2009-10-07,2.1174671466756303,2.1174671466756303,1.642979895507364,1.237053579740031,0.8610972641392729
2009-10-08,2.133678495855687,2.133678495855687,1.6555585656528247,1.246524474042731,0.8676898332135413
2009-10-09,2.146686864220077,2.146686864220077,1.6656519868091348,1.2541241426737226,0.8729798658957855
2009-10-12,2.1550922461537847,2.1550922461537847,1.6721738700661306,1.2590346829985157,0.8763980305641367
2009-10-13,2.150688996051662,2.150688996051662,1.6687573110871465,1.2564622434166912,0.8746073880872456
2009-10-14,2.1877157093508446,2.1877157093508446,1.6974869873150775,1.2780937611971075,0.8896648125068176
2009-10-15,2.1957214129257543,2.1957214129257543,1.7036987531238732,1.2827708038993886,0.8929204424497367
2009-10-16,2.179309093207074,2.179309093207074,1.6909641464128482,1.2731824998297334,0.8862461459298958
2009-10-19,2.1973217719743627,2.1973217719743627,1.7049404997769844,1.2837057557795435,0.8935712505628924
2009-10-20,2.185714232031698,2.185714232031698,1.695934005960994,1.2769244704780962,0.8888508841082307
2009-10-21,2.1661001657074146,2.1661001657074146,1.6807151079060518,1.2654656617793136,0.880874553104936
2009-10-22,2.1881155934113194,2.1881155934113194,1.6977972643708161,1.2783273789933824,0.8898274308836779
2009-10-23,2.1630979497286944,2.1630979497286944,1.6783856358749263,1.2637117257007968,0.8796536605070556
2009-10-26,2.1396821050064183,2.1396821050064183,1.6602168712849201,1.2500318655047107,0.8701312838035882
2009-10-27,2.129875688949308,2.129875688949308,1.6526079010800658,1.2443028216766099,0.8661433692562261
2009-10-28,2.0896472290445227,2.0896472290445227,1.621393933508218,1.2208007992670662,0.8497839103532004
2009-10-29,2.1344782639766366,2.1344782639766366,1.6561791197643025,1.2469917096352816,0.8680150699672623
2009-10-30,2.072635700340162,2.072635700340162,1.6081943900362017,1.2108624290242889,0.8428659372223541
2009-11-02,2.087846516562322,2.087846516562322,1.6199967291121595,1.2197487981412467,0.8490516257487576
2009-11-03,2.0944507746104746,2.0944507746104746,1.6251210887580188,1.223607096992693,0.851737338509809
2009-11-04,2.099855174775525,2.099855174775525,1.6293144576291225,1.2267644222815504,0.8539351124888505
2009-11-05,2.13848121861493,2.13848121861493,1.6592850824724699,1.249330291073304,0.8696429267644361
2009-11-06,2.1440845323018314,2.1440845323018314,1.6636327918337481,1.252603824391481,0.8719215916747656
2009-11-09,2.1929187275739164,2.1929187275739164,1.701524100405539,1.2811334363714824,0.8917806917374297
2009-11-10,2.193320257247809,2.193320257247809,1.7018356543215896,1.2813680155578657,0.8919439793257177
2009-11-11,2.204527501726645,2.204527501726645,1.7105315518667634,1.2879154427155108,0.8965015601006621
2009-11-12,2.182110955752202,2.182110955752202,1.6931381607010263,1.2748193866625857,0.887385562036489
2009-11-13,2.1939198776368447,2.1939198776368447,1.7023009102976587,1.281718322078515,0.89218782323958
2009-11-16,2.2257415156961824,2.2257415156961824,1.7269918773597386,1.3003089629469213,0.9051285319142557
2009-11-17,2.2283430248077187,2.2283430248077187,1.7290104339049692,1.3018288005341088,0.9061864715295617
2009-11-18,2.2269426077893475,2.2269426077893475,1.7279238257797276,1.3010106575520914,0.9056169726048361
2009-11-19,2.1979220094684293,2.1979220094684293,1.7054062345756704,1.2840564228214835,0.89381534543104
2009-11-20,2.1901168650287888,2.1901168650287888,1.699350086117361,1.2794965495386303,0.8906412756308365
2009-11-23,2.2179355484498333,2.2179355484498333,1.7209350904712735,1.2957486089690142,0.9019541275083384
2009-11-24,2.221339088400769,2.221339088400769,1.7235759568109106,1.2977370040601508,0.9033382240430783
2009-11-25,2.229144849945441,2.229144849945441,1.729632584091837,1.3022972378642943,0.9065125447975672
2009-11-27,2.1929187275739173,2.1929187275739173,1.7015241004055395,1.2811334363714826,0.8917806917374299
2009-11-30,2.2003237822514055,2.2003237822514055,1.7072698122005712,1.285459571684297,0.8947920595093445
2009-12-01,2.227543462388446,2.227543462388446,1.728390039401031,1.3013616851153218,0.9058613184272691
2009-12-02,2.226542518027195,2.226542518027195,1.72761338911645,1.3007769195820527,0.9054542705765473
2009-12-03,2.209130693859005,2.209130693859005,1.714103249373617,1.290604691195473,0.8983735117659836
2009-12-04,2.2217387667595663,2.2217387667595663,1.7238860742591104,1.2979705016826624,0.9035007587685104
2009-12-07,2.218336461018694,2.218336461018694,1.721246165564707,1.2959828276341068,0.9021171641423411
2009-12-08,2.193719318501576,2.193719318501576,1.702145292947173,1.281601152659087,0.8921062630968647
2009-12-09,2.201924758405046,2.201924758405046,1.7085120376762992,1.2863948840857422,0.8954431185767856
2009-12-10,2.214334534888787,2.214334534888787,1.7181410008942348,1.293644847064902,0.9004897256023096
2009-12-11,2.223740038377036,2.223740038377036,1.7254388960056553,1.2991396722279098,0.9043146035156688
2009-12-14,2.2389510603008738,2.2389510603008738,1.7372413946891523,1.3080261615186315,0.9105003756935007
2009-12-15,2.228543172539634,2.228543172539634,1.7291657320403782,1.3019457296060097,0.9062678643694205
2009-12-16,2.2319454782805064,2.2319454782805064,1.7318056407347815,1.3039334036545653,0.9076514589955899
2009-12-17,2.2051279449223897,2.2051279449223897,1.7109974462729889,1.2882662299312142,0.8967457386202383
2009-12-18,2.2176027231361255,2.2176027231361255,1.720676845473236,1.2955541678196452,0.9018187794971448
2009-12-21,2.240138370381667,2.240138370381667,1.7381626494040312,1.3087198044816464,0.9109832117383767
2009-12-22,2.24818788841382,2.24818788841382,1.7444084116186256,1.3134224441955564,0.9142566594355506
2009-12-23,2.252614177103789,2.252614177103789,1.747842846641973,1.3160083432388947,0.9160566708724254
2009-12-24,2.263279397663205,2.263279397663205,1.7561181783219866,1.3222391125296749,0.9203938301334668
2009-12-28,2.268108861640484,2.268108861640484,1.7598654441216963,1.3250605521495047,0.9223577983700569
2009-12-29,2.2648879847789014,2.2648879847789014,1.757366309276656,1.3231788713603703,0.9210479843037596
2009-12-30,2.2640838969227306,2.2640838969227306,1.7567424034068604,1.3227091121187862,0.9207209908700416
2009-12-31,2.2423523375333603,2.2423523375333603,1.739880505345861,1.3100132346983695,0.9118835520625277
2010-01-04,2.2803814351055336,2.2803814351055336,1.7693879491111455,1.3322303592283995,0.9273486098928205
2010-01-05,2.286418573629648,2.286418573629648,1.774072270772091,1.335757339013832,0.9298036956657009
2010-01-06,2.2880290120604396,2.2880290120604396,1.7753218381946112,1.3366981794083992,0.9304586026988496
2010-01-07,2.297685882998226,2.297685882998226,1.7828147737186413,1.3423398569104237,0.9343857026577458
2010-01-08,2.305333048549778,2.305333048549778,1.7887483435870293,1.3468074367428966,0.9374955281609181
2010-01-11,2.3085535140080062,2.3085535140080062,1.7912471592169916,1.3486888771845038,0.9388051749243586
2010-01-12,2.287022513753905,2.287022513753905,1.7745408785064785,1.336110169183515,0.9300492962595602
2010-01-13,2.30633975255799,2.30633975255799,1.7895294628827008,1.3473955671415438,0.9379049182516358
2010-01-14,2.3125762160073107,2.3125762160073107,1.794368444248899,1.3510389953038235,0.9404410622586612
2010-01-15,2.286619338466595,2.286619338466595,1.7742280477301162,1.3358746286070236,0.9298853394598449
2010-01-19,2.3151927413412827,2.3151927413412827,1.796398652144474,1.3525676055757478,0.9415051084282424
2010-01-20,2.291650390087529,2.291650390087529,1.7781317289180072,1.3388138385150992,0.9319312860962927
2010-01-21,2.2475843596929184,2.2475843596929184,1.743940123099316,1.3130698543734,0.9140112261445479
2010-01-22,2.19748139647587,2.19748139647587,1.705064355227218,1.2837990106200319,0.893636164071351
2010-01-25,2.2087485001427707,2.2087485001427707,1.713806698566229,1.29038140834286,0.8982180874119674
2010-01-26,2.1994935702822316,2.1994935702822316,1.7066256361733274,1.2849745503747458,0.894454442344216
2010-01-27,2.2099563803912834,2.2099563803912834,1.7147439140350036,1.2910870686822262,0.8987092885996859
2010-01-28,2.184603648676501,2.184603648676501,1.6950722848581472,1.276275652328873,0.8883992500461573
2010-01-29,2.160860326884124,2.160860326884124,1.6766494250661164,1.2624044755012693,0.8787437002686352
2010-02-01,2.1944631357663287,2.1944631357663287,1.7027224338080533,1.282035700987961,0.8924087466620533
2010-02-02,2.2210239534313008,2.2210239534313008,1.7233314380612235,1.2975528978544442,0.9032100700547289
2010-02-03,2.2099563803912834,2.2099563803912834,1.7147439140350038,1.2910870686822267,0.8987092885996859
2010-02-04,2.141744470022017,2.141744470022017,1.6618170964705363,1.2512367276577228,0.8709699730249889
2010-02-05,2.1461711701153403,2.1461711701153403,1.6652518507089618,1.253822867048588,0.8727701517647205
2010-02-08,2.130677719788708,2.130677719788708,1.6532302108744723,1.244771379180559,0.8664695261756594
2010-02-09,2.1574388908872724,2.1574388908872724,1.6739946728705897,1.2604056252927067,0.8773523260596222
2010-02-10,2.1532133670342497,2.1532133670342497,1.6707160148052673,1.25793701584256,0.8756339584168914
2010-02-11,2.175750042788177,2.175750042788177,1.6882026167737572,1.2711032533733786,0.8847988089152653
2010-02-12,2.173938839520439,2.173938839520439,1.6867972723932119,1.2700451233856198,0.8840622580879727
2010-02-16,2.208146205631931,2.208146205631931,1.7133393676921531,1.2900295395632853,0.8979731560295353
2010-02-17,2.218609632846015,2.218609632846015,1.7214581243764464,1.2961424183920562,0.9022282532392906
2010-02-18,2.231688762587362,2.231688762587362,1.7316064505261588,1.3037834267976973,0.9075470620129134
2010-02-19,2.2363158161142773,2.2363158161142773,1.7351966625075317,1.3064866154342274,0.9094287172439323
2010-02-22,2.2367179628932017,2.2367179628932017,1.735508695246199,1.3067215551419014,0.9095922557865055
2010-02-23,2.209554027910682,2.209554027910682,1.7144317216887972,1.290852008800789,0.8985456664056842
2010-02-24,2.2298763251095615,2.2298763251095615,1.7302001485003795,1.3027245757673573,0.9068100092770501
2010-02-25,2.2268586815050515,2.2268586815050515,1.7278587059038322,1.3009616266565769,0.9055828428220379
2010-02-26,2.2282671208888334,2.2282671208888334,1.7289515387230934,1.3017844564153713,0.9061556041524721
2010-03-01,2.2514069139603086,2.2514069139603086,1.746906109995815,1.315303043420819,0.9155657206389918
2010-03-02,2.2576450230230467,2.2576450230230467,1.7517463682223249,1.318947432973207,0.9181025338574446
2010-03-03,2.2596569911277307,2.2596569911277307,1.7533074895608955,1.3201228525541575,0.9189207284788812
2010-03-04,2.2664982175080164,2.2664982175080164,1.758615717091637,1.3241195915811743,0.9217028076854796
2010-03-05,2.2988939689484167,2.2988939689484167,1.783752148794955,1.343045637423554,0.9348769874968927
2010-03-08,2.2992971442357266,2.2992971442357266,1.7840649795713173,1.3432811780000455,0.9350409442966081
2010-03-09,2.303119287099762,2.303119287099762,1.7870306472527384,1.345514126699937,0.9365952714881952
2010-03-10,2.3133809209685134,2.3133809209685134,1.794992828941312,1.351509115066699,0.9407683066466644
2010-03-11,2.3230396432213944,2.3230396432213944,1.8024872009331927,1.3571518741325952,0.9446961594684165
2010-03-12,2.323241642268404,2.323241642268404,1.8026439355364519,1.357269884768368,0.944778305171131
2010-03-15,2.3238449652876287,2.3238449652876287,1.8031120644482224,1.3576223544167605,0.945023654810705
2010-03-16,2.3423556478154164,2.3423556478154164,1.8174748276641812,1.368436551048043,0.9525512795519214
2010-03-17,2.3562400996229975,2.3562400996229975,1.828248017328923,1.3765480397378493,0.9581975836678327
2010-03-18,2.3550328364795163,2.3550328364795163,1.8273112806827652,1.3758427399197737,0.9577066334343993
2010-03-19,2.3431130413908634,2.3431130413908634,1.8180625026226331,1.3688790308453092,0.9528592841113867
2010-03-22,2.355639450725576,2.355639450725576,1.827781963315159,1.3761971323483826,0.9579533214968282
2010-03-23,2.3722070752105413,2.3722070752105413,1.840637073718099,1.3858761676094922,0.9646907748451308
2010-03-24,2.360689838304167,2.360689838304167,1.8317006476117121,1.3791476385902284,0.9600071313675481
2010-03-25,2.3568522678143413,2.3568522678143413,1.8287230093648688,1.3769056768580727,0.958446530318829
2010-03-26,2.3554372459768893,2.3554372459768893,1.827625069104361,1.3760790015388458,0.9578710921426852
2010-03-29,2.370388672384102,2.370388672384102,1.8392261430736898,1.3848138315400098,0.9639512962178431
2010-03-30,2.372005487566886,2.372005487566886,1.8404806583299176,1.385758397321246,0.964608796445273
2010-03-31,2.363923674371413,2.363923674371413,1.8342098377317066,1.3810368903264638,0.9613222154738362
2010-04-01,2.380086683657328,2.380086683657328,1.8467510001055119,1.3904795437947377,0.9678951264624246
2010-04-05,2.3994833233088118,2.3994833233088118,1.8618011929917728,1.4018113288254839,0.9757830379058727
2010-04-06,2.4051405308351397,2.4051405308351397,1.8661907195282588,1.4051163476697024,0.97808361949045
2010-04-07,2.39140212721837,2.39140212721837,1.8555308512161788,1.3970901823519923,0.9724967078887213
2010-04-08,2.399685322355821,2.399685322355821,1.861957927595032,1.4019293394612566,0.9758651836085874
2010-04-09,2.4154449506527484,2.4154449506527484,1.874186099584936,1.4111363321792756,0.982274054146032
2010-04-12,2.4192829325459284,2.4192829325459284,1.8771640570468573,1.4133785342589582,0.983834822497608
2010-04-13,2.421101541074045,2.421101541074045,1.8785751472988053,1.4144409905022035,0.984574384776324
2010-04-14,2.448579993921002,2.448579993921002,1.8998961607832772,1.4304942825277316,0.9957488771912087
2010-04-15,2.4505997786894196,2.4505997786894196,1.9014633472083284,1.4316742687116957,0.9965702505669256
2010-04-16,2.411606557356214,2.411606557356214,1.8712078229079367,1.4088938897520658,0.980713118491599
2010-04-19,2.4206977486817025,2.4206977486817025,1.8782618376998257,1.414205089404421,0.984410177022323
2010-04-20,2.4423167892536446,2.4423167892536446,1.8950364304370135,1.4268352317761943,0.9932018584984876
2010-04-21,2.437871370307696,2.437871370307696,1.8915871519125427,1.424238156572849,0.9913940674787691
2010-04-22,2.445145187315131,2.445145187315131,1.8972310340977174,1.42848762102454,0.9943520656393477
2010-04-23,2.4611068146590687,2.4611068146590687,1.9096159406908808,1.4378126243783318,1.0008430818795069
2010-04-26,2.451812595778184,2.451812595778184,1.9024043932580375,1.4323828132213858,0.9970634593889259
2010-04-27,2.3938252929757735,2.3938252929757735,1.8574110280251304,1.398505829286211,0.9734821217155815
2010-04-28,2.412009938345201,2.412009938345201,1.8715208132918375,1.4091295505023205,0.9808771589427425
2010-04-29,2.441912174054594,2.441912174054594,1.8947224824078785,1.4265988499833582,0.9930373161387732
2010-04-30,2.4004929071405035,2.4004929071405035,1.8625845467929893,1.40240114165682,0.9761935991165882
2010-05-03,2.4316075485353075,2.4316075485353075,1.8867269427436621,1.4205787453000212,0.9888467978317628
2010-05-04,2.374429887534353,2.374429887534353,1.8423617927841032,1.3871747652980457,0.965594712180704
2010-05-05,2.360286251613501,2.360286251613501,1.8313874976202713,1.3789118576662092,0.9598430072649757
2010-05-06,2.2818933424329453,2.2818933424329453,1.770561064522503,1.333113636390242,0.9279634478917528
2010-05-07,2.2479494801699453,2.2479494801699453,1.74422342648097,1.3132831628036408,0.9141597074300042
2010-05-10,2.3469520517924276,2.3469520517924276,1.8210412581222482,1.3711218337938083,0.9544204707201046
2010-05-11,2.340284849031052,2.340284849031052,1.815868058569467,1.367226761770726,0.9517091606219548
2010-05-12,2.3730152771002553,2.3730152771002553,1.8412641717386735,1.3863483303263462,0.9650194413074173
2010-05-13,2.343517450888235,2.343517450888235,1.8183762910442283,1.369115292464381,0.9530237428196725
2010-05-14,2.3010875716340653,2.3010875716340653,1.7854542035904273,1.3443271704376885,0.9357690463296297
2010-05-17,2.3022989488110905,2.3022989488110905,1.7863941323873644,1.3450348737310345,0.9362616695916315
2010-05-18,2.2709833368776624,2.2709833368776624,1.762095799871127,1.326739860320878,0.9235267434308844
2010-05-19,2.258052106642222,2.258052106642222,1.7520622315419272,1.3191852568512048,0.9182680800343
2010-05-20,2.1727887614432184,2.1727887614432184,1.685904906642885,1.2693732318738016,0.8835945629516422
2010-05-21,2.204510428487437,2.204510428487437,1.6842698464873949,1.2681421413266987,0.8964946170321025
2010-05-24,2.1762235680490876,2.1762235680490876,1.6843213102882597,1.2681808901143503,0.8849913745035027
2010-05-25,2.178446586074578,2.178446586074578,1.684375449187519,1.2682216530715325,0.8858953954905047
2010-05-26,2.1653133567921277,2.1653133567921277,1.6844302582299129,1.2682629206015132,0.8805545863912058
2010-05-27,2.2378476765043773,2.2378476765043773,1.6844884111793041,1.2683067058690103,0.9100516694314223
2010-05-28,2.2097630208147145,2.2097630208147145,1.6616638436028193,1.251121338535109,0.8986306562569655
2010-06-01,2.1725865566945313,2.1725865566945313,1.6600536122115186,1.2499089423808618,0.8835123335974993
2010-06-02,2.2291594547645213,2.2291594547645213,1.6601076298290587,1.2499496140210502,0.9065184840489853
2010-06-03,2.2368370641642983,2.2368370641642983,1.6601616492043147,1.2499902869846808,0.9096406899635646
2010-06-04,2.1582413331300243,2.1582413331300243,1.600168397253324,1.2048193951867014,0.8776786502819134
2010-06-07,2.131370111634159,2.131370111634159,1.5986152179280537,1.203649955408675,0.8667510968837426
2010-06-08,2.1542009407864806,2.1542009407864806,1.5986621613908023,1.2036853006851433,0.8760355689247661
2010-06-09,2.142683909581783,2.142683909581783,1.5987091062320493,1.2037206469995285,0.8713520090986118
2010-06-10,2.2053173961670884,2.2053173961670884,1.598759224493713,1.2037583826864782,0.8968227815858187
2010-06-11,2.216027459692134,2.216027459692134,1.5988068066134897,1.20379420882882,0.9011781768582571
2010-06-14,2.2125918302795555,2.2125918302795555,1.5988556590436918,1.2038309914296454,0.8997810307006827
2010-06-15,2.2629011122788345,2.2629011122788345,1.59890578189967,1.2038687305758053,0.920239995156591
2010-06-16,2.2620931160907967,2.2620931160907967,1.5967359674864579,1.202235005966895,0.9199114123457329
2010-06-17,2.265729921743676,2.265729921743676,1.599303067112642,1.2041678596742373,0.9213903696003082
2010-06-18,2.2681866168744644,2.2681866168744644,1.6010371661418004,1.2054735198454358,0.9223894186100023
2010-06-21,2.261690146505164,2.261690146505164,1.596451524716792,1.2020208396539604,0.9197475391974462
2010-06-22,2.2243365732409126,2.2243365732409126,1.57008488511168,1.1821685298366533,0.904557192658105
2010-06-23,2.2174338420591444,2.2174338420591444,1.5685559214973688,1.1810173228635505,0.9017501016744071
2010-06-24,2.1806905856711425,2.1806905856711425,1.56859762516671,1.1810487229272932,0.8868079489232064
2010-06-25,2.189826002857229,2.189826002857229,1.5686380850260893,1.1810791864856227,0.8905229925110422
2010-06-28,2.182923271675461,2.182923271675461,1.5686766785027844,1.181108244783068,0.8877159015273443
2010-06-29,2.1155263513512574,2.1155263513512574,1.568714650438256,1.181136835101692,0.8603080129120719
2010-06-30,2.095428680383879,2.095428680383879,1.56875262329289,1.181165426112383,0.8521350174005474
2010-07-01,2.086089618537365,2.086089618537365,1.5687918421084721,1.1811949552480356,0.8483371588985696
2010-07-02,2.0747211039436055,2.0747211039436055,1.5688310619045247,1.1812244851219167,0.843713995403739
2010-07-06,2.0883227159450377,2.0883227159450377,1.5688696601290637,1.1812535469941696,0.8492452788055643
2010-07-07,2.1540970614394954,2.1540970614394954,1.5689088818705668,1.1812830783328445,0.8759933249534109
2010-07-08,2.175412897739246,2.175412897739246,1.5689481045926135,1.1813126104098028,0.8846617042240754
2010-07-09,2.1916524280490792,2.1916524280490792,1.5689873282952282,1.181342143225063,0.8912657335440383
2010-07-12,2.19307341523517,2.19307341523517,1.569027798206474,1.1813726143517733,0.8918435976116064
2010-07-13,2.226162998432762,2.226162998432762,1.5690695144217437,1.181404023861758,0.905299933691101
2010-07-14,2.2259618221924615,2.2259618221924615,1.5691081185129716,1.181433090151234,0.9052181225941002
2010-07-15,2.226570082051939,2.226570082051939,1.5691461008920309,1.181461688333178,0.9054654798679564
2010-07-16,2.165261519969473,2.165261519969473,1.569184084190505,1.1814902872073798,0.8805335062312426
2010-07-19,2.178052050257709,2.178052050257709,1.569222068408416,1.181518886773856,0.8857349520507833
2010-07-20,2.1759267208959696,2.1759267208959696,1.5692600535457863,1.1815474870326232,0.8955587248508703
2010-07-21,2.1759768017490697,2.1759768017490697,1.5692961714359077,1.1815746813795471,0.8839183776310799
2010-07-22,2.1760286107205395,2.1760286107205395,1.5693335356304656,1.181602814110056,0.9036490727511097
2010-07-23,2.1760804209255564,2.1760804209255564,1.5693709007146472,1.1816309475103919,0.9114919797260644
2010-07-26,2.176133959412103,2.176133959412103,1.5694095122209346,1.18166001938291,0.9209857476410102
2010-07-27,2.1761900898515325,2.1761900898515325,1.569449993021845,1.1803726412939948,0.9209033509840103
2010-07-28,2.176242767468787,2.176242767468787,1.5694879836764382,1.1727535417784654,0.9149590804800449
2010-07-29,2.1762937191843745,2.1762937191843745,1.5695247296252623,1.171608245561673,0.9105012958592129
2010-07-30,2.1763412176584045,2.1763412176584045,1.5695589851253138,1.1716338163765563,0.9103363352423565
2010-08-02,2.1763895807965743,2.1763895807965743,1.569593864213872,1.1716598526835869,0.930892502658096
2010-08-03,2.176435354069504,2.176435354069504,1.5696268755133973,1.1648769140717283,0.9264342997801219
2010-08-04,2.1764837192995943,2.1764837192995943,1.5696617561106307,1.1726625433765725,0.9326262621636573
2010-08-05,2.176529494552421,2.176529494552421,1.5696947688380412,1.1714163546462961,0.9316351600396637
2010-08-06,2.17657267966144,2.17657267966144,1.5697259135755182,1.166641646897233,0.9278378034462565
2010-08-09,2.176619320504576,2.176619320504576,1.5697595505593807,1.1728696454705898,0.9327909718262285
2010-08-10,2.176664234871507,2.176664234871507,1.5697919424231224,1.1665377277154714,0.9277551558349716
2010-08-11,2.17671087767654,2.17671087767654,1.5698255808218886,1.134566696938668,0.9023283839991169
2010-08-12,2.1767583852552193,2.1767583852552193,1.5698598428881367,1.133456892610115,0.8967974352030053
2010-08-13,2.1768050300777606,2.1768050300777606,1.5698934827419129,1.1334811809720995,0.8941552211847354
2010-08-16,2.176849084465274,2.176849084465274,1.5699252543957303,1.1335041204721905,0.8937426523397375
2010-08-17,2.1768940035733664,2.1768940035733664,1.5699576496787575,1.1335275102397557,0.9047222369263894
2010-08-18,2.1769380597615338,2.1769380597615338,1.5699894226311915,1.133550450677463,0.9063737670778078
2010-08-19,2.1769803891126958,2.1769803891126958,1.570019950203298,1.133572491936226,0.8906055564708985
2010-08-20,2.1770227192869283,2.1770227192869283,1.5700504783689964,1.133594533623569,0.8877159015273439
2010-08-23,2.1770650502842477,2.1770650502842477,1.5700810071282978,1.1336165757395005,0.8843316993389337
2010-08-24,2.1771082460193725,2.1771082460193725,1.5701121595292329,1.1336390681318764,0.8712047825845814
2010-08-25,2.1771540344070868,2.1771540344070868,1.5701451817294136,1.1336629105408491,0.874589653984419
2010-08-26,2.1771980958577832,2.1771980958577832,1.5701769584771392,1.1336858537188006,0.8687283656974523
2010-08-27,2.177246478037691,2.177246478037691,1.5702118512984387,1.133711046737772,0.8821847854283753
2010-08-30,2.1772896773725727,2.1772896773725727,1.5702430062954884,1.1337335410045724,0.8693887100734486
2010-08-31,2.1773302855530634,2.1773302855530634,1.5702722925737804,1.1337546860349006,0.8693887100734486
2010-09-01,2.1773734865507928,2.1773734865507928,1.5703034487700618,1.13377718116756,0.8953935969311568
2010-09-02,2.177416688405685,2.177416688405685,1.5703346055845215,1.1337996767465517,0.9037321386195368
2010-09-03,2.1774616192262393,2.1774616192262393,1.570367009314478,1.1338230726128973,0.9154544642391848
2010-09-07,2.177503958757724,2.177503958757724,1.5703975442285478,1.1338451191726424,0.9051350567256725
2010-09-08,2.1775488913790952,2.1775488913790952,1.5704299492572382,1.1338685159766888,0.9114919797260644
2010-09-09,2.1775981454611624,2.1775981454611624,1.570465470887043,1.1338941630026456,0.9157023234216117
2010-09-10,2.1776482647835578,2.1776482647835578,1.5705016165208967,1.1339202605667147,0.9203249850078717
2010-09-13,2.177694064528809,2.177694064528809,1.570534646912038,1.1453997415254893,0.9305624141215263
2010-09-14,2.1777372727443756,2.1777372727443756,1.5705658083137626,1.1446880551293086,0.9299842154482445
2010-09-15,2.1777804818172477,2.1777804818172477,1.570596970333769,1.1490576366225262,0.9335342147677955
2010-09-16,2.1778219633502345,2.1778219633502345,1.5706268864665371,1.1487525546213857,0.9332863555853687
2010-09-17,2.1778634456733457,2.1778634456733457,1.5706568031691364,1.1491815021801948,0.9336348474361922
2010-09-20,2.1779040645550705,2.1779040645550705,1.5706860971650685,1.1667530104720092,0.9479105492571215
2010-09-21,2.177941227203791,2.177941227203791,1.5707128985548218,1.1644032715762855,0.9460015400090073
2010-09-22,2.1779792547490278,2.1779792547490278,1.5707403237006696,1.1586827009042069,0.9413539502970762
2010-09-23,2.1780181472357194,2.1780181472357194,1.5707683726350212,1.149284157176866,0.9337182479103331
2010-09-24,2.17805704041692,2.17805704041692,1.5707964220702468,1.172984590921901,0.9529733010083317
2010-09-27,2.1780950699842925,2.1780950699842925,1.5708238486744417,1.1673659544992754,0.9484085262105426
2010-09-28,2.17812704995159,2.17812704995159,1.570846912357934,1.1714525912273448,0.9517286514047784
2010-09-29,2.178165080741351,2.178165080741351,1.5708743398437053,1.1694089639716452,0.9500683378533753
2010-09-30,2.1782013834926968,2.1782013834926968,1.570900521082703,1.165935786090284,0.9472466078697029
2010-10-01,2.1782376868490885,2.1782376868490885,1.5709267027580545,1.170839750163967,0.9512307581027857
2010-10-04,2.1782731264305015,2.1782731264305015,1.5709522614861549,1.162053532680562,0.9440925307608932
2010-10-05,2.1783085665885107,2.1783085665885107,1.5709778206300917,1.1854480607133497,0.9630990554650374
2010-10-06,2.1783414140986417,2.1783414140986417,1.5710015099781804,1.1853457146083435,0.9630159059451817
2010-10-07,2.1783725332617,2.1783725332617,1.5710239528568946,1.1839152373076867,0.9618537366500566
2010-10-08,2.1784027884357733,2.1784027884357733,1.5710457726340177,1.1905558932859388,0.9672488355264041
2010-10-11,2.1784330440300574,2.1784330440300574,1.5710675927141933,1.1916796411632415,0.9681618072162474
2010-10-12,2.178465028959672,2.178465028959672,1.5710906599764671,1.195357923110169,0.9711501708453449
2010-10-13,2.1784970143589066,2.1784970143589066,1.571113727577427,1.204653914804727,0.9787025564093755
2010-10-14,2.1785298647107103,2.1785298647107103,1.571137418974906,1.1999546429410566,0.974884705216004
2010-10-15,2.1785618510618985,2.1785618510618985,1.571160487262407,1.202406316086233,0.9768765293782602
2010-10-18,2.1785947023913983,2.1785947023913983,1.5711841793649926,1.2083316819322127,0.9816905017813309
2010-10-19,2.178626689694568,2.178626689694568,1.5712072483390547,1.1924969685088556,0.9688258322550947
2010-10-20,2.178656948398592,2.178656948398592,1.5712290706619485,1.2041434198463554,0.9782878126272385
2010-10-21,2.1786889366156914,2.1786889366156914,1.5712521402951287,1.2067991674182146,0.9804454339206354
2010-10-22,2.1787191961842556,2.1787191961842556,1.5712739632415218,1.2090469720644852,0.9822716282546077
2010-10-25,2.1787511853153108,2.1787511853153108,1.5712970335338392,1.2126220841952995,0.985176173152422
2010-10-26,2.1787857686674585,2.1787857686674585,1.5713219747565936,1.2128265704775356,0.9853423048892765
2010-10-27,2.1788203525685486,2.1788203525685486,1.5713469163752405,1.2093532896322858,0.9825204912541756
2010-10-28,2.178852343184836,2.178852343184836,1.571369987738695,1.2095570551673034,0.9826860374310311
2010-10-29,2.17888174039899,2.17888174039899,1.571391188762339,1.2104765226901468,0.983433044686877
2010-11-01,2.178911138009773,2.178911138009773,1.5714123900720287,1.210885289326842,0.9837651408577289
2010-11-02,2.1789405360171905,2.1789405360171905,1.5714335916677677,1.2204881134086423,0.9915668076784696
2010-11-03,2.178969934421248,2.178969934421248,1.57145479354956,1.2253920774823257,0.9955509579115527
2010-11-04,2.1789984685513413,2.1789984685513413,1.5714753721242374,1.2489906799417958,1.0147232797468373
2010-11-05,2.179031326464756,2.179031326464756,1.5714990689750867,1.2536897458776897,1.0185409636373521
2010-11-08,2.179066778958559,2.179066778958559,1.5715246370154945,1.2513402129097428,1.0166321216920948
2010-11-09,2.161232140471522,2.161232140471522,1.5586624457117295,1.2423499209996556,1.0093280972190617
2010-11-10,2.1699416379634813,2.1699416379634813,1.5649436620639792,1.2473564371061214,1.0133955642748567
2010-11-11,2.1617660951445954,2.1617660951445954,1.5590475293318768,1.242656856350786,1.0095774621272
2010-11-12,2.1361742441314897,2.1361742441314897,1.5405909015854122,1.2279457878408433,0.9976256806393787
2010-11-15,2.133153396911971,2.133153396911971,1.5384122919732726,1.2262093018640512,0.9962148992989711
2010-11-16,2.0999201368723663,2.0999201368723663,1.514444744294196,1.207105690913792,0.9806944642230602
2010-11-17,2.100986613264007,2.100986613264007,1.5152138780997508,1.2077187379049465,0.9811925248279098
2010-11-18,2.131908875922868,2.131908875922868,1.5375147539012213,1.2254939087678902,0.995633689174266
2010-11-19,2.1377743169575782,2.1377743169575782,1.5417448606524304,1.228865564255352,0.9983729388495104
2010-11-22,2.1359969160112815,2.1359969160112815,1.5404630140362865,1.2278438535913905,0.9975428657252371
2010-11-23,2.105072862159287,2.105072862159287,1.5181608464413907,1.2100676530895633,0.9831008648645966
2010-11-24,2.13617424413149,2.13617424413149,1.540590901585413,1.2279457878408433,0.9976256806393788
2010-11-26,2.1112947506275477,2.1112947506275477,1.5226480200842782,1.2136442067148145,0.986006580882409
2010-11-29,2.1176918177842574,2.1176918177842574,1.5272615311241815,1.2173214590228585,0.9889941079972222
2010-11-30,2.1057841449525694,2.1057841449525694,1.518673817610665,1.210476522690147,0.9834330446868772
2010-12-01,2.150569525986877,2.150569525986877,1.5509726578082923,1.23622068665477,1.0043484949877073
2010-12-02,2.1781162851858014,2.1781162851858014,1.5708391488993696,1.2520555030420155,1.017213248165372
2010-12-03,2.183981367981884,2.183981367981884,1.5750689972918932,1.2554269526017003,1.0199523305377591
2010-12-06,2.181670370601141,2.181670370601141,1.5734023254142873,1.254098512514385,1.0188730598082045
2010-12-07,2.1829147124709305,2.1829147124709305,1.5742997343069964,1.2548138026466578,1.0194541862814814
2010-12-08,2.190912389811668,2.190912389811668,1.5800675919519447,1.2594111402608752,1.023189222560711
2010-12-09,2.199442947109599,2.199442947109599,1.5862197581409856,1.2643147954428937,1.0271731218395088
2010-12-10,2.212237618780958,2.212237618780958,1.5954471677588196,1.2716696089506465,1.0331484270234201
2010-12-13,2.213659826128897,2.213659826128897,1.596472851738683,1.2724871422240374,1.0338126193651243
2010-12-14,2.2156143760760894,2.2156143760760894,1.5978824567246108,1.2736106841735635,1.0347254237521109
2010-12-15,2.205484462429324,2.205484462429324,1.5905768481859228,1.26778766443259,1.0299946008688956
2010-12-16,2.2182802088165636,2.2182802088165636,1.5998050328798126,1.2751430957236731,1.0359704079613778
2010-12-17,2.220656405627364,2.220656405627364,1.601518726038108,1.2765090146663434,1.0370801278108799
2010-12-20,2.226016371959821,2.226016371959821,1.605384288684635,1.2795901060609198,1.0395833131551053
2010-12-21,2.2401295408966932,2.2401295408966932,1.6155625874429944,1.2877028367507162,1.0461743765036617
2010-12-22,2.2470972821857123,2.2470972821857123,1.6205876638682688,1.291708132007,1.049428417069441
2010-12-23,2.243881374033963,2.243881374033963,1.6182683779520894,1.2898595183558093,1.047926539323477
2010-12-27,2.244775358526855,2.244775358526855,1.6189131120507667,1.290373411122496,1.048344043602752
2010-12-28,2.2479901919627245,2.2479901919627245,1.621231622890891,1.2922214069903568,1.0498454194401456
2010-12-29,2.2495990416351654,2.2495990416351654,1.622391911745693,1.2931462286353936,1.0505967765702695
2010-12-30,2.246025790453298,2.246025790453298,1.6198149130411224,1.2910922020269717,1.0489280142245951
2010-12-31,2.2465617154388187,2.2465617154388187,1.6202014176340385,1.2914002699808744,1.0491782992984466
2011-01-03,2.2697863256067907,2.2697863256067907,1.6369508111893347,1.3047505677425637,1.060024543508187
2011-01-04,2.268535535441721,2.268535535441721,1.636048751840294,1.3040315709103112,1.059440405583487
2011-01-05,2.2803262433617966,2.2803262433617966,1.644552111243124,1.310809271823939,1.0649468445110697
2011-01-06,2.2758602615222316,2.2758602615222316,1.6413312826952746,1.3082420731960496,1.0628611634461196
2011-01-07,2.271394279682666,2.271394279682666,1.6381104541474245,1.3056748745681594,1.060775482381169
2011-01-10,2.2685355354417216,2.2685355354417216,1.6360487518402942,1.3040315709103116,1.059440405583487
2011-01-11,2.2765751267017804,2.2765751267017804,1.6418468374513993,1.3086530020743996,1.063195016296968
2011-01-12,2.297120291061465,2.297120291061465,1.6566638372214604,1.3204630630304663,1.0727899187888814
2011-01-13,2.2933680996855688,2.2933680996855688,1.6539577883536802,1.3183061754975967,1.0710375886662094
2011-01-14,2.3099830280718954,2.3099830280718954,1.6659403349894648,1.3278570028157874,1.0787970115155952
2011-01-18,2.313913801403194,2.313913801403194,1.668775175661769,1.3301165453453283,1.080632742112408
2011-01-19,2.2912242206241746,2.2912242206241746,1.652411640802675,1.317073800718099,1.0700363647193765
2011-01-20,2.2881874317857682,2.2881874317857682,1.650221534229048,1.315328150955245,1.068618138401839
2011-01-21,2.2933680996855688,2.2933680996855688,1.6539577883536798,1.3183061754975964,1.0710375886662094
2011-01-24,2.306409956009341,2.306409956009341,1.6633634654642362,1.3258030791712538,1.0771283328213492
2011-01-25,2.307660746174411,2.307660746174411,1.6642655248132772,1.3265220760035066,1.0777124707460495
2011-01-26,2.316593426330795,2.316593426330795,1.6707076986263467,1.3316568851148394,1.0818841674816635
2011-01-27,2.3223101983354306,2.3223101983354306,1.6748305865232378,1.3349430805749822,1.084553986471314
2011-01-28,2.2817554363629555,2.2817554363629555,1.6455828332173463,1.3116308206889749,1.065614299258482
2011-01-31,2.2989062897348016,2.2989062897348016,1.6579518844460464,1.3214897159610677,1.0736240071817187
2011-02-01,2.33570939768932,2.33570939768932,1.6844939764221851,1.34264539720587,1.0908116152261638
2011-02-02,2.3312425202531877,2.3312425202531877,1.6812725019776225,1.3400776837585384,1.0887255159040712
2011-02-03,2.336423725510929,2.336423725510929,1.6850091436402825,1.3430560171925552,1.0911452171227272
2011-02-04,2.343033586411889,2.343033586411889,1.6897761197391372,1.3468555905999424,1.0942321221345104
2011-02-07,2.3576842924081025,2.3576842924081025,1.700342085704496,1.3552773159186366,1.1010742234197743
2011-02-08,2.3684024338798837,2.3684024338798837,1.7080719192041245,1.3614384690689065,1.106079757593941
2011-02-09,2.3630439005019332,2.3630439005019332,1.7042073899923378,1.3583582013854365,1.1035772414611429
2011-02-10,2.3639369893982587,2.3639369893982587,1.7048514781943023,1.3588715793326815,1.103994327483276
2011-02-11,2.3780501583351312,2.3780501583351312,1.715029776952662,1.366984310022478,1.1105853908318326
2011-02-14,2.383766213862513,2.383766213862513,1.7191521481321825,1.3702700936270673,1.1132548752157694
2011-02-15,2.376263084945914,2.376263084945914,1.7137409546520204,1.3659570393085465,1.1097508005304244
2011-02-16,2.3912707757336187,2.3912707757336187,1.7245643750470852,1.374583971656695,1.1167596191125417
2011-02-17,2.3984165616200994,2.3984165616200994,1.729717855738856,1.378691613017985,1.1200968091981764
2011-02-18,2.403418826683812,2.403418826683812,1.7333254472383064,1.3815670855275537,1.1224329426398347
2011-02-22,2.3551818164813962,2.3551818164813962,1.6985373211097012,1.3538388074346894,1.0999055293132318
2011-02-23,2.3407111253950923,2.3407111253950923,1.6881011803836075,1.3455205608237732,1.0931474977135363
2011-02-24,2.339103887796471,2.339103887796471,1.686942054142888,1.3445966658537312,1.092396893446268
2011-02-25,2.364114317518468,2.364114317518468,1.7049793657434285,1.3589735135821341,1.1040771423974178
2011-02-28,2.37876448615674,2.37876448615674,1.7155449441707586,1.3673949300091628,1.110918992728396
2011-03-01,2.339103887796471,2.339103887796471,1.6869420541428877,1.344596665853731,1.092396893446268
2011-03-02,2.344106152860183,2.344106152860183,1.6905496456423381,1.3474721383632997,1.0947330268879263
2011-03-03,2.3844816164000022,2.3844816164000022,1.7196680904263346,1.3706813313970823,1.1135889790209035
2011-03-04,2.3666153604906666,2.3666153604906666,1.706783096903482,1.3604111983549743,1.1052451672925325
2011-03-07,2.348036209714228,2.348036209714228,1.6933839695972723,1.3497312690372876,1.0965684228790253
2011-03-08,2.3685817323125393,2.3685817323125393,1.7082012277260186,1.361541535921131,1.1061634926737955
2011-03-09,2.3651870630860743,2.3651870630860743,1.7057530208259721,1.3595901643093804,1.1045781308022622
2011-03-10,2.321416213842538,2.321416213842538,1.6741858524245596,1.3344291878082946,1.0841364821920383
2011-03-11,2.33749611283991,2.33749611283991,1.6857825403641409,1.3436724619920244,1.0916460382247148
2011-03-14,2.3233809735905906,2.3233809735905906,1.675602820633013,1.3355585986994558,1.0850540547104452
2011-03-15,2.2967624106734066,2.2967624106734066,1.6564057368950402,1.3202573411815692,1.0726227832348851
2011-03-16,2.254243068072193,2.254243068072193,1.6257411445600385,1.2958157733682893,1.0527656071550748
2011-03-17,2.2840782556183794,2.2840782556183794,1.6472580309315605,1.3129660563929197,1.0666990909823124
2011-03-18,2.292385451132572,2.292385451132572,1.6532491104804388,1.3177413156061826,1.0705786769298624
2011-03-21,2.3279135878147192,2.3279135878147192,1.678871703896292,1.338164099893807,1.0871708541067697
2011-03-22,2.3198388891692443,2.3198388891692443,1.6730482991340458,1.3335224878076046,1.0833998477133167
2011-03-23,2.32647794651828,2.32647794651828,1.6778363314657374,1.3373388443287912,1.0865003879079338
2011-03-24,2.348726356428536,2.348726356428536,1.693881697604125,1.3501279888990476,1.0968907318327512
2011-03-25,2.355904025552792,2.355904025552792,1.6990581722188702,1.3542539578324615,1.1002428118726457
2011-03-28,2.3501621768442886,2.3501621768442886,1.6949171992140222,1.3509533474279518,1.0975612816830156
2011-03-29,2.3659520816733592,2.3659520816733592,1.7063047457980116,1.3600299230764652,1.10493540605307
2011-03-30,2.382279881800397,2.382279881800397,1.7180802179476848,1.3694156992816524,1.1125607356626883
2011-03-31,2.3790500023422076,2.3790500023422076,1.7157508560427865,1.3675590544471716,1.1110523331053073
2011-04-01,2.3890980584627752,2.3890980584627752,1.7229974296219281,1.3733350196911753,1.1157449272857316
2011-04-04,2.3910717741764946,2.3910717741764946,1.724420856797509,1.3744695787767534,1.1166666823755598
2011-04-05,2.3907135355498097,2.3907135355498097,1.7241624981124049,1.3742636510000805,1.1164993795187073
2011-04-06,2.398249085062124,2.398249085062124,1.729597073053569,1.3785953417823904,1.1200185951125974
2011-04-07,2.392148997726936,2.392148997726936,1.725197741363617,1.375088803601208,1.117169762066115
2011-04-08,2.3838942841715527,2.3838942841715527,1.7192445113621067,1.370343712807228,1.1133146859870937
2011-04-11,2.376718227121117,2.376718227121117,1.7140691993614443,1.366218670548809,1.1099633588100548
2011-04-12,2.3589540692203865,2.3589540692203865,1.7012578380638463,1.3560072269230528,1.1016672283958868
2011-04-13,2.3587742334297914,2.3587742334297914,1.7011281420039244,1.3559038511791632,1.101583242361747
2011-04-14,2.3605686507108556,2.3605686507108556,1.7024222606576107,1.3569353434125166,1.1024212623717207
2011-04-15,2.3691819611315506,2.3691819611315506,1.7086341077029104,1.3618865679109462,1.106443808610451
2011-04-18,2.34262626909335,2.34262626909335,1.6894823659141736,1.3466214507178658,1.0940418987862688
2011-04-19,2.3560829657468227,2.3560829657468227,1.6991872223820803,1.35435681875691,1.1003263796496436
2011-04-20,2.3882019245381247,2.3882019245381247,1.7223511453711409,1.372819891357829,1.1153264191893153
2011-04-21,2.4004029948050674,2.4004029948050674,1.7311504546477576,1.379833482539635,1.1210245035394224
2011-04-25,2.3978903090775003,2.3978903090775003,1.7293383268304376,1.3783891051140527,1.1198510413014597
2011-04-26,2.4185241374972892,2.4185241374972892,1.744219270375062,1.3902501331948458,1.129487351250444
2011-04-27,2.434314758803613,2.434314758803613,1.7556073336764213,1.3993271206989122,1.1368618102262118
2011-04-28,2.4422087260619247,2.4422087260619247,1.761300396482032,1.403864842221783,1.1405484123283827
2011-04-29,2.4479505747704287,2.4479505747704287,1.7654413694868805,1.407165452626293,1.143229942518013
2011-05-02,2.444182800014272,2.444182800014272,1.7627240820162984,1.404999607235138,1.141470334721068
2011-05-03,2.435391624115428,2.435391624115428,1.7563839598838447,1.3999461395955906,1.1373647226139103
2011-05-04,2.4192434806596723,2.4192434806596723,1.744738054614751,1.3906636361704046,1.1298232953870035
2011-05-05,2.397352592898847,2.397352592898847,1.7289505304440969,1.3780800075212674,1.1195999197133246
2011-05-06,2.4079381860787543,2.4079381860787543,1.7365847712302367,1.384164967394168,1.1245435518304556
2011-05-09,2.4172686902300726,2.4172686902300726,1.7433138523631149,1.3895284593014965,1.1289010383886047
2011-05-10,2.4379030560078014,2.4379030560078014,1.7581951834457665,1.4013897962739543,1.138537599291874
2011-05-11,2.412244751729446,2.412244751729446,1.7396906301632156,1.386640528161439,1.126554783124107
2011-05-12,2.4237282700271394,2.4237282700271394,1.7479724469935691,1.39324164600657,1.1319177598519388
2011-05-13,2.4050667243665638,2.4050667243665638,1.7345138971897855,1.3825143533002486,1.1232025357813555
2011-05-16,2.3898163269092803,2.3898163269092803,1.723515438785563,1.3737479048834045,1.1160803695137207
2011-05-17,2.389457550924655,2.389457550924655,1.7232566925624309,1.3735416682150665,1.1159128157025828
2011-05-18,2.41080875219438,2.41080875219438,1.738654999373976,1.3858150666686466,1.125884149622414
2011-05-19,2.416550600902883,2.416550600902883,1.7427959723788236,1.389115677073156,1.1285656798120438
2011-05-20,2.3973525928988475,2.3973525928988475,1.7289505304440969,1.3780800075212676,1.1195999197133244
2011-05-23,2.3695401997582364,2.3695401997582364,1.708892466388015,1.3620924956876193,1.1066111114673036
2011-05-24,2.36756612580589,2.36756612580589,1.7074687808537492,1.3609577306742646,1.1056891890746186
2011-05-25,2.375461705138022,2.375461705138022,1.7131630062734424,1.3654963788721302,1.109376544039645
2011-05-26,2.3864067907798083,2.3864067907798083,1.7210565100000847,1.3717879872689225,1.114488064573628
2011-05-27,2.395557638259844,2.395557638259844,1.727656024252383,1.3770482063962495,1.1187616487490655
2011-05-31,2.420498569688263,2.420498569688263,1.7456432142680134,1.391385104135978,1.1304094409459857
2011-06-01,2.366131021867391,2.366131021867391,1.7064337959612224,1.3601327840009143,1.105018973830068
2011-06-02,2.363619410855705,2.363619410855705,1.7046224432199581,1.3586890243586625,1.103846013500676
2011-06-03,2.3401146580816645,2.3401146580816645,1.6876710131729098,1.3451776910756146,1.0928689384568768
2011-06-06,2.315352487727961,2.315352487727961,1.6698127441411468,1.330943551296446,1.081304630385526
2011-06-07,2.3139173837894615,2.3139173837894615,1.6687777592486197,1.330118604623095,1.0806344151409752
2011-06-08,2.304228282772833,2.304228282772833,1.661790061071953,1.3245489790113179,1.0761094584231172
2011-06-09,2.321812246644341,2.321812246644341,1.6744714679509436,1.334656840965408,1.0843214355002884
2011-06-10,2.2895143476590096,2.2895143476590096,1.6511784947986732,1.3160909074400409,1.0692378281836188
2011-06-13,2.2913098396559537,2.2913098396559537,1.6524733885284149,1.3171230174567243,1.070076350102163
2011-06-14,2.3203767844672147,2.3203767844672147,1.6734362246997312,1.3338316883642802,1.0836510529528807
2011-06-15,2.2791078737924444,2.2791078737924444,1.6436734333550853,1.3101089114554763,1.0643778474949137
2011-06-16,2.284132528770325,2.284132528770325,1.647297172272355,1.3129972544510873,1.0667244373651255
2011-06-17,2.2909485560009415,2.2909485560009415,1.652212833794487,1.3169153392939494,1.069907625171027
2011-06-20,2.3026697656274404,2.3026697656274404,1.660666071612407,1.323653090218903,1.0753816073443807
2011-06-21,2.334224677701027,2.334224677701027,1.683423208851771,1.3417919295354506,1.0901182285359383
2011-06-22,2.3201598709787565,2.3201598709787565,1.6732797885159,1.3337069990955044,1.0835497510730565
2011-06-23,2.3134882139146935,2.3134882139146935,1.6684682455438649,1.329871903146641,1.0804339863184662
2011-06-24,2.286620854271277,2.286620854271277,1.6490917316990876,1.3144276287878554,1.0678865230088221
2011-06-27,2.306996571760539,2.306996571760539,1.6637865278110942,1.3261402859055555,1.0774022912494439
2011-06-28,2.3371101107196597,2.3371101107196597,1.6855041588809418,1.3434505748126606,1.0914657693964558
2011-06-29,2.3571256192697905,2.3571256192697905,1.6999391753350763,1.3549561715509164,1.1008133146145125
2011-06-30,2.3796654563028556,2.3796654563028556,1.716194716263797,1.3679128383674966,1.1113397594133798
2011-07-01,2.4148269357505914,2.4148269357505914,1.7415528795654462,1.3881248555756964,1.1277607021162988
2011-07-05,2.412843547593951,2.412843547593951,1.7401224767053676,1.3869847364401482,1.1268344298493356
2011-07-06,2.4157289806125832,2.4157289806125832,1.7422034267345383,1.3886433817173582,1.128181970709853
2011-07-07,2.4407929670092687,2.4407929670092687,1.7602793629585016,1.4030510156483735,1.139887231438102
2011-07-08,2.4234821600906082,2.4234821600906082,1.7477949545769031,1.3931001736239967,1.1318028227892811
2011-07-11,2.3796654563028556,2.3796654563028556,1.716194716263797,1.3679128383674966,1.11133975941338
2011-07-12,2.3693872318646427,2.3693872318646427,1.7087821472294757,1.3620045645269805,1.106539673147428
2011-07-13,2.3773207844912037,2.3773207844912037,1.7145037586697907,1.3665650410691736,1.1102447622152811
2011-07-14,2.360912380673162,2.360912380673162,1.702670155815969,1.357132931114235,1.102581789462871
2011-07-15,2.3746166202176733,2.3746166202176733,1.712553538135282,1.3650105952469598,1.1089818766003308
2011-07-18,2.3551422311131502,2.3551422311131502,1.6985087724749977,1.3538160524153684,1.0998870423475497
2011-07-19,2.393369695847367,2.393369695847367,1.7260780985831101,1.3757905025002213,1.11773984655084
2011-07-20,2.391925994181827,2.391925994181827,1.7250369130821406,1.3749606135602301,1.1170656160377246
2011-07-21,2.425104801950176,2.425104801950176,1.7489651902410817,1.3940329234884352,1.1325606210793941
2011-07-22,2.426728160286998,2.426728160286998,1.7501359426226306,1.3949660852084274,1.1333187539752207
2011-07-25,2.413205010368275,2.413205010368275,1.740383160618637,1.3871925175668105,1.1270032384318998
2011-07-26,2.4041890397311865,2.4041890397311865,1.7338809184112804,1.3820098302474009,1.1227926437820672
2011-07-27,2.3549616788453007,2.3549616788453007,1.698378559697705,1.353712264815925,1.099802721707696
2011-07-28,2.348109111274762,2.348109111274762,1.6934365455896923,1.3497731753398419,1.0966024690103953
2011-07-29,2.332061632873104,2.332061632873104,1.6818632391111126,1.3405485376199007,1.0891080538862636
2011-08-01,2.322143796493337,2.322143796493337,1.6747105789140067,1.3348474271227178,1.0844762742943053
2011-08-02,2.262818226079148,2.262818226079148,1.6319254764053752,1.300745066558504,1.0567703356395504
2011-08-03,2.2750803760319402,2.2750803760319402,1.630314921381637,1.2994613550582934,1.0624969451267507
2011-08-04,2.168512265843013,2.168512265843013,1.630332389041509,1.2994752778585261,1.0127280258760154
2011-08-05,2.165266623885249,2.165266623885249,1.6303505038458317,1.2994897164727246,1.0112122619929327
2011-08-08,2.024257273007536,2.024257273007536,1.6303679718869442,1.2995036395768296,0.94535876243298
2011-08-09,2.118383218333762,2.118383218333762,1.630380264343875,1.299513437421731,0.9893170025109466
2011-08-10,2.0247980342145167,2.0247980342145167,1.630392556893487,1.299523235340505,0.9456113060953987
2011-08-11,2.1156781584636657,2.1156781584636657,1.6304048495357808,1.2995330333331525,0.9880536986388544
2011-08-12,2.1299236965730985,2.1299236965730985,1.6304177892568086,1.2995433470873852,0.9947065803930182
2011-08-15,2.175003370639228,2.175003370639228,1.6304300820893465,1.2995531452316686,1.0157594699907524
2011-08-16,2.1564304890387564,2.1564304890387564,1.6304430220106327,1.2995634591455196,1.00708565337724
2011-08-17,2.15787329510773,2.15787329510773,1.6304553150334176,1.2995732574414416,1.0077594656332134
2011-08-18,2.0648290513147787,2.0648290513147787,1.6304682551549652,1.299583571514913,0.9643063965315124
2011-08-19,2.031108944981509,2.031108944981509,1.6304811953792122,1.2995938856702425,0.948558596873139
2011-08-22,2.0327324824376447,2.0327324824376447,1.6304954297388543,1.299605231331149,0.9493168134203941
2011-08-23,2.0996306800620093,2.0996306800620093,1.6305096642227648,1.299616577091105,0.9805592835147232
2011-08-24,2.129202024859642,2.129202024859642,1.6305245458585889,1.299628438670975,0.994369548787889
2011-08-25,2.0967450679240636,2.0967450679240636,1.6305387805966876,1.299639784633535,0.9792116590027771
2011-08-26,2.1272188158223155,2.1272188158223155,1.6305517213806604,1.2996500992350002,0.993443360172354
2011-08-29,2.1883472221252953,2.1883472221252953,1.6305646622673378,1.2996604139183272,1.0219912504542183
2011-08-30,2.194117371685307,2.194117371685307,1.6305776032567207,1.299670728683517,1.02468599756954
2011-08-31,2.1919406679435554,2.1919406679435554,1.63059054434881,1.29968104353057,1.0292334565216448
2011-09-01,2.1919571944803375,2.1919571944803375,1.6306028384838664,1.299690842713041,1.0184540498032169
2011-09-02,2.1919745909660078,2.1919745909660078,1.6306157797762353,1.299701157719729,0.9924329345683939
2011-09-06,2.1919928574209324,2.1919928574209324,1.6306293682410669,1.2997119885627102,0.9851907285009677
2011-09-07,2.1920111240280775,2.1920111240280775,1.6306429568191356,1.2997228194959483,1.0129804858870057
2011-09-08,2.192027651096076,2.192027651096076,1.6306552513493655,1.2997326189933969,1.0024542920424238
2011-09-09,2.1920424385841986,2.1920424385841986,1.630666251801458,1.299741387030906,0.9761801312366117
2011-09-12,2.1920607056045203,2.1920607056045203,1.6306798406868899,1.2997522182091314,0.9824960650370747
2011-09-13,2.192078972777067,2.192078972777067,1.6306934296855624,1.2997630494776167,0.9915066623014307
2011-09-14,2.1920955003566234,2.1920955003566234,1.6307057245963417,1.2997728492783864,1.0052329415404566
2011-09-15,2.1921137678191265,2.1921137678191265,1.6307193138107134,1.2997836807187972,1.0225804074646239
2011-09-16,2.192129425774611,2.192129425774611,1.6307309618058121,1.2997929648879452,1.028632755614116
2011-09-19,2.1921433440566793,2.1921433440566793,1.6307413156531885,1.2998012175416904,1.018390307414756
2011-09-20,2.1921590022234225,2.1921590022234225,1.6307529638054432,1.2998105018361015,1.0172055522339558
2011-09-21,2.1921772702151077,2.1921772702151077,1.630766553413475,1.2998213335902835,0.9872404394516947
2011-09-22,2.1921946684474105,2.1921946684474105,1.6307794960051685,1.2998316496326134,0.9553285069756707
2011-09-23,2.1922146765733523,2.1922146765733523,1.630794380103743,1.2998435131754473,0.9610842271599636
2011-09-26,2.1922364247348263,2.1922364247348263,1.6308105586194186,1.2998564084483955,0.983939135828855
2011-09-27,2.192258173112056,2.192258173112056,1.6308267372955954,1.299869303849273,0.9949432302840356
2011-09-28,2.192281661592482,2.192281661592482,1.6308442104392091,1.2998832310203856,0.9746278953307351
2011-09-29,2.1923051503245703,2.1923051503245703,1.6308616837700352,1.299897158340718,0.9823311044202182
2011-09-30,2.1923268993836014,2.1923268993836014,1.630877862953406,1.2999100541458604,0.9577831744914092
2011-10-03,2.192347778687405,2.192347778687405,1.6308933951235296,1.2999224342416142,0.9305266949615882
2011-10-04,2.1923695281693365,2.1923695281693365,1.6309095746214972,1.2999353302975096,0.9509268524633129
2011-10-05,2.1923912778670367,2.1923912778670367,1.6309257542799755,1.299948226481342,0.9685330522556027
2011-10-06,2.192416507766663,2.192416507766663,1.630944522870005,1.299963186202996,0.9860552660137525
2011-10-07,2.192442607963184,2.192442607963184,1.6309639388762296,1.2999786619552125,0.9794528260709296
2011-10-10,2.1924687084704217,2.1924687084704217,1.630983355113597,1.2999941378916642,1.0122114783054836
2011-10-11,2.1924965493429105,2.1924965493429105,1.6310040660133447,1.3000106457537328,1.013226839343721
2011-10-12,2.192521780453994,2.192521780453994,1.6310228355045806,1.3000256061937039,1.0221150545682895
2011-10-13,2.192547011855436,2.192547011855436,1.6310416052118146,1.3000405668058386,1.0200835796289593
2011-10-14,2.192571373488901,2.192571373488901,1.631059727896317,1.3000550117010254,1.037520803535828
2011-10-17,2.192595735393051,2.192595735393051,1.6310778507821826,1.300069456756711,1.0177134837073603
2011-10-18,2.192620097567889,2.192620097567889,1.6310959738694135,1.3000839019728974,1.0376055424328239
2011-10-19,2.1926444600134176,2.1926444600134176,1.6311140971580123,1.300098347349586,1.0253316192941335
2011-10-20,2.1926688227296403,2.1926688227296403,1.6311322206479808,1.3001127928867788,1.0298181800063444
2011-10-21,2.192694925929911,2.192694925929911,1.6311516388887026,1.3001282704200274,1.0493713667952536
2011-10-24,2.192721029440934,2.192721029440934,1.631171057360594,1.3001437481375324,1.0622376256986297
2011-10-25,2.1927436527531423,2.1927436527531423,1.6311878869032492,1.273564152073221,1.0415839207173452
2011-10-26,2.1927680165715064,2.1927680165715064,1.631206011213104,1.2723047386339486,1.0521645716418326
2011-10-27,2.1927949910986944,2.1927949910986944,1.6312260776362575,1.272320390001765,1.0888171142181975
2011-10-28,2.1928193554874844,2.1928193554874844,1.6312442023704536,1.2707512041305316,1.088563064830067
2011-10-31,2.192841109647757,2.192841109647757,1.6312603853486518,1.240118905555305,1.0623225318984821
2011-11-01,2.1928611236737576,2.1928611236737576,1.6312752738362957,1.2055336617179715,1.032695789144205
2011-11-02,2.192881137882426,2.192881137882426,1.6312901624598266,1.2043391309428486,1.049540342680674
2011-11-03,2.1929020224646916,2.1929020224646916,1.6313056985566121,1.2043506008393339,1.0686712570588879
2011-11-04,2.1929211668474275,2.1929211668474275,1.631319940114298,1.1958003968356679,1.0621529704530623
2011-11-07,2.1929429220177337,2.1929429220177337,1.6313361238438626,1.2032339781040875,1.0687557450015988
2011-11-08,2.192964677403865,2.192964677403865,1.6313523077339802,1.2186724185000242,1.082468723663505
2011-11-09,2.192985562781745,2.192985562781745,1.6313678444226254,1.1736918683469955,1.042515379372871
2011-11-10,2.1930064483585334,2.1930064483585334,1.631383381259239,1.1725293544964421,1.0523339657843958
2011-11-11,2.193027334134232,2.193027334134232,1.6313989182438227,1.1725405214426756,1.072141703870006
2011-11-14,2.1930482201088433,2.1930482201088433,1.6314144553763774,1.1602587964047337,1.0619837436133566
2011-11-15,2.1930708467968283,2.1930708467968283,1.631431287430282,1.1659928506699173,1.0672321178842443
2011-11-16,2.1930934737182635,2.1930934737182635,1.6314481196578507,1.1474966620484988,1.050302574496494
2011-11-17,2.193116971148339,2.193116971148339,1.6314655994591327,1.1463614599935437,1.033627080496874
2011-11-18,2.1931422093991975,2.1931422093991975,1.6314843742616663,1.1463746522484404,1.032526395001642
2011-11-21,2.193165707351441,2.193165707351441,1.6315018544513904,1.1463869348340001,1.0128886366185936
2011-11-22,2.193188335251596,2.193188335251596,1.6315186874070315,1.1463987626357086,1.008910007379787
2011-11-23,2.1932109633852135,2.1932109633852135,1.631535520536346,1.1464105905594502,0.9866478527327237
2011-11-25,2.193235332395918,2.193235332395918,1.6315536487087965,1.1464233284549008,0.9847854373302429
2011-11-28,2.1932579610144267,2.1932579610144267,1.6315704821988228,1.1464351566320992,1.0133119128464303
2011-11-29,2.1932814602068658,2.1932814602068658,1.6315879633111319,1.1464474398659201,1.0161897729385767
2011-11-30,2.193303218951511,2.193303218951511,1.631604149699657,1.1464588133524267,1.0580051143745495
2011-12-01,2.1933267186288568,2.1933267186288568,1.6316216311726892,1.1451292515554943,1.0578361384891286
2011-12-02,2.193348477822494,2.193348477822494,1.6316378178952207,1.1441212001766794,1.0569049307878882
2011-12-05,2.1933719779847562,2.1933719779847562,1.6316552997289837,1.1565832942076262,1.0684170403679012
2011-12-06,2.193393737627395,2.193393737627395,1.6316714867855286,1.156949948899759,1.068755745001599
2011-12-07,2.1934146270915633,2.1934146270915633,1.6316870265139745,1.161256805855186,1.0727342905889774
2011-12-08,2.1934337759494187,2.1934337759494187,1.6317012714007137,1.1357825904779024,1.0492019726526907
2011-12-09,2.193452924974447,2.193452924974447,1.6317155164118133,1.1346567234497222,1.0669779011932572
2011-12-12,2.1934738150023043,2.1934738150023043,1.6317310565595888,1.1169591641605365,1.0514029253860122
2011-12-13,2.193494705229114,2.193494705229114,1.6317465968553657,1.1158528427027012,1.0415839207173454
2011-12-14,2.193516466089285,2.193516466089285,1.6317627848176361,1.115863912671379,1.0304950037137406
2011-12-15,2.1935390976083795,2.1935390976083795,1.631779620465416,1.1158754255530177,1.0342197508672737
2011-12-16,2.1935599884569283,2.1935599884569283,1.6317951612237063,1.115886052938023,1.0357529978988975
2011-12-19,2.1935808795044376,2.1935808795044376,1.631810702130004,1.1158966804242416,1.0246788035466956
2011-12-20,2.193603511688115,2.193603511688115,1.6318275382721688,1.1159081936439603,1.0556860458242903
2011-12-21,2.1936278850604674,2.1936278850604674,1.6318456696892607,1.1159205926238898,1.057730403083598
2011-12-22,2.1936522587036347,2.1936522587036347,1.6318638013078128,1.1159329917415857,1.0671005341873296
2011-12-23,2.1936766326176205,2.1936766326176205,1.6318819331278276,1.1247942672216351,1.0766411469021944
2011-12-27,2.1937027478156277,2.1937027478156277,1.631901360293698,1.1256843625369264,1.0774931367007152
2011-12-28,2.1937271222906034,2.1937271222906034,1.6319194925310347,1.1109115768715827,1.06335278289098
2011-12-29,2.193751497036407,2.193751497036407,1.6319376249698407,1.1223916653160888,1.0743414018319015
2011-12-30,2.193773260444116,2.193773260444116,1.6319538148272315,1.1168738608961712,1.0690598179439288
2012-01-03,2.1937967651576202,2.1937967651576202,1.6319713000466758,1.1346728832407402,1.0860968534172066
2012-01-04,2.1938185290144174,2.1938185290144174,1.6319874902381446,1.1364527243002613,1.0878004984085345
2012-01-05,2.1938420342129423,2.1938420342129423,1.632004975818397,1.1394782618373633,1.0906965108606492
2012-01-06,2.193863798518837,2.193863798518837,1.6320211663439508,1.1365419523137037,1.0878859065169575
2012-01-09,2.19388643362152,2.19388643362152,1.6320380046575718,1.1393004175598358,1.0905262802038018
2012-01-10,2.1939073277780308,2.1939073277780308,1.6320535478766638,1.149178596615114,1.0999815684616716
2012-01-11,2.1939282221335334,2.1939282221335334,1.6320690912437865,1.1498016196394352,1.100577919494922
2012-01-12,2.193947375475155,2.193947375475155,1.6320833394660117,1.1525606966349247,1.1032188787417652
2012-01-13,2.1939682702120646,2.1939682702120646,1.632098883116864,1.1465978882537438,1.0975113417802458
2012-01-17,2.193986553280983,2.193986553280983,1.63211248394089,1.1510477530808427,1.1017707052128507
2012-01-18,2.1940074483910146,2.1940074483910146,1.6321280278693087,1.1637736253956954,1.113951775265988
2012-01-19,2.1940300849757994,2.1940300849757994,1.6321448672854693,1.1699143654471689,1.1198296265357828
2012-01-20,2.1940527217941366,2.1940527217941366,1.6321617068753698,1.17427491486806,1.1240034982085363
2012-01-23,2.1940753588460282,2.1940753588460282,1.6321785466390122,1.1712493773309578,1.1211074857564214
2012-01-24,2.194096254801827,2.194096254801827,1.6321940911965993,1.1699143654471686,1.1198296265357826
2012-01-25,2.1941154096104003,2.1941154096104003,1.6322083405100938,1.1797038408455967,1.1292000085937999
2012-01-26,2.1941345645861983,2.1941345645861983,1.6322225899479872,1.1736518044509732,1.123407063523857
2012-01-27,2.1941537197292225,2.1941537197292225,1.6322368395102804,1.17311809683286,1.1228962042504584
2012-01-30,2.1941728750394742,2.1941728750394742,1.6322510891969746,1.1691138477163816,1.1190633794513984
2012-01-31,2.194192030516955,2.194192030516955,1.6322653390080708,1.1686684067912918,1.1186370081207102
2012-02-01,2.194212056872789,2.194212056872789,1.6322802366679108,1.1789024491871558,1.1284329249951315
2012-02-02,2.194232083411403,2.194232083411403,1.6322951344637215,1.1807717804384157,1.1302222290491677
2012-02-03,2.194252110132799,2.194252110132799,1.6323100323955042,1.1973245819488114,1.146066395153088
2012-02-06,2.1942730077719435,2.1942730077719435,1.6323255782053367,1.1965237146469625,1.1452998134629901
2012-02-07,2.19429477635337,2.19429477635337,1.63234177191147,1.1995489900057685,1.1481955749608197
2012-02-08,2.194318286654545,2.194318286654545,1.6323592612875975,1.2031092838741684,1.1516034505034745
2012-02-09,2.194341797207616,2.194341797207616,1.6323767508511111,1.204621965249954,1.1530513730781033
2012-02-10,2.194365308012586,2.194365308012586,1.6323942406020129,1.195722410381287,1.1445328135157502
2012-02-13,2.194390560629226,2.194390560629226,1.6324130260912897,1.204621965249954,1.1530513730781031
2012-02-14,2.189440605395181,2.189440605395181,1.62873074111085,1.2031092838741684,1.1516034505034742
2012-02-15,2.1792369827412466,2.1792369827412466,1.6211402388399931,1.1975023388335735,1.1462365421585066
2012-02-16,2.203368125683735,2.203368125683735,1.639091460824148,1.210762530515897,1.1589290570450415
2012-02-17,2.209198335523048,2.209198335523048,1.6434285695673656,1.2139662619015883,1.1619956347597173
2012-02-21,2.210169904630453,2.210169904630453,1.6441513224333006,1.2145001443052323,1.162506661335973
2012-02-22,2.2030440042496395,2.2030440042496395,1.638850346019634,1.2105844240600736,1.1587585754339087
2012-02-23,2.2127612857134538,2.2127612857134538,1.6460790577741984,1.2159241220241677,1.1638696777107491
2012-02-24,2.2176200854843384,2.2176200854843384,1.6496935319610027,1.2185940583989805,1.166425312500598
2012-02-27,2.2213452554307693,2.2213452554307693,1.652464695879614,1.220641059142237,1.1683846799086248
2012-02-28,2.227822912943391,2.227822912943391,1.6572834426842529,1.2242005664757485,1.1717918025884237
2012-02-29,2.2190776777039103,2.2190776777039103,1.650777838724187,1.2193950130935942,1.167191977842124
2012-03-01,2.230576036665487,2.230576036665487,1.6593314988083652,1.2257134226370647,1.1732398924659095
2012-03-02,2.2237740986797934,2.2237740986797934,1.654271518889691,1.221975721454964,1.1696622045235496
2012-03-05,2.214704901045194,2.214704901045194,1.6475249184346328,1.2169921490097517,1.1648919818175458
2012-03-06,2.182313432702556,2.182313432702556,1.6234288182210121,1.1991928644868863,1.1478546953899824
2012-03-07,2.1975380748833997,2.1975380748833997,1.6347544703904515,1.2075588865229712,1.1558625629817938
2012-03-08,2.2194017991380064,2.2194017991380064,1.651018953528701,1.2195731195494177,1.1673624594532566
2012-03-09,2.2279844965435096,2.2279844965435096,1.6574036451579457,1.224289357525364,1.1718767924397047
2012-03-12,2.228147193416463,2.228147193416463,1.6575246757982878,1.224378760324337,1.1719623678509843
2012-03-13,2.268311373657317,2.268311373657317,1.6874029172489107,1.24644919146912,1.193087950540021
2012-03-14,2.265882848486245,2.265882848486245,1.685596330857876,1.2451147039419233,1.1918105932279528
2012-03-15,2.2789994290336537,2.2789994290336537,1.6953537903218039,1.2523223348730315,1.1987096611359749
2012-03-16,2.2821560346391165,2.2821560346391165,1.6977019977015846,1.254056906480091,1.200369974687378
2012-03-19,2.291102295144886,2.291102295144886,1.7043571448966384,1.2589729243176726,1.2050755348392084
2012-03-20,2.2844336318214946,2.2844336318214946,1.6993963083568568,1.255308458272952,1.2015679467938696
2012-03-21,2.2806922398994613,2.2806922398994613,1.6966130768670673,1.2532525434676276,1.1996000469401433
2012-03-22,2.264262877471672,2.264262877471672,1.684391230073392,1.2442245212338667,1.1909585197780037
2012-03-23,2.2715828054038085,2.2715828054038085,1.6898365441031071,1.2482468606527766,1.1948086604227477
2012-03-26,2.303464871904734,2.303464871904734,1.7135536989198397,1.2657662261481626,1.211578011325062
2012-03-27,2.2963070046896457,2.2963070046896457,1.7082289422923815,1.2618329399571644,1.2078131114858843
2012-03-28,2.2849209272454742,2.2849209272454742,1.6997588087302777,1.255576229706045,1.2018242547705678
2012-03-29,2.2810179517233222,2.2810179517233222,1.6968553747667952,1.253431523851105,1.1997713650655604
2012-03-30,2.290451189575118,2.290451189575118,1.7038727857162266,1.2586151383362487,1.2047330658912319
2012-04-02,2.3072056276708612,2.3072056276708612,1.7163364571715436,1.267821791382425,1.2135455765730745
2012-04-03,2.297770799429301,2.297770799429301,1.7093178631268986,1.2626373029696276,1.208583039233119
2012-04-04,2.2749981674240285,2.2749981674240285,1.6923772410741265,1.2501236202890929,1.1966050748482004
2012-04-05,2.2738594483523276,2.2738594483523276,1.6915301449012508,1.249497888089045,1.1960061306206686
2012-04-09,2.2483222418186513,2.2483222418186513,1.6725329484388292,1.2354650569680872,1.1825740534554177
2012-04-10,2.210584519242175,2.210584519242175,1.6444597553554636,1.2147279772445514,1.1627247406098797
2012-04-11,2.2284775173706426,2.2284775173706426,1.6577704046741348,1.2245602750980102,1.1721361118678255
2012-04-12,2.257593259914422,2.257593259914422,1.6794296836764822,1.2405595308325537,1.1874504298240942
2012-04-13,2.2307549555140436,2.2307549555140436,1.6594645970198854,1.2258117394981054,1.1733340003228885
2012-04-16,2.229290842696435,2.229290842696435,1.6583754395663253,1.2250072017001112,1.172563905272797
2012-04-17,2.2623113101911074,2.2623113101911074,1.6829394539368898,1.2431521246100137,1.1899320330997856
2012-04-18,2.254665352357158,2.254665352357158,1.6772516053884048,1.238950630022096,1.185910407026768
2012-04-19,2.2401888295217445,2.2401888295217445,1.666482481207402,1.2309957035543106,1.1782960357542736
2012-04-20,2.2439302214437777,2.2439302214437777,1.6692657126971913,1.233051618359635,1.1802639356079998
2012-04-23,2.225060723999633,2.225060723999633,1.6552286429174228,1.2226827289268054,1.170338944579517
2012-04-24,2.2335196890814233,2.2335196890814233,1.661521289739056,1.2273309753312938,1.1747881967546494
2012-04-25,2.2641001805987173,2.2641001805987173,1.6842701994330493,1.2441351184348932,1.1908729443667234
2012-04-26,2.279878914573667,2.279878914573667,1.6960080419748762,1.2528056168655262,1.1991722535351714
2012-04-27,2.283619829378771,2.283619829378771,1.6987909185361016,1.2548612694925543,1.2011399024346123
2012-04-30,2.2751610233359574,2.2751610233359574,1.6924983900239898,1.2502131104808314,1.1966907339109083
2012-05-01,2.289313265698298,2.289313265698298,1.703026281090957,1.2579898431000276,1.2041345399208416
2012-05-02,2.2824809512680937,2.2824809512680937,1.697943704053705,1.2542354498997415,1.2005408745556523
2012-05-03,2.2650762027974642,2.2650762027974642,1.6849962649655825,1.244671447835968,1.191386313182975
2012-05-04,2.228477517370641,2.228477517370641,1.6577704046741344,1.2245602750980102,1.172136111867825
2012-05-07,2.230104327061203,2.230104327061203,1.6589805927680368,1.2254542156949777,1.1729917823291964
2012-05-08,2.2211566352046455,2.2211566352046455,1.6523243807872912,1.220537411322508,1.1682854693145104
2012-05-09,2.2079818463918404,2.2079818463918404,1.6425236200385491,1.2132977946392747,1.1613557849836844
2012-05-10,2.2125364046006903,2.2125364046006903,1.6459117681110078,1.2158005486539347,1.1637513945909537
2012-05-11,2.2058669460824163,2.2058669460824163,1.6409503400236194,1.2121356456453871,1.1602433882884726
2012-05-14,2.181467504386581,2.181467504386581,1.6227995298769446,1.1987280223678844,1.1474097534421825
2012-05-15,2.1689420717148034,2.1689420717148034,1.6134818269038802,1.1918452303456561,1.140821617893621
2012-05-16,2.160646439661873,2.160646439661873,1.6073106839606746,1.1872867363112023,1.1364582757354822
2012-05-17,2.128602948599806,2.128602948599806,1.5834734449797712,1.1696786671589665,1.1196040186333158
2012-05-18,2.1103840796085005,2.1103840796085005,1.5699203794518508,1.1596673015292647,1.1100212455985246
2012-05-21,2.1466580074453216,2.1466580074453216,1.5969046517006993,1.1796000182403372,1.129100630696828
2012-05-22,2.1503989222504254,2.1503989222504254,1.5996875282619247,1.1816556708673653,1.131068279596269
2012-05-23,2.1515384365170087,2.1515384365170087,1.600535215982407,1.18228184003124,1.1316676420809428
2012-05-24,2.155766805785068,2.155766805785068,1.6036807112265739,1.1846053514841264,1.13389168260851
2012-05-25,2.1487719535208862,2.1487719535208862,1.5984772218585008,1.1807616428776322,1.130212525483469
2012-05-29,2.1747988410631898,2.1747988410631898,1.6178386933371636,1.1950635563231637,1.1439021653968442
2012-05-30,2.1432416911912426,2.1432416911912426,1.594363244872552,1.1777227342474286,1.1273037143628049
2012-05-31,2.138524913226368,2.138524913226368,1.5908544210883149,1.1751308396120912,1.1248227802985407
2012-06-01,2.08468369908494,2.08468369908494,1.5508017974205226,1.145544805431037,1.0965033420677082
2012-06-04,2.083707994964146,2.083707994964146,1.5500759685070324,1.1450086508154935,1.0959901405543135
2012-06-05,2.09948609278319,2.09948609278319,1.5618133378107744,1.1536787996750653,1.104289115117048
2012-06-06,2.146658007445321,2.146658007445321,1.5969046517006997,1.1796000182403372,1.1291006306968279
2012-06-07,2.1479592643509995,2.1479592643509995,1.597872660204396,1.1803150658465928,1.129785066684211
2012-06-08,2.1650389371536747,2.1650389371536747,1.6105782746308768,1.1897004370979507,1.1387686445371854
2012-06-11,2.137549209105575,2.137549209105575,1.590128592174825,1.1745946849965478,1.124309578785146
2012-06-12,2.162110870557434,2.162110870557434,1.6084000780332777,1.1880914488947274,1.1372285380884306
2012-06-13,2.148284658096907,2.148284658096907,1.5981147214850806,1.1804938714445394,1.129956217506771
2012-06-14,2.1710569720242265,2.1710569720242265,1.6150551069188102,1.1930073793395437,1.1419340145888326
2012-06-15,2.193260880649555,2.193260880649555,1.63157265412323,1.2052085454911163,1.153612841465699
2012-06-18,2.1975123105692065,2.1975123105692065,1.6347353042479933,1.2075447288949817,1.155849011450388
2012-06-19,2.218768028816675,2.218768028816675,1.650547490086117,1.2192248593794197,1.1670291085109779
2012-06-20,2.2151704081293926,2.2151704081293926,1.6478712104036288,1.2172479476339895,1.1651368295485487
2012-06-21,2.1654656387276097,2.1654656387276097,1.6108956990766625,1.189934911887438,1.138993081319653
2012-06-22,2.18214310195873,2.18214310195873,1.6233021087236457,1.1990992668351756,1.1477651047101374
2012-06-25,2.147152777701196,2.147152777701196,1.5972727126216235,1.1798718971334028,1.1293608702906617
2012-06-26,2.157944049373278,2.157944049373278,1.6053003685738736,1.185801758442039,1.1350368706636642
2012-06-27,2.177401672952499,2.177401672952499,1.6197749469635991,1.1964938263212062,1.145271204674467
2012-06-28,2.171188179179835,2.171188179179835,1.6151527122739249,1.1930794783709737,1.142003027017284
2012-06-29,2.225308188647058,2.225308188647058,1.6554127325326462,1.2228187120697211,1.1704691062021477
2012-07-02,2.2320115224673254,2.2320115224673254,1.6603993605480825,1.2265022297372925,1.1739949302588835
2012-07-03,2.2467277170403155,2.2467277170403155,1.6713467771777617,1.2345888571024901,1.1817353642340163
2012-07-05,2.236590254600602,2.236590254600602,1.6638054916677865,1.2290182674522887,1.1764032548832735
2012-07-06,2.2153350134700642,2.2153350134700642,1.6479936607582275,1.2173383991461473,1.1652234087769697
2012-07-09,2.2125553302388927,2.2125553302388927,1.6459258469440492,1.215810948393014,1.1637613491109366
2012-07-10,2.193260880649555,2.193260880649555,1.6315726541232303,1.2052085454911163,1.1536128414656992
2012-07-11,2.1935885009411336,2.1935885009411336,1.6318163717372138,1.205388574587778,1.153785163408257
2012-07-12,2.1829605622979114,2.1829605622979114,1.6239102196633914,1.1995484656491764,1.148195073052248
2012-07-13,2.2195856481948324,2.2195856481948324,1.6511557193353836,1.2196741455861855,1.1674591605045166
2012-07-16,2.214353265868163,2.214353265868163,1.6472633360829256,1.2167989236055194,1.1647070285092949
2012-07-17,2.2295597776056857,2.2295597776056857,1.6585755009669305,1.225154982866352,1.1727053598382655
2012-07-18,2.2460731126130637,2.2460731126130637,1.6708598151878793,1.2342291484802281,1.1813910549546143
2012-07-19,2.251959304172102,2.251959304172102,1.6752385688826124,1.2374636421193292,1.1844870779720962
2012-07-20,2.2313575541959794,2.2313575541959794,1.6599128717962854,1.226142870686092,1.1736509555851953
2012-07-23,2.208794217483774,2.208794217483774,1.6431279450736118,1.213744196884784,1.1617830764800858
2012-07-24,2.189827229147038,2.189827229147038,1.629018351557255,1.2033217356867827,1.1518068071259777
2012-07-25,2.190318659584406,2.190318659584406,1.6293839279782305,1.2035917793317754,1.1520652900398147
2012-07-26,2.2264531102388414,2.2264531102388414,1.6562644427768538,1.2234478525876185,1.1710713128353882
2012-07-27,2.2674924819673445,2.2674924819673445,1.6867937415234733,1.2459992061202316,1.1926572293350544
2012-07-30,2.2674924819673445,2.2674924819673445,1.6867937415234733,1.2459992061202316,1.1926572293350544
2012-07-31,2.2516327971533583,2.2516327971533583,1.674995679435278,1.2372842247720253,1.184315341589537
2012-08-01,2.2496710513782987,2.2496710513782987,1.6735363314894098,1.236206235011189,1.1832835012199001
2012-08-02,2.2341378735830557,2.2341378735830557,1.6619811588485487,1.2276706710102867,1.1751133498569417
2012-08-03,2.2784475637852153,2.2784475637852153,1.6949432562827147,1.2520190819771988,1.1984193906793357
2012-08-06,2.2828626448116793,2.2828626448116793,1.6982276469049482,1.2544451925366293,1.2007416379838751
2012-08-07,2.294307407638177,2.294307407638177,1.7067414366804305,1.26073415071817,1.2067613620762807
2012-08-08,2.2970880451032074,2.2970880451032074,1.708809960351737,1.2622621258278957,1.2082239236508845
2012-08-09,2.2990489956833846,2.2990489956833846,1.7102687167499988,1.2633396786249051,1.2092553457633795
2012-08-10,2.3028102674774797,2.3028102674774797,1.7130667369299573,1.2654065175259008,1.211233702045659
2012-08-13,2.3016651868467193,2.3016651868467193,1.7122149083762277,1.2647772896152383,1.2106314117609902
2012-08-14,2.301992489060345,2.301992489060345,1.7124583893711687,1.2649571439263694,1.2108035664006913
2012-08-15,2.304608680223679,2.304608680223679,1.7144045809973973,1.2663947549167023,1.212179632398302
2012-08-16,2.3216126504735435,2.3216126504735435,1.7270538800917155,1.2757385272117445,1.2211233921713458
2012-08-17,2.3247194768793635,2.3247194768793635,1.729365056591313,1.2774457448832433,1.2227575228256513
2012-08-20,2.3248840822200356,2.3248840822200356,1.7294875069459117,1.277536196395401,1.2228441020540723
2012-08-21,2.317852014835354,2.317852014835354,1.7242563331498422,1.2736720378818103,1.2191453704947797
2012-08-22,2.3188336033982786,2.3188336033982786,1.7249865395156228,1.2742114260296729,1.2196616671110265
2012-08-23,2.299867251217449,2.299867251217449,1.7108774192373515,1.263789314402733,1.2096857323626322
2012-08-24,2.313764554100469,2.313764554100469,1.7212156601415929,1.2714259564190415,1.2169954451327984
2012-08-27,2.3142551893429544,2.3142551893429544,1.7215806450149616,1.2716955631002074,1.2172535097894932
2012-08-28,2.311966459432222,2.311966459432222,1.719878052693195,1.2704378938137708,1.2160496820830118
2012-08-29,2.313764554100469,2.313764554100469,1.7212156601415927,1.2714259564190415,1.2169954451327982
2012-08-30,2.2970880451032074,2.2970880451032074,1.7088099603517375,1.262262125827896,1.2082239236508843
2012-08-31,2.3080423317261967,2.3080423317261967,1.716958883563373,1.2682815647210366,1.2139856667380238
2012-09-04,2.305916934844324,2.305916934844324,1.715377795120034,1.2671136478046348,1.212867749048536
2012-09-05,2.3039545529133583,2.3039545529133583,1.7139179739360804,1.266035308472737,1.2118355740731852
2012-09-06,2.3507171012499923,2.3507171012499923,1.7487047591180473,1.291731578059947,1.2364317708761963
2012-09-07,2.3598732932047346,2.3598732932047346,1.7555160748812848,1.2967629543478167,1.2412477509135493
2012-09-10,2.3464655122913647,2.3464655122913647,1.7455419906837628,1.2893953072633166,1.234195517240079
2012-09-11,2.3530069444335604,2.3530069444335604,1.7504081796064634,1.2929898590957416,1.2376361841426768
2012-09-12,2.360854086572776,2.360854086572776,1.756245689699458,1.2973019055318524,1.2417636292726537
2012-09-13,2.3968259993932337,2.3968259993932337,1.7830052921672603,1.3170686633814876,1.2606841603083756
2012-09-14,2.4074540970754326,2.4074540970754326,1.7909115625506042,1.3229088597128547,1.266274334315813
2012-09-17,2.399278380410779,2.399278380410779,1.7848296249864974,1.3184162598234896,1.2619740653347074
2012-09-18,2.3973163165577667,2.3973163165577667,1.7833700404215866,1.3173380952771228,1.2609420576622135
2012-09-19,2.398623616944551,2.398623616944551,1.784342544687094,1.3180564638084622,1.2616296724038765
2012-09-20,2.3987875861293166,2.3987875861293166,1.784464521803607,1.3181465657495584,1.2617159170265837
2012-09-21,2.397784686343542,2.397784686343542,1.7837184619619657,1.3175954669711365,1.261188411118928
2012-09-24,2.394168140018057,2.394168140018057,1.781028103446437,1.3156081554866275,1.2592861776365163
2012-09-25,2.368690095983636,2.368690095983636,1.7620749181259578,1.3016078344743869,1.2458852188026397
2012-09-26,2.3553750347935623,2.3553750347935623,1.7521698083793837,1.2942911373720971,1.2388817539119417
2012-09-27,2.3775668564566774,2.3775668564566774,1.7686783640601813,1.3064856616735019,1.2505542232802478
2012-09-28,2.366553884451362,2.366553884451362,1.7604857846351674,1.30043397484994,1.244761612816019
2012-10-01,2.372799345058301,2.372799345058301,1.765131799538633,1.3038658887460117,1.2480466044103156
2012-10-02,2.375265403427825,2.375265403427825,1.7669663069767063,1.3052210009658356,1.249343703459492
2012-10-03,2.3849634411754836,2.3849634411754836,1.7741807032791874,1.31055012440532,1.254444683913493
2012-10-04,2.402059176914785,2.402059176914785,1.7868982669673248,1.3199443223259804,1.2634367105607387
2012-10-05,2.402223146099551,2.402223146099551,1.787020244083838,1.3200344242670767,1.2635229551834462
2012-10-08,2.39400512506715,2.39400512506715,1.7809068361870521,1.3155185779021235,1.2592004349223793
2012-10-09,2.370334399961613,2.370334399961613,1.7632981202672093,1.3025113882755455,1.2467500909211382
2012-10-10,2.355211701764703,2.355211701764703,1.7520483045009565,1.2942013850020628,1.2387958438949482
2012-10-11,2.3565253637105474,2.3565253637105474,1.7530255411473181,1.2949232492440172,1.2394868046937486
2012-10-12,2.3488005225442565,2.3488005225442565,1.7472790110762428,1.290678407844476,1.2354236875122317
2012-10-15,2.3683618395361514,2.3683618395361514,1.7618307272738891,1.3014274558066639,1.2457125622543683
2012-10-16,2.3923595487773612,2.3923595487773612,1.7796826875696303,1.3146143249588422,1.2583348935924537
2012-10-17,2.4032103010266526,2.4032103010266526,1.7877545912828663,1.3205768711617272,1.264042179599688
2012-10-18,2.3969632500299474,2.3969632500299474,1.7831073932841865,1.3171440833380015,1.2607563514911067
2012-10-19,2.357019179732563,2.357019179732563,1.7533928922111142,1.2951946037804904,1.2397465423790122
2012-10-22,2.3573479132969766,2.3573479132969766,1.753637437991747,1.2953752446265094,1.2399194498815689
2012-10-23,2.324635981416703,2.324635981416703,1.7293029440926035,1.277399863681424,1.2227136058257269
2012-10-24,2.31806131012842,2.31806131012842,1.724412028479941,1.2737870467610373,1.219255455774588
2012-10-25,2.3248013819522577,2.3248013819522577,1.7294259859948093,1.277490752157409,1.2228006033112904
2012-10-26,2.3234862886556242,2.3234862886556242,1.7284476845627552,1.276768101380566,1.2221088896496342
2012-10-31,2.3234862886556242,2.3234862886556242,1.7284476845627552,1.276768101380566,1.2221088896496342
2012-11-01,2.3478143218510135,2.3478143218510135,1.7465453737343433,1.2901364853064177,1.234904965004561
2012-11-02,2.326937752523509,2.326937752523509,1.7310152377951216,1.2786646991746216,1.2239242929493397
2012-11-05,2.3317049458439314,2.3317049458439314,1.7345615656976265,1.2812842973165808,1.2264317445164146
2012-11-06,2.3499516466561237,2.3499516466561237,1.7481353353917835,1.2913109566802223,1.2360291565511805
2012-11-07,2.2966921970907124,2.2966921970907124,1.7085154879530942,1.2620446052348908,1.208015715245531
2012-11-08,2.2690773053681115,2.2690773053681115,1.6879726959037387,1.2468700750271418,1.1934908158193203
2012-11-09,2.2710493886766434,2.2710493886766434,1.6894397339684948,1.2479537453177272,1.194528093531805
2012-11-12,2.2728582979952923,2.2728582979952923,1.6907853864643447,1.2489477506310434,1.1954795448787245
2012-11-13,2.264967102059588,2.264967102059588,1.684915104633936,1.2446114963989254,1.191328928303074
2012-11-14,2.2343929721013533,2.2343929721013533,1.6621709273207967,1.2278108490059407,1.1752475267481368
2012-11-15,2.2306126156300787,2.2306126156300787,1.6605245865927838,1.226594731593592,1.1732591322944461
2012-11-16,2.241626064752324,2.241626064752324,1.6605404011126563,1.2266064134481787,1.1790519937129604
2012-11-19,2.2869946364599834,2.2869946364599834,1.6605568747277468,1.226618582162598,1.2029149857458157
2012-11-20,2.28798020099732,2.28798020099732,1.6596119233651052,1.225920566383496,1.203433373647773
2012-11-21,2.292254691568563,2.292254691568563,1.6627124727121907,1.2282108772436229,1.2056816730895838
2012-11-23,2.323486288655626,2.323486288655626,1.6853666595311285,1.2449450505434372,1.2221088896496348
2012-11-26,2.3185548080724843,2.3185548080724843,1.6817895551610564,1.2423027184695148,1.2195150261569954
2012-11-27,2.3067191274417627,2.3067191274417627,1.6732044123843293,1.235961053320479,1.213289686853518
2012-11-28,2.325293925662463,2.325293925662463,1.6866778491683267,1.245913598864909,1.2230596717851272
2012-11-29,2.3361430875219886,2.3361430875219886,1.6945474095660689,1.2517266782988212,1.2287661212780767
2012-11-30,2.3366364264270745,2.3366364264270745,1.6949052584359077,1.2519910137636465,1.2290256080090547
2012-12-03,2.3251304335946266,2.3251304335946266,1.686559258375872,1.2458259983304665,1.222973678116705
2012-12-04,2.3218429389115083,2.3218429389115083,1.68417463748985,1.2440645288290457,1.221244519439707
2012-12-05,2.3259525060641266,2.3259525060641266,1.6871555577982436,1.2462664722239811,1.22340607235024
2012-12-06,2.3338416344931368,2.3338416344931368,1.692878024976953,1.250493538868941,1.2275556014573215
2012-12-07,2.3409101218034354,2.3409101218034354,1.6980052309795282,1.2542808985511353,1.2312734891937238
2012-12-10,2.341896322496678,2.341896322496678,1.6987205826371268,1.2548093138372032,1.2317922117013946
2012-12-11,2.3578407750851356,2.3578407750851356,1.7102860689187822,1.2633524963085359,1.240178685658263
2012-12-12,2.3589912630410965,2.3589912630410965,1.7111205881723004,1.2639689382016843,1.240783820091498
2012-12-13,2.344526509089944,2.344526509089944,1.7006284177787756,1.2562185916957727,1.233175639024707
2012-12-14,2.3358140358796216,2.3358140358796216,1.69430872829215,1.2515503694410766,1.228593046472663
2012-12-17,2.363265912651316,2.363265912651316,1.7142212528800789,1.2662593342763386,1.2430322031847372
2012-12-18,2.389565711077283,2.389565711077283,1.7332981046075582,1.2803510050731748,1.2568653889492913
2012-12-19,2.3718129853260836,2.3718129853260836,1.7204209672459332,1.27083893342226,1.2475277982512176
2012-12-20,2.3854561439246655,2.3854561439246655,1.7303171842991654,1.27814906167824,1.2547038360387588
2012-12-21,2.3638036234308437,2.3638036234308437,1.7146112873832786,1.2665474445943834,1.243315028664246
2012-12-24,2.356519638307395,2.356519638307395,1.7093277676416216,1.2626446192271992,1.2394837932423262
2012-12-26,2.34658685903043,2.34658685903043,1.702122915557229,1.2573225459017083,1.2342593432799682
2012-12-27,2.343441068075369,2.343441068075369,1.6998410810487143,1.2556370025444399,1.232604718025698
2012-12-28,2.3181136339516883,2.3181136339516883,1.681469544598538,1.2420663333697641,1.2192829770945413
2012-12-31,2.357513472871509,2.357513472871509,1.7100486566124864,1.2631771248105952,1.2400065310185615
2013-01-02,2.4179363560161864,2.4179363560161864,1.7538770679192328,1.2955522542347737,1.2717877999633835
2013-01-03,2.4124740033295056,2.4124740033295056,1.7499148895557624,1.2926254760674962,1.2689147080026573
2013-01-04,2.4230682257097107,2.4230682257097107,1.7575995267625466,1.2983019566135572,1.2744870642558397
2013-01-07,2.4164466379233622,2.4164466379233622,1.7527964843074402,1.2947540497541097,1.2710042370333152
2013-01-08,2.4094929767540925,2.4094929767540925,1.7477525687252464,1.2910282149608916,1.2673467456282366
2013-01-09,2.415618999089685,2.415618999089685,1.7521961472608119,1.2943105933521266,1.2705689149997854
2013-01-10,2.434821842228562,2.434821842228562,1.7661251434216605,1.3045996510663165,1.2806692394222494
2013-01-11,2.434656282654031,2.434656282654031,1.766005052940196,1.3045109427430142,1.2805821582852575
2013-01-14,2.433000209791793,2.433000209791793,1.7648038020434738,1.3036236038664095,1.2797110959610554
2013-01-15,2.434656282654031,2.434656282654031,1.766005052940196,1.3045109427430142,1.2805821582852575
2013-01-16,2.4343246863880394,2.4343246863880394,1.7657645258951882,1.3043332704528268,1.2804077450569888
2013-01-17,2.4500512555786993,2.4500512555786993,1.777171968027366,1.3127597090212546,1.2886796165569132
2013-01-18,2.455515357694121,2.455515357694121,1.7811354153584602,1.3156874245483363,1.291553628683352
2013-01-22,2.468758215188866,2.468758215188866,1.7907412695472875,1.3227830678381765,1.2985191158255445
2013-01-23,2.4727318040165813,2.4727318040165813,1.7936235564631238,1.3249121528119558,1.300609146764773
2013-01-24,2.4733934061587983,2.4733934061587983,1.7941034569462087,1.3252666452470536,1.3009571367070258
2013-01-25,2.4872992971465493,2.4872992971465493,1.8041902498643585,1.3327175479027409,1.3082713666543273
2013-01-28,2.484319383843971,2.484319383843971,1.802028736558694,1.3311208832978296,1.3067039898399055
2013-01-29,2.4940877168192404,2.4940877168192404,1.8091143056864736,1.336354844801712,1.311841944225271
2013-01-30,2.484319383843971,2.484319383843971,1.802028736558694,1.3311208832978296,1.3067039898399055
2013-01-31,2.478193838625308,2.478193838625308,1.7975855041052078,1.3278387605501776,1.303482071422642
2013-02-01,2.5036879455963548,2.5036879455963548,1.8160779385617,1.3414987345498495,1.3168914790507897
2013-02-04,2.4755459987056514,2.4755459987056514,1.7956648639266308,1.3264200238790373,1.3020893587907747
2013-02-05,2.5005431088751524,2.5005431088751524,1.8137967962173438,1.3398137024797472,1.3152373557050903
2013-02-06,2.5023631509221556,2.5023631509221556,1.8151169839885994,1.3407888975343771,1.3161946626519996
2013-02-07,2.4990540269382344,2.4990540269382344,1.8127166740483232,1.3390158388571938,1.3144541273807357
2013-02-08,2.5129591227311026,2.5129591227311026,1.8228028901630076,1.3464663154402425,1.321767939070895
2013-02-11,2.5124614897736515,2.5124614897736515,1.8224419265544565,1.34619967918317,1.3215061937513495
2013-02-12,2.5166004791369208,2.5166004791369208,1.8254441885910637,1.3484173872657237,1.3236832221761412
2013-02-13,2.518752117449915,2.518752117449915,1.8270049034073272,1.3495702546105408,1.3248149423513191
2013-02-14,2.521070428610275,2.521070428610275,1.8286865162299066,1.3508124267803538,1.3260343292234877
2013-02-15,2.5180903562687207,2.5180903562687207,1.8265248875635491,1.349215676960915,1.3244668687576375
2013-02-19,2.5369620802585358,2.5369620802585358,1.8402137027614693,1.3593273180285006,1.3343930309061183
2013-02-20,2.505344813653474,2.505344813653474,1.817279766261887,1.342386499499092,1.3177629596321339
2013-02-21,2.4901139689525476,2.4901139689525476,1.8062319034099437,1.3342256746134045,1.309751829634614
2013-02-22,2.51444820466802,2.51444820466802,1.8238830123320275,1.3472641790627953,1.3225511673952495
2013-02-25,2.4666073720707526,2.4666073720707526,1.7891811315344883,1.321630626565997,1.2973878139075086
2013-02-26,2.483491745010292,2.483491745010292,1.8014283995120646,1.330677426895846,1.3062686678063753
2013-02-27,2.514779323817081,2.514779323817081,1.8241231932949558,1.3474415957093993,1.3227253296692323
2013-02-28,2.509814763126829,2.509814763126829,1.82052209390073,1.3447815390137223,1.3201140666794804
2013-03-01,2.5180903562687207,2.5180903562687207,1.826524887563549,1.3492156769609147,1.3244668687576373
2013-03-04,2.531499409493903,2.531499409493903,1.8362512936766129,1.356400369432168,1.3315197716425353
2013-03-05,2.554178685619973,2.554178685619973,1.8527019592268255,1.3685521315066476,1.3434486326389674
2013-03-06,2.557655595724096,2.557655595724096,1.8552239746982686,1.3704150915105202,1.3452774201672206
2013-03-07,2.5622914228499343,2.5622914228499343,1.858586623539962,1.3728990097775082,1.3477157756544158
2013-03-08,2.573216128223295,2.573216128223295,1.8665109802669029,1.3787525661120628,1.353461959575868
2013-03-11,2.5829835069647054,2.5829835069647054,1.8735958572305242,1.3839860163287792,1.3585994120526628
2013-03-12,2.5771897170510103,2.5771897170510103,1.8693932671827391,1.3808816510858422,1.3555519905150966
2013-03-13,2.5808317096127342,2.5808317096127342,1.8720350270535673,1.382833063769434,1.3574676082260564
2013-03-14,2.594572518142883,2.594572518142883,1.8820020755723315,1.3901955137454016,1.364695007990651
2013-03-15,2.591145387238403,2.591145387238403,1.879516167997813,1.388359225888689,1.3628924033594951
2013-03-18,2.5768474651735933,2.5768474651735933,1.8691450109712968,1.380698269422301,1.3553719726411233
2013-03-19,2.570860283864481,2.570860283864481,1.8648021423207637,1.37749028331372,1.3522228309665907
2013-03-20,2.588818647012288,2.588818647012288,1.8778284410585018,1.3871125373489093,1.3616685829616197
2013-03-21,2.566703959252773,2.566703959252773,1.8617873059686136,1.37526328684765,1.3500366845361005
2013-03-22,2.5873222492824515,2.5873222492824515,1.8767430122976012,1.3863107538580832,1.3608815066715578
2013-03-25,2.576513324283978,2.576513324283978,1.8689026381551999,1.3805192336996706,1.3551962209899997
2013-03-26,2.597133522781374,2.597133522781374,1.8838597288125039,1.3915677232844357,1.366042046942598
2013-03-27,2.597133522781374,2.597133522781374,1.8838597288125039,1.3915677232844357,1.366042046942598
2013-03-28,2.605114416699822,2.605114416699822,1.889648759111103,1.39584395871186,1.3702398429238816
2013-04-01,2.5948043969706123,2.5948043969706123,1.8821702714627975,1.3903197565267413,1.3648169717732965
2013-04-02,2.607608784007162,2.607608784007162,1.891458076220888,1.3971804633638014,1.3715518319273179
2013-04-03,2.5811687132039256,2.5811687132039256,1.8722794763621387,1.3830136333535619,1.3576448656028914
2013-04-04,2.5916438153907366,2.5916438153907366,1.8798777084098293,1.3886262882183997,1.3631545669361829
2013-04-05,2.58000709251961,2.58000709251961,1.8714368818601068,1.3823912264434766,1.3570338755696667
2013-04-08,2.5974659142422483,2.5974659142422483,1.8841008326609774,1.3917458216472618,1.3662168784280093
2013-04-09,2.606443982543316,2.606443982543316,1.8906131745049948,1.3965563521631628,1.3709391688655246
2013-04-10,2.638369943801754,2.638369943801754,1.9137710261097858,1.4136625720907745,1.3877316075620842
2013-04-11,2.647016892953761,2.647016892953761,1.9200431869908752,1.4182956859600715,1.3922797357256167
2013-04-12,2.6405320786871975,2.6405320786871975,1.915339354731791,1.414821063594418,1.3888688487315386
2013-04-15,2.5793407192080986,2.5793407192080986,1.8709535205562302,1.3820341775725484,1.356683376084561
2013-04-16,2.6174192623112025,2.6174192623112025,1.8985742159323251,1.4024370067175154,1.376711953941216
2013-04-17,2.5791738873217556,2.5791738873217556,1.8708325071892213,1.3819447875330249,1.3565956257361416
2013-04-18,2.563045267598518,2.563045267598518,1.8591334332250151,1.3733029266386532,1.348112283425156
2013-04-19,2.585325992049493,2.585325992049493,1.8752950048784467,1.3852411411067975,1.3598315139419523
2013-04-22,2.596799699969713,2.596799699969713,1.8836175867177938,1.3913888579908613,1.3658664625943318
2013-04-23,2.6235710489609874,2.6235710489609874,1.9030364829001647,1.405733189862233,1.37994767484417
2013-04-24,2.6252339604992136,2.6252339604992136,1.9042426943066877,1.406624192963527,1.380822334179794
2013-04-25,2.6358746222605554,2.6358746222605554,1.9119610168358425,1.412325556151667,1.386419116650077
2013-04-26,2.631219233340608,2.631219233340608,1.908584178628904,1.409831156497776,1.3839704720371853
2013-04-29,2.6488452050275417,2.6488452050275417,1.9213693735181692,1.4192753121701398,1.3932413925468037
2013-04-30,2.655164300680598,2.655164300680598,1.925952999935096,1.4226611409979633,1.3965651147524616
2013-05-01,2.6318857656910963,2.6318857656910963,1.9090676552934733,1.4101882905832315,1.3843210551737195
2013-05-02,2.6563297383003497,2.6563297383003497,1.926798363093761,1.423285593056713,1.397178112419969
2013-05-03,2.683264897437413,2.683264897437413,1.9463360807899726,1.4377176958915823,1.411345485641086
2013-05-06,2.690083534515639,2.690083534515639,1.9512820551437673,1.4413711835508105,1.4149319569834309
2013-05-07,2.7037185821264194,2.7037185821264194,1.961172388801654,1.4486769658658794,1.4221037285481224
2013-05-08,2.7160237458157526,2.7160237458157526,1.9700980763442624,1.4552701843005902,1.4285760068683138
2013-05-09,2.7083730168125077,2.7083730168125077,1.964548534844434,1.4511708542326043,1.4245518712524432
2013-05-10,2.717187593045739,2.717187593045739,1.970942285895997,1.455893784214063,1.4291881680215366
2013-05-13,2.7193482965803937,2.7193482965803937,1.9725095762717646,1.4570515087869573,1.4303246563281349
2013-05-14,2.7474495294931147,2.7474495294931147,1.9928931185694134,1.4721084045386867,1.445105361822473
2013-05-15,2.7622487424118347,2.7622487424118347,2.0036278925004205,1.4800379571962836,1.452889461843244
2013-05-16,2.7492791138787074,2.7492791138787074,1.9942202279822518,1.4730887124649767,1.4460676878550878
2013-05-17,2.7758841081005685,2.7758841081005685,2.0135184568796936,1.487343909940408,1.4600614007107924
2013-05-20,2.775718389487061,2.775718389487061,2.013398251037536,1.4872551164025782,1.4599742359223724
2013-05-21,2.779708041251402,2.779708041251402,2.0162921893833703,1.4893928080436518,1.462072715655872
2013-05-22,2.7590895921827476,2.7590895921827476,2.00133636769369,1.478345255818691,1.4512278098689861
2013-05-23,2.7511080621083943,2.7511080621083943,1.995546875952319,1.4740686795331561,1.4470296792819892
2013-05-24,2.748779413414562,2.748779413414562,1.9938577646846916,1.4728209684190448,1.4458048550669729
2013-05-28,2.7652418559494616,2.7652418559494616,2.005798980743608,1.4816416946069912,1.4544637817262251
2013-05-29,2.7472838108796074,2.7472838108796074,1.992772912727256,1.472019611000857,1.4450181970340528
2013-05-30,2.7574285891122394,2.7574285891122394,2.000131540615483,1.477455275291729,1.450354154350503
2013-05-31,2.717853012123392,2.717853012123392,1.971424955035715,1.4562503217978249,1.4295381655980717
2013-06-03,2.7328166713438073,2.7328166713438073,1.9822790119233353,1.4642679862770303,1.4374087611958355
2013-06-04,2.7196806880412665,2.7196806880412665,1.9727506801202372,1.4572296071497828,1.4304994878135455
2013-06-05,2.681603258210998,2.681603258210998,1.9451307922689935,1.4368273745065092,1.410471495516889
2013-06-06,2.705879603739026,2.705879603739026,1.9627399098988072,1.4498348608678286,1.4232403841575771
2013-06-07,2.740300409421733,2.740300409421733,1.9877074246954622,1.468277841090965,1.4413450628118587
2013-06-10,2.740300409421733,2.740300409421733,1.9877074246954622,1.468277841090965,1.4413450628118587
2013-06-11,2.7120337759734574,2.7120337759734574,1.9672039072770422,1.453132322230461,1.4264773598319573
2013-06-12,2.6895841521294455,2.6895841521294455,1.9509198225675926,1.4411036099339336,1.4146692914981727
2013-06-13,2.73048961303974,2.73048961303974,1.9805910542626386,1.4630211273081954,1.4361847734951037
2013-06-14,2.713362387583093,2.713362387583093,1.968167630506776,1.4538442043945976,1.4271761838650299
2013-06-17,2.7343138642685263,2.7343138642685263,1.9833650174877013,1.4650701958404946,1.4381962557430399
2013-06-18,2.7559301238757072,2.7559301238757072,1.999044612165573,1.476652384012043,1.4495659905918714
2013-06-19,2.7178530121233915,2.7178530121233915,1.9714249550357152,1.4562503217978247,1.429538165598072
2013-06-20,2.65050843464372,2.65050843464372,1.9225758156460782,1.4201664857004892,1.394116219185285
2013-06-21,2.6590163837302705,2.6590163837302705,1.9287471512814423,1.4247251220726045,1.3985912360003727
2013-06-24,2.6254178095560396,2.6254178095560396,1.904376051267852,1.4067227009575107,1.3809190352310547
2013-06-25,2.6506595216713897,2.6506595216713897,1.922685408304475,1.420247439501774,1.39419568804229
2013-06-26,2.676903020299678,2.676903020299678,1.9417214223466153,1.4343089443558161,1.4079992612011818
2013-06-27,2.6926170254111947,2.6926170254111947,1.953119750984042,1.442728650976558,1.4162645242382603
2013-06-28,2.6815838554558646,2.6815838554558646,1.9451167182644415,1.436816978334134,1.4104612900426214
2013-07-01,2.6972965882555693,2.6972965882555693,1.956514124016324,1.4452360032386546,1.4187258838682726
2013-07-02,2.694788861674204,2.694788861674204,1.9546951166083228,1.4438923405663893,1.4174068681448484
2013-07-03,2.695959388541204,2.695959388541204,1.9555441713091657,1.4445195194900242,1.4180225426580653
2013-07-05,2.725045390796379,2.725045390796379,1.9766420270181757,1.4601040635970726,1.4333212177972183
2013-07-08,2.7405924049825767,2.7405924049825767,1.987919226927901,1.4684342949637634,1.4414986468344495
2013-07-09,2.760316736925379,2.760316736925379,2.002226490801258,1.479002771114176,1.451873264290723
2013-07-10,2.7613190005552473,2.7613190005552473,2.0029534938888545,1.4795397930675382,1.4524004355926647
2013-07-11,2.7989310823402933,2.7989310823402933,2.030235836352236,1.499692688002856,1.4721836638097463
2013-07-12,2.800099700739575,2.800099700739575,2.0310835067247623,1.500318844352159,1.472798334505822
2013-07-15,2.810797934610408,2.810797934610408,2.038843589824801,1.5060510551993147,1.4784253987931952
2013-07-16,2.8002679639767067,2.8002679639767067,2.031205558338008,1.5004090013224314,1.472886837717097
2013-07-17,2.8074558895583523,2.8074558895583523,2.0364194002210634,1.504260357114904,1.4766675476762472
2013-07-18,2.8228327320397004,2.8228327320397004,2.0475731641892256,1.51249940893699,1.4847554696850622
2013-07-19,2.8278481852024315,2.8278481852024315,2.051211179005228,1.515186734281521,1.4873935011319108
2013-07-22,2.833366201530885,2.833366201530885,2.0552137336112657,1.518143337533482,1.4902958710925862
2013-07-23,2.827346894348521,2.827346894348521,2.0508475621007367,1.5149181380903123,1.4871298318295116
2013-07-24,2.8169829604062797,2.8169829604062797,2.0433299671774874,1.5093650481803143,1.4816786028446902
2013-07-25,2.823836267981381,2.823836267981381,2.048301090162367,1.513037112606574,1.4852833101984317
2013-07-26,2.8268462396505165,2.8268462396505165,2.0504844066390175,1.5146498827572143,1.486866497132826
2013-07-29,2.8181544415071387,2.8181544415071387,2.0441797140424884,1.5099927383911151,1.4822947792664776
2013-07-30,2.8181544415071387,2.8181544415071387,2.0441797140424884,1.5099927383911151,1.4822947792664776
2013-07-31,2.8201592868448286,2.8201592868448286,2.0456339509390675,1.5110669527268952,1.4833492891732183
2013-08-01,2.8527555973891907,2.8527555973891907,2.069278047865061,1.5285323518886267,1.5004943186405943
2013-08-02,2.8576031053927435,2.8576031053927435,2.072794241789203,1.5311296906919405,1.5030440141790247
2013-08-05,2.8534238791684206,2.8534238791684206,2.069762793497254,1.5288904233338867,1.500845821942841
2013-08-06,2.837209537436852,2.837209537436852,2.058001540119494,1.520202631809102,1.4923173915119337
2013-08-07,2.8280167665175164,2.8280167665175164,2.0513334613398597,1.5152770616808493,1.4874821716460427
2013-08-08,2.838380382381805,2.838380382381805,2.0588508255417226,1.520829981161792,1.4929332333280072
2013-08-09,2.8301892389364314,2.8301892389364314,2.0529092884069127,1.516441092128791,1.4886248501583443
2013-08-12,2.826846239650517,2.826846239650517,2.050484406639017,1.5146498827572143,1.4868664971328258
2013-08-13,2.8352031017093977,2.8352031017093977,2.0565461496159845,1.5191275653280452,1.4912620450909087
2013-08-14,2.8206618500105516,2.8206618500105516,2.045998490729103,1.5113362306343254,1.4836136276870449
2013-08-15,2.781210959579276,2.781210959579276,2.017382347932686,1.490198085330113,1.4628632216545
2013-08-16,2.7720172344260816,2.7720172344260816,2.010713576988893,1.4852720039146945,1.4580274998800384
2013-08-19,2.754297429743016,2.754297429743016,1.9978603192907287,1.4757775716710066,1.4487072250276487
2013-08-20,2.767838644357665,2.767838644357665,2.007682590139716,1.4830330774147515,1.4558296422495687
2013-08-21,2.7507893479995005,2.7507893479995005,1.9953156931234477,1.473897909619711,1.4468620418194238
2013-08-22,2.775861206487954,2.775861206487954,2.013501844939894,1.4873316390484246,1.4600493549050997
2013-08-23,2.785222240644421,2.785222240644421,2.020291975332774,1.4923473661469495,1.4649730779822654
2013-08-26,2.7748583067021797,2.7748583067021797,2.012774380409525,1.4867942762369515,1.459521848997444
2013-08-27,2.730226880650572,2.730226880650572,1.9804004783977205,1.462880352908489,1.436046581335344
2013-08-28,2.7399228508915363,2.7399228508915363,1.9874335584101628,1.4680755418022826,1.4411464743207754
2013-08-29,2.7442681138073195,2.7442681138073195,1.9905854432656553,1.4704037731272217,1.443431998648236
2013-08-30,2.7355756795080355,2.7355756795080355,1.9842802892263542,1.4657462879030119,1.438859946176174
2013-09-03,2.7479466853336376,2.7479466853336376,1.993253736095885,1.4723747851521771,1.445366856187734
2013-09-04,2.770681307023528,2.770681307023528,2.009744547167279,1.4845562018822853,1.4573248278812585
2013-09-05,2.7741900249229503,2.7741900249229503,2.0122896347773325,1.486436204791692,1.4591703456951974
2013-09-06,2.7755278607932223,2.7755278607932223,2.013260048927263,1.4871530293984332,1.4598740215111186
2013-09-09,2.8021061364670317,2.8021061364670317,2.032538897228272,1.501393910833216,1.4738536809268472
2013-09-10,2.822832732039702,2.822832732039702,2.0475731641892256,1.5124994089369905,1.4847554696850624
2013-09-11,2.8316931114981645,2.8316931114981645,2.054000139120387,1.5172468807024175,1.4894158580655426
2013-09-12,2.8241702498320214,2.8241702498320214,2.04854334761777,1.5132160631146765,1.4854589781981267
2013-09-13,2.83052417502093,2.83052417502093,2.053152238026475,1.5166205539240594,1.48880102006661
2013-09-16,2.8469055076778176,2.8469055076778176,2.0650346201319363,1.5253978207028953,1.497417284497365
2013-09-17,2.85960858688634,2.85960858688634,2.074248940128554,1.532204245885831,1.504098858691479
2013-09-18,2.8927065063625657,2.8927065063625657,2.0982568846804246,1.5499384116678263,1.5215077247641111
2013-09-19,2.8878589983590133,2.8878589983590133,2.0947406907562827,1.5473410728645127,1.5189580292256808
2013-09-20,2.867669000293035,2.867669000293035,2.080095650773677,1.536523088577089,1.5083384803869755
2013-09-23,2.8543984700163803,2.8543984700163803,2.0704697238242593,1.5294126179594347,1.5013584378962368
2013-09-24,2.84767939133744,2.84767939133744,2.0655959652643134,1.5258124745945267,1.4978243323480869
2013-09-25,2.8394494423818024,2.8394494423818024,2.0596262801203995,1.5214027932167749,1.4934955382298882
2013-09-26,2.8503684223520094,2.8503684223520094,2.0675464838623907,1.5272532818283335,1.499238710699917
2013-09-27,2.8372648830006737,2.8372648830006737,2.0580416856406747,1.5202322864647304,1.4923465022090259
2013-09-30,2.8221469559730585,2.8221469559730585,2.0470757288807966,1.5121319638936872,1.4843947647256888
2013-10-01,2.8444890694689606,2.8444890694689606,2.063281829761745,1.5241030711695114,1.4961462846938576
2013-10-02,2.8418003565323446,2.8418003565323446,2.061331541885054,1.5226624343647601,1.4947320736448844
2013-10-03,2.815596458609203,2.815596458609203,2.042324252655483,1.5086221479281072,1.4809493296916707
2013-10-04,2.8369283565264114,2.8369283565264114,2.0577975824141825,1.5200519725241857,1.4921694957864762
2013-10-07,2.8124058186627696,2.8124058186627696,2.0400098864315286,1.5069125740740366,1.4792711147345843
2013-10-08,2.779649514908054,2.779649514908054,2.0162497366483274,1.4893614490974714,1.4620419319302114
2013-10-09,2.7816654929740983,2.7816654929740983,2.01771204879342,1.490441628450188,1.4631022974369416
2013-10-10,2.8416327294511188,2.8416327294511188,2.06120995171458,1.5225726182525985,1.4946439050393228
2013-10-11,2.8599419325810724,2.8599419325810724,2.0744907361411844,1.532382855535823,1.5042741920854599
2013-10-14,2.8713644299508614,2.8713644299508614,2.0827761718373696,1.5385031333419779,1.5102822049778861
2013-10-15,2.8505347771214224,2.8505347771214224,2.0676671511473197,1.5273424162242744,1.4993262100940505
2013-10-16,2.890346367951387,2.890346367951387,2.096544931995573,1.5486738280772372,1.5202663375662662
2013-10-17,2.9096626058805044,2.9096626058805044,2.110556180330566,1.559023643749654,1.530426305457198
2013-10-18,2.929315052205931,2.929315052205931,2.124811301170665,1.5695536029335608,1.540763112467823
2013-10-21,2.9294829973651093,2.9294829973651093,2.124933122062525,1.569643589474778,1.540851448376241
2013-10-22,2.946448957299591,2.946448957299591,2.1372395700756357,1.5787341048573207,1.5497752154578908
2013-10-23,2.932339973538857,2.932339973538857,2.127005461552462,1.571174383249802,1.5423541626364894
2013-10-24,2.942081110849146,2.942081110849146,2.1340713040017305,1.576393773069453,1.5474778126275939
2013-10-25,2.955519268207026,2.955519268207026,2.1438188211216223,1.5835940597992693,1.5545460237238937
2013-10-28,2.9602236411317335,2.9602236411317335,2.1472311904220196,1.5861147055276819,1.5570204329767405
2013-10-29,2.9760130307181085,2.9760130307181085,2.1586842000279516,1.5945748038345382,1.565325346790893
2013-10-30,2.961231312086803,2.961231312086803,2.1479621157731796,1.5866546247749846,1.5575504484272487
2013-10-31,2.9528327818160807,2.9528327818160807,2.1418701482946334,1.582154615997905,1.5531329837949182
2013-11-01,2.9598864785015655,2.9598864785015655,2.146986625752755,1.585934050729026,1.5568430919484768
2013-11-04,2.9703009868383323,2.9703009868383323,2.1545409053763938,1.5915142388588226,1.5623209220875378
2013-11-05,2.9608954217684467,2.9608954217684467,2.1477184739894595,1.5864746516925505,1.5573737766104125
2013-11-06,2.976013030718109,2.976013030718109,2.158684200027951,1.5945748038345382,1.5653253467908927
2013-11-07,2.9383850450354134,2.9383850450354134,2.1313903214952643,1.5744133874464536,1.5455337534309685
2013-11-08,2.9780283726282475,2.9780283726282475,2.160146050730271,1.5956546423291442,1.5663853776919094
2013-11-11,2.9785325261837348,2.9785325261837348,2.1605117441272372,1.595924772381851,1.5666505527200203
2013-11-12,2.9724849100635544,2.9724849100635544,2.1561250384133457,1.5926844047527564,1.563469623502686
2013-11-13,2.9963363034463892,2.9963363034463892,2.1734259122713318,1.6054641978961475,1.5760149955266192
2013-11-14,3.0112869214707323,3.0112869214707323,2.184270509582122,1.6134748747840841,1.583878731707252
2013-11-15,3.024390142744115,3.024390142744115,2.193775077082452,1.6204956997186322,1.5907707728952862
2013-11-18,3.0138070530922647,3.0138070530922647,2.186098515124181,1.614825184189508,1.5852042722420936
2013-11-19,3.0072565557284086,3.0072565557284086,2.1813470388988674,1.6113153682239278,1.5817588372080753
2013-11-20,2.997848764112852,2.997848764112852,2.1745229924622302,1.6062745880542684,1.5768105206109522
2013-11-21,3.022036683969949,3.022036683969949,2.1920679695467085,1.6192346951382046,1.5895328990574353
2013-11-22,3.0371555652314233,3.0371555652314233,2.203034618470745,1.6273355289964138,1.5974851384493431
2013-11-25,3.034132870444169,3.034132870444169,2.2008420731386504,1.62571594168356,1.595895259400675
2013-11-26,3.0349725962400598,3.0349725962400598,2.2014511775979506,1.6261658743896459,1.5963369389427653
2013-11-27,3.042362819399807,3.042362819399807,2.2068117582825644,1.6301256230613121,1.6002240535188739
2013-11-29,3.0403474774896684,3.0403474774896684,2.205349907580244,1.6290457845667061,1.5991640226178572
2013-12-02,3.032452146540575,3.032452146540575,2.1996229413345056,1.6248153945551673,1.5950112311050673
2013-12-03,3.019350197579004,3.019350197579004,2.19011929671972,1.6177952513368408,1.5881198591284604
2013-12-04,3.0190146253386008,3.0190146253386008,2.1898758856573863,1.6176154486834617,1.5879433546144812
2013-12-05,3.0057447312178516,3.0057447312178516,2.180250420150741,1.610505318923918,1.5809636467294563
2013-12-06,3.039339806534599,3.039339806534599,2.2046189822290843,1.6285058653194031,1.598634007167349
2013-12-09,3.047066874246562,3.047066874246562,2.2102238968615766,1.6326460983606697,1.6026982954688642
2013-12-10,3.036146940042496,3.036146940042496,2.2023030009554274,1.626795098461945,1.5969546210902648
2013-12-11,3.0020486654041196,3.0020486654041196,2.1775694376442765,1.6085249333009193,1.5790195875328317
2013-12-12,2.9921389467787467,2.9921389467787467,2.170381312860376,1.6032152160819404,1.5738072670275955
2013-12-13,2.9918027383824373,2.9918027383824373,2.17013744035527,1.6030350725704507,1.5736304279079025
2013-12-16,3.01044910414256,3.01044910414256,2.1836627894511396,1.6130259646523313,1.5834380559823034
2013-12-17,3.0008720950560135,3.0008720950560135,2.176715999237098,1.6078945162252334,1.5784007342653348
2013-12-18,3.0521055470998615,3.0521055470998615,2.213878754338764,1.6353458650262405,1.605348540024263
2013-12-19,3.0485786987571193,3.0485786987571193,2.2113205156097036,1.63345614766068,1.6034934859474839
2013-12-20,3.066310590402398,3.066310590402398,2.2241825407205393,1.6429570562084705,1.6128201183084339
2013-12-23,3.082694149604957,3.082694149604957,2.2360665378757036,1.651735515990694,1.621437553859187
2013-12-24,3.089448216858726,3.089448216858726,2.2409656757881207,1.655354406551689,1.6249900627215907
2013-12-26,3.1051549061773236,3.1051549061773236,2.252358697833667,1.663770193304158,1.6332514777929616
2013-12-27,3.1049869610181453,3.1049869610181453,2.252236876941807,1.6636802067629408,1.6331631418845436
2013-12-30,3.104480580916987,3.104480580916987,2.251869568495138,1.6634088837068466,1.6328967957364346
2013-12-31,3.119173237721456,3.119173237721456,2.2625270507618027,1.671281342630906,1.6406248493001603
2014-01-02,3.0892789993877354,3.0892789993877354,2.2408429320107164,1.65526373829425,1.6249010576017453
2014-01-03,3.08877293736453,3.08877293736453,2.2404758542854335,1.6549925856672112,1.624634878756493
2014-01-06,3.07982126953356,3.07982126953356,2.233982662316462,1.6501962007629027,1.6199264744560962
2014-01-07,3.09873768347577,3.09873768347577,2.247703893869129,1.660331787112763,1.6298761426559647
2014-01-08,3.0994139172038246,3.0994139172038246,2.2481944075359745,1.6606941192844062,1.6302318285296329
2014-01-09,3.1014391195305056,3.1014391195305056,2.249663410601264,1.6617792410797276,1.631297045819212
2014-01-10,3.1098831349485048,3.1098831349485048,2.255788371238022,1.6663036212117202,1.6357384347600723
2014-01-13,3.0685059644339274,3.0685059644339274,2.2257749797273916,1.6441333575483956,1.613974842626429
2014-01-14,3.1019467719434752,3.1019467719434752,2.250031641933477,1.662051245852043,1.6315640611787483
2014-01-15,3.1186649491525786,3.1186649491525786,2.262158357986817,1.6710089970004793,1.64035749933491
2014-01-16,3.1146119998755926,3.1146119998755926,2.259218506085149,1.6688373899773938,1.6382257263328968
2014-01-17,3.101439119530505,3.101439119530505,2.2496634106012636,1.6617792410797274,1.6312970458192118
2014-01-21,3.1105590505986065,3.1105590505986065,2.2562786541834816,1.6666657829543083,1.6360939533308836
2014-01-22,3.1125861613930055,3.1125861613930055,2.2577490415770876,1.6677519273239616,1.6371601744376039
2014-01-23,3.0870839434341577,3.0870839434341577,2.23925072372525,1.6540876073833788,1.6237465005866065
2014-01-24,3.021218587474862,3.021218587474862,2.1914745541416645,1.6187963516078812,1.5891025961096115
2014-01-27,3.0063544866537315,3.0063544866537315,2.180692713047893,1.6108320314229956,1.5812843663060423
2014-01-28,3.024258140393625,3.024258140393625,2.193679327707222,1.6204249716606676,1.590701342209693
2014-01-29,2.9952106255707616,2.9952106255707616,2.17260938928593,1.604861049469315,1.575422910716219
2014-01-30,3.02696053068222,3.02696053068222,2.1956395366035153,1.6218729369147984,1.592122747281511
2014-01-31,3.009226730569223,3.009226730569223,2.1827761271643626,1.6123710057926757,1.5827951111034195
2014-02-03,2.941502527052659,2.941502527052659,2.133651621800417,1.5760837626177973,1.5471734887309792
2014-02-04,2.962107616847288,2.962107616847288,2.148597753191881,1.587124156822434,1.558011367797877
2014-02-05,2.9583921482784232,2.9583921482784232,2.1459026966808636,1.5851333750270595,1.5560571031269843
2014-02-06,2.99740472729048,2.99740472729048,2.174200905407237,1.6060366690930195,1.5765769658227866
2014-02-07,3.0345603672129866,3.0345603672129866,2.2011521626815673,1.6259449983339307,1.596120114440285
2014-02-10,3.0401337291052606,3.0401337291052606,2.2051948628087863,1.6289312562415204,1.5990515950980528
2014-02-11,3.073405001065866,3.073405001065866,2.2293285505160814,1.6467583058586739,1.61655164122767
2014-02-12,3.0749244594472946,3.0749244594472946,2.2304307065774744,1.647572445456012,1.6173508469748539
2014-02-13,3.090800366236883,3.090800366236883,2.2419464724004254,1.6560789004659195,1.6257012671660702
2014-02-14,3.1078576145438723,3.1078576145438723,2.2543191374513465,1.6652183289873437,1.6346730501676368
2014-02-18,3.111572765034784,3.111572765034784,2.257013963240978,1.667208940353663,1.6366271475356728
2014-02-19,3.090968311396061,3.090968311396061,2.2420682932922857,1.656168887007137,1.6257896030744887
2014-02-20,3.1092088096881696,3.1092088096881696,2.2552992418994933,1.6659423116144092,1.635383752703546
2014-02-21,3.105662240512342,3.105662240512342,2.2527266984444942,1.664042027647418,1.633518325849642
2014-02-24,3.122888706290322,3.122888706290322,2.26522210727282,1.6732721244262807,1.642579113971054
2014-02-25,3.1217057743831558,3.1217057743831558,2.2643640544379195,1.6726382987694879,1.64195691464642
2014-02-26,3.121875628010052,3.121875628010052,2.2644872596580963,1.6727293078850372,1.6420462543719792
2014-02-27,3.13825696066694,3.13825696066694,2.276369641763558,1.681506574663873,1.6506625188027342
2014-02-28,3.146194595983781,3.146194595983781,2.282127293953647,1.6857596317397714,1.6548375615954853
2014-03-03,3.1240700478077232,3.1240700478077232,2.26607900650079,1.6739050979377967,1.6432004767814037
2014-03-04,3.167980709217858,3.167980709217858,2.2979300938516953,1.697432829026869,1.666296636169876
2014-03-05,3.1708519988994897,3.1708519988994897,2.300012815804007,1.6989712921093831,1.6678068790586826
2014-03-06,3.17811276433237,3.17811276433237,2.3052794928844786,1.7028616761555275,1.671625901372052
2014-03-07,3.1794652317884795,3.1794652317884795,2.30626052021817,1.7035863404988143,1.6723372731193884
2014-03-10,3.177776237858108,3.177776237858108,2.3050353896579865,1.7026813622149826,1.6714488949495023
2014-03-11,3.162069230461557,3.162069230461557,2.293642136891054,1.694265405033458,1.6631873125752745
2014-03-12,3.162914999738555,3.162914999738555,2.2942556250566897,1.694718575891595,1.6636321708716448
2014-03-13,3.1274477175905138,3.1274477175905138,2.2685290368997704,1.675714884076405,1.644977065818319
2014-03-14,3.118664949152581,3.118664949152581,2.2621583579868174,1.6710089970004798,1.6403574993349108
2014-03-17,3.1468698754779765,3.1468698754779765,2.2826171154563344,1.6861214526242487,1.6551927455605828
2014-03-18,3.169331904362155,3.169331904362155,2.298910198299842,1.6981568116539343,1.6670073387057849
2014-03-19,3.152443555448203,3.152443555448203,2.2866600463049394,1.6891078809608935,1.6581243935212073
2014-03-20,3.1708519988994897,3.1708519988994897,2.300012815804007,1.698971292109383,1.6678068790586826
2014-03-21,3.158553832925122,3.158553832925122,2.2910922041318926,1.6923818231138894,1.6613382814013418
2014-03-24,3.145492597941534,3.145492597941534,2.281618091854528,1.685383494814646,1.6544683241904121
2014-03-25,3.160419360119403,3.160419360119403,2.292445385061361,1.6933813895234326,1.6623195126567811
2014-03-26,3.1376901457547133,3.1376901457547133,2.2759584962535304,1.6812028700872652,1.650364385111823
2014-03-27,3.1310744424104944,3.1310744424104944,2.2711597221440667,1.6776581161653412,1.6468846529921501
2014-03-28,3.1465101293131457,3.1465101293131457,2.282356169568657,1.6859286973626646,1.6550035260294829
2014-03-31,3.172294482416295,3.172294482416295,2.301059137289964,1.69974418787533,1.6685655975145082
2014-04-01,3.193327068979741,3.193327068979741,2.3163153582243443,1.7110136387303376,1.6796283316210154
2014-04-02,3.2040154424340312,3.2040154424340312,2.324068288961414,1.716740566276778,1.6852502095198265
2014-04-03,3.1997751452427345,3.1997751452427345,2.320992542163334,1.7144685765400998,1.6830198951351272
2014-04-04,3.161947406605562,3.161947406605562,2.2935537706001776,1.6942001307052645,1.6631232355810999
2014-04-07,3.1270020903783764,3.1270020903783764,2.2682057962378464,1.67547611296988,1.6447426745158689
2014-04-08,3.139894425968927,3.139894425968927,2.277557395459193,1.6823839434407404,1.65152379390981
2014-04-09,3.173651084885793,3.173651084885793,2.302043164001674,1.700471067796336,1.6692791441989836
2014-04-10,3.1069851267188238,3.1069851267188238,2.253686268689278,1.6647508420885588,1.6342141384312912
2014-04-11,3.078995857245555,3.078995857245555,2.233383940319536,1.6497539373643075,1.6194923235425651
2014-04-14,3.10325375425231,3.10325375425231,2.250979676108956,1.6627515388404177,1.632251508617556
2014-04-15,3.1246270023034075,3.1246270023034075,2.2664829996478484,1.6742035192136897,1.6434934240837524
2014-04-16,3.157366447926614,3.157366447926614,2.290230921197586,1.691745611450322,1.660713739836712
2014-04-17,3.1617772349007125,3.1617772349007125,2.2934303346586145,1.69410895116066,1.663033728552684
2014-04-21,3.1728027709851707,3.1728027709851707,2.3014278300649487,1.700016533505756,1.6688329474797583
2014-04-22,3.1872218807500694,3.1872218807500694,2.3118868919395683,1.7077424234422272,1.676417120586591
2014-04-23,3.179757227349323,3.179757227349323,2.3064723224506074,1.7037427943716126,1.672490857141979
2014-04-24,3.1862037132225516,3.1862037132225516,2.311148352782667,1.7071968800360982,1.6758815841418064
2014-04-25,3.1600802890215163,3.1600802890215163,2.292199436063779,1.6931997121504452,1.6621411678113764
2014-04-28,3.1700892479682223,3.1700892479682223,2.299459545920142,1.698562603234689,1.6674056868079508
2014-04-29,3.184846474597148,3.184846474597148,2.3101638646281843,1.7064696592569817,1.6751677028516174
2014-04-30,3.1943455545852126,3.1943455545852126,2.317054128102632,1.7115593525655226,1.6801640353686573
2014-05-01,3.194685897994911,3.194685897994911,2.3173009999857572,1.7117417116547318,1.6803430494254894
2014-05-02,3.1901055754718692,3.1901055754718692,2.313978612025938,1.7092875332579,1.6779338882868151
2014-05-05,3.1962117179354,3.1962117179354,2.318407770474872,1.7125592598331767,1.6811456012298107
2014-05-06,3.168392302089027,3.168392302089027,2.298228647325306,1.6976533642244744,1.6665131260666437
2014-05-07,3.187051709045222,3.187051709045222,2.3117634559980056,1.7076512438976235,1.6763276135581753
2014-05-08,3.183659089598641,3.183659089598641,2.3093025816938786,1.7058334475934145,1.6745431612869877
2014-05-09,3.1884089476706263,3.1884089476706263,2.3127479441524885,1.7083784646767404,1.6770414948483645
2014-05-12,3.219451129336684,3.219451129336684,2.3352647363860046,1.7250111474741023,1.69336908255716
2014-05-13,3.2223360963702943,3.2223360963702943,2.3373573793579183,1.7265569390059956,1.694886519468811
2014-05-14,3.2070683546268213,3.2070683546268213,2.326282752825188,1.7183763443498894,1.6868559823398963
2014-05-15,3.1789085953707503,3.1789085953707503,2.305856757792497,1.7032880896519782,1.6720444931198974
2014-05-16,3.189936676078833,3.189936676078833,2.31385609896992,1.709197035429517,1.6778450504698266
2014-05-19,3.2016397182031575,3.2016397182031575,2.322345030928644,1.7154676316624775,1.6840006244819965
2014-05-20,3.181454491306474,3.181454491306474,2.30770345176683,1.7046522038108838,1.6733835851861438
2014-05-21,3.2082551034694236,3.2082551034694236,2.3271435743167217,1.7190122151553464,1.6874801892988127
2014-05-22,3.216060100279868,3.216060100279868,2.332805015688808,1.72319420331517,1.6915854668002566
2014-05-23,3.2289511635586075,3.2289511635586075,2.3421556920246105,1.730101352069809,1.6983659169827703
2014-05-27,3.2487985916692166,3.2487985916692166,2.356552245074388,1.7407357842646363,1.7088052806446457
2014-05-28,3.2464235035942477,3.2464235035942477,2.35482944848439,1.7394631905084459,1.707556030212529
2014-05-29,3.2632170652782087,3.2632170652782087,2.3670108455062353,1.7484613333429966,1.7163891191457645
2014-05-30,3.2684745757631646,3.2684745757631646,2.3708244392970586,1.751278355198638,1.719154468066678
2014-06-02,3.272206902463538,3.272206902463538,2.373531724041539,1.7532781697339452,1.721117599788984
2014-06-03,3.2705118650520593,3.2705118650520593,2.37230220977502,1.752369953298062,1.7202260428648177
2014-06-04,3.277127250318325,3.277127250318325,2.377100753163097,1.7559145367909306,1.7237056076816335
2014-06-05,3.2985017706812343,3.2985017706812343,2.392604999587534,1.767367198880424,1.7349481923592573
2014-06-06,3.314275892525866,3.314275892525866,2.4040469345669333,1.7758191165926245,1.743245075636281
2014-06-09,3.317668193894494,3.317668193894494,2.4065075781496743,1.7776367424677781,1.745029360604612
2014-06-10,3.3180075830703335,3.3180075830703335,2.4067537578686413,1.7778185902698211,1.7452078727528733
2014-06-11,3.3064721680272333,3.3064721680272333,2.398386416080391,1.7716378101490222,1.7391404673462645
2014-06-12,3.2830632210770063,3.2830632210770063,2.381406475670468,1.7590950838216026,1.7268278135962127
2014-06-13,3.293071225789853,3.293071225789853,2.3886658933626728,1.7644574636186803,1.7320918306842163
2014-06-16,3.2957853849627083,3.2957853849627083,2.3906346389502517,1.7659117347478586,1.733519425961738
2014-06-17,3.304946984242651,3.304946984242651,2.397280107034048,1.7708206028286884,1.7383382501476574
2014-06-18,3.329203290859641,3.329203290859641,2.4148746892165374,1.7838173521595218,1.7510965987083638
2014-06-19,3.3329346633261547,3.3329346633261547,2.4175812817968594,1.7858166554076629,1.753059228522099
2014-06-20,3.339702726009855,3.339702726009855,2.4224905714502643,1.7894430448470926,1.756619098710204
2014-06-23,3.338679469235089,3.338679469235089,2.421748340751185,1.7888947745760782,1.7560808854197099
2014-06-24,3.3185667641116874,3.3185667641116874,2.4071593660654016,1.778118204549101,1.7455019911752196
2014-06-25,3.3335663661407913,3.3335663661407913,2.4180394944696513,1.7861551275115597,1.753391491995808
2014-06-26,3.3311801453374676,3.3311801453374676,2.41630862263114,1.7848765687384325,1.7521363859637014
2014-06-27,3.3376562124603244,3.3376562124603244,2.4210061100521068,1.7883465043050644,1.7555426721292162
2014-06-30,3.335952905022068,3.335952905022068,2.419770597029549,1.7874338567137427,1.7546467653307718
2014-07-01,3.358281023088039,3.358281023088039,2.4359665461695093,1.7993974651111322,1.7663909239732392
2014-07-02,3.361690182588175,3.361690182588175,2.4384394179857134,1.8012241237262185,1.768184075992983
2014-07-03,3.3782216480388736,3.3782216480388736,2.4504307005854136,1.8100818330191728,1.7768793073721723
2014-07-07,3.3664626241948223,3.3664626241948223,2.441901161662736,1.803781241272473,1.7706942880571963
2014-07-08,3.344816147182107,3.344816147182107,2.4261996484531854,1.7921828623406677,1.7593086594369636
2014-07-09,3.3598144768993987,3.3598144768993987,2.4370788539718906,1.8002191035869048,1.7671974910461243
2014-07-10,3.3465197726983167,3.3465197726983167,2.4274353921971294,1.793095680361045,1.760204733538265
2014-07-11,3.3511207702883032,3.3511207702883032,2.430772777047045,1.7955609366464738,1.762624769362635
2014-07-14,3.367996078006183,3.367996078006183,2.4430134694651175,1.8046028797482458,1.7715008551300817
2014-07-15,3.361690182588176,3.361690182588176,2.438439417985714,1.8012241237262188,1.7681840759929832
2014-07-16,3.374132755953201,3.374132755953201,2.4474647771671174,1.807890967512835,1.7747286291473352
2014-07-17,3.3357827333172203,3.3357827333172203,2.419647161087987,1.7873426771691387,1.754557258302356
2014-07-18,3.369871147539054,3.369871147539054,2.444373572036169,1.8056075590294494,1.7724871054712268
2014-07-21,3.3635639798092347,3.3635639798092347,2.4397985976712206,1.8022281212912008,1.7691696571227007
2014-07-22,3.3782216480388754,3.3782216480388754,2.4504307005854145,1.8100818330191737,1.7768793073721727
2014-07-23,3.385722562326263,3.385722562326263,2.4558715723123905,1.8141008910020966,1.780824643342466
2014-07-24,3.3858924159531587,3.3858924159531587,2.455994777532567,1.8141919001176456,1.780913983068025
2014-07-25,3.3700419553998096,3.3700419553998096,2.4444974694205035,1.8056990794321646,1.7725769471053565
2014-07-28,3.3714046013504144,3.3714046013504144,2.4454858798385497,1.806429197505222,1.7732936725441122
2014-07-29,3.3569171048256234,3.3569171048256234,2.4349772128659186,1.798666665321854,1.7656735293230563
2014-07-30,3.357429210329936,3.357429210329936,2.435348674297537,1.7989410561009442,1.7659428869225886
2014-07-31,3.291126179107327,3.291126179107327,2.3872550320866797,1.7634152899453048,1.7310687737145647
2014-08-01,3.28106919038972,3.28106919038972,2.3799600833010155,1.7580266640737054,1.7257789919866058
2014-08-04,3.304760908640154,3.304760908640154,2.3971451350231803,1.7707209018313181,1.7382403779763993
2014-08-05,3.272717417578087,3.272717417578087,2.373902031866226,1.7535517083677599,1.7213861208742325
2014-08-06,3.2737409924308056,3.2737409924308056,2.374644493286691,1.7541001490678299,1.7219245014675835
2014-08-07,3.2560148261886805,3.2560148261886805,2.361786621160805,1.7446023082430353,1.7126008805580566
2014-08-08,3.2936816173816403,3.2936816173816403,2.3891086477025953,1.7647845169758707,1.7324128848665166
2014-08-11,3.3032274548287943,3.3032274548287943,2.3960328272207994,1.769899263355546,1.7374338109035137
2014-08-12,3.29862454877109,3.29862454877109,2.3926940580425673,1.7674329844957852,1.7350127712620027
2014-08-13,3.3209533029929665,3.3209533029929665,2.4088904686252994,1.7793969337512852,1.7467572645101836
2014-08-14,3.3366339099194193,3.3366339099194193,2.4202645715171855,1.7877987453212167,1.7550049607472926
2014-08-15,3.33595290502207,3.33595290502207,2.4197705970295487,1.7874338567137433,1.7546467653307718
2014-08-18,3.3639059136086984,3.3639059136086984,2.4400466231612756,1.8024113325256865,1.7693495076938166
2014-08-19,3.3814609539121157,3.3814609539121157,2.452780367181441,1.8118174825187108,1.778583119666357
2014-08-20,3.3904950039329096,3.3904950039329096,2.459333315989412,1.8166580085483508,1.7833348554066786
2014-08-21,3.4003808667118087,3.4003808667118087,2.4665041366693554,1.8219549435881797,1.788534628197651
2014-08-22,3.395097273834708,3.395097273834708,2.4626716237248725,1.819123946550001,1.7857555604424762
2014-08-25,3.4123122888063797,3.4123122888063797,2.4751587265832984,1.8283479078828715,1.7948103256610413
2014-08-26,3.414528337904854,3.414528337904854,2.4767661624802466,1.8295352871113941,1.7959759246647318
2014-08-27,3.413164419642437,3.413164419642437,2.475776829176656,1.8288044873221152,1.7952585300145487
2014-08-28,3.4112896681875196,3.4112896681875196,2.474416957326991,1.8277999784699674,1.7942724469762605
2014-08-29,3.421005677339522,3.421005677339522,2.4814645727867575,1.8330059043942468,1.7993828800416736
2014-09-02,3.4193007795115005,3.4193007795115005,2.480227906157269,1.832092404657648,1.7984861367289446
2014-09-03,3.417425391900677,3.417425391900677,2.4788675728648317,1.8310875549473897,1.7974997190849429
2014-09-04,3.4124821424332747,3.4124821424332747,2.4752819318034742,1.82843891699842,1.7948996653865998
2014-09-05,3.427822405950029,3.427822405950029,2.486409162812235,1.8366583694791425,1.8029683475668767
2014-09-08,3.418960118023849,3.418960118023849,2.479980803552757,1.8319098751393836,1.7983069553692554
2014-09-09,3.3973117325434163,3.3973117325434163,2.46427790601489,1.8203104736332465,1.7869203229318817
2014-09-10,3.410096239707904,3.410096239707904,2.473551290686349,1.827160528654348,1.7936447266573496
2014-09-11,3.4140171866343993,3.4140171866343993,2.4763953932127856,1.829261407619469,1.7957070689737689
2014-09-12,3.3940743351378937,3.3940743351378937,2.4619296237471784,1.818575846708041,1.7852175144548377
2014-09-15,3.3915182607076737,3.3915182607076737,2.4600755466884903,1.8172062788193646,1.7838730686971718
2014-09-16,3.4170840942571195,3.4170840942571195,2.4786200088175474,1.8309046845710144,1.7973202031195394
2014-09-17,3.421686364158918,3.421686364158918,2.4819583165530075,1.8333706225726645,1.7997409081553366
2014-09-18,3.439924317827403,3.439924317827403,2.4951874193891266,1.8431426837474942,1.809333719361539
2014-09-19,3.436823693941666,3.436823693941666,2.492938347317438,1.8414813413160833,1.807702851112942
2014-09-22,3.410282633388356,3.410282633388356,2.4736864934186027,1.8272604000807746,1.7937427661314649
2014-09-23,3.390759644789796,3.390759644789796,2.459525276182646,1.8167998055223895,1.783474051383579
2014-09-24,3.41730324996673,3.41730324996673,2.47877897585257,1.8310221101901407,1.7974354747879109
2014-09-25,3.3621638006601766,3.3621638006601766,2.4387829621296135,1.801477892589613,1.7684331899468353
2014-09-26,3.3888772594640066,3.3888772594640066,2.458159867019714,1.8157912063729134,1.7824839530767262
2014-09-29,3.3827119545012203,3.3827119545012203,2.4536877943929656,1.8124877799933445,1.7792411218023563
2014-09-30,3.3738070441293395,3.3738070441293395,2.4472285184677505,1.8077164481601704,1.7745573110219166
2014-10-01,3.328085564932838,3.328085564932838,2.414063934265786,1.783218464459073,1.7505086964693835
2014-10-02,3.3285995789048686,3.3285995789048686,2.4144367800257216,1.7834938778124951,1.750779057886057
2014-10-03,3.3652459760246396,3.3652459760246396,2.4410186523609076,1.8031293501358139,1.7700543546297343
2014-10-06,3.3613075348107295,3.3613075348107295,2.4381618601582353,1.8010190975726492,1.767982810656188
2014-10-07,3.309420750651442,3.309420750651442,2.400525203329523,1.773217687491983,1.740691364829285
2014-10-08,3.3673004415229957,3.3673004415229957,2.442508881793718,1.8042301514042263,1.7711349637821439
2014-10-09,3.3005155222016085,3.3005155222016085,2.394065696682922,1.7684461852297537,1.7360073867459886
2014-10-10,3.262843005605495,3.262843005605495,2.366739517156182,1.7482609087739223,1.7161923709861053
2014-10-13,3.2092440078252675,3.2092440078252675,2.327860887106101,1.7195420790883846,1.6880003338807659
2014-10-14,3.214210158905285,3.214210158905285,2.3255690526374857,1.717849148970044,1.6906124333848023
2014-10-15,3.1924638054153314,3.1924638054153314,2.3256004293627988,1.7178723262998317,1.679174271667518
2014-10-16,3.189722927694425,3.189722927694425,2.3256327293687624,1.717896185637697,1.677732622950021
2014-10-17,3.227396080446445,3.227396080446445,2.32566872130386,1.7179227721262844,1.6975479733156182
2014-10-20,3.2587324842190175,3.2587324842190175,2.325702868027149,1.7179479955955577,1.7140303161670019
2014-10-21,3.3232908578694813,3.3232908578694813,2.3694513966221677,1.7502641173337667,1.7479867732051904
2014-10-22,3.2996595744301147,3.2996595744301147,2.3526026825179565,1.7378183251297756,1.7355571747581988
2014-10-23,3.338017867092873,3.338017867092873,2.379951510534798,1.758020331550861,1.755732895477456
2014-10-24,3.36370520642036,3.36370520642036,2.3982661584690574,1.7715489783703873,1.7692439395911412
2014-10-27,3.3590816252957114,3.3590816252957114,2.3949696216259904,1.7691138956520356,1.7668120252639348
2014-10-28,3.3976104077412717,3.3976104077412717,2.422440006037155,1.7894056932355475,1.7870774203144648
2014-10-29,3.392473448800499,3.392473448800499,2.4187774393052117,1.786700231904963,1.7843754791762987
2014-10-30,3.414219802290452,3.414219802290452,2.434282229542333,1.798153295697496,1.7958136408935828
2014-10-31,3.453263234863949,3.453263234863949,2.462119550979646,1.818716141976543,1.8163497319665
2014-11-03,3.455147846735409,3.455147846735409,2.4634632480624177,1.8197087028671755,1.8173410013933506
2014-11-04,3.443160760999065,3.443160760999065,2.4549166542630356,1.8133955130402768,1.8110360259300116
2014-11-05,3.464908068722877,3.464908068722877,2.47042212485311,1.824849079395286,1.8224746895558661
2014-11-06,3.478778812096823,3.478778812096823,2.480311735382311,1.8321543275503411,1.8297704325374853
2014-11-07,3.4820317953220417,3.4820317953220417,2.482631058600118,1.833867563031944,1.8314814388545146
2014-11-10,3.492991171192279,3.492991171192279,2.490444912268794,1.8396394930719004,1.837245858787364
2014-11-11,3.4964171888239233,3.4964171888239233,2.4928876061554663,1.8414438598825336,1.8390478778585209
2014-11-12,3.492649873548721,3.492649873548721,2.4902015726958293,1.8394597432262212,1.8370663428219611
2014-11-13,3.496587042450819,3.496587042450819,2.4930087089811543,1.8415333160033096,1.83913721758408
2014-11-14,3.49744489869003,3.49744489869003,2.493620346286173,1.8419851196694759,1.839588433389011
2014-11-17,3.4996711262830003,3.4996711262830003,2.495207609726227,1.8431575979266128,1.840759386084121
2014-11-18,3.5198773463245807,3.5198773463245807,2.5096143102967186,1.853799525882447,1.8513874673685258
2014-11-19,3.514227327645637,3.514227327645637,2.5055859404602163,1.8508238534604546,1.8484156667222569
2014-11-20,3.5203900879847994,3.5203900879847994,2.50997988661696,1.8540695694530291,1.8516571595737719
2014-11-21,3.5392269824387625,3.5392269824387625,2.523410280699463,1.8639903202554164,1.8615650020594274
2014-11-24,3.5491592845987983,3.5491592845987983,2.530491847806068,1.8692213255500814,1.8667892010675005
2014-11-25,3.546590805128412,3.546590805128412,2.5286605644400963,1.867868594884789,1.8654382304984176
2014-11-26,3.555667477594907,3.555667477594907,2.5351320817319065,1.8726489691590653,1.8702123848215573
2014-11-28,3.548130938576785,3.548130938576785,2.529758654106726,1.8686797307214882,1.8662483109312968
2014-12-01,3.523473853739029,3.523473853739029,2.512178560577715,1.8556936838555071,1.8532791607709564
2014-12-02,3.546248553250996,3.546248553250996,2.528416544514178,1.8676883424766335,1.8652582126244444
2014-12-03,3.559947534530327,3.559947534530327,2.5381836915117844,1.8749031293859597,1.872463612063363
2014-12-04,3.556008457160511,3.556008457160511,2.535375194520553,1.872828551483919,1.8703917334841031
2014-12-05,3.561831828323834,3.561831828323834,2.5395271618102386,1.875895522755767,1.8734547141873568
2014-12-08,3.5380287827898536,3.5380287827898536,2.522555984174433,1.8633592693060474,1.860934772197665
2014-12-09,3.5356301569463637,3.5356301569463637,2.5208458036341495,1.8620959947615312,1.8596731413541412
2014-12-10,3.4789496199575787,3.4789496199575787,2.4804335185609525,1.8322442862335935,1.8298602741716157
2014-12-11,3.4965870424508205,3.4965870424508205,2.493008708981155,1.84153331600331,1.8391372175840808
2014-12-12,3.440078585634603,3.440078585634603,2.45271911422387,1.8117722362419264,1.8094148612471126
2014-12-15,3.4164469841172833,3.4164469841172833,2.435870173335341,1.7993262765171099,1.7969850954972644
2014-12-16,3.389048703480668,3.389048703480668,2.416335652555811,1.7848965351776318,1.78257412931657
2014-12-17,3.455489462456921,3.455489462456921,2.4637068144197003,1.8198886202336804,1.817520684661611
2014-12-18,3.54093983221561,3.54093983221561,2.5246315142506406,1.864892419900321,1.8624659279435782
2014-12-19,3.5560052763809824,3.5560052763809824,2.535372926677376,1.8728268762756655,1.870390060455535
2014-12-22,3.572364025503208,3.572364025503208,2.547036444140153,1.8814424723271805,1.8789944463834534
2014-12-23,3.5771848149587093,3.5771848149587093,2.5504735872602353,1.8839814179572945,1.8815300884819082
2014-12-24,3.5775292933817964,3.5775292933817964,2.5507191946763776,1.8841628430112278,1.8817112774758793
2014-12-26,3.5890656626587556,3.5890656626587556,2.5589444350974837,1.890238655828502,1.8877791847910588
2014-12-29,3.593887724426069,3.593887724426069,2.562382485354837,1.8927782715419175,1.8903154961009407
2014-12-30,3.5746023400583913,3.5746023400583913,2.548632325384282,1.8826213163756835,1.8801717565871234
2014-12-31,3.5391315590528674,3.5391315590528674,2.523342245404133,1.86394006400779,1.8615148112023723
2015-01-02,3.537237086764865,3.537237086764865,2.5219915180075105,1.8629423099715694,1.8605183553869593
2015-01-05,3.473356219154267,3.473356219154267,2.476445516333013,1.8292984325185269,1.8269182534338664
2015-01-06,3.440640311299581,3.440640311299581,2.4531196153290473,1.8120680780196239,1.8097103180923138
2015-01-07,3.483514356660924,3.483514356660924,2.4836881003052325,1.8346483775992422,1.8322612374703042
2015-01-08,3.5453308983566227,3.5453308983566227,2.5277622717574197,1.8672050448952882,1.8647755438824252
2015-01-09,3.516920493673596,3.516920493673596,2.5075061232787537,1.8522422522893136,1.8498322200112265
2015-01-12,3.489369535619546,3.489369535619546,2.487862746026695,1.8377321009536325,1.835340948459243
2015-01-13,3.4795549223021167,3.4795549223021167,2.480865089117664,1.8325630783643743,1.8301786515082055
2015-01-14,3.4585487362087686,3.4585487362087686,2.4658880259879874,1.8214998355326009,1.8191298035388168
2015-01-15,3.426866581701297,3.426866581701297,2.4432991740167656,1.8048139237163232,1.8024656024820345
2015-01-16,3.471806543367304,3.471806543367304,2.47534062313685,1.8284822710570652,1.8261031539152812
2015-01-20,3.479211716190841,3.479211716190841,2.4806203888387928,1.8323823233937426,1.8299981317256615
2015-01-21,3.4967734361312712,3.4967734361312712,2.4931416045913664,1.8416314832070082,1.8392352570581956
2015-01-22,3.548774728353635,3.548774728353635,2.5302176655658872,1.8690187928721453,1.8665869319135655
2015-01-23,3.5293175818913434,3.5293175818913434,2.5163450420637377,1.858771376460183,1.856352848857048
2015-01-26,3.537580610954092,3.537580610954092,2.522236445070699,1.8631232324630267,1.8606990424723593
2015-01-27,3.490919211406508,3.490919211406508,2.488967639222857,1.8385482624150944,1.8361560479778274
2015-01-28,3.446151011835115,3.446151011835115,2.457048653634367,1.814970376320081,1.8126088400872808
2015-01-29,3.4780058826710594,3.4780058826710594,2.479760649490136,1.8317472519445634,1.8293638865953339
2015-01-30,3.4342692099012098,3.4342692099012098,2.4485771254441655,1.8087126358863974,1.8063592418695598
2015-02-02,3.4767990949174195,3.4767990949174195,2.4789002297885268,1.831111677932908,1.8287291395564362
2015-02-03,3.5270783131023,3.5270783131023,2.514748480466655,1.8575920298492037,1.8551750367448072
2015-02-04,3.5136468353814325,3.5136468353814325,2.505172059080291,1.8505181279540583,1.8481103390085014
2015-02-05,3.5491188886987683,3.5491188886987683,2.530463046197711,1.8692000504052535,1.86676795360468
2015-02-06,3.5393039573033858,3.5393039573033858,2.5234651625043623,1.8640308602951698,1.8616054893507856
2015-02-09,3.5234636752445323,3.5234636752445323,2.512171303479546,1.8556883231890944,1.8532738070795365
2015-02-10,3.5610000544767666,3.5610000544767666,2.538934120819276,1.8754574557972858,1.8730172172166868
2015-02-11,3.5630656527034774,3.5630656527034774,2.5404068581788577,1.876545336037584,1.8741036819690862
2015-02-12,3.597330282111267,3.597330282111267,2.5648369720260327,1.8945913494354727,1.892126214920653
2015-02-13,3.6121384012126714,3.6121384012126714,2.575394915939694,1.9023902814630498,1.8999149994214162
2015-02-17,3.617821818076679,3.617821818076679,2.579447098129562,1.9053835435717115,1.9029043668676546
2015-02-18,3.618165978421813,3.618165978421813,2.579692478761386,1.9055648011048194,1.903085388558769
2015-02-19,3.6155831854435423,3.6155831854435423,2.577850990101115,1.904204532002383,1.9017268893611277
2015-02-20,3.6372780103051117,3.6372780103051117,2.5933190412787583,1.9156304574211978,1.9131379480156017
2015-02-23,3.6367617697874106,3.6367617697874106,2.592950970331022,1.915358571121536,1.9128664154789303
2015-02-24,3.6470926236225405,3.6470926236225405,2.6003166981877888,1.9207994800104558,1.9183002449666389
2015-02-25,3.6439935901265685,3.6439935901265685,2.598107138579781,1.9191673246083576,1.9166702132323261
2015-02-26,3.639689359266721,3.639689359266721,2.595038293191753,1.916900432798731,1.9144062709733995
2015-02-27,3.6272909987371618,3.6272909987371618,2.5861984672694973,1.91037063854456,1.9078849729161502
2015-03-02,3.6501919751964653,3.6501919751964653,2.6025264845801144,1.9224318029333793,1.9199304440038085
2015-03-03,3.6352124120784,3.6352124120784,2.5918463039191764,1.9145425771808993,1.912051483263202
2015-03-04,3.619887416303389,3.619887416303389,2.580919835489143,1.9064714238120095,1.9039908316200538
2015-03-05,3.6238474868181023,3.6238474868181023,2.583743300245347,1.9085570580885283,1.9060737521878661
2015-03-06,3.5728799479429534,3.5728799479429534,2.54740428830357,1.8817141911060167,1.8792658116172667
2015-03-09,3.5876880670443576,3.5876880670443576,2.5579622322172315,1.8895131231335938,1.8870545961180298
2015-03-10,3.529489343985956,3.529489343985956,2.5164675055953305,1.8588618377059112,1.856443192399748
2015-03-11,3.5212237702995832,3.5212237702995832,2.5105742883138267,1.8545086415364638,1.8520956603615817
2015-03-12,3.565993242182788,3.565993242182788,2.542494181039588,1.8780871977147788,1.8756435374635554
2015-03-13,3.5441253829147925,3.5441253829147925,2.5269027591930793,1.866570140966934,1.8641414660549536
2015-03-16,3.5914770116203627,3.5914770116203627,2.5606636870104764,1.8915086312060347,1.8890475077488553
2015-03-17,3.580801043206239,3.580801043206239,2.5530518981689316,1.8858859622215307,1.8834321546614619
2015-03-18,3.6238474868181028,3.6238474868181028,2.583743300245347,1.9085570580885285,1.9060737521878663
2015-03-19,3.607317611757169,3.607317611757169,2.571957772819611,1.8998513358329356,1.8973793573229614
2015-03-20,3.639159123319088,3.639159123319088,2.594660243734034,1.9166211755827502,1.9141273771110268
2015-03-23,3.6320682115131038,3.6320682115131038,2.5896045409380455,1.9128866338215909,1.9103976945232164
2015-03-24,3.6116593758154694,3.6116593758154694,2.575053378757136,1.9021379950999622,1.8996630413189965
2015-03-25,3.558735339451485,3.558735339451485,2.537319416476772,1.8742647075202725,1.8718260208758981
2015-03-26,3.55025983431614,3.55025983431614,2.531276521545542,1.869800947606046,1.8673680689522094
2015-03-27,3.558388634482727,3.558388634482727,2.5370722215704054,1.8740821098205611,1.871643660761929
2015-03-30,3.601801503896434,3.601801503896434,2.5680248791808884,1.8969461896784463,1.8944779911794272
2015-03-31,3.570322601200922,3.570322601200922,2.54558094238872,1.880367323669614,1.8779206966481734
2015-04-01,3.5576974510908816,3.5576974510908816,2.5365794192478965,1.8737180870669163,1.8712801116539883
2015-04-02,3.570495635607348,3.570495635607348,2.5457043130575854,1.880458454998644,1.878011709402301
2015-04-06,3.594536285372211,3.594536285372211,2.5628448985787626,1.8931198465049546,1.8906566266260614
2015-04-07,3.585024164188074,3.585024164188074,2.5560629135559285,1.8881101362206738,1.8856534346918907
2015-04-08,3.597130847234742,3.597130847234742,2.564694778258791,1.8944863138779315,1.8920213160294062
2015-04-09,3.6130426968330176,3.6130426968330176,2.576039663755105,1.902866543169727,1.9003906414434468
2015-04-10,3.632759712982901,3.632759712982901,2.59009757004487,1.91325082409606,1.9107614109340125
2015-04-13,3.616328442087394,3.616328442087394,2.578382345757642,1.9045970332963484,1.9021188799547317
2015-04-14,3.623247591798764,3.623247591798764,2.583315585022036,1.9082411138117792,1.9057582189998417
2015-04-15,3.639505192131939,3.639505192131939,2.594906985071763,1.9168034382408097,1.914309402619281
2015-04-16,3.638467621849289,3.638467621849289,2.594167214627206,1.9162569853082794,1.9137636607002286
2015-04-17,3.5966126982493223,3.5966126982493223,2.5643253466051474,1.894213422453317,1.8917487796755932
2015-04-20,3.6294726954167125,3.6294726954167125,2.5877539809050623,1.911519663886137,1.9090325032113
2015-04-21,3.6251484256458264,3.6251484256458264,2.5846708481050142,1.9092422182645086,1.9067580208723918
2015-04-22,3.6429639717927413,3.6429639717927413,2.597373037743166,1.9186250596964618,1.916128653884694
2015-04-23,3.6521316145537908,3.6521316145537908,2.603909415349858,1.9234533449268092,1.9209506568248935
2015-04-24,3.660605529299371,3.660605529299371,2.6099511763594987,1.9279162672369083,1.925407772234298
2015-04-27,3.645385499248846,3.645385499248846,2.5990995467543287,1.9199003957404082,1.917402330533911
2015-04-28,3.656973715232142,3.656973715232142,2.607361753019231,1.9260035144522263,1.9234975082147574
2015-04-29,3.641926083432138,3.641926083432138,2.5966330405142912,1.9180784392431056,1.9155827446627847
2015-04-30,3.6054326818077542,3.6054326818077542,2.57061384895252,1.8988586074214766,1.896387920593253
2015-05-01,3.6445206452946692,3.6445206452946692,2.59848292019432,1.9194449066160826,1.9169474340661294
2015-05-04,3.6548982565888894,3.6548982565888894,2.6058819853457993,1.92491044106634,1.9224058570737956
2015-05-05,3.613042696833017,3.613042696833017,2.5760396637551053,1.902866543169727,1.9003906414434466
2015-05-06,3.5981690536732973,3.5981690536732973,2.565435002271984,1.8950331018521127,1.892567392554172
2015-05-07,3.612523911691692,3.612523911691692,2.5756697785328266,1.9025933167034617,1.9001177704839203
2015-05-08,3.6600867441580465,3.6600867441580465,2.609581291137221,1.9276430407706433,1.9251349012747718
2015-05-11,3.6426182210578424,3.6426182210578424,2.597126523189753,1.9184429645592267,1.9159467956792953
2015-05-12,3.63172214270025,3.63172214270025,2.589357799600313,1.9127043711635296,1.9102156690149596
2015-05-13,3.632414598403907,3.632414598403907,2.5898515090600926,1.913069064000476,1.9105798873343272
2015-05-14,3.670290366811981,3.670290366811981,2.616856305266881,1.933016941329394,1.9305018096197393
2015-05-15,3.674269840081826,3.674269840081826,2.6196936038664687,1.9351127943762636,1.9325949356618195
2015-05-18,3.6856843855027903,3.6856843855027903,2.6278319858938692,1.9411244467174005,1.9385987659828243
2015-05-19,3.684473462735761,3.684473462735761,2.6269686179961287,1.9404866949350144,1.9379618440067872
2015-05-20,3.6818785827952767,3.6818785827952767,2.6251185115317823,1.939120060041212,1.9365969873005853
2015-05-21,3.6926016267464425,3.6926016267464425,2.632763864452357,1.9447675221078788,1.942237101210793
2015-05-22,3.683781007032104,3.683781007032104,2.6264749085363492,1.940122002098068,1.9375976256874194
2015-05-26,3.6441752126377227,3.6441752126377227,2.598236632425224,1.9192629789996731,1.9167657431635872
2015-05-27,3.678765871947326,3.678765871947326,2.6228992001981113,1.9374807012436206,1.934959761543428
2015-05-28,3.6746152727387726,3.6746152727387726,2.6199398916355645,1.9352947219926733,1.932776626564361
2015-05-29,3.6517855457409385,3.6517855457409385,2.6036626740121274,1.9232710822687487,1.9207686313166377
2015-06-01,3.6592218902038693,3.6592218902038693,2.6089646645772118,1.9271875516463177,1.9246800048069899
2015-06-02,3.6555894399807345,3.6555894399807345,2.606374787668308,1.9252744638199848,1.9227694061817355
2015-06-03,3.66527491364925,3.66527491364925,2.613280370144325,1.930375472954121,1.9278637781728907
2015-06-04,3.6343170226407344,3.6343170226407344,2.5912079060646596,1.9140710060573318,1.9115805257211613
2015-06-05,3.628090010555068,3.628090010555068,2.586768149475727,1.910791450858022,1.9083052376925622
2015-06-08,3.605779068698559,3.605779068698559,2.5708608170745686,1.8990410376003626,1.8965701134043649
2015-06-09,3.605259329323375,3.605259329323375,2.570490251499337,1.898767308571621,1.896296740536268
2015-06-10,3.6484985281747493,3.6484985281747493,2.601319084872319,1.921539922058825,1.919039723593925
2015-06-11,3.660259460486518,3.660259460486518,2.6097044350217686,1.9277340045788476,1.9252257467260419
2015-06-12,3.6322402916856684,3.6322402916856684,2.5897272312539563,1.9129772625881436,1.9104882053687717
2015-06-15,3.6166751470561507,3.6166751470561507,2.5786295406640085,1.9047796309960594,1.9023012400687
2015-06-16,3.636391527050128,3.636391527050128,2.592686993385138,1.9151635768807418,1.9126716749535522
2015-06-17,3.642272470322942,3.642272470322942,2.5968800086363397,1.9182608694219914,1.915764937473896
2015-06-18,3.6801491929648753,3.6801491929648753,2.6238854851960816,1.938209249313386,1.935687361667879
2015-06-19,3.663813027377312,3.663813027377312,2.612238069419866,1.929605547240476,1.927094854242797
2015-06-22,3.6825834435391007,3.6825834435391007,2.6256210655799554,1.93949128619035,1.9369677304313704
2015-06-23,3.685188820052034,3.685188820052034,2.6274786559267884,1.9408634492713914,1.9383381081318485
2015-06-24,3.658425741087538,3.658425741087538,2.6083970234298395,1.9267682470202836,1.9242612457562884
2015-06-25,3.6473019189156055,3.6473019189156055,2.600465922268878,1.9209097087135836,1.9184103302464466
2015-06-26,3.6466069185883248,3.6466069185883248,2.5999703985345564,1.920543675710034,1.918044773504224
2015-06-29,3.57013525328661,3.57013525328661,2.545447366425554,1.8802686539034397,1.8778221552654863
2015-06-30,3.577609767103899,3.577609767103899,2.55077657110877,1.8842052257800594,1.8817536050986607
2015-07-01,3.606285130721765,3.606285130721765,2.5712216309241365,1.8993075632336116,1.8968362922496174
2015-07-02,3.602983481569739,3.602983481569739,2.568867609705711,1.8975686970657188,1.8950996885954896
2015-07-06,3.5927305568330907,3.5927305568330907,2.5615574440067963,1.8921688307790274,1.8897068483077097
2015-07-07,3.6153229976779953,3.6153229976779953,2.577665480529179,1.9040674999671865,1.9015900356242215
2015-07-08,3.5546683947445654,3.5546683947445654,2.5344197521897964,1.8721227862464114,1.8696868865481824
2015-07-09,3.56109738633038,3.56109738633038,2.5390035168205114,1.8755087171698652,1.8730684118908831
2015-07-10,3.6059374715191486,3.6059374715191486,2.570973755664817,1.8991244629714243,1.8966534302270783
2015-07-13,3.6457388838546185,3.6457388838546185,2.5993515041313695,1.9200865113774548,1.9175882040078749
2015-07-14,3.6615524473654206,3.6615524473654206,2.6106263132734933,1.9284149767341945,1.9259058328391483
2015-07-15,3.6603367534290965,3.6603367534290965,2.6097595436109864,1.927774712139427,1.9252664013202585
2015-07-16,3.6897087077640087,3.6897087077640087,2.630701261082263,1.943243920200656,1.9407154817277217
2015-07-17,3.69283636827575,3.69283636827575,2.63293123127887,1.9448911524770425,1.9423605707191514
2015-07-20,3.694748334851167,3.694748334851167,2.6342944318129695,1.9458981201586611,1.943366228191691
2015-07-21,3.68014951104283,3.68014951104283,2.623885711980399,1.9382094168342126,1.935687528970737
2015-07-22,3.673545576582872,3.673545576582872,2.6191772159749123,1.934731349456776,1.9322139870567676
2015-07-23,3.6528625576897604,3.6528625576897604,2.604430565712087,1.9238383077836323,1.9213351187899408
2015-07-24,3.614975338475379,3.614975338475379,2.577417605269859,1.9038843997049988,1.901407173601682
2015-07-27,3.5939456146135096,3.5939456146135096,2.5624237601006676,1.892808760332144,1.8903459452208862
2015-07-28,3.638090381397044,3.638090381397044,2.5938982484263335,1.9160583056093279,1.913565239512002
2015-07-29,3.6631180270500328,3.6631180270500328,2.6117425456855434,1.929239514236927,1.9267292975005754
2015-07-30,3.6639857437057866,3.6639857437057866,2.6123612133044127,1.9296965110486812,1.9271856996940686
2015-07-31,3.6584257410875383,3.6584257410875383,2.6083970234298386,1.9267682470202836,1.9242612457562887
2015-08-03,3.6460862249792823,3.6460862249792823,2.59959915260637,1.920269444118816,1.917770898727557
2015-08-04,3.638958734208704,3.638958734208704,2.5945173696138384,1.9165156374627328,1.9140219763112085
2015-08-05,3.650951545348202,3.650951545348202,2.6030680455309403,1.922831842664489,1.920329963225971
2015-08-06,3.6210592154822,3.6210592154822,2.581755308915796,1.9070885705328677,1.9046071753446971
2015-08-07,3.6141069856637187,3.6141069856637187,2.576798484082354,1.903427067851593,1.9009504368024746
2015-08-10,3.659641435023862,3.659641435023862,2.6092637930923455,1.9274085116150508,1.9249006772751784
2015-08-11,3.6266201723343063,3.6266201723343063,2.585720179143323,1.9100173371237414,1.9075321311910476
2015-08-12,3.630965435250089,3.630965435250089,2.5888182797083434,1.9123058391198475,1.9098176555185078
2015-08-13,3.626446819849927,3.626446819849927,2.58559658169014,1.9099260382738856,1.9074409511340629
2015-08-14,3.6396550068477964,3.6396550068477964,2.595013800485431,1.916882340549584,1.9143882022648584
2015-08-17,3.6599890942264786,3.6599890942264786,2.609511668351665,1.9275916118772383,1.925083539297718
2015-08-18,3.6493866018194954,3.6493866018194954,2.6019522666875243,1.9220076402034068,1.9195068331702572
2015-08-19,3.620536613405438,3.620536613405438,2.5813827022817035,1.9068133338166973,1.9043322967508887
2015-08-20,3.544935845539007,3.544935845539007,2.5274806056347483,1.8669969840301115,1.8645677537342127
2015-08-21,3.43822387309072,3.43822387309072,2.525017315012749,1.8651774028425012,1.8084393182888043
2015-08-24,3.293451647021625,3.293451647021625,2.525076432481632,1.86522107167852,1.7322919249010094
2015-08-25,3.254696074995583,3.254696074995583,2.5251435674502734,1.8652706628736795,1.7119072429135436
2015-08-26,3.379655225372992,3.379655225372992,2.525210704203852,1.8653202553873351,1.777633341348003
2015-08-27,3.4632508825878023,3.4632508825878023,2.525278844810156,1.8653705894259727,1.821603041671664
2015-08-28,3.46342518930604,3.46342518930604,2.5253509956342937,1.865423885728528,1.821694723637219
2015-08-31,3.435442599469784,3.435442599469784,2.525425152766705,1.8654786640489818,1.806976422108487
2015-09-01,3.3329038097647126,3.3329038097647126,2.5254953034653926,1.8655304829007608,1.753043000144982
2015-09-02,3.3961660157567466,3.3961660157567466,2.5255674604740634,1.865583783771701,1.786317698041497
2015-09-03,3.3985983578632535,3.3985983578632535,2.5256386173350527,1.8656363458544976,1.787597062987847
2015-09-04,3.34715465629248,3.34715465629248,2.5257097762008582,1.8656889094182099,1.7605386700405394
2015-09-08,3.4312725975060987,3.4312725975060987,2.5257839438688894,1.8657436955211053,1.8047830816551522
2015-09-09,3.385389852787432,3.385389852787432,2.5258591160100763,1.8657992236072818,1.7806496445541948
2015-09-10,3.4038126097466033,3.4038126097466033,2.525934290388529,1.8658547533460799,1.7903396587202283
2015-09-11,3.4192801044445535,3.4192801044445535,2.5260054575848057,1.8659073230633367,1.7984752620432465
2015-09-14,3.4065932472116334,3.4065932472116334,2.526078631552426,1.8659613751405524,1.791802220294832
2015-09-15,3.4491737066223678,3.4491737066223678,2.5261608293491666,1.8660220929313305,1.8141987191359479
2015-09-16,3.479066672644276,3.479066672644276,2.5262430298205976,1.8660828126978464,1.8299218416229355
2015-09-17,3.4712448177023227,3.4712448177023227,2.5263132032380926,1.8661346483315324,1.8258076970700783
2015-09-18,3.4145191136442135,3.4145191136442135,2.52638237609961,1.8661857448754748,1.7959710728818798
2015-09-21,3.4321648061642325,3.4321648061642325,2.526454558453213,1.8662390644681857,1.805252366168623
2015-09-22,3.3876154442244957,3.3876154442244957,2.526523735185171,1.8662901638711413,1.781820262643591
2015-09-23,3.382201757464623,3.382201757464623,2.5265939164000373,1.866342005264582,1.7789727680199634
2015-09-24,3.369971024016289,3.369971024016289,2.526661091714481,1.866391626262341,1.7725396385682752
2015-09-25,3.36909853619124,3.36909853619124,2.5267312767448065,1.8664434704741815,1.7720807268319292
2015-09-28,3.28454196548045,3.28454196548045,2.5267984557112912,1.8664930941696265,1.727605604577717
2015-09-29,3.2813408404537756,3.2813408404537756,2.526862628370484,1.8665404971688437,1.728616615741676
2015-09-30,3.2814241760941685,3.2814241760941685,2.526926802659459,1.8665879013719466,1.760870264302821
2015-10-01,3.281507513851022,3.281507513851022,2.5269909785782567,1.8666353067789658,1.7654645680548444
2015-10-02,3.281583040611262,3.281583040611262,2.527049139481732,1.8666782690201535,1.7918368519862005
2015-10-05,3.281662475756293,3.281662475756293,2.527110310115664,1.8667234544861895,1.8237220996565562
2015-10-06,3.2817419128241587,3.2817419128241587,2.5271714822303135,1.8667686410460005,1.8174730033474058
2015-10-07,3.281826560929053,3.281826560929053,2.527236667209022,1.8668167918244403,1.8323597788529882
2015-10-08,3.281911211217331,3.281911211217331,2.5273018538690892,1.8668649438448643,1.8488995065842722
2015-10-09,3.2819958636890494,3.2819958636890494,2.527367042210558,1.866913097107305,1.8500025343195001
2015-10-12,3.2820805183442636,3.2820805183442636,2.527432232233472,1.866961251611794,1.851748339630755
2015-10-13,3.2821638727701266,3.2821638727701266,2.5274964209885766,1.867008666500724,1.8400779615481597
2015-10-14,3.2822381121910587,3.2822381121910587,2.5275535905504802,1.867050896458657,1.8312570857234745
2015-10-15,3.282317563192981,3.282317563192981,2.527614773395331,1.8670960909446428,1.859375174966085
2015-10-16,3.282397016118122,3.282397016118122,2.527675957721195,1.8671412865246222,1.8678291556256932
2015-10-19,3.2824764709665284,3.2824764709665284,2.527737143528108,1.8671864831986216,1.8687479829155265
2015-10-20,3.282562440588387,3.282562440588387,2.5278033461675813,1.867235385701753,1.8663587308168175
2015-10-21,3.2826458072535454,3.2826458072535454,2.5278675443478016,1.8672828075528185,1.854780369305491
2015-10-22,3.2827252681242767,3.2827252681242767,2.5279287347923276,1.8673280076525252,1.8861146886682318
2015-10-23,3.2828112442622515,3.2828112442622515,2.5279949424496673,1.8859301957435743,1.906790143020907
2015-10-26,3.282897222651982,3.282897222651982,2.528061151841017,1.8812946465188711,1.9021033207890443
2015-10-27,3.2829819005565346,3.2829819005565346,2.528126359767553,1.8776595445923958,1.898428011629711
2015-10-28,3.283077002810003,3.283077002810003,2.5281995951740064,1.8990167612459976,1.920021456757935
2015-10-29,3.283174713435087,3.283174713435087,2.528274839209577,1.8979269587474648,1.9189196001427051
2015-10-30,3.283272426968225,3.283272426968225,2.5283500854845538,1.8897463246869635,1.9106484815056366
2015-11-02,3.283372749181271,3.283372749181271,2.5284273406260547,1.9121046505291661,1.9332541089178181
2015-11-03,3.2834769832368007,3.2834769832368007,2.5285076081606777,1.9176481478725225,1.93885892192523
2015-11-04,3.2835864324695754,3.2835864324695754,2.5285918917476162,1.9118321171682364,1.9329785611125823
2015-11-05,3.2836971883611468,3.2836971883611468,2.5286771815534883,1.9099233908061692,1.93104872265879
2015-11-06,3.2838144632607316,3.2838144632607316,2.5287674914528298,1.9089232744531277,1.9300375441919742
2015-11-09,3.2839304392477273,3.2839304392477273,2.528856801098361,1.8911099843271717,1.9120272243489576
2015-11-10,3.2840438130367016,3.2840438130367016,2.5289441068688756,1.8954730001909452,1.9164384987755845
2015-11-11,3.2841571907397706,3.2841571907397706,2.5290314156535176,1.888020114595149,1.9089031781029528
2015-11-12,3.2842731788310306,3.2842731788310306,2.5291207346201814,1.8616634744844913,1.8822550117606474
2015-11-13,3.2843852611696738,3.2843852611696738,2.5292070458833473,1.8598653439698503,1.8611209802773399
2015-11-16,3.2844999539883175,3.2844999539883175,2.5292953673992353,1.8599302916485285,1.889423269965345
2015-11-17,3.2846120440661126,3.2846120440661126,2.5293816846220913,1.8567131400187873,1.8880445271220243
2015-11-18,3.284729351639115,3.284729351639115,2.5294720196822564,1.8861717795661503,1.9180002709443018
2015-11-19,3.2848479668657022,3.2848479668657022,2.5295633617274116,1.8845452703002694,1.916346314901459
2015-11-20,3.2849691933978122,3.2849691933978122,2.529656714660999,1.8914129366745764,1.9233298707521918
2015-11-23,3.285091727962963,3.285091727962963,2.529751074871784,1.8892448060751654,1.921125153704591
2015-11-24,3.285212963491018,3.285212963491018,2.52984443473288,1.89177456598536,1.9236976024315533
2015-11-25,3.285334203493242,3.285334203493242,2.5299377980393998,1.8915035907920659,1.9234220546263174
2015-11-27,3.2854541442657506,3.2854541442657506,2.5300301608478994,1.8936722149710639,1.9256272735824886
2015-11-30,3.2855766969203386,3.2855766969203386,2.53012453498882,1.8858099857288377,1.9176323719620834
2015-12-01,3.2856953427455053,3.2856953427455053,2.530215900597028,1.9037928998771325,1.9359187415189065
2015-12-02,3.2858179043971796,3.2858179043971796,2.530310281666336,1.884364949224465,1.9161629509703488
2015-12-03,3.285943078412585,3.285943078412585,2.530406674438971,1.857978349026943,1.8893310860912194
2015-12-04,3.2860682571965243,3.2860682571965243,2.5305030708837113,1.8942143298841814,1.926178536495817
2015-12-07,3.2861908327584994,3.2861908327584994,2.530597462664927,1.882737781852468,1.9145083257160784
2015-12-08,3.2863134128927376,3.2863134128927376,2.530691857967106,1.8700873370362048,1.901644409052698
2015-12-09,3.2864346935067843,3.2864346935067843,2.5307852525475782,1.8555385851281216,1.886850152026955
2015-12-10,3.2865585868781664,3.2865585868781664,2.5308806591344797,1.860327952387862,1.8917203381899281
2015-12-11,3.286673355590724,3.286673355590724,2.530969039094005,1.8242727861860153,1.855056753625011
2015-12-14,3.286799866430205,3.286799866430205,2.5310664613149547,1.822518733423742,1.8644287250601683
2015-12-15,3.286927686425011,3.286927686425011,2.5311648916773395,1.8225896091522642,1.8840013189804725
2015-12-16,3.287060728736128,3.287060728736128,2.531267343589622,1.8474351040048547,1.9115679780068975
2015-12-17,3.2871911676539347,3.2871911676539347,2.5313677907064305,1.8192834430766793,1.8824390449031847
2015-12-18,3.287317698425071,3.287317698425071,2.5314652282761525,1.7868730327605502,1.848903521852837
2015-12-21,3.287442929575487,3.287442929575487,2.531561665046753,1.7851542310814188,1.864155686797785
2015-12-22,3.2875720791191485,3.2875720791191485,2.531661119255023,1.7852243621404968,1.8810713440484166
2015-12-23,3.2877038429207324,3.2877038429207324,2.531762586625279,1.7852959127994559,1.904365590019402
2015-12-24,3.28783822129209,3.28783822129209,2.5318660673976687,1.7805637066420275,1.9012221366420026
2015-12-28,3.2879752145513104,3.2879752145513104,2.531971561817144,1.776495061723038,1.8968777833581165
2015-12-29,3.2881174325268603,3.2881174325268603,2.5320810796346986,1.7954535024078668,1.9171209271286849
2015-12-30,3.2882583518453976,3.2882583518453976,2.532189597395255,1.7827279994854823,1.9035330910037043
2015-12-31,3.2883966674744833,3.2883966674744833,2.5322961101322883,1.7648945586280629,1.8844911817453358
2016-01-04,3.288529769244357,3.288529769244357,2.532398607831984,1.7632011002777603,1.8581475066025015
2016-01-05,3.288665486345945,3.288665486345945,2.5325031195205607,1.7632738673072954,1.8612897888599034
2016-01-06,3.2887946839186224,3.2887946839186224,2.532602610714542,1.763343138780654,1.83781150974638
2016-01-07,3.2889199713351522,3.2889199713351522,2.5326990908139977,1.7634103137573693,1.7937190091257895
2016-01-08,3.289042653270591,3.289042653270591,2.5327935645102424,1.7634760917611365,1.774029972417116
2016-01-11,3.289165339782261,3.289165339782261,2.532888041730506,1.7635418722185277,1.775785815899782
2016-01-12,3.289286725645991,3.289286725645991,2.5329815173606174,1.7636069553114309,1.790114469074905
2016-01-13,3.2894055054444173,3.2894055054444173,2.533072986137633,1.7636706411181504,1.7454675267867057
2016-01-14,3.289522984212469,3.289522984212469,2.5331634530299953,1.7637336293553334,1.7741228255026693
2016-01-15,3.289633940344873,3.289633940344873,2.5332488970353553,1.7637931203706092,1.7360388396830755
2016-01-19,3.289748816450726,3.289748816450726,2.5333373596952518,1.7638547131462412,1.738350128650491
2016-01-20,3.289859780200487,3.289859780200487,2.533422809566511,1.7639142082456924,1.7160729167463111
2016-01-21,3.2899694421931605,3.2899694421931605,2.5335072569934964,1.7639730053859672,1.7256861389010494
2016-01-22,3.290084330014951,3.290084330014951,2.5335957286754867,1.7640346044432982,1.761089765651011
2016-01-25,3.2901992218486975,3.2901992218486975,2.533684203446964,1.7640962056517073,1.7344678658572312
2016-01-26,3.290310200790704,3.290310200790704,2.5337696650173185,1.7641557088967392,1.7581313492332902
2016-01-27,3.290419877797397,3.290419877797397,2.5338541240061523,1.7642145140870358,1.738997256100796
2016-01-28,3.2905282527378166,3.2905282527378166,2.533937580312618,1.7642726211523807,1.7480560365879256
2016-01-29,3.2906274908914708,3.2906274908914708,2.5340140006523417,1.7643258293742885,1.7906689107425138
2016-02-01,3.290733261060821,3.290733261060821,2.534095451102363,1.7643825398473754,1.7900217832922087
2016-02-02,3.2908311995507336,3.2908311995507336,2.5341708706098363,1.76443505123249,1.7577616099196467
2016-02-03,3.2909252232992925,3.2909252232992925,2.534243275491854,1.7644854636625253,1.7682991803584946
2016-02-04,3.2910166378888284,3.2910166378888284,2.534313671138395,1.764534477147627,1.7710723925136798
2016-02-05,3.2911132788535915,3.2911132788535915,2.534388091460484,1.7645862928425908,1.7373332618865425
2016-02-08,3.2911994746775615,3.2911994746775615,2.5344544682914507,1.7646325081978795,1.7139473339500018
2016-02-09,3.291289590853654,3.291289590853654,2.5345238640685586,1.7646808255165565,1.7140393505212705
2016-02-10,3.2913823216318088,3.2913823216318088,2.534595273272665,1.764730544698545,1.7125603932666955
2016-02-11,3.291465912293946,3.291465912293946,2.534659643946272,1.7647753632520613,1.6902840178768
2016-02-12,3.2915586480398873,3.2915586480398873,2.5347310569759225,1.764825085097613,1.7251315299305843
2016-02-16,3.2916553049208215,3.2916553049208215,2.5348054895545795,1.7648769093263024,1.7542487518343175
2016-02-17,3.291751964640093,3.291751964640093,2.5348799243189553,1.7649287350768141,1.7829047197617087
2016-02-18,3.291844708445445,3.291844708445445,2.534951343554918,1.7649784612435562,1.7756014481515312
2016-02-19,3.2919439863017317,3.2919439863017317,2.5350277944684536,1.7650316907527048,1.7747699529529748
2016-02-22,3.292045879806069,3.292045879806069,2.5351062596144724,1.7650863226859899,1.800467504462645
2016-02-23,3.292145163729429,3.292145163729429,2.53518271520008,1.7651395554481026,1.7777280347649818
2016-02-24,3.2922431442402544,3.2922431442402544,2.535258167066604,1.7651920893634436,1.785862132362288
2016-02-25,3.29233720833009,3.29233720833009,2.5353306030142346,1.76524252342314,1.8074915476047355
2016-02-26,3.2924417269716244,3.2924417269716244,2.5354110897000446,1.765298562868328,1.8033329004919556
2016-02-29,3.292543635882221,3.292543635882221,2.5354895667099635,1.7653532030619403,1.7891896188822252
2016-03-01,3.2926546939016847,3.2926546939016847,2.535575089175507,1.7654127487056943,1.831248553277775
2016-03-02,3.2927657556671535,3.2927657556671535,2.535660614525737,1.7654722963579323,1.83947466744635
2016-03-03,3.292876821178753,3.292876821178753,2.5357461427607504,1.7655318460187222,1.8466850859709742
2016-03-04,3.292991810528064,3.292991810528064,2.535834692626053,1.7655934995117577,1.8526932661662574
2016-03-07,3.293110724121222,3.293110724121222,2.535926264434398,1.7652373337693497,1.8541722234208327
2016-03-08,3.293225721638572,3.293225721638572,2.5360148205896635,1.7459648285814346,1.8339287450445503
2016-03-09,3.2933433368429164,3.2933433368429164,2.536105392547542,1.7442812196395883,1.8429878601373937
2016-03-10,3.2934648768946326,3.2934648768946326,2.5361989869132193,1.7443455919226938,1.844466817391969
2016-03-11,3.2935916491537833,3.2935916491537833,2.5362966104456524,1.7444127353839702,1.8742308321402932
2016-03-14,3.29371842629266,3.29371842629266,2.5363942377358164,1.7404317928538837,1.8718278612073223
2016-03-15,3.2938465153425716,3.2938465153425716,2.536492875289506,1.7375959567557124,1.8687779301269032
2016-03-16,3.2939602314722682,3.2939602314722682,2.536580444686391,1.747650807983222,1.879591884885271
2016-03-17,3.2940739515278787,3.2940739515278787,2.5366680171065052,1.758738102665672,1.8915162287045684
2016-03-18,3.2941837539929297,3.2941837539929297,2.5367525727070754,1.7656495781369694,1.8989494946345198
2016-03-21,3.294297481765389,3.294297481765389,2.5368401510697045,1.7681554741164234,1.901644576355555
2016-03-22,3.2944164425077864,3.2944164425077864,2.536931759186271,1.7672046990077002,1.900622021294473
2016-03-23,3.29453017831354,3.29453017831354,2.5370193437351,1.755541992491617,1.888078824207679
2016-03-24,3.294646532752377,3.294646532752377,2.5371089448150967,1.7547648209531383,1.8872429791348442
2016-03-28,3.2947628913005573,3.2947628913005573,2.537198549059576,1.7558011533769464,1.888357550767195
2016-03-29,3.294864872056716,3.294864872056716,2.5372770813956183,1.7720425762788539,1.9058251401425825
2016-03-30,3.2949642409973023,3.2949642409973023,2.537353602450454,1.7798178695149973,1.9141874388366353
2016-03-31,3.295059690358252,3.295059690358252,2.537427105154017,1.7754981584557477,1.9095416058047012
2016-04-01,3.295159065174311,3.295159065174311,2.537503630733379,1.787592540516122,1.9225490683192608
2016-04-04,3.2952571353845843,3.2952571353845843,2.53757915167477,1.7818046659300188,1.916324230924354
2016-04-05,3.2953512855884526,3.2953512855884526,2.537651653936247,1.7640084332748902,1.897184449494727
2016-04-06,3.2954467461614083,3.2954467461614083,2.537725165273841,1.783273451691891,1.9179039044987543
2016-04-07,3.2955382863488016,3.2955382863488016,2.537795657639543,1.7619346795159916,1.8949541351100276
2016-04-08,3.295629829078978,3.295629829078978,2.537866151963366,1.7666863772370416,1.900064568175441
2016-04-11,3.2957213743520075,3.2957213743520075,2.537936648245365,1.7625396475130177,1.8956047759203267
2016-04-12,3.29581815347173,3.29581815347173,2.5380111749564644,1.7789537406326419,1.9132580714668206
2016-04-13,3.2959162432977265,3.2959162432977265,2.5380867110033383,1.7969227990642416,1.9325837263704106
2016-04-14,3.2960169518496047,3.2960169518496047,2.538164263652841,1.797008511938081,1.9326759102445363
2016-04-15,3.2961137396489844,3.2961137396489844,2.538238797047885,1.7950223377580783,1.930539787368245
2016-04-18,3.2962118382721886,3.2962118382721886,2.538314339869226,1.8076355082653752,1.9441052049104073
2016-04-19,3.2963125558561357,3.2963125558561357,2.538391899474055,1.8133368921838657,1.9502370219169043
2016-04-20,3.296417200699179,3.296417200699179,2.5384724833438796,1.8150646832723125,1.9520952547479635
2016-04-21,3.2965244650684076,3.2965244650684076,2.5385550844326232,1.805302749179902,1.9415963312690487
2016-04-22,3.296634349217243,3.296634349217243,2.5386397029354377,1.805302749179902,1.9415963312690487
2016-04-25,3.2967455452171173,3.2967455452171173,2.5387253316555762,1.8021926629971956,1.9382514452519988
2016-04-26,3.29685805320001,3.29685805320001,2.5388119706946726,1.8048706069593472,1.941131563932713
2016-04-27,3.296966640191445,3.296966640191445,2.538895590295295,1.808585505580325,1.9451269234572046
2016-04-28,3.297068689158879,3.297068689158879,2.538974175158804,1.7921711013431918,1.9274732933049974
2016-04-29,3.297169432924381,3.297169432924381,2.539051754925267,1.7824959690359035,1.9170677248202062
2016-05-02,3.297274104969871,3.297274104969871,2.5391323597428834,1.7966633270614027,1.9323046652051805
2016-05-03,3.2973722381277573,3.2973722381277573,2.5392079291583523,1.7810274943915403,1.9154883858515195
2016-05-04,3.297470374206273,3.297470374206273,2.539283500822911,1.7710919567288852,1.9048027523843571
2016-05-05,3.2975645876455366,3.2975645876455366,2.5393560517800773,1.7707464607346977,1.904431172739288
2016-05-06,3.297661420891364,3.297661420891364,2.539430620172074,1.7772262606617042,1.9114001732414745
2016-05-09,3.297755639789104,3.297755639789104,2.5395031753326505,1.778694268629803,1.9129790103015905
2016-05-10,3.2978498613788125,3.2978498613788125,2.5395757325662314,1.8008105234616905,1.9367649593688652
2016-05-11,3.2979467030017258,3.2979467030017258,2.539650307409172,1.7839642881215114,1.9186468964860357
2016-05-12,3.2980461648864194,3.2980461648864194,2.5397269000374907,1.7844833876859436,1.9192051861193522
2016-05-13,3.298145629770757,3.298145629770757,2.5398034949757458,1.7689321789786376,1.9024799195198188
2016-05-16,3.3273855524828324,3.3273855524828324,2.5623202866015027,1.7863836934333521,1.921248957818661
2016-05-17,3.296328162567826,3.296328162567826,2.538403917736844,1.76970981719338,1.9033162665012238
2016-05-18,3.2972936082207203,3.2972936082207203,2.5391473786141616,1.7702281389640389,1.903873719620256
2016-05-19,3.285868781662008,3.285868781662008,2.5303494607292176,1.764094457266239,1.8972769679745662
2016-05-20,3.306627311947218,3.306627311947218,2.5463349852291173,1.775239153129173,1.909263046548042
2016-05-23,3.302121415984384,3.302121415984384,2.542865129255778,1.7728200589348415,1.9066613198211304
2016-05-24,3.3449246750101462,3.3449246750101462,2.575826641291115,1.7957999759728207,1.9313761343496498
2016-05-25,3.3676135171019537,3.3676135171019537,2.5932986412906214,1.8079810042595625,1.944476784555476
2016-05-26,3.368578383255657,3.368578383255657,2.594041655912911,1.8084990149127118,1.9450339030687946
2016-05-27,3.3830606475482656,3.3830606475482656,2.6051940153277036,1.8162741525901007,1.9533960344599908
2016-05-31,3.3766253090276215,3.3766253090276215,2.6002383532373003,1.8128191926482256,1.9496802380092992
2016-06-01,3.3835442396235003,3.3835442396235003,2.605566415148905,1.816533780151694,1.9536752629280774
2016-06-02,3.3938416505053177,3.3938416505053177,2.613496143876093,1.8220621827349583,1.9596210391577542
2016-06-03,3.383705050649117,3.383705050649117,2.6056902509192867,1.8166201152605521,1.9537681160136302
2016-06-06,3.400922551125196,3.400922551125196,2.6189489340681362,1.8258637275823038,1.9637095863735128
2016-06-07,3.406232502216116,3.406232502216116,2.623037968893383,1.8287144973209262,1.9667755785281895
2016-06-08,3.4173359964731898,3.4173359964731898,2.6315884383650783,1.8346756643597646,1.97318679130563
2016-06-09,3.412668999735143,3.412668999735143,2.6279945234938435,1.8321700794978202,1.9704920441903087
2016-06-10,3.3803254113647947,3.3803254113647947,2.6030876915936467,1.814805677945737,1.9518166954913037
2016-06-13,3.354257509487856,3.354257509487856,2.583013578523529,1.80081052346169,1.9367649593688647
2016-06-14,3.3476602009432117,3.3476602009432117,2.577933188152687,1.7972686061759378,1.9329556406211927
2016-06-15,3.3429929144555692,3.3429929144555692,2.574339050153938,1.7947628657552386,1.9302607262030145
2016-06-16,3.352970152034131,3.352970152034131,2.5820222229779337,1.80011937591456,1.9360216327758695
2016-06-17,3.3404828137079625,3.3404828137079625,2.572406096498415,1.793415260263277,1.9288113815541021
2016-06-20,3.361995272441201,3.361995272441201,2.588972198790265,1.8049647200059389,1.9412327821611077
2016-06-21,3.371538175375799,3.371538175375799,2.596320903470474,1.8100880475919658,1.9467429017515412
2016-06-22,3.3660398870476698,3.3660398870476698,2.5920868357609965,1.8071361646627888,1.9435681627399104
2016-06-23,3.4098734956357646,3.4098734956357646,2.625841789236832,1.8306692486324792,1.968877906227397
2016-06-24,3.28742879348529,3.28742879348529,2.531550779265676,1.76493198560154,1.898177726555859
2016-06-27,3.2285508063889155,3.2285508063889155,2.486210598997498,1.7333219799703439,1.8641812841348828
2016-06-28,3.286782072387673,3.286782072387673,2.48378457048046,1.7316306153875076,1.8978043065793644
2016-06-29,3.3427472067984088,3.3427472067984088,2.52359301407504,1.759384036718234,1.9301188533804035
2016-06-30,3.3883621959009083,3.3883621959009083,2.5580298591951443,1.783392517975445,1.9564571748318185
2016-07-01,3.395477866472272,3.395477866472272,2.5634018049132745,1.7871377001382907,1.9605657983903997
2016-07-05,3.3710534243021812,3.3710534243021812,2.5449626745154497,1.7742824134530129,1.9464630040720274
2016-07-06,3.3912721510905905,3.3912721510905905,2.5602267176871707,1.784924111120712,1.9581373974231875
2016-07-07,3.389170017773739,3.389170017773739,2.5586397209372302,1.7838176978707956,1.9569236151967233
2016-07-08,3.4396374433555374,3.4396374433555374,2.5967398926694982,1.8103801560675443,1.9860637575918452
2016-07-11,3.4517675204301996,3.4517675204301996,2.605897443591552,1.8167645646539665,1.9930677243911135
2016-07-12,3.476838393948312,3.476838393948312,2.6248245946301925,1.8299600867576542,2.0075437713831237
2016-07-13,3.476354512123482,3.476354512123482,2.624459290071626,1.829705405830382,2.00726437561218
2016-07-14,3.4957636785414867,3.4957636785414867,2.6391121590297932,1.8399210085814353,2.0184713247812947
2016-07-15,3.4910732120861874,3.4910732120861874,2.635571111009389,1.8374522811259364,2.015763026134568
2016-07-18,3.500454724495977,3.500454724495977,2.642653644540687,1.8423900410440328,2.0211799580337346
2016-07-19,3.496896019961508,3.496896019961508,2.639967015445888,1.8405169924519624,2.0191251443458738
2016-07-20,3.5114541986481913,3.5114541986481913,2.6509576515181137,1.8481793807812235,2.0275311090855648
2016-07-21,3.4981903314055294,3.4981903314055294,2.6409441504537425,1.8411982258065283,2.0198724862074333
2016-07-22,3.5138805617626394,3.5138805617626394,2.652789424196819,1.8494564455027673,2.028932103208847
2016-07-25,3.50433707932885,3.50433707932885,2.645584612073761,1.844433436100632,2.0234216490127
2016-07-26,3.505954171822489,3.505954171822489,2.6468054292841563,1.8452845584090791,2.0243553662567932
2016-07-27,3.5022340767632114,3.5022340767632114,2.6439969590880867,1.8433265653400681,2.0222073648776653
2016-07-28,3.5062784016200848,3.5062784016200848,2.64705020521292,1.8454552098807064,2.024542578153611
2016-07-29,3.5119395292210007,3.5119395292210007,2.651324049802904,1.8484348242262423,2.0278113413707928
2016-08-01,3.509027835533745,3.509027835533745,2.64912587883941,1.8469023160596802,2.0261301149622835
2016-08-02,3.4865441361556977,3.4865441361556977,2.632151904090255,1.8350684981473784,2.0131479151791085
2016-08-03,3.4967343396871047,3.4967343396871047,2.639844955599373,1.840431895471473,2.01903178935175
2016-08-04,3.5004547244959774,3.5004547244959774,2.6426536445406867,1.842390041044033,2.0211799580337346
2016-08-05,3.5290845922981537,3.5290845922981537,2.6642676434193704,1.8574587642433402,2.0377109860164624
2016-08-08,3.526981589732515,3.526981589732515,2.662679990433696,1.8563518934827763,2.0364967018814277
2016-08-09,3.5290845922981537,3.5290845922981537,2.6642676434193704,1.8574587642433402,2.0377109860164624
2016-08-10,3.5203503804851732,3.5203503804851732,2.657673786764622,1.8528616972543017,2.0326678086995043
2016-08-11,3.5366870421903047,3.5366870421903047,2.6700070811485137,1.8614601523689507,2.0421006783745557
2016-08-12,3.533613378479049,3.533613378479049,2.6676866315932597,1.8598423947183496,2.0403259296690655
2016-08-15,3.5438041615096463,3.5438041615096463,2.6753801205928665,1.865206097049542,2.0462101384474205
2016-08-16,3.5255267570124724,3.5255267570124724,2.6615816705603055,1.8555861731619179,2.0356566742371722
2016-08-17,3.53215825600941,3.53215825600941,2.6665880929746244,1.8590765218939418,2.039485734721953
2016-08-18,3.540083486951178,3.540083486951178,2.6725712129063086,1.8632477989734333,2.0440618024625796
2016-08-19,3.5349071104238785,3.5349071104238785,2.6686633291106245,1.8605233230658171,2.041072936924911
2016-08-22,3.5347468788974528,3.5347468788974528,2.668542362990333,1.8604389886030739,2.0409804184450717
2016-08-23,3.541863418717604,3.541863418717604,2.6739149649441973,1.8641846282765673,2.0450895439122236
2016-08-24,3.523746535496451,3.523746535496451,2.660237699777172,1.8546491913552352,2.034628765484671
2016-08-25,3.521320172382004,3.521320172382004,2.6584059270984683,1.8533721266336918,2.033227771361389
2016-08-26,3.5146889631346614,3.5146889631346614,2.6533997234293936,1.8498819304052168,2.029398878179465
2016-08-29,3.531996575735006,3.531996575735006,2.66646603312811,1.8589914249134523,2.039392379727829
2016-08-30,3.526172608861302,3.526172608861302,2.662069253710632,1.8559261035732293,2.0360295923050957
2016-08-31,3.5161446651034916,3.5161446651034916,2.6544986995385185,1.8506481082367232,2.0302394077322914
2016-09-01,3.516305765878704,3.516305765878704,2.654620321894544,1.8507329002101143,2.030332428120701
2016-09-02,3.53215825600941,3.53215825600941,2.666588092974625,1.8590765218939418,2.0394857347219526
2016-09-06,3.5428340798632214,3.5428340798632214,2.6746477615137776,1.864695515166604,2.045650008482679
2016-09-07,3.542509850065626,3.542509850065626,2.6744029855850138,1.8645248636949767,2.0454627965858614
2016-09-08,3.534422359350262,3.534422359350262,2.6682973683163254,1.8602681846278972,2.0407930392453975
2016-09-09,3.449826777638158,3.449826777638158,2.604432287942883,1.815743095880992,1.9919471298559168
2016-09-12,3.499322383075956,3.499322383075956,2.6417987881245923,1.8417940571735063,2.0205261384691555
2016-09-13,3.4490177967669453,3.4490177967669453,2.603821551219818,1.8153173059714445,1.9914800202795848
2016-09-14,3.447723485322924,3.447723485322924,2.6028444162119637,1.8146360726168786,1.9907326784180253
2016-09-15,3.4821767404996127,3.4821767404996127,2.628854757017636,1.8327698121493103,2.0106261592177725
2016-09-16,3.4687155537822734,3.4687155537822734,2.6186922904416567,1.8256848022575651,2.002853603094124
2016-09-19,3.469366910873423,3.469366910873423,2.619184029751632,1.826027630236313,2.0032296999163286
2016-09-20,3.469528011648636,3.469528011648636,2.6193056521076574,1.826112422209704,2.0033227203047383
2016-09-21,3.508545692206491,3.508545692206491,2.6487618867523115,1.8466485501537044,2.0258517230084814
2016-09-22,3.530654455607694,3.530654455607694,2.6654528051548882,1.8582850284732577,2.038617432894889
2016-09-23,3.5113093238503406,3.5113093238503406,2.650848278895789,1.8481031290065921,2.0274474576571393
2016-09-26,3.4828605495454803,3.4828605495454803,2.6293709957950115,1.8331297205255752,2.011020993959944
2016-09-27,3.504480795128322,3.504480795128322,2.6456931097151073,1.844509077861068,2.0235046312296987
2016-09-28,3.521876491605761,3.521876491605761,2.6588259179681972,1.85366493344828,2.033548992846546
2016-09-29,3.490011859317115,3.490011859317115,2.6347698471782333,1.83689366062498,2.015150195769918
2016-09-30,3.5163489385684654,3.5163489385684654,2.6546529149359968,1.8507556232389548,2.030357356246373
2016-10-03,3.507895494113724,3.507895494113724,2.6482710224233146,1.8463063321891537,2.0254762953977044
2016-10-04,3.4900118593171148,3.4900118593171148,2.634769847178233,1.83689366062498,2.015150195769918
2016-10-05,3.5054575410154487,3.5054575410154487,2.6464304999348243,1.8450231673256396,2.0240686091601483
2016-10-06,3.507895494113724,3.507895494113724,2.6482710224233146,1.8463063321891535,2.025476295397704
2016-10-07,3.495864801150389,3.495864801150389,2.639188501120176,1.839974232320129,2.0185297134783355
2016-10-10,3.514072086245401,3.514072086245401,2.6529340148035314,1.8495572503488311,2.0290426903972256
2016-10-11,3.469692879168591,3.469692879168591,2.619430118151863,1.826199196729235,2.0034179156302865
2016-10-12,3.474243686318759,3.474243686318759,2.6228657309643455,1.828594417473988,2.00604557430001
2016-10-13,3.4628629016985935,3.4628629016985935,2.614273855244958,1.8226043830659644,1.9994742526885616
2016-10-14,3.4646515259528914,3.4646515259528914,2.6156241696401867,1.8235457874755765,2.000507013223912
2016-10-17,3.4526214124887478,3.4526214124887478,2.606542085827537,1.8172139926136506,1.9935607659102577
2016-10-18,3.4742436863187596,3.4742436863187596,2.6228657309643455,1.8285944174739883,2.0060455743000105
2016-10-19,3.483508719391075,3.483508719391075,2.629860328907294,1.8334708709652803,2.0113952504507226
2016-10-20,3.477007028213014,3.477007028213014,2.6249519043625784,1.8300488438233269,2.007641141645812
2016-10-21,3.4786328131945243,3.4786328131945243,2.626179283930313,1.8309045412382519,2.008579877975611
2016-10-24,3.4934265583025184,3.4934265583025184,2.6373477598864405,1.8386909149530657,2.0171218599379235
2016-10-25,3.4817206746359703,3.4817206746359703,2.6285104520025553,1.832529771562767,2.0103628245210867
2016-10-26,3.4747319143875264,3.4747319143875264,2.6232343167015824,1.8288513859544997,2.006327479613807
2016-10-27,3.4654651428176364,3.4654651428176364,2.6162384062871653,1.823974017441912,2.0009767996459535
2016-10-28,3.455221915110216,3.455221915110216,2.6085053243982768,1.8185827119683025,1.9950623090505082
2016-10-31,3.455385333882194,3.455385333882194,2.6086286967162593,1.8186687239700876,1.9951566678617727
2016-11-01,3.430350099564354,3.430350099564354,2.5897284513427112,1.8054919598029597,1.9807011991211556
2016-11-02,3.409704861371065,3.409704861371065,2.5741424151708645,1.794625776910743,1.9687805359647093
2016-11-03,3.3940972096487316,3.3940972096487316,2.562359483822514,1.7864110207260444,1.9597686002774983
2016-11-04,3.3903582808657333,3.3903582808657333,2.5595367951855423,1.7844431149263311,1.957609724212675
2016-11-07,3.4651394642720623,3.4651394642720623,2.6159925366321786,1.8238026034525385,2.0007887512348517
2016-11-08,3.4807453774968207,3.4807453774968207,2.627774155509061,1.832016444615941,2.0097996831049207
2016-11-09,3.5176490450044007,3.5176490450044007,2.655634424848744,1.8514399066645053,2.0311080441650686
2016-11-10,3.52642787825512,3.52642787825512,2.6622619682711686,1.8560604592001306,2.036176986121982
2016-11-11,3.518299822596358,3.518299822596358,2.656125726668229,1.851782429636154,2.031483806381559
2016-11-14,3.5210631644906116,3.5210631644906116,2.6582119000664615,1.8532368559854924,2.03307937372736
2016-11-15,3.5485363519067277,3.5485363519067277,2.6789526679285003,1.8676967850161348,2.0489425287055334
2016-11-16,3.5418715317062834,3.5418715317062834,2.673921089811046,1.8641888983759451,2.0450942283922147
2016-11-17,3.560079686050084,3.560079686050084,2.6876672597301363,1.8737723739152954,2.0556077072196755
2016-11-18,3.5521133106657263,3.5521133106657263,2.681653077973712,1.8695794413318088,2.051007882473376
2016-11-21,3.5789374589874594,3.5789374589874594,2.7019038564877333,1.8836977624120976,2.0664962790521995
2016-11-22,3.585927378234287,3.585927378234287,2.7071808667696855,1.8873767580345624,2.070532293170907
2016-11-23,3.5878773930133923,3.5878773930133923,2.708653022266184,1.8884031069211145,2.0716582413975235
2016-11-25,3.601209351411046,3.601209351411046,2.718717928463049,1.8954201002298872,2.0793561804470158
2016-11-28,3.584302172751968,3.584302172751968,2.70595392469244,1.8865213656267357,2.069593891446822
2016-11-29,3.591292091998795,3.591292091998795,2.7112309349743917,1.8902003612492002,2.073629905565529
2016-11-30,3.582676387770458,3.582676387770458,2.7047265451247053,1.885665668211811,2.0686551551170234
2016-12-01,3.5695084276439744,3.5695084276439744,2.6947854487363125,1.878734991911922,2.0610519094845094
2016-12-02,3.57129647239908,3.57129647239908,2.696135325641052,1.8796760913144355,2.062084335414146
2016-12-05,3.592755906956305,3.592755906956305,2.7123360359503668,1.8909708091800865,2.0744751195983477
2016-12-06,3.6041349530788964,3.6041349530788964,2.7209265991982865,1.8969599285668146,2.081045437392655
2016-12-07,3.6512795302971313,3.6512795302971313,2.756518200464901,1.9217734760605945,2.108266950625394
2016-12-08,3.6602209130710426,3.6602209130710426,2.763268459969575,1.9264795830873576,2.113429749485002
2016-12-09,3.682330545721033,3.682330545721033,2.779960034607886,1.9381165189175587,2.1261959612799806
2016-12-12,3.678104258118057,3.678104258118057,2.776769416469412,1.9358921021479822,2.123755681809932
2016-12-13,3.702651554116726,3.702651554116726,2.795301294850968,1.9488120503381479,2.1379294125396093
2016-12-14,3.6720896360103774,3.6720896360103774,2.7722287026809536,1.9327264334723426,2.1202828091073895
2016-12-15,3.6872079006655616,3.6872079006655616,2.783642173311089,1.9406836111623325,2.1290121702693763
2016-12-16,3.679996033228424,3.679996033228424,2.7781976041717353,1.9368877978211314,2.1248480021623206
2016-12-19,3.6880087685480953,3.6880087685480953,2.784246785167304,1.9411051309725007,2.129474595365717
2016-12-20,3.702236053196482,3.702236053196482,2.794987614170139,1.9485933602485017,2.1376895002428826
2016-12-21,3.691934006321133,3.691934006321133,2.7872101269965865,1.9431710965543916,2.1317410471674965
2016-12-22,3.6855566177196297,3.6855566177196297,2.782395544161826,1.9398144934350727,2.1280587112881753
2016-12-23,3.6909532039396655,3.6909532039396655,2.786469674343444,1.94265487204013,2.131174726997051
2016-12-27,3.7001092911639955,3.7001092911639955,2.793382024074404,1.9474739841968984,2.136461497273587
2016-12-28,3.6695302778315004,3.6695302778315004,2.7702965259349552,1.9313793696216868,2.118805022972813
2016-12-29,3.6687137634708,3.6687137634708,2.76968010183553,1.9309496146198588,2.1183335635222034
2016-12-30,3.6553032829327092,3.6553032829327092,2.7595559156773644,1.923891292849235,2.110590285398504
2017-01-03,3.6832664369151646,3.6832664369151646,2.780666581748107,1.938609105381684,2.1267363495076146
2017-01-04,3.7051790398400737,3.7051790398400737,2.797209409620055,1.9501423387983847,2.139388795359933
2017-01-05,3.702236053196482,3.702236053196482,2.7949876141701386,1.9485933602485022,2.1376895002428835
2017-01-06,3.715482245713807,3.715482245713807,2.804987771774587,1.9555652125066927,2.1453379176467475
2017-01-09,3.703217145327545,3.703217145327545,2.7957282855685257,1.9491097372663129,2.1382559877161857
2017-01-10,3.703217145327545,3.703217145327545,2.7957282855685257,1.9491097372663129,2.1382559877161857
2017-01-11,3.713682900724469,3.713682900724469,2.8036293638053067,1.9546181654657584,2.144298966905694
2017-01-12,3.7043613664809905,3.7043613664809905,2.7965921105396507,1.9497119737823596,2.1389166666978956
2017-01-13,3.712864647866193,3.712864647866193,2.8030116272344126,1.9541874954426341,2.1438265036379427
2017-01-17,3.6997833228688255,3.6997833228688255,2.7931359356741705,1.9473024177039753,2.1362732815596277
2017-01-18,3.7079594769604753,3.7079594769604753,2.799308488987722,1.95160576285713,2.1409942335742884
2017-01-19,3.694222448628024,3.694222448628024,2.7889377769388357,1.9443755695864848,2.1330624051309166
2017-01-20,3.707794899190114,3.707794899190114,2.7991842416887605,1.9515191408411474,2.1408992055515963
2017-01-23,3.698147396651466,3.698147396651466,2.791900900022873,1.946441382664826,2.135328689629839
2017-01-24,3.7218596343153094,3.7218596343153094,2.8098023546093462,1.9589218156260106,2.149020253526068
2017-01-25,3.754072835367591,3.754072835367591,2.8341215759286253,1.9758765502190765,2.1676203159394896
2017-01-26,3.7501481770937435,3.7501481770937435,2.8311586715898316,1.973810889644284,2.1653541987434233
2017-01-27,3.744261914056964,3.744261914056964,2.826714861944755,1.9707127800409698,2.1619554412064677
2017-01-30,3.72104167120663,3.72104167120663,2.809184836783698,1.9584912981064364,2.1485479575611737
2017-01-31,3.7207145439130773,3.7207145439130773,2.8089378734024875,1.9583191215993165,2.1483590726357873
2017-02-01,3.722186471859268,3.722186471859268,2.810049099245313,1.9590938396295823,2.1492089711485978
2017-02-02,3.724638912437328,3.724638912437328,2.8119005589960353,1.9603846296705592,2.150625022528996
2017-02-03,3.7503133343632973,3.7503133343632973,2.831283356379283,1.9738978166673655,2.165449561371829
2017-02-06,3.7436082389690495,3.7436082389690495,2.8262213726728223,1.9703687320338281,2.161578005961408
2017-02-07,3.7437719474906244,3.7437719474906244,2.8263449637360503,1.970454896539163,2.1616725320755297
2017-02-08,3.7486779876451286,3.7486779876451286,2.8300487582184743,1.9730370866353146,2.164505304047754
2017-02-09,3.7709171383644002,3.7709171383644002,2.8468381119811443,1.9847421915520373,2.177346300219746
2017-02-10,3.78579751860151,3.78579751860151,2.8580719927654217,1.9925741638280812,2.185938305736257
2017-02-13,3.806402481600996,3.806402481600996,2.8736276233482623,2.0034191487269504,2.1978357137956013
2017-02-14,3.821610858380446,3.821610858380446,2.885109123749485,2.011423755020762,2.2066171061460698
2017-02-15,3.8415592487960604,3.8415592487960604,2.9001690776079467,2.021923166876997,2.218135405931786
2017-02-16,3.838289424608511,3.838289424608511,2.8977005375220646,2.0202021643235435,2.216247393192207
2017-02-17,3.8443405551652483,3.8443405551652483,2.9022688132113483,2.02338704844639,2.219741346054712
2017-02-21,3.867233670722029,3.867233670722029,2.9195518749911944,2.0354363538738034,2.232959944774619
2017-02-22,3.8638001380129054,3.8638001380129054,2.9169597438420842,2.0336291868150154,2.2309774059209184
2017-02-23,3.866417156361328,3.866417156361328,2.918935450891769,2.035006598871975,2.2324884853240095
2017-02-24,3.871323486265428,3.871323486265428,2.9226394641194378,2.037588941471676,2.235321424599091
2017-02-27,3.8773722988254,3.8773722988254,2.927205989846764,2.0407726055661284,2.238814039038741
2017-02-28,3.866906833178072,3.866906833178072,2.919305130355228,2.0352643298702326,2.2327712271520896
2017-03-01,3.9210337961536452,3.9210337961536452,2.9601680545274336,2.0637529078941963,2.2640244046292572
2017-03-02,3.8963407561083345,3.8963407561083345,2.9415261472878176,2.05075625041875,2.249766520562583
2017-03-03,3.8987943556847786,3.8987943556847786,2.9433784820195195,2.0520476504739245,2.251183241154409
2017-03-06,3.8871840893848137,3.8871840893848137,2.934613360066369,2.045936833254883,2.244479415680334
2017-03-07,3.8755744025840397,3.8755744025840397,2.925848675603707,2.03982632104294,2.237775924811972
2017-03-08,3.8683793406234526,3.8683793406234526,2.920416793688543,2.036039352907596,2.2336214602706135
2017-03-09,3.8732845115291705,3.8732845115291705,2.9241199319352336,2.0386210854931006,2.2364537303342678
2017-03-10,3.886856382592069,3.886856382592069,2.9343659591946687,2.0457643517406643,2.2442901961492336
2017-03-13,3.888819725852577,3.888819725852577,2.935848176972421,2.0467977157904826,2.2454238403072653
2017-03-14,3.8739378968674893,3.8739378968674893,2.924613202461921,2.0389649809966928,2.2368309982764703
2017-03-15,3.9074610558419587,3.9074610558419587,2.949921371032264,2.0566091841359837,2.2561874369057207
2017-03-16,3.8997757375654363,3.8997757375654363,2.9441193721631507,2.052564179995284,2.2517498959305677
2017-03-17,3.8929266366221227,3.8929266366221227,2.938948672070099,2.0489593010977623,2.247795191000291
2017-03-20,3.8886568865797897,3.8886568865797897,2.9357252421449274,2.046712008795796,2.245329816101714
2017-03-21,3.8387286849956013,3.8387286849956013,2.898032155312954,2.0204333597042288,2.2165010243231946
2017-03-22,3.847762208140947,3.847762208140947,2.904851975805427,2.025187962859658,2.2217170254912815
2017-03-23,3.8436552973714013,3.8436552973714013,2.9017514807077487,2.0230263775523785,2.2193456747982556
2017-03-24,3.840864139515959,3.840864139515959,2.899644307766029,2.0215573108623106,2.2177340463781965
2017-03-27,3.836921516767178,3.836921516767178,2.8966678412220674,2.019482195067464,2.2154575564050054
2017-03-28,3.8648429468078525,3.8648429468078525,2.9177470079775807,2.034178047088819,2.231579528902729
2017-03-29,3.8684558345167184,3.8684558345167184,2.9204745424331295,2.036079613844602,2.2336656282248217
2017-03-30,3.880773669329398,3.880773669329398,2.929773840273717,2.0425628447309476,2.2407780072753303
2017-03-31,3.8717401461840524,3.8717401461840524,2.922954019781244,2.0378082415755183,2.2355620061072434
2017-04-03,3.8650072348286173,3.8650072348286173,2.9178710365312974,2.034264516601252,2.2316743896225644
2017-04-04,3.86747039614172,3.86747039614172,2.919730589856073,2.0355609492735525,2.233096631208667
2017-04-05,3.8559742911824637,3.8559742911824637,2.9110516535293143,2.0295102184529217,2.2264587230601913
2017-04-06,3.866813823557849,3.866813823557849,2.9192349131316946,2.0352153762309184,2.2327175229350393
2017-04-07,3.8628717803082595,3.8628717803082595,2.916258884078222,2.03314056544317,2.230441367567562
2017-04-10,3.865170363851001,3.865170363851001,2.9179941901040363,2.0343503760994883,2.2317685811309724
2017-04-11,3.8605711685183497,3.8605711685183497,2.914522046835697,2.031929687262008,2.2291129828841543
2017-04-12,3.8436552973714004,3.8436552973714004,2.9017514807077482,2.023026377552379,2.2193456747982547
2017-04-13,3.8186910517045085,3.8186910517045085,2.8829048279191394,2.009886976754821,2.2049311952575663
2017-04-17,3.852524532495981,3.852524532495981,2.9084472726465043,2.0276945111953752,2.2244668152465064
2017-04-18,3.841027558287938,3.841027558287938,2.8997676800840124,2.021643322864097,2.2178284051894606
2017-04-19,3.83396549139178,3.83396549139178,2.8944362022361423,2.0179263538578653,2.213750732659397
2017-04-20,3.8651703638510013,3.8651703638510013,2.9179941901040367,2.034350376099489,2.231768581130972
2017-04-21,3.852852529038321,3.852852529038321,2.908694892263449,2.0278671452131434,2.224656202080463
2017-04-24,3.895226668912842,3.895226668912842,2.9406850718221356,2.0501698742718273,2.2491232410779842
2017-04-25,3.917890302789824,3.917890302789824,2.957794887368219,2.062098396888223,2.262209335935265
2017-04-26,3.915428010725509,3.915428010725509,2.9559359902791775,2.0608024217265704,2.260787596257733
2017-04-27,3.9187126121424396,3.9187126121424396,2.9584156863725375,2.0625312019610367,2.262684141443012
2017-04-28,3.910171953059391,3.910171953059391,2.9519679515412154,2.0580360073429067,2.257752722434431
2017-05-01,3.920026626558969,3.920026626558969,2.9594076960570277,2.0632228055569524,2.2634428598988374
2017-05-02,3.9215046392466686,3.9215046392466686,2.9605235155499905,2.064000726161752,2.2642962717716415
2017-05-03,3.9167423148916343,3.9167423148916343,2.9569282187089128,2.0614941778260354,2.2615464820164157
2017-05-04,3.9213400614763074,3.9213400614763074,2.960399268251029,2.06391410414577,2.2642012437489494
2017-05-05,3.936778789184343,3.936778789184343,2.972054671121748,2.072039950761247,2.2731156418706147
2017-05-08,3.936120767852494,3.936120767852494,2.971557900671147,2.071693615200867,2.2727356970827035
2017-05-09,3.932507010894841,3.932507010894841,2.968829709979864,2.069791590934436,2.2706490958520402
2017-05-10,3.9395699470397854,3.9395699470397854,2.9741618440634676,2.073509017451315,2.274727270290674
2017-05-11,3.931523890516608,3.931523890516608,2.9680875073647646,2.0692741463917805,2.2700814372587397
2017-05-12,3.924954397933152,3.924954397933152,2.9631278964328014,2.0658164334192994,2.2662881795853256
2017-05-15,3.946632303685539,3.946632303685539,2.979493540656583,2.077226138961096,2.278805110123594
2017-05-16,3.9430188364774805,3.9430188364774805,2.976765568710544,2.075324267198214,2.276718676195787
2017-05-17,3.8730538708509874,3.8730538708509874,2.923945810720491,2.0384996926678864,2.2363205572602114
2017-05-18,3.8886568865797897,3.8886568865797897,2.9357252421449274,2.046712008795797,2.245329816101713
2017-05-19,3.913949998037809,3.913949998037809,2.9548201707862147,2.0600245011217706,2.2599341843849285
2017-05-22,3.933821894560157,3.933821894560157,2.969822375900089,2.0704836520409997,2.2714083162164362
2017-05-23,3.9425268416639714,3.9425268416639714,2.976394139285128,2.0750653161715626,2.2764345959448526
2017-05-24,3.9517249425796783,3.9517249425796783,2.983338207076562,2.0799065413429743,2.2817456251356316
2017-05-25,3.970611400727028,3.970611400727028,2.997596459613379,2.0898470276911536,2.292650759950984
2017-05-26,3.969790540122391,3.969790540122391,2.996976754335284,2.0894149851360866,2.2921767909575212
2017-05-30,3.9663410711855027,3.9663410711855027,2.994372592197718,2.0875994303820886,2.290185050446693
2017-05-31,3.9653562123096964,3.9653562123096964,2.9936290771111507,2.087081070818138,2.289616388036252
2017-06-01,3.9968902403096407,3.9968902403096407,3.017435559576968,2.1036783370917265,2.3078242925532115
2017-06-02,4.010192933998128,4.010192933998128,3.0274783725041234,2.110679927542024,2.3155053340141616
2017-06-05,4.007236618873132,4.007236618873132,3.0252465147729524,2.1091239338288745,2.313798342965696
2017-06-06,3.994426209747751,3.994426209747751,3.015575350016459,2.1023814469087787,2.3064015490585383
2017-06-07,4.0018162731862486,4.0018162731862486,3.021154447481273,2.106271049932778,2.3106686084225583
2017-06-08,4.003786570437054,4.003786570437054,3.0226419151448978,2.1073080740677788,2.3118062678491547
2017-06-09,3.997710521415086,3.997710521415086,3.018054827364574,2.1041100746396957,2.30829792694096
2017-06-12,3.9968902403096402,3.9968902403096402,3.0174355595769677,2.103678337091727,2.3078242925532106
2017-06-13,4.016434430039244,4.016434430039244,3.0321903638191414,2.1139650064967372,2.3191092048536177
2017-06-14,4.011342660393892,4.011342660393892,3.028346353634897,2.111285061625507,2.3161691917501512
2017-06-15,4.003622572165884,4.003622572165884,3.0225181053364247,2.1072217570588947,2.3117115744321755
2017-06-16,4.0044984851937055,4.0044984851937055,3.023179372211004,2.107682775288323,2.3122173309684406
2017-06-19,4.037835624927732,4.037835624927732,3.048347106334282,2.1252290711489863,2.331466361163592
2017-06-20,4.010603509175244,4.010603509175244,3.0277883345157925,2.1108960250713324,2.31574240216232
2017-06-21,4.009614304055502,4.009614304055502,3.0270415382505553,2.110375377954142,2.315171230209026
2017-06-22,4.007798443339208,4.007798443339208,3.02567066180233,2.1094196382108996,2.314122743205132
2017-06-23,4.012584816910686,4.012584816910686,3.029284114498714,2.1119388443412053,2.3168864190974765
2017-06-26,4.015225015226764,4.015225015226764,3.03127732116797,2.113328456682106,2.318410882729115
2017-06-27,3.982877660111672,3.982877660111672,3.0068568208004196,2.0963031129457317,2.299733359092972
2017-06-28,4.018526422120246,4.018526422120246,3.03376970448552,2.1150660821224294,2.320317131480092
2017-06-29,3.9832082644003735,3.9832082644003735,3.007106409124566,2.0964771194954426,2.299924251652641
2017-06-30,3.9906357055367168,3.9906357055367168,3.01271372472594,2.1003863954772966,2.3042128930851944
2017-07-03,3.9974019380956585,3.9974019380956585,3.0178218636790217,2.1039476583597287,2.308119749398412
2017-07-05,4.00664292195153,4.00664292195153,3.024798305766664,2.1088114540564313,2.313455539412005
2017-07-06,3.970005244572809,3.970005244572809,2.997138844561571,2.089527990266092,2.292300762374448
2017-07-07,3.9957506551497253,3.9957506551497253,3.0165752345297574,2.1030785406324677,2.30716629041721
2017-07-10,4.000042136411738,4.000042136411738,3.0198150703482787,2.1053372707006295,2.3096442130300514
2017-07-11,3.9970707543077655,3.9970707543077655,3.017571837864386,2.1037733468029183,2.3079285222330297
2017-07-12,4.027107935896289,4.027107935896289,3.0402482823963384,2.119582779741005,2.3252721401914895
2017-07-13,4.033874747954422,4.033874747954422,3.0453568588399094,2.1231443476305354,2.3291793311104203
2017-07-14,4.052689927701227,4.052689927701227,3.0595613000465423,2.133047318105595,2.340043309422987
2017-07-17,4.052193876393378,4.052193876393378,3.059186808187701,2.1327862320292543,2.339756886932056
2017-07-18,4.054340051648777,4.054340051648777,3.0608070542148282,2.133915825818659,2.3409960991927616
2017-07-19,4.076290032271532,4.076290032271532,3.0773781002233362,2.1454687321932147,2.353670127113614
2017-07-20,4.078104444239846,4.078104444239846,3.078747882945338,2.146423709418711,2.3547177776032235
2017-07-21,4.074473592056047,4.074473592056047,3.0760067862846214,2.1445126874428735,2.3526213055040066
2017-07-24,4.073483517687518,4.073483517687518,3.0752593337836505,2.143991582815036,2.352049631642142
2017-07-25,4.083387158868771,4.083387158868771,3.0827360462458087,2.149204154128907,2.3577680432893566
2017-07-26,4.08355115713994,4.08355115713994,3.082859856054281,2.1492904711377907,2.357862736706335
2017-07-27,4.079755727185779,4.079755727185779,3.079994512094602,2.1472928271459706,2.3556712365844255
2017-07-28,4.074970222863088,4.074970222863088,3.076381715633952,2.144774078526313,2.3529080626006516
2017-07-31,4.0726580210893495,4.0726580210893495,3.07463612858164,2.14355710020318,2.3515729858029695
2017-08-01,4.081736745171626,4.081736745171626,3.0814900733322785,2.1483354939122945,2.356815086216726
2017-08-02,4.083716893908685,4.083716893908685,3.0829849783342205,2.14937770316797,2.3579584339404547
2017-08-03,4.0757948502124695,4.0757948502124695,3.0770042646002276,2.1452081036275206,2.3533842065312536
2017-08-04,4.083220842600835,4.083220842600835,3.0826104864753785,2.1491166170916287,2.3576720114495235
2017-08-07,4.090813441006731,4.090813441006731,3.0883424868662033,2.153112820096564,2.3620560155104835
2017-08-08,4.080746091303904,4.080746091303904,3.080742183340817,2.147814084277358,2.356243077749147
2017-08-09,4.080581223783947,4.080581223783947,3.0806177172966107,2.147727309757826,2.356147882423598
2017-08-10,4.022981901653426,4.022981901653426,3.0371333501125126,2.1174111291994735,2.322889747509912
2017-08-11,4.028923796612581,4.028923796612581,3.0416191588445627,2.1205385194842465,2.3263206271953836
2017-08-14,4.068862301385592,4.068862301385592,3.071770565876716,2.1415593037078104,2.3493813183782035
2017-08-15,4.068367698825721,4.068367698825721,3.0713971677440974,2.1412989801492155,2.3490957324015564
2017-08-16,4.075463956174173,4.075463956174173,3.076754457530836,2.1450339445742603,2.3531931466687284
2017-08-17,4.011925057081261,4.011925057081261,3.028786031576644,2.111591593759528,2.3165054704924244
2017-08-18,4.0056537168317865,4.0056537168317865,3.024051509501426,2.10829080693924,2.3128843674587114
2017-08-21,4.0087876484589495,4.0087876484589495,3.0264174580675673,2.1099402853280886,2.314693915158427
2017-08-22,4.050709199464976,4.050709199464976,3.05806595755411,2.132004803842821,2.3388996270935443
2017-08-23,4.0361857907297765,4.0361857907297765,3.0471015709112415,2.124360715939471,2.3305137386966748
2017-08-24,4.026778780355565,4.026778780355565,3.0399997877984144,2.11940953570904,2.3250820841461053
2017-08-25,4.0361857907297765,4.0361857907297765,3.047101570911241,2.124360715939471,2.3305137386966748
2017-08-28,4.0363503685001385,4.0363503685001385,3.047225818210203,2.124447337955454,2.3306087667193673
2017-08-29,4.040972164301254,4.040972164301254,3.050715023607625,2.1268799220697767,2.33327741458902
2017-08-30,4.060115920089592,4.060115920089592,3.0651675219216923,2.1369558315697033,2.3443311143412573
2017-08-31,4.084542390506852,4.084542390506852,3.0836081835362292,2.1498121857798256,2.358435079779627
2017-09-01,4.0903182589476685,4.0903182589476685,3.0879686512430955,2.152852191530871,2.361770094928123
2017-09-05,4.060941126938164,4.060941126938164,3.0657905083784573,2.1373901616780095,2.3448075928775727
2017-09-06,4.074805065593535,4.074805065593535,3.0762570308445008,2.1446871515032324,2.3528126999722456
2017-09-07,4.074307565537707,4.074307565537707,3.075881445259436,2.144425302909145,2.3525254409670304
2017-09-08,4.069524089462185,4.069524089462185,3.072270180015498,2.141907621814332,2.349763438103254
2017-09-11,4.1129277096502515,4.1129277096502515,3.1050375614284285,2.164752195983554,2.3748249041511715
2017-09-12,4.126790779056835,4.126790779056835,3.1155034276587377,2.172048728298129,2.382829509337274
2017-09-13,4.128772666291468,4.128772666291468,3.116999645132148,2.1730918525751006,2.3839738608781444
2017-09-14,4.1274514081350455,4.1274514081350455,3.1160021668165414,2.172396436390453,2.3832109598508975
2017-09-15,4.133008515631103,4.133008515631103,3.120197481863696,2.175321301961803,2.3864196613424697
2017-09-18,4.141798649116055,4.141798649116055,3.126833556350662,2.1799478021358496,2.3914951281108006
2017-09-19,4.145944096581831,4.145944096581831,3.129963144565879,2.182129670415182,2.393888730083788
2017-09-20,4.147437755747698,4.147437755747698,3.131090776302053,2.1829158262116417,2.394751176310862
2017-09-21,4.136324989503562,4.136324989503562,3.122701239933967,2.1770668575866883,2.388334609842002
2017-09-22,4.137155411844857,4.137155411844857,3.123328163805136,2.1775039327588814,2.3888140998297414
2017-09-25,4.128695882648606,4.128695882648606,3.116941677642316,2.1730514391345457,2.383929525621079
2017-09-26,4.13118454192613,4.13118454192613,3.1188204805486204,2.174361292119181,2.385366489858584
2017-09-27,4.147271149730168,4.147271149730168,3.1309649977863794,2.182828136670815,2.394654977168172
2017-09-28,4.152247599036429,4.152247599036429,3.134721947363254,2.185447385129438,2.3975284037346123
2017-09-29,4.16684315542096,4.16684315542096,3.1457408015720403,2.1931294464165547,2.405955950542838
2017-10-02,4.184921212196287,4.184921212196287,3.159388754876282,2.202644447862285,2.4163943103875716
2017-10-03,4.193877951698771,4.193877951698771,3.166150607878922,2.2073586375771588,2.4215659762985924
2017-10-04,4.198854111255437,4.198854111255437,3.169907338710552,2.209977733532233,2.4244392355621756
2017-10-05,4.223732301292404,4.223732301292404,3.1886890241614996,2.22307184077566,2.438804026154379
2017-10-06,4.218923037502866,4.218923037502866,3.1850582905907885,2.2205405868649626,2.436027133336343
2017-10-09,4.211956298223695,4.211956298223695,3.1797987799284084,2.216873791526439,2.432004503446184
2017-10-10,4.223068484968642,4.223068484968642,3.1881878788060054,2.222722455144295,2.4384207353093306
2017-10-11,4.229703460960727,4.229703460960727,3.19319692616326,2.2262146339189095,2.4422518034283933
2017-10-12,4.223400538005321,4.223400538005321,3.1884385608563743,2.222897224211752,2.4386124643832834
2017-10-13,4.228542724080326,4.228542724080326,3.192320632713189,2.225603704700555,2.4415815881838427
2017-10-16,4.234181540962373,4.234181540962373,3.196577633919335,2.2285715762727976,2.444837469081047
2017-10-17,4.23716741054613,4.23716741054613,3.1988318036654597,2.2301431253479715,2.4465615250209107
2017-10-18,4.2413137272606924,4.2413137272606924,3.2019620481164104,2.2323254511379513,2.4489556289024685
2017-10-19,4.24247475389069,4.24247475389069,3.202838560311726,2.232936532859856,2.4496260114498765
2017-10-20,4.264367074343899,4.264367074343899,3.2193660760165486,2.244459091028108,2.462266746102215
2017-10-23,4.247782386984842,4.247782386984842,3.206845535703236,2.2357300928752886,2.452690665181698
2017-10-24,4.255244887822267,4.255244887822267,3.212479319479213,2.239657821786604,2.4569995502599316
2017-10-25,4.234181540962373,4.234181540962373,3.1965776339193352,2.228571576272798,2.444837469081047
2017-10-26,4.239654621075676,4.239654621075676,3.2007095128455414,2.231452215814861,2.447997652744132
2017-10-27,4.274318524208444,4.274318524208444,3.2268788814440748,2.2496968254276086,2.4680127627208113
2017-10-30,4.258395914675577,4.258395914675577,3.214858174014789,2.2413162978848593,2.458818968828202
2017-10-31,4.265030021418877,4.265030021418877,3.21986656513631,2.244808019148827,2.4626495350386945
2017-11-01,4.270669417800115,4.270669417800115,3.2241240038329453,2.247776195728168,2.4659057505416127
2017-11-02,4.27232794448594,4.27232794448594,3.225376101613325,2.2486491260441595,2.4668633920942358
2017-11-03,4.286592606832174,4.286592606832174,3.2361451487527204,2.256157028278016,2.475099879039936
2017-11-06,4.293225264827495,4.293225264827495,3.241152446148018,2.2596479870242367,2.478929608736144
2017-11-07,4.290241423490907,4.290241423490907,3.2388998076186057,2.2580775054739073,2.477206723916278
2017-11-08,4.297539056808375,4.297539056808375,3.2444091253503773,2.2619184598656914,2.4814204136689626
2017-11-09,4.28194907981138,4.28194907981138,3.23263953746195,2.2537130063974975,2.4724186834560196
2017-11-10,4.280621447163853,4.280621447163853,3.231637246750961,2.2530142351347666,2.4716521017659225
2017-11-13,4.284601737360075,4.284601737360075,3.234642150176727,2.255109176391018,2.473950341110504
2017-11-14,4.274649997745934,4.274649997745934,3.2271291260039563,2.249871289487968,2.4682041571890516
2017-11-15,4.2532540183501695,4.2532540183501695,3.2109763209032205,2.2386099698996063,2.455850012330501
2017-11-16,4.289411290899209,4.289411290899209,3.238273102492683,2.2576405828052644,2.476727401231397
2017-11-17,4.276806024487588,4.276806024487588,3.2287568093694023,2.251006068398048,2.4694490577468904
2017-11-20,4.284103947554651,4.284103947554651,3.234266345846418,2.254847175293381,2.4736629148024316
2017-11-21,4.312134033693716,4.312134033693716,3.255427542068676,2.2696002161457107,2.4898476258714757
2017-11-22,4.308319190516642,4.308319190516642,3.252547542177605,2.26759235441609,2.487644916458157
2017-11-24,4.3182700608819955,4.3182700608819955,3.260059910114642,2.2728297838084917,2.4933905984710387
2017-11-27,4.316116352137107,4.316116352137107,3.258433976711153,2.271696224926806,2.4921470363360543
2017-11-28,4.359900993043529,4.359900993043529,3.2914890081207995,2.2947413412633115,2.517428505640733
2017-11-29,4.357247176496451,4.357247176496451,3.2894855204250444,2.293344561255595,2.515896178774822
2017-11-30,4.395395318517591,4.395395318517591,3.3182853005905018,2.313423026048252,2.537923105605151
2017-12-01,4.386272842246364,4.386272842246364,3.311398325307922,2.3086216043031986,2.532655742460011
2017-12-04,4.380965209152209,4.380965209152209,3.3073913499164114,2.3058280442877654,2.5295910887281887
2017-12-05,4.365208626137682,4.365208626137682,3.29549598351231,2.2975349012787447,2.5204931593725557
2017-12-06,4.366038758729381,4.366038758729381,3.296122688638234,2.2979718239473885,2.520972482057438
2017-12-07,4.3798041825222125,4.3798041825222125,3.306514837721097,2.305216962565862,2.5289207061807817
2017-12-08,4.4036894006946925,4.4036894006946925,3.3245468832186265,2.3177884401459576,2.5427121498825516
2017-12-11,4.416955875683716,4.416955875683716,3.3345623529902,2.3247709676525963,2.550372278486395
2017-12-12,4.424751588556204,4.424751588556204,3.340447693797526,2.3288740756455666,2.554873561850009
2017-12-13,4.424254378249971,4.424254378249971,3.340072326957705,2.328612379555028,2.5545864701476497
2017-12-14,4.406175452225856,4.406175452225856,3.326423717417729,2.3190969205986494,2.544147608394345
2017-12-15,4.442867312778974,4.442867312778974,3.3541240839835718,2.338408902552701,2.5653336710661336
2017-12-18,4.471041114717508,4.471041114717508,3.3753937778471754,2.3532375851654654,2.5816013643521756
2017-12-19,4.453869974176741,4.453869974176741,3.3624304971586896,2.3441999198289336,2.5716866624493893
2017-12-20,4.451536041183324,4.451536041183324,3.3606685042130287,2.3429715037396055,2.570339037937443
2017-12-21,4.460704587640269,4.460704587640269,3.3675902599895084,2.347797173548992,2.575633002236823
2017-12-22,4.459538925016741,4.459538925016741,3.3667102478702793,2.3471836517702998,2.574959942843706
2017-12-26,4.454202896462207,4.454202896462207,3.362681835444793,2.344375146407039,2.5718788934319123
2017-12-27,4.456371382436476,4.456371382436476,3.3643189248557586,2.345516482969737,2.5731309880125957
2017-12-28,4.465539928893421,4.465539928893421,3.371240680632239,2.350342152779124,2.578424952311976
2017-12-29,4.448702000387717,4.448702000387717,3.358528956975101,2.3414798665242467,2.5687026486945697
2018-01-02,4.480543742458302,4.480543742458302,3.382567746890737,2.3582390915671545,2.587088228845506
2018-01-03,4.508882991415985,4.508882991415985,3.4039623442890368,2.3731548537065494,2.6034514520628114
2018-01-04,4.527886798149596,4.527886798149596,3.4183091886499377,2.3831571039921813,2.6144243445351893
2018-01-05,4.558061900545676,4.558061900545676,3.4410897559183433,2.3990391286197177,2.631847598653511
2018-01-08,4.566396837415772,4.566396837415772,3.4473821816259633,2.4034260457178696,2.6366602326337265
2018-01-09,4.576733654242606,4.576733654242606,3.455185918228874,2.4088666098378915,2.642628762051935
2018-01-10,4.569731855262355,4.569731855262355,3.4498999393918917,2.405181361569907,2.638585888516097
2018-01-11,4.603071312993148,4.603071312993148,3.475069423477127,2.422728877458965,2.657836257134104
2018-01-12,4.633078650373314,4.633078650373314,3.49772333724888,2.438522602531477,2.675162642898308
2018-01-16,4.617242965719159,4.617242965719159,3.485768253392989,2.430187826053507,2.6660190398627543
2018-01-17,4.661251583063061,4.661251583063061,3.51899237487675,2.453350827633594,2.69142983427578
2018-01-18,4.653418782242324,4.653418782242324,3.5130790346781096,2.4492281991863183,2.6869071361464893
2018-01-19,4.674587597955054,4.674587597955054,3.5290603435070396,2.4603699559920567,2.6991301155652683
2018-01-22,4.712596370420658,4.712596370420658,3.5577549072098194,2.480375066577517,2.721076569721451
2018-01-23,4.722598236714855,4.722598236714855,3.5653057743099144,2.485639336594589,2.7268516970371386
2018-01-24,4.720765860271608,4.720765860271608,3.5639224293827443,2.484674904149039,2.7257936737704047
2018-01-25,4.722766581229963,4.722766581229963,3.565432865297057,2.485727941156713,2.726948899996971
2018-01-26,4.777443199188592,4.777443199188592,3.606710749198365,2.5145058184136317,2.758519450993588
2018-01-29,4.745772119629877,4.745772119629877,3.5828008002318277,2.4978364179612407,2.740232412225337
2018-01-30,4.697094187551163,4.697094187551163,3.546051599130522,2.472215821684751,2.7121255322741358
2018-01-31,4.699426961546197,4.699426961546197,3.5478127170952045,2.4734436277598824,2.7134724875746548
2018-02-01,4.69409325098843,4.69409325098843,3.543786054631676,2.4706363424250157,2.710392776585716
2018-02-02,4.591902335327443,4.591902335327443,3.466637450531579,2.4168503231454546,2.6513872339110165
2018-02-05,4.399857752041066,4.399857752041066,3.3216541961033657,2.31577173321048,2.5404997369035365
2018-02-06,4.486544166835789,4.486544166835789,3.387097742162207,2.3613972875688805,2.590552903708064
2018-02-07,4.462204911046836,4.462204911046836,3.3687229228663096,2.3485868369270864,2.5764992964296063
2018-02-08,4.294833085334069,4.294833085334069,3.2423662635105863,2.260494229219109,2.479857972288821
2018-02-09,4.359347861065321,4.359347861065321,3.2910714234487615,2.2944502119877654,2.517109124487004
2018-02-12,4.423362818743978,4.423362818743978,3.3393992478399146,2.32814312613394,2.5540716792571163
2018-02-13,4.434366349390533,4.434366349390533,3.347706317250767,2.333934600920821,2.5604251725489426
2018-02-14,4.494212969385355,4.494212969385355,3.3928872725523758,2.3654335990072717,2.5949809084203763
2018-02-15,4.551559919618016,4.551559919618016,3.436181112628383,2.3956169489742147,2.628093322545744
2018-02-16,4.552893057507862,4.552893057507862,3.43718755949902,2.396318617804382,2.628863082990122
2018-02-20,4.524387492282243,4.524387492282243,3.4156674023302918,2.3813153186277094,2.612403827932984
2018-02-21,4.5018811924357305,4.5018811924357305,3.3986763654520544,2.3694696054385647,2.5994085785269747
2018-02-22,4.507716459543666,4.507716459543666,3.403081675934073,2.3725408744172087,2.6027778907611245
2018-02-23,4.5795668257894215,4.5795668257894215,3.4573248092310678,2.4103577895426023,2.644264649386239
2018-02-26,4.632745728087842,4.632745728087842,3.4974719989627765,2.4383473759533714,2.674970411915786
2018-02-27,4.574898380303396,4.574898380303396,3.4538003858492567,2.4079006523568474,2.6415690657566335
2018-02-28,4.528553511969312,4.528553511969312,3.418812521457878,2.3835080146590384,2.6148093084088075
2018-03-01,4.462706467597001,4.462706467597001,3.369101570884799,2.348850820570862,2.5767888976748172
2018-03-02,4.4857111367481295,4.4857111367481295,3.386468849583836,2.3609588398647423,2.590071907994613
2018-03-05,4.537556901156704,4.537556901156704,3.425609592444907,2.388246757445344,2.6200079100797815
2018-03-06,4.5490596703566615,4.5490596703566615,3.4342935599122923,2.394300995847608,2.6266496661939644
2018-03-07,4.547391871683774,4.547391871683774,3.4330344622840836,2.39342318541804,2.6256866709499223
2018-03-08,4.569396614980119,4.569396614980119,3.449646851143831,2.405004914963407,2.63839231911072
2018-03-09,4.648916363274633,4.648916363274633,3.509679952321483,2.4468584465342915,2.6843074170538603
2018-03-12,4.643081096166697,4.643081096166697,3.5052746418394642,2.4437871775556474,2.68093810481971
2018-03-13,4.61307317928734,4.61307317928734,3.4826202905772217,2.4279931474760366,2.6636113844497924
2018-03-14,4.589401796316491,4.589401796316491,3.464749679070244,2.415534217515298,2.6499434102563795
2018-03-15,4.584400718294594,4.584400718294594,3.460974136147574,2.412902006254987,2.647055762947107
2018-03-16,4.589371952108133,4.589371952108133,3.464727148310045,2.415518509649724,2.649926178062124
2018-03-19,4.52727658550103,4.52727658550103,3.4178485111647023,2.382835931517428,2.6140720047186585
2018-03-20,4.534976101507743,4.534976101507743,3.423661228550804,2.3868884083320423,2.6185177435337974
2018-03-21,4.526272313402312,4.526272313402312,3.4170903401467436,2.3823073542156763,2.613492133016808
2018-03-22,4.413127704025234,4.413127704025234,3.3316722908178753,2.3227560907597087,2.5481618731416615
2018-03-23,4.319064554273416,4.319064554273416,3.2606597095754735,2.273247948540575,2.4938493429045288
2018-03-26,4.437229654895304,4.437229654895304,3.2577005314977754,2.2711848858190224,2.5620784593803574
2018-03-27,4.361743800472215,4.361743800472215,3.1990230471821857,2.230276455401025,2.5184925518103154
2018-03-28,4.3488557384551845,4.3488557384551845,3.196113459553558,2.228247965863017,2.511050920737521
2018-03-29,4.404423626170208,4.404423626170208,3.196401363424716,2.2284486850250214,2.543136095321816
2018-04-02,4.309356783818862,4.309356783818862,3.1242125557217237,2.17812050801946,2.4882440279885465
2018-04-03,4.364589721001247,4.364589721001247,3.1213710100162815,2.1761394555574043,2.5201358004703196
2018-04-04,4.4112869248437105,4.4112869248437105,3.12165341977433,2.176336344365288,2.5470989980920784
2018-04-05,4.446100338767861,4.446100338767861,3.1431675278640383,2.1913354262799034,2.5672004363428926
2018-04-06,4.347015249023256,4.347015249023256,3.0731193929029086,2.142499671162049,2.509988212990795
2018-04-09,4.3684396238794,4.3684396238794,3.0703255371373768,2.1405518668975123,2.5223587535293173
2018-04-10,4.437899555960577,4.437899555960577,3.070608202028098,2.140748933577322,2.5624652635853997
2018-04-11,4.414633532674122,4.414633532674122,3.051439698632382,2.1273851468279905,2.5490313460887233
2018-04-12,4.450953354746353,4.450953354746353,3.076544329877127,2.1448874489873946,2.570002591892314
2018-04-13,4.437899555960578,4.437899555960578,3.06752141109167,2.1385969024582203,2.5624652635854
2018-04-16,4.474385984050341,4.474385984050341,3.092741202114042,2.1561794910478445,2.583532708531681
2018-04-17,4.52225435575865,4.52225435575865,3.1258283085881207,2.1792469692929557,2.6111721443008364
2018-04-18,4.525603281585828,4.525603281585828,3.1281431202573544,2.1808607963546667,2.6131058307203365
2018-04-19,4.500497348366635,4.500497348366635,3.1107896432973194,2.1687623992776586,2.598609540082647
2018-04-20,4.462335588114497,4.462335588114497,3.084411845606708,2.150372478271456,2.576574750018046
2018-04-23,4.461665687049224,4.461665687049224,3.083948803161712,2.150049657007685,2.5761879458130035
2018-04-24,4.4015788646395615,4.4015788646395615,3.042416179013303,2.121094181413094,2.5414935158732392
2018-04-25,4.412458092709558,4.412458092709558,3.0499360123533887,2.1263368154921785,2.5477752362394757
2018-04-26,4.457313937871305,4.457313937871305,3.0809408297701024,2.147952575450336,2.5736752242059366
2018-04-27,4.461499370781287,4.461499370781287,3.083833843661959,2.1499695102060383,2.576091913973169
2018-04-30,4.427188382656091,4.427188382656091,3.0601177389185805,2.133435252952227,2.5562805788761365
2018-05-01,4.435055084179527,4.435055084179527,3.065555283201302,2.137226168744358,2.560822851439679
2018-05-02,4.405260712752205,4.405260712752205,3.044961109959915,2.12286844170667,2.5436194332752615
2018-05-03,4.395553232047246,4.395553232047246,3.038251200342825,2.118190465582038,2.538014285662136
2018-05-04,4.452460342393625,4.452460342393625,3.0355155686072783,2.1162832536112424,2.5708727340508024
2018-05-07,4.467524134124817,4.467524134124817,3.0427499646843548,2.121326888183979,2.5795706422757014
2018-05-08,4.467524134124817,4.467524134124817,3.0427499646843548,2.121326888183979,2.5795706422757014
2018-05-09,4.510706095872169,4.510706095872169,3.0721604185816553,2.1418310989703264,2.604504121638127
2018-05-10,4.5528852342687784,4.5528852342687784,3.1008878676146403,2.161859136360815,2.6288585658129864
2018-05-11,4.566775829886954,4.566775829886954,3.110348501302952,2.168454846443867,2.63687906477049
2018-05-14,4.5689527185994985,4.5689527185994985,3.111831140871169,2.169488504555131,2.638136011134022
2018-05-15,4.537485333006566,4.537485333006566,3.090399273123607,2.1545467584883875,2.6199665862741384
2018-05-16,4.556567951630209,4.556567951630209,3.103396099867006,2.1636078112701926,2.63098498512358
2018-05-17,4.552716600004077,4.552716600004077,3.1007730138639804,2.1617790632847123,2.628761195550298
2018-05-18,4.541334946135125,4.541334946135125,3.093021175067347,2.156374680978238,2.6221893720302796
2018-05-21,4.575480776990769,4.575480776990769,3.1162772834868897,2.172588240645476,2.6419053444989067
2018-05-22,4.56275932099127,4.56275932099127,3.107612929667838,2.1665476763735443,2.6345599125688026
2018-05-23,4.575312432475664,4.575312432475664,3.116162627079445,2.1725083051519793,2.6418081415390757
2018-05-24,4.565939902303342,4.565939902303342,3.1097791661300116,2.168057920628481,2.6363963960284713
2018-05-25,4.555060384483749,4.555060384483749,3.1023693231235714,2.1628919689764485,2.630114508359378
2018-05-29,4.502671919082415,4.502671919082415,3.066688485938569,2.1380162084992604,2.5998651480233246
2018-05-30,4.562759320991269,4.562759320991269,3.107612929667838,2.1665476763735443,2.6345599125688026
2018-05-31,4.534808336491833,4.534808336491833,3.0885760191676974,2.1532756328009173,2.61842087517968
2018-06-01,4.579328651621752,4.579328651621752,3.1188980013713454,2.174415337639697,2.6441271264379065
2018-06-04,4.6010879770105335,4.6010879770105335,3.13371788472744,2.1847473785263674,2.6566910690789505
2018-06-05,4.604435743839328,4.604435743839328,3.135997988224202,2.1863370079443816,2.658624086287023
2018-06-06,4.642931005876125,4.642931005876125,3.1622164156319643,2.2046158200950723,2.6808514419398612
2018-06-07,4.64242858007717,4.64242858007717,3.161874222498557,2.2043772518580256,2.680561338786079
2018-06-08,4.656153438926603,4.656153438926603,3.171221975868353,2.210894264691026,2.6884861405094638
2018-06-11,4.662346257035642,4.662346257035642,3.1754397923852555,2.213834817707403,2.69206190446897
2018-06-12,4.668373917875126,4.668373917875126,3.1795451232700684,2.2166969486389365,2.69554230580007
2018-06-13,4.6534758629126785,4.6534758629126785,3.1693983272260144,2.209622863838346,2.6869400948092905
2018-06-14,4.665192757063864,4.665192757063864,3.177378492121467,2.2151864292187904,2.693705487734688
2018-06-15,4.659239851620071,4.659239851620071,3.1733240757859145,2.2123597945993425,2.6902682505406554
2018-06-18,4.649656383742074,4.649656383742074,3.16679694897655,2.207809249939414,2.6847347085502626
2018-06-19,4.63183649385652,4.63183649385652,3.154660143960595,2.19934778215014,2.674445415550984
2018-06-20,4.639738255081035,4.639738255081035,3.160041890754795,2.2030997973707267,2.679007931760205
2018-06-21,4.61065203166562,4.61065203166562,3.1402317895414544,2.1892887051517627,2.6622134017779344
2018-06-22,4.619058826435452,4.619058826435452,3.1459575055579894,2.1932805268528406,2.6670675268666497
2018-06-25,4.556179107672773,4.556179107672773,3.103131265273563,2.163423175414302,2.630760464689685
2018-06-26,4.5662667398473,4.5662667398473,3.1100017692756197,2.168213113806907,2.6365851136510012
2018-06-27,4.528439060879012,4.528439060879012,3.0842380206333537,2.1502512919781056,2.614743223780351
2018-06-28,4.554331954000144,4.554331954000144,3.1018732022830964,2.162546086307514,2.6296939089772513
2018-06-29,4.560886089855028,4.560886089855028,3.106337105788095,2.1656582048323085,2.6334782995992523
2018-07-02,4.570637612498534,4.570637612498534,3.1129786916616897,2.1702885474031284,2.6391088772466187
2018-07-03,4.554497980518483,4.554497980518483,3.1019862799448275,2.162624921140171,2.629789773514227
2018-07-05,4.591653150675135,4.591653150675135,3.127291994986956,2.1802674137427984,2.651243353454122
2018-07-06,4.6304917659828435,4.6304917659828435,3.1537442741035346,2.1987092612803982,2.6736689629923305
2018-07-09,4.672185573806646,4.672185573806646,3.18214117325275,2.2185068478075345,2.6977431748819622
2018-07-10,4.688997714598331,4.688997714598331,3.1935916185697493,2.226489803296666,2.707450588545109
2018-07-11,4.654701793452111,4.654701793452111,3.1702332863652565,2.210204975840045,2.6876479531966324
2018-07-12,4.696900345071634,4.696900345071634,3.1989739573935925,2.2302422312650676,2.712013606662901
2018-07-13,4.700599867909616,4.700599867909616,3.201493635552382,2.231998885965535,2.714149729539192
2018-07-16,4.696393862778338,4.696393862778338,3.1986290014551866,2.230001736871551,2.7117211612691228
2018-07-17,4.715393323268014,4.715393323268014,3.211569190696113,2.2390233034457254,2.7226915441986477
2018-07-18,4.725313769925818,4.725313769925818,3.2183258276635818,2.243733856675253,2.72841965941156
2018-07-19,4.7074927210418815,4.7074927210418815,3.2061882332747698,2.235271838555559,2.718129697200854
2018-07-20,4.702110912051226,4.702110912051226,3.2025227804143874,2.23271637925054,2.7150222139376776
2018-07-23,4.710854395851269,4.710854395851269,3.2084778092458124,2.2368680719386123,2.7200707449460553
2018-07-24,4.734559969274412,4.734559969274412,3.2246232469716274,2.248124255182977,2.7337584608765764
2018-07-25,4.774909918473326,4.774909918473326,3.2521048682934253,2.267283733588186,2.7570567221161264
2018-07-26,4.763645323441039,4.763645323441039,3.244432756155325,2.2619349346541258,2.7505524889502757
2018-07-27,4.7313669287297255,4.7313669287297255,3.2224485247512438,2.246608094876026,2.731914783394063
2018-07-30,4.706651577965545,4.706651577965545,3.205615345923973,2.234872436253283,2.717644017007411
2018-07-31,4.729853276841753,4.729853276841753,3.2214176038003104,2.2458893633475765,2.7310407932698664
2018-08-01,4.721951515617238,4.721951515617238,3.2160358570061103,2.24213734812699,2.726478277060645
2018-08-02,4.747673166727306,4.747673166727306,3.233554408816266,2.254350831136851,2.741330086269145
2018-08-03,4.768018803838634,4.768018803838634,3.247411454630323,2.2640116064937925,2.753077758271606
2018-08-06,4.785502584193168,4.785502584193168,3.2593193415178163,2.272313478461282,2.763172979956936
2018-08-07,4.8013058168926035,4.8013058168926035,3.270082637763003,2.2798173713198504,2.772297845072522
2018-08-08,4.799286841709719,4.799286841709719,3.2687075502465204,2.2788586957283044,2.7711320787659743
2018-08-09,4.792730098108475,4.792730098108475,3.264241870652595,2.2757453389600655,2.767346182418262
2018-08-10,4.760618309414691,4.760618309414691,3.2423711115966727,2.2604976091798323,2.7488046760047387
2018-08-13,4.7427975502803505,4.7427975502803505,3.230233714551075,2.2520357286427433,2.738514881096889
2018-08-14,4.773061026303122,4.773061026303122,3.2508456212436734,2.266405818985768,2.755989162586551
2018-08-15,4.737418059286461,4.737418059286461,3.2265698404364063,2.249481369998564,2.7354087362565673
2018-08-16,4.775750192300875,4.775750192300875,3.2526771636145795,2.2676827231426477,2.757541900400998
2018-08-17,4.792563492090944,4.792563492090944,3.264128398304436,2.275666228962199,2.7672499832755717
2018-08-20,4.802818309782194,4.802818309782194,3.2711127693410806,2.280535552517881,2.7731711659852913
2018-08-21,4.8140820355656935,4.8140820355656935,3.278784289449538,2.285883938704126,2.7796748972425713
2018-08-22,4.811225394301622,4.811225394301622,3.27683868270083,2.2845275118015644,2.7780254583768635
2018-08-23,4.804835256717908,4.804835256717908,3.2724864754550635,2.2814932650311923,2.774335761171841
2018-08-24,4.833752556119025,4.833752556119025,3.292181525574531,2.2952241465914494,2.791032753588566
2018-08-27,4.8719192421142905,4.8719192421142905,3.3181761657774005,2.3133469400680853,2.8130703878017336
2018-08-28,4.874270849833046,4.874270849833046,3.319777803303774,2.3144635604901556,2.8144282177879476
2018-08-29,4.900499562735602,4.900499562735602,3.337641705738764,2.326917813058743,2.8295728069959396
2018-08-30,4.880659828418378,4.880659828418378,3.324129221176684,2.3174972569301078,2.8181172457815427
2018-08-31,4.880827883183888,4.880827883183888,3.324243680240915,2.317577054841,2.818214281438517
2018-09-04,4.872421088414056,4.872421088414056,3.3185179642243803,2.3135852331399223,2.813360156349802
2018-09-05,4.859308470460352,4.859308470460352,3.3095871970661705,2.3073589323512587,2.805788865562947
2018-09-06,4.844682780117868,4.844682780117868,3.299625903643456,2.3004141751993554,2.7973439192576084
2018-09-07,4.8352682362541675,4.8352682362541675,3.2932138279279646,2.295943841198134,2.7919079148327604
2018-09-10,4.843672713027234,4.843672713027234,3.2989379651987867,2.2999345622383727,2.796760701498621
2018-09-11,4.8596448697409675,4.8596448697409675,3.3098163125378472,2.307518665755649,2.8059831041797527
2018-09-12,4.860822122348323,4.860822122348323,3.310618118017105,2.308077663879709,2.806662855687144
2018-09-13,4.889572525982314,4.889572525982314,3.3301994984451984,2.321729297859494,2.8232634816583224
2018-09-14,4.890411061312289,4.890411061312289,3.330770609707067,2.3221274619183245,2.823747656126053
2018-09-17,4.864520196438327,4.864520196438327,3.3131368094598237,2.3098336306671516,2.808798142049151
2018-09-18,4.890916384607201,4.890916384607201,3.3311147762726154,2.3223674059814208,2.8240394323084037
2018-09-19,4.896126082338006,4.896126082338006,3.334663007263768,2.324841141219078,2.8270475376746096
2018-09-20,4.935805550972455,4.935805550972455,3.361687976387928,2.343682253476348,2.849958660103403
2018-09-21,4.931296467764069,4.931296467764069,3.3586169212886894,2.3415411929775485,2.847355093045066
2018-09-24,4.914912287125241,4.914912287125241,3.34745795189905,2.333761446995982,2.837894785701491
2018-09-25,4.910354525984776,4.910354525984776,3.3443537431398274,2.3315972726195446,2.835263111763203
2018-09-26,4.895661323986492,4.895661323986492,3.3343464687482065,2.3246204587206796,2.8267791838922185
2018-09-27,4.909339822900611,4.909339822900611,3.3436626472037307,2.331115458336882,2.834677217158506
2018-09-28,4.909846305193906,4.909846305193906,3.344007603142136,2.331355952730398,2.8349696625522838
2018-10-01,4.926904443392346,4.926904443392346,3.3556255928479835,2.3394557158511624,2.8448191163408976
2018-10-02,4.924034183897277,4.924034183897277,3.3536707109682085,2.3380928225661664,2.843161814240918
2018-10-03,4.9267363886268365,4.9267363886268365,3.355511133783753,2.3393759179402704,2.8447220806839235
2018-10-04,4.888229246856617,4.888229246856617,3.3292846153042093,2.3210914649027754,2.8224878656139545
2018-10-05,4.860871090029996,4.860871090029996,3.3106514690203035,2.3081009153399505,2.806691129869952
2018-10-08,4.860871090029996,4.860871090029996,3.3106514690203035,2.3081009153399505,2.806691129869952
2018-10-09,4.853775991679928,4.853775991679928,3.305819125734411,2.3047319300916462,2.8025943848142076
2018-10-10,4.700093095866726,4.700093095866726,3.201148482270765,2.2317582539894154,2.7138571168425565
2018-10-11,4.596564406322363,4.596564406322363,3.130636962467495,2.1825994388973213,2.65407913687777
2018-10-12,4.66040464499481,4.66040464499481,3.1278603856376876,2.1806636810616324,2.6909408080252004
2018-10-15,4.634226348521907,4.634226348521907,3.107162794136746,2.1662338534776397,2.6758253295143004
2018-10-16,4.735556997633239,4.735556997633239,3.1751031145151147,2.2136000945698218,2.7343341500070046
2018-10-17,4.736401038205533,4.736401038205533,3.175669028060492,2.2139946349146182,2.734821503229016
2018-10-18,4.6680021691438345,4.6680021691438345,3.129808855266531,2.1820221038904712,2.6953276562347273
2018-10-19,4.665469467927762,4.665469467927762,3.128110726086942,2.180838211973593,2.69386526196298
2018-10-22,4.644528685146854,4.644528685146854,3.1140703197184245,2.171049602361809,2.681773949892545
2018-10-23,4.620883089890023,4.620883089890023,3.0982163867635366,2.159996648734001,2.6681208656533917
2018-10-24,4.480877823742151,4.480877823742151,3.0954673344457575,2.1580800802790137,2.5872811290394573
2018-10-25,4.561266531074191,4.561266531074191,3.0958186454210157,2.1583250052405054,2.633697968250298
2018-10-26,4.481046168257256,4.481046168257256,3.0961638537699696,2.1585656756081533,2.5873783319992882
2018-10-29,4.456220133147516,4.456220133147516,3.096509100612394,2.158806372812457,2.573043655921319
2018-10-30,4.522253486509866,4.522253486509866,3.0968580722729393,2.1590496668639965,2.611171642392265
2018-10-31,4.570555323613353,4.570555323613353,3.0972107699978375,2.159295558631612,2.639061363235272
2018-11-01,4.619195008745433,4.619195008745433,3.097559820735409,2.1595389078136162,2.667146159209369
2018-11-02,4.591835113421238,4.591835113421238,3.09791751514328,2.159788283139876,2.651348419648225
2018-11-05,4.617169659071443,4.617169659071443,3.098275250856338,2.1600376872630482,2.6659767122399707
2018-11-06,4.646384821056948,4.646384821056948,3.0986354868279653,2.160288834502083,2.6828456919935406
2018-11-07,4.745859334258183,4.745859334258183,3.161875578870419,2.2043781974855454,2.7402827703852486
2018-11-08,4.737245368527422,4.737245368527422,3.15613662076757,2.2003771437430313,2.735309023753884
2018-11-09,4.6909711990946885,4.6909711990946885,3.1253069741310373,2.178883508340074,2.7085900883031298
2018-11-12,4.603320207895858,4.603320207895858,3.0669104838400565,2.138170979717078,2.6579799702881406
2018-11-13,4.594705372916309,4.594705372916309,3.064195294439482,2.13627801961559,2.6530057217482055
2018-11-14,4.563295067993732,4.563295067993732,3.0645430562863902,2.1365204702162286,2.634869255551122
2018-11-15,4.610919760292052,4.610919760292052,3.064890857601508,2.1367629483330863,2.6623679896176653
2018-11-16,4.62291046781118,4.62291046781118,3.0652326172566613,2.1370012143602617,2.669291483742788
2018-11-19,4.544716903416214,4.544716903416214,3.0103209416438315,2.0987182087552263,2.6241421309754607
2018-11-20,4.46061128827045,4.46061128827045,3.0076439062350127,2.096851848633869,2.5755791307169176
2018-11-21,4.475811262311624,4.475811262311624,3.0079792824007474,2.097085664256673,2.5843556712845372
2018-11-23,4.445917506772976,4.445917506772976,3.0083146959635867,2.097319505951775,2.5670948682402197
2018-11-26,4.517693986871827,4.517693986871827,3.0086537282547194,2.0975558705310173,2.6085389646368373
2018-11-27,4.532893671163405,4.532893671163405,3.0089916048440437,2.0977914293847317,2.6173153379016
2018-11-28,4.6372652422816785,4.6372652422816785,3.0093271312888694,2.0980253497782466,2.67758000187697
2018-11-29,4.627133278419009,4.627133278419009,2.999742723339006,2.0913433474687078,2.6717297555785557
2018-11-30,4.6553363450667105,4.6553363450667105,2.9970762853627044,2.089484375604291,2.68801434645314
2018-12-03,4.716978543306126,4.716978543306126,3.033764068951485,2.1150621531732834,2.723606858128488
2018-12-04,4.564137949567643,4.564137949567643,2.9354633670712458,2.0465294362408417,2.6353559395617068
2018-12-06,4.55721322397985,4.55721322397985,2.9328482419684385,2.044706238389905,2.6313575685857913
2018-12-07,4.451323654729669,4.451323654729669,2.9331648033659845,2.044926936841033,2.570216404943371
2018-12-10,4.459766088699774,4.459766088699774,2.9334813989320625,2.045147659113581,2.57509110828348
2018-12-11,4.460779922535151,4.460779922535151,2.933805013149881,2.0453732746093087,2.5756765009796063
2018-12-12,4.48324189069352,4.48324189069352,2.93412749885966,2.0455981033383037,2.588646153048517
2018-12-13,4.481720995065657,4.481720995065657,2.9344476913446544,2.0458213332900566,2.5877679803528992
2018-12-14,4.39896735153346,4.39896735153346,2.93476558984455,2.0460429639344966,2.5399856152244293
2018-12-17,4.312667462699409,4.312667462699409,2.9350800290148906,2.0462621828234897,2.4901556304309422
2018-12-18,4.3079387492974766,4.3079387492974766,2.9353886783036565,2.0464773651562074,2.4874252478071113
2018-12-19,4.243423973566224,4.243423973566224,2.935695030376035,2.0466909459288405,2.4501740956089284
2018-12-20,4.174349987946529,4.174349987946529,2.9360060742542533,2.046907797707635,2.410290432958174
2018-12-21,4.088818804789889,4.088818804789889,2.936312490761209,2.047121423402396,2.360904302643917
2018-12-24,4.085143735507012,4.085143735507012,2.9366096176203933,2.0473285725940498,2.2985224210150803
2018-12-26,4.085566839679618,4.085566839679618,2.9369137664736473,2.0475406173390684,2.41465502988774
2018-12-27,4.085981881390316,4.085981881390316,2.9372121196181777,2.0477486214652743,2.4331933575469824
2018-12-28,4.086390479578455,4.086390479578455,2.9375058408301395,2.047953396327421,2.4300540867410043
2018-12-31,4.086792632292318,4.086792632292318,2.9377949287065386,2.0481549409473767,2.4513388580983353
2019-01-02,4.087198068069331,4.087198068069331,2.9380863766161327,2.0483581309216774,2.4538887209396227
2019-01-03,4.0875857031241996,4.0875857031241996,2.938365028458994,2.0485523998079036,2.3953323864355722
2019-01-04,4.087991217578875,4.087991217578875,2.938656532926103,2.0487556292126468,2.475565315587702
2019-01-07,4.088401638919369,4.088401638919369,2.9389515647129403,2.0489613177738333,2.495084874502384
2019-01-08,4.088820213372878,4.088820213372878,2.9392524573731373,2.0491710923849387,2.518527016198827
2019-01-09,4.08923558558503,4.08923558558503,2.9395510480989655,2.049379262146705,2.5302972740869634
2019-01-10,4.089650999993724,4.089650999993724,2.93984966915782,2.0495874530558753,2.5392223795914677
2019-01-11,4.090064833725866,4.090064833725866,2.9401471539457704,2.049794851786244,2.5402039454526206
2019-01-14,4.090475463250839,4.090475463250839,2.940442335386226,2.050000644682078,2.5247061799138133
2019-01-15,4.090886134001713,4.090886134001713,2.940737546461961,2.0502064582388657,2.5536415436121476
2019-01-16,4.0913000927176535,4.0913000927176535,2.9410351210946386,2.050413919606664,2.559820540024277
2019-01-17,4.091715716854057,4.091715716854057,2.941333892916464,2.0506222156238936,2.5792415575562724
2019-01-18,4.092141125392873,4.092141125392873,2.9416396982656483,2.0508354152352006,2.613571434570956
2019-01-22,4.092560082698568,4.092560082698568,2.9419408661395186,2.0510453817181893,2.57826049360369
2019-01-23,4.092979082897511,4.092979082897511,2.9422420648472425,2.0512553696977465,2.5836553415257524
2019-01-24,4.093394877597995,4.093394877597995,2.942540959279227,2.0514637511956204,2.5850287306776534
2019-01-25,4.093817211990128,4.093817211990128,2.9428445547750255,2.051675410154077,2.6069014042739647
2019-01-28,4.0942395899564445,4.0942395899564445,2.943148181594169,2.0518870909503626,2.5870880615426497
2019-01-29,4.09465551270844,4.09465551270844,2.9434471680761085,2.052095536623094,2.5836553415257524
2019-01-30,4.09506497825971,4.09506497825971,2.9437415127929163,2.052300746176756,2.624557042060454
2019-01-31,4.095463109577041,4.095463109577041,2.9440277098844376,2.0525002754159676,2.6476061893461513
2019-02-01,4.095872655887999,4.095872655887999,2.944322112655426,2.052705525443509,2.6488820409325076
2019-02-04,4.09628386849988,4.09628386849988,2.944617713248482,2.052911610561738,2.6675185753687227
2019-02-05,4.096695122396201,4.096695122396201,2.944913343518899,2.0594644663109913,2.678700763715023
2019-02-06,4.097104791908441,4.097104791908441,2.945207834853251,2.05674901347304,2.675168833104012
2019-02-07,4.097507999046692,4.097507999046692,2.945497680703665,2.0371422117326303,2.6496666913311455
2019-02-08,4.097906367879933,4.097906367879933,2.945784048533733,2.035303125013705,2.6529038343083826
2019-02-11,4.0983096539034385,4.0983096539034385,2.9460739510908907,2.0355034246863255,2.6543747610258284
2019-02-12,4.09871623224212,4.09871623224212,2.9463662203320706,2.035705359549886,2.6885087263951375
2019-02-13,4.099127730340039,4.099127730340039,2.9466620261470484,2.0402791644998253,2.6972377529514113
2019-02-14,4.099534389837097,4.099534389837097,2.9469543537290077,2.0357531096999635,2.691254333578942
2019-02-15,4.099944343276081,4.099944343276081,2.947249049164381,2.0579380423828426,2.720582691688023
2019-02-19,4.100351083786327,4.100351083786327,2.9475414349827505,2.0614993808271693,2.725290761382706
2019-02-20,4.100757864647814,4.100757864647814,2.9478338498076497,2.0656540014799107,2.730783146870313
2019-02-21,4.101169567719146,4.101169567719146,2.9481298029679674,2.058308970316474,2.7210730563614574
2019-02-22,4.101573174882954,4.101573174882954,2.9484199363771486,2.071070359252511,2.737943541840739
2019-02-25,4.101981704592039,4.101981704592039,2.9487136083628753,2.0738897152762026,2.741670714885696
2019-02-26,4.102385391680428,4.102385391680428,2.9490037992259204,2.0724049911147007,2.7397079177691044
2019-02-27,4.102792374358174,4.102792374358174,2.9492963591266377,2.0715151943554506,2.7385316113825753
2019-02-28,4.103202653595609,4.103202653595609,2.94959128876255,2.067657594467033,2.733431885700001
2019-03-01,4.103617858626032,4.103617858626032,2.9498897593096274,2.080566797741685,2.7504977809160853
2019-03-04,4.104033105671251,4.104033105671251,2.9501882600590816,2.072998779536604,2.7404929027734553
2019-03-05,4.104448394735515,4.104448394735515,2.9504867910139687,2.0701794235129123,2.736765729728498
2019-03-06,4.104858839574988,4.104858839574988,2.9507818396930703,2.057640388851659,2.7201891953687065
2019-03-07,4.105261180897757,4.105261180897757,2.951071063151167,2.0404279912654175,2.69743450111107
2019-03-08,4.1056603035125665,4.1056603035125665,2.9513579728378625,2.036346391908379,2.6920386493718667
2019-03-11,4.106062723391522,4.106062723391522,2.951647252766153,2.065876482308067,2.7310772652926603
2019-03-12,4.1064619239340745,4.1064619239340745,2.951934218471283,2.073666981341303,2.7413762618576363
2019-03-13,4.10686116328779,4.10686116328779,2.952221212075856,2.0873925804193862,2.7595214278032763
2019-03-14,4.1072620711632535,4.1072620711632535,2.9525094050989393,2.086058201663941,2.7577573864806246
2019-03-15,4.107658128577259,4.107658128577259,2.9527941113630027,2.0963639489677077,2.771381527325542
2019-03-18,4.108057484228648,4.108057484228648,2.953081188568274,2.103964617942791,2.78142956960524
2019-03-19,4.108458508887822,4.108458508887822,2.9533694655414435,2.1044865240493404,2.782119526586899
2019-03-20,4.108849790650574,4.108849790650574,2.9536507388238764,2.098151895008767,2.773745182087153
2019-03-21,4.109242740174203,4.109242740174203,2.953933210977867,2.121850152915244,2.8050741477584746
2019-03-22,4.109619420758719,4.109619420758719,2.954203988188873,2.0810127718249727,2.7510873561836333
2019-03-25,4.109987981865501,4.109987981865501,2.9544689287052743,2.07944793937893,2.7490186563586536
2019-03-26,4.110353314130555,4.110353314130555,2.9547315481656033,2.0949475636271404,2.76950907375165
2019-03-27,4.110715416684419,4.110715416684419,2.9549918459448468,2.083992977184606,2.7550271711596497
2019-03-28,4.111079182374071,4.111079182374071,2.9552533392708966,2.091891932457734,2.7654695462729486
2019-03-29,4.111449505776609,4.111449505776609,2.9555195466153465,2.1050830966454295,2.7829081922541006
2019-04-01,4.111829651703136,4.111829651703136,2.955792814890887,2.130047394486416,2.8159108557053734
2019-04-02,4.112204937742776,4.112204937742776,2.9560625896319284,2.1310901942725375,2.817289431245837
2019-04-03,4.112585153516782,4.112585153516782,2.9563359081173983,2.1344441117399886,2.821723291558139
2019-04-04,4.112965404445658,4.112965404445658,2.9566092518739824,2.1401081344617925,2.8292110982194245
2019-04-05,4.113348954790914,4.113348954790914,2.956884967419296,2.1504662748616092,2.842904502447079
2019-04-08,4.113734173185093,4.113734173185093,2.957161882043229,2.1521061534573085,2.845072412866172
2019-04-09,4.114117795221084,4.114117795221084,2.9574376491234986,2.1410765208651177,2.830491299680059
2019-04-10,4.114494922685646,4.114494922685646,2.957708747574668,2.148379915969133,2.8401463475490103
2019-04-11,4.114878615664547,4.114878615664547,2.957984565652319,2.1477835964797873,2.839358016487522
2019-04-12,4.115270508866039,4.115270508866039,2.9582662784680953,2.162315213984789,2.8585687343284545
2019-04-15,4.115662439390693,4.115662439390693,2.958548018113664,2.1609000941779426,2.856697953783131
2019-04-16,4.116056040441444,4.116056040441444,2.9588309586185706,2.162315213984789,2.858568734328455
2019-04-17,4.11644804577863,4.11644804577863,2.9591127520432012,2.157024270603942,2.85157413648917
2019-04-18,4.116836821427397,4.116836821427397,2.9593922238031163,2.1612719079851788,2.8571894895765637
2019-04-22,4.117225633793866,4.117225633793866,2.9596717219575863,2.163135532942755,2.859653191446572
2019-04-23,4.1176112152421105,4.1176112152421105,2.9599488975632937,2.1825847613809017,2.8853649636990752
2019-04-24,4.117990296909546,4.117990296909546,2.9602214007951333,2.177741310723808,2.8789619487616207
2019-04-25,4.111334710676143,4.111334710676143,2.9554370260437546,2.176399338766037,2.877187869267558
2019-04-26,4.130481035371155,4.130481035371155,2.969200380501215,2.186534745230954,2.8905868204671523
2019-04-29,4.136955901244192,4.136955901244192,2.9738548442426724,2.1899623167609685,2.8951180510421426
2019-04-30,4.139067332915682,4.139067332915682,2.9753726489895547,2.191080036143375,2.896595669873863
2019-05-01,4.107956706881061,4.107956706881061,2.9530087446722146,2.1746111396182335,2.874823879900234
2019-05-02,4.099087833222891,4.099087833222891,2.946633346064897,2.169916262619988,2.8686172785167243
2019-05-03,4.139209816302935,4.139209816302935,2.9754750733135067,2.191155461953148,2.896695382376547
2019-05-06,4.122175879543757,4.122175879543757,2.9632302110144986,2.1821382810841254,2.8847747192201005
2019-05-07,4.053337278214227,4.053337278214227,2.9137455143144093,2.1456974906940554,2.8366001961951683
2019-05-08,4.047706315624747,4.047706315624747,2.9096976912836054,2.1427166525675614,2.832659544704867
2019-05-09,4.03545848190715,4.03545848190715,2.9008933238931776,2.136233070208024,2.8240882847426056
2019-05-10,4.055728895338502,4.055728895338502,2.9154647306513444,2.1469635306285655,2.83827389397512
2019-05-13,3.9538090462275095,3.9538090462275095,2.8421995462407366,2.093010664267116,2.7669485035275247
2019-05-14,3.989565204445149,3.989565204445149,2.867902895965846,2.111938745918947,2.79197132261551
2019-05-15,4.012934153417056,4.012934153417056,2.8847016880641774,2.124309464595304,2.8083253441756875
2019-05-16,4.0500998452777095,4.0500998452777095,2.9114182824436807,2.143983704929048,2.8343345809076737
2019-05-17,4.0239144587467175,4.0239144587467175,2.892594891418377,2.1301220609759555,2.8160095643909178
2019-05-20,3.9973073596400335,3.9973073596400335,2.8734683518906383,2.1160371768744746,2.797389425634674
2019-05-21,4.033345615839144,4.033345615839144,2.89937448802894,2.1351145915053853,2.8226096620937446
2019-05-22,4.020958167527327,4.020958167527327,2.8904697585492705,2.1285571019765404,2.813940697263081
2019-05-23,3.971826978996635,3.971826978996635,2.855151755045424,2.102548738815711,2.7795577852427757
2019-05-24,3.980837379777714,3.980837379777714,2.861628890565124,2.1073185354102413,2.7858634299175424
2019-05-28,3.943813215039968,3.943813215039968,2.835014033098002,2.087719214672781,2.7599532364768127
2019-05-29,3.917347403990106,3.917347403990106,2.8159890586297527,2.0737091236142127,2.741431973708969
2019-05-30,3.9280465676026397,3.9280465676026397,2.8236801629823294,2.0793728932292725,2.7489194457645407
2019-05-31,3.8751137501724857,3.8751137501724857,2.7856293547813684,2.0513520783452748,2.711876083714569
2019-06-03,3.8652620758347975,3.8652620758347975,2.778547468932833,2.0461369404343173,2.7049817002865386
2019-06-04,3.9491620796479765,3.9491620796479765,2.838859069715612,2.090550719820195,2.763696470596028
2019-06-05,3.9833712412231543,3.9833712412231543,2.8634503593731178,2.1086598746011527,2.787636672897321
2019-06-06,4.009272856310072,4.009272856310072,2.8820697610149804,2.12237129970156,2.805763100922993
2019-06-07,4.049393644059686,4.049393644059686,2.9109106289991273,2.1436098662678593,2.8338403682685316
2019-06-10,4.067976729056099,4.067976729056099,2.924269098041772,2.1534471129881037,2.8468451539373816
2019-06-11,4.066989386120948,4.066989386120948,2.9235593455955966,2.152924447561322,2.8461541931385814
2019-06-12,4.059812144087265,4.059812144087265,2.918399978055867,2.149125062224071,2.841131426770159
2019-06-13,4.076564939129314,4.076564939129314,2.930442741353252,2.157993416327501,2.852855341766947
2019-06-14,4.072060455937033,4.072060455937033,2.9272046891520795,2.1556088976903522,2.8497030213381342
2019-06-17,4.073608169777752,4.073608169777752,2.928317264778361,2.1564282042213416,2.8507861400333967
2019-06-18,4.11626377523715,4.11626377523715,2.9589802889820715,2.17900861619204,2.880637319570141
2019-06-19,4.125552927074496,4.125552927074496,2.965657804974468,2.183925974018441,2.8871380393759973
2019-06-20,4.164970143333033,4.164970143333033,2.9939929098958804,2.2047920940106436,2.9147229344138195
2019-06-21,4.1589160337713444,4.1589160337713444,2.989640907245287,2.2015872564155288,2.9104861568668894
2019-06-24,4.15382344800752,4.15382344800752,2.985980096928475,2.1988914164830087,2.90692227141022
2019-06-25,4.113085152557786,4.113085152557786,2.9566953329229064,2.1773259625565697,2.8784128607854313
2019-06-26,4.108980387861285,4.108980387861285,2.9537446187580554,2.175153041157576,2.875540270733276
2019-06-27,4.123551943934735,4.123551943934735,2.964219396263938,2.182866722293946,2.8857377144641427
2019-06-28,4.144769059066618,4.144769059066618,2.979471340476549,2.194098334068012,2.900585843009792
2019-07-01,4.182398061001927,4.182398061001927,3.0065209857617883,2.2140178348368904,2.9269193126783586
2019-07-02,4.193290868144115,4.193290868144115,3.01435129095732,2.219784112683353,2.934542300047981
2019-07-03,4.226817974175954,4.226817974175954,3.0384522843124184,2.237532210693703,2.958005187298674
2019-07-05,4.222008442657945,4.222008442657945,3.03499494782037,2.234986209953752,2.9546393884245172
2019-07-08,4.1988094696731775,4.1988094696731775,3.0183183431286316,2.222705470724959,2.9384043191955613
2019-07-09,4.20404358255991,4.20404358255991,3.022080890357825,2.2254762302537636,2.9420672479434877
2019-07-10,4.224128958840703,4.224128958840703,3.036519282977168,2.236108738364298,2.9561233647647978
2019-07-11,4.23403203238688,4.23403203238688,3.043638117197599,2.2413510852502574,2.963053718307051
2019-07-12,4.252987104213098,4.252987104213098,3.05726398934103,2.251385249017493,2.9763188272211636
2019-07-15,4.2544014191778325,4.2544014191778325,3.0582806710532755,2.2521339387668493,2.9773085909223025
2019-07-16,4.240679982106174,4.240679982106174,3.0484170024332524,2.244870281421674,2.9677060761504026
2019-07-17,4.211821358601608,4.211821358601608,3.027671952363606,2.229593517661735,2.947510279088323
2019-07-18,4.227241599280331,4.227241599280331,3.0387568076379927,2.237756463269068,2.9583016479610156
2019-07-19,4.203759093917577,4.203759093917577,3.021876385415706,2.225325631740962,2.9418681575438326
2019-07-22,4.2140848363037895,4.2140848363037895,3.029299055550141,2.2307917249887983,2.9490943025370013
2019-07-23,4.244216247650183,4.244216247650183,3.0509590504196513,2.246742258901809,2.970180820008963
2019-07-24,4.2641629656011,4.2641629656011,3.065297768361324,2.257301366056524,2.9841399011732994
2019-07-25,4.243791666281459,4.243791666281459,3.050653839682507,2.246517500112956,2.9698836901351937
2019-07-26,4.272224274020786,4.272224274020786,3.071092647897654,2.261568745763809,2.989781353506362
2019-07-29,4.2644455417147435,4.2644455417147435,3.0655008984803027,2.2574509521423494,2.9843376531500994
2019-07-30,4.253976837809107,4.253976837809107,3.057975460316131,2.251909179977996,2.977011461048533
2019-07-31,4.207436408452322,4.207436408452322,3.0245198266087026,2.2272722757106376,2.9444416100879374
2019-08-01,4.170799530773886,4.170799530773886,2.9981833708274896,2.207877971435983,2.9188024472753087
2019-08-02,4.139393897189149,4.139393897189149,2.9756074000407597,2.191252908049668,2.896824205576324
2019-08-05,4.014910273683873,4.014910273683873,2.8861222240738833,2.125355554769101,2.8097082695904296
2019-08-06,4.071211771331755,4.071211771331755,2.926594611383575,2.15515963321939,2.8491090961963086
2019-08-07,4.073616776156845,4.073616776156845,2.9283234514824916,2.1564327601427378,2.8507921629362434
2019-08-08,4.153540871893874,4.153540871893874,2.985776966809497,2.198741830397185,2.906724519433421
2019-08-09,4.125249791277455,4.125249791277455,2.965439895506732,2.1837655043426163,2.886925899353509
2019-08-12,4.075032047385925,4.075032047385925,2.9293408206063076,2.1571819561055827,2.85178259584881
2019-08-13,4.138403685460966,4.138403685460966,2.974895585359873,2.1907287239824207,2.8961312371432415
2019-08-14,4.016042968799309,4.016042968799309,2.8869364630787206,2.125955164646121,2.810500950526196
2019-08-15,4.026650809166994,4.026650809166994,2.894561919626349,2.131570590873038,2.8179245128904507
2019-08-16,4.086064947254505,4.086064947254505,2.9372718315968656,2.163022394228097,2.8595036226925474
2019-08-19,4.135292479417854,4.135292479417854,2.972659091816404,2.189081758397884,2.8939539577641646
2019-08-20,4.1036061822481615,4.1036061822481615,2.949881365733836,2.172308121352721,2.8717793025112353
2019-08-21,4.136990326760577,4.136990326760577,2.9738795910591977,2.1899805404465535,2.89514214265353
2019-08-22,4.135717060786578,4.135717060786578,2.9729643025535486,2.1893065171867376,2.8942510876379344
2019-08-23,4.029479439096465,4.029479439096465,2.89659528305084,2.1330679703717514,2.819904040292728
2019-08-26,4.074041357525572,4.074041357525572,2.9286286622196367,2.1566575189315924,2.8510892928100136
2019-08-27,4.058055008355216,4.058055008355216,2.9171368592957236,2.1481948949391216,2.8399017507722943
2019-08-28,4.086631055746139,4.086631055746139,2.9376787792463923,2.1633220726132363,2.8598997958575745
2019-08-29,4.138829223094036,4.138829223094036,2.975201483508589,2.1909539889847642,2.8964290362284393
2019-08-30,4.136990326760578,4.136990326760578,2.9738795910591986,2.1899805404465544,2.8951421426535306
2019-09-03,4.112801142047627,4.112801142047627,2.956491171686574,2.1771756171505148,2.878214104991492
2019-09-04,4.159483576659492,4.159483576659492,2.9900488860121692,2.201887694120902,2.9108833338490583
2019-09-05,4.212954053717045,4.212954053717045,3.0284861913684447,2.230193127538757,2.9483029600240913
2019-09-06,4.216208221279583,4.216208221279583,3.030825452941651,2.231915772039812,2.950580286511566
2019-09-09,4.218328259330169,4.218328259330169,3.0323494443926644,2.233038047343614,2.952063928246133
2019-09-10,4.217337569469814,4.217337569469814,3.0316372860059935,2.232513610169623,2.951370625207337
2019-09-11,4.247328409957643,4.247328409957643,3.053196231374693,2.2483897306998375,2.9723587685994692
2019-09-12,4.262040536889656,4.262040536889656,3.0637720583813866,2.2561778252190035,2.982654586410165
2019-09-13,4.259209994431498,4.259209994431498,3.0617373201337545,2.254679433293314,2.9806737205850324
2019-09-16,4.246055622115816,4.246055622115816,3.052281286574828,2.247715960546765,2.9714680481895863
2019-09-17,4.256806902135096,4.256806902135096,3.0600098548579777,2.2534073187969432,2.978991992267952
2019-09-18,4.259352955950922,4.259352955950922,3.061840088163491,2.254755112209831,2.98077376769343
2019-09-19,4.25906846730859,4.25906846730859,3.0616355832213724,2.2546045136970294,2.9805746772937756
2019-09-20,4.238947231114898,4.238947231114898,3.0471714126681486,2.24395302258068,2.9664934650439374
2019-09-23,4.237951281800651,4.237951281800651,3.0464554735178417,2.2434258012325023,2.9657964813422906
2019-09-24,4.204696232974672,4.204696232974672,3.0225500487544497,2.2258217209596047,2.9425239847426954
2019-09-25,4.22956627790053,4.22956627790053,3.0404279051650183,2.2389870682593918,2.9599285009410496
2019-09-26,4.220755736367342,4.220755736367342,3.0340944386634794,2.2343230702839394,2.953762721454612
2019-09-27,4.198018160928542,4.198018160928542,3.0177495100543363,2.222286579063304,2.937850546739381
2019-09-30,4.217485790443129,4.217485790443129,3.0317438347993657,2.232592073260326,2.9514743529785847
2019-10-01,4.16732159735486,4.16732159735486,2.9956832549468695,2.2060368729786433,2.9163685253138203
2019-10-02,4.0937064556271885,4.0937064556271885,2.9427649374539016,2.167067546213972,2.8648512912089776
2019-10-03,4.127246949359843,4.127246949359843,2.966875554570982,2.1848227312131594,2.8883235474196542
2019-10-04,4.183096133973026,4.183096133973026,3.007022796207995,2.2143873706834314,2.9274078370203687
2019-10-07,4.165047600744894,4.165047600744894,2.9940485902330622,2.2048330973032075,2.9147771405394405
2019-10-08,4.100385962069835,4.100385962069835,2.94756650727137,2.1706034474305063,2.8695257330294335
2019-10-09,4.139325524288556,4.139325524288556,2.975558250113494,2.1912167137852485,2.8967763569592644
2019-10-10,4.167321597354859,4.167321597354859,2.9956832549468686,2.206036872978643,2.9163685253138203
2019-10-11,4.210523707886838,4.210523707886838,3.0267391348629182,2.228906585957967,2.94660215918133
2019-10-14,4.2058346656761705,4.2058346656761705,3.023368412228708,2.2264243681175553,2.943320680947027
2019-10-15,4.247473284005754,4.247473284005754,3.053300374227569,2.248466422043331,2.972460154130722
2019-10-16,4.240651294175856,4.240651294175856,3.048396380086148,2.244855095017024,2.967685999807582
2019-10-17,4.253157319266325,4.253157319266325,3.0573863486005157,2.2514753550184317,2.976437946855244
2019-10-18,4.234542199414389,4.234542199414389,3.0440048512702713,2.2416211501463255,2.963410742603576
2019-10-21,4.263247342491748,4.263247342491748,3.064639571782909,2.2568166666413747,2.983499131231556
2019-10-22,4.2493212648504795,4.2493212648504795,3.054628797086875,2.24944467960968,2.9737534052141905
2019-10-23,4.2616843284215244,4.2616843284215244,3.0635159975715056,2.255989260694571,2.9824053051534554
2019-10-24,4.268647367242158,4.268647367242158,3.0685213849195225,2.259675254210418,2.987278168162138
2019-10-25,4.286127401317799,4.286127401317799,3.0810869247160033,2.268928583671783,2.999511018449471
2019-10-28,4.310286463703914,4.310286463703914,3.098453690624168,2.281717561242938,3.016417975951546
2019-10-29,4.309008416408195,4.309008416408195,3.0975349650606683,2.2810410069156797,3.015523574878813
2019-10-30,4.322224945906236,4.322224945906236,3.107035680371654,2.288037383538975,3.0247727460170406
2019-10-31,4.310712479469154,4.310712479469154,3.098759932478668,2.2819430793520237,3.0167161096424566
2019-11-01,4.350647034737778,4.350647034737778,3.127466927059529,2.3030830608414554,3.044663048062507
2019-11-04,4.368127068813419,4.368127068813419,3.14003246685601,2.3123363903028205,3.0568958983498407
2019-11-05,4.363296499479843,4.363296499479843,3.136560007309418,2.3097792528661243,3.053515376824281
2019-11-06,4.364290058133231,4.364290058133231,3.1372742279308,2.310305208680581,3.05421068749736
2019-11-07,4.379638578986158,4.379638578986158,3.1483075273374257,2.3184301882762828,3.0649518655129966
2019-11-08,4.3904400628834965,4.3904400628834965,3.1560721847280084,2.3241481227346026,3.072510943191302
2019-11-11,4.382054580851204,4.382054580851204,3.1500442726693993,2.3197091366547475,3.0666426281843475
2019-11-12,4.39129305067832,4.39129305067832,3.1566853558485786,2.324599665166263,3.0731078797845517
2019-11-13,4.392714059493463,4.392714059493463,3.1577068494418152,2.3253518984100383,3.0741023279656825
2019-11-14,4.3991076428972615,4.3991076428972615,3.1623028831998106,2.3287364417935383,3.078576675569343
2019-11-15,4.430942161040269,4.430942161040269,3.1851871580757507,2.3455885419294047,3.100855058593521
2019-11-18,4.434209716303622,4.434209716303622,3.187536043410939,2.347318273419297,3.1031417540409794
2019-11-19,4.432930712743559,4.432930712743559,3.1866166304358687,2.3466412128785503,3.1022466837568192
2019-11-20,4.416445671717821,4.416445671717821,3.1747663423781245,2.3379145985518743,3.090710147959706
2019-11-21,4.409340149509935,4.409340149509935,3.169658530706156,2.3341531792262544,3.0857375724483393
2019-11-22,4.419147596621714,4.419147596621714,3.1767086237695716,2.3393449047633728,3.0926010048478516
2019-11-25,4.453396204101081,4.453396204101081,3.2013282691543457,2.357474940850727,3.116568812120525
2019-11-26,4.463484792929988,4.463484792929988,3.2085804612193844,2.3628154931534375,3.123628992679696
2019-11-27,4.483381307002847,4.483381307002847,3.2228830900536245,2.3733480241000113,3.137552940244093
2019-11-29,4.466754738854201,4.466754738854201,3.2109310650834986,2.3645464901770508,3.125917361155723
2019-12-02,4.42880969155321,4.42880969155321,3.183654230274326,2.344459685850253,3.099362717110398
2019-12-03,4.39910764289726,4.39910764289726,3.162302883199811,2.328736441793538,3.078576675569343
2019-12-04,4.426251684433084,4.426251684433084,3.181815404324186,2.34310556476876,3.097572576542077
2019-12-05,4.434209716303622,4.434209716303622,3.18753604341094,2.3473182734192966,3.10314175404098
2019-12-06,4.474712292592566,4.474712292592566,3.2166513604644673,2.3687589457208427,3.1314862040489118
2019-12-09,4.460643731564047,4.460643731564047,3.2065381614444814,2.361311532879375,3.1216407655288623
2019-12-10,4.455668766314531,4.455668766314531,3.202961902750798,2.3586779572059293,3.118159193077764
2019-12-11,4.468317274792252,4.468317274792252,3.212054295589117,2.3653736430171097,3.12701085262811
2019-12-12,4.506829386849219,4.506829386849219,3.239738765459386,2.3857606319425337,3.1539623390498894
2019-12-13,4.509530355488768,4.509530355488768,3.241680359439263,2.3871904319405437,3.1558525267266075
2019-12-16,4.540510451440436,4.540510451440436,3.263950432077278,2.403590230324517,3.177532969340395
2019-12-17,4.5415049663581675,4.5415049663581675,3.2646653401102292,2.4041166923524617,3.1782289492249007
2019-12-18,4.541790411264843,4.541790411264843,3.264870532463918,2.404267797078752,3.1784287088359826
2019-12-19,4.560406965513295,4.560406965513295,3.2782530609115175,2.4141227612710905,3.1914569169047917
2019-12-20,4.580400062284895,4.580400062284895,3.292625118314342,2.4247064197799935,3.2054484548233573
2019-12-23,4.587397526621912,4.587397526621912,3.2976552524788847,2.4284106369814236,3.210345409443427
2019-12-24,4.587541444405679,4.587541444405679,3.2977587079201913,2.428486822111429,3.210446125763252
2019-12-26,4.611961566957699,4.611961566957699,3.3153131371870064,2.4414139959649197,3.2275357779850102
2019-12-27,4.610818831066653,4.610818831066653,3.3144916803606823,2.4408090708462713,3.226736070329256
2019-12-30,4.585397977878666,4.585397977878666,3.29621787488571,2.4273521445771613,3.208946088348714
2019-12-31,4.5965375012216,4.5965375012216,3.304225532266339,2.4332490255036334,3.2167417322666085
2020-01-02,4.639524452276184,4.639524452276184,3.3351267445791057,2.4560048404480654,3.2468247935629506
2020-01-03,4.604391300278643,4.604391300278643,3.309871243491947,2.4374065568839334,3.2222379657199234
2020-01-06,4.6219583544095855,4.6219583544095855,3.322499337741311,2.4467059517727434,3.234531714247151
2020-01-07,4.608961765710658,4.608961765710658,3.313156727091459,2.439826004251782,3.2254364617372273
2020-01-08,4.633526284178617,4.633526284178617,3.3308149555053657,2.4528296163420222,3.2426271648845244
2020-01-09,4.66494530546417,4.66494530546417,3.353400550054078,2.4694617667171754,3.2646147755434933
2020-01-10,4.6515207884713154,4.6515207884713154,3.3437503227265855,2.462355288660151,3.255220050919804
2020-01-13,4.683510221438047,4.683510221438047,3.3667459582768893,2.4792893953811395,3.277606846195222
2020-01-14,4.676369795581605,4.676369795581605,3.36161305608261,2.4755094992631923,3.2726098444667544
2020-01-15,4.686936994714671,4.686936994714671,3.369209297638507,2.4811034114168518,3.280004965345344
2020-01-16,4.725924370150591,4.725924370150591,3.397235411059138,2.5017419884460144,3.3072890498465455
2020-01-17,4.740636018950432,4.740636018950432,3.4078108943600465,2.5095298298584363,3.3175845330515275
2020-01-21,4.731351170302633,4.731351170302633,3.4011364717197154,2.504614749992733,3.311086824697094
2020-01-22,4.731923016380329,4.731923016380329,3.401547543838663,2.5049174656588016,3.3114870131306855
2020-01-23,4.737348860268028,4.737348860268028,3.405447917087671,2.507789720992032,3.3152841187698074
2020-01-24,4.695220634594331,4.695220634594331,3.375164000364895,2.485488485760191,3.285802009335279
2020-01-27,4.619957849401994,4.619957849401994,3.3210612727365656,2.445646953154992,3.2331317239410096
2020-01-28,4.668372556872965,4.668372556872965,3.3558642331214803,2.4712760358596313,3.2670132292993284
2020-01-29,4.664515942773725,4.664515942773725,3.353091902259082,2.4692344768608794,3.2643142996125856
2020-01-30,4.67965504173532,4.67965504173532,3.3639746585318457,2.47724859570262,3.2749089203256196
2020-01-31,4.594681392129946,4.594681392129946,3.302891266408685,2.4322664651226313,3.2154427928860057
2020-02-03,4.628811900962831,4.628811900962831,3.3274260164645457,2.4503339838441667,3.2393279525473937
2020-02-04,4.6993617373359,4.6993617373359,3.378140836169411,2.487680643271744,3.2887000294216753
2020-02-05,4.753629738856325,4.753629738856325,3.417151442775188,2.5164082587389323,3.3266777779271677
2020-02-06,4.769626128802293,4.769626128802293,3.4286504635205883,2.5248761979730316,3.337872346684875
2020-02-07,4.7442052756143065,4.7442052756143065,3.410376658045616,2.5114192717039217,3.320082364704333
2020-02-10,4.779622916254178,4.779622916254178,3.435836664074893,2.530168153780855,3.3448682829470147
2020-02-11,4.787906078001666,4.787906078001666,3.4417910230954964,2.5345529750174505,3.3506649923312364
2020-02-12,4.818753253209523,4.818753253209523,3.4639655455252614,2.550882409726535,3.372252414556614
2020-02-13,4.813611419831984,4.813611419831984,3.460269333512587,2.548160499799362,3.3686540647114325
2020-02-14,4.82132369176612,4.82132369176612,3.4658133078258135,2.5522431115833775,3.374051254873491
2020-02-18,4.808897992880545,4.808897992880545,3.4568810818833384,2.545665373514996,3.365355521585731
2020-02-19,4.831891369031358,4.831891369031358,3.4734098930874957,2.557837276843781,3.3814467103577943
2020-02-20,4.8120407556470095,4.8120407556470095,3.4591402600086227,2.547329044144651,3.367554884941913
2020-02-21,4.7624847466815075,4.7624847466815075,3.4235168739147395,2.521095795641596,3.3328746757449808
2020-02-24,4.604534739930235,4.604534739930235,3.3099743552274687,2.4374824889071935,3.2223383474340337
2020-02-25,4.465008122029932,4.465008122029932,3.2096755078506276,2.363621891240471,3.1246950464835592
2020-02-26,4.448584760054381,4.448584760054381,3.197869557839158,2.3549279276837973,3.1132016748235136
2020-02-27,4.248791494403915,4.248791494403915,3.054247971077015,2.2491642373370997,2.9733826620834063
2020-02-28,4.230940429762812,4.230940429762812,3.051297955377967,2.2469918302919893,2.960890157762238
2020-03-02,4.414167371918303,4.414167371918303,3.051399665309813,2.247066730019666,3.089115751733902
2020-03-03,4.287777913575491,4.287777913575491,2.960978504058335,2.1804801122626274,3.00066607737318
2020-03-04,4.468007445144801,4.468007445144801,2.9580962499827574,2.1783576052327147,3.126794028125629
2020-03-05,4.319482379767719,4.319482379767719,2.856805408249592,2.103766497715118,3.0228534476432305
2020-03-06,4.248076686806796,4.248076686806796,2.8540041518353916,2.1017036377881917,2.9728824265414175
2020-03-09,3.9163256355385676,3.9163256355385676,2.854047188405935,2.1017353301446344,2.740716921298783
2020-03-10,4.1189757409166505,4.1189757409166505,2.85410381632634,2.101777031242455,2.882535203178276
2020-03-11,3.9181812664980455,3.9181812664980455,2.854160445370315,2.1018187331676783,2.742015526073671
2020-03-12,3.543301497986239,3.543301497986239,2.854217075537882,2.1018604359203206,2.479667748940581
2020-03-13,3.8462054009220283,3.8462054009220283,2.8542725742032395,2.1019013054287967,2.691645487658265
2020-03-16,3.425339358240768,3.425339358240768,2.8543133495257282,2.101931332590303,2.3971156675867626
2020-03-17,3.6102799261006564,3.6102799261006564,2.854366584735025,2.101970535277855,2.526540488436344
2020-03-18,3.427481151305179,3.427481151305179,2.8544277497332695,2.102015577503611,2.3986145338813025
2020-03-19,3.434764299614958,3.434764299614958,2.8544775889479475,2.1020522793629004,2.403711415415311
2020-03-20,3.286745815274096,3.286745815274096,2.85451949992842,2.102083142828907,2.300125349686583
2020-03-23,3.202709304725815,3.202709304725815,2.8545512168117524,2.1021064993082716,2.241315049445831
2020-03-24,3.4928853292433333,3.4928853292433333,2.8545942616316884,2.10213819773961,2.4443855840646935
2020-03-25,3.545175058902166,3.545175058902166,2.8546327759987102,2.102166559921643,2.480978901429733
2020-03-26,3.7521761670453238,3.7521761670453238,2.854666759722234,2.1021915857140225,2.62584209530394
2020-03-27,3.6404154015705124,3.6404154015705124,2.854695079828977,2.1022124407892777,2.547629850056872
2020-03-30,3.7586409921427477,3.7586409921427477,2.854721134585658,2.102231627648856,2.6303662991589416
2020-03-31,3.7026177674189618,3.7026177674189618,2.8547471895801397,2.102250814683553,2.591160213078439
2020-04-01,3.5359803381687875,3.5359803381687875,2.8547732448124252,2.1022700018933693,2.474544266252333
2020-04-02,3.617575266780822,3.617575266780822,2.8547993002825165,2.102289189278307,2.531645902416052
2020-04-03,3.5652855371219894,3.5652855371219894,2.8548253559904158,2.102308376838368,2.495052585051013
2020-04-06,3.561758451072765,3.561758451072765,2.854855943404944,2.102330901570977,2.662636008794344
2020-04-07,3.561798026166666,3.561798026166666,2.8548876640265375,2.1023542608032164,2.665350497646774
2020-04-08,3.5618361882883747,3.5618361882883747,2.854918252108652,2.102376786027439,2.7548218905542936
2020-04-09,3.561868697110728,3.561868697110728,2.8549443089022226,2.102395974386994,2.7967441385157947
2020-04-13,3.561904033109707,3.561904033109707,2.85497263176243,2.102416831489915,2.7712078669601308
2020-04-14,3.561936542551279,3.561936542551279,2.854998689052323,2.1024360202149643,2.8529399970125153
2020-04-15,3.5619648118889176,3.5619648118889176,2.855021347772077,2.1024527062151246,2.792320650980618
2020-04-16,3.5619930814509164,3.5619930814509164,2.8550440066716622,2.1024693923477136,2.8057902039858043
2020-04-17,3.5620213512372767,3.5620213512372767,2.85506666575108,2.102486078612732,2.881590945854201
2020-04-20,3.5620496212480006,3.5620496212480006,2.8550893250103315,2.1025027650101813,2.8308232285480566
2020-04-21,3.5620778914830895,3.5620778914830895,2.8551119844494184,2.1025194515400623,2.7448693782058586
2020-04-22,3.5621089889884914,3.5621089889884914,2.855136910030235,2.1025378068686074,2.805790203985804
2020-04-23,3.562140086765379,3.562140086765379,2.855161835828656,2.1025561623573976,2.8055899424661517
2020-04-24,3.5621711848137556,3.5621711848137556,2.855186761844683,2.102574518006434,2.8446959814382566
2020-04-27,3.562205110253611,3.562205110253611,2.855213954099558,2.102594542525653,2.8857119498241883
2020-04-28,3.5622333817227396,3.5622333817227396,2.855236614527765,2.102611229783927,2.8724431602472253
2020-04-29,3.562261653416245,3.562261653416245,2.855259275135816,2.1026279171746394,2.9476394368938146
2020-04-30,3.5622899253341287,3.5622899253341287,2.855281935923714,2.0809477965769614,2.9201940724386075
2020-05-01,3.562318197476393,3.562318197476393,2.8553045968914588,2.02585767149697,2.8428860991328277
2020-05-04,3.562345056224707,3.562345056224707,2.8553261249816733,2.0238470881491866,2.8507285878506403
2020-05-05,3.562371915175528,3.562371915175528,2.855347653234203,2.02386234731374,2.877066741999198
2020-05-06,3.562395947049559,3.562395947049559,2.8553669155001176,2.0238760003533844,2.85756290955306
2020-05-07,3.562414324488969,3.562414324488969,2.855381645567539,2.0238864409835453,2.892045701378906
2020-05-08,3.5624369429926164,3.5624369429926164,2.855399774974812,2.0238992910561864,2.9398979991015404
2020-05-11,3.5624609753053273,3.5624609753053273,2.855419037592342,2.022290484158491,2.9405009585976365
2020-05-12,3.562485007780161,3.562485007780161,2.8554383003398183,1.9819834740381348,2.881892760207962
2020-05-13,3.5625076267325912,3.5625076267325912,2.855456430106804,1.980014074586154,2.830923275656454
2020-05-14,3.5625302458286336,3.5625302458286336,2.8554745599888998,1.9800266461040879,2.8648024387747766
2020-05-15,3.5625528650682896,3.5625528650682896,2.855492689986106,1.9800392177018407,2.8779711812433417
2020-05-18,3.5625783118744687,3.5625783118744687,2.855513086362463,1.98005336083911,2.9656335283597164
2020-05-19,3.5626023451408586,3.5626023451408586,2.855532349744395,1.9577360859585842,2.935173366424029
2020-05-20,3.562624964838288,3.562624964838288,2.85555048010852,1.9909940290168961,2.985035975274602
2020-05-21,3.5626489984194003,3.5626489984194003,2.8555697437427114,1.9772481981436216,2.964427274761811
2020-05-22,3.562673032162644,3.562673032162644,2.8555890075068557,1.981003411572105,2.9700573505006074
2020-05-26,3.5626984798271595,3.5626984798271595,2.855609404571195,2.0054102902443347,3.0066498313513623
2020-05-27,3.5627253414426816,3.5627253414426816,2.8556309349595628,2.0352482350512453,3.0513849422451225
2020-05-28,3.5627493757009376,3.5627493757009376,2.8556501991365053,2.031493914339612,3.0457562049291806
2020-05-29,3.562771996331894,3.562771996331894,2.8556683302488803,2.0405458400168883,3.059327478071333
2020-06-01,3.5627917895096517,3.5627917895096517,2.8556841950729375,2.0487932046333257,3.0716924976155795
2020-06-02,3.5628158242161687,3.5628158242161687,2.8557034596091744,2.0657577261083824,3.0971268817314206
2020-06-03,3.5628426867164307,3.5628426867164307,2.8557249907066873,2.0932493878549314,3.1383442827570027
2020-06-04,3.562869549419227,3.562869549419227,2.855746521966538,2.087750921598094,3.1301006017884583
2020-06-05,3.5629006538359285,3.5629006538359285,2.855771453086968,2.1412592536761887,3.210323994677748
2020-06-08,3.562931758524176,3.562931758524176,2.8557963844250502,2.167141346942634,3.2491282192960917
2020-06-09,3.5629600357603546,3.5629600357603546,2.85581904947572,2.1509811633492046,3.2248997541724425
2020-06-10,3.562984071601866,3.562984071601866,2.8558383149216886,2.138979031662709,3.206905328100827
2020-06-11,3.5630109353706594,3.5630109353706594,2.8558598470359677,2.0156693922816893,3.0220309867989434
2020-06-12,3.5630377993419975,3.5630377993419975,2.855881379312592,2.0398084558989935,3.0582219407932527
2020-06-15,3.563064663515881,3.563064663515881,2.855902911751563,2.0588512222002735,3.0867721733151128
2020-06-16,3.5630943557214105,3.5630943557214105,2.8559267109424944,2.098479592698418,3.1461857676576748
2020-06-17,3.5631212203217113,3.5631212203217113,2.8559482437232515,2.0897622126605864,3.133116068480366
2020-06-18,3.563148085124563,3.563148085124563,2.8559697766663588,2.0905669969006384,3.134322656683986
2020-06-19,3.5631749501299663,3.5631749501299663,2.8559913097718175,2.078619990479615,3.1164108782236553
2020-06-22,3.5632018153379237,3.5632018153379237,2.856012843039629,2.091954948422791,3.1364035696175154
2020-06-23,3.563227266779462,3.563227266779462,2.856033243131365,2.101584908260282,3.150841471558163
2020-06-24,3.56325413238187,3.56325413238187,2.856054776715341,2.0479768150742275,3.070468509914847
2020-06-25,3.5632781702073664,3.5632781702073664,2.856074043751533,2.0699322932770374,3.103385681606269
2020-06-26,3.5633022081950227,3.5633022081950227,2.8560933109177014,2.020767475031413,3.0296743851171017
2020-06-29,3.563324832336027,3.563324832336027,2.8561114448434846,2.050468610981099,3.074204382708361
2020-06-30,3.563347456620676,3.563347456620676,2.856129578884404,2.076733679776088,3.1135827907314213
2020-07-01,3.563371495075741,3.563371495075741,2.856148846425214,2.091280724022015,3.1353927257564123
2020-07-02,3.5633941196566616,3.5633941196566616,2.8561669807036036,2.1027978872798827,3.1526600536121476
2020-07-06,3.5634167443812306,3.5634167443812306,2.856185115097132,2.1352593037290033,3.201328454670508
2020-07-07,3.5634393692494486,3.5634393692494486,2.856203249605799,2.1132364254040374,3.168310232053548
2020-07-08,3.5634619942613166,3.5634619942613166,2.8562213842296056,2.129400179864866,3.1925440508686167
2020-07-09,3.5634846194168355,3.5634846194168355,2.856239518968553,2.1172773082244416,3.174368603105887
2020-07-10,3.563507244716006,3.563507244716006,2.8562576538226416,2.138896008995682,3.2067808547753276
2020-07-13,3.5635298701588294,3.5635298701588294,2.856275788791872,2.120375035693082,3.179012930412109
2020-07-14,3.563549667546997,3.563549667546997,2.856291656990699,2.147853083507672,3.2202099204891548
2020-07-15,3.5635722932591714,3.5635722932591714,2.8563097921758223,2.1675856967545983,3.249794419272077
2020-07-16,3.563594919115001,3.563594919115001,2.85632792747609,2.160447086465554,3.239091720913516
2020-07-17,3.563614716864552,3.563614716864552,2.856343795964576,2.1667108342418415,3.2484827648743546
2020-07-20,3.5636373429897383,3.5636373429897383,2.8563619314807407,2.184220805712097,3.2747349253544904
2020-07-21,3.563657140974977,3.563657140974977,2.8563778001581377,2.1888676200942707,3.2817017509195376
2020-07-22,3.5636769390702048,3.5636769390702048,2.8563936689236944,2.2013277155246893,3.3003827879156753
2020-07-23,3.5636995655904524,3.5636995655904524,2.8564118047565126,2.1750613076544254,3.261002372258332
2020-07-24,3.5637193639213725,3.5637193639213725,2.8564276737109835,2.1610530180273235,3.240000175426224
2020-07-27,3.5861442292532213,3.5861442292532213,2.8744018740819834,2.176812594934427,3.2636280232937733
2020-07-28,3.563400044892592,3.563400044892592,2.8561717299574476,2.1630067288530066,3.242929313843996
2020-07-29,3.607224698220513,3.607224698220513,2.891298500551111,2.1896085750795646,3.282812641889037
2020-07-30,3.5943547106783296,3.5943547106783296,2.8809828205489247,2.1817964099273817,3.2711001034865146
2020-07-31,3.622757733407767,3.622757733407767,2.9037486929020533,2.199037227267437,3.2969487294759228
2020-08-03,3.647943259251658,3.647943259251658,2.9239356452546352,2.214325003319446,3.3198692208647005
2020-08-04,3.6620346528792926,3.6620346528792926,2.9352303187709134,2.2228785698153484,3.33269331944815
2020-08-05,3.6847788372399224,3.6847788372399224,2.9534604628954497,2.236684435896769,3.353392028897928
2020-08-06,3.709409546171427,3.709409546171427,2.9732027128962057,2.2516354345172087,3.3758076002647246
2020-08-07,3.7120729614884076,3.7120729614884076,2.9753375199449956,2.2532521447321106,3.3782314840548024
2020-08-10,3.7231681967203945,3.7231681967203945,2.9842306828814023,2.259987023825855,3.3883288806772716
2020-08-11,3.6924345017526448,3.6924345017526448,2.9595967070105655,2.2413314734581546,3.360359189068689
2020-08-12,3.743915922609019,3.743915922609019,3.0008606058194487,2.272581026783736,3.407210681101632
2020-08-13,3.7371474504154394,3.7371474504154394,2.9954354728872055,2.268472520661963,3.401050924518041
2020-08-14,3.737258487332299,3.737258487332299,2.9955244722975776,2.2685399207841193,3.40115197544358
2020-08-17,3.7491306133103897,3.7491306133103897,3.0050403364065534,2.275746377553745,3.411956393939107
2020-08-18,3.7572296901467284,3.7572296901467284,3.0115319887630885,2.280662569245331,3.4193270886005958
2020-08-19,3.7415856180426155,3.7415856180426155,2.9989927970017742,2.2711665169353026,3.405089950088171
2020-08-20,3.7532367732027185,3.7532367732027185,3.0083315463901092,2.278238842998253,3.415693270549762
2020-08-21,3.766550540740429,3.766550540740429,3.0190029293337495,2.286320385459849,3.427809678048726
2020-08-24,3.8047170910433628,3.8047170910433628,3.0495945610988895,2.3094877267861973,3.4625437587655643
2020-08-25,3.8180312262529825,3.8180312262529825,3.0602662387425634,2.317569492427005,3.474660500870242
2020-08-26,3.8563091811446855,3.8563091811446855,3.09094716461811,2.3408044570547224,3.509495967118333
2020-08-27,3.864742104075422,3.864742104075422,3.09770640460583,2.3459232954712026,3.5171704837678655
2020-08-28,3.889705556085595,3.889705556085595,3.117715358137668,2.3610762712788995,3.5398888733055656
2020-08-31,3.8756145301298703,3.8756145301298703,3.1064209793214244,2.3525229279622097,3.52706510932783
2020-09-01,3.912117365039467,3.912117365039467,3.135679093431157,2.3746803833522763,3.5602850991901542
2020-09-02,3.968701704336533,3.968701704336533,3.1810331340167046,2.4090274409672863,3.6117805839236063
2020-09-03,3.8321218845367975,3.8321218845367975,3.0715603228587742,2.326122612564484,3.487483930242264
2020-09-04,3.8008341080004824,3.8008341080004824,3.046482234036181,2.3071307311236398,3.4590099878231286
2020-09-08,3.696983338624771,3.696983338624771,2.963242735835473,2.2440926466744386,3.364498930958645
2020-09-09,3.7699893761158734,3.7699893761158734,3.021759258754972,2.2884077806337833,3.4309392452890073
2020-09-10,3.704528333892544,3.704528333892544,2.9692902752402515,2.2486725072928806,3.3713653748095807
2020-09-11,3.7064141231195995,3.7064141231195995,2.970801791716403,2.249817193473475,3.373081567515172
2020-09-14,3.755232128658993,3.755232128658993,3.009930883476496,2.279450036584155,3.417509175758038
2020-09-15,3.7742054699093317,3.7742054699093317,3.0251385840487974,2.2909669766628107,3.43477616900806
2020-09-16,3.759227619306374,3.759227619306374,3.0131333887497154,2.28187532508572,3.421145336048868
2020-09-17,3.7261650904598618,3.7261650904598618,2.986632782861342,2.261806157586437,3.391056251849679
2020-09-18,3.683266235001647,3.683266235001647,2.952248066954157,2.235766276616798,3.3520154609917463
2020-09-21,3.6422722877098153,3.6422722877098153,2.9193901919249092,2.2108826871468006,3.3147082623365183
2020-09-22,3.679367442066631,3.679367442066631,2.9491230677899702,2.2333996842481048,3.348467302003621
2020-09-23,3.594038880507528,3.594038880507528,2.8807296732194234,2.1816046989838975,3.270812677178443
2020-09-24,3.6036182044540497,3.6036182044540497,2.888407787914229,2.1874194101847597,3.2795304944433075
2020-09-25,3.661878024645577,3.661878024645577,2.9351047765562828,2.22278349547085,3.332550777414112
2020-09-28,3.7227001503787984,3.7227001503787984,2.983855529737682,2.259702916688421,3.3879029276037254
2020-09-29,3.702425250566601,3.702425250566601,2.967604591043802,2.247395922197735,3.3694514301271887
2020-09-30,3.730497000905011,3.730497000905011,2.9901049386659864,2.264435655067383,3.3949985763685486
2020-10-01,3.7544471491308657,3.7544471491308657,3.0093016989031716,2.2789735489656007,3.416794792559278
2020-10-02,3.718800989771872,3.718800989771872,2.9807302358734615,2.2573361011405155,3.384354434009886
2020-10-05,3.784746255900842,3.784746255900842,3.0335873393334136,2.297365301504199,3.4443689802142616
2020-10-06,3.730942986931998,3.730942986931998,2.9904624098076464,2.2647063714520708,3.3954044530992724
2020-10-07,3.795885979433955,3.795885979433955,3.0425161609739764,2.304127185282648,3.4545068641280894
2020-10-08,3.8295275915389215,3.8295275915389215,3.0694809194164416,2.324547860041521,3.485122952326363
2020-10-09,3.863725491243914,3.863725491243914,3.09689155901087,2.3453062049488125,3.516245298969472
2020-10-12,3.925883369026637,3.925883369026637,3.1467129574170416,2.3830364362451713,3.5728130717169746
2020-10-13,3.9002628873130623,3.9002628873130623,3.1261773749238304,2.367484639184848,3.5494967417688845
2020-10-14,3.875756451487181,3.875756451487181,3.1065347335346827,2.352609075138212,3.5271942671333196
2020-10-15,3.8709660541701,3.8709660541701,3.1026950867872114,2.349701273179356,3.52283468928946
2020-10-16,3.8686265578059444,3.8686265578059444,3.100819910468679,2.3482811838506126,3.520705593133157
2020-10-19,3.8098104500143912,3.8098104500143912,3.0536770406746623,2.3125794284161034,3.4671790517175167
2020-10-20,3.8250706726443284,3.8250706726443284,3.065908565600121,2.3218424816283463,3.4810668618648335
2020-10-21,3.817830477390052,3.817830477390052,3.0601053325238134,2.317447636577015,3.474477806150559
2020-10-22,3.8387719663753153,3.8387719663753153,3.0768905623799596,2.3301592549798515,3.4935359437860423
2020-10-23,3.851806303261327,3.851806303261327,3.087337973297498,2.3380711812399944,3.5053980509425906
2020-10-26,3.7806257568040187,3.7806257568040187,3.0302846360485183,2.294864132070405,3.4406190539807726
2020-10-27,3.7675921552618274,3.7675921552618274,3.0198378145310487,2.286952652168687,3.428757616035652
2020-10-28,3.6388198484736978,3.6388198484736978,2.9166229586024186,2.208787034342007,3.3115663146848306
2020-10-29,3.675802862897924,3.675802862897924,2.9462659509570046,2.231235961783517,3.3452232996092532
2020-10-30,3.6374815227208255,3.6374815227208255,2.9155502504774056,2.207974662008732,3.310348349886945
2020-11-02,3.6782533961789388,3.6782533961789388,2.948230126685909,2.2327234512344165,3.3474534466910955
2020-11-03,3.743196388680895,3.743196388680895,3.000283877852239,2.272144265064994,3.406555857719912
2020-11-04,3.8268538814084585,3.8268538814084585,3.0673378607666915,2.3229249008086703,3.482689699576302
2020-11-05,3.9014879701176164,3.9014879701176164,3.1271593154382673,2.368228272320691,3.5506116480069494
2020-11-06,3.900597101079372,3.900597101079372,3.126445257255051,2.3676875090889538,3.549800898362643
2020-11-09,3.949609237387314,3.949609237387314,3.1657299506332777,2.397438190823801,3.5944051784223445
2020-11-10,3.9438180371308595,3.9438180371308595,3.1610881303923213,2.3939228950486884,3.58913480382578
2020-11-11,3.973114870273822,3.973114870273822,3.1845704185289407,2.4117062610541806,3.6157968563052045
2020-11-12,3.9345721916068257,3.9345721916068257,3.1536773086286667,2.388310607393508,3.5807204739432463
2020-11-13,3.9890435204363754,3.9890435204363754,3.1973377081168377,2.421375054074636,3.6302929796400374
2020-11-16,4.038837694897164,4.038837694897164,3.237249228468115,2.4516004379943395,3.6756089660527893
2020-11-17,4.017115638446695,4.017115638446695,3.2198383504390558,2.438415010123497,3.6558404604871106
2020-11-18,3.968770458983728,3.968770458983728,3.181088242923129,2.4090691754800124,3.6118431551920693
2020-11-19,3.9854793089395764,3.9854793089395764,3.194480885983904,2.4192115547892614,3.627049311851383
2020-11-20,3.9581873907225518,3.9581873907225518,3.1726055971345644,2.4026451850291943,3.602211864328791
2020-11-23,3.9819147297708684,3.9819147297708684,3.191623769150937,2.4170478323246742,3.6238053094570155
2020-11-24,4.046076787135709,4.046076787135709,3.2430515774443194,2.4559946135080333,3.6821970179499233
2020-11-25,4.039839968524177,4.039839968524177,3.238052580761738,2.452208824527446,3.6765211012283494
2020-11-27,4.051091096646059,4.051091096646059,3.2470706965127065,2.459038331607264,3.6867603706734293
2020-11-30,4.0331564285418375,4.0331564285418375,3.2326955235374277,2.4481518728037464,3.6704386385646237
2020-12-01,4.07726860130348,4.07726860130348,3.2680527495579486,2.4749282451744308,3.710583628277782
2020-12-02,4.085846754638718,4.085846754638718,3.2749283960592344,2.4801352393798237,3.7183903141842283
2020-12-03,4.0847316057352945,4.0847316057352945,3.2740345708550684,2.479458336828499,3.7173754550545617
2020-12-04,4.119932882083031,4.119932882083031,3.3022494468432217,2.5008257378065344,3.749410940690371
2020-12-07,4.111466868680382,4.111466868680382,3.295463683852411,2.495686813260935,3.741706309526605
2020-12-08,4.123496358236008,4.123496358236008,3.3051056795760863,2.5029887907334842,3.752653939267598
2020-12-09,4.086514079155602,4.086514079155602,3.275463276621569,2.4805403096503986,3.7189976235546025
2020-12-10,4.085177959434191,4.085177959434191,3.2743923366967618,2.4797292763923986,3.7177816663909993
2020-12-11,4.080387929789019,4.080387929789019,3.2705529846493246,2.4768216976127553,3.713422423152853
2020-12-14,4.06211868024658,4.06211868024658,3.255909634642793,2.465732145725919,3.6967961998445764
2020-12-15,4.117036362775027,4.117036362775027,3.2999277999726573,2.4990675319709466,3.7467749168778046
2020-12-16,4.1234963582360065,4.1234963582360065,3.305105679576086,2.502988790733484,3.7526539392675975
2020-12-17,4.146555637423616,4.146555637423616,3.3235883816300547,2.5169859213999635,3.77363940581402
2020-12-18,4.129999738982382,4.129999738982382,3.310318333783567,2.5069363846430885,3.7585724451316076
2020-12-21,4.115233299727749,4.115233299727749,3.298482591004233,2.49797306111315,3.745134010457796
2020-12-22,4.10829643379933,4.10829643379933,3.29292248545626,2.4937623389120804,3.738821004457328
2020-12-23,4.111989330464674,4.111989330464674,3.2958824526012136,2.496003950921809,3.742181784245779
2020-12-24,4.127985999930601,4.127985999930601,3.308704261695464,2.5057140320965656,3.7567398096376468
2020-12-28,4.16344905867835,4.16344905867835,3.3371289641080706,2.5272403366738567,3.789013534541614
2020-12-29,4.155505874731906,4.155505874731906,3.3307622645660975,2.5224187729683445,3.781784712702736
2020-12-30,4.1614342166108385,4.1614342166108385,3.335514007919864,2.526017314589696,3.7871798952305116
2020-12-31,4.182577925146672,4.182577925146672,3.352461322794899,2.538851681559373,3.8064220660085324
2021-01-04,4.12563694409678,4.12563694409678,3.306821423176038,2.504288140108298,3.7546020137327867
2021-01-05,4.154050996983521,4.154050996983521,3.3295961365301965,2.5215356528247264,3.780460677893606
2021-01-06,4.178886131497058,4.178886131497058,3.349502239750048,2.536610739087282,3.8030622900372224
2021-01-07,4.240973416273036,4.240973416273036,3.3992670557496254,2.574298119974853,3.859565818487694
2021-01-08,4.265138284894406,4.265138284894406,3.4186359208068673,2.588966350533134,3.8815574444152268
2021-01-11,4.236387076866077,4.236387076866077,3.395590967521215,2.5715141824789005,3.8553919468149407
2021-01-12,4.237282357967243,4.237282357967243,3.396308562104843,2.572057623861187,3.8562067117278116
2021-01-13,4.248693055698121,4.248693055698121,3.405454577670717,2.578983990719203,3.8665912000526395
2021-01-14,4.233815579526629,4.233815579526629,3.393529835481011,2.5699532670671084,3.8530517144532896
2021-01-15,4.202938492513929,4.202938492513929,3.36878092659678,2.551210676806557,3.824951526616362
2021-01-19,4.235940355495269,4.235940355495269,3.395232906979486,2.5712430197357876,3.8549854008727893
2021-01-20,4.294560126486813,4.294560126486813,3.442218406955163,2.6068255974708547,3.908333262837311
2021-01-21,4.298475832329695,4.298475832329695,3.445356962320929,2.6092024560833202,3.9118968136882666
2021-01-22,4.283260833344704,4.283260833344704,3.433161685499695,2.599966853914207,3.8980501600437356
2021-01-25,4.300153151583706,4.300153151583706,3.4467013838776075,2.6102205996504626,3.9134232849541877
2021-01-26,4.293440933192377,4.293440933192377,3.4413213400506186,2.6061462399481927,3.9073147230447933
2021-01-27,4.188507370041333,4.188507370041333,3.357213950248767,2.5424508927183616,3.811818252353449
2021-01-28,4.2245300254363,4.2245300254363,3.3860871861136457,2.564316876056983,3.844601247153675
2021-01-29,4.139956294308694,4.139956294308694,3.3182988107136078,2.5129800777159113,3.7676335678587325
2021-02-01,4.208867569736681,4.208867569736681,3.3735332593506144,2.5548096647863328,3.8303473783555644
2021-02-02,4.2683826218293905,4.2683826218293905,3.4212363539099195,2.5909356839036866,3.8845100052329573
2021-02-03,4.271738363353145,4.271738363353145,3.4239260811233794,2.592972640575609,3.8875639515819405
2021-02-04,4.320289806757695,4.320289806757695,3.462841515358573,2.6224436787572714,3.9317489706823703
2021-02-05,4.337293897257378,4.337293897257378,3.476470802546926,2.632765270974108,3.9472238157297888
2021-02-08,4.368617705640886,4.368617705640886,3.5015777719728853,2.651779023977771,3.9757305495088677
2021-02-09,4.365708685487939,4.365708685487939,3.499246105301154,2.650013230048961,3.9730831491020355
2021-02-10,4.363807086368747,4.363807086368747,3.4977219167235254,2.6488589471622315,3.9713525683507545
2021-02-11,4.370854621542115,4.370854621542115,3.5033707269818364,2.653136846306245,3.977766290671048
2021-02-12,4.392446522136398,4.392446522136398,3.5206772811987377,2.666243268735885,3.9974163458140755
2021-02-16,4.388641853210375,4.388641853210375,3.517627725243343,2.6639338102455756,3.9939538458886585
2021-02-17,4.389649274244131,4.389649274244131,3.5184352033374466,2.664545321287656,3.9948706655442097
2021-02-18,4.370966761474706,4.370966761474706,3.503460610492312,2.653204915966039,3.9778683454137287
2021-02-19,4.3632471220496205,4.3632471220496205,3.4972730885712195,2.648519045221689,3.970842963848783
2021-02-22,4.3296871331087035,4.3296871331087035,3.4703737535363786,2.6281479162479773,3.940301158118952
2021-02-23,4.33494484142356,4.33494484142356,3.474587964027502,2.6313393789858424,3.945086019824931
2021-02-24,4.382712408315713,4.382712408315713,3.512875097789474,2.6603345990865868,3.9885576595437424
2021-02-25,4.277107476256773,4.277107476256773,3.42822958572491,2.596231726614844,3.8924501988191733
2021-02-26,4.255069957307413,4.255069957307413,3.4105658550663835,2.5828548109797294,3.872394601551136
2021-03-01,4.3582140612718545,4.3582140612718545,3.4932389398010812,2.6454639449826245,3.966262546233879
2021-03-02,4.324205512600579,4.324205512600579,3.4659800707243402,2.624820537369738,3.935312521533328
2021-03-03,4.266928479424829,4.266928479424829,3.4200708152740886,2.590053010118495,3.883186639635256
2021-03-04,4.214125278051538,4.214125278051538,3.3777474698417382,2.5580011275241987,3.835132240061544
2021-03-05,4.291650738661957,4.291650738661957,3.4398864455833973,2.6050595803628327,3.9056855278247657
2021-03-08,4.270284220948584,4.270284220948584,3.4227605424875494,2.5920899667904176,3.8862405859842397
2021-03-09,4.331253047773947,4.331253047773947,3.4716288809826517,2.6290984365137513,3.941726243853621
2021-03-10,4.3582140612718545,4.3582140612718545,3.4932389398010817,2.645463944982624,3.966262546233879
2021-03-11,4.4024023421188945,4.4024023421188945,3.5286571687287123,2.672286515450284,4.006476799329775
2021-03-12,4.408331051669738,4.408331051669738,3.533409206782514,2.6758852802508484,4.011872316463265
2021-03-15,4.4346203285878385,4.4346203285878385,3.554480848638197,2.6918430402985964,4.035797294204584
2021-03-16,4.429027303490944,4.429027303490944,3.5499978717157523,2.688448038118988,4.030707272087707
2021-03-17,4.444129427199525,4.444129427199525,3.5621026756264427,2.6976151242698827,4.044451201778131
2021-03-18,4.379468806724548,4.379468806724548,3.510275254086489,2.6583657120744575,3.985605767937439
2021-03-19,4.371365317825288,4.371365317825288,3.503780065329542,2.6534468422323223,3.978231058007386
2021-03-22,4.40627135362919,4.40627135362919,3.5317582971901174,2.67463503030277,4.009997855255091
2021-03-23,4.371589597690467,4.371589597690467,3.503959832350492,2.6535829815519096,3.9784351674927465
2021-03-24,4.349366404426492,4.349366404426492,3.486147278174622,2.640093360414514,3.9582105943392887
2021-03-25,4.37383460237372,4.37383460237372,3.505759270760198,2.6549457138230568,3.9804782699806287
2021-03-26,4.444319145905152,4.444319145905152,3.5622547408441636,2.6977302847435003,4.0446238583264025
2021-03-29,4.4420741412219,4.4420741412219,3.5604553024344576,2.696367552472353,4.042580755838521
2021-03-30,4.430288785814599,4.430288785814599,3.551008987533587,2.6892137659968625,4.031855304291428
2021-03-31,4.448246984921068,4.448246984921068,3.5654030213110635,2.700114508269976,4.04819845116591
2021-04-01,4.496284422995257,4.496284422995257,3.6039064648982437,2.72927354191265,4.09191569147858
2021-04-05,4.560819667348879,4.560819667348879,3.655633393726485,2.768446849996633,4.1506470247708975
2021-04-06,4.558125735263358,4.558125735263358,3.653474126574845,2.7668116159070992,4.148195368706583
2021-04-07,4.56340072415799,4.56340072415799,3.657702187967582,2.7700135680679483,4.152995956881106
2021-04-08,4.585062114743287,4.585062114743287,3.675064440490974,2.7831621713687382,4.172709252504022
2021-04-09,4.618396720803294,4.618396720803294,3.701783124404761,2.8033964914852247,4.203045944931352
2021-04-12,4.62008065815169,4.62008065815169,3.7031328505620587,2.804418652278192,4.204578439100121
2021-04-13,4.633771657069192,4.633771657069192,3.714106595740935,2.812729176611749,4.217038152061345
2021-04-14,4.617947793401026,4.617947793401026,3.701423295662827,2.803123989666838,4.202637391354919
2021-04-15,4.667555558203378,4.667555558203378,3.7411854030966913,2.833236221725835,4.247783732670823
2021-04-16,4.683155509678276,4.683155509678276,3.7536892308538845,2.8427054925303707,4.261980718497603
2021-04-19,4.660148807573814,4.660148807573814,3.7352486709048263,2.8287402764912692,4.241043100568239
2021-04-20,4.626028854313768,4.626028854313768,3.707900507717679,2.808029245577014,4.209991690336436
2021-04-21,4.6698001952147195,4.6698001952147195,3.7429845468063627,2.8345987308177687,4.249826500552989
2021-04-22,4.627150988983484,4.627150988983484,3.708799932222498,2.8087103885333753,4.211012906974663
2021-04-23,4.677320924136424,4.677320924136424,3.7490126360088745,2.83916386160819,4.256670860426821
2021-04-26,4.6870844517099215,4.6870844517099215,3.7568383954208864,2.8450903855944834,4.265556315154251
2021-04-27,4.686074824644705,4.686074824644705,3.7560291491265767,2.8444775354771283,4.264637487864418
2021-04-28,4.684727674765989,4.684727674765989,3.7549493682007395,2.8436598068427554,4.2634114925294035
2021-04-29,4.714583001540439,4.714583001540439,3.7788793056895282,2.861782182071941,4.290581811087946
2021-04-30,4.6836055400962735,4.6836055400962735,3.7540499436959216,2.8429786638863948,4.262390275891177
2021-05-03,4.69370732582709,4.69370732582709,3.7621468271395297,2.849110512748131,4.271583567875216
2021-05-04,4.664749118513357,4.664749118513357,3.7389359577345416,2.8315326947972945,4.245229687258114
2021-05-05,4.666209143668482,4.666209143668482,3.7401062115709225,2.832418939449886,4.246558406547235
2021-05-06,4.703471956416316,4.703471956416316,3.769973470651644,2.8550377062720615,4.2804700264197875
2021-05-07,4.737703314265131,4.737703314265131,3.7974109279491977,2.875816360487685,4.311622822182843
2021-05-10,4.690789113876389,4.690789113876389,3.7598077929669387,2.8473391393390095,4.268927802325541
2021-05-11,4.64892451950137,4.64892451950137,3.726252068256364,2.821927061493959,4.23082825734026
2021-05-12,4.550157181955113,4.550157181955113,3.6470870927304997,2.761974652835927,4.140943459073458
2021-05-13,4.604815655786918,4.604815655786918,3.6908974945361517,2.7951526977361865,4.190686279078525
2021-05-14,4.67552447918353,4.67552447918353,3.747572731641068,2.838073407976218,4.25503597690966
2021-05-17,4.663628086859371,4.663628086859371,3.7380374173298256,2.8308522213785716,4.244209474437029
2021-05-18,4.623447797504657,4.623447797504657,3.7058317134765817,2.8064625275057,4.207642758226229
2021-05-19,4.6113252869557675,4.6113252869557675,3.696115158644217,2.7991040856924037,4.196610473239669
2021-05-20,4.660933787101941,4.660933787101941,3.735877855478151,2.829216764109826,4.2417574837670005
2021-05-21,4.657118455690524,4.657118455690524,3.732819753221761,2.826900833422356,4.238285280275886
2021-05-24,4.704594091086033,4.704594091086033,3.770872895156463,2.8557188492284244,4.281491243058015
2021-05-25,4.694156253229359,4.694156253229359,3.7625066558814644,2.8493830145665195,4.2719921214516505
2021-05-26,4.703471956416317,4.703471956416317,3.7699734706516446,2.8550377062720633,4.280470026419788
2021-05-27,4.705940873292839,4.705940873292839,3.7719523813822664,2.8565363546835854,4.282716903787316
2021-05-28,4.714358721675261,4.714358721675261,3.778699538668578,2.8616460427523553,4.290377701602586
2021-06-01,4.7102062351222544,4.7102062351222544,3.775371196480694,2.8591254567270794,4.286598664672004
2021-06-02,4.7176133534237294,4.7176133534237294,3.7813082233725934,2.863621625140857,4.2933396313803005
2021-06-03,4.7001040817195285,4.7001040817195285,3.7672740183370514,2.8529933846861306,4.277405038082252
2021-06-04,4.743091178436174,4.743091178436174,3.801729462252479,2.879086828666755,4.316526134311474
2021-06-07,4.738489029137079,4.738489029137079,3.7980407019225915,2.8762932944646673,4.31233787459303
2021-06-08,4.739498656202295,4.739498656202295,3.7988499482169007,2.8769061445820223,4.313256701882864
2021-06-09,4.7324275900266795,4.7324275900266795,3.793182277156392,2.872613961968413,4.306821564796893
2021-06-10,4.754425768081655,4.754425768081655,3.810814474911243,2.885966997427796,4.326841359253564
2021-06-11,4.762282916801127,4.762282916801127,3.817112214645179,2.890736337197598,4.333991883355434
2021-06-14,4.772945402194892,4.772945402194892,3.8256585156411624,2.8972085343583025,4.343695449052873
2021-06-15,4.764191134014701,4.764191134014701,3.8186417078234256,2.8918946373101515,4.335728487009563
2021-06-16,4.737591909676361,4.737591909676361,3.79732163383879,2.875748737186318,4.31152143665159
2021-06-17,4.7360197445886465,4.7360197445886465,3.796061496491934,2.874794422873933,4.310090662619789
2021-06-18,4.672129764437301,4.672129764437301,3.744851766223966,2.8360127943077775,4.251946562355022
2021-06-21,4.739015535312384,4.739015535312384,3.798462712371771,2.8766128870968783,4.312817029975055
2021-06-22,4.764350703623698,4.764350703623698,3.8187696076383313,2.89199149708835,4.335873705889311
2021-06-23,4.758608403731291,4.758608403731291,3.8141669825019426,2.8885058841484916,4.3306478338526695
2021-06-24,4.786758468186559,4.786758468186559,3.836730101231442,2.905593154190389,4.356266251111048
2021-06-25,4.803761455670511,4.803761455670511,3.850358504319692,2.9159140768695884,4.371740092341326
2021-06-28,4.81344630145524,4.81344630145524,3.858121197924355,2.9217928405044202,4.380553941446023
2021-06-29,4.816035447046374,4.816035447046374,3.860196475566207,2.9233644685184093,4.382910234881932
2021-06-30,4.820089029855555,4.820089029855555,3.8634455434448522,2.925825019335539,4.386599262875527
2021-07-01,4.846776863124235,4.846776863124235,3.884836640137764,2.94202470564957,4.410886953210502
2021-07-02,4.883823484788914,4.883823484788914,3.914530615598292,2.9645122430948323,4.444601824923396
2021-07-06,4.874927662923324,4.874927662923324,3.9074003482673327,2.9591124220498926,4.436506039680308
2021-07-07,4.892155297944366,4.892155297944366,3.9212088130765674,2.969569707227892,4.45218432500166
2021-07-08,4.852294515479554,4.852294515479554,3.889259203553169,2.945373956090629,4.41590838115607
2021-07-09,4.904090663490999,4.904090663490999,3.9307753655914506,2.9768145508220574,4.463046295679945
2021-07-12,4.921658027357001,4.921658027357001,3.9448561332324195,2.9874780535923495,4.479033756680759
2021-07-13,4.904879687410138,4.904879687410138,3.9314077918651535,2.97729349341195,4.463764359541555
2021-07-14,4.912198932125091,4.912198932125091,3.9372743854488443,2.9817363219939548,4.470425355484275
2021-07-15,4.895420959850139,4.895420959850139,3.9238263387816135,2.971551984992768,4.455156292950786
2021-07-16,4.857023143915733,4.857023143915733,3.893049340694871,2.9482442639417963,4.420211745240027
2021-07-19,4.785294766312332,4.785294766312332,3.8355569003947183,2.904704677745674,4.354934185764789
2021-07-20,4.853869989614461,4.853869989614461,3.890521993200335,2.9463302790159274,4.417342166639296
2021-07-21,4.893168601728685,4.893168601728685,3.9220210063712213,2.970184789137373,4.453106498348632
2021-07-22,4.903414882520182,4.903414882520182,3.9302337069283273,2.976404347429598,4.462431290378157
2021-07-23,4.95386130694954,4.95386130694954,3.970668025140531,3.007025651272166,4.50834086732702
2021-07-26,4.966022055377083,4.966022055377083,3.9804152287764674,3.014407303723556,4.519407951307806
2021-07-27,4.943389643277134,4.943389643277134,3.9622746734623724,3.0006692841227167,4.4988109619949945
2021-07-28,4.941362300364678,4.941362300364678,3.960649697472998,2.999438673945333,4.4969659460896265
2021-07-29,4.961856700307223,4.961856700307223,3.9770765720873817,3.011878906425845,4.5156172031772455
2021-07-30,4.937759483317315,4.937759483317315,3.9577619318364583,2.9972517408426516,4.493687144701033
2021-08-02,4.9274003272494085,4.9274003272494085,3.9494587583688094,2.990963666532209,4.4842596287174015
2021-08-03,4.967487227938951,4.967487227938951,3.98158960841333,3.0152966728851216,4.52074135507692
2021-08-04,4.943052488135544,4.943052488135544,3.962004433530879,3.000464628784911,4.498504128555528
2021-08-05,4.9743557068920845,4.9743557068920845,3.987094899754915,3.0194658837526775,4.5269921244146385
2021-08-06,4.982576115458767,4.982576115458767,3.993683803122784,3.0244557245843686,4.53447323896165
2021-08-09,4.978521797305765,4.978521797305765,3.9904341458440697,3.0219947274088135,4.530783541756627
2021-08-10,4.9847155983038105,4.9847155983038105,3.9953986626226325,3.025754404421545,4.536420309609697
2021-08-11,4.997101361940354,4.997101361940354,4.005326222679589,3.0332726425509478,4.54769217228727
2021-08-12,5.012077374183761,5.012077374183761,4.017329944478499,3.042363178231976,4.561321332217894
2021-08-13,5.021198578930261,5.021198578930261,4.024640862930512,3.04789980813414,4.569622230763482
2021-08-16,5.033021436872395,5.033021436872395,4.034117237234885,3.0550763588892993,4.580381812093373
2021-08-17,5.000028765688808,5.000028765688808,4.007672624353037,3.0350495954403796,4.550356302979788
2021-08-18,4.9453037432412685,4.9453037432412685,3.963808881841169,3.0018311551026695,4.500552919340541
2021-08-19,4.952960143097811,4.952960143097811,3.9699457153563538,3.0064786390224802,4.50752074872273
2021-08-20,4.992371630488445,4.992371630488445,4.001535201437784,3.0304016651621444,4.543387804386173
2021-08-23,5.036286731106258,5.036286731106258,4.036734468239898,3.0570584134749628,4.583353445436786
2021-08-24,5.04428249213585,5.04428249213585,4.043143309886782,3.0619118918078536,4.590630115892724
2021-08-25,5.054866663412757,5.054866663412757,4.05162683977545,3.068336551796309,4.600262410573143
2021-08-26,5.025028249546174,5.025028249546174,4.027710458488241,3.0502244428108956,4.573107483877432
2021-08-27,5.0699555509325736,5.0699555509325736,4.063721034484903,3.077495603495555,4.613994294457873
2021-08-30,5.092251543234755,5.092251543234755,4.0815919392675735,3.091029414117014,4.634285119542645
2021-08-31,5.0847069156388915,5.0847069156388915,4.075544694562829,3.0864497766777843,4.627419010297423
2021-09-01,5.087408936506436,5.087408936506436,4.077710445115225,3.088089920709992,4.62987802768744
2021-09-02,5.103061465064482,5.103061465064482,4.090256414977329,3.097591106141907,4.64412286213128
2021-09-03,5.101822043055435,5.101822043055435,4.089262981161554,3.096838769016778,4.64299490627038
2021-09-07,5.083580736578165,5.083580736578165,4.074642028357633,3.0857661787500867,4.626394112996345
2021-09-08,5.077388406267759,5.077388406267759,4.069678690379207,3.0820073944542044,4.620758683566129
2021-09-09,5.0556549519880765,5.0556549519880765,4.052258676649083,3.0688150480277763,4.600979805223326
2021-09-10,5.015793434179444,5.015793434179444,4.0203084777256155,3.044618850532088,4.564703192166308
2021-09-13,5.028629963577806,5.028629963577806,4.030597340024676,3.052410706375939,4.576385281448883
2021-09-14,5.001492835234946,5.001492835234946,4.008846119889795,3.0359382950643083,4.55168870293176
2021-09-15,5.043268820679624,5.043268820679624,4.042330821892093,3.0612965867191617,4.5897076079400385
2021-09-16,5.035274530337672,5.035274530337672,4.035923159045345,3.05644400110312,4.582432275906955
2021-09-17,4.986224523822987,4.986224523822987,3.9966081115635808,3.0266703319093917,4.537793531458742
2021-09-20,4.903083610129156,4.903083610129156,3.929968182197382,2.976203262959191,4.462129810630107
2021-09-21,4.898452782421071,4.898452782421071,3.926256435264816,2.973392320778533,4.457915451665995
2021-09-22,4.946235423861539,4.946235423861539,3.9645556517281966,3.0023966912269877,4.501400810219069
2021-09-23,5.006332500587985,5.006332500587985,4.012725256441868,3.0388760030376307,4.5560931179412565
2021-09-24,5.0145793815321955,5.0145793815321955,4.01933537821221,3.043881912772617,4.5635983240996545
2021-09-27,5.000233191270841,5.000233191270841,4.007836477572131,3.035173683082495,4.550542343756607
2021-09-28,4.899469027580669,4.899469027580669,3.927070986159744,2.9740091881217117,4.458840301858675
2021-09-29,4.90771554085297,4.90771554085297,3.933680813230051,2.9790148746774854,4.4663451734113595
2021-09-30,4.8477317070748445,4.8477317070748445,3.885601976126957,2.942604302064273,4.411755924248993
2021-10-01,4.905343321688813,4.905343321688813,3.931779408608462,2.977574922398835,4.4641862973465365
2021-10-04,4.842084266535251,4.842084266535251,3.881075383599429,2.939176269361224,4.406616380486488
2021-10-05,4.892464510020786,4.892464510020786,3.921456655805451,2.969757400945553,4.452465728406885
2021-10-06,4.912798605010514,4.912798605010514,3.93775504120486,2.9821003272894417,4.470971097403328
2021-10-07,4.955272799412529,4.955272799412529,3.9717993785723777,3.007882436268715,4.509625418661932
2021-10-08,4.9462354238615385,4.9462354238615385,3.9645556517281957,3.0023966912269864,4.501400810219068
2021-10-11,4.9104267535182675,4.9104267535182675,3.935853931283305,2.980660598190003,4.4688125559442184
2021-10-12,4.89833880412893,4.89833880412893,3.926165078254169,2.9733231352226763,4.457811723894746
2021-10-13,4.915962054125272,4.915962054125272,3.940290640300358,2.984020561233259,4.473850044964044
2021-10-14,4.998650363697733,4.998650363697733,4.006567793924279,3.0342128965729485,4.549101866159107
2021-10-15,5.036719480944482,5.036719480944482,4.0370813301803175,3.057321095408001,4.583747276361814
2021-10-18,5.051631518275527,5.051631518275527,4.049033774173252,3.066372797906065,4.5973182148982525
2021-10-19,5.090603637733555,5.090603637733555,4.08027109371364,3.090029124886865,4.632785416733818
2021-10-20,5.110598003878323,5.110598003878323,4.096297176281315,3.1021658336384608,4.650981610050797
2021-10-21,5.123927581308169,5.123927581308169,4.106981231326432,3.1102569728061917,4.6631124055954505
2021-10-22,5.118618398925895,5.118618398925895,4.1027257628305005,3.107034264978586,4.658280699089554
2021-10-25,5.146068048392365,5.146068048392365,4.124727477994574,3.1236963786207887,4.683261692463325
2021-10-26,5.150699243772361,5.150699243772361,4.128439519627174,3.1265075439806593,4.6874763860331505
2021-10-27,5.127881525029705,5.127881525029705,4.11015043549577,3.1126570420567514,4.666710755440632
2021-10-28,5.177360236991603,5.177360236991603,4.149809103217581,3.142690938212183,4.711739650151026
2021-10-29,5.187866094151652,5.187866094151652,4.158229861998934,3.149068061028389,4.721300673814427
2021-11-01,5.196790226754322,5.196790226754322,4.165382821232537,3.1544850668726863,4.729422223697469
2021-11-02,5.217801573402508,5.217801573402508,4.182224044095208,3.1672390893258853,4.748543936418555
2021-11-03,5.2496563000242435,5.2496563000242435,4.20775656037076,3.186575113112309,4.777533840848223
2021-11-04,5.274395839841147,5.274395839841147,4.227586041581682,3.2015921727796304,4.800048455506277
2021-11-05,5.292696709167858,5.292696709167858,4.2422547357911675,3.212700918078737,4.816703454905933
2021-11-08,5.297214661599533,5.297214661599533,4.245876009813189,3.215443344241176,4.8208150899159365
2021-11-09,5.27970502222342,5.27970502222342,4.231841510077612,3.2048148806072363,4.804880162012173
2021-11-10,5.2372308278214055,5.2372308278214055,4.197797172710095,3.179032771627963,4.766225840753569
2021-11-11,5.238925795327104,5.238925795327104,4.199155739868422,3.180061627797303,4.767768373093748
2021-11-12,5.2784619234952705,5.2784619234952705,4.230845129261494,3.2040603116899833,4.803748860094137
2021-11-15,5.280270133949289,5.280270133949289,4.232294464030399,3.205157907056754,4.805394450994137
2021-11-16,5.301168237649157,5.301168237649157,4.249044919282493,3.217843190312523,4.824413105155403
2021-11-17,5.28829089666877,5.28829089666877,4.238723345279619,3.210026561576091,4.812693874638607
2021-11-18,5.306251669478611,5.306251669478611,4.253119441957336,3.220928866103692,4.829039363753086
2021-11-19,5.296762425150071,5.296762425150071,4.245513528770945,3.2151688338098774,4.820403524888079
2021-11-22,5.281851490834757,5.281851490834757,4.233561968878114,3.2061178008494506,4.806833590168782
2021-11-23,5.288854905378909,5.288854905378909,4.239175415132303,3.2103689184879713,4.813207159803431
2021-11-24,5.302975712759355,5.302975712759355,4.250493664651329,3.2189403393208686,4.8260580268439774
2021-11-26,5.184703380380712,5.184703380380712,4.155694852303502,3.147148273442996,4.718422395465137
2021-11-29,5.248301796707323,5.248301796707323,4.206670885444234,3.185752920893687,4.7763011533989355
2021-11-30,5.146181291340683,5.146181291340683,4.124818245605151,3.1237651178182197,4.683364751023147
2021-12-01,5.089022648519994,5.089022648519994,4.0790038835659574,3.0890694542733814,4.631346612164887
2021-12-02,5.166967622779872,5.166967622779872,4.141479112046803,3.1363825545934074,4.702281685047447
2021-12-03,5.12200759859347,5.12200759859347,4.105442307747084,3.1090915309588403,4.6613650945584855
2021-12-06,5.182669787045786,5.182669787045786,4.1540648664135436,3.145913869219001,4.716571691262637
2021-12-07,5.28987225355424,5.28987225355424,4.239990850127333,3.2109864553687872,4.814133013813254
2021-12-08,5.303879450314455,5.303879450314455,4.251218037335747,3.2194889138250415,4.826880487688265
2021-12-09,5.268069676955453,5.268069676955453,4.222515432790753,3.197752151250421,4.794291229596274
2021-12-10,5.31766052884994,5.31766052884994,4.262263984023038,3.227854117065646,4.839422179049348
2021-12-13,5.27055513906793,5.27055513906793,4.22450760502292,3.199260842726502,4.796553164220918
2021-12-14,5.234292393915649,5.234292393915649,4.1954419300356145,3.177249123362158,4.763551671889643
2021-12-15,5.3160802749802025,5.3160802749802025,4.260997363275426,3.2268948928105865,4.837984043691844
2021-12-16,5.269199165063373,5.269199165063373,4.223420751296259,3.1984377577910306,4.795319138348775
2021-12-17,5.213120374642736,5.213120374642736,4.178471923257935,3.164397571593123,4.744283736471667
2021-12-20,5.157686480752467,5.157686480752467,4.134039999079851,3.130748841733832,4.693835233016397
2021-12-21,5.249282745363553,5.249282745363553,4.207457145135865,3.1863483630324714,4.7771938814431
2021-12-22,5.301769013550312,5.301769013550312,4.249526459138611,3.2182078651456463,4.824959850891599
2021-12-23,5.3347565373271575,5.3347565373271575,4.275966946219977,3.238231504085592,4.854980675525192
2021-12-27,5.410255022697029,5.410255022697029,4.336481240672296,3.284059569926054,4.923689281988758
2021-12-28,5.405833032633899,5.405833032633899,4.332936883359238,3.281375393538061,4.91966497907003
2021-12-29,5.41274967660726,5.41274967660726,4.338480780405322,3.285573840882446,4.925959581756245
2021-12-30,5.397784326849247,5.397784326849247,4.326485604907408,3.2764897773985786,4.912340125391319
2021-12-31,5.384181569190175,5.384181569190175,4.315582587736773,3.2682328160760066,4.899960717801383
2022-01-03,5.41535573510626,5.41535573510626,4.340569614248754,3.2871557351402076,4.928331267054984
2022-01-04,5.4135420095735896,5.4135420095735896,4.339115858979334,3.2860547920852503,4.926680657069278
2022-01-05,5.309589395078772,5.309589395078772,4.255794728869113,3.222954886994204,4.832076914422099
2022-01-06,5.304602660961682,5.304602660961682,4.251797712303302,3.219927907335906,4.827538657127121
2022-01-07,5.283630287535968,5.283630287535968,4.234987727644271,3.207197541879225,4.808452412611687
2022-01-10,5.277056313782848,5.277056313782848,4.229718491030196,3.2032070975608318,4.802469662450646
2022-01-11,5.325120591906475,5.325120591906475,4.268243447719883,3.2323824232860137,4.8462113289804165
2022-01-12,5.339516785547607,5.339516785547607,4.279782427564633,3.2411210053490267,4.859312815700527
2022-01-13,5.265946371674454,5.265946371674454,4.220813540092415,3.1964632912985893,4.792358881599627
2022-01-14,5.268099458380174,5.268099458380174,4.222539303493535,3.1977702287666263,4.794318332659082
2022-01-18,5.17480454954429,5.17480454954429,4.147760643278851,3.1411396195065233,4.709413805835063
2022-01-19,5.121070770566461,5.121070770566461,4.104691412059576,3.108522870325546,4.660512519199965
2022-01-20,5.064390836572762,5.064390836572762,4.059260749465099,3.0741177861153024,4.608930036980949
2022-01-21,4.964973822761305,4.964973822761305,3.9795750389785485,3.013771019788892,4.518453990418031
2022-01-24,4.986058703791518,4.986058703791518,3.9757518043875297,3.010875646916309,4.537642624281859
2022-01-25,4.925183633303239,4.925183633303239,3.9759127276748503,3.0109975156924937,4.482242290869473
2022-01-26,4.912827651091416,4.912827651091416,3.9760910126503375,3.011132532644586,4.470997531254709
2022-01-27,4.888567923117232,4.888567923117232,3.9762771946898186,3.011273530120321,4.448919577053039
2022-01-28,5.009978335248833,5.009978335248833,3.976458651784021,3.0114109493488783,4.55941106819835
2022-01-31,5.100213110776709,5.100213110776709,4.0441022341442086,3.0626380945076144,4.641530671667205
2022-02-01,5.134675366585084,5.134675366585084,4.071428324776345,3.08333240966052,4.672893599818467
2022-02-02,5.184553370241382,5.184553370241382,4.110977994886183,3.11328376086053,4.718285876333944
2022-02-03,5.062691089332231,5.062691089332231,4.014349969394215,3.040106414014505,4.607383154766491
2022-02-04,5.086496742497405,5.086496742497405,4.033226140459914,3.054401522604035,4.629047870911734
2022-02-07,5.070172109687642,5.070172109687642,4.020281880566529,3.0445987082439085,4.614191377223242
2022-02-08,5.111889267626699,5.111889267626699,4.053360586879213,3.0696495354002837,4.652156745317328
2022-02-09,5.186707192290922,5.186707192290922,4.112685820887433,3.114577114160567,4.720245996604827
2022-02-10,5.093524055715715,5.093524055715715,4.038798294499154,3.0586213692451407,4.6354431899177735
2022-02-11,4.993087487697469,4.993087487697469,3.9591593185798692,2.998309995462675,4.544039281710752
2022-02-14,4.976762487215796,4.976762487215796,3.9554483922661845,2.9954996747447056,4.529182453416546
2022-02-15,5.057022691493759,5.057022691493759,3.9556963926018898,2.9956874878195503,4.6022245384783025
2022-02-16,5.0626910893322306,5.0626910893322306,3.9561746215146245,2.996049655242933,4.60738315476649
2022-02-17,4.954544073686653,4.954544073686653,3.8716645316947824,2.932049339358911,4.5089622301373655
2022-02-18,4.922463228840187,4.922463228840187,3.86801871426077,2.9292883262310148,4.479766543193769
2022-02-22,4.869637967152289,4.869637967152289,3.8682581630383197,2.9294696631274006,4.431692067277234
2022-02-23,4.783256393242575,4.783256393242575,3.8685006966850497,2.9296533362253268,4.353079131688006
2022-02-24,4.855239567479696,4.855239567479696,3.868737105060958,2.9298323705958738,4.418588572922841
2022-02-25,4.962366661246575,4.962366661246575,3.8689750630971815,2.9300125785393027,4.516081301302148
2022-02-28,4.949669847174063,4.949669847174063,3.869196147386501,2.9301800078295046,4.504526362190782
2022-03-01,4.87428460475251,4.87428460475251,3.8693972841703532,2.9303323306791182,4.435920814287035
2022-03-02,4.963955003898335,4.963955003898335,3.8696276054372682,2.930506755222611,4.5175267979853535
2022-03-03,4.9392397304275,4.9392397304275,3.869862547113313,2.9306846788470353,4.495034267304404
2022-03-04,4.899111282812115,4.899111282812115,3.8700928960744503,2.9308591243636335,4.458514730499237
2022-03-07,4.75468938884122,4.75468938884122,3.8703309375025814,2.9310393954605685,4.327081271550285
2022-03-08,4.718640996412544,4.718640996412544,3.8705812803370314,2.9312289825325766,4.2942748543501
2022-03-09,4.845151017937646,4.845151017937646,3.870839319089054,2.9314243977980787,4.409407326744495
2022-03-10,4.8232723332534615,4.8232723332534615,3.8711035192330554,2.931624479145865,4.389496279144779
2022-03-11,4.761943923299992,4.761943923299992,3.8713723458663356,2.931828064179139,4.333683376887394
2022-03-14,4.7271426739904765,4.7271426739904765,3.8716596262745404,2.9320456244362827,4.302011942268096
2022-03-15,4.831094553141473,4.831094553141473,3.871943855255041,2.932260873817442,4.396615015703848
2022-03-16,4.938220911564531,4.938220911564531,3.872243469958126,2.932487774956487,4.494107074871727
2022-03-17,5.000001925639371,5.000001925639371,3.8725415712411304,2.9327135299677334,4.550331876762683
2022-03-18,5.054765921309383,5.054765921309383,3.872844305641739,2.9329427936841634,4.600170728607583
2022-03-21,5.053288615574481,5.053288615574481,3.867839583976755,2.929152669118524,4.598826282849917
2022-03-22,5.112418347505375,5.112418347505375,3.8643063432139315,2.9264769114025273,4.6526382429393465
2022-03-23,5.046578603214612,5.046578603214612,3.8106759723187964,2.885862108062678,4.592719728574804
2022-03-24,5.122653598139569,5.122653598139569,3.807187389196519,2.883220170013749,4.661952996797461
2022-03-25,5.1476699949048,5.1476699949048,3.821972540419154,2.8944171093455955,4.6847195695579344
2022-03-28,5.184285705090805,5.184285705090805,3.849158478720828,2.9150052857706803,4.718042283374365
2022-03-29,5.2484198193904765,5.2484198193904765,3.89677591029668,2.951066431474549,4.776408561833032
2022-03-30,5.216011378872086,5.216011378872086,3.8727137287928737,2.932843906562018,4.746914741198523
2022-03-31,5.135730217295245,5.135730217295245,3.8131076554891568,2.8877036454621132,4.673853583611084
2022-04-01,5.150284509857732,5.150284509857732,3.8239137301936568,2.8958871913088715,4.687098950788088
2022-04-04,5.1944047714013974,5.1944047714013974,3.856671546499463,2.9206950053309804,4.727251301826948
2022-04-05,5.128793351366825,5.128793351366825,3.807957264900555,2.8838032043988115,4.667540577610616
2022-04-06,5.077508634982371,5.077508634982371,3.769880080862227,2.8549669812730034,4.620868099634505
2022-04-07,5.103093452520662,5.103093452520662,3.7888759508732752,2.869352739042172,4.644151972828365
2022-04-08,5.089448044920014,5.089448044920014,3.7787446928081465,2.861680238422979,4.6317337509756396
2022-04-11,5.002457973999034,5.002457973999034,3.714157479043825,2.8127677110336764,4.552567042930229
2022-04-12,4.983922529993661,4.983922529993661,3.7107955769764844,2.8102217097841256,4.535698565085231
2022-04-13,5.041006535416592,5.041006535416592,3.7111445684652717,2.8104860044449267,4.587648778983607
2022-04-14,4.978237219247323,4.978237219247323,3.7115083195400382,2.8107614766842515,4.530524556934213
2022-04-18,4.980283681099106,4.980283681099106,3.7118706334474214,2.8110358605426895,4.532386972336694
2022-04-19,5.0606788209680875,5.0606788209680875,3.7122550771916,2.8113270035425315,4.605551857695381
2022-04-20,5.056926729125213,5.056926729125213,3.712638087636072,2.811617061090516,4.602137206387023
2022-04-21,4.981307647368818,4.981307647368818,3.7130329237501534,2.8119160743335203,4.533318849249361
2022-04-22,4.8446252471061575,4.8446252471061575,3.7134336955577965,2.8122195827351946,4.408928840573896
2022-04-25,4.872711336649062,4.872711336649062,3.71382124836015,2.8125130802551386,4.43448903643809
2022-04-26,4.8683297636772975,4.8683297636772975,3.7141955779621676,2.8127965637164025,4.306063013643918
2022-04-27,4.868828187915008,4.868828187915008,3.7145758408427687,2.81308454050745,4.318170721394325
2022-04-28,4.869336323555254,4.869336323555254,3.714963512845206,2.8133781282987806,4.427245157342096
2022-04-29,4.869858038161349,4.869858038161349,3.7153615446501536,2.81367956166967,4.263633670723297
2022-05-02,4.870385606115484,4.870385606115484,3.7157640421508242,2.8139843769555175,4.289297928964454
2022-05-03,4.870922894686317,4.870922894686317,3.716173955803093,2.8142948085653563,4.3089610337303155
2022-05-04,4.871437047658534,4.871437047658534,3.716566218609539,2.814591873017372,4.440180679628209
2022-05-05,4.8719609204521515,4.8719609204521515,3.716965896960826,2.8148945533338745,4.282364229365063
2022-05-06,4.872486782900709,4.872486782900709,3.7173670932798637,2.815198383222171,4.256803698895156
2022-05-09,4.87299143331751,4.87299143331751,3.7177521063002397,2.8154899573404335,4.120511764983211
2022-05-10,4.873498069728434,4.873498069728434,3.7181386344954186,2.8157826789153635,4.13003196674954
2022-05-11,4.874012494524684,4.874012494524684,3.7185311046846152,2.8160799004203603,4.06442281301202
2022-05-12,4.874507632301905,4.874507632301905,3.7189088602254086,2.816365978378498,4.060179008745103
2022-05-13,4.875012492020966,4.875012492020966,3.7192940329287896,2.816657673426259,4.157249799319428
2022-05-16,4.875511600442769,4.875511600442769,3.7196748177940657,2.8169460455213957,4.140380986868714
2022-05-17,4.876035911412498,4.876035911412498,3.720074830443122,2.8172489790048623,4.225550521417988
2022-05-18,4.876554473961806,4.876554473961806,3.720470457448899,2.8175485911978675,4.055212121530868
2022-05-19,4.87706341595651,4.87706341595651,3.7208587446434658,2.8178426448802028,4.03037601243113
2022-05-20,4.877566605039108,4.877566605039108,3.721242642767913,2.8181333746768966,4.0321353692737905
2022-05-23,4.87807952374956,4.87807952374956,3.721633963918839,2.8184297260039957,4.107576577302811
2022-05-24,4.87856346021025,4.87856346021025,3.722003173637482,2.8187093321276073,4.0762193374486815
2022-05-25,4.879043572804747,4.879043572804747,3.7223694660133004,2.818986728919023,4.112232950414727
2022-05-26,4.879519860391616,4.879519860391616,3.7227328401754587,2.8192619157187506,4.194401406317782
2022-05-27,4.87999813079063,4.87999813079063,3.723097727084794,2.81953824813668,4.297370291807582
2022-05-31,4.880488067110904,4.880488067110904,3.723471514277235,2.819821320825878,4.273257934866588
2022-06-01,4.881003229740211,4.881003229740211,3.72386454738152,2.820118968631965,4.238694168458025
2022-06-02,4.8815165098417514,4.8815165098417514,3.724256144248606,2.8204155287616035,4.319412777803597
2022-06-03,4.882031781028902,4.882031781028902,3.7246492601749432,2.8207132392896397,4.248524884326671
2022-06-06,4.88256066780518,4.88256066780518,3.7250527638447957,2.8210188165572294,4.261460406612784
2022-06-07,4.883093486925674,4.883093486925674,3.7254592676186276,2.8213266658328457,4.302338182838956
2022-06-08,4.883632177397644,4.883632177397644,3.7258702508235473,2.8216379074253464,4.255561977091596
2022-06-09,4.884180617042963,4.884180617042963,3.726288671966795,2.821954781841141,4.15435278305017
2022-06-10,4.88477369611789,4.88477369611789,3.7267411498769625,2.822297447778936,4.033893722299308
2022-06-13,4.885432752886413,4.885432752886413,3.7272439641590887,2.822678233942525,3.8807346489652192
2022-06-14,4.886101591894249,4.886101591894249,3.727754241606563,2.8230646720340773,3.8690411830883784
2022-06-15,4.886722049239252,4.886722049239252,3.7282276072245453,2.8234231564368755,3.9241992619640427
2022-06-16,4.88733095031999,4.88733095031999,3.7286921562200486,2.8237749639254157,3.794323392612387
2022-06-17,4.887945745522868,4.887945745522868,3.7291612020190654,2.824130176887148,3.802503498495328
2022-06-21,4.888568376707119,4.888568376707119,3.7296362261245606,2.8244899172787274,3.898225828043423
2022-06-22,4.889161988581433,4.889161988581433,3.7300891105234473,2.824832891054397,3.891158286158551
2022-06-23,4.889745971818957,4.889745971818957,3.7305346489449818,2.825170301649717,3.9293016644923275
2022-06-24,4.8903358459361925,4.8903358459361925,3.730984681696283,2.8255111158448365,4.054230053761144
2022-06-27,4.8909335536506955,4.8909335536506955,3.7314406909351563,2.8258564560923283,4.038743497513746
2022-06-28,4.89153521611166,4.89153521611166,3.731899717369359,2.826204081291292,3.956221028765591
2022-06-29,4.892129188245045,4.892129188245045,3.732352876620754,2.826547263215449,3.9529977719254736
2022-06-30,4.892696054008128,4.892696054008128,3.7327853556048702,2.8268747837713457,3.9208833193412294
2022-07-01,4.8932474530872305,4.8932474530872305,3.733206034589391,2.827193368072374,3.9623520092578035
2022-07-05,4.893795030778409,4.893795030778409,3.7336237981218328,2.827509744473087,3.969835131439098
2022-07-06,4.894371799478464,4.894371799478464,3.7340638323551825,2.827842986692971,3.9832427823872476
2022-07-07,4.894960289421021,4.894960289421021,3.734512809077882,2.8281830011473232,4.042900973506527
2022-07-08,4.89556633212352,4.89556633212352,3.7349751773304343,2.828533157137941,4.039574323500875
2022-07-11,4.896162736434616,4.896162736434616,3.7354301921635455,2.8288777443122433,3.9934281803124216
2022-07-12,4.89675144171602,4.89675144171602,3.735879333174746,2.8292178831838806,3.9580908054937733
2022-07-13,4.897359649335567,4.897359649335567,3.7363433531077956,2.8295692900082603,3.9373040947412914
2022-07-14,4.897971819291734,4.897971819291734,3.7368103960269337,2.829922986169511,3.9277427364721773
2022-07-15,4.898580178489924,4.898580178489924,3.7372745316039007,2.8302744805721587,4.002782752250466
2022-07-18,4.899192501012235,4.899192501012235,3.737741690920351,2.83062826488223,3.9697317382735626
2022-07-19,4.899820453066928,4.899820453066928,3.738220774478354,2.8309910795368163,4.076991607435912
2022-07-20,4.900452374355518,4.900452374355518,3.738702886284586,2.831356187513344,4.1029747449222285
2022-07-21,4.901055207782522,4.901055207782522,3.7391628060840896,2.8317044892665697,4.14475562196969
2022-07-22,4.901634777009475,4.901634777009475,3.739604976923857,2.832039349559348,4.106300056505027
2022-07-25,4.902218304959119,4.902218304959119,3.740050167992538,2.832376497100962,4.1112890276963645
2022-07-26,4.902805793025824,4.902805793025824,3.740498380353941,2.8327159326970435,4.062648398912242
2022-07-27,4.903381678150719,4.903381678150719,3.740937740481157,2.8330486644097728,4.168140211483375
2022-07-28,4.903936227269082,4.903936227269082,3.7413608227256163,2.8333690687230093,4.220418673586896
2022-07-29,4.904498623130066,4.904498623130066,3.741789891486635,2.833694006683668,4.281946976040072
2022-08-01,4.905063029717648,4.905063029717648,3.7422204942916073,2.834020106390786,4.269267427124944
2022-08-02,4.905658644514114,4.905658644514114,3.7426749067802,2.834364237403705,4.24110165656813
2022-08-03,4.906262118394987,4.906262118394987,3.7431353152012723,2.8347129091948142,4.307515537047109
2022-08-04,4.906852038006842,4.906852038006842,3.7435853826617906,2.835053749675563,4.304604801943592
2022-08-05,4.907482918983157,4.907482918983157,3.744066700782419,2.8354182565862356,4.297329135304795
2022-08-08,4.908108038831171,4.908108038831171,3.7445436235645424,2.835779434864158,4.292340498719171
2022-08-09,4.908746871940987,4.908746871940987,3.7450310086076097,2.8361485363144103,4.275296352874477
2022-08-10,4.909376048623383,4.909376048623383,3.745511026471015,2.836512058527597,4.365094153655715
2022-08-11,4.91000530595025,4.91000530595025,3.7459911058605195,2.836875627335099,4.365094153655715
2022-08-12,4.910638540761533,4.910638540761533,3.746474219792823,2.8372414942314816,4.438989817893134
2022-08-15,4.911262113909567,4.911262113909567,3.746949962550892,2.83760177886567,4.45728237765566
2022-08-16,4.911895510809178,4.911895510809178,3.747433200145269,2.8379677394125475,4.466012909937645
2022-08-17,4.912534836891538,4.912534836891538,3.7479209612919546,2.838337125689741,4.434314037649823
2022-08-18,4.913162549676252,4.913162549676252,3.748399862303675,2.8386998021002454,4.447201711318876
2022-08-19,4.913796191671746,4.913796191671746,3.7488832868890913,2.839065904257262,4.3874397924283475
2022-08-22,4.914443564820807,4.914443564820807,3.749377187385618,2.8394399399240133,4.296082729021245
2022-08-23,4.915085172730659,4.915085172730659,3.7498666894073045,2.839810644582837,4.2856892063421475
2022-08-24,4.915740517420356,4.915740517420356,3.7503666716325585,2.8401892860021145,4.29940870981547
2022-08-25,4.916393998798664,4.916393998798664,3.750865232281367,2.8405668508476745,4.360104513252948
2022-08-26,4.917051468948503,4.917051468948503,3.751366836084255,2.840946720303522,4.212519971109181
2022-08-29,4.917718783076432,4.917718783076432,3.751875950154867,2.8413322773584206,4.184665718471827
2022-08-30,4.918393993671251,4.918393993671251,3.752391088678182,2.8417223967901535,4.138727365431584
2022-08-31,4.919067345229909,4.919067345229909,3.7529048088867514,2.8421114421182856,4.107235279474831
2022-09-01,4.919752501038708,4.919752501038708,3.7534275349137034,2.8425073076405805,4.120123622355312
2022-09-02,4.9204162771698,4.9204162771698,3.7539339497398423,2.8428908205312937,4.07667908569931
2022-09-06,4.921099668319408,4.921099668319408,3.754455329455084,2.84328566647859,4.061296926434588
2022-09-07,4.921773390297809,4.921773390297809,3.7549693322680455,2.8436749258257867,4.134258371519342
2022-09-08,4.9224530637659925,4.9224530637659925,3.755487875652025,2.8440676237917337,4.161280794352426
2022-09-09,4.92314845792897,4.92314845792897,3.7560184128281096,2.8444694047735077,4.22592661824019
2022-09-12,4.92384785759085,4.92384785759085,3.7565520059200908,2.8448735000302174,4.271346332424191
2022-09-13,4.924580573045849,4.924580573045849,3.7571110166352577,2.8452968443010556,4.085617408129506
2022-09-14,4.925319260131806,4.925319260131806,3.7576745832877534,2.845723638827701,4.101207692148153
2022-09-15,4.926075648446755,4.926075648446755,3.7582516547416156,2.8461606606722354,4.054644630240423
2022-09-16,4.926828243337489,4.926828243337489,3.7588258320777563,2.846595490773171,4.023712674248412
2022-09-19,4.927600504113727,4.927600504113727,3.7594150131109587,2.847041683320336,4.054916330079952
2022-09-20,4.928374841335803,4.928374841335803,3.7600057783273053,2.847489075584858,4.00837200609219
2022-09-21,4.929161034465253,4.929161034465253,3.7606055887728953,2.8479433178897726,3.9384504539164435
2022-09-22,4.92996495715778,4.92996495715778,3.7612189256367787,2.8484078038832856,3.905367652396738
2022-09-23,4.930786617983973,4.930786617983973,3.761845795457718,2.848882538517266,3.839934835870341
2022-09-26,4.931622112383131,4.931622112383131,3.762483219328615,2.8493652658362927,3.8019467145877233
2022-09-27,4.932463619330879,4.932463619330879,3.7631252303541354,2.8498514670522885,3.7922424796788574
2022-09-28,4.933260251351938,4.933260251351938,3.7637330049449114,2.8503117406820864,3.866859553835024
2022-09-29,4.9340746308220025,4.9340746308220025,3.764354319599696,2.8507822683345165,3.7860840615181215
2022-09-30,4.934900892526053,4.934900892526053,3.7649846995690894,2.851259661238182,3.7275384343969096
2022-10-03,4.935707709656101,4.935707709656101,3.765600244686638,2.85172581956375,3.82594999006605
2022-10-04,4.936510741466005,4.936510741466005,3.766212901869305,2.8521897908280436,3.944503471277363
2022-10-05,4.93732369859208,4.93732369859208,3.76683313137497,2.852659496686454,3.935319213647594
2022-10-06,4.938152463641487,4.938152463641487,3.767465421222022,2.853138335959112,3.894724179249503
2022-10-07,4.938995084895203,4.938995084895203,3.7681082823851675,2.853625180992629,3.786084061518121
2022-10-10,4.939837849929531,4.939837849929531,3.7687512532428764,2.8541121090989097,3.757176470094024
2022-10-11,4.940680758769004,4.940680758769004,3.7693943338138665,2.854599120292129,3.733382992398191
2022-10-12,4.941519890262953,4.941519890262953,3.7700345325340536,2.855083949031607,3.721068163711
2022-10-13,4.942396421767296,4.942396421767296,3.770703264849943,2.8555903865416137,3.8192709254147883
2022-10-14,4.943275070020055,4.943275070020055,3.771373612097028,2.8560980470547768,3.732234625588756
2022-10-17,4.944147989625674,4.944147989625674,3.7720395887864657,2.856602397701975,3.82814199209653
2022-10-18,4.945017139450834,4.945017139450834,3.7727026893967164,2.8571045702663325,3.8731216997670086
2022-10-19,4.94590998976768,4.94590998976768,3.7733838718267467,2.8576204363692974,3.845674327677519
2022-10-20,4.946816739932471,4.946816739932471,3.7740756588699154,2.8581443334492986,3.813426702019221
2022-10-21,4.947698137042086,4.947698137042086,3.774748103302785,2.8586535821817267,3.9060991004868972
2022-10-24,4.948581654566557,4.948581654566557,3.775422165464089,2.8591640560356875,3.9538958536610553
2022-10-25,4.949449620078985,4.949449620078985,3.776084362526444,2.859665544334405,4.017033609597152
2022-10-26,4.95031184562788,4.95031184562788,3.7767421803975347,2.8601637162288345,3.9867685227925547
2022-10-27,4.951156541696776,4.951156541696776,3.7773866244997456,2.8606517600375563,3.9654799034695154
2022-10-28,4.952022994091574,4.952022994091574,3.7780476671590333,2.861152374095563,4.059821315237151
2022-10-31,4.952909249000437,4.952909249000437,3.778723817753434,2.8616644295402924,4.030496805093779
2022-11-01,4.953801558841328,4.953801558841328,3.779404587838061,2.8621799833700585,4.012858734107258
2022-11-02,4.954707789999513,4.954707789999513,3.780095978915439,2.862703580581302,3.912151783242103
2022-11-03,4.9556338484793105,4.9556338484793105,3.7808024968543554,2.8632386335124345,3.871868266763471
2022-11-04,4.956550247437006,4.956550247437006,3.7815016452525834,2.863768105418473,3.9275968483810018
2022-11-07,4.957478617165891,4.957478617165891,3.7822099265131226,2.8643044937302813,3.965167381732916
2022-11-08,4.958397324512802,4.958397324512802,3.7829108360510917,2.864835299364635,3.9865603980386313
2022-11-09,4.95930439640431,4.95930439640431,3.783602868549274,2.865359382330114,3.9044294179755106
2022-11-10,4.960158498828135,4.960158498828135,3.784254489043302,2.865852860890404,4.118993658860132
2022-11-11,4.961012748347378,4.961012748347378,3.78490622176086,2.8663464244386687,4.158859587408061
2022-11-14,4.961878956922487,4.961878956922487,3.785567078402755,2.8668468976238883,4.1234813906923415
2022-11-15,4.962739409741604,4.962739409741604,3.786223543804843,2.8673440452803414,4.158650458836996
2022-11-16,4.963596073092095,4.963596073092095,3.7868771181070473,2.867839003478634,4.126925487303504
2022-11-17,4.964468641766849,4.964468641766849,3.787542827060746,2.8683431513669437,4.114297467668286
2022-11-18,4.965357124051546,4.965357124051546,3.7882206769873354,2.868856493732526,4.132977500847282
2022-11-21,4.9662398542069335,4.9662398542069335,3.788894138441022,2.869366512664745,4.117950023639087
2022-11-22,4.967120770562024,4.967120770562024,3.789566216091769,2.8698754836294915,4.173364745097163
2022-11-23,4.967999872095227,4.967999872095227,3.7902369091601726,2.8703834060365145,4.199664419588645
2022-11-25,4.968871243501364,4.968871243501364,3.790901704681541,2.870886862173605,4.198724512138848
2022-11-28,4.9697506548404915,4.9697506548404915,3.7915726341102265,2.871394963578577,4.131725406266599
2022-11-29,4.970634166068019,4.970634166068019,3.792246691467402,2.8719054337943244,4.124629422896061
2022-11-30,4.971498109625455,4.971498109625455,3.792905820059014,2.8724045983101982,4.254557490739054
2022-12-01,4.972336556727276,4.972336556727276,3.7935454966358093,2.867418406827296,4.251426585075919
2022-12-02,4.973181064682149,4.973181064682149,3.794189797220158,2.8641104147947507,4.246521934524434
2022-12-05,4.974051371368469,4.974051371368469,3.794853780434672,2.812586938127383,4.170129777057064
2022-12-06,4.9749080135490935,4.9749080135490935,3.7955073385857467,2.810258741161933,4.11001786059
2022-12-07,4.975749009903765,4.975749009903765,3.7961489600644125,2.810733808711034,4.103026943413566
2022-12-08,4.976600020944745,4.976600020944745,3.7967982220492487,2.8112145334219685,4.13516950287776
2022-12-09,4.977455127218185,4.977455127218185,3.7974506084104185,2.811697571474735,4.104279037994249
2022-12-12,4.978322231504236,4.978322231504236,3.798112148417201,2.812187387043734,4.1634513816172305
2022-12-13,4.979155902925544,4.979155902925544,3.798748181483325,2.812658316836327,4.194967893791083
2022-12-14,4.979991689809249,4.979991689809249,3.799385828499503,2.791863065856049,4.168147572809077
2022-12-15,4.980827616985753,4.980827616985753,3.8000235825492865,2.7895398369476756,4.066187858151811
2022-12-16,4.98165182536523,4.98165182536523,3.800652395975446,2.790001439373075,4.0181809725894455
2022-12-19,4.982491984899269,4.982491984899269,3.801293379018418,2.790471975330112,3.984108072762888
2022-12-20,4.983332286126881,4.983332286126881,3.8019344701636886,2.7909425906434113,3.9895598036562796
2022-12-21,4.984164819020714,4.984164819020714,3.8025696346128703,2.791408855258753,4.0492139795069955
2022-12-22,4.985003424529946,4.985003424529946,3.803209432043456,2.7918785208756693,3.9914483183044296
2022-12-23,4.985856018369618,4.985856018369618,3.8038599015931425,2.7923560207338034,4.01440695474457
2022-12-27,4.986710736544195,4.986710736544195,3.8045119918619865,2.7928347103373574,3.998576089217769
2022-12-28,4.987563622388421,4.987563622388421,3.805162684190753,2.7933123737342442,3.948882790858331
2022-12-29,4.988422591678944,4.988422591678944,3.8058180177641416,2.7937934441986094,4.019963417226351
2022-12-30,4.989295565632488,4.989295565632488,3.8064840359172507,2.794282358051344,4.0093751540218765
2023-01-03,4.990166712477281,4.990166712477281,3.8071486601139983,2.7947702486217976,3.9924959687940382
2023-01-04,4.991030090527534,4.991030090527534,3.807807357263129,2.7952537882362414,4.023318174111955
2023-01-05,4.991911443063362,4.991911443063362,3.8084797676893123,2.7957473945599576,3.9773992282031068
2023-01-06,4.99275135197283,4.99275135197283,3.8091205595232407,2.796217790153328,4.068608730490466
2023-01-09,4.993581495947622,4.993581495947622,3.8097539013940507,2.796682716841453,4.066302962517326
2023-01-10,4.994421685850115,4.994421685850115,3.8103949076060313,2.797153269806509,4.094819065256389
2023-01-11,4.9952540894644235,4.9952540894644235,3.8110299734239654,2.7976194620181434,4.146609672229328
2023-01-12,4.9960707738631775,4.9960707738631775,3.8116530465783507,2.7980768505968543,4.161707082031687
2023-01-13,4.996907417461023,4.996907417461023,3.8122913472075797,2.8061334980965102,4.177851807717943
2023-01-17,4.997736269564396,4.997736269564396,3.812923703470728,2.8009931468947373,4.170198705834087
2023-01-18,4.998541460407826,4.998541460407826,3.813538007845176,2.7567711136414976,4.104359677971252
2023-01-19,4.999352731621043,4.999352731621043,3.8141569511170843,2.754461770855427,4.074480056948842
2023-01-20,5.000174053855523,5.000174053855523,3.814783562616196,2.7549142895749243,4.150383690074203
2023-01-23,5.001009400393885,5.001009400393885,3.8154208736796327,2.78521464919996,4.200182723839172
2023-01-24,5.001827025740298,5.001827025740298,3.8160446647113613,2.782224998966155,4.195674246452714
2023-01-25,5.002642799909973,5.002642799909973,3.816667043424535,2.783268292375636,4.1972475625185535
2023-01-26,5.003470618182814,5.003470618182814,3.8172986109471965,2.813857513136572,4.243376975421322
2023-01-27,5.004302544448298,5.004302544448298,3.8179333125813186,2.820322071512846,4.253125712890111
2023-01-30,5.005146524044087,5.005146524044087,3.818577210064591,2.784936629922614,4.1997634628799
2023-01-31,5.005982701300683,5.005982701300683,3.819215154908018,2.8258844540058887,4.2615139435269755
2023-02-01,5.006795180239108,5.006795180239108,3.819835019589906,2.8559178580950353,4.306805169116913
2023-02-02,5.007607791044155,5.007607791044155,3.8204549848768155,2.8974911700816124,4.369498903270923
2023-02-03,5.0084622638021505,5.0084622638021505,3.8211068879099495,2.866693379391941,4.323054960997272
2023-02-06,5.009344707153392,5.009344707153392,3.8217801305521055,2.8491741710269007,4.296635497660284
2023-02-07,5.010233269488351,5.010233269488351,3.822458041551453,2.886437185741554,4.352829181219865
2023-02-08,5.011118013061733,5.011118013061733,3.823133039102441,2.854874564685553,4.3052318530510725
2023-02-09,5.012008878486277,5.012008878486277,3.823812707198282,2.8301250800462983,4.267908927927301
2023-02-10,5.012903880071721,5.012903880071721,3.824495530895996,2.8367298684172106,4.27786913620715
2023-02-13,5.01380301997402,5.01380301997402,3.8251815118404267,2.8700302763688,4.328087096325678
2023-02-14,5.014718237985602,5.014718237985602,3.8258797592592546,2.868709407447778,4.326095188511993
2023-02-15,5.0156376029959,5.0156376029959,3.8265811705484527,2.8780251611264416,4.340143609401888
2023-02-16,5.01655713655645,5.01655713655645,3.8272827104297202,2.838397984081286,4.280384701962784
2023-02-17,5.017472857303599,5.017472857303599,3.8279813414006716,2.831307050270098,4.269691372564206
2023-02-21,5.018402682630727,5.018402682630727,3.8286907331810025,2.7745079116029556,4.184036659730061
2023-02-22,5.019330688841087,5.019330688841087,3.8293987371022973,2.7706848691858217,4.178271403282928
2023-02-23,5.020258866658945,5.020258866658945,3.830106871948127,2.7854232191286945,4.200497253210053
2023-02-24,5.021211122110636,5.021211122110636,3.8308333763468534,2.7556680561997964,4.155625623185101
2023-02-27,5.02216355818856,5.02216355818856,3.8315600185507797,2.765053924875779,4.169779779480527
2023-02-28,5.023122153693119,5.023122153693119,3.832291359967019,2.7548339983677588,4.154367840307286
2023-03-01,5.024096878587229,5.024096878587229,3.8330350069809174,2.7442668251166844,4.138432243192095
2023-03-02,5.0250717926243835,5.0250717926243835,3.833778798297748,2.765609297781762,4.170617297581931
2023-03-03,5.0260409136129605,5.0260409136129605,3.834518169923134,2.809964355722117,4.237505983568657
2023-03-06,5.027016204885483,5.027016204885483,3.8352622490442023,2.8119107125464406,4.240441144889275
2023-03-07,5.028013628735659,5.028013628735659,3.8360232137761554,2.7688079617101073,4.175440973550699
2023-03-08,5.029021226704909,5.029021226704909,3.8367919406503446,2.7733266070278635,4.182255218910297
2023-03-09,5.029999091943435,5.029999091943435,3.837537983527693,2.7221588564365686,4.105092799089978
2023-03-10,5.030917266380853,5.030917266380853,3.8382384864929397,2.6828798136660783,4.045858888015676
2023-03-13,5.031721813864325,5.031721813864325,3.8388523000286763,2.6806259816956297,4.040092293145688
2023-03-14,5.032560434166636,5.032560434166636,3.8394921087453477,2.681072752692579,4.106875912938311
2023-03-15,5.0333452739486315,5.0333452739486315,3.8400908866813546,2.661623421172622,4.081190239931478
2023-03-16,5.034172180672209,5.034172180672209,3.8407217587555946,2.6593990644563563,4.152794524241446
2023-03-17,5.034933299561429,5.034933299561429,3.8413024393072157,2.6256443681411517,4.1042375468857495
2023-03-20,5.035716511408027,5.035716511408027,3.8418999752422187,2.623427157341388,4.143703287000087
2023-03-21,5.036549802592653,5.036549802592653,3.8425357182143123,2.655250640899428,4.198112183682767
2023-03-22,5.037341260418775,5.037341260418775,3.843139545255746,2.609987482226006,4.126548386664158
2023-03-23,5.04592232918673,5.0380928637179485,3.8437129660767844,2.6170435615869905,4.137704475764789
2023-03-24,5.079033219397693,5.038844579161107,3.84428647245585,2.6342163669517884,4.164855721797649
2023-03-27,5.088530606384533,5.0396323985119755,3.8448875235947972,2.6391421414374645,4.1726436697841285
2023-03-28,5.077108034787428,5.040436339870785,3.8455008746997517,2.6332178791312333,4.16327705204039
2023-03-29,5.150903241738923,5.041252410516289,3.846123479603275,2.6714914114270654,4.223789826152472
2023-03-30,5.181063515180741,5.042072614281492,3.846749237788448,2.6871338934704494,4.248521538269534
2023-03-31,5.254088729898328,5.042884948202681,3.8473689918323135,2.7250080729648,4.308402911399854
2023-04-03,5.274108527979889,5.043679402696505,3.8479751051219,2.7353912458033056,4.324819336925638
2023-04-04,5.244848415040455,5.044447963367391,3.8485614632331564,2.7202156277133223,4.300825765013009
2023-04-05,5.231115458690634,5.045206632326961,3.8491402746595713,2.7130930953689436,4.289564609718275
2023-04-06,5.251521681067643,5.045971421586306,3.849723755447238,2.7236766853261574,4.306297906854938
2023-04-10,5.256911218653988,5.046772369431003,3.850334822710008,2.726471943302819,4.3107173791215505
2023-04-11,5.258323483159313,5.047579452472622,3.850950570699512,2.727204407556092,4.311875449496683
2023-04-12,5.23689060447043,5.0483706405217195,3.851554191919919,2.7160883471969033,4.29430028438434
2023-04-13,5.306450650109941,5.049163955908088,3.8521594361500786,2.752165333267737,4.35134018579388
2023-04-14,5.29348891014702,5.049981439596188,3.852783119106408,2.7454427886259545,4.340711435298048
2023-04-17,5.312482459967705,5.050819095247677,3.853422191861879,2.755293702696191,4.356286327453865
2023-04-18,5.31594803709678,5.051658894136927,3.8540628997580657,2.757091107753413,4.359128133780359
2023-04-19,5.3150499168493885,5.052508855792131,3.8547113611348505,2.7566253019685374,4.358391666604495
2023-04-20,5.286044427732931,5.0533389108184394,3.8553446351441796,2.7415817433105225,4.334606888657218
2023-04-21,5.290152685184425,5.054175118090586,3.855982602887376,2.7437124714532417,4.337975698982798
2023-04-24,5.295670350784255,5.055001435609893,3.856613025439912,2.746574182413298,4.342500237443515
2023-04-25,5.2116077646120145,5.05577573344884,3.8572037606096816,2.702975522830309,4.273568114363193
2023-04-26,5.18953302170271,5.056558174931398,3.8578007088107285,2.6915265626530336,4.255466614463192
2023-04-27,5.292847045926599,5.057374849208064,3.858423774242668,2.7451098888078675,4.340185100510391
2023-04-28,5.338022780006085,5.058185634699763,3.8590423469429833,2.7685400679306884,4.377229633680361
2023-05-01,5.332632834368741,5.059016622339748,3.8596763324714094,2.765744598320321,4.372809826808035
2023-05-02,5.272697487627558,5.059813618212395,3.8602843846555333,2.734659416451147,4.323662270367649
2023-05-03,5.236506220429973,5.060594676743143,3.8608802777609426,2.7158889882467205,4.293985085802031
2023-05-04,5.199415200781003,5.061347741427182,3.861454813516562,2.6966519077225977,4.263570095637694
2023-05-05,5.295670350784254,5.062135062186959,3.8620554842653307,2.7465741824132985,4.342500237443515
2023-05-08,5.297082615289579,5.062938575688894,3.862668508945373,2.7473066466665705,4.343658307818646
2023-05-09,5.273852271952918,5.063744225835263,3.863283163735884,2.735258339836516,4.324609204537433
2023-05-10,5.2984940636929085,5.064527900536881,3.8638810527969385,2.7480386876524334,4.344815708982352
2023-05-11,5.289253340784038,5.065309686788194,3.864477501102311,2.7432460307672515,4.337238227989793
2023-05-12,5.2823242267808785,5.066109684111742,3.8650878431838342,2.7396522788213327,4.331556288365372
2023-05-15,5.30054737631666,5.066911818145059,3.865699815425671,2.7491036284563837,4.346499444933715
2023-05-16,5.265125693301982,5.067728153937982,3.8663226226181564,2.730732341419732,4.317453326744144
2023-05-17,5.329039129226182,5.068556687271086,3.8669547356818543,2.763880740279706,4.369862954287438
2023-05-18,5.380374393125918,5.06940949204704,3.8676053661611913,2.790505530180669,4.411958360705781
2023-05-19,5.372546342773371,5.070270486992515,3.868262245167825,2.786445549182465,4.405539284694068
2023-05-22,5.374727783410607,5.071133640182563,3.868920770764324,2.787576942969809,4.407328086839534
2023-05-23,5.3144084606799655,5.071990903250308,3.869574802608906,2.7562926137841566,4.357865666422552
2023-05-24,5.275905992627666,5.072858374710348,3.8702366227437968,2.736323492274171,4.32629327509451
2023-05-25,5.32159505486309,5.07376424227726,3.870927736426429,2.760019906597979,4.363758742252321
2023-05-26,5.390512828231182,5.074678325200273,3.8716251178519596,2.795763781217021,4.4202719742684895
2023-05-30,5.392566140854933,5.075576462713384,3.872310334043452,2.7968287220209707,4.421955710219852
2023-05-31,5.362663755644079,5.076462674476716,3.8729864517208252,2.781319992479196,4.397435468913852
2023-06-01,5.413615043554359,5.077334939690227,3.873651929154792,2.8077456350636814,4.439216011355599
2023-06-02,5.491902483946804,5.0782416066437435,3.8743436527135695,2.84834904281871,4.503412459769857
2023-06-05,5.481377216495094,5.07914037480111,3.875029350042581,2.8428901630299444,4.494781639990555
2023-06-06,5.4933135242991336,5.080049379685648,3.875722857279434,2.8490808721708674,4.504569526327847
2023-06-07,5.474318342274456,5.080968626716258,3.8764241785583704,2.8392291115658113,4.488993295749176
2023-06-08,5.50743086468941,5.08187997505724,3.8771194736888104,2.8564027634654288,4.51614588020489
2023-06-09,5.517313043767705,5.082805603195554,3.8778256633072323,2.861528108534993,4.524249361379393
2023-06-12,5.5673658033795945,5.083723331985021,3.8785258262742186,2.887487733700898,4.565293102039562
2023-06-13,5.604069990682119,5.0846654346818605,3.8792445848301194,2.9065241854726076,4.595390885987308
2023-06-14,5.610744072811302,5.085621836037432,3.8799742522639327,2.9099856663528527,4.600863697040663
2023-06-15,5.680304118450814,5.086554200040706,3.880685580876848,2.946062652423687,4.657903598450203
2023-06-16,5.660955564261556,5.087502882768492,3.881409359536774,2.9360276170300335,4.642037599323464
2023-06-20,5.631585277552565,5.088447704732435,3.8821301927035448,2.9207948578396796,4.617953683868135
2023-06-21,5.6027299512035045,5.089392702163313,3.8828511597393325,2.9058291803851333,4.594292040823501
2023-06-22,5.62295540698824,5.090356051496223,3.883586127994569,2.916319016610998,4.610877107628992
2023-06-23,5.580445878132041,5.091307463282038,3.8843119887351585,2.894271652117153,4.57601888819237
2023-06-26,5.557644804445655,5.092246930730619,3.8850287367806984,2.8824459839448395,4.557321790121974
2023-06-27,5.6185753875718385,5.093204758129494,3.88575949218595,2.9140473404206975,4.607285449898086
2023-06-28,5.621408893704453,5.094156702352144,3.886485759138656,2.9155169248687542,4.609608951974051
2023-06-29,5.643564838762433,5.095141168349781,3.8872368379341715,2.9270080001533407,4.627777038411081
2023-06-30,5.710162842204845,5.096125824599379,3.887988061878645,2.961548737159018,4.682388036944837
2023-07-03,5.716732871329447,5.097124827042772,3.888750230966965,2.9649562514444687,4.687775523541198
2023-07-05,5.708231536829605,5.098124025322359,3.8895125494646225,2.960547074832887,4.680804348101873
2023-07-06,5.663531182163209,5.099133534801976,3.890282734687711,2.9373634489764817,4.644149630588369
2023-07-07,5.649232259078661,5.100133126852052,3.8910453536047487,2.9299473806831604,4.632424377168726
2023-07-10,5.66353118216321,5.101114700092736,3.891794225428756,2.9373634489764817,4.64414963058837
2023-07-11,5.699599626010288,5.1021025350029126,3.892547874469236,2.95607017543568,4.6737260988341625
2023-07-12,5.745458845512029,5.103058166906294,3.8932769548647714,2.9798548410145056,4.711331096574589
2023-07-13,5.791059768731807,5.10398765250098,3.893986087452979,3.003505542458017,4.748724288898239
2023-07-14,5.787453005957299,5.104947688273713,3.894718527693238,3.001634912138838,4.745766708994802
2023-07-17,5.807548293473557,5.105907904624602,3.8954511057020187,3.012057237212783,4.762245036577622
2023-07-18,5.8507013187541705,5.106868301587615,3.8961838215052342,3.034438348059535,4.797630929224757
2023-07-19,5.863712024836894,5.107828879196723,3.896916675128803,3.041186288745927,4.8082998324062345
2023-07-20,5.824809666806201,5.1088017989832375,3.897658944971685,3.0210097662049655,4.776399527478762
2023-07-21,5.824809666806201,5.109778958692408,3.898404449579414,3.0210097662049655,4.776399527478762
2023-07-24,5.85083067092065,5.110754277612698,3.899148549793798,3.034505435944044,4.797736999236002
2023-07-25,5.86680382725147,5.111737895003429,3.8998989811615163,3.0427898373292974,4.810835139898975
2023-07-26,5.867705619957848,5.112715616299219,3.9006449142206114,3.0432575478175186,4.811574618526263
2023-07-27,5.828803261927155,5.113711784302237,3.9014049208288983,3.023081025276557,4.7796743135987905
2023-07-28,5.8858683779458705,5.11470002939706,3.9021588828116136,3.052677575664217,4.826468253448977
2023-07-31,5.8970759066668395,5.115690495117039,3.902914538976222,3.058490307007872,4.835658533981592
2023-08-01,5.880200549578643,5.116689272785133,3.903676536576689,3.049737983500692,4.821820580085617
2023-08-02,5.798403054498302,5.117680123723673,3.904432486636153,3.007314102614588,4.754745853322071
2023-08-03,5.7817847695390725,5.118675228192175,3.9051916818418877,2.9986951083416065,4.741118701025729
2023-08-04,5.75563563741114,5.119646151509269,3.905932428518047,2.985132985619134,4.719676163074387
2023-08-07,5.80587283607429,5.120613195782331,3.906670215754544,3.0111882692197343,4.760871145517151
2023-08-08,5.780625496652732,5.121576358740586,3.907405041818936,2.998093856985482,4.740168086193095
2023-08-09,5.741981434904002,5.1225498647230605,3.9081477588883926,2.978051298579835,4.708479586682397
2023-08-10,5.7440408682927275,5.123529654022583,3.908895269689894,2.9791194138893604,4.7101683417194655
2023-08-11,5.740692401800181,5.124523862753066,3.9096537815100842,2.9773827477054953,4.707422567232804
2023-08-14,5.772382050383855,5.125532499195894,3.91042330066708,2.9938184328755093,4.733408381564832
2023-08-15,5.705140142466029,5.126533198398119,3.911186764263877,2.95894373788322,4.678269375214849
2023-08-16,5.6632745180852435,5.127544264667803,3.911958137209051,2.937230331375987,4.643939163594452
2023-08-17,5.6201219008556285,5.12854942612286,3.912725005193091,2.9148494321629403,4.6085536055530305
2023-08-18,5.622825646770765,5.129550714344151,3.9134889181702954,2.916251717092783,4.610770703012038
2023-08-21,5.6594094590287725,5.130562375735035,3.914260745151379,2.935225736921494,4.64076977827424
2023-08-22,5.644081023275361,5.131584416335282,3.9150404907442624,2.9272757167902625,4.62820031463892
2023-08-23,5.706942503725786,5.132592406131348,3.9158095165549445,2.959878523958546,4.679747328652282
2023-08-24,5.627850386764574,5.133606704154464,3.9165833551022633,2.9188577745371047,4.614891037770598
2023-08-25,5.667525593386162,5.134631388349778,3.91736511757354,2.939435131315483,4.647425085919829
2023-08-28,5.7034650931177575,5.135646089314618,3.9181392635372507,2.9580749815238767,4.67689581876009
2023-08-29,5.785907308775509,5.136638573300925,3.9188964594981006,3.0008332436640033,4.7444992225512905
2023-08-30,5.809738303181757,5.137637364134623,3.9196584671430026,3.013193075307932,4.764040865443078
2023-08-31,5.801236968681915,5.13862615545272,3.920412845855925,3.0087838986963504,4.757069690003752
2023-09-01,5.812057665056438,5.139619215348635,3.9211704811955803,3.014396001287592,4.765942764319775
2023-09-05,5.7869376375463695,5.140626743877357,3.921939155091497,3.0013676187693243,4.745344101978397
2023-09-06,5.748033647311683,5.14164874943239,3.9227188739473307,2.9811902496935425,4.7134424586280685
2023-09-07,5.730387073836586,5.142656675814223,3.923487851377382,2.9720379384837665,4.698972099933192
2023-09-08,5.739017760502908,5.143672962728728,3.9242632073099157,2.9765142029798577,4.706049345383761
2023-09-11,5.776761253698256,5.144687409340822,3.925037159220246,2.996089685798399,4.736999370084312
2023-09-12,5.745072013165582,5.145704097566953,3.92581282132552,2.9796542122620906,4.711013890357998
2023-09-13,5.751770578354668,5.146716902817903,3.92658552099194,2.983128391164641,4.7165067777541765
2023-09-14,5.8013650966954,5.147738076806557,3.927364605420708,3.0088503516797442,4.7571747561978555
2023-09-15,5.731468408982241,5.148763538915508,3.9281469613857567,2.9725987678022214,4.699858805074509
2023-09-18,5.734829933106735,5.149795334783426,3.92893414956651,2.974342206264649,4.70261528694401
2023-09-19,5.7229364706575225,5.150833468128692,3.9297261727998354,2.968173718662759,4.6928625342066566
2023-09-20,5.670323599081919,5.151879986674597,3.9305245933555786,2.9408863036311983,4.649719477298704
2023-09-21,5.576602853829484,5.152926717846492,3.9313231761301015,2.8922784858827333,4.572867571580703
2023-09-22,5.564063446649867,5.1539695720631995,3.9321188010586043,2.885774982125706,4.562585137998556
2023-09-25,5.587460682844857,5.155010592107715,3.9329130266418337,2.897909847141137,4.5817710950166735
2023-09-26,5.505374287657675,5.156041594226136,3.933699609247162,2.8553361295918376,4.514459467407823
2023-09-27,5.507571642283847,5.157085078834491,3.934495715120462,2.8564757770936797,4.516261319176124
2023-09-28,5.539501224854556,5.158116495850258,3.9352826142634862,2.873035902882279,4.542443881667809
2023-09-29,5.526057576662571,5.159146072277803,3.936068109166254,2.8660634188347993,4.531419961824091
2023-10-02,5.523860222036401,5.160194279733758,3.9368678182424017,2.864923771332958,4.529618110055791
2023-10-03,5.449916892572501,5.161248843247274,3.9376723765465265,2.826573416002183,4.468983874069634
2023-10-04,5.489602708520046,5.162283141130543,3.938461473590239,2.847156275256893,4.50152662196742
2023-10-05,5.487534706060354,5.163313549233713,3.93924760300342,2.8460837156395606,4.499830840210364
2023-10-06,5.552687800917572,5.164354407679352,3.9400417052979937,2.8798750576955587,4.553256999911892
2023-10-09,5.588236795843738,5.165395475948836,3.940835967673506,2.898312374448194,4.582407515084139
2023-10-10,5.617322262955875,5.16641215696315,3.9416116242766672,2.913397413312404,4.606257875751302
2023-10-11,5.640333074855419,5.167435188576771,3.942392125943538,2.925331861209127,4.625126961158542
2023-10-12,5.605946617223581,5.168472776753526,3.9431837332513666,2.9074974888822567,4.596929737664639
2023-10-13,5.578024095456772,5.1695064713088765,3.9439723699980167,2.8930156060775176,4.574033003281535
2023-10-16,5.63671366249996,5.170550629560422,3.94476898981402,2.9234546702450905,4.62215900847798
2023-10-17,5.636454550116001,5.171615516773414,3.945581424379779,2.9233202828423663,4.621946533849778
2023-10-18,5.561348683357773,5.172680623302464,3.946394026268371,2.884366983085826,4.560359006185276
2023-10-19,5.512484168253107,5.173735685937534,3.94719896536738,2.8590236352691054,4.5202896373634145
2023-10-20,5.444747294474271,5.174776592283871,3.947993104206841,2.8238922285925576,4.464744754282708
2023-10-23,5.435309074882193,5.175813601085102,3.948784269491612,2.818997140994118,4.457005324124716
2023-10-24,5.47628841249454,5.176844656016748,3.9495708923897412,2.8167397059820045,4.490608772134946
2023-10-25,5.397691669445339,5.17788824216169,3.9503670757283658,2.7734965770445057,4.4261586925897
2023-10-26,5.3330559832540425,5.17891971037501,3.951154013931547,2.7712755785951106,4.373156812933149
2023-10-27,5.308883042111168,5.1799452186827395,3.951936405143036,2.7718243351481737,4.353334770453277
2023-10-30,5.37235537490614,5.180979152192659,3.9527252241953326,2.7723776000849116,4.4053826892200565
2023-10-31,5.406095071705575,5.182021515855422,3.9535204748654387,2.7729353760544524,4.433049562657736
2023-11-01,5.463748597263927,5.183039412938895,3.95429705924443,2.773480059789035,4.480326003947085
2023-11-02,5.568457747851211,5.184063680251451,3.9550785036632803,2.8238585020883207,4.566188506929441
2023-11-03,5.619261729351083,5.185057292456832,3.9558365603764822,2.849622054869827,4.607848256708541
2023-11-06,5.632188376928146,5.186071670728729,3.956610460148016,2.8561773750889796,4.618448231112995
2023-11-07,5.648218252347738,5.187082131518542,3.957381371154339,2.8643063942969462,4.631592881970174
2023-11-08,5.65235466531812,5.188096905919668,3.958155573144807,2.8664040388268104,4.63498478009
2023-11-09,5.608273324016236,5.1891324665322385,3.95894563356278,2.844049649863939,4.598837659444186
2023-11-10,5.695788837736603,5.1901702930255444,3.9597374226894924,2.8884302375732114,4.670601216073878
2023-11-13,5.690360943356411,5.191204207901378,3.9605262275252824,2.885677661117036,4.666150290870177
2023-11-14,5.800757916809841,5.192193008702883,3.9612806134733827,2.9416618215807815,4.756676862895864
2023-11-15,5.813037395503502,5.193202601787909,3.962050862481558,2.947888951583463,4.766746152638381
2023-11-16,5.82014850025193,5.194197965619917,3.962810255563533,2.9514951123037876,4.772577326411114
2023-11-17,5.8273869169118475,5.195203826178339,3.9635776569146106,2.95516583503391,4.778512897166523
2023-11-20,5.872243963161614,5.196211943111276,3.9643467797218452,2.977913597011605,4.81529610327409
2023-11-21,5.859445851649036,5.197214069700305,3.965111332315077,2.971423459590806,4.804801529669453
2023-11-22,5.882068607049138,5.198222576716211,3.9658807527283715,2.9828958390304985,4.823352405042959
2023-11-24,5.885687611353597,5.199237467790713,3.9666550437324757,2.9847310969308,4.826320023117806
2023-11-27,5.875087262518189,5.200236051494844,3.9674168933519867,2.979355481897082,4.817627635887184
2023-11-28,5.880905253652812,5.201212127547367,3.968161571205382,2.982305882973021,4.822398444153186
2023-11-29,5.876768024580436,5.202169811050217,3.9688922168280163,2.980207824584121,4.819005876821934
2023-11-30,5.899908596697458,5.203146250066339,3.9696371715972862,2.991942797582894,4.837981366846132
2023-12-01,5.934810830791222,5.204087771768732,3.970355486895004,3.0096423070252682,4.866601531962157
2023-12-04,5.903657361219396,5.205045984755279,3.971086536476718,2.993843859070105,4.841055389537939
2023-12-05,5.9024931917210735,5.205989915713626,3.9718066898684516,2.993253489153591,4.840100759436739
2023-12-06,5.878707490975644,5.206940215460144,3.972531702200729,2.9811913605859406,4.820596257779174
2023-12-07,5.923564945276409,5.207886556181842,3.973253694073589,3.0039393294931545,4.857379798492454
2023-12-08,5.949031000033088,5.208859934978652,3.973996314109267,3.016853593818325,4.878262206479056
2023-12-11,5.9721699399461174,5.209833495704594,3.9747390729441663,3.0285877390990237,4.8972363580804
2023-12-12,5.999446108931524,5.210811373182161,3.9754851251590484,3.042419942768623,4.919603077012997
2023-12-13,6.082179264951106,5.211733604083923,3.976188722923263,3.0843753165201164,4.987445054678069
2023-12-14,6.101699200559676,5.212637384871615,3.9768782445391038,3.094274203900513,5.003451588204565
2023-12-15,6.091652984980042,5.213555801934665,3.977578932610761,3.0891795991530295,4.995213595533154
2023-12-18,6.125919067567363,5.2144723119427026,3.978278165732644,3.1065565054759348,5.0233121103415135
2023-12-19,6.163170043207691,5.215384844597293,3.9789743644116475,3.125447101227266,5.053858265945624
2023-12-20,6.0777653773018425,5.216283049764973,3.9796596322188518,3.0821369599176176,4.983825624672927
2023-12-21,6.135394011749294,5.217179339669953,3.980343438814388,3.1113614088974044,5.03108165501374
2023-12-22,6.147724088766752,5.218071642961777,3.981024203902534,3.1176141981603904,5.041192435864757
2023-12-26,6.173683069129451,5.21895374554904,3.981697186565575,3.130778433344008,5.062479047553515
2023-12-27,6.184846120291598,5.219823571173298,3.9823608027633357,3.1364394041838497,5.071632856063336
2023-12-28,6.187181396155215,5.2207059699198535,3.983034011375232,3.1376236618186932,5.073547804562868
2023-12-29,6.169269997582181,5.221582302707661,3.9837025920842843,3.1285404906005456,5.0588602867597965
2024-01-02,6.134744394559904,5.222479503158881,3.984387093363004,3.111031977103823,5.030548962717522
2024-01-03,6.084644709083203,5.223376857771924,3.985071712256427,3.085625584671389,4.9894667424002765
2024-01-04,6.0650452035299525,5.224284730416251,3.9857643556730813,3.0756863460348685,4.973394960759609
2024-01-05,6.073352305754575,5.225196907115213,3.986460282782802,3.0798990171741565,4.980206863879211
2024-01-08,6.1600549818862085,5.226100949119776,3.9871500036888707,3.1238674012824137,5.051303885927203
2024-01-09,6.150709797921757,5.227005147537957,3.987839843927604,3.1191283014478537,5.043640745871936
2024-01-10,6.1854941052769945,5.227911576605209,3.988531385995777,3.136768008259357,5.072164209936699
2024-01-11,6.1827691407099445,5.228795342609826,3.989205637730077,3.1353861329342685,5.06992971298058
2024-01-12,6.187051635937737,5.229654358987539,3.9898610072277036,3.1375578582317845,5.073441399945911
2024-01-16,6.164337885165001,5.230530118566704,3.9905291506185967,3.126039333509448,5.054815907498249
2024-01-17,6.1300726186796775,5.2314309320871235,3.9912164084167587,3.1086628410455805,5.026718061901318
2024-01-18,6.184585783754645,5.23233190074765,3.991903784575986,3.1363073831509944,5.071419377617993
2024-01-19,6.261684571588866,5.233243406185915,3.9925991995606798,3.1754054741099105,5.134641119588229
2024-01-22,6.274922562077676,5.234150917046432,3.993291566961556,3.1821186815517404,5.14549639815224
2024-01-23,6.29322446545614,5.235046123016768,3.993974546590667,3.1913998843191704,5.160504133623326
2024-01-24,6.300104205288497,5.23594771429351,3.99466239776258,3.194888716002459,5.1661455859563885
2024-01-25,6.334369063722822,5.236836994302128,3.995340856296803,3.2122650015368084,5.1942430969476066
2024-01-26,6.3263214819331575,5.237738894006703,3.9960289427776097,3.208183937571339,5.187644003061921
2024-01-29,6.376422391562854,5.238630556699373,3.996709219133345,3.2335909507923284,5.228727227196307
2024-01-30,6.371490279145671,5.239536922938548,3.9974007132680835,3.2310897937012304,5.224682847934758
2024-01-31,6.267525005528398,5.240424733361602,3.998078050611165,3.1783672563093712,5.1394303311684855
2024-02-01,6.349555089677806,5.241298137483828,3.9987443969529335,3.2199660905003484,5.206695783188844
2024-02-02,6.4163995559232285,5.242204965256821,3.9994362432057393,3.2538640426573044,5.261508883573679
2024-02-05,6.3930365960121,5.243132752326069,4.000144079937671,3.2420162930709044,5.242351033435512
2024-02-06,6.411597611774523,5.244046139341256,4.000840930434136,3.2514288960826345,5.2575712435348025
2024-02-07,6.465072287058665,5.244963847415641,4.001541077596962,3.278546802563259,5.301420987710101
2024-02-08,6.467927827945192,5.245892122763239,4.002249286851171,3.2799948953342946,5.303762558494607
2024-02-09,6.505308971853996,5.246824725807286,4.002960797835501,3.298951501602053,5.3344154533213874
2024-02-12,6.502453430967469,5.247753330500822,4.003669258357657,3.2975034088310173,5.332073882536881
2024-02-13,6.412894805898311,5.248719583495009,4.00440644190364,3.2520867250222065,5.25863495509867
2024-02-14,6.47117387363715,5.249669351800594,4.005131048783604,3.2816410196546126,5.306424346947129
2024-02-15,6.515822813877752,5.250619291969015,4.005855786782908,3.304283247577831,5.343036904140705
2024-02-16,6.48337378238613,5.251586072664043,4.006593372927775,3.2878277984011706,5.316428388575474
2024-02-20,6.447679929355547,5.2525426115558504,4.007323145292131,3.269726845692748,5.287159088374863
2024-02-21,6.453520771346078,5.253509746385914,4.008061001617295,3.2726888348217273,5.291948634560833
2024-02-22,6.587079943619443,5.254487482922047,4.008806946303708,3.34041893554873,5.401468430713544
2024-02-23,6.591621959282193,5.2554612311976525,4.0095498482259,3.3427222680200637,5.405192926912791
2024-02-26,6.5674800300151945,5.256439330926793,4.010296070003209,3.3304794899826913,5.385396314467162
2024-02-27,6.579680754866173,5.257419698579784,4.0110440220480115,3.3366666825882865,5.395401025306935
2024-02-28,6.570985188091111,5.258387731413173,4.0117825634869915,3.332257014547309,5.388270577547886
2024-02-29,6.594606444284202,5.259355942487528,4.012521240911379,3.3442357505189713,5.407640233102828
2024-03-01,6.6565192061634395,5.260303461375579,4.013244131642876,3.3756327525143477,5.458409288831827
2024-03-04,6.649380353947123,5.261265762921489,4.013978300509816,3.3720125205867593,5.452555361870562
2024-03-05,6.582925576405135,5.2622136258803645,4.01470145374332,3.338312186120049,5.398061809942315
2024-03-06,6.616282929419106,5.263163747785038,4.015426330394691,3.355228260405072,5.4254151578262535
2024-03-07,6.68195996175822,5.264103598454285,4.016143370810832,3.388534187209366,5.47927095126418
2024-03-08,6.641853037180367,5.26503943909401,4.016857351854532,3.3681952917574813,5.446382890269851
2024-03-11,6.636141547356315,5.265981714009499,4.017576241801233,3.365298899285892,5.441699414095124
2024-03-12,6.707529253417483,5.266938785289266,4.0183064203404175,3.4015008047027377,5.5002380144963485
2024-03-13,6.69701459529173,5.267902300678162,4.019041515284774,3.3961686448679225,5.491615894465603
2024-03-14,6.683777012853918,5.268880625391144,4.0197879087090405,3.389455644355611,5.480760950507307
2024-03-15,6.637881476813324,5.269867495095583,4.020540821364957,3.3661812467531247,5.443126172858361
2024-03-18,6.677331439283816,5.270856640859543,4.021295470495317,3.386186985680093,5.475475518653625
2024-03-19,6.714437556819725,5.271835514235703,4.022042282511266,3.405004121452327,5.505902889229369
2024-03-20,6.77654251071919,5.272795741418654,4.022774868784152,3.4364985872509553,5.556829544249522
2024-03-21,6.798936757560212,5.273762420637914,4.023512377510096,3.4478550861602426,5.575193040423355
2024-03-22,6.7860468345730025,5.274722998793102,4.024245231550286,3.4413183895977624,5.564623180533134
2024-03-25,6.767298523402332,5.275673286190504,4.024970234461049,3.431810805937004,5.549249386411255
2024-03-26,6.754799513271553,5.276627931832767,4.0256985624082375,3.4254723478533253,5.539000078794763
2024-03-27,6.811565527908469,5.277578562420485,4.026423827149243,3.45425934783083,5.585548752656804
2024-03-28,6.810263437172701,5.278539835658641,4.027157211489188,3.453599035737035,5.584481025824371
2024-04-01,6.7984156764353045,5.2795285145484945,4.0279115044272125,3.4475908371650132,5.574765748926953
2024-04-02,6.755190426127982,5.280513188517478,4.02866274189034,3.4256705863321266,5.539320631068492
2024-04-03,6.762611241584165,5.281493855252489,4.029410922113834,3.4294338065570544,5.5454057705779265
2024-04-04,6.680066197074827,5.282468416618636,4.0301544443673185,3.387573827313627,5.477718046146872
2024-04-05,6.749851078814435,5.283459927555565,4.030910897959456,3.4229629135814834,5.534942315304664
2024-04-08,6.753627182753261,5.284462107652935,4.031675491375815,3.424877839346439,5.5380387565792875
2024-04-09,6.761440135218868,5.285456089811279,4.032433830337288,3.428839918838724,5.544445452179592
2024-04-10,6.693736721621898,5.286498499206769,4.033229115898271,3.394506380045154,5.488928006767409
2024-04-11,6.744253843269923,5.287532722921098,4.034018156356262,3.420124461375097,5.530352528729775
2024-04-12,6.65116231265696,5.288556657829346,4.034799347173842,3.372916181794405,5.454016585022307
2024-04-15,6.5678358504857615,5.289591284191374,4.035588694823904,3.3306599325228934,5.385688090649509
2024-04-16,6.555857105377892,5.29063450913909,4.036384602594272,3.3245853095754065,5.375865405317992
2024-04-17,6.517057576198786,5.291669542001394,4.037174260375653,3.304909416301058,5.344049421030372
2024-04-18,6.503647796239665,5.292715276696598,4.03797208290806,3.298109091531905,5.333053273460892
2024-04-19,6.44688137355175,5.293759117765058,4.038768460735522,3.269321884624882,5.2865042649931375
2024-04-22,6.506251569660202,5.294803164702173,4.039564995626389,3.299429508789975,5.335188392520042
2024-04-23,6.583458491008988,5.295824305312508,4.040344054589831,3.338582436071315,5.39849880500441
2024-04-24,6.580334044514542,5.2968519474098485,4.041128073733757,3.3369979767475346,5.395936729054572
2024-04-25,6.5553364323039816,5.297894502396323,4.0419234703704925,3.324321267509696,5.375438448427304
2024-04-26,6.617440978152449,5.298937262584096,4.042719023561486,3.355815526378806,5.4263647688417445
2024-04-29,6.640875755039289,5.299982330766439,4.043516337591133,3.3676996955604763,5.445581509585524
2024-04-30,6.5356761271519765,5.301042327232592,4.044325040858651,3.3143511963749073,5.359316810535295
2024-05-01,6.514454618880244,5.302085706992238,4.045121066739709,3.3035894129020247,5.34191497118265
2024-05-02,6.575386834210422,5.303110356095137,4.045902802437924,3.3344891632642497,5.391879969381617
2024-05-03,6.65689134867394,5.304122576762312,4.0466750561077545,3.3758214722352933,5.4587144492427235
2024-05-06,6.725635700367729,5.305137095445645,4.047449063003406,3.4106828882307663,5.515085473830568
2024-05-07,6.733056515823913,5.306151808175806,4.048223217943235,3.414446108455695,5.521170613340003
2024-05-08,6.733707357166299,5.307170926221504,4.049000733831126,3.4147761610378335,5.521704309453364
2024-05-09,6.772506478294405,5.3081818159217375,4.049771972066142,3.4344518473826633,5.553519959135269
2024-05-10,6.781230608639354,5.309207643121877,4.050554606570267,3.438876000489943,5.560673829294278
2024-05-13,6.782140154314699,5.310229454910336,4.051334177595738,3.4393372463868612,5.561419665430126
2024-05-14,6.8132593476026635,5.311243034421373,4.052107467968526,3.4551183122624636,5.586937700974394
2024-05-15,6.897627972023675,5.31223994630839,4.052868042108347,3.497903059524433,5.656120778339995
2024-05-16,6.883435958300698,5.3132475854728085,4.053636800411573,3.4907060508681584,5.644483191617343
2024-05-17,6.893331195010939,5.314265957926691,4.054413747464984,3.4957240916937664,5.652597380174683
2024-05-20,6.9012726835410305,5.315282416732929,4.055189234538904,3.499751353984405,5.659109476574805
2024-05-21,6.918197006749029,5.316299069957082,4.055964869940113,3.5083339626971033,5.6729875831564245
2024-05-22,6.898278405315061,5.317324356206288,4.056747091736459,3.498232905177052,5.65665413984764
2024-05-23,6.847891451935514,5.318360390436009,4.057537513491238,3.472680834363537,5.615336357107946
2024-05-24,6.893200618691464,5.319400847448899,4.058331309520663,3.495657874247821,5.652490306346297
2024-05-28,6.898016436574113,5.320443618884867,4.059126871293244,3.498100056426123,5.65643932297944
2024-05-29,6.849713807694191,5.3214908173114415,4.0599258105504505,3.4736049815935233,5.61683070622535
2024-05-30,6.804274472669764,5.32252977504244,4.060718462732511,3.4505619311928117,5.579570017764327
2024-05-31,6.866248850249754,5.323562599272598,4.061506435481826,3.4819901795454937,5.6303895989560955
2024-06-03,6.871847309947259,5.324580836245951,4.062283279173057,3.484829252540435,5.634980389348124
2024-06-04,6.879528461940396,5.325588703332812,4.063052211365187,3.4887244937982183,5.641279007302902
2024-06-05,6.96129290488987,5.326586194550261,4.0638132274936645,3.530188616872598,5.708326631003638
2024-06-06,6.961163144672391,5.327583872599399,4.064574386161671,3.530122813285689,5.70822022638668
2024-06-07,6.952699350864399,5.328613449323984,4.06535988129106,3.5258306812112656,5.701279834673016
2024-06-10,6.974181603724085,5.329643225018357,4.066145528220499,3.5367246926465223,5.718895487076718
2024-06-11,6.990979431122592,5.330660510094243,4.066921645680449,3.5452431532084603,5.73266986588709
2024-06-12,7.048396287101894,5.331665297293567,4.067688228133504,3.5743602057681025,5.779752235862489
2024-06-13,7.062589116926867,5.332655463705921,4.068443655947299,3.581557628283414,5.791390491796569
2024-06-14,7.066885077837606,5.333643697873203,4.069197609593064,3.5837361822550426,5.794913220750453
2024-06-17,7.12312919524762,5.334649047379746,4.069964621047253,3.6122585193782815,5.841033933904665
2024-06-18,7.141227073126904,5.335641884841342,4.07072208668506,3.6214362573864207,5.8558743665189
2024-06-20,7.1218275125628505,5.33663702439923,4.071481308661545,3.6115984142140056,5.839966541677947
2024-06-21,7.1122783030992185,5.337632349558542,4.072240672238954,3.606755849620155,5.832136098765828
2024-06-24,7.089159765736108,5.338629978461972,4.073001793412218,3.5950320508153855,5.8131786774501695
2024-06-25,7.1164600097304165,5.339615082803236,4.073753359219336,3.6088764633265806,5.835565138119874
2024-06-26,7.125340831658733,5.34061308228895,4.074514763121,3.613380077368994,5.8428474968729445
2024-06-27,7.136574475643597,5.341609149014616,4.075274692461741,3.6190768470155503,5.852059192171237
2024-06-28,7.108490773732435,5.342607521200801,4.076036380707832,3.6048351298286776,5.829030288531219
2024-07-01,7.123121034227652,5.3436188004816,4.076807916165609,3.612254380787909,5.84102724179039
2024-07-02,7.171058049413044,5.344623909732167,4.077574744321269,3.6365640467718596,5.880336051825
2024-07-03,7.20306067311246,5.345622845391486,4.078336862458005,3.652793115055192,5.906578508739439
2024-07-05,7.2445953681335755,5.346598633688661,4.079081320774168,3.6738560568925944,5.940637355126021
2024-07-08,7.252955516987985,5.347578843438171,4.079829152349643,3.678095628869298,5.947492756988404
2024-07-09,7.260008270443647,5.348559232892802,4.0805771210275745,3.6816721986684655,5.953276082144077
2024-07-10,7.331848097010997,5.349539802085499,4.081325226833097,3.7181033819918996,6.012185425676085
2024-07-11,7.268628755835009,5.350495077050157,4.082054034909317,3.6860437916780238,5.960344962451803
2024-07-12,7.314476549908796,5.351439906537969,4.082774873816275,3.7092939785268357,5.997940591232245
2024-07-15,7.334591015821978,5.352382779283407,4.083494219865472,3.7194943622158063,6.014434645283609
2024-07-16,7.378086803941215,5.353323694192622,4.0842120722223765,3.7415518073195133,6.050101606730257
2024-07-17,7.274638530938864,5.354262650173905,4.084928430054092,3.6890914496276968,5.965273035403248
2024-07-18,7.218732279755493,5.35521026967469,4.085651397546077,3.660740450145844,5.919429375779983
2024-07-19,7.170796080672098,5.356164432139406,4.086379356862545,3.6364311980209303,5.880121234956801
2024-07-22,7.244726760555048,5.357120890073716,4.087109067461984,3.6739226881975777,5.940745098165833
2024-07-23,7.233362540250709,5.3580562603878565,4.087822689680113,3.668159701105075,5.931426329039155
2024-07-24,7.069436212679357,5.358985415382218,4.088531570043363,3.585029905605216,5.797005175672534
2024-07-25,7.032601449057358,5.35992323782991,4.089247063068121,3.5663503779628387,5.766800317896403
2024-07-26,7.111364268862893,5.360850589628201,4.089954567718714,3.6062923274985312,5.831386581967127
2024-07-29,7.115545159392094,5.361778101873072,4.090662194778843,3.60841252734592,5.834814952109746
2024-07-30,7.079493853686946,5.3627036469025615,4.0913683209910365,3.5901303043792194,5.805252537303929
2024-07-31,7.194568315734583,5.3636165833567375,4.09206482774092,3.6484864979144676,5.8996146946258134
2024-08-01,7.092686958565937,5.364502005776847,4.092740343204547,3.596820749574005,5.816071009239431
2024-08-02,6.960632678374525,5.365327968784086,4.093370495289135,3.529853804911532,5.707785238958863
2024-08-05,6.7579129423890425,5.366156188061807,4.094002368750512,3.4270512200801027,5.541553120390327
2024-08-06,6.820218249328703,5.36700582945825,4.09465058579223,3.458647288272355,5.592644066815911
2024-08-07,6.774632015944866,5.367857735145466,4.095300530329658,3.435529743244954,5.555262920297954
2024-08-08,6.9312423971666135,5.368718296464911,4.095957078509918,3.51494949940616,5.683684927823562
2024-08-09,6.961807049147807,5.369581126191128,4.096615357326107,3.53044934806601,5.708748234202906
2024-08-12,6.965464818297111,5.370435571441764,4.097267239373047,3.5323042642705778,5.711747639820556
2024-08-13,7.080016158964849,5.371273103655882,4.097906217954426,3.590395174163004,5.805680832617472
2024-08-14,7.102352870615102,5.372112897942723,4.098546922339297,3.601722496010171,5.823997149385671
2024-08-15,7.2240883571599745,5.372982668602391,4.099210496602915,3.663456607006748,5.923821410378073
2024-08-16,7.240285533488895,5.373848315810109,4.0998709249607,3.671670467317333,5.937103249577871
2024-08-19,7.309512201462745,5.374714102483212,4.100531459720832,3.706776474003769,5.993869778119314
2024-08-20,7.297627308084498,5.375565098882771,4.101180710535288,3.7007494448455565,5.984124052101949
2024-08-21,7.322704490239739,5.376401297898153,4.1018186719791485,3.7134665053395186,6.00468758084339
2024-08-22,7.265233771528654,5.377252561436986,4.102468126602211,3.6843221380834232,5.957561042913781
2024-08-23,7.342428859398487,5.37808475528578,4.10310303238371,3.7234690644087247,6.020861751832451
2024-08-26,7.324924287670821,5.378919212087096,4.1037396646399245,3.7145922019206035,6.006507835925944
2024-08-27,7.334983560882404,5.379736722427664,4.104363367930225,3.7196934284126817,6.014756535980195
2024-08-28,7.292401806999496,5.380554357016827,4.104987166013526,3.6980995054305987,5.979839091332246
2024-08-29,7.293053056392879,5.38138065643594,4.105617574756878,3.6984297649422557,5.980373122051319
2024-08-30,7.362673901631146,5.382215624625093,4.106254597166295,3.7337356655436422,6.037462879712201
2024-09-03,7.211158037123929,5.3830443149672975,4.106886830016969,3.6568994244219293,5.9132184245221975
2024-09-04,7.1963980164112336,5.38384749935715,4.107499603607479,3.649414369875789,5.901115066646068
2024-09-05,7.178894260785563,5.384648667139793,4.10811083866754,3.640537921246705,5.886761819950988
2024-09-06,7.058073624579014,5.385430723255734,4.108707492860774,3.579267746230788,5.7876877449687125
2024-09-09,7.137096780921502,5.386217167107384,4.10930749458989,3.619341716799336,5.85248748748478
2024-09-10,7.168184554282593,5.38698448931492,4.109892907840111,3.6351068491020073,5.877979758389092
2024-09-11,7.2417210569011266,5.387758333912195,4.110483297218142,3.6723984453637044,5.938280392478685
2024-09-12,7.302720600646033,5.388536565671537,4.111077033694407,3.703332339096495,5.988300600620413
2024-09-13,7.340861127462787,5.389299941685008,4.111659436274181,3.7226740411983346,6.019576196680399
2024-09-16,7.351701410285232,5.390061287232325,4.112240289750099,3.728171330788978,6.02846533207068
2024-09-17,7.354705481735162,5.390829157074434,4.11282612080725,3.7296947459047773,6.030928699334975
2024-09-18,7.332891891464808,5.391601414743365,4.113415299469794,3.7186327077004324,6.013041347091745
2024-09-19,7.45802481062203,5.392369503992528,4.114001297919202,3.7820897138687215,6.115651535256453
2024-09-20,7.445133663481825,5.393129143347257,4.114580849689346,3.7755523965176856,6.105080671549091
2024-09-23,7.463736708497079,5.393893169975898,4.1151637486430515,3.7849863132698287,6.120335346036891
2024-09-24,7.485094097751266,5.394640181371264,4.1157336661622095,3.7958170042723993,6.1378486090922
2024-09-25,7.468585986561595,5.3953958591427025,4.1163101955210015,3.787445463668655,6.1243118003385595
2024-09-26,7.498195799206624,5.3961666299797235,4.116898239834648,3.8024610972550232,6.148592129347834
2024-09-27,7.48732042399832,5.396926804247042,4.117478199705736,3.7969460117257814,6.139674217866173
2024-09-30,7.517324413907765,5.39771064361623,4.118076214396645,3.8121615392270995,6.1642777759948855
2024-10-01,7.449979677138353,5.398483887085415,4.118666145155929,3.7780098914803624,6.109054449005049
2024-10-02,7.453125750335714,5.399261525835816,4.119259429207791,3.7796053180686284,6.1116342590577135
2024-10-03,7.439498479194468,5.40005427455191,4.11986424110811,3.7726946998660713,6.100459766642829
2024-10-04,7.507105184704828,5.400896425873299,4.120506743745712,3.8069791963637383,6.155897910500864
2024-10-07,7.4392365104535205,5.401751567807395,4.121159157313471,3.772561851115142,6.1002449497746305
2024-10-08,7.509594295794828,5.402604701586755,4.121810038799428,3.8082414664270874,6.157939005354464
2024-10-09,7.561609372657833,5.4034601139978395,4.122462658722237,3.834619186019744,6.20059186489184
2024-10-10,7.548376278781004,5.404313517619019,4.123113746078655,3.827908461732137,6.1897406015963945
2024-10-11,7.593576903971391,5.405160622317217,4.12376002779679,3.8508304583644786,6.226805545714901
2024-10-14,7.655679817615864,5.406007859795714,4.124406410817019,3.882323889515514,6.2777305277064865
2024-10-15,7.596197407482861,5.406855230075325,4.125052895155222,3.8521593597328105,6.228954383608313
2024-10-16,7.629213629862204,5.40769844202192,4.1256962069757765,3.8689024409403,6.256028001115594
2024-10-17,7.629869775867568,5.408548223205667,4.1263445306654445,3.86923518360618,6.256566047103232
2024-10-18,7.65921761977165,5.409395991677162,4.126991318796243,3.8841179684416187,6.280631559244307
2024-10-21,7.64663903969619,5.410258919132977,4.127649672173289,3.8777391591018167,6.270317003513644
2024-10-22,7.642578116160506,5.411124131174409,4.128309768529593,3.8756797965328906,6.266987007450854
2024-10-23,7.572745084403092,5.411998070667024,4.128976523321574,3.8402662925818416,6.209723254818845
2024-10-24,7.589123435375284,5.412872151307803,4.129643385799746,3.8485720295986767,6.2231536589555265
2024-10-25,7.586500483557823,5.4137549649801,4.130316910971001,3.847241886653233,6.221002813427832
2024-10-28,7.609954438841587,5.414640070950566,4.130992185005653,3.859135781522277,6.240235280640156
2024-10-29,7.622270234074103,5.415523172962138,4.131665930159636,3.865381328252112,6.250334350291193
2024-10-30,7.599211272156752,5.416415015071972,4.132346343398135,3.853687741157055,6.231425781409736
2024-10-31,7.450242461981301,5.417309153423666,4.133028508508791,3.7781431540903294,6.109269935084677
2024-11-01,7.481686871914959,5.418214188008424,4.1337189866842206,3.7940891427922416,6.1350546513827675
2024-11-04,7.465572121887707,5.419110773451439,4.134403018754636,3.78591708224441,6.1218404025371385
2024-11-05,7.555844428152997,5.420011808139565,4.13509044528831,3.83169568578122,6.19586455536862
2024-11-06,7.743722533226113,5.420930199029277,4.13579111339154,3.926971830162793,6.349926394918285
2024-11-07,7.803599936725529,5.421835838558558,4.136482053097388,3.9573366677194843,6.399026437347325
2024-11-08,7.83740288142971,5.422752386997934,4.1371813155396975,3.9744787090387987,6.426745174670628
2024-11-11,7.844871846903699,5.423669090377642,4.137880696190658,3.9782663469469193,6.43286979765428
2024-11-12,7.8205005929756215,5.424603166720985,4.138593331199447,3.9659072745201036,6.412885136797548
2024-11-13,7.82430117997435,5.425522335590902,4.139294592847233,3.967834616056174,6.416001654414994
2024-11-14,7.773989307978501,5.4264567311042535,4.140007471360446,3.9423206202740775,6.374745439126622
2024-11-15,7.674415887256582,5.42738482747374,4.140715544066857,3.891825265290714,6.293094283656954
2024-11-18,7.70586029719024,5.428308775128894,4.141420451594001,3.9077712539926264,6.318878999955045
2024-11-19,7.73402887370906,5.429228571893568,4.142122192281633,3.9220560125193638,6.341977501583513
2024-11-20,7.73664937722053,5.430157142335824,4.142830626672455,3.9233849138876957,6.344126339476925
2024-11-21,7.778182440037653,5.431092336065894,4.143544114169271,3.944447028007024,6.378183847440653
2024-11-22,7.802290093020789,5.43203415644322,4.144262657335101,3.9566724239648354,6.397952353006331
2024-11-25,7.828756280774449,5.432941651038403,4.144955012326664,3.97009387254005,6.419654879597223
2024-11-26,7.869633197586208,5.433849297242802,4.145647482985469,3.9908232439934985,6.453174341573313
2024-11-27,7.845787513344019,5.434752782502939,4.146336779134426,3.9787306967866165,6.433620652875834
2024-11-29,7.8945275728941855,5.435643478097849,4.147016317662118,4.0034476000631365,6.473587966955016
2024-12-02,7.9086763332113375,5.4365429476733915,4.147702550124206,4.010622674190442,6.485190085472016
2024-12-03,7.912344711686598,5.437442566089732,4.148388896141429,4.012482970562492,6.488198190838222
2024-12-04,7.961477316297186,5.438333702510286,4.149068770988297,4.037398940035888,6.528487395613988
2024-12-05,7.9483756148418285,5.439229301116057,4.149752050170821,4.030754847053264,6.517743875358355
2024-12-06,7.963442489905289,5.44011425508965,4.150427208242475,4.038395512597377,6.53009885673119
2024-12-09,7.922433364570062,5.441005829370345,4.151107417146048,4.017599095979908,6.496470982503859
2024-12-10,7.897802590207028,5.441901868028754,4.151791032057999,4.005108416379275,6.476273512413211
2024-12-11,7.958857628887712,5.442798054249085,4.15247475954939,4.036070452526593,6.526339226932003
2024-12-12,7.917849319654481,5.443700867577132,4.153163543061094,4.015274449768161,6.4927120219161
2024-12-13,7.916275058902806,5.444618952048845,4.153863977388792,4.014476115685473,6.491421113072627
2024-12-16,7.950078819708984,5.445537191356234,4.154564529845296,4.031618570863825,6.519140519607358
2024-12-17,7.917323749968592,5.446455585525411,4.155265200450527,4.015007924548228,6.492281049756848
2024-12-18,7.681360099146682,5.447395747501483,4.155982478372033,3.8953467918379405,6.298788603692784
2024-12-19,7.679000748274161,5.448329586772483,4.156694932511183,3.8941503253615006,6.296853913456142
2024-12-20,7.771234147637572,5.449259262059115,4.157404209821095,3.9409234321646154,6.372486181347689
2024-12-23,7.817770731796591,5.450189095980816,4.1581136081584855,3.9645229160407935,6.410646624572865
2024-12-24,7.904666007999451,5.4511169257912035,4.158821477498923,4.008588970881822,6.481901580517726
2024-12-26,7.905191577685339,5.452047076695208,4.159531117671671,4.008855496101755,6.4823325526769775
2024-12-27,7.821976921487692,5.452979549826182,4.160242529541399,3.966655945518335,6.414095740269734
2024-12-30,7.7327149494943415,5.453897035274248,4.160942506855894,3.921389699469533,6.340900071185386
2024-12-31,7.704582281463377,5.454816839337736,4.1616442531120095,3.9071231507404307,6.317831014859724
2025-01-02,7.685653611751432,5.455736798526909,4.162346117718188,3.8975241042324593,6.302309325012387
2025-01-03,7.78175043796732,5.456663407792691,4.163053055868341,3.946256419717506,6.3811096398012905
2025-01-06,7.826577288443207,5.457590174434967,4.163760114085766,3.9689888689108264,6.417868085086043
2025-01-07,7.73810611928468,5.458521429901239,4.164470596962376,3.924123652269036,6.345320881874854
2025-01-08,7.749410764143258,5.459448512112349,4.165177895936781,3.9298564276518255,6.354590798567331
2025-01-10,7.63109637716864,5.460401749154147,4.165905149220198,3.8698572137390377,6.25757187187863
2025-01-13,7.642929040019096,5.461355152634158,4.166632529484349,3.875857755918872,6.267274768364641
2025-01-14,7.653445330348841,5.462302220968167,4.167355076474581,3.881190743471761,6.2758982268182395
2025-01-15,7.79266090556148,5.463227777733386,4.168061211640317,3.951789301185345,6.390056327374327
2025-01-16,7.77767564069769,5.464144819538935,4.1687608504865565,3.9441900215449475,6.377768267144233
2025-01-17,7.855761911947944,5.465070688522245,4.169467223852889,3.983788881938832,6.441799754941635
2025-01-21,7.927669474981023,5.466001051746601,4.170177026011236,4.02025441556235,6.500764643022118
2025-01-22,7.97223517281796,5.466931573354221,4.17088694900495,4.042854429863778,6.5373089406500995
2025-01-23,8.015748099079127,5.467862253372066,4.171596992854602,4.064920566007265,6.572989955536722
2025-01-24,7.992348006527148,5.468788752253887,4.172303846789503,4.053053985834674,6.553801656278608
2025-01-27,7.879293396921396,5.469693706583128,4.172994263735578,3.995722093416405,6.461095797239562
2025-01-28,7.946994770263375,5.470603151687516,4.17368810682943,4.0300545975623825,6.516611569623176
2025-01-29,7.911368653698519,5.47151708975373,4.17438537773934,4.011987995154044,6.4873978139710395
2025-01-30,7.953830440587909,5.472424666794809,4.1750777956313625,4.033521080857664,6.522216884539159
2025-01-31,7.911500862221987,5.473341080766788,4.175776955484441,4.012055040318065,6.48750622622228
2025-02-03,7.85825918405791,5.474266336044728,4.1764828606364395,3.985055290592551,6.443847541909507
2025-02-04,7.9109752925361,5.475180886095313,4.177180598447681,4.011788515098131,6.487075254063028
2025-02-05,7.943050549313223,5.476086898170512,4.177871822380043,4.02805441683577,6.513377270794506
2025-02-06,7.9706576476582995,5.477001752370563,4.178569792236083,4.042054440344939,6.5360153549609175
2025-02-07,7.897698129151447,5.477934146716502,4.179281143998334,4.005055442422517,6.476187853350503
2025-02-10,7.951332352375948,5.4788645260080875,4.179990958414854,4.032254258344906,6.5201684283598595
2025-02-11,7.95737966817165,5.4797972374690636,4.180702552113727,4.035320953810288,6.525127285036964
2025-02-12,7.931745088352648,5.480745329372054,4.181425880015601,4.0223212275939435,6.504106684890602
2025-02-13,8.015485314236184,5.481682710815291,4.182141036584762,4.0647873033972965,6.572774469457097
2025-02-14,8.01509032086977,5.48260937622593,4.182848017569519,4.064586995623309,6.5724505711262315
2025-02-18,8.038621805843222,5.4835427252030735,4.183560097648701,4.0765202071008835,6.591746613424158
2025-02-19,8.057551291657164,5.484474057062751,4.184270638808142,4.086119667467893,6.607268972482923
2025-02-20,8.024029902141852,5.4854055471010135,4.184981300646797,4.069120407516399,6.579781113102075
2025-02-21,7.886787661557284,5.486317604610631,4.185677136823373,3.9995225609546767,6.467241165777463
2025-02-24,7.850897944047486,5.487216751106941,4.186363122798575,3.9813222820773344,6.437811254834273
2025-02-25,7.81185480842236,5.488102980161585,4.187039253668011,3.961522851880392,6.4057955109355715
2025-02-26,7.815796581066523,5.488984996711968,4.187712170690922,3.9635217910298923,6.40902780212996
2025-02-27,7.691043965439772,5.489871511352311,4.1883885194423005,3.9002576431729215,6.306729466490425
2025-02-28,7.811065637791532,5.490740741008274,4.189051680957879,3.9611226501914554,6.405148383485267
2025-03-03,7.674215942267387,5.491603571696148,4.189709960507744,3.891723869826609,6.29293032685724
2025-03-04,7.583377261216372,5.4924665379717,4.190368343501539,3.8456580481180067,6.218441741295137
2025-03-05,7.664882183730889,5.493336178506879,4.191031818489259,3.8869905640185687,6.285276555761957
2025-03-06,7.52882247493957,5.4941994170492165,4.191690409203594,3.817992399201697,6.173706295795663
2025-03-07,7.57102066088402,5.495069331956915,4.192354093518384,3.839391808436313,6.208309211072729
2025-03-10,7.369362673596272,5.4959175787704595,4.193001246590757,3.737127654212234,6.042947736571254
2025-03-11,7.3081003450084205,5.496776861122061,4.193656819007883,3.7339748235007835,5.9927120423499
2025-03-12,7.346881511892599,5.497651546646391,4.194324142969955,3.7345689996532534,6.024512969380402
2025-03-13,7.248943559572109,5.498511100102493,4.194979922220879,3.7351528965524055,5.944202913611263
2025-03-14,7.398677057318488,5.49938824353989,4.195649121398947,3.735748742371617,6.066985811043805
2025-03-17,7.4557299318072525,5.500274256090238,4.196325087090728,3.7363506130023323,6.11376971272258
2025-03-18,7.375145572345037,5.501156046090024,4.196997831271357,3.7369496152434647,6.047689768745878
2025-03-19,7.455466330862312,5.502027062463988,4.197662355927974,3.7375412989325447,6.113553557431527
2025-03-20,7.4339089966189285,5.502889483372588,4.198320322844876,3.7381271436996393,6.095876337576504
2025-03-21,7.436360567017078,5.503749855775941,4.198976726895353,3.7387115969117892,6.097886648704443
2025-03-24,7.569534539147992,5.504632202975042,4.199649896180141,3.7393109776598656,6.2070905770634175
2025-03-25,7.587729533164886,5.505497216606939,4.200309841163826,3.744559899778172,6.222010645837514
2025-03-26,7.497146292038845,5.506366735611784,4.200973223432391,3.699856886731919,6.14773152345219
2025-03-27,7.477235851624845,5.507234206879259,4.201635043420368,3.6967399041245654,6.13140477225768
2025-03-28,7.326656056107867,5.508084331524686,4.202283629147309,3.697310551673258,6.007927902574915
2025-03-31,7.375838442940255,5.508934587399672,4.202932314993237,3.697881287310005,6.048257929247753
2025-04-01,7.396671894712547,5.509780602354166,4.20357776531304,3.6984491762219847,6.065341558566664
2025-04-02,7.443480240836474,5.51063549291588,4.204229987101229,3.699023022899724,6.103724849197167
2025-04-03,7.076660347554338,5.511446780919004,4.204848943182664,3.6995676012892065,5.802929035227972
2025-04-04,6.6623714735819295,5.5122516271155835,4.205462984615637,3.7001078556055855,5.4632082039777865
2025-04-07,6.65050453444761,5.513067527852454,4.2060854598907405,3.700655530300086,5.453477200611824
2025-04-08,6.546339315841141,5.513879173905166,4.206704689139002,3.7012003490309358,5.368060727045837
2025-04-09,7.233831798898831,5.514734700396038,4.207357396096722,3.701774622577154,5.931811125609926
2025-04-10,6.9168520706584395,5.515575040921812,4.2079985172237455,3.702338702519642,5.6718847227240605
2025-04-11,7.040267095112563,5.516441774142529,4.208659774133595,3.702920498601467,5.773086220834071
2025-04-14,7.108569119524129,5.517282374793827,4.209301093718225,3.7034847531536346,5.82909453282826
2025-04-15,7.088658679110129,5.518123103536652,4.2099425110277435,3.7040490936874484,5.812767781633749
2025-04-16,6.931092234399222,5.518948632270792,4.21057233179229,3.7046032311907497,5.68356179292093
2025-04-17,6.940980942293491,5.519783044742575,4.2112089302281674,3.70516333191737,5.691670627786852
2025-04-21,6.775766805771313,5.520604441028996,4.211835598223737,3.705714695508429,5.556193458787778
2025-04-22,6.952057078592987,5.521428150263055,4.212464030836805,3.7062676116693463,5.700753165279655
2025-04-23,7.059782542160152,5.522262937614344,4.213100915279562,3.7068279640344435,5.789089073697717
2025-04-24,7.208384106437078,5.523089085680804,4.213731208551411,3.7073825172655708,5.910943774880442
2025-04-25,7.260466103663816,5.5239087822355835,4.214356579770457,3.7079327399090056,5.953651509754866
2025-04-28,7.263233505534697,5.52471325625268,4.21497033725648,3.708472744399302,5.955920805705212
2025-04-29,7.257022287993258,5.525513462736225,4.215580838912471,3.7090098843007726,5.993440813594356
2025-04-30,7.258059005462972,5.5263028218023305,4.216183064746602,3.709539742855673,5.995818521795942
2025-05-01,7.25912467285663,5.527114223407119,4.216802107498172,3.710084397500457,6.03831077059074
2025-05-02,7.260227944582703,5.527954257037105,4.217442994485145,3.710648271438649,6.127943610755121
2025-05-05,7.2613313839885665,5.528794418338869,4.218083978876767,3.685660368900082,6.092805326336127
2025-05-06,7.262420583696166,5.529623737501621,4.218716691473599,3.682527557586517,6.041879005921687
2025-05-07,7.263509946783721,5.530453181062247,4.21934949897732,3.683079936720155,6.067288294609001
2025-05-08,7.2646340614183424,5.531309084530744,4.220002493542638,3.6836499371865523,6.109563718901318
2025-05-09,7.265752584440497,5.532160730532648,4.22065223995831,3.684217102335611,6.101778782366262
2025-05-12,7.266900112031214,5.5330344606797714,4.221318835034304,3.6847989747192336,6.303426908096166
2025-05-13,7.268059355620514,5.533917111415166,4.221992235896083,3.705448469113755,6.345054535726751
2025-05-14,7.269227436588382,5.534806490950929,4.2226707703625666,3.710184338490367,6.3531640398041
2025-05-15,7.27036974375699,5.535676246256651,4.223334332912195,3.7283059367016356,6.384194704481654
2025-05-16,7.271518000565726,5.536550531632052,4.2240013515885835,3.751921190287309,6.424632474194304
2025-05-19,7.272663553203117,5.537422758045171,4.22466679942056,3.7560251153841735,6.431659863393532
2025-05-20,7.273809286310507,5.538295121868561,4.225332352086977,3.7433967817345217,6.410035634539646
2025-05-21,7.274963859213097,5.53917421633235,4.226003039761912,3.680317643532496,6.302021564098606
2025-05-22,7.276118615381226,5.540053450334943,4.226673833895208,3.6817702946690587,6.304509022974288
2025-05-23,7.277273554843986,5.540932823898489,4.227344734503763,3.656639078275011,6.261475382134716
2025-05-27,7.278405575174739,5.541794746782206,4.228002321462463,3.7326631084857462,6.391655742685844
2025-05-28,7.279549324622267,5.542665600242415,4.228666721827264,3.711067966206205,6.354677126841473
2025-05-29,7.2806816989616525,5.543527792669119,4.229324514428437,3.725717192787567,6.379761847986494
2025-05-30,7.281805581969945,5.544383519776797,4.229977374442767,3.721549956018891,6.372626046536026
2025-06-02,7.282944086493476,5.5452503797398105,4.230638728048136,3.7425131540186847,6.408522547502275
2025-06-03,7.28408854913564,5.546121776228056,4.231303542705401,3.76385504961098,6.445067514341684
2025-06-04,7.285207177019971,5.546973502072262,4.231953350035174,3.7628444077387306,6.443336933590403
2025-06-05,7.286340431469729,5.547836364617028,4.232611653889624,3.744659497855651,6.412197856661608
2025-06-06,7.2875085590627116,5.548725779653261,4.233290215440485,3.783113522225332,6.478044915061573
2025-06-09,7.288668198321515,5.5496087316523255,4.233963846145403,3.786523363809005,6.483883784765722
2025-06-10,7.289828022110217,5.5504918241528785,4.234637584043143,3.8079918827449237,6.520645576107612
2025-06-11,7.290967780935896,5.551359639144432,4.235299666268585,3.797131195339736,6.502048190539901
2025-06-12,7.292096144997231,5.552218778136205,4.235955129312174,3.8122224311854116,6.527889789809321
2025-06-13,7.293242045820017,5.553091269658484,4.236620779403924,3.7696011700470544,6.454906929958889
2025-06-16,7.294391020856601,5.55396610189422,4.2372882152965525,3.8054656688770887,6.516319793440837
2025-06-17,7.295531493103513,5.554834460086342,4.237950711946087,3.7729480907717043,6.460638056623225
2025-06-18,7.296672143662356,5.555702954045578,4.238613312176446,3.772379067350979,6.459663684784916
2025-06-20,7.297801390541732,5.556562765217038,4.239269288046188,3.7635197322380534,6.444493330936968
2025-06-23,7.29891343646791,5.557409479543166,4.2399152719377,3.800693844723891,6.508148721912165
2025-06-24,7.299999584300718,5.558236475001432,4.24054621171031,3.8426808167057667,6.580045451615911
2025-06-25,7.301082996937435,5.5590613878751025,4.241175562616333,3.844833804360145,6.58373213736951
2025-06-26,7.302154981345715,5.559877599269353,4.2417982749013206,3.8749154463519444,6.635242679360079
2025-06-27,7.303235816190176,5.560700549406071,4.242426128376137,3.8941668843360944,6.668208034274274
2025-06-30,7.304313912905899,5.561521414725269,4.243052391280802,3.9127859872277084,6.7000906050989215
2025-07-01,7.305409559992835,5.5623556429374785,4.243688849139494,3.911519753791479,6.697922360074115
2025-07-02,7.306505371426835,5.56318999628392,4.244325402466866,3.9292521024649436,6.728286490169968
2025-07-03,7.307630341301483,5.564046550934141,4.244978893838357,3.960219717049314,6.7813141344664745
2025-07-07,7.308761284092399,5.564907653376548,4.245635854857642,3.9307078801038178,6.730779302737068
2025-07-08,7.309892401910176,5.565768889084809,4.246292917549465,3.928555283262228,6.727093286194896
2025-07-09,7.311012091778088,5.566621423525756,4.2469433417820746,3.952113478180714,6.767433351039146
2025-07-10,7.312131953154052,5.567474088553328,4.247593865643157,3.9632594589218417,6.786519260948866
2025-07-11,7.3132635926229925,5.568335721447985,4.2482512313604595,3.9493273738082206,6.762662542773143
2025-07-14,7.314395407226613,5.56919748769059,4.248908698812932,3.9568630260049393,6.775566277516453
2025-07-15,7.275825048207453,5.539829927613567,4.22650330167089,3.939954510690602,6.746612845109579
2025-07-16,7.3001493987365285,5.558350544057462,4.240633238432833,3.953126464929697,6.769167947058991
2025-07-17,7.344823669508552,5.59236563658338,4.266584378223394,3.977318167379086,6.81059280362707
2025-07-18,7.3394448009916635,5.588270153722107,4.263459810851961,3.97440543966297,6.805605170858587
2025-07-21,7.3533614414869195,5.598866315806358,4.271543942426271,3.981941482672478,6.818509574813325
2025-07-22,7.354414409307414,5.599668047926928,4.272155608036753,3.9825116785315706,6.819485954285916
2025-07-23,7.41698119427113,5.647306541914898,4.308500451607342,4.016392411644846,6.877501900562334
2025-07-24,7.41943643520692,5.649175968010973,4.309926693147341,4.017721956752887,6.879778557838381
2025-07-25,7.450779368364029,5.67304054941205,4.328133701918835,4.034694565364614,6.9088417409193505
2025-07-28,7.448908708603426,5.671616224767421,4.327047041697884,4.033681578615631,6.907107144899505
2025-07-29,7.429261729181013,5.6566569694430635,4.315634174724516,4.023042482061783,6.888889202211134
2025-07-30,7.4199055435573795,5.64953314818806,4.310199196674972,4.017975985065711,6.880213545266196
2025-07-31,7.392071540861711,5.628340274511592,4.294030514290156,4.0029035082339055,6.854404068145292
2025-08-01,7.270912401220405,5.536089426897522,4.223649560882302,3.9372942480361552,6.742057522923202
2025-08-04,7.381429276652663,5.620237230063405,4.287848457338708,3.997140582847907,6.84453587643671
2025-08-05,7.344005255863286,5.5917424945513545,4.266108964376728,3.9768749856764067,6.809833917868388
2025-08-06,7.400257842429813,5.634573343355738,4.298785910465409,4.007336497699075,6.861994933366399
2025-08-07,7.394059116857352,5.629853619446511,4.295185090774917,4.003979806654701,6.856247076416379
2025-08-08,7.451714698244331,5.673752711734365,4.328677032029312,4.035201058739107,6.909709038929274
2025-08-11,7.43697964410381,5.662533407618088,4.320117486608336,4.027221834026919,6.896045749215854
2025-08-12,7.51615358637896,5.722816629382895,4.366109374293247,4.070095560226944,6.969460919648393
2025-08-13,7.54188309684395,5.742407137834156,4.381055563929493,4.084028426966143,6.993318976246972
2025-08-14,7.542583872549021,5.742940710067926,4.381462642276153,4.0844079061842224,6.9939687805429855
2025-08-15,7.524925190827404,5.729495349186452,4.371204771023743,4.074845498863959,6.977594515337128
2025-08-18,7.5232869201265675,5.728247966106473,4.370253104858017,4.073958353833021,6.976075405396909
2025-08-19,7.482472328521097,5.697171642176032,4.346544040245562,4.051856718178988,6.938229491542616
2025-08-20,7.462590794923454,5.682033796763132,4.334994921508379,4.041090607468729,6.919794055140337
2025-08-21,7.432653021702261,5.65923910736942,4.317604165611187,4.024878911357106,6.892033826708533
2025-08-22,7.546794300420687,5.746146539534273,4.383908466245686,4.086687907995014,6.997872960010493
2025-08-25,7.5135807075029755,5.720857633488567,4.364614797253241,4.068702312634303,6.967075180909678
2025-08-26,7.545039835189966,5.744810685671968,4.382889303052347,4.085737842105052,6.99624610703046
2025-08-27,7.562231573676587,5.75790051490025,4.392875928485715,4.095047393550859,7.012187392442783
2025-08-28,7.589011886846607,5.778291106948184,4.408432526023853,4.109549283710782,7.037019820879669
2025-08-29,7.54375375660455,5.743831462478784,4.382142224150441,4.085041413715125,6.995053572266816
2025-09-02,7.487852640448291,5.7012682240532335,4.3496694460893846,4.05477022752068,6.943218462733953
2025-09-03,7.528433399583686,5.732166507403096,4.37324267817422,4.07674523983109,6.980847552085765
2025-09-04,7.5913509332525155,5.780072062261935,4.409791270536239,4.1108159079598,7.039188735115904
2025-09-05,7.569364907424195,5.7633318516238266,4.3970196590504855,4.0989101871569344,7.018801878191299
2025-09-08,7.5879596407312695,5.777489924335581,4.407821279649569,4.108979478664479,7.036044110618508
2025-09-09,7.605502127923003,5.79084681443473,4.418011653874365,4.11847896512572,7.052310632784551
2025-09-10,7.627488153751325,5.807587025072839,4.43078326536012,4.130384685928586,7.072697489709157
2025-09-11,7.690874795770614,5.855849760108764,4.4676043612497685,4.16470938237012,7.131473660167111
2025-09-12,7.688301195189475,5.853890214706469,4.466109364973567,4.16331574396469,7.129087252216968
2025-09-15,7.7292334247351375,5.885056108435164,4.489886765086028,4.185481082103323,7.167042247533929
2025-09-16,7.718590438820936,5.8769525144790125,4.483704288898383,4.1797177659045355,7.15717338661392
2025-09-17,7.709001142432382,5.8696512021513945,4.4781338975574165,4.174525036377629,7.148281574377929
2025-09-18,7.7450214466961524,5.897077144672008,4.499057976117486,4.194030502674603,7.18168191671994
2025-09-19,7.783381519070986,5.926284592014338,4.521341218426138,4.214802984033384,7.217251842509613
2025-09-22,7.8202043594666195,5.954321587391752,4.542731487636554,4.234743034151681,7.251396347958904
2025-09-23,7.777636024335584,5.921909959106972,4.518003679066957,4.2116917234204765,7.211924250336006
2025-09-24,7.752889476291095,5.903067880503699,4.503628489130145,4.198291143699841,7.1889776597015596
2025-09-25,7.717122490536573,5.875834815278712,4.482851562474996,4.178922852691791,7.155812210570569
2025-09-26,7.7613341483045275,5.909497673199226,4.508533971863693,4.202864044143457,7.196808102613679
2025-09-29,7.783146964895756,5.926106001925795,4.521204966662322,4.214675969876972,7.217034348795706
2025-09-30,7.812464793389187,5.948428663977787,4.538235598666844,4.230551957802878,7.244219724611365
2025-10-01,7.839086331425206,5.968698364273478,4.553699964241786,4.244967869149232,7.268904926534222
2025-10-02,7.848114862908671,5.975572708912485,4.558944609058185,4.249856937139116,7.277276761491114
2025-10-03,7.847998668378788,5.97548423813016,4.558877112030571,4.249794016280093,7.277169018451302
2025-10-06,7.87614372599607,5.996913949739436,4.575226485216017,4.265034933423941,7.303266925697421
2025-10-07,7.846942813737677,5.974680307977733,4.558263769475304,4.249222257169846,7.276189962133002
2025-10-08,7.893734567433159,6.010307656872224,4.58544494826597,4.274560604342042,7.319578285029102
2025-10-09,7.870866617905974,5.992895947501193,4.57216103014827,4.262177310311068,7.298373651740202
2025-10-10,7.658133919729134,5.830920781779968,4.448585291965934,4.146979769386177,7.10111421455125
2025-10-13,7.775641231288398,5.9203911190924075,4.5168449102202315,4.210611516871792,7.210074549950647
2025-10-14,7.766142148044163,5.913158495260384,4.511326923403809,4.205467638943506,7.201266389143083
2025-10-15,7.800620168392652,5.93941013926033,4.531355094212268,4.224137938310473,7.233236626664719
2025-10-16,7.74749689537627,5.898961956991098,4.500495956270981,4.1953709905407335,7.183977311915956
2025-10-17,7.79147327726384,5.932445675315104,4.526041694659667,4.219184777023199,7.22475504103373
2025-10-20,7.872508497132582,5.9941460781209965,4.573114792494977,4.26306640940595,7.299896107737558
2025-10-21,7.8723908591923895,5.994056508322743,4.5730464569949705,4.26300270692135,7.29978702627489
2025-10-22,7.831462959877655,5.962893911641836,4.549271572299688,4.240839713659451,7.2618360462264935
2025-10-23,7.87790324316287,5.998253650157494,4.576248583062728,4.265987735003424,7.3048984631574445
2025-10-24,7.942285838295444,6.047274706184773,4.613648224903347,4.300851753093722,7.364598145385225
2025-10-27,8.035986261921447,6.118618424264043,4.668078498748488,4.351591759109927,7.451483203428664
2025-10-28,8.057329970162217,6.134869572813526,4.6804769900194865,4.363149656530618,7.471274462182874
2025-10-29,8.061200474906087,6.1378165840284735,4.682725353740537,4.365245585517808,7.474863443068071
2025-10-30,7.972541883489795,6.070311728590939,4.631223863963131,4.317235797645276,7.392653496056516
2025-10-31,7.9986935914702,6.090223699201578,4.646415306774244,4.331397289866017,7.416903041340129
2025-11-03,8.013705058684915,6.101653464868353,4.655135419658425,4.339526195876377,7.430822639030247
2025-11-04,7.918714226242568,6.029327226548112,4.599955551494202,4.288087416593513,7.3427410309546
2025-11-05,7.946156343039314,6.0502217173997215,4.6158965886243974,4.302947682080912,7.368187126270421
2025-11-06,7.8608984263112776,5.985306143492083,4.566370539804216,4.256779404069958,7.289130503504819
2025-11-07,7.8686379923887095,5.991199066906049,4.5708664287739245,4.26097048041876,7.2963071268523585
2025-11-10,7.991423133743224,6.084687955964697,4.642191921332166,4.327460241830037,7.410161405420403
2025-11-11,8.00971691600085,6.0986168838551515,4.652818720437368,4.337366564404586,7.427124576682381
2025-11-12,8.014173445330218,6.102010095537476,4.655407503949859,4.3397798333764115,7.431256957246635
2025-11-13,7.881186279910934,6.000753361889138,4.578155688519947,4.267765542380402,7.30794270594073
2025-11-14,7.879897314504901,5.999771940664096,4.577406932673257,4.26706755073932,7.3067474943313755
2025-11-17,7.806483301068244,5.94387434196595,4.534760969071454,4.2273129014079815,7.238673300300992
2025-11-18,7.740928656764677,5.89396088500392,4.496680487647955,4.191814203348414,7.1778868187151
2025-11-19,7.77083323154876,5.916730297031253,4.514051958680115,4.208007922071745,7.205616263421243
2025-11-20,7.652388424993731,5.8265461488726045,4.445247752606752,4.143868508773271,7.0957866223776405
2025-11-21,7.728614923417682,5.884585180109376,4.48952747966575,4.185146155543185,7.166468733340638
2025-11-24,7.842369368173267,5.9711980760051215,4.555607069699002,4.24674567652621,7.271949169317506
2025-11-25,7.916133408609882,6.027362186066171,4.598456362856037,4.286689870060194,7.340347930890183
2025-11-26,7.970783088028146,6.068972577680847,4.630202185352615,4.316283386878583,7.391022627807918
2025-11-28,8.014291083270411,6.1020996653357304,4.655475839449866,4.3398435358610135,7.431366038709304
2025-12-01,7.977702075344853,6.074240710538894,4.634221402767069,4.320030109086339,7.3974383577624945
2025-12-02,7.992478988384338,6.0854918861171265,4.642805263887434,4.328032000940287,7.4111404617387056
2025-12-03,8.02015493765116,6.106564417549315,4.658882133545249,4.34301888977131,7.436803381557007
2025-12-04,8.026018792031907,6.111029169762899,4.662288427640632,4.346194243681606,7.4422407244047095
2025-12-05,8.041263370011542,6.122636426502288,4.671143953816234,4.3544493822228,7.456376477385881
2025-12-08,8.01710573337317,6.10424274639825,4.657110860615648,4.341367705737955,7.4339759632762
2025-12-09,8.01018602435131,6.098974064032238,4.653091223964998,4.3376205927174105,7.427559564110197
2025-12-10,8.063311462483156,6.139423894825365,4.6839516196148745,4.366388712925517,7.476820886493243
2025-12-11,8.08207435309124,6.153710002892905,4.694850922247707,4.376549063812888,7.494219045183037
2025-12-12,7.995175278841749,6.087544847873427,4.644371530317015,4.3294920775198396,7.4136406356315065
2025-12-15,7.983096099669986,6.078347733067425,4.637354774098624,4.322951043871022,7.402440043970953
2025-12-16,7.961284004783912,6.0617399538488215,4.624684198536191,4.311139508950296,7.382214467000353
2025-12-17,7.873681268008731,5.995039028563713,4.573796051314052,4.263701480188011,7.3009835763070985
2025-12-18,7.9331375037563205,6.040309143223616,4.608333986878352,4.295897810180871,7.35611522133138
2025-12-19,8.005039544894188,6.095055522735613,4.650101650648792,4.33483370671934,7.422787417421341
2025-12-22,8.054909371073844,6.133026523099758,4.679070871816911,4.361838870436449,7.469029927055342
2025-12-23,8.09172427271278,6.161057473889562,4.700456529429168,4.381774621614068,7.503167071178932
2025-12-24,8.120188324008375,6.182730068019256,4.716991205013403,4.397188278010635,7.529560769875965
2025-12-26,8.119364858427028,6.182103079431478,4.716512856513361,4.396742360618432,7.52879719963729
2025-12-29,8.090430255370665,6.160072206108768,4.699704838929104,4.381073894283463,7.501967175089586
2025-12-30,8.080550111804826,6.152549442071356,4.693965495401006,4.375723667202606,7.492805670648349
2025-12-31,8.02068250411914,6.106966107871546,4.659188595204784,4.343304573920039,7.437292575110443
2026-01-02,8.035384359822551,6.118160134621444,4.6677288557607275,4.351265821243936,7.450925081098203
2026-01-05,8.088901683853319,6.15890834823943,4.698816896665224,4.380246152796446,7.500549785286331
2026-01-06,8.137007662635243,6.1955363511377275,4.726761504569452,4.406296170057338,7.545156742191743
2026-01-07,8.1107787322033,6.17556558317486,4.711525203485328,4.392092860868179,7.5208355912853975
2026-01-08,8.109955266621956,6.174938594587082,4.7110468549852875,4.391646943475976,7.520072021046723
2026-01-09,8.16358950688776,6.215775828495356,4.742202812153593,4.420690586700298,7.5698051374860915
2026-01-12,8.17640987725325,6.225537287981154,4.74965012394564,4.427632985083376,7.581693009282595
2026-01-13,8.160061090387146,6.213089284055698,4.740153166389614,4.418779902975074,7.566533362817486
2026-01-14,8.119952326422828,6.182550378914781,4.7168541147771945,4.397060482228643,7.5293419377392
2026-01-15,8.14206537235835,6.199387302954685,4.729699511833506,4.409034986082365,7.549846575875028
2026-01-16,8.135243093532354,6.194192804163914,4.7257364720693635,4.40534063278833,7.543520520251725
2026-01-20,7.969635576832402,6.068098860016894,4.629535599800409,4.315661994544135,7.389958581638335
2026-01-21,8.061614011959641,6.138131452092273,4.682965576081047,4.365469521245881,7.475246901215973
2026-01-22,8.103721899202071,6.170192494295544,4.70742591195737,4.38827149341773,7.514292041948185
2026-01-23,8.106661404296569,6.172430640235967,4.709133460985123,4.389863273907163,7.517017740092024
2026-01-26,8.147828909722616,6.20377567356117,4.733047532097595,4.412156017014997,7.55519089833432
2026-01-27,8.180291207574436,6.228492541815572,4.751904776209636,4.4297347762624,7.585292028339202
2026-01-28,8.17946774199309,6.227865553227794,4.751426427709595,4.429288858870197,7.584528458100528
2026-01-29,8.163236593067179,6.215507119100592,4.7419978056535745,4.420499479246495,7.569477893098086
2026-01-30,8.138889869678314,6.19696946790979,4.727854872569544,4.407315409810943,7.5469020455944245
2026-02-02,8.179350104052899,6.227775983429539,4.751358092209589,4.429225156385597,7.584419376637859
2026-02-03,8.110190542502336,6.175117734183588,4.711183525985298,4.391774348445175,7.5202901839720555
2026-02-04,8.070905965824519,6.145206367138415,4.688363242109116,4.3705012359037365,7.483862998343871
2026-02-05,7.970106128593171,6.06845713920991,4.629808941800432,4.315916804482536,7.3903949074890045
2026-02-06,8.123010912867825,6.184879193669386,4.718630837777345,4.398716746828253,7.532178055768559
2026-02-09,8.162177851605449,6.214700990916305,4.741382786153522,4.419926156885091,7.568496159934075
2026-02-10,8.140653717076042,6.198312465375635,4.728879485833435,4.408270556267159,7.548537598323012
2026-02-11,8.138772231738121,6.196879898111535,4.727786537069538,4.407251707326342,7.546792964131756
2026-02-12,8.013037481416946,6.101145170000959,4.654747626176795,4.339164694046588,7.430203618459889
2026-02-13,8.018682659135864,6.105443421301224,4.658026891704683,4.34222163168183,7.435438190245087
2026-02-17,8.031620667441546,6.115294450585276,4.6655425389967355,4.349227732549508,7.447435143504258
2026-02-18,8.072081623521285,6.1461015156129895,4.689046177872976,4.371137869936951,7.48495314375912
2026-02-19,8.050792764872263,6.1298921296688285,4.676679548552901,4.359609674288221,7.4652127450733925
2026-02-20,8.109014884805566,6.174222585709011,4.710500590221435,4.391137714411959,7.5192000385568045
2026-02-23,8.026210765603013,6.111175338881519,4.662399944468859,4.346298199883467,7.442418734644396
2026-02-24,8.084549080066198,6.155594265704025,4.696288483165006,4.377889160866228,7.49651377116762
2026-02-25,8.152768981505533,6.2075370555798735,4.735917203861643,4.414831130555424,7.559771650554937
2026-02-26,8.107484869877913,6.173057628823743,4.709611809485162,4.390309191299364,7.5177813103306965
2026-02-27,8.068553207020674,6.143414971173333,4.6869965321089975,4.369227186211727,7.4816813690905155
2026-03-02,8.073140364983017,6.146907643797276,4.689661197373028,4.3717111922983545,7.48593487692313
2026-03-03,8.00198168015434,6.092727257488971,4.6483253468848345,4.333177832932515,7.419951968603402
2026-03-04,8.058438509279606,6.135713617047378,4.681120936817083,4.363749944974458,7.4723023709353695
2026-03-05,8.013507311472562,6.10150289968601,4.6550205489406205,4.3394191131722,7.430639275099133
2026-03-06,7.908473230099449,6.021529708528324,4.594006589867924,4.282541783118174,7.333244920799655
2026-03-09,7.977751151295359,6.0742780770804945,4.634249910828418,4.320056684355985,7.397483864139554
2026-03-10,7.964930780929869,6.0645166175946965,4.62680259903637,4.313114285972907,7.385595992343051
2026-03-11,7.9549337211289926,6.056904833266996,4.620995339244463,4.307700747220239,7.3763260756505735
2026-03-12,7.834138320885583,5.964930937667161,4.550825680879573,4.242288456668125,7.264316812987898
2026-03-13,7.789796034484655,5.931168618805027,4.525067389739336,4.218276528101658,7.223199793676427
2026-03-16,7.869071737186595,5.991529321192862,4.571118389727932,4.261205358904926,7.29670932292023
2026-03-17,7.889771684429501,6.007290308637788,4.583142922311781,4.272414651317865,7.315903645081191
2026-03-18,7.77968061503843,5.923466715171107,4.519191375211226,4.212798896051599,7.213820126309853
2026-03-19,7.760508517607713,5.9088690360875535,4.50805436565506,4.202416954312887,7.196042524740718
2026-03-20,7.649256224622965,5.824161284305592,4.5042404085488785,4.1988615761594765,7.092882244782679
2026-03-23,7.729573347862927,5.88531492668656,4.5049249815950985,4.1994997364704565,7.167357446116235
2026-03-24,7.703626604146415,5.865559016337909,4.50562217236606,4.20014965904872,7.143297956878006
2026-03-25,7.746556513559882,5.898245948113028,4.506308743363753,4.200789681853909,7.183105329426036
2026-03-26,7.608212852483501,5.7929107663503245,4.507016877594854,4.201449805946772,7.054824190905897
2026-03-27,7.4784784121957895,5.6941306650991095,4.507710815114102,4.202096695837528,6.934526075503327
2026-03-30,7.45347493711628,5.675092961660386,4.5083941268329015,4.202733680336659,6.911341245600723
2026-03-31,7.670131546218427,5.84005580218595,4.509072174997215,4.20336575814017,7.112239185320501
2026-04-01,7.727922086469308,5.8840576524632136,4.509753903766529,4.204001267010746,7.1658262903703225
2026-04-02,7.734880767569513,5.8893560082593215,4.510432156436977,4.204633535455269,7.172278826953405
2026-04-06,7.771442350699199,5.917194081753498,4.5111194603846245,4.205274241517814,7.206181077865973
2026-04-07,7.7748617897214745,5.919797650490478,4.511801498683992,4.2059100389329,7.20935180160904
2026-04-08,7.9728846934382025,6.070572744874193,4.512480059306215,4.20654259445066,7.392971371484531
2026-04-09,8.018880406348213,6.105593986483566,4.534000156576269,4.226603670535974,7.435621554176198
2026-04-10,8.01357370834678,6.1015534544187675,4.5309996666886345,4.223806608089012,7.430700842550455
2026-04-13,8.091885934667392,6.161180563673663,4.575278621905175,4.2650835353459025,7.5033169745386665
2026-04-14,8.190484571177352,6.236253792309684,4.631027830113899,4.3170530545138055,7.594743970539934
2026-04-15,8.255115432883091,6.285463879076835,4.667571128210912,4.35111878731849,7.6546738614987415
2026-04-16,8.275401121367285,6.300909448949996,4.679040973139735,4.361810998832053,7.67348405630037
2026-04-17,8.375415021685322,6.377060262704889,4.735590393597833,4.414526477398636,7.766223375910787
2026-04-20,8.358666410163597,6.364307831366963,4.726120467197406,4.405698593785599,7.750692986314893
2026-04-21,8.30394311681957,6.322641389939883,4.695179062909375,4.376854957169123,7.699950029831562
2026-04-22,8.388034758017845,6.386668958976487,4.7427257895144885,4.421178107202469,7.777925206930469
2026-04-23,8.355482968726859,6.361883951734455,4.724320499715512,4.40402066063538,7.747741094708588
2026-04-24,8.420232190077945,6.411184157807827,4.7609307202036,4.438148778621801,7.807780736341492
2026-04-27,8.434738463684473,6.4222292678992785,4.76913279374385,4.445794767358908,7.821231886032424
2026-04-28,8.393695091545009,6.390978749944012,4.745926230448626,4.424161564399739,7.783173832155642
2026-04-29,8.392398187382277,6.389991284131359,4.745192940590327,4.423477990182795,7.781971259220587
2026-04-30,8.47589947376413,6.4535693556527995,4.792405871366788,4.467489975102363,7.859399021371874
2026-05-01,8.499370047095368,6.471439904174397,4.805676499904224,4.479860880561043,7.88116244620266
2026-05-04,8.468233521612461,6.447732482051238,4.788071422354623,4.463449393392634,7.852290657589929
2026-05-05,8.536167627810594,6.499457666773046,4.8264824264513235,4.499256205324172,7.915283529251992
2026-05-06,8.654815233514052,6.589796226669789,4.893567634806721,4.561793165642166,8.025301218706698
2026-05-07,8.62827885668627,6.569591368313939,4.878563553115107,4.547806331817554,8.000694983732275
2026-05-08,8.699514763966484,6.623830551974473,4.918841447084775,4.585353462081045,8.066749497674737
2026-05-11,8.719328457279598,6.638916743638688,4.930044418576019,4.595796893662564,8.085122028202838
2026-05-12,8.706119087835804,6.6288590993598895,4.922575634894069,4.588834479142402,8.072873451446961
2026-05-13,8.754828412126935,6.665946490916717,4.950116647201457,4.614508263811299,8.118039869105687
2026-05-14,8.823941784547605,6.718569571652924,4.989194426828743,4.650936645175494,8.182126232240135
2026-05-15,8.717795555531325,6.63774958872156,4.9291776919989285,4.594988929479597,8.08370062313102
2026-05-18,8.711662505127928,6.633079870037124,4.925709969563852,4.5917563119528335,8.078013664420892
2026-05-19,8.653635967291509,6.588898330655388,4.892900859276134,4.561171596209506,8.024207727234309
2026-05-20,8.742327035439756,6.656427913951337,4.943048173675875,4.607919019189199,8.106447788760097
2026-05-21,8.759663836662442,6.669628194280533,4.952850671714874,4.6170569267236665,8.12252358566933
2026-05-22,8.794102884932585,6.695850164850382,4.972323047200802,4.635209112621478,8.154457685773886
2026-05-26,8.85248377999989,6.74030151264281,5.005332516598384,4.665980603512564,8.208592205771328
2026-05-27,8.850950156546464,6.739133808217718,5.004465381957934,4.665172258932149,8.207170131488084
2026-05-28,8.899777118777788,6.776310769572801,5.032072908593038,4.6909080483853325,8.252445630609479
2026-05-29,8.921950066241138,6.793193302773779,5.044609839208813,4.7025949992296185,8.273005813293784
2026-06-01,8.94624554856403,6.8116919388990835,5.05834688416697,4.7154006989732,8.2955341467861
2026-06-02,8.95839401143063,6.8209418064697,5.065215814709409,4.72180392924244,8.306798982743684
2026-06-03,8.895531327353549,6.773078014216183,5.029672271844913,4.688670170189293,8.24850865978203
2026-06-04,8.929144744926882,6.798671347674359,5.04867782284676,4.706387181404754,8.279677182013629
2026-06-05,8.69868913326967,6.623201914862798,4.91837462260069,4.584918287398693,8.06598391980178
2026-06-08,8.718384466937438,6.638197987220793,4.92951067170086,4.5952993337984775,8.084246699655788
2026-06-09,8.692792080451813,6.618711885282835,4.9150403368844024,4.581810059837952,8.060515793228417
2026-06-10,8.555745323538165,6.514364169332785,4.837551961223776,4.509575246939669,7.933437227643333
2026-06-11,8.701166025360099,6.625087826197815,4.919775096052935,4.586223811445746,8.06828065342065
2026-06-12,8.748224088257611,6.660917943531297,4.94638245939216,4.611027246749941,8.111915915333462
2026-06-15,8.902490008453753,6.778376370012289,5.033606818764071,4.6923379623984065,8.25496119636511
2026-06-16,8.84941725479819,6.737966653300589,5.003598655380843,4.664364294749183,8.205748726416266
2026-06-17,8.738906874712324,6.653823795706389,4.94111436141183,4.606116315675512,8.103276395805604
2026-06-18,8.829765223439697,6.723003551420479,4.992487090082287,4.654006072196377,8.187526099247904
2026-06-22,8.801978131579075,6.70184639576172,4.976775834587428,4.639360009591596,8.161760120869781
2026-06-23,8.674156209950931,6.604522490617089,4.904503324797023,4.571987436894193,8.043235415749846
2026-06-24,8.670135590534914,6.601461181745473,4.9022300038172855,4.56986824270243,8.039507238887747
2026-06-25,8.682669443954047,6.611004486569267,4.909316840194077,4.576474605209761,8.05112943374757
2026-06-26,8.619881817213038,6.563197843144083,4.873815735919044,4.543380407491373,7.992908708774366
2026-06-29,8.761893183884862,6.671325624383641,4.954111179434566,4.618231974445506,8.124590779768601
2026-06-30,8.830120302375741,6.723273909339136,4.992687857255512,4.654193227741584,8.18785535127019
2026-07-01,8.818177525478188,6.714180651538473,4.985935224770733,4.647898410745482,8.176781240569417
2026-07-02,8.806589827516675,6.705357751656465,4.979383359459178,4.641790749294587,8.166036381890928
2026-07-06,8.883448539656015,6.763878151870357,5.022840475068254,4.682301556087968,8.237304722064337
2026-07-07,8.841235283461021,6.731736881504233,4.998972441066128,4.660051728862986,8.198161876463724
2026-07-08,8.81392090847663,6.7109396535623835,4.983528467072206,4.645654826587697,8.172834231570555
2026-07-09,8.888532952469845,6.767749435482012,5.025715281440943,4.684981456120451,8.242019316570437
2026-07-10,8.926843948894168,6.796919516282738,5.0473769168544065,4.705174474335407,8.277543735983047
2026-07-13,8.858498470757942,6.744881112021024,5.008733316642385,4.669150835857593,8.21416941380736
2026-07-14,8.889951824803696,6.768829768140707,5.026517534007118,4.685729317506379,8.243334986236723
2026-07-15,8.92518835726962,6.7956589450116045,5.04644081950608,4.704301842586007,8.276008564968569
2026-07-16,8.876826173157829,6.75883586678582,5.019096085674954,4.678811029090371,8.231164038006426
2026-07-17,8.792991458994573,6.695003922584666,4.971694629626075,4.634623300549085,8.153427100175676
