sector,fiscal_quarter,quarter_end_date,constituent_count,market_cap_proxy_median,dollar_volume_total,volume_total,monthly_observations,market_cap_proxy_total,market_cap_coverage_count,market_cap_share,turnover_proxy,log_market_cap_proxy_total,log_dollar_volume_total,market_cap_proxy_total_qoq_pct,dollar_volume_total_qoq_pct,volume_total_qoq_pct,turnover_proxy_qoq_pct
COMMUNICATION SERVICES,2002Q2,2002-06-28,64,757073227.0082455,53398281595.4144,4341290694.0,190,240349830012.83823,64,2.7025859244317575e-07,0.22216900087910252,26.205361324037693,24.701044402552352,,,,
COMMUNICATION SERVICES,2002Q3,2002-09-30,66,658776170.2829194,48669864772.262,4199607575.0,194,191092634748.37112,66,2.578402187954973e-07,0.2546925203912228,25.976024146101764,24.608325882346616,-0.20493958852326233,-0.08854998104580303,-0.03263617412117026,0.14639089784545867
COMMUNICATION SERVICES,2002Q4,2002-12-31,66,694343033.8582757,58020697438.7141,4866231862.0,198,223426398040.65854,66,1.279099446663676e-07,0.25968595451355597,26.132347881509535,24.784065636245018,0.16920465477313762,0.19212777167569506,0.1587348996530944,0.01960573523974296
COMMUNICATION SERVICES,2003Q1,2003-03-31,66,674004434.7729199,61149592522.2237,6459993595.0,198,212989673277.07452,66,2.0118697454617097e-07,0.2871012081542342,26.084509519213277,24.836589035496043,-0.046712138113978674,0.053927222898597194,0.3275145488741613,0.10557079874432374
COMMUNICATION SERVICES,2003Q2,2003-06-30,66,1025783659.7112868,128809738171.608,10801617427.0,198,262245220383.1579,66,2.192125643303355e-07,0.491180498860602,26.292545858635027,25.58160225468879,0.23125791193645195,1.1064692806382062,0.6720786589262864,0.7108270007583319
COMMUNICATION SERVICES,2003Q3,2003-09-30,66,991152866.6157268,108708616150.7511,7779383701.0,198,259036507325.5175,66,2.0385756144683846e-07,0.4196652328011153,26.280234843637515,25.41193689335773,-0.012235544476090987,-0.15605281329022647,-0.2797945535865348,-0.1455987487805026
COMMUNICATION SERVICES,2003Q4,2003-12-31,69,1005725483.2188619,166035180997.0418,9512933443.0,202,318201763968.03894,69,3.3016809002176213e-07,0.5217921451048865,26.485951496417506,25.83546553657132,0.22840508951184857,0.5273415013101943,0.22283895596731673,0.24335328333517303
COMMUNICATION SERVICES,2004Q1,2004-03-31,69,1239751222.4293194,205841443867.82452,10345935109.0,207,329249927051.81976,69,1.1349761941749593e-07,0.6251829596773993,26.520082956011144,26.050372019415434,0.0347206217401439,0.2397459540306215,0.0875651733496523,0.19814559406932064
COMMUNICATION SERVICES,2004Q2,2004-06-30,70,1116852757.9682696,165912058002.235,8173173903.0,210,322646134389.3302,70,1.5466675885363635e-07,0.5142229840015143,26.499822000439288,25.834723713859834,-0.02005708162677955,-0.19398127566200474,-0.21001109934566475,-0.17748400521527563
COMMUNICATION SERVICES,2004Q3,2004-09-30,73,1445646263.2342389,137977048610.1843,7419713453.0,217,371327701859.0927,73,1.9319300810964448e-10,0.371577579370963,26.640350803100514,25.650353193860134,0.15088222755837988,-0.16837238792899778,-0.09218700824699677,-0.2773999005655712
COMMUNICATION SERVICES,2004Q4,2004-12-31,73,1439884119.0722704,543323209390.50354,14610150640.0,219,446499701259.2868,73,2.2598444310286905e-10,1.2168501073083369,26.824704568190594,27.02097020888374,0.2024411295570927,2.9377796152569684,0.9690990403534658,2.2748211271743592
COMMUNICATION SERVICES,2005Q1,2005-03-31,75,1200432169.7905757,287111673608.84393,10249676481.0,221,433245641266.0912,75,1.8991418294527255e-10,0.6626995086893568,26.794570704940085,26.38313708367818,-0.029684364750557468,-0.4715637604899596,-0.29845511291730253,-0.45539758372110184
COMMUNICATION SERVICES,2005Q2,2005-06-30,75,1422060141.7382197,223176654542.3523,9428048342.0,225,474242587070.72394,75,2.429056312904791e-10,0.47059597899222383,26.88498481479219,26.13122946764338,0.0946274858872802,-0.2226834536640806,-0.08016137294899661,-0.2898802959384451
COMMUNICATION SERVICES,2005Q3,2005-09-30,77,2218211902.7239823,231095300988.5121,8757998956.0,228,513622687949.28986,77,2.7016025791795346e-10,0.44993203456644854,26.964754762702597,26.166096020785545,0.08303788388513733,0.035481517824513586,-0.07106978684178666,-0.043910159347359756
COMMUNICATION SERVICES,2005Q4,2005-12-30,80,2061461729.6810308,271947785052.8285,10631860532.0,238,544038857935.4088,80,3.439030082313603e-10,0.49986831103361296,27.022286511279678,26.328875918100575,0.05921889881375719,0.17677764926231543,0.21396001363030992,0.11098626599300188
COMMUNICATION SERVICES,2006Q1,2006-03-31,83,2215500806.6886873,309900395728.04456,12756926895.0,247,590043648712.4319,83,2.5441460742225676e-10,0.5252160520739373,27.103462351978255,26.459516778696525,0.08456158986806228,0.13955844747124302,0.19987718580430291,0.05070883766948753
COMMUNICATION SERVICES,2006Q2,2006-06-30,83,2081585093.3726294,277729489060.6697,11739629518.0,249,590058861801.4583,83,4.182284741096675e-10,0.4706809897113612,27.103488134635086,26.34991341597668,2.578298920696831e-05,-0.10381047301277635,-0.07974470539599343,-0.10383357886194033
COMMUNICATION SERVICES,2006Q3,2006-09-29,83,2462149667.1755724,216453379646.9431,9596717538.0,249,624950601657.5912,83,4.726836287289926e-10,0.34635278224043914,27.160938446211343,26.100641024701616,0.059132642715691075,-0.220632348480434,-0.18253659340052775,-0.26414537699337437
COMMUNICATION SERVICES,2006Q4,2006-12-29,84,2971430025.18071,246583245525.5404,10930855763.0,250,734547438340.2045,84,7.020315023998954e-10,0.3356941058602341,27.32252041637021,26.23096548346477,0.17536879937698036,0.13919794612466707,0.13902026601462736,-0.030774045790126547
COMMUNICATION SERVICES,2007Q1,2007-03-30,85,2909044781.0962157,315619450152.1715,12398319582.0,253,738577585876.007,85,7.037061818424112e-10,0.42733418423174024,27.327991992134848,26.47780305314832,0.005486572174166371,0.2799711897679622,0.13424967365933393,0.27298685550845025
COMMUNICATION SERVICES,2007Q2,2007-06-29,88,3117841286.2264934,291731764342.8022,11726830312.0,260,915954950634.902,88,5.673028013399027e-10,0.31850012289423824,27.543233019881555,26.399100601768172,0.2401607741027132,-0.07568508784186845,-0.05415970007539361,-0.2546813836884205
COMMUNICATION SERVICES,2007Q3,2007-09-28,90,2785515532.41745,414953143569.6103,12884957620.0,269,976489788363.6212,90,6.213254855534859e-10,0.42494365892446156,27.60723012982354,26.751431443743858,0.0660893176970756,0.42237902857234166,0.09875876747486445,0.33420249594556406
COMMUNICATION SERVICES,2007Q4,2007-12-31,91,2242256227.3001866,921288483984.0525,14374913155.0,271,1154589601636.8184,91,1.5348895356701389e-09,0.7979358922668075,27.774766073501873,27.549039053238307,0.18238778878748207,1.220222929410106,0.11563526857762385,0.8777451445831539
COMMUNICATION SERVICES,2008Q1,2008-03-31,94,2226870233.5745173,696271274981.5612,15942607590.0,279,984794662521.0587,94,1.5820996595502758e-09,0.7070217797475848,27.61569899194114,27.26900518424898,-0.14706085943875447,-0.24424185574253454,0.10905766303393016,-0.11393661245259978
COMMUNICATION SERVICES,2008Q2,2008-06-30,95,2151964185.2671757,2828424848382.955,13331871918.0,285,1005655320333.9729,95,2.08882063941284e-09,2.8125191516350254,27.636660504974618,28.670741081952556,0.021182748654944294,3.062245492545787,-0.16375838502338746,2.9779809225100933
COMMUNICATION SERVICES,2008Q3,2008-09-30,95,1908167253.1410146,1764218032477.0803,17315464745.0,285,833284652325.4288,95,2.3902304036549592e-09,2.1171853190307974,27.448641140218758,28.198728667053203,-0.17140133853346562,-0.3762542308713964,0.29880221258513284,-0.24722812365562163
COMMUNICATION SERVICES,2008Q4,2008-12-31,96,1127271623.5863748,738148791514.5793,19995535575.0,288,594062579539.0688,95,4.818363200476601e-09,1.2425438277686276,27.110250503519218,27.32741125574516,-0.2870832579464512,-0.5816000188603849,0.15477902958243694,-0.4131152258615519
COMMUNICATION SERVICES,2009Q1,2009-03-31,96,954919655.1712886,350012638461.2265,18392600951.0,288,532310539633.6983,95,7.055296714854718e-09,0.6575346764730275,27.000492877105128,26.58123510067,-0.10394871185672683,-0.5258237329860705,-0.08016462564794291,-0.4708157074396041
COMMUNICATION SERVICES,2009Q2,2009-06-30,96,1112731937.621723,352712250509.1739,16555664540.0,288,642881404562.7578,95,4.121596415081229e-09,0.5486427947765322,27.189226103368313,26.588918407098618,0.20771872186702756,0.007712898767929577,-0.09987366201734105,-0.16560629513957226
COMMUNICATION SERVICES,2009Q3,2009-09-30,97,1663196653.4840465,919275270485.6931,16060855061.0,289,749237849324.3367,96,7.676614971707794e-09,1.226947185482816,27.342322325893683,27.546851447080854,0.1654371148500009,1.6063037764030916,-0.02988762413036905,1.2363315387793694
COMMUNICATION SERVICES,2009Q4,2009-12-31,98,1664117084.873579,1.7998745828130448e+17,14307577596.0,293,6.316542551869515e+18,97,0.0721546587672557,0.028494616604464,43.289703667779555,39.73166356715842,8430622.943472395,195791.77726704133,-0.10916464025987138,-0.9767760039375688
COMMUNICATION SERVICES,2010Q1,2010-03-31,100,1833257667.2509363,8.405080277850493e+17,19684967216.0,297,1.6062064099599716e+19,99,0.15000341897993444,0.052328768119285225,44.22299189841191,41.272782898915466,1.5428569455050702,3.6698144182435737,0.37584207277012216,0.8364440148700698
COMMUNICATION SERVICES,2010Q2,2010-06-30,100,1698727414.1151628,9.310263562571172e+17,22068663529.0,300,6.857960348577589e+18,99,0.079537283993591,0.13575849216600117,43.37194174614046,41.375063981408005,-0.573033683214569,0.10769478158418844,0.12109221655510427,1.5943376281385988
COMMUNICATION SERVICES,2010Q3,2010-09-30,100,2013865329.8862462,7.920009849451894e+16,16608717060.0,300,6.226306299882771e+18,99,0.09489567601192643,0.012720238080161607,43.27531494159944,38.910753937347955,-0.092105234878739,-0.9149324850341329,-0.2474072098577782,-0.906302450202469
COMMUNICATION SERVICES,2010Q4,2010-12-31,100,2327767415.7187176,8.099407190934725e+16,15712569273.0,300,2.8875628696488e+18,99,0.03042008770279459,0.028049284315391602,42.50694452254225,38.93315236060052,-0.5362317993088187,0.022651151310783435,-0.05395647260186398,1.2050911420547283
COMMUNICATION SERVICES,2011Q1,2011-03-31,100,2398789694.235589,3.1714882472259556e+16,15828180941.0,300,3.880162332947136e+18,99,0.058429772376840376,0.008173596811391872,42.80240866504124,37.99556244424349,0.3437499054069293,-0.6084295834915363,0.007357909835832066,-0.7085987392945088
COMMUNICATION SERVICES,2011Q2,2011-06-30,103,2559885485.216336,3.3442669356296944e+16,17329421872.0,303,2.1656724304346726e+18,102,0.06852732368846635,0.015442164237915083,42.21926257854854,38.048609005189434,-0.4418603541285967,0.05447874150404486,0.09484608096128788,0.8892740361737339
COMMUNICATION SERVICES,2011Q3,2011-09-30,107,1558787430.5758412,1.2376103357572746e+16,21929123267.0,318,1.0828366154057194e+18,106,0.06983994283801383,0.011429335858702601,41.52611576756277,37.0545438595988,-0.4999998152128745,-0.6299307562527918,0.26542728482084943,-0.2598617860416095
COMMUNICATION SERVICES,2011Q4,2011-12-30,109,1766958804.2441626,1.4029288414885448e+16,16026260301.0,323,5.865369981277011e+17,108,0.03400826550884309,0.02391884648311816,40.91301214392625,37.17992356891383,-0.45833287332278083,0.13357880178829817,-0.2691791593366121,1.092759087563755
COMMUNICATION SERVICES,2012Q1,2012-03-30,109,2039494604.9165263,1.5060281129379773e+17,15649128536.0,327,7.579860531385664e+17,108,0.034797939145055364,0.19868810338950424,41.16944138083044,39.55342237739174,0.29230731489769934,9.734885964280565,-0.023532112789686033,7.30675942210414
COMMUNICATION SERVICES,2012Q2,2012-06-29,111,1859430184.5073442,5.1689589454637576e+16,16428708250.0,331,1.8047368870233667e+17,110,0.012270311335833575,0.2864106664317785,39.73436139309617,38.48403279163473,-0.7619036815320605,-0.6567820413803503,0.04981617424935947,0.44150888526176457
COMMUNICATION SERVICES,2012Q3,2012-09-28,112,1829655413.8938053,3860965965120207.5,18429591707.0,334,4.511930110093154e+16,111,0.004326884504262006,0.085572379689199,38.348086512196204,35.88969379711125,-0.749995129897584,-0.9253047662816405,0.12179189176361449,-0.7012248853881917
COMMUNICATION SERVICES,2012Q4,2012-12-31,114,1747079343.1922488,5.215821125659045e+16,20766609085.0,339,7.489726831028784e+16,113,0.008644224897906625,0.6963967102312332,38.85489381361106,38.493058018547465,0.6599829005051123,12.509109307822285,0.12680787589626008,7.138101485088569
COMMUNICATION SERVICES,2013Q1,2013-03-28,115,2405352049.594447,7191251493653434.0,19909365295.0,344,5.324068267067425e+16,114,0.004358817085543801,0.13507061015982202,38.513599210869934,36.51164161181031,-0.2891505408434083,-0.8621261864545866,-0.04127991173191581,-0.8060435838145001
COMMUNICATION SERVICES,2013Q2,2013-06-28,115,2549800481.6807833,8502838389066243.0,19560907737.0,345,1.895096341767395e+16,114,0.0015662042823317765,0.4486757850598967,37.48063116512961,36.67917643079081,-0.6440510814841144,0.18238645895924188,-0.017502193205903516,2.321786912260202
COMMUNICATION SERVICES,2013Q3,2013-09-30,118,3002194754.5090184,7307051453197337.0,19414457400.0,354,1.2634606570247248e+16,117,0.000875246683080629,0.5783362871309687,37.07521599717718,36.52761622932592,-0.3333000390648201,-0.14063385438520892,-0.00748688859275104,0.2889848447108925
COMMUNICATION SERVICES,2013Q4,2013-12-31,119,3209595000.0,5909326960285140.0,21708303815.0,356,5415876187565228.0,118,0.00038432574155886095,1.0911119005735153,36.22811106976549,36.315308338335264,-0.5713458778907395,-0.1912843370359184,0.11815145629565738,0.8866391835558893
COMMUNICATION SERVICES,2014Q1,2014-03-31,122,3605981298.259687,1.5741834651214572e+16,25022314488.0,364,6318298656964858.0,121,0.0005619940063066042,2.4914673246510524,36.382226366981335,37.295098190905,0.16662538768363633,1.6638963721267825,0.15266096795227657,1.283420539489557
COMMUNICATION SERVICES,2014Q2,2014-06-30,127,3421742365.753614,7.261571744908258e+16,22946471767.0,375,5416376606600585.0,126,0.001964474515639812,13.406696528559431,36.22820346403383,38.823957787099054,-0.14274761281979864,3.612913237751475,-0.08295966074583216,4.381044493704983
COMMUNICATION SERVICES,2014Q3,2014-09-30,129,2898192052.744317,5.795453566902084e+16,23407408359.0,385,904631592521640.0,128,0.0003682247872068713,64.06424023670662,34.4385488966623,38.598435230296616,-0.8329821468804026,-0.20190094231792188,0.020087471253985356,3.7785254257254692
COMMUNICATION SERVICES,2014Q4,2014-12-31,132,3108773421.6106195,1055100832925926.5,16956563066.0,391,92461396846660.6,131,6.773287316038333e-05,11.411257767127637,32.15781234195249,34.5924127335047,-0.8977911034602202,-0.9817943354951264,-0.2755898984656151,-0.821877888117225
COMMUNICATION SERVICES,2015Q1,2015-03-31,135,2980149202.70756,1478459891009539.8,15154377927.0,402,904679672927211.0,134,0.0006540150625492541,1.6342357800809062,34.43860204440586,34.92977732668911,8.78440412735215,0.40124985676448155,-0.10628245429131822,-0.8567874099918553
COMMUNICATION SERVICES,2015Q2,2015-06-30,135,2945759939.37638,2138269448921733.5,15522868628.0,405,904700063790598.4,134,0.0006902898559809146,2.3635119908830435,34.438624583470464,35.29877322806735,2.25393186092937e-05,0.4462816759010315,0.024315791962893574,0.4462490784322646
COMMUNICATION SERVICES,2015Q3,2015-09-30,139,2247839017.8454075,45489598241518.64,18240834795.0,412,904639292931014.0,138,0.000811769578330788,0.05028479151522726,34.43855740883086,31.448504805673696,-6.717238344133847e-05,-0.9787259747528743,0.175094322585283,-0.9787245456298954
COMMUNICATION SERVICES,2015Q4,2015-12-31,141,2670158116.6186085,16647282877130.324,15670805773.0,418,45410659313020.086,140,0.00010039993338525456,0.36659416817489887,31.446767980048183,30.44326812847529,-0.9498024685995117,-0.6340419893632685,-0.1408942655795814,6.2903587173844935
COMMUNICATION SERVICES,2016Q1,2016-03-31,142,2543337091.279959,6823766521753.932,18825773527.0,425,3517441174251.4004,141,1.3093309505486591e-05,1.939980282173788,28.88875490205706,29.551432711252847,-0.9225415083712981,-0.5900972806121848,0.20132773002878057,4.291901646532032
COMMUNICATION SERVICES,2016Q2,2016-06-30,145,2361979648.5032988,939095660815.7605,16598905611.0,431,2554921599429.2036,144,1.1529004510778828e-05,0.3675633964758701,28.569042653958505,27.568183186169964,-0.27364198209428336,-0.8623786939629373,-0.11828825587465064,-0.8105324059974426
COMMUNICATION SERVICES,2016Q3,2016-09-30,145,2460792504.334671,2259173426383.6396,17342700413.0,435,2749507993139.7075,144,6.823384500183526e-06,0.8216646149131042,28.64244310001488,28.44602012177559,0.07616139522793053,1.4056904111570194,0.04480986996558922,1.235436452027249
COMMUNICATION SERVICES,2016Q4,2016-12-30,147,2348840696.4558606,1088492828151.4268,17577619889.0,440,2748823688635.76,146,1.067311877899212e-05,0.39598495627474944,28.64219418650908,27.715815128855557,-0.00024888252940347133,-0.5181897877163746,0.013545726467367514,-0.5180698437200838
COMMUNICATION SERVICES,2017Q1,2017-03-31,148,2420478752.007556,2888439287887.1074,18264738174.0,443,2981552350700.8135,147,2.4546898277644147e-05,0.9687702740514283,28.723465203866514,28.691737433386375,0.08466481972896456,1.6536135224634472,0.03909051904291072,1.4464825208644
COMMUNICATION SERVICES,2017Q2,2017-06-30,151,2776521926.796487,1262393268360.6963,17342107533.0,450,3097614132764.37,150,0.0005937611892197199,0.407537289750842,28.761653296506758,27.8640304546107,0.03892662895430177,-0.562949696171687,-0.05051430971583115,-0.5793251499692409
COMMUNICATION SERVICES,2017Q3,2017-09-29,154,2938098655.8964143,1002680731386.5908,18254423138.0,458,3239657937932.716,153,0.000864283342818351,0.309502037127543,28.80648886544726,27.6336982605644,0.04585587457969886,-0.2057302929944802,0.052606962750286757,-0.24055529417500743
COMMUNICATION SERVICES,2017Q4,2017-12-29,156,2592992183.3222594,14841244673880.322,20589722675.0,465,3397439141176.8447,155,0.0012624304404537416,4.368362186096272,28.854043069986208,30.328431223053702,0.04870304404569703,13.801565652265609,0.1279306127257802,13.114162952330132
COMMUNICATION SERVICES,2018Q1,2018-03-29,160,2576602667.313288,2241372098369.258,22911435293.0,477,3310765131859.8154,159,0.0010384436178921418,0.6769951987231941,28.82820043626628,28.438109338182343,-0.02551157083773581,-0.848976811068014,0.11276075227662097,-0.8450231070862323
COMMUNICATION SERVICES,2018Q2,2018-06-29,165,2759543667.587209,5121251170186.238,30586242116.0,492,3621184547483.1216,163,0.0010330231453723829,1.4142474936124776,28.917822311302075,29.264419894303877,0.09376062730518386,1.2848732586223757,0.33497712931781454,1.089006681701338
COMMUNICATION SERVICES,2018Q3,2018-09-28,167,2662264021.0249677,2104886999223.6577,21564687448.0,500,3719872802680.327,165,0.0018035829677759082,0.5658491864848165,28.944710590801147,28.37528289954341,0.027253031129219396,-0.5889896962138039,-0.2949546607845861,-0.5998938028594685
COMMUNICATION SERVICES,2018Q4,2018-12-31,170,2201023641.437821,2590339758418.1387,24307436556.0,507,3177400472882.658,168,0.002012414555020158,0.8152386771907553,28.787084517059245,28.58281016389335,-0.14583088147712864,0.23063126874436946,0.12718705590395074,0.4407349107545826
COMMUNICATION SERVICES,2019Q1,2019-03-29,172,2545371848.2768745,3333111255886.591,22436236627.0,514,3660462354611.6577,170,0.003082323215338434,0.9105711063214046,28.928610581759944,28.834927294801336,0.15203053120047771,0.2867467462731783,-0.07698055386009495,0.11693805973381566
COMMUNICATION SERVICES,2019Q2,2019-06-28,178,2400665321.0659847,3246985496681.051,22308472286.0,529,3708006155931.1387,176,0.00649042762071728,0.8756688527842214,28.941515423806383,28.80874814235682,0.012988468863662117,-0.025839449269337678,-0.005694553107282174,-0.03833006922236315
COMMUNICATION SERVICES,2019Q3,2019-09-30,182,2312477834.4852247,3799425580545.584,21701755138.0,542,3901247499008.6187,180,0.010002035065920453,0.9739001643733423,28.992317489456827,28.965871008220553,0.05211462304839509,0.17013937525412937,-0.027196714334434935,0.1121786064181578
COMMUNICATION SERVICES,2019Q4,2019-12-31,183,2578445455.2,2120276763971.0713,21077683847.0,547,4198932170650.6685,181,0.014639092127438838,0.5049561835723848,29.065851363808935,28.382567745135113,0.0763049951887691,-0.4419480737226055,-0.0287567197690497,-0.4815113478317362
COMMUNICATION SERVICES,2020Q1,2020-03-31,187,1562570689.5280235,2404791028786.9233,30250730406.0,557,3447790339430.7783,185,0.023558273909719242,0.6974876056947095,28.86875466045162,28.50848412539422,-0.17888877473900533,0.13418732386756171,0.43520182889096737,0.38128342296995665
COMMUNICATION SERVICES,2020Q2,2020-06-30,190,1870134659.429728,17636043744762.867,37869262138.0,567,4267696700850.8975,188,0.02955324442749384,4.13245012028305,29.082095383312204,30.500965863845515,0.23780632831504578,6.333711550670256,0.2518462076700443,4.9247649514389
COMMUNICATION SERVICES,2020Q3,2020-09-30,192,1798168965.6827688,31050026139017.477,30351735265.0,576,4571327918122.739,190,0.018810724725915252,6.792342771106317,29.150824851519914,31.066620766144027,0.07114639079466523,0.7606004265122088,-0.19851263131574248,0.6436599531517344
COMMUNICATION SERVICES,2020Q4,2020-12-31,198,2438795530.047944,20291742677075.125,32893447158.0,589,5502519410677.385,196,0.01765601928009148,3.687718509034232,29.336227177951418,30.641235154549044,0.2037026241025055,-0.3464822674794301,0.08374189715376734,-0.4570770891125704
COMMUNICATION SERVICES,2021Q1,2021-03-31,205,2688398173.2608695,195334682195775.28,56071759305.0,606,6144848799918.083,203,0.016147489018472454,31.78836266864358,29.44663525326028,32.90573552225273,0.11673368893425207,8.626313782130566,0.7046483159902812,7.6200621307640315
COMMUNICATION SERVICES,2021Q2,2021-06-30,217,2739529889.4736843,44480927795240.195,44661091295.0,643,7185627643961.188,213,0.0023396431929279212,6.19026339788453,29.603103986405806,31.4260816243593,0.16937419909452944,-0.7722835120971557,-0.20350115907603583,-0.8052663654806392
COMMUNICATION SERVICES,2021Q3,2021-09-30,226,2306842000.7614694,15179339863618.559,35260261233.0,673,7063560498843.302,222,0.013481334356422106,2.1489643737183624,29.58597036025661,30.350956399705346,-0.01698768029268427,-0.6587449809164532,-0.21049261872945912,-0.6528476680890909
COMMUNICATION SERVICES,2021Q4,2021-12-31,230,2169742897.3137503,25768092536920.727,36966909743.0,685,7065311427401.127,226,0.023761472117704803,3.647127632192591,29.586218211405086,30.880158119107538,0.0002478818661086901,0.6975766250995545,0.0484014709568501,0.6971559309203206
COMMUNICATION SERVICES,2022Q1,2022-03-31,233,1795686508.4070797,13034181899046.2,42946610329.0,695,6311435225883.31,229,0.015913020199400392,2.065169241631885,29.473384219214655,30.19859639947614,-0.10670105759161419,-0.4941735838471272,0.16175819476315056,-0.43375460090758033
COMMUNICATION SERVICES,2022Q2,2022-06-30,235,1262926839.6859274,12537047590471.95,40089989994.0,705,4942510949891.953,230,0.01635533536738767,2.536574570612943,29.228894607444865,30.1597091840569,-0.21689587661097642,-0.03814081408597103,-0.06651561818537854,0.2282647443502286
COMMUNICATION SERVICES,2022Q3,2022-09-30,236,1080038628.9308176,6722675081833.066,38796683066.0,706,4283960208899.4097,231,0.01642804618993644,1.5692664623419053,29.085898980165453,29.5365072689056,-0.13324214102286203,-0.4637752602181838,-0.03226009605374214,-0.38134424253779986
COMMUNICATION SERVICES,2022Q4,2022-12-30,239,940354859.1427532,1966083649666.9517,41587854354.0,713,4127654595885.294,233,0.01698431634865016,0.4763198092269803,29.04873046712959,28.307064684900947,-0.03648624296028935,-0.7075444483431942,0.07194355463975421,-0.6964697706493126
COMMUNICATION SERVICES,2023Q1,2023-03-31,242,1046019409.084274,1957808555156.4917,38525938625.0,721,4911586879917.83,236,0.06092078484522711,0.39861018506288654,29.222618198985174,28.30284687954532,0.18992196798976568,-0.004208922907151913,-0.07362523930512654,-0.16314590041973853
COMMUNICATION SERVICES,2023Q2,2023-06-30,242,1097223662.667282,1781514731196.8582,34739728317.0,726,5491034743784.49,236,0.083127050267268,0.32444062263736756,29.334137831610928,28.20848509094372,0.11797569258845209,-0.09004650812016812,-0.09827691272765193,-0.1860704146679485
COMMUNICATION SERVICES,2023Q3,2023-09-29,244,970715348.6384588,1889387818674.943,34682331955.0,728,5660598463092.17,238,0.09424893476778616,0.3337788099604653,29.364550738082684,28.26727398706893,0.030880103153529515,0.06055133061157103,-0.0016521822357462579,0.028782423258801204
COMMUNICATION SERVICES,2023Q4,2023-12-29,249,964174313.1731566,1728594852694.712,32449596407.0,746,6205839411558.546,243,0.09691904896890771,0.27854327804150986,29.456511805300014,28.178329970530395,0.09632213837837411,-0.08510320877002253,-0.06437674233949875,-0.16548543607515964
COMMUNICATION SERVICES,2024Q1,2024-03-28,250,1060067750.8254619,1987781280166.0056,34236739247.0,749,6896275172316.031,244,0.10073819957702236,0.28823984404590297,29.56200255167191,28.318040198073565,0.11125582132717282,0.14994052948106784,0.05507442427279252,0.034811703490285284
COMMUNICATION SERVICES,2024Q2,2024-06-28,253,871544463.2727932,1919991494817.7603,35943717719.0,758,7704622559455.232,247,0.10947479934622337,0.24919994198307832,29.672841597057563,28.283341872176532,0.11721507146121124,-0.034103241651709304,0.04985809132362329,-0.13544242015551267
COMMUNICATION SERVICES,2024Q3,2024-09-30,255,913389974.8427672,2181583614820.558,35446648434.0,763,7670771291212.187,249,0.10371729311566966,0.2844021196825189,29.668438285732023,28.41107215782507,-0.004393630963985817,0.13624649937713773,-0.013829100508911618,0.1412607780696471
COMMUNICATION SERVICES,2024Q4,2024-12-31,261,776439606.033329,2316948735397.595,38358889339.0,778,8461075200173.234,254,0.11213377239161026,0.2738362064611076,29.766497373690207,28.471272235712608,0.10302795885290417,0.06204901781322336,0.08215842776849436,-0.037151316710318794
COMMUNICATION SERVICES,2025Q1,2025-03-31,267,665422070.0198563,2680890519581.8154,49057248632.0,795,7703743823193.064,260,0.10605213579264029,0.3479983993640425,29.67272753743031,28.617170138683825,-0.08950769956100424,0.15707804778933387,0.27890169599156867,0.27082683426476684
COMMUNICATION SERVICES,2025Q2,2025-06-30,279,643846255.065393,2982835407379.3926,48629584648.0,819,9040538620235.965,270,0.11192412207253034,0.32994001051029614,29.832739870442214,28.723895443063363,0.1735253440046014,0.11262857829967499,-0.008717651232503787,-0.05189216067300173
COMMUNICATION SERVICES,2025Q3,2025-09-12,285,721209000.0,2544531264216.2773,45709679971.0,845,10731591680240.0,271,0.12326557291707702,0.2371066045031795,30.00421300082813,28.564967569878505,0.18705224666800846,-0.14694211490140274,-0.06004379223337841,-0.2813644997572057
CONSUMER DISCRETIONARY,2002Q2,2002-06-28,198,500874650.1542723,146696228949.6221,8159323435.0,592,337885367244.4675,198,3.7993130161048036e-07,0.43415975703820325,26.54597252474071,25.711629815906882,,,,
CONSUMER DISCRETIONARY,2002Q3,2002-09-30,200,368961406.00757754,150505243657.9425,9905678600.0,598,289806001580.3495,200,3.9103361023893407e-07,0.5193310105284846,26.392477576005547,25.737263762116047,-0.14229490331651906,0.025965321232821026,0.2140318592481436,0.19617491513103746
CONSUMER DISCRETIONARY,2002Q4,2002-12-31,203,371892596.412284,151203440259.5288,10571782795.0,607,297905067305.7498,203,1.705484267260788e-07,0.5075557848915129,26.420040706610774,25.74189205347882,0.027946507944055954,0.004639018446248366,0.06724468074302359,-0.02267383498818798
CONSUMER DISCRETIONARY,2003Q1,2003-03-31,203,338183218.129771,126740469235.0159,9452162970.0,609,317988254756.2435,203,3.0036712076834646e-07,0.398569655763449,26.48528028431569,25.565407283186325,0.06741472252260028,-0.16178845522644292,-0.1059064347717712,-0.21472739031308452
CONSUMER DISCRETIONARY,2003Q2,2003-06-30,206,446577938.7227286,189155356470.094,10409694418.0,614,393091268812.4828,206,3.2858766663639714e-07,0.4811995876721627,26.697307658017106,25.965834506266273,0.23618172348475608,0.492462175750207,0.10130289236856016,0.2073161634706946
CONSUMER DISCRETIONARY,2003Q3,2003-09-30,208,550546464.2906568,202160777071.1673,9281306003.0,622,478151267954.0362,208,3.7629735088009155e-07,0.4227966976563589,26.8931929795298,26.03232914386625,0.2163874038681073,0.06875523296708486,-0.10839784240436867,-0.12136936837026802
CONSUMER DISCRETIONARY,2003Q4,2003-12-31,213,542592800.3542219,223328400611.5268,9643389460.0,634,549863747676.2035,213,5.705419765073816e-07,0.40615225418177137,27.0329363529846,26.131909173609813,0.1499786459398469,0.10470687661092537,0.03901212360447581,-0.03936748694313552
CONSUMER DISCRETIONARY,2004Q1,2004-03-31,215,617111838.4539148,271603410928.2325,9724334933.0,645,613431794357.2673,215,2.1145957102549325e-07,0.44276057000405267,27.14233492027524,26.327608791201698,0.11560690616486502,0.2161615369317882,0.008393881978504991,0.09013446421966043
CONSUMER DISCRETIONARY,2004Q2,2004-06-30,215,618921550.5901433,248445513289.7376,9564489848.0,645,704107812105.6754,215,3.375279030942927e-07,0.3528515221933795,27.280197323574946,26.238489396030058,0.14781760349317286,-0.08526364804974429,-0.0164376367228527,-0.20306471240167168
CONSUMER DISCRETIONARY,2004Q3,2004-09-30,218,614213171.5435996,213049185111.9461,9349411003.0,649,627538424382.3918,218,3.2649337850055217e-10,0.33949982476630647,27.165070740153144,26.084788892022058,-0.10874668112870156,-0.14247119100320493,-0.02248722602230313,-0.03783942136362861
CONSUMER DISCRETIONARY,2004Q4,2004-12-31,220,684780810.8933371,291178278211.0002,9900808891.0,658,729184156453.1307,220,3.690579748446555e-10,0.39932063201611273,27.31519215221528,26.39720155643447,0.16197531198312864,0.36671857279342035,0.05897675135076108,0.17620276325910833
CONSUMER DISCRETIONARY,2005Q1,2005-03-31,221,698883641.3240147,384180866404.9091,10907097596.0,663,699750502152.0465,221,3.0673717684358664e-10,0.5490254958351308,27.273989682958074,26.674379284910895,-0.04036518627098851,0.31940084530108837,0.10163701936664316,0.37489889531422316
CONSUMER DISCRETIONARY,2005Q2,2005-06-30,223,714306919.8352606,484101619468.6126,12483393417.0,665,747214914630.3099,223,3.8272123907941936e-10,0.6478746743272991,27.3396186843555,26.90556067920688,0.06783048005294612,0.2600877914580775,0.14452019037384245,0.1800447870673243
CONSUMER DISCRETIONARY,2005Q3,2005-09-30,225,723995164.5835816,534202757262.89856,12420853213.0,674,777619197824.8678,225,4.0901971033464124e-10,0.6869721822161206,27.37950277834867,27.00404129909135,0.040690144962645114,0.10349301836519542,-0.005009872068506005,0.06034733172649043
CONSUMER DISCRETIONARY,2005Q4,2005-12-30,228,782622595.6697874,515277088688.4309,13155425346.0,678,871280659542.9968,228,5.507622028465743e-10,0.5914019587657363,27.493229988695234,26.967970629210676,0.12044643699656077,-0.035427875122617025,0.0591402313837166,-0.13911803989221494
CONSUMER DISCRETIONARY,2006Q1,2006-03-31,231,806930024.2729778,566026630145.4635,13307277000.0,688,897977484112.2637,231,3.8718930301678525e-10,0.6303349918679028,27.523410831562625,27.061906963771523,0.03064090115723417,0.0984898078550489,0.011542892001296767,0.0658317621798552
CONSUMER DISCRETIONARY,2006Q2,2006-06-30,232,780630313.9765515,591226535396.3511,15213677361.0,694,809958499471.7861,232,5.740913818191618e-10,0.7299467019383327,27.42024884808031,27.105465089533485,-0.09801914435248082,0.044520706109554276,0.14325998932764383,0.15802979583165078
CONSUMER DISCRETIONARY,2006Q3,2006-09-29,233,766656057.2078501,548243015270.11346,17158904659.0,698,816978933495.2157,233,6.179249461563745e-10,0.6710613857870351,27.428879146278394,27.029984484119684,0.00866764658684116,-0.0727022850850596,0.12786042794535368,-0.08067070649806474
CONSUMER DISCRETIONARY,2006Q4,2006-12-29,235,871300784.3392179,638830222647.6078,17715909256.0,703,925773994215.5835,235,8.847931040512424e-10,0.6900498681526416,27.55389597508163,27.182904563765806,0.13316752275963673,0.16523184947985703,0.032461547404650126,0.028296192818986876
CONSUMER DISCRETIONARY,2007Q1,2007-03-30,237,865809027.9114532,725116561730.338,19187322445.0,709,919572470703.4872,237,8.761555247017484e-10,0.7885366132977129,27.547174693223234,27.309598253680047,-0.006698744564920478,0.13506928135791663,0.08305603555186791,0.14272409819993714
CONSUMER DISCRETIONARY,2007Q2,2007-06-29,238,910904306.1353657,824791267180.975,20078219700.0,712,1012813963460.4711,238,6.272930762686805e-10,0.8143561373926156,27.64375367522832,27.438396181792402,0.10139656821789456,0.1374602522010866,0.0464315569592233,0.032743595743669696
CONSUMER DISCRETIONARY,2007Q3,2007-09-28,242,871160197.1110902,893502746521.3134,24969180824.0,722,968804830060.5844,242,6.164356643735898e-10,0.9222732162322498,27.599329014784534,27.51841524543296,-0.04345233674456972,0.08330771926718494,0.24359535840719992,0.13251828516349162
CONSUMER DISCRETIONARY,2007Q4,2007-12-31,244,795100593.4383099,778136853282.5834,23871857543.0,731,820223334027.9391,244,1.0903893561202936e-09,0.9486889984723086,27.432842498692505,27.38016824961899,-0.15336576720344564,-0.1291164394154194,-0.043947107785981876,0.028642035543409605
CONSUMER DISCRETIONARY,2008Q1,2008-03-31,246,713743093.4608283,730183989012.5933,28568523354.0,737,745026683374.8397,246,1.1969058190320967e-09,0.9800776338707606,27.336685871295096,27.316562379076817,-0.0916782631430697,-0.06162523220394989,0.19674488265272072,0.03308632802635825
CONSUMER DISCRETIONARY,2008Q2,2008-06-30,246,573194790.4649403,603502640162.7123,26661129355.0,738,638450784180.3789,246,1.3261096006556237e-09,0.9452610210784973,27.182310429072874,27.12601625222789,-0.14304977468953295,-0.17349236734317952,-0.06676557886331702,-0.03552434173480434
CONSUMER DISCRETIONARY,2008Q3,2008-09-30,247,600974478.2107843,642899049070.2937,32007426428.0,739,613390794955.9956,247,1.7594771766579005e-09,1.0481067768818002,27.142268081921195,27.189253548969134,-0.03925124668231783,0.06527959661777061,0.20052777966801916,0.10880143527547648
CONSUMER DISCRETIONARY,2008Q4,2008-12-31,249,342539977.69430315,3.8778750429503865e+19,36327062968.0,746,409695596722.2363,248,3.3229869287094193e-09,94652592.65599312,26.738680273875545,45.10440410115373,-0.33208062447101494,60318567.65488045,0.13495732153651674,90308157.2370758
CONSUMER DISCRETIONARY,2009Q1,2009-03-31,249,327498313.98049974,6.8512500318961934e+19,30872087579.0,747,397857697458.9388,248,5.273245402567666e-09,172203530.95225164,26.70936023422371,45.67354788892059,-0.02889437757692903,0.7667536875256267,-0.1501628522461398,0.819321860290831
CONSUMER DISCRETIONARY,2009Q2,2009-06-30,249,455585256.4977416,1.0320750047307422e+20,39369773617.0,747,484413132191.8032,248,3.105635681619879e-09,213056776.57022983,26.906203958480422,46.08327320330195,0.21755375171997882,0.5064039407785252,0.2752546622010863,0.23723814135556798
CONSUMER DISCRETIONARY,2009Q3,2009-09-30,249,588205111.0355625,8.643375053905078e+19,34626303515.0,747,586261980064.5366,248,6.00678075402229e-09,147431956.1530086,27.09703259157621,45.90590990466533,0.21025203716485197,-0.16252452444965027,-0.12048507436557254,-0.3080156448137632
CONSUMER DISCRETIONARY,2009Q4,2009-12-31,251,668733301.22348,1.3726125055377898e+20,31849723372.0,749,642372368621.4585,250,7.337900232410659e-09,213678634.4785406,27.18843398592266,46.36841772217094,0.0957087282902862,0.5880515388692329,-0.08018702145890899,0.4493373082344476
CONSUMER DISCRETIONARY,2010Q1,2010-03-31,252,716694845.3708076,9.61875062860218e+18,32847895312.0,756,734432543819.4397,251,6.858856489421677e-09,13096846.959667068,27.322363988750507,43.71024605784962,0.1433127881816334,-0.9299237724427292,0.03134005053486644,-0.9387077374786277
CONSUMER DISCRETIONARY,2010Q2,2010-06-30,256,628198967.7239187,1.129950008091931e+20,38831613094.0,763,658528137992.793,255,7.63748065999931e-09,171587202.26231202,27.21327308765387,46.173875250999906,-0.10335109257536912,10.747367737468188,0.18216441952108964,12.10141309513125
CONSUMER DISCRETIONARY,2010Q3,2010-09-30,259,732932018.3658823,6.814125056845184e+19,28830249707.0,775,787235224407.4911,258,1.1998320545514444e-08,86557674.82932186,27.391792928135967,45.66811443888432,0.19544660127507973,-0.39695340430575954,-0.257557247565009,-0.4955470239732811
CONSUMER DISCRETIONARY,2010Q4,2010-12-31,262,856170669.8231654,7.425007123301975e+17,30357514980.0,782,962907143871.6747,261,1.0144097665927669e-08,771103.1297833527,27.593222820286194,41.14880022495435,0.2231504816065646,-0.9891035062295442,0.05297440322305569,-0.9910914528225967
CONSUMER DISCRETIONARY,2011Q1,2011-03-31,262,906045670.1123596,3.987225007581114e+20,30730788043.0,786,938940033184.0193,261,1.413911267283895e-08,424651720.73450965,27.56801745169155,47.43479736199775,-0.024890365431590844,535.999485841295,0.012295903114794449,549.7067788115693
CONSUMER DISCRETIONARY,2011Q2,2011-06-30,263,952710940.5725775,2.296687507686515e+20,28093403582.0,788,949649997996.6814,262,3.004931488665088e-08,241845681.30695042,27.579359330495123,46.88316973066157,0.011406441768537334,-0.4239884874017127,-0.08582222028636699,-0.430484631291177
CONSUMER DISCRETIONARY,2011Q3,2011-09-30,263,707573462.8030758,1.422056250834702e+21,33439414608.0,789,822511659137.8025,262,5.30497089223943e-08,1728919262.160213,27.435628494729,48.706390841022646,-0.1338791545591339,5.191770739708333,0.19029417387593783,6.148853156347537
CONSUMER DISCRETIONARY,2011Q4,2011-12-30,266,814957499.9999999,4.1565150006899937e+21,27578276138.0,793,867171989963.5055,265,5.027988919820862e-08,4793184107.416706,27.48850316771383,49.77896393582894,0.054297504879770475,1.9228907072067303,-0.17527634794772362,1.7723585550361798
CONSUMER DISCRETIONARY,2012Q1,2012-03-30,268,975671510.4777945,2.3200762508303917e+21,26647623038.0,804,1034959081103.789,267,4.751333216851196e-08,2241708192.323912,27.665383006698924,49.19588700475032,0.19348767382044318,-0.44182175441559757,-0.03374587647694394,-0.5323133553632505
CONSUMER DISCRETIONARY,2012Q2,2012-06-29,271,873356122.9945626,2.329458750892441e+21,28105163012.0,811,1004112690855.5754,270,6.826909463451333e-08,2319917646.8007555,27.63512537278746,49.199922897713414,-0.02980445392615494,0.004044048146560453,0.054696809990201434,0.03488832968744515
CONSUMER DISCRETIONARY,2012Q3,2012-09-28,274,956197604.4491183,2.5349625007895803e+21,24497316339.0,817,1070742187521.356,273,1.0268283564237447e-07,2367481668.633721,27.69937315714757,49.284465797220754,0.06635659251453885,0.08821952731226013,-0.12836953379204974,0.020502461325969
CONSUMER DISCRETIONARY,2012Q4,2012-12-31,275,966091086.5048269,8.228790000083604e+22,23590433997.0,823,1082237944726.5975,274,1.2490586637296537e-07,76034942594.4626,27.7100521841227,52.76451102667292,0.010736251302335464,31.461190244512622,-0.03701966082530572,31.11638071028552
CONSUMER DISCRETIONARY,2013Q1,2013-03-28,278,1113953971.2375534,3.997208250081607e+22,23670484288.0,831,1190455879007.1265,277,9.746267637286502e-08,33577122181.25539,27.80535744129376,52.04246822583755,0.09999458511673942,-0.5142410670291749,0.003393336935224589,-0.5583987961910987
CONSUMER DISCRETIONARY,2013Q2,2013-06-28,281,1229720783.3814785,1.5863762250089863e+23,23653140525.0,841,1315654085363.3608,280,1.0873236453201433e-07,120576999886.01918,27.905355061212397,53.42090945021738,0.1051682876820712,2.9687104743081596,-0.0007327168632875747,2.5910462854774354
CONSUMER DISCRETIONARY,2013Q3,2013-09-30,286,1293235596.3293865,6.3590467500872485e+22,21813069468.0,853,1428465906962.189,285,9.895520212767115e-08,44516615476.04279,27.98762219201265,52.506750529925846,0.08574580724056458,-0.5991463657965987,-0.07779394262910466,-0.6308034242175198
CONSUMER DISCRETIONARY,2013Q4,2013-12-31,291,1442483985.8903441,5.138123625117822e+22,24232568094.0,866,1585423568956.204,290,1.125060964692983e-07,32408523032.747715,28.091872723491143,52.29356000520881,0.1098784795836012,-0.19199782183590242,0.11091967728564889,-0.27199040883535297
CONSUMER DISCRETIONARY,2014Q1,2014-03-31,294,1398138416.2511249,6.419412000120477e+22,26459942832.0,879,1568374516889.55,293,1.395022815460503e-07,40930351335.034805,28.08106085939374,52.51619857061009,-0.0107536259713098,0.24936892696373625,0.09191657810925524,0.2629502212635877
CONSUMER DISCRETIONARY,2014Q2,2014-06-30,299,1406238664.5447955,7.585717500101252e+22,23228641565.0,890,1642268572499.9475,298,5.956370822850034e-07,46190480821.01379,28.127099677834494,52.683139248803656,0.047115057541834204,0.18168416358988737,-0.12212049313621887,0.12851415427447144
CONSUMER DISCRETIONARY,2014Q3,2014-09-30,303,1295667057.1469517,9.765100695375895e+24,22298807808.0,905,1622349878484.015,302,6.603676499011718e-07,6019108963413.475,28.114896756426724,57.540857107999024,-0.012128767699433829,127.73008644529082,-0.040029622670704756,129.31059336094106
CONSUMER DISCRETIONARY,2014Q4,2014-12-31,307,1396713776.613015,2.7455059252137263e+24,27395814561.0,919,1938942610120.982,306,1.4203782157259316e-06,1415981015055.6328,28.29316389408265,56.27200759774626,0.1951445467070292,-0.718845098390658,0.22857754535071506,-0.7647523871618664
CONSUMER DISCRETIONARY,2015Q1,2015-03-31,309,1453246360.585396,1.192941636863606e+24,25449416607.0,926,2033248160951.2893,308,1.4698848254875124e-06,586717184736.303,28.340655709505633,55.43846445245482,0.04863761843081216,-0.56549296582897,-0.07104727438076774,-0.5856461502675929
CONSUMER DISCRETIONARY,2015Q2,2015-06-30,311,1523827686.7080402,7.068519030554349e+23,24672375747.0,930,2066303196420.3848,310,1.5765978062316937e-06,342085277843.04285,28.356782231144255,54.915108124488874,0.01625725580572035,-0.4074715130961162,-0.03053275727296123,-0.4169503011970046
CONSUMER DISCRETIONARY,2015Q3,2015-09-30,317,1333700449.2211628,1.0351514405284447e+24,28143954779.0,943,2035939322662.8584,316,1.8269310413328813e-06,508439239325.92596,28.34197841194427,55.29658996722195,-0.01469478139032454,0.4644530715046584,0.1407071239348372,0.48629383448419095
CONSUMER DISCRETIONARY,2015Q4,2015-12-31,319,1262038705.763713,2.08383962128213e+24,28711649580.0,954,2247719099514.196,318,4.969556735664605e-06,927090765804.5503,28.440937084420256,55.996254395628576,0.1040206721752126,1.0130770626357144,0.020171109762569417,0.8234052254378723
CONSUMER DISCRETIONARY,2016Q1,2016-03-31,319,1219572373.2667983,1.4699226233217836e+24,32280752668.0,957,2194772525921.2983,318,8.169812813470028e-06,669738027955.6558,28.417099524247753,55.64725199406629,-0.023555689678635083,-0.2946085637735498,0.1243085346961803,-0.2775917389550936
CONSUMER DISCRETIONARY,2016Q2,2016-06-30,321,1275714804.8862655,1.3521930833745897e+24,29593442194.0,961,2166082963444.2295,320,9.774382220514663e-06,624257291246.3632,28.40394156637965,55.56377001242793,-0.013071770371750002,-0.08009233824916884,-0.08324807360095843,-0.06790824891356462
CONSUMER DISCRETIONARY,2016Q3,2016-09-30,321,1350206895.1240509,1.831474081137146e+23,27191793089.0,963,2377035272842.4434,320,5.899028363464193e-06,77048670756.45374,28.49687514342345,53.56457829028638,0.09738884103625667,-0.8645552840304106,-0.08115477372506974,-0.876575457208322
CONSUMER DISCRETIONARY,2016Q4,2016-12-30,327,1471260904.0327034,3.4204000647436017e+22,28523939017.0,975,2342403423397.925,326,9.09507221929235e-06,14602096421.896101,28.482198622203935,51.886629568097334,-0.01456934604218385,-0.8132433267840784,0.0489907349485863,-0.8104821760254313
CONSUMER DISCRETIONARY,2017Q1,2017-03-31,331,1468636103.206107,6.7929518616799055e+22,28644172086.0,991,2561577866285.9194,329,2.1089279649644774e-05,26518623349.635418,28.57164453856983,52.572757629593454,0.09356818757123264,0.9860109148340561,0.004215163583414672,0.8160832926613384
CONSUMER DISCRETIONARY,2017Q2,2017-06-30,335,1503474765.157198,1.2164829484734204e+22,29656926765.0,1003,2811382726784.0684,333,0.0005388953819491329,4326991614.780786,28.664697551834333,50.85283591213874,0.09751991683951644,-0.8209198337859879,0.035356395568332255,-0.8368319668132292
CONSUMER DISCRETIONARY,2017Q3,2017-09-29,337,1627338590.1185212,2.376279024528305e+23,28656194925.0,1011,2933614848474.144,335,0.0007826364685275124,81001738376.26553,28.707256515210403,53.82499296803434,0.043477581520854125,18.534010135615357,-0.03374361234155343,17.720105234215772
CONSUMER DISCRETIONARY,2017Q4,2017-12-29,350,1756655260.3963966,2.483069935508625e+23,30118296915.0,1034,3480296044637.3564,348,0.0012932186526287666,71346514884.40715,28.87813847639475,53.86895281072285,0.1863507053243736,0.0449403920490854,0.05102219585770773,-0.11919773186852345
CONSUMER DISCRETIONARY,2018Q1,2018-03-29,353,1630841734.0386505,1.1681876994522794e+23,32326830597.0,1055,7972486528577.546,351,0.0025006237001420064,14652739710.062675,29.70701754609292,53.11491071194383,1.2907495300182923,-0.5295389458239358,0.07332863767937914,-0.7946257117982221
CONSUMER DISCRETIONARY,2018Q2,2018-06-29,358,1678967548.7966652,6.991695068593694e+22,31796706075.0,1068,5911188231361.302,356,0.0016862974475833523,11827901252.57703,29.407867981513686,52.60159507180008,-0.2585514932922718,-0.4014921513150802,-0.01639890184747017,-0.1927856846829611
CONSUMER DISCRETIONARY,2018Q3,2018-09-28,362,1745959235.7636042,1.3049656657452202e+22,30149222977.0,1083,5848794060046.0,360,0.0028357919499631865,2231170481.2102013,29.397256612339923,50.92304877652378,-0.01055526721079103,-0.8133548942076931,-0.05181301151490425,-0.8113637885906361
CONSUMER DISCRETIONARY,2018Q4,2018-12-31,369,1365786934.3744054,3.518592177459793e+22,37700727689.0,1103,4566838670577.597,367,0.0028924187207542682,7704656177.431323,29.14984232447519,51.91493300589256,-0.21918285655253877,1.6963101557545182,0.25047095634142313,2.4531902614865486
CONSUMER DISCRETIONARY,2019Q1,2019-03-29,372,1539073897.1528993,8.293590980583786e+21,34007037008.0,1115,5511766874256.153,370,0.0046412298087560805,1504706416.2529655,29.337906354524897,50.469769998385914,0.20691079143355107,-0.7642923486923896,-0.09797398902933419,-0.8047016788808059
CONSUMER DISCRETIONARY,2019Q2,2019-06-28,382,1574857497.3566983,6.116945139733549e+21,33645220755.0,1137,5559559797826.065,379,0.00973135398201043,1100257099.8742447,29.34654004800382,50.16534976460302,0.008671071302587041,-0.26244914246989104,-0.010639452443765851,-0.2687895206733313
CONSUMER DISCRETIONARY,2019Q3,2019-09-30,391,1536268753.9838538,4.76133473684433e+22,33505509152.0,1169,4422976840863.168,388,0.011339646989664045,10765000379.054958,29.117834078731207,52.21740008170573,-0.20443758108462673,6.783844105313868,-0.0041524947634423715,8.784077176403004
CONSUMER DISCRETIONARY,2019Q4,2019-12-31,394,1717124879.389341,2.575453746939972e+21,33750633933.0,1178,4772983170308.865,391,0.016640454647315527,539589949.3132534,29.19399262792658,49.30031268387095,0.07913365636736902,-0.9459089963364579,0.007315954516255108,-0.9498755290001557
CONSUMER DISCRETIONARY,2020Q1,2020-03-31,396,919200251.711223,2.466480856346954e+21,53691422543.0,1185,3674634931787.283,393,0.025108271593904247,671217931.0686783,28.932474905369798,49.257079333071644,-0.2301177689781183,-0.04231211324314954,0.5908270834137639,0.24394075894658585
CONSUMER DISCRETIONARY,2020Q2,2020-06-30,398,1377904520.7502587,2.0842223994197417e+23,69494422127.0,1193,4945835919215.846,395,0.03424927028898795,42140953186.9426,29.229567110036697,53.69385297463211,0.3459393956205252,83.5018680788236,0.29433005935619994,61.78281797366164
CONSUMER DISCRETIONARY,2020Q3,2020-09-30,404,1440610450.5729725,3.477069846952726e+23,63846043129.0,1201,6055245872119.98,400,0.02491695307978676,57422438665.3251,29.431946098569956,54.20564707996792,0.22431192037604641,0.6682815844992167,-0.08127816341400285,0.3626279028524084
CONSUMER DISCRETIONARY,2020Q4,2020-12-31,414,2097932348.1012657,5.680947520784085e+23,70557180983.0,1233,18482155294590.176,409,0.05930397802608702,30737473147.663296,30.547826803836653,54.696575174723144,2.052255132972735,0.633831867301377,0.10511438963320319,-0.46471320511463565
CONSUMER DISCRETIONARY,2021Q1,2021-03-31,426,2524151233.962041,1.7336042201517788e+23,69215524001.0,1269,20998179663420.31,420,0.05517920563440245,8255973841.255338,30.675456867200538,53.50965974442854,0.13613262786329838,-0.6948388954819096,-0.019015172705429628,-0.7314036257439409
CONSUMER DISCRETIONARY,2021Q2,2021-06-30,453,2652521695.334814,3.3608488770591686e+22,55492901846.0,1337,2717408562445484.0,443,0.8847892989379571,12367845.319640238,35.53845508668366,51.8690656299174,128.41162548386617,-0.8061351698391157,-0.19825931180990175,-0.9985019519735107
CONSUMER DISCRETIONARY,2021Q3,2021-09-30,469,2395458757.706725,9.759064644544779e+22,51486830094.0,1390,264178991803065.62,459,0.504205395992975,369411079.13000715,33.20764798859124,52.93506860610156,-0.9027827484412861,1.9037499160284224,-0.07219070581526565,28.868669083642192
CONSUMER DISCRETIONARY,2021Q4,2021-12-31,486,2493442983.0508475,1.4507320073717268e+23,60499830236.0,1441,152307808682946.84,475,0.5122290484313127,952500085.1346095,32.656924646235254,53.331525400580546,-0.4234673709539859,0.4865482094973843,0.17505447753425263,1.5784285825368962
CONSUMER DISCRETIONARY,2022Q1,2022-03-31,492,1915969358.604019,6.516078430568723e+24,75258283901.0,1472,80274372110353.64,481,0.2023957561423698,81172586708.13435,32.016471534140166,57.13631495913721,-0.47294644441075484,43.91579697323851,0.24394206739803526,84.22055585607939
CONSUMER DISCRETIONARY,2022Q2,2022-06-30,492,1445856177.946768,1.8587981984914038e+24,71360891719.0,1476,36207157262397.11,481,0.11981363435101672,51337866295.89548,31.220277929648212,55.88197238090703,-0.5489574529138276,-0.7147366750879995,-0.051786886173579294,-0.36754674973600565
CONSUMER DISCRETIONARY,2022Q3,2022-09-30,498,1386149335.5717149,8.769960547127673e+23,69052883689.0,1488,14948976993592.143,486,0.05732604239247156,58665957883.85322,30.33566398490164,55.130789446619886,-0.5871264654870494,-0.5281918954814271,-0.032342757698268665,0.14274242614059762
CONSUMER DISCRETIONARY,2022Q4,2022-12-30,502,1429358422.0931747,1.319574603626261e+24,85287210870.0,1505,7245797532010.381,490,0.02981473246443919,182115853747.8674,29.611442765975493,55.53935164653514,-0.5152981013271823,0.5046528391264502,0.2350999163788159,2.1042850115636074
CONSUMER DISCRETIONARY,2023Q1,2023-03-31,506,1542349632.1649485,1.155026096831067e+24,90286409271.0,1518,6570488653853.6455,493,0.08149694495806627,175789984227.982,29.513609322197116,55.40616517023453,-0.09320007565397259,-0.12469814616241182,0.05861603809063576,-0.03473541369244737
CONSUMER DISCRETIONARY,2023Q2,2023-06-30,513,1585032971.0080266,2.0432421298178764e+23,86930974349.0,1531,6967551005035.858,500,0.10547956617666256,29325111912.93907,29.572284916697086,53.67399496447376,0.0604311752291562,-0.8230999164933397,-0.03716434122358836,-0.8331809855850073
CONSUMER DISCRETIONARY,2023Q3,2023-09-29,522,1390708511.373826,2.0048691203502315e+22,84968034933.0,1559,6613933333057.242,509,0.11012195536040244,3031281114.2647176,29.520199650766536,51.35245082786363,-0.050752075115494066,-0.9018780451375611,-0.022580437303272638,-0.8966318995383874
CONSUMER DISCRETIONARY,2023Q4,2023-12-29,528,1440997662.3955433,8.2008189680574e+20,72184096500.0,1579,7024804925666.319,515,0.10970915736549672,116740878.28537863,29.580468562174378,48.15593588331737,0.06212212490190838,-0.9590954896515899,-0.15045585605316802,-0.9614879406149384
CONSUMER DISCRETIONARY,2024Q1,2024-03-28,538,1353261452.10385,4.591162803637093e+18,69434158238.0,1600,7083452011647.69,525,0.10347240859937731,648153.3009735371,29.588782477076066,42.97066500000734,0.008348571469521282,-0.994401580108621,-0.0380961790108435,-0.994447931945577
CONSUMER DISCRETIONARY,2024Q2,2024-06-28,546,1101628000.0,2.344424796534188e+19,85699948249.0,1630,7002459893470.594,533,0.09949778666664147,3348001.74824312,29.577282616605594,44.60115684937232,-0.011433989817947077,4.10638567353122,0.2342620753786,4.16544734588926
CONSUMER DISCRETIONARY,2024Q3,2024-09-30,552,1172827097.1741638,6.025389811830514e+18,79478204190.0,1648,7622816799553.014,539,0.10306889546714045,790441.3775474482,29.66216707605414,43.24251385023565,0.08859128299483277,-0.7429906977294399,-0.07259915771387415,-0.7639065218642027
CONSUMER DISCRETIONARY,2024Q4,2024-12-31,560,1030452583.0388693,8.02767782156469e+16,84127561621.0,1668,8353486920569.819,547,0.11070791582236393,9609.972335980021,29.753700162900493,38.924256786190554,0.09585303441368942,-0.9866769153992281,0.05849852142966494,-0.9878422706490929
CONSUMER DISCRETIONARY,2025Q1,2025-03-31,562,819341089.7490405,1.6146280841521018e+16,88263950022.0,1681,7477667340274.856,549,0.1029398965468619,2159.2670690974505,29.642942006374273,37.320466129608185,-0.10484478980128942,-0.7988673536679887,0.049168052910349314,-0.7753097518279953
CONSUMER DISCRETIONARY,2025Q2,2025-06-30,565,852262048.136253,19460333350171.914,102404897309.0,1691,8219754253373.868,552,0.10176260697582253,2.3675079266736296,29.737561428366508,30.599399322558853,0.09924042877678141,-0.9987947482431911,0.1602120376832823,-0.9989035594713797
CONSUMER DISCRETIONARY,2025Q3,2025-09-12,575,1027025000.0,4732397223854.222,83919177133.0,1716,9052404794770.0,554,0.10397803947006529,0.5227779061082587,29.83405156152124,29.185453002700616,0.10129871474616947,-0.7568182857560137,-0.18051597786598583,-0.7791864178284859
CONSUMER STAPLES,2002Q2,2002-06-28,95,840498693.1996094,67236089179.1707,4602665863.0,285,462874724859.7996,94,5.204741422594297e-07,0.1452576379052364,26.86072228176424,24.931475981691996,,,,
CONSUMER STAPLES,2002Q3,2002-09-30,96,794211378.441449,75823476666.57,5640353242.0,287,419426756369.8872,95,5.65930166662372e-07,0.18077882613598031,26.76215475016015,25.05167380021137,-0.09386550216815659,0.12771991340120392,0.22545355450235505,0.24453921145211877
CONSUMER STAPLES,2002Q4,2002-12-31,96,657399544.7938144,75928474127.8686,5653393417.0,288,421284694000.46533,95,2.4118234179553394e-07,0.18023079216778937,26.766574674866636,25.05305760420865,0.004429706980685788,0.001384761895848241,0.0023119429653621903,-0.0030315163556750013
CONSUMER STAPLES,2003Q1,2003-03-31,96,649959882.4572135,62193161796.5764,5107586628.0,288,407547430933.94836,95,3.849634273442078e-07,0.15260349366956533,26.7334231577839,24.8535108917021,-0.03260802792541473,-0.18089804238869633,-0.096544986124393,-0.15328844847169
CONSUMER STAPLES,2003Q2,2003-06-30,96,810795583.9581968,69823899107.862,5300985851.0,288,446068252470.0919,95,3.728714877908993e-07,0.15653187314096864,26.823737809702358,24.969242182221024,0.09451862191320415,0.12269415303638187,0.03786508914793085,0.025742395386500805
CONSUMER STAPLES,2003Q3,2003-09-30,96,1008420392.6669737,71189942505.9738,5008381380.0,288,453830195383.4791,95,3.571570582734789e-07,0.15686471114117795,26.840988946046096,24.988617388462117,0.01740079656062865,0.019564123682087375,-0.05519812337261787,0.0021263273321310283
CONSUMER STAPLES,2003Q4,2003-12-31,97,1094808668.9095294,78886974653.1754,4858414013.0,290,490199401865.04346,96,5.086338875853878e-07,0.16092833722978253,26.91807808785413,25.091281964404082,0.08013835758731958,0.10811965674162072,-0.02994328019804271,0.025905291630233584
CONSUMER STAPLES,2004Q1,2004-03-31,98,1280476556.554583,88075428321.8265,5206885930.0,294,535098498091.72345,97,1.8445685388938474e-07,0.16459666516710936,27.005716675479174,25.201459424321996,0.091593535316147,0.1164761826530667,0.07172544704250594,0.022794791771749923
CONSUMER STAPLES,2004Q2,2004-06-30,98,1345498020.6843126,87815527015.2249,5044323388.0,294,534671911808.86395,97,2.563054778451702e-07,0.16424189316048726,27.00491914677297,25.1985041672395,-0.0007972107647111759,-0.0029508946087883903,-0.031220684337135096,-0.002155402153876662
CONSUMER STAPLES,2004Q3,2004-09-30,98,1238652623.2924469,88159628224.8548,5322674666.0,294,503387078841.42334,97,2.619003740308204e-10,0.1751328787138511,26.94462525154193,25.202414965303273,-0.0585122058527443,0.003918455213167915,0.0551810930009311,0.06631064306304513
CONSUMER STAPLES,2004Q4,2004-12-31,99,1345286728.5905576,97058784945.2914,5564307499.0,296,552378077603.8901,98,2.7957208458927756e-10,0.17571078375578145,27.037498571966115,25.298582662261683,0.0973227180864924,0.1009436734208875,0.04539688186157487,0.003299808957486272
CONSUMER STAPLES,2005Q1,2005-03-31,100,1371720687.9396985,101526480441.187,5639731802.0,300,541915552963.16846,99,2.3754987855290574e-10,0.18734741951221925,27.018376019905972,25.34358549245813,-0.018940875941540036,0.04603082037771111,0.013555020640673598,0.06622607621289456
CONSUMER STAPLES,2005Q2,2005-06-30,101,1102772219.782622,101030525066.087,5757395111.0,301,540048658986.95355,100,2.766113040355011e-10,0.1870767075981716,27.014925081680236,25.338688536512873,-0.0034449905820321813,-0.004884985404249198,0.02086328093798251,-0.0014449727396965706
CONSUMER STAPLES,2005Q3,2005-09-30,103,1184192601.9671128,108064002415.7854,5954185436.0,309,554678896982.8994,102,2.9175540213936386e-10,0.19482263162270078,27.041655219265337,25.405989503513958,0.027090592213282916,0.06961734926248875,0.03418044466394443,0.041405069203841904
CONSUMER STAPLES,2005Q4,2005-12-30,103,1171525700.5169156,108358989513.97281,6043459250.0,309,559159847019.3856,102,3.5346143141669564e-10,0.19378893189770846,27.049701220959246,25.408715528861176,0.008078457754314705,0.0027297443329223903,0.014993455437285474,-0.005305850333621409
CONSUMER STAPLES,2006Q1,2006-03-31,104,1295443648.63035,114049965180.9259,6296462292.0,310,584749017316.732,103,2.5213167196329207e-10,0.19504088387231988,27.09444856189066,25.45990248038896,0.04576360486853637,0.05251964504725515,0.04186394439575314,0.006460389467816796
CONSUMER STAPLES,2006Q2,2006-06-30,104,1279755229.8492463,132002572935.6485,6821786552.0,312,595088740677.2031,103,4.2179360752828404e-10,0.22181998063924266,27.11197637536648,25.606087251287125,0.017682327039928225,0.15741002398591752,0.08343165346474857,0.13729991494733618
CONSUMER STAPLES,2006Q3,2006-09-29,104,1235495485.477747,120878067509.6565,6670761755.0,312,630799719989.0107,103,4.771076303547651e-10,0.19162669810912777,27.170254248136988,25.518048167942077,0.06000950256791793,-0.08427491357623174,-0.02213859900904147,-0.13611615348222295
CONSUMER STAPLES,2006Q4,2006-12-29,105,1327860062.1862254,134951915879.3565,7185014268.0,315,657653594867.4762,104,6.285414898549735e-10,0.20520212606235455,27.211944178078262,25.628184373274127,0.04257115852704141,0.11643012384008955,0.07709052307475184,0.07084309277977452
CONSUMER STAPLES,2007Q1,2007-03-30,107,1367841263.1105742,158871814430.4798,8330693841.0,317,680242713763.8097,106,6.481255483282616e-10,0.23355165915917833,27.24571550343709,25.791363515469673,0.03434805051264944,0.1772475655144241,0.15945404285451859,0.13815418797468615
CONSUMER STAPLES,2007Q2,2007-06-29,108,1384197183.206107,203683312081.8165,10100567854.0,322,716431708493.6874,107,4.4372675197123874e-10,0.2843024808464507,27.297548767032445,26.039832232831152,0.05320012107096672,0.2820607155018402,0.21245217346596768,0.21730019760931296
CONSUMER STAPLES,2007Q3,2007-09-28,108,1545640892.971246,220436957312.9301,10409554682.0,324,746220007072.4536,107,4.748083530919296e-10,0.2954047803914308,27.338286309317823,26.118877583080533,0.041578699303240985,0.08225340141947379,0.030591035322596882,0.039051011837551775
CONSUMER STAPLES,2007Q4,2007-12-31,110,1424037675.71885,218080545169.4354,9836238949.0,326,777658364234.3151,109,1.0338042919297538e-09,0.28043232761234194,27.379553144161708,26.108130304755942,0.04213014508308266,-0.010689732666512852,-0.055075913477006466,-0.050684531100848806
CONSUMER STAPLES,2008Q1,2008-03-31,112,1258401675.3159225,253262477333.0413,12132663032.0,335,755441674951.6959,111,1.2136377889087215e-09,0.3352508681086932,27.3505684150857,26.257692247702764,-0.028568700993133134,0.16132540450259625,0.23346566659337475,0.19547867738034164
CONSUMER STAPLES,2008Q2,2008-06-30,114,1385420267.869091,260142374189.61038,12904262627.0,341,751846183146.0602,113,1.56164024916381e-09,0.34600478132516216,27.34579759628559,26.28449491112839,-0.0047594565204066575,0.027165085523198185,0.06359688659982554,0.03207721214008119
CONSUMER STAPLES,2008Q3,2008-09-30,114,1037616811.5222249,287777965434.59607,14135165890.0,342,760581864521.1086,113,2.1816865244950504e-09,0.37836553677991264,27.357349588508015,26.385455066396368,0.011618974161037077,0.10623256334565045,0.09538733816719924,0.0935269025208616
CONSUMER STAPLES,2008Q4,2008-12-31,115,834811674.1072013,314528752170.4675,17338363506.0,343,652913674735.292,114,5.2956966686463095e-09,0.48173099192322105,27.20471075952878,26.474341330757046,-0.14156029062513686,0.09295634116904328,0.22661195778863275,0.27318940309152406
CONSUMER STAPLES,2009Q1,2009-03-31,115,805969854.027484,228068751232.4258,14325937670.0,345,584069901884.2576,114,7.74132043833883e-09,0.3904819448779286,27.09328650761905,26.152912960944136,-0.10544085001580872,-0.27488743188470843,-0.17374337750835245,-0.1894190919313654
CONSUMER STAPLES,2009Q2,2009-06-30,115,1068237019.0732293,222076663969.4234,12684769952.0,345,656531911070.115,114,4.209111590174887e-09,0.3382572274475574,27.210237137383206,26.12628849240501,0.12406393301912844,-0.026273162064608502,-0.11455918319655789,-0.13374425659219036
CONSUMER STAPLES,2009Q3,2009-09-30,117,1161513325.9199412,214478030249.9526,11412748435.0,350,799147912113.6975,116,8.18798841018691e-09,0.2683833956127987,27.406811887123858,26.0914731469964,0.21722630482823813,-0.03421626380571441,-0.10027943130331984,-0.20657010749487004
CONSUMER STAPLES,2009Q4,2009-12-31,119,1221929486.4002156,213840033550.2896,10683525287.0,355,865067022537.5144,118,9.881769228883946e-09,0.24719475830095725,27.48607282357899,26.088494065676098,0.08248674547552137,-0.0029746482608007385,-0.06389548951799007,-0.07894913641531942
CONSUMER STAPLES,2010Q1,2010-03-31,119,1312678866.370465,228716202461.3014,11159545637.0,357,898351882425.4769,118,8.389697175610193e-09,0.25459533946073143,27.523827679748273,26.15574778138743,0.03847662553397013,0.06956680965687045,0.04455648647916188,0.029938260870256972
CONSUMER STAPLES,2010Q2,2010-06-30,120,1262402100.4363637,267552940614.3157,12828390997.0,360,843480466869.1837,119,9.78252162836371e-09,0.3172011103083562,27.460802581425632,26.3125832925434,-0.06108009192138031,0.16980317850277982,0.14954420316781225,0.24590305140790303
CONSUMER STAPLES,2010Q3,2010-09-30,120,1305150316.1715481,229027993473.9422,10434072170.0,360,945931421730.7646,119,1.4417023095660051e-08,0.2421190249234888,27.575435910485528,26.157110075278332,0.12146215459126952,-0.1439899970896159,-0.18664217730500465,-0.2367018366104674
CONSUMER STAPLES,2010Q4,2010-12-31,121,1448152443.519384,227003842872.7114,9762112717.0,362,1004935850948.3914,120,1.0586864460288161e-08,0.22588888898577986,27.635944825500275,26.1482327832436,0.0623770686353422,-0.008838005217301492,-0.06440049887061494,-0.06703370766852279
CONSUMER STAPLES,2011Q1,2011-03-31,123,1602374786.0678868,439277133609.2514,10539500291.0,367,3878722875028.5005,122,5.8408096170714217e-08,0.11325303399151032,28.98652705945954,26.808396334695985,2.8596721087898502,0.9351087983808657,0.0796331282516578,-0.4986338881031027
CONSUMER STAPLES,2011Q2,2011-06-30,123,1806451202.6889997,451386399722.5045,9753111192.0,369,3814774638925.332,122,1.2070906606486173e-07,0.11832583637225436,28.969902706554553,26.835589571774282,-0.016486930921224552,0.02756634749858078,-0.07461350892238428,0.04479175702369531
CONSUMER STAPLES,2011Q3,2011-09-30,124,1327139451.0565083,686599050872.888,12749409267.0,371,2456210548812.473,123,1.5841873269395876e-07,0.27953590998330513,28.52964085088282,27.255016335612346,-0.35613220142817736,0.521089362229308,0.3072145919404381,1.3624249661238998
CONSUMER STAPLES,2011Q4,2011-12-30,124,1535975772.4509091,676248051150.9468,9735381796.0,372,2141339504342.8228,123,1.2415796896142274e-07,0.31580608762854134,28.392452685754492,27.2398257852574,-0.1281938328218173,-0.015075755943416591,-0.2364052645796989,0.1297514070639525
CONSUMER STAPLES,2012Q1,2012-03-30,125,1643663408.4082637,334608149441.308,9256918296.0,374,2709411208575.5215,124,1.243847772192536e-07,0.12349847390541685,28.627752461006143,26.536225980977516,0.26528801391867085,-0.5051990924457106,-0.04914686552884728,-0.6089420731791633
CONSUMER STAPLES,2012Q2,2012-06-29,128,1323194558.3720932,722592071364.5408,10335707368.0,382,2109718798573.0906,127,1.4343867339160456e-07,0.3425063434298762,28.37757578371674,27.306110683229896,-0.22133680118556842,1.1595172519588832,0.11653868355586061,1.773364986616675
CONSUMER STAPLES,2012Q3,2012-09-28,129,1133793802.5489585,750369093904.627,10617583560.0,386,1997595695868.529,128,1.9156692704301586e-07,0.37563611868835955,28.322965421258335,27.343831047630374,-0.05314599404451248,0.03844080725606647,0.027272075530379913,0.09672747934160886
CONSUMER STAPLES,2012Q4,2012-12-31,129,1154324255.7696228,1488423543709.5479,10120465072.0,387,3134661128903.1084,128,3.617851009559764e-07,0.47482757545482507,28.773542191317105,28.02873865142771,0.56921700191199,0.9835885510214373,-0.04682030380931612,0.2640626176013656
CONSUMER STAPLES,2013Q1,2013-03-28,129,1419678646.8747923,2354238468068.1646,10394748214.0,387,3609183898337.397,128,2.954840481338892e-07,0.6522910814139079,28.914502795773807,28.487238422978688,0.15137928787866617,0.5816992938722101,0.02710183178822989,0.37374304933553004
CONSUMER STAPLES,2013Q2,2013-06-28,129,1795531414.6470103,7064282032523.949,9580707959.0,387,3177244245796.659,128,2.6258367103066814e-07,2.223399111311525,28.787035347642874,29.586072503762338,-0.11967792850337011,2.0006654501405463,-0.07831264771797197,2.4085995879202873
CONSUMER STAPLES,2013Q3,2013-09-30,131,2212837140.9102974,16843979593280.492,8533477460.0,391,4604634502548.269,130,3.1898033806961094e-07,3.6580492075883115,29.15808441278952,30.455014414714878,0.4492541795110583,1.384386624957897,-0.10930617063807324,0.6452508184329191
CONSUMER STAPLES,2013Q4,2013-12-31,132,1991093604.6996324,23963525035694.254,9193490533.0,394,6725356261288.839,131,4.772501148201759e-07,3.563160686910869,29.536906015669622,30.807554000044583,0.4605624523655316,0.4226759717314035,0.07734397566452356,-0.02593965124378439
CONSUMER STAPLES,2014Q1,2014-03-31,132,2017742407.758621,91102610977124.98,10836209750.0,396,9358800163575.994,131,8.324376360957812e-07,9.734432767534884,29.86733821054917,32.143007580344964,0.3915694276963828,2.8017199406775686,0.17868286382668974,1.7319656964374186
CONSUMER STAPLES,2014Q2,2014-06-30,133,2164758277.7740865,83843517188469.92,9524437670.0,398,9005799538151.07,131,3.266328206221645e-06,9.309947088349622,29.82888987886056,32.05997328681972,-0.037718577088416305,-0.07968041432399509,-0.12105451170322723,-0.04360661677185296
CONSUMER STAPLES,2014Q3,2014-09-30,134,1685249911.591341,67779485321687.55,9235081691.0,401,7701093031195.904,132,3.1346830755356322e-06,8.801281200879359,29.672383386817305,31.847280688713155,-0.14487403382987452,-0.19159539586909746,-0.03038037404679661,-0.054636818302308376
CONSUMER STAPLES,2014Q4,2014-12-31,135,1712619031.4692657,26502989434947.348,10471958870.0,403,5719964584829.075,133,4.1901771865790836e-06,4.6334184489954,29.374983729837638,30.908278651424258,-0.2572528910300905,-0.6089821380442508,0.13393245673239607,-0.4735518223718993
CONSUMER STAPLES,2015Q1,2015-03-31,135,1803577451.7857144,12968098213360.504,10472658981.0,405,3850640896043.09,133,2.783722484149328e-06,3.367776576280196,28.97926071687893,30.19351347384971,-0.32680686410960436,-0.5106930014370181,6.685578206444553e-05,-0.2731550984758597
CONSUMER STAPLES,2015Q2,2015-06-30,137,1992128557.5819974,26525365520064.46,9707282451.0,409,4252628262377.7295,135,3.2447727907495213e-06,6.237405172403571,29.07855832240243,30.909122580543468,0.10439492468584155,1.045432189334937,-0.07308330495517734,0.852084017786287
CONSUMER STAPLES,2015Q3,2015-09-30,139,1756359212.2719734,12045252776946.543,11890311746.0,415,3972124333541.4297,137,3.5643484873061767e-06,3.032446057952911,29.01032216412444,30.11969173782313,-0.0659601337172755,-0.5458968221254027,0.22488572945305751,-0.5138289121621444
CONSUMER STAPLES,2015Q4,2015-12-31,140,1908524113.2167034,29272331769894.62,12022096837.0,419,5302079744011.324,138,1.172254402722173e-05,5.520915033946366,29.29912026404654,31.007663877617013,0.3348222006142858,1.4301965522814974,0.011083400823728162,0.8206144242754727
CONSUMER STAPLES,2016Q1,2016-03-31,142,2000140315.229499,24433368429859.816,13063724426.0,424,3946488651795.42,140,1.4690394186576599e-05,6.191166524384676,29.003847350579626,30.826970872571966,-0.25567157750636216,-0.16530843453378308,0.08664275484740891,0.12140224696760304
CONSUMER STAPLES,2016Q2,2016-06-30,144,2035053899.8237958,19429610578060.53,11757999700.0,428,4114977559379.721,142,1.856870866583202e-05,4.721680810572704,29.04565449667205,30.597819336814503,0.042693371868090635,-0.2047919780755335,-0.09995041868774335,-0.23735199304108856
CONSUMER STAPLES,2016Q3,2016-09-30,145,1921739383.8545454,31802351600718.055,12091660171.0,435,5580786503442.764,143,1.384969682628228e-05,5.698542952879369,29.35035083282696,31.09056135268868,0.3562131075835062,0.6367981989628004,0.02837731582864378,0.2068886444249456
CONSUMER STAPLES,2016Q4,2016-12-30,148,1896648923.8728213,62947781103150.195,13196334046.0,441,4985730813843.713,146,1.935857050280469e-05,12.625587592568213,29.237601111173714,31.77332662723771,-0.10662577563788966,0.979343599915703,0.09135832957408052,1.2155817192162668
CONSUMER STAPLES,2017Q1,2017-03-31,150,2012329288.3015723,45837028187457.03,12936364598.0,447,5379496646559.229,148,4.428899493814988e-05,8.520690911997274,29.31361592560612,31.456113356116933,0.07897855849380386,-0.27182456022801516,-0.019700126345225444,-0.3251251991619938
CONSUMER STAPLES,2017Q2,2017-06-30,151,2043090156.6582408,81160598199588.55,12954938930.0,451,6650415730158.228,149,0.0012747742564114444,12.203838300144518,29.525700484455545,32.02745100147987,0.2362524167408655,0.7706339483369375,0.0014358231680384748,0.4322592412032351
CONSUMER STAPLES,2017Q3,2017-09-29,152,2172577604.123225,370736580855200.75,12625954772.0,455,9095183905830.994,150,0.002426433932310584,40.76185646092528,29.838766148236367,33.54651290170005,0.3676113306099438,3.567938002914821,-0.025394497015973183,2.34008493544548
CONSUMER STAPLES,2017Q4,2017-12-29,156,2289693574.9424696,376491248520450.0,12948639337.0,463,9286732383672.97,154,0.0034507913655916875,40.54076643603516,29.85960787207733,33.56191591859675,0.02106042932448826,0.015522254782559086,0.025557240686114424,-0.005423943953633659
CONSUMER STAPLES,2018Q1,2018-03-29,157,2056599313.281875,534796055696745.5,14527718892.0,468,8124499455196.27,155,0.002548303570865921,65.82510819847498,29.725905236732345,33.91290658584258,-0.12514982455185486,0.4204740689150357,0.12194945846455618,0.6236769549567647
CONSUMER STAPLES,2018Q2,2018-06-29,158,2314081686.7757154,185519852923945.3,15353019641.0,474,8352167031382.684,156,0.0023826407476059937,22.212181847760878,29.753542145837088,32.85418301609816,0.02802235109275597,-0.653101680635536,0.05680869482231454,-0.6625576097681904
CONSUMER STAPLES,2018Q3,2018-09-28,160,2399860672.285283,231426629129734.72,14266983252.0,480,9130192644038.004,158,0.004426780381693323,25.347398258990275,29.842607910426512,33.07528400241516,0.09315254469073042,0.24744939952388334,-0.07073764082863265,0.14114851178140553
CONSUMER STAPLES,2018Q4,2018-12-31,161,1826107788.8067021,240377750436953.7,16764602288.0,481,8187834250287.551,159,0.005185785348745285,29.35791603603991,29.733670540519224,33.11323276204745,-0.10321341843381704,0.03867800927178999,0.17506287011655908,0.15822206824036367
CONSUMER STAPLES,2019Q1,2019-03-29,163,1978657772.7272727,187147645287448.75,16605786637.0,485,6673448488635.202,161,0.005619433615256434,28.04361876864095,29.52915785703787,32.86291896824658,-0.1849555957485539,-0.2214435614475314,-0.009473272808486422,-0.044768070927974635
CONSUMER STAPLES,2019Q2,2019-06-28,166,2049003674.5498834,463501170323503.6,14361427854.0,491,30236278746348.42,164,0.05292504124058718,15.32930603702282,31.04006360233796,33.76983002590107,3.5308327168240554,1.4766604442796525,-0.13515522221628795,-0.45337632195441135
CONSUMER STAPLES,2019Q3,2019-09-30,171,2204054484.2632036,273841889332028.75,14473975946.0,507,16141512809880.182,169,0.041383679754348514,16.96506966586247,30.412415504853772,33.243572009527895,-0.46615412083970287,-0.40918835406413523,0.00783683162594806,0.10670826356320418
CONSUMER STAPLES,2019Q4,2019-12-31,175,2403371622.2380714,199251594180929.62,12385629604.0,521,13293519343891.291,173,0.04634632007950698,14.988626339381737,30.218297765026335,32.92558943447492,-0.1764390673621149,-0.27238453303489896,-0.14428283906172523,-0.11650074921046627
CONSUMER STAPLES,2020Q1,2020-03-31,176,1804586278.8799384,109825835258682.52,19217044569.0,526,8209615023172.261,174,0.05609516251535433,13.377708327210323,29.736327147084232,32.329916911121664,-0.38243479316522855,-0.4488082481339868,0.5515597659075613,-0.10747602720196059
CONSUMER STAPLES,2020Q2,2020-06-30,176,2089290949.1419754,137499670253121.22,19604709341.0,527,13826139862676.26,174,0.09574421977290913,9.944906649201657,30.257582109318022,32.55464263487319,0.6841398559677807,0.25197928091560673,0.02017296523448575,-0.256606108762764
CONSUMER STAPLES,2020Q3,2020-09-30,180,2038335168.7004662,85857801706171.19,16532391355.0,537,9748380431892.508,178,0.04011396778184602,8.807391371933063,29.908122277591097,32.08371357516137,-0.2949311573067249,-0.375578126492109,-0.15671326376539318,-0.11438169481057026
CONSUMER STAPLES,2020Q4,2020-12-31,188,2104394664.120603,373493382206108.75,30593289355.0,555,17701212039549.484,185,0.056798153304978324,21.09987617636688,30.50465422997461,33.553921402020784,0.8158105506057942,3.350139122875577,0.8505059974731042,1.3957009840174548
CONSUMER STAPLES,2021Q1,2021-03-31,192,2666540191.489362,1011825836643375.5,54150001020.0,575,23456650144326.312,189,0.061639596505728304,43.13599045122458,30.786175158861482,34.55053285278689,0.3251437298145212,1.709086385056775,0.7699960403620352,1.0443717342540362
CONSUMER STAPLES,2021Q2,2021-06-30,202,2545710206.185567,1220261364970693.0,34633882873.0,593,24869483447169.73,199,0.00809751361214822,49.06661481582018,30.844662603410335,34.73784146429365,0.06023167392404294,0.20599941292147683,-0.3604084539128971,0.13748668577116763
CONSUMER STAPLES,2021Q3,2021-09-30,208,1952372045.4545455,512783314988673.8,34006477521.0,618,16241072640086.627,205,0.030997303782391537,31.57324188816255,30.41856449774734,33.8708744839321,-0.3469477291481524,-0.579775833514987,-0.01811536275908343,-0.3565229228330089
CONSUMER STAPLES,2021Q4,2021-12-31,214,2027995118.392581,751680904018586.8,35300069193.0,638,13493912175752.658,209,0.045381611443113014,55.70518721540885,30.23325974972018,34.25333302006252,-0.1691489549497709,0.4658840918706366,0.03803956676198439,0.7643163604398147
CONSUMER STAPLES,2022Q1,2022-03-31,215,1752546114.6774342,425957418170060.8,31561217044.0,645,10759742845394.982,210,0.027128537188648928,39.588066768005014,30.006832771249737,33.685360499854575,-0.20262243408332914,-0.4333268067702194,-0.10591628386216911,-0.28932889831390085
CONSUMER STAPLES,2022Q2,2022-06-30,219,1598509628.2187939,266768701747304.84,27394652588.0,650,9146086139399.113,213,0.03026544758836772,29.16752561493273,29.84434715937931,33.21740311329598,-0.14997167954497082,-0.3737197889559958,-0.13201532913611425,-0.26322429974009587
CONSUMER STAPLES,2022Q3,2022-09-30,223,1324612786.2396696,172741245044533.22,18703915931.0,666,5649621896288.691,217,0.02166505871718899,30.575717847243748,29.362609737836735,32.78281589737619,-0.3822907623894449,-0.35246809722018513,-0.31724208325266023,0.04827945472310047
CONSUMER STAPLES,2022Q4,2022-12-30,223,1380149573.2217572,86199812381994.28,18046115281.0,669,5752025617594.266,217,0.023668216529587668,14.985992433400636,29.380573190022055,32.08768911705285,0.018125765438010033,-0.5009888208240498,-0.03516914064555632,-0.509872752349736
CONSUMER STAPLES,2023Q1,2023-03-31,223,1513271472.7574751,48636038084148.41,19281249019.0,669,5372215053725.515,217,0.06663417861312017,9.053255984311418,29.312261426127343,31.515385896406855,-0.06603074970789224,-0.43577559231082885,0.06844319227531592,-0.39588545606538483
CONSUMER STAPLES,2023Q2,2023-06-30,225,1457625608.9415877,50450704544824.41,17156412729.0,672,4392088518632.827,219,0.06649044854067873,11.486723077368381,29.11082597444835,31.552017827840274,-0.1824436522534575,0.03731114893726173,-0.1102022118954098,0.2687946852794145
CONSUMER STAPLES,2023Q3,2023-09-29,227,1297600304.3933053,19725012595496.957,20654360793.0,679,3433369002496.4507,221,0.057165575912137986,5.745089613483032,28.8645631115187,30.61290862121531,-0.2182832864294838,-0.6090240409235179,0.20388574926781255,-0.4998495589397254
CONSUMER STAPLES,2023Q4,2023-12-29,231,1332594796.7786155,2293226136126.003,21275267730.0,691,3457623222683.6504,225,0.053999069620003136,0.6632377180605886,28.871602539093544,28.460980735145327,0.00706426258568893,-0.8837401940797986,0.030061784202512376,-0.8845557227681793
CONSUMER STAPLES,2024Q1,2024-03-28,232,1309139044.7547061,1771900245130.559,20752586086.0,694,3669393115081.9604,226,0.05360111751885568,0.4828864582123089,28.93104740058305,28.203073671454327,0.061247243773988824,-0.22733296240733203,-0.02456757069444404,-0.2719255177097816
CONSUMER STAPLES,2024Q2,2024-06-28,235,1075600236.463331,1931243406597.5342,22894505814.0,702,3677158473598.3003,229,0.05224865760197633,0.5251999391551126,28.9331614159315,28.289185163527627,0.0021162514543406896,0.08992783984587915,0.10321218373092167,0.08762614942537894
CONSUMER STAPLES,2024Q3,2024-09-30,237,1180997298.6690712,1858668109532.2634,25187353721.0,710,4026621321768.036,231,0.054444363942132847,0.4615949603912957,29.023948758553377,28.250881277009572,0.09503611298747416,-0.037579570144984475,0.10014839043164336,-0.12110621883570294
CONSUMER STAPLES,2024Q4,2024-12-31,244,1140595467.2054648,1594373354013.0703,29186130305.0,726,3896909719130.8447,238,0.05164534969110371,0.40913787306539773,28.99120497525537,28.09750189347132,-0.03221350911146437,-0.14219577673052308,0.15876128267758483,-0.11364311101106894
CONSUMER STAPLES,2025Q1,2025-03-31,246,956823950.9431192,1411015755493.4343,29409805772.0,737,4081498830158.5293,240,0.05618718354448935,0.34571019476162124,29.037485397217306,27.975330954927127,0.047368074790517634,-0.11500292453967642,0.007663758938322829,-0.15502763855263535
CONSUMER STAPLES,2025Q2,2025-06-30,250,865501756.0730691,1740572829745.001,51429590881.0,747,4195884388606.074,244,0.051946094833486056,0.4148285959621593,29.065125253319923,28.185235387474144,0.028025380676907297,0.23356016612041297,0.7487225614377988,0.1999316255287107
CONSUMER STAPLES,2025Q3,2025-09-12,252,774018000.0,1242873438585.22,30807916619.0,755,4220528726100.0,245,0.04847798042797534,0.2944828762565261,29.070981526673286,27.848447103953973,0.005873454845621406,-0.2859399978297349,-0.4009690512552456,-0.29010950758228626
ENERGY,2002Q2,2002-06-28,86,1185130796.036617,214584902272.3199,3315542268.0,257,532125180714.9925,86,5.983420181155225e-07,0.403260191491017,27.00014460070471,26.091971311794502,,,,
ENERGY,2002Q3,2002-09-30,86,926539311.0381874,164870866063.6918,4027196896.0,258,435992864172.75287,86,5.882827228773471e-07,0.3781503772464616,26.80089171358526,25.828428374521362,-0.18065733407517193,-0.2316753680346918,0.21464200136084655,-0.06226702951192431
ENERGY,2002Q4,2002-12-31,89,1069069284.0688108,152116268543.97208,3584934240.0,263,465514084550.46014,89,2.6650333764691706e-07,0.32677049651648765,26.866408190027418,25.747910990024913,0.06771032923605391,-0.07736113616818419,-0.10981898015447811,-0.13587155751133062
ENERGY,2003Q1,2003-03-31,91,1071206723.1114436,168761328393.6223,3845593162.0,271,462300897387.8792,91,4.3668276233493057e-07,0.3650465083394125,26.859481809076236,25.851751295673242,-0.006902448860776955,0.1094232721389603,0.07270954069160274,0.1171342340601842
ENERGY,2003Q2,2003-06-30,92,1172228997.4813337,188761031925.1062,3871214634.0,274,1246210814923.2976,92,1.0417161008173627e-06,0.1514679777006462,27.85112871533961,25.963747670658197,1.6956703349803433,0.11850880602714953,0.006662553972993646,-0.5850721093329443
ENERGY,2003Q3,2003-09-30,93,1169242468.4989429,265193103402.3963,3507129040.0,278,4279140867939.887,93,3.3676149799592364e-06,0.061973445508483244,29.084773373583186,26.30372408965375,2.4337214993622585,0.4049144608809707,-0.09404944660064019,-0.5908478712842891
ENERGY,2003Q4,2003-12-31,94,1462808603.8512485,343106744366.9655,3382213926.0,281,2964586057601.076,94,3.0760725652093103e-06,0.11573512716463534,28.71775852905386,26.561307443767035,-0.3072006393123672,0.29379965000954544,-0.03561748443678592,0.8674954444608525
ENERGY,2004Q1,2004-03-31,94,1687448631.9173384,304678366471.4204,4074198642.0,282,1627290279705.4475,94,5.609525095467401e-07,0.18723049616357915,28.11793734232988,26.442522520983363,-0.4510902203249785,-0.11200123147228058,0.20459519449095898,0.6177499498250028
ENERGY,2004Q2,2004-06-30,94,1990157094.1559467,197389314041.2453,4083952491.0,282,1134131504697.3423,94,5.43668202556765e-07,0.17404446770387638,27.75688827985222,26.008443828955926,-0.30305519621082655,-0.35213872803876634,0.002394053372717142,-0.07042671322188043
ENERGY,2004Q3,2004-09-30,95,2001004135.4077792,5.931750897667159e+21,4115104963.0,283,1.9198003181756938e+21,95,0.9988266336750626,3.0897749320636922,49.006508132556014,50.13460638329305,1692749305.6053371,30051023411.684315,0.007628020176202455,16.752790265765373
ENERGY,2004Q4,2004-12-31,95,2661650883.7320576,4.263862023838623e+22,5154061757.0,285,1.972611556994029e+21,95,0.9983870603011007,21.615315031085615,49.03364528115761,52.10704737382219,0.0275087144836601,6.188201422139146,0.25247394740633244,5.9957571364748325
ENERGY,2005Q1,2005-03-31,97,2983267191.513437,3.1279162396048796e+22,6475503027.0,288,2.2787932153302336e+21,97,0.9989140348324236,13.726196034648078,49.17793296419528,51.79723909057362,0.1552163968879816,-0.26641241622802014,0.2563883267803848,-0.3649782103611242
ENERGY,2005Q2,2005-06-30,97,3475223198.350515,1.2417839328033403e+22,6802362643.0,291,1.9493883710334695e+21,97,0.9984708792624476,6.370120758158661,49.021802620370046,50.873421047099185,-0.1445523192191127,-0.6029996209360762,0.05047632819213255,-0.5359150676502791
ENERGY,2005Q3,2005-09-30,98,3461875850.81722,1.0669929255857692e+22,7379798486.0,293,1.8979383169372754e+21,98,0.9982960590455159,5.621852491537174,48.995055153555285,50.721716387975235,-0.02639292142125471,-0.14075798744068024,0.08488754177112456,-0.11746531895225487
ENERGY,2005Q4,2005-12-30,100,3419847374.304987,6.678004756079363e+21,8782071380.0,299,1.5783543555395195e+21,100,0.9977243408402915,4.230992066288347,48.810669709999814,50.25310620659733,-0.16838479867642497,-0.374128488020368,0.19001506567695725,-0.24740251142173364
ENERGY,2006Q1,2006-03-31,102,3641264241.3579473,2.034279867032932e+22,9410288250.0,304,2.3143504830125656e+21,102,0.9979000212238814,8.789852193799668,49.19341603215328,51.3670139284416,0.46630601353234447,2.0462390209905323,0.07153402002979403,1.0774920056776653
ENERGY,2006Q2,2006-06-30,104,3913014467.5673156,1.8637103117841237e+22,10455954308.0,309,1.4052948258984703e+21,104,0.9960604759250064,13.262059159668272,48.694534074144364,51.2794413379217,-0.3927908343125226,-0.08384763473945689,0.11111945035265003,0.5087920555732763
ENERGY,2006Q3,2006-09-29,104,3851481009.2645197,6.114244500929784e+21,10448181072.0,312,1.3178841429816404e+21,104,0.9967863976715855,4.639440070275557,48.63031448143571,50.164908165882544,-0.06220095691375238,-0.6719316053428583,-0.0007434267376295045,-0.6501719669306916
ENERGY,2006Q4,2006-12-29,106,4270990550.6802177,6.128628157040424e+21,10669193753.0,314,1.0422042971215873e+21,106,0.9960694304089691,5.880447983151461,48.39562493948512,50.167257886104316,-0.2091836731841561,0.002352482977815651,0.021153220783308502,0.26749088124382103
ENERGY,2007Q1,2007-03-30,109,4277390060.604692,3.3060214161959467e+21,11917327127.0,325,1.0444455966733051e+21,109,0.9951328567673051,3.1653361618125966,48.39777316801194,49.55003243023101,0.0021505376229093986,-0.460560939335491,0.11698478843811855,-0.46171853388009676
ENERGY,2007Q2,2007-06-29,114,4317173259.647675,9.186421961864928e+21,11449562414.0,337,1.6092530861164577e+21,114,0.9967016207357603,5.708500447269069,48.830057102559586,50.572013473045246,0.5407725316111609,1.7786940268630285,-0.039250807501979845,0.8034420849633095
ENERGY,2007Q3,2007-09-28,115,3784726299.653179,1.1164870030677414e+22,12404255658.0,344,1.566668394487051e+21,115,0.9968470868878071,7.126504925972511,48.80323827578633,50.76705919731808,-0.026462395503105474,0.21536655697131102,0.08338250925927482,0.2484022716301637
ENERGY,2007Q4,2007-12-31,116,4666804988.945991,8.132671512998386e+21,11740174482.0,347,7.485940550790682e+20,116,0.9951667501394696,10.86392746218028,48.06472852794646,50.45017642184252,-0.5221745343728796,-0.2715838616434886,-0.053536559896015024,0.5244397604478952
ENERGY,2008Q1,2008-03-31,117,4009149754.3582067,3.060463090796226e+21,14033443199.0,351,6.193457803108123e+20,117,0.9949959981151733,4.941444969981655,47.87519540177676,49.47285319425049,-0.17265469033761482,-0.6236829329815288,0.1953351477455494,-0.5451511447233138
ENERGY,2008Q2,2008-06-30,117,4916732469.352014,8.250270352987024e+20,14801660525.0,351,4.781439084864347e+20,117,0.9931403379085262,1.7254785027175747,47.616443424852825,48.16194782974961,-0.2279855232944622,-0.7304241185656453,0.0547418986991548,-0.6508149917282231
ENERGY,2008Q3,2008-09-30,118,3075342452.053244,5.97014864809521e+20,19352810520.0,353,3.466543336351271e+20,118,0.9943585610284801,1.722219533646195,47.29485980067477,47.838473686153876,-0.27500000003667957,-0.27636933183241585,0.3074756367579914,-0.001888733511456131
ENERGY,2008Q4,2008-12-31,120,1708518126.0708232,1.2886020107032768e+20,24891690556.0,359,1.217772773068998e+20,120,0.9877194286249622,1.058162934170204,46.24872545435,46.30525977798025,-0.6487068947619817,-0.7841591413114298,0.2862054599395727,-0.38558185324381056
ENERGY,2009Q1,2009-03-31,120,1452715444.6197443,3.2272210649420947e+19,20557905498.0,360,7.321578676561014e+19,120,0.9704093031830167,0.44078213285798334,45.739942737804334,44.920738182395624,-0.3987730027737958,-0.7495564155467378,-0.17410569395638598,-0.583445877166697
ENERGY,2009Q2,2009-06-30,120,1872916315.5530145,1.4032302425500292e+20,17236721775.0,360,1.516612715563383e+20,120,0.9723201646785912,0.9252396660994399,46.46818123138695,46.3904787548429,1.0714285573664615,3.34810697597875,-0.16155263109479245,1.099086140584435
ENERGY,2009Q3,2009-09-30,121,2296564922.600989,1.1660287031322259e+20,13934720637.0,362,9.1893283466565e+19,121,0.9415292570910264,1.2688943730653404,45.967159615344926,46.205305564257706,-0.39408866532924336,-0.1690396431213934,-0.1915678155685726,0.37142236715234644
ENERGY,2009Q4,2009-12-31,122,2543000090.5793896,9.037269973753112e+19,13271387887.0,364,7.545708680521577e+19,122,0.8619557780688263,1.1976701402589047,45.77009578186897,45.95047390162771,-0.1788617844668644,-0.22495304365348034,-0.0476028739491694,-0.056130939121729395
ENERGY,2010Q1,2010-03-31,122,2786544026.9261866,7.463413527181518e+19,14633036548.0,366,8.218098552721125e+19,122,0.7674872125886615,0.9081679270821449,45.85545562957615,45.75912965381611,0.08910890953625716,-0.17415175723891563,0.10260032127715935,-0.24172115797608273
ENERGY,2010Q2,2010-06-30,123,2605534199.4970665,6.565426937528898e+19,21940079773.0,369,7.246868714986092e+19,123,0.8404776722975209,0.9059674178934671,45.72968624107596,45.63093430490014,-0.11818181924983673,-0.12031848247215315,0.49935248921377884,-0.0024230201519533923
ENERGY,2010Q3,2010-09-30,123,3059554681.071975,2.994614170999419e+19,14836941885.0,369,5.154989143346111e+19,123,0.7856763802339457,0.5809157085936383,45.38908177831014,44.845932165781555,-0.2886597858898835,-0.5438812739074461,-0.32375168921406094,-0.3587896240856332
ENERGY,2010Q4,2010-12-31,126,3566627661.7704372,4.252875656130392e+19,14197446297.0,376,8.143388585877345e+19,126,0.8578950698671871,0.5222488907757555,45.84632314846875,45.19671214598758,0.5797101331219214,0.4201748249628574,-0.04310157665620595,-0.1009902416994568
ENERGY,2011Q1,2011-03-31,129,3936823221.3872833,4.913542876724825e+19,16036455978.0,383,5.453829137959317e+19,129,0.8212697505135128,0.9009345090270553,45.44543472297929,45.34111201197927,-0.33027521891591805,0.1553459997453961,0.12953101864443006,0.7251056439560744
ENERGY,2011Q2,2011-06-30,131,3837364208.9184065,1.6152188474020026e+19,14351118557.0,389,2.390719725729671e+19,131,0.7564838624306465,0.6756203288986633,44.62071122796926,44.22858722360819,-0.5616438166186817,-0.6712720560446916,-0.10509413197729411,-0.25008941035205234
ENERGY,2011Q3,2011-09-30,133,2652619336.144092,1.4667395564850296e+18,18270620381.0,399,1.0832202284228997e+19,133,0.6986468480814175,0.1354054806214716,43.82905506457716,41.82957362251747,-0.5469062237764863,-0.9091925184723912,0.27311472680212767,-0.7995834719150656
ENERGY,2011Q4,2011-12-30,134,3278724790.410375,3.2061092522753213e+18,16738200896.0,400,1.3402225998632946e+19,134,0.7770804938579423,0.23922214508264156,44.04195248635437,42.611589804940394,0.23725772903500353,1.185874948350481,-0.08387342372859952,0.7667094713203766
ENERGY,2012Q1,2012-03-30,137,4005414141.9974165,7.502151888356906e+18,15903098263.0,409,1.7407428549448352e+19,137,0.7991474735286034,0.4309741595116099,44.303428717134636,43.46172157172945,0.29884606864739816,1.3399551599911188,-0.04989201875331584,0.8015646476321237
ENERGY,2012Q2,2012-06-29,141,3612973737.063599,5.614622363377869e+18,16789671312.0,419,1.2551279318407733e+19,141,0.8533548907169752,0.44733466772135744,43.97635427199705,43.17190600485764,-0.27896993615375265,-0.2515984151038613,0.055748448153822405,0.03796169178283826
ENERGY,2012Q3,2012-09-28,141,3736237720.033529,3.591562872957438e+17,13118525619.0,423,8.292810346693697e+18,141,0.7952701329664826,0.04330935741692654,43.561920590017266,40.422534029322385,-0.33928565078370587,-0.9360319779227916,-0.21865500668712556,-0.903183543458555
ENERGY,2012Q4,2012-12-31,147,3492366515.8371043,7.00553449044621e+17,12463930541.0,436,7.022740591365287e+18,147,0.8105255430668458,0.09975499449687446,43.3956852133756,41.09064705905407,-0.153153117246288,0.9505532099115308,-0.0498985249570979,1.3033127353186575
ENERGY,2013Q1,2013-03-28,151,3559749797.9127135,2.617545734378738e+18,13336775476.0,451,1.0011140192752228e+19,151,0.819612497981331,0.2614632982838223,43.75023016610308,42.408768810044755,0.4255318223004403,2.736396898692617,0.07002966938308774,1.6210547111203994
ENERGY,2013Q2,2013-06-28,152,3467269631.5061855,1.527385723737443e+18,13679552923.0,455,1.1453042856850096e+19,152,0.9465378816255283,0.13336069224816613,43.88478712027731,41.87008927054732,0.14402981442031582,-0.41648174330754884,0.025701673363013544,-0.48994488663031743
ENERGY,2013Q3,2013-09-30,153,3849634143.571017,3.0003966373436646e+18,12251125026.0,457,1.3671929656969069e+19,153,0.9471059519773943,0.21945670528038855,44.06187647464965,42.545276166269524,0.19373775404951443,0.9644000796353074,-0.10442065651124643,0.6455876284145963
ENERGY,2013Q4,2013-12-31,156,4317832778.355242,8.820548054921079e+17,13197650823.0,464,1.3447799834105922e+19,156,0.9542935371093431,0.0655910123866557,44.04534718545246,41.32103058673316,-0.016393430078021187,-0.706020599238834,0.0772603165008301,-0.7011209463713882
ENERGY,2014Q1,2014-03-31,156,4321324726.574265,1.7840382615590382e+18,14590919081.0,468,1.0683530436753975e+19,156,0.9502684816950567,0.16698958009437662,43.81523501803936,42.025411154882896,-0.20555551327744226,1.0225934380162514,0.10556941357865779,1.5459216746035493
ENERGY,2014Q2,2014-06-30,157,4673444204.708821,3.629750822897252e+18,13639006681.0,469,2.326685290090125e+18,157,0.8438693041997934,1.5600523364105905,42.29097630630369,42.73569567598353,-0.7822175633921766,1.0345700544142362,-0.06524005751217965,8.342213661049414
ENERGY,2014Q3,2014-09-30,159,4123474575.375723,4.173529504534661e+18,14128332801.0,475,2.1185643795801265e+18,159,0.862348744288729,1.9699800226801716,42.197270353743846,42.87529375567084,-0.08944953208602469,0.14981157334744188,0.03587696167651733,0.2627653423555991
ENERGY,2014Q4,2014-12-31,160,3049176591.4356575,6.725514371100198e+17,25492136478.0,478,1.1314314523802802e+18,160,0.8288334988150207,0.5944252616410134,41.570015276956305,41.049854989870695,-0.46594426712464787,-0.8388530771426743,0.8043272930402428,-0.6982582286127482
ENERGY,2015Q1,2015-03-31,161,3021410634.2753434,6.545819414863916e+17,22257194840.0,482,1.163343207620853e+18,161,0.8410092582677253,0.5626731107366618,41.59782960932926,41.02277316950037,0.02820476235960867,-0.0267183959948758,-0.12689958885132246,-0.05341655705663362
ENERGY,2015Q2,2015-06-30,162,3126562677.6436815,5.19365320362865e+17,19515807294.0,484,1.09930602545889e+18,162,0.8387750021963186,0.472448352264842,41.5412107686584,40.79138392325958,-0.055045821166502584,-0.20656943394509708,-0.12316860079210235,-0.16035022244744546
ENERGY,2015Q3,2015-09-30,163,2307382134.0336137,5.0372157459196243e+17,24331374946.0,489,9.925769994894629e+17,163,0.8906796539047134,0.5074886631979728,41.43908098581234,40.760800078970476,-0.09708763847162083,-0.030120890166430048,0.24675216246270848,0.07416749527255861
ENERGY,2015Q4,2015-12-31,165,2143521849.0760326,1.252648450083611e+17,25371129969.0,491,3.4420102172475174e+17,165,0.7610054594030806,0.36392932356991087,40.380002247087994,39.36920665087321,-0.6532248662806077,-0.7513212629222178,0.042733097710572654,-0.28288186522909387
ENERGY,2016Q1,2016-03-31,168,1793999182.6600952,7.74764567142266e+16,30971902601.0,501,2.123912967911839e+17,168,0.790604546712989,0.36478169249279024,39.89720670787955,38.88875050078562,-0.38294402577041886,-0.3814988019259894,0.22075377166264842,0.0023421276266450963
ENERGY,2016Q2,2016-06-30,169,2119199184.667473,4.512839846684779e+16,24411107725.0,506,1.8037292492851578e+17,169,0.8139272318915054,0.25019496958721926,39.733802907730734,38.348288121012615,-0.15075180737818805,-0.4175211363459126,-0.2118305407491553,-0.31412410563294846
ENERGY,2016Q3,2016-09-30,169,2176307675.1438704,6.051137229503676e+18,21365533811.0,507,3.714170615372018e+17,169,0.9217363350534111,16.292028170325676,40.45610198121573,43.246777900089874,1.059161937327342,133.08712551474568,-0.12476180713753338,64.11732908621167
ENERGY,2016Q4,2016-12-30,171,2238996987.7408056,3.212851786750077e+18,20694467615.0,508,2.4014106930261395e+17,171,0.9324185348726458,13.379018408139922,40.02000293433342,42.61369062372199,-0.35344631636271506,-0.469049921544483,-0.03140881954723285,-0.1787997007942519
ENERGY,2017Q1,2017-03-31,173,1994350008.8967972,3.5090840354193295e+18,21158974160.0,517,1.1526859435306848e+17,173,0.9489977459314871,30.442672222331275,39.286041403062754,42.701886718744994,-0.5199963309573978,0.0922022764607211,0.02244592872074236,1.2754040164717662
ENERGY,2017Q2,2017-06-30,180,1851502418.8320396,6.494179184771124e+17,20802693410.0,532,151084172810277.9,180,0.02896032697269857,4298.384843345643,32.64885823326349,41.0148528465565,-0.9986892858921529,-0.8149323550185346,-0.016838280878168965,140.19604257974947
ENERGY,2017Q3,2017-09-29,184,1729499884.6403484,3134552034209369.5,18448172912.0,547,5507401476094.846,184,0.0014692771425860434,569.1526299317475,29.337114026419748,35.68126266698632,-0.9635474624929066,-0.9951732898877199,-0.11318344464319052,-0.867589187410044
ENERGY,2017Q4,2017-12-29,184,1861717679.8722153,370033198176845.44,19155959856.0,550,3399614879736.5747,184,0.0012632389077946225,108.84562259755674,28.854683270469344,33.54461384234408,-0.3827188930219133,-0.8819502135748788,0.03836623536521633,-0.808758464999785
ENERGY,2018Q1,2018-03-29,188,1614659321.7577147,179692724201361.7,22219439006.0,558,2918021203317.6504,188,0.0009152568589959002,61.58033533034635,28.701926832389873,32.82226942031386,-0.14166124501027055,-0.5143875601251233,0.1599230303795225,-0.43424150773585046
ENERGY,2018Q2,2018-06-29,192,1897653375.557526,12928878325009.32,23540785471.0,568,2657769121771.9717,192,0.0007581875438396929,4.864560363463572,28.608508210811085,30.190484555143478,-0.08918786513606702,-0.9280500733545485,0.05946803898348607,-0.9210046464124019
ENERGY,2018Q3,2018-09-28,193,2001741558.3815026,6768558104365.538,19744384438.0,578,2820288636500.297,193,0.0013674189465131025,2.399952266149843,28.66786034900972,29.543309197061745,0.061148845999072776,-0.47647754629474726,-0.16126908924414618,-0.5066455986084065
ENERGY,2018Q4,2018-12-31,194,1322986535.4486172,33220132698202.637,28250598176.0,582,2154723190927.4023,194,0.0013646993347136446,15.417355156373727,28.39868338154823,31.134177214633223,-0.23599196087915186,3.9080073164735847,0.43081686160997545,5.4240257499401165
ENERGY,2019Q1,2019-03-29,195,1622993452.5474524,6357408196014.427,23445739251.0,584,2424080174446.925,195,0.0020412171670406614,2.622606406764135,28.516473258855523,29.48064189387345,0.12500769688360291,-0.8086278506539983,-0.1700799004348842,-0.8298925866230747
ENERGY,2019Q2,2019-06-28,195,1563779590.6432748,2879366394689.7124,24033435690.0,585,2143521988381.2427,195,0.003751982530220699,1.3432875474555634,28.39347138109896,28.688591384028946,-0.11573799786951933,-0.5470848644743562,0.025066236244819295,-0.4878043674449193
ENERGY,2019Q3,2019-09-30,197,1167210267.5215147,2179978153833.7375,26892732070.0,590,1832755852998.7893,197,0.004698827314499572,1.1894536581437274,28.236841880605933,28.410335971502608,-0.14497921508010259,-0.24289657688088095,0.11897160343120294,-0.11452044620172808
ENERGY,2019Q4,2019-12-31,197,1236545347.5163934,985056789068.4625,26288709877.0,591,1864314779999.9517,197,0.006499718192574662,0.5283747142038364,28.253914691324972,27.615965130334207,0.017219384103739133,-0.5481345593596298,-0.022460425048216437,-0.5557836906160574
ENERGY,2020Q1,2020-03-31,200,410234900.8617637,2265446675297.211,43014297240.0,599,957756719918.1304,200,0.006544219028826063,2.3653675596145782,27.587859636861864,28.448793063057856,-0.4862687727454721,1.2998132700953953,0.6362270130887335,3.4766857611245694
ENERGY,2020Q2,2020-06-30,201,584679978.7640811,6137962465793.239,54274820373.0,602,1173060803483.6516,201,0.008123293449310159,5.23243334664773,27.790637520133394,29.445513957052693,0.22480038937646452,1.7093828924434873,0.2617855888745888,1.2121015929973784
ENERGY,2020Q3,2020-09-30,202,520789612.07916045,1614410297809.044,33863901571.0,604,999211426504.5638,202,0.00411169170613452,1.6156843836910129,27.630232231345477,28.109990865248186,-0.14820150538045884,-0.7369794444319063,-0.3760660774504153,-0.6912173979767682
ENERGY,2020Q4,2020-12-31,206,750280745.1212867,515855723461.40063,36153818770.0,612,1292124303715.21,206,0.004146059271395109,0.39923072569579776,27.887308726966932,26.969092957637994,0.2931440428331693,-0.6804680172311331,0.0676211863597258,-0.7529030238048352
ENERGY,2021Q1,2021-03-31,211,1067463264.9221705,820395921070.8485,41579645751.0,624,1594727072627.247,208,0.004190638163961411,0.5144428379956453,28.097723723183343,27.43305289125496,0.23419013793175436,0.5903592492218135,0.15007617910344462,0.28858528385822635
ENERGY,2021Q2,2021-06-30,214,1300245420.1433692,683805547638.3457,33081313562.0,639,1797893918938.6184,211,0.0005853949686060245,0.380336982307626,28.217637050759475,27.25093942707475,0.1273991329291615,-0.1664932381114399,-0.20438683484444098,-0.2606817430105898
ENERGY,2021Q3,2021-09-30,216,1338112252.7236993,611522929268.7288,30343771460.0,647,1815506207648.083,213,0.0034650296002238113,0.33683329018242947,28.227385447044796,27.13921828813227,0.00979606667776145,-0.10570639360745016,-0.08275191663321901,-0.11438196691062164
ENERGY,2021Q4,2021-12-31,216,1278929078.9655173,688853770319.399,32607167461.0,648,1894443069060.5178,213,0.006371234534613945,0.36361808996509554,28.26994601631248,27.25829485077676,0.04347925723409918,0.12645615944956323,0.07459178250085596,0.07951945536071969
ENERGY,2022Q1,2022-03-31,219,1616561538.4506626,1292565924904.347,45338980184.0,655,2535869108162.0664,216,0.006393686205592139,0.5097131869874648,28.561557537670744,27.88765044775772,0.3385829057505756,0.8764010310998607,0.39046055558882764,0.4017817073853318
ENERGY,2022Q2,2022-06-30,222,1409040901.1192424,1230178169022.1072,42600880597.0,662,2386967964396.9165,219,0.007898750648144881,0.5153727185998996,28.50104504233088,27.838180127687025,-0.05871799269366462,-0.04826659490258234,-0.06039173302725209,0.011103365102017593
ENERGY,2022Q3,2022-09-30,222,1567633602.4137933,1020868099236.8901,34312659638.0,666,2415184046263.244,219,0.009261700187314181,0.42268749697000113,28.51279660976209,27.651674458947678,0.011820888376881333,-0.17014614228734182,-0.19455515573505933,-0.17984114852197486
ENERGY,2022Q4,2022-12-30,223,1885480289.1171095,1053016574713.259,32173711704.0,668,2856272446783.3906,220,0.011752881372986438,0.36866811354047135,28.680538550388118,27.68268008942589,0.18263138215184682,0.03149131165955743,-0.062336990386813174,-0.12779981385009742
ENERGY,2023Q1,2023-03-31,225,1843584214.7883148,969469506315.5288,30468694985.0,673,2760037562367.4604,222,0.03423407925231411,0.35125228711885825,28.646265405118424,27.600014858134493,-0.033692473742939266,-0.07934069643726216,-0.052994094516860546,-0.047239850103557246
ENERGY,2023Q2,2023-06-30,229,1842541730.3343263,822517720976.0604,26477034460.0,686,2814547011725.0474,226,0.0426085431690431,0.29223804667307224,28.665822445113033,27.435635864614706,0.019749531709572388,-0.15157958489891965,-0.1310085819876804,-0.16801097846180435
ENERGY,2023Q3,2023-09-29,230,2004731536.8677635,907551992287.8844,26267216748.0,690,3137580395123.4556,227,0.052240697148325584,0.2892521873538079,28.774473044001894,27.53401669322269,0.11477277943935271,0.10338290488248214,-0.007924517087326444,-0.010217216249753469
ENERGY,2023Q4,2023-12-29,232,1874033510.3595366,986803135975.6644,28620107614.0,695,3049460217738.62,229,0.04762462651245436,0.3235992816812168,28.745985713094836,27.617736399521842,-0.02808539265537069,0.08732408100167643,0.08957518752644966,0.11874445839676984
ENERGY,2024Q1,2024-03-28,234,2124489620.2531645,1000758502882.2238,29372039574.0,698,3334194423119.553,231,0.04870466082518731,0.3001500140312423,28.835252213829694,27.63177933129384,0.09337200194468598,0.01414199691690432,0.026272855788710636,-0.07246390513646073
ENERGY,2024Q2,2024-06-28,233,2192269909.7107058,1006731561498.459,29872792534.0,699,3309767676365.945,230,0.04702841047133623,0.304169857203944,28.827899114445117,27.637730121635123,-0.007326131488983201,0.0059685314679140955,0.017048627445104714,0.0133927802258349
ENERGY,2024Q3,2024-09-30,236,1993959087.2218518,972847078581.0657,28807738031.0,706,3227800840654.474,233,0.0436434294805133,0.3013962529310853,28.802822166990033,27.603492741911314,-0.024765132700029446,-0.03365791260875772,-0.03565299433549096,-0.009118603330240727
ENERGY,2024Q4,2024-12-31,239,1884208226.5201116,1049555680739.3146,31790624790.0,716,3211759874213.8438,236,0.042565128212573765,0.326785227365797,28.797840150256405,27.679388029340313,-0.004969627071965799,0.07884959912726597,0.10354463636784383,0.08423785693353314
ENERGY,2025Q1,2025-03-31,244,1602182025.0000002,1153978361422.7107,38603412326.0,727,3513461483508.108,241,0.048367404589626274,0.32844485896298786,28.88762284509026,27.774236532905995,0.09393653981311822,0.09949227334927113,0.21430178176752968,0.005078661635255388
ENERGY,2025Q2,2025-06-30,248,1540793994.8766606,1214829746949.3079,51054986199.0,738,3369252173255.5244,245,0.041712181914527,0.3605636160428693,28.84571192862197,27.825625056935674,-0.04104479611616341,0.052731825449114256,0.3225511197779185,0.09779040896329216
ENERGY,2025Q3,2025-09-12,249,1816359000.0,938251215840.6199,33087666437.0,746,3501472781200.0,245,0.04021873560684304,0.2679590202380694,28.884204790543258,27.56728357082174,0.0392433101309595,-0.22766855339460912,-0.35192096011871843,-0.2568328907423362
FINANCIALS,2002Q2,2002-06-28,324,456479292.5977654,2014967576029.5935,7915804840.0,970,22990770518688.51,323,2.5851706569681904e-05,0.08764245523618647,30.76611396952646,28.331624219897776,,,,
FINANCIALS,2002Q3,2002-09-30,330,388275909.3834218,2284113416978.422,10814712618.0,987,25851346306113.246,329,3.4881076376928376e-05,0.08835568522937166,30.883383797001194,28.45699906366081,0.12442278892303582,0.1335732863151915,0.36621769189549647,0.008137950851138553
FINANCIALS,2002Q4,2002-12-31,334,391573280.11503696,2763825072268.2505,9872171778.0,996,27911376284724.965,333,1.5979054522875358e-05,0.09902145433726987,30.960055473788234,28.6476367319402,0.07968753171375709,0.21002094367293878,-0.08715357247970101,0.12071401042513386
FINANCIALS,2003Q1,2003-03-31,337,441389658.0408182,1849868126738.2002,9085294309.0,1009,23020727133051.246,336,2.1745046942846518e-05,0.08035663322216757,30.767416105736945,28.246135469634364,-0.17522063769926743,-0.33068552518049654,-0.07970662248336746,-0.18849269827455162
FINANCIALS,2003Q2,2003-06-30,337,529459387.5753002,3758323643253.407,9541252481.0,1011,26757351864309.367,336,2.2366652510556267e-05,0.1404594767939833,30.917830387559004,28.954994134354347,0.16231566925153218,1.0316711169462178,0.05018639534311209,0.7479512413822169
FINANCIALS,2003Q3,2003-09-30,342,554621556.8675442,3733530488607.5938,8518924014.0,1022,30984317083647.695,341,2.4384158777397994e-05,0.12049742708636313,31.064502291875353,28.94837541361585,0.15797397443416372,-0.006596865251431883,-0.10714824589704719,-0.14211963594951438
FINANCIALS,2003Q4,2003-12-31,347,624144315.2965184,2299546791893.5903,8203833520.0,1038,25111693548778.055,346,2.6056046304773583e-05,0.09157274826673278,30.85435473201599,28.46373317244499,-0.1895353549027866,-0.38408249272093187,-0.036987123430398006,-0.2400439537924689
FINANCIALS,2004Q1,2004-03-31,355,699804149.1180155,2992346212792.414,8817638027.0,1057,24709228506082.9,352,8.517659026366178e-06,0.12110237323094732,30.838197913510566,28.72707888217859,-0.016026997219976025,0.3012765051535784,0.07481922999822155,0.32247175631554437
FINANCIALS,2004Q2,2004-06-30,362,664624255.4339777,2566448380795.42,9102777887.0,1076,20600386069878.375,357,9.875199498646323e-06,0.12458253802087954,30.6563309328047,28.57354410606047,-0.16628776714712123,-0.14232906278567026,0.032337442195618404,0.02873737893885364
FINANCIALS,2004Q3,2004-09-30,366,651059831.2039542,1709178888472.5833,8323258618.0,1092,14511812150370.596,360,7.550152138975225e-09,0.11777846010974825,30.305984064783328,28.167034188939542,-0.29555630165642455,-0.33402950892670713,-0.0856353168974121,-0.05461502084658887
FINANCIALS,2004Q4,2004-12-31,369,705632410.4755434,2046997600071.584,10280933572.0,1102,14429733562386.824,363,7.303241847691922e-09,0.14185969486001998,30.300312024398806,28.34739525019499,-0.005655984733903496,0.1976497099732457,0.23520534971318852,0.20446212938963848
FINANCIALS,2005Q1,2005-03-31,372,651948071.2663289,1797382904733.946,10414119338.0,1114,13431538754724.678,366,5.887744654157118e-09,0.13381809318769963,30.22862669582924,28.217352781017713,-0.06917624662620836,-0.12194186027815024,0.012954637345652165,-0.05668700810512384
FINANCIALS,2005Q2,2005-06-30,375,695040242.6612904,1765960054269.715,10556238238.0,1121,9053028590181.545,369,4.636934102379258e-09,0.19506842783916375,29.834120468506068,28.19971559852874,-0.3259872338158536,-0.01748255776855867,0.01364675162511575,0.4577134017711004
FINANCIALS,2005Q3,2005-09-30,380,719495546.2684171,1406189431061.4478,10474777031.0,1138,8825011501593.63,374,4.641865399129002e-09,0.15934137092144485,29.808611022043788,27.971904630727067,-0.025186829613595862,-0.20372523282076438,-0.007716878414770756,-0.18315140647555883
FINANCIALS,2005Q4,2005-12-30,387,732802750.2014458,34837211952314.895,11206786516.0,1152,15437244688980.004,380,9.758337681045048e-09,2.256698825094332,30.367804191814315,31.18170724037996,0.7492605744697702,23.77419555487512,0.0698830612655168,13.162667310091631
FINANCIALS,2006Q1,2006-03-31,389,804465950.9267954,18602313671591.41,11624620364.0,1165,13393586219831.707,382,5.775037130779029e-09,1.3888971457134616,30.225797067989507,30.55430707985762,-0.13238492427390092,-0.4660217443045035,0.03728400174335933,-0.3845447472790684
FINANCIALS,2006Q2,2006-06-30,392,793127135.2633946,4450168258461.256,12988792771.0,1173,9284934824871.28,384,6.581079237007116e-09,0.4792891218299909,29.85941429130861,29.12396302228228,-0.3067626046918488,-0.7607733996412851,0.11735199639075278,-0.6549138837895838
FINANCIALS,2006Q3,2006-09-29,396,765977690.821678,1687576254581.4126,11547115602.0,1184,8725182041240.584,388,6.599322726685371e-09,0.1934144464384683,29.79723444812495,28.154314446572844,-0.06028612954086676,-0.6207837194980736,-0.11099393103097499,-0.5964555888521197
FINANCIALS,2006Q4,2006-12-29,400,846475020.4953673,4512931121843.989,13263011592.0,1194,12510659914070.658,392,1.195685522412971e-08,0.36072686435735696,30.157602189941,29.137967974490977,0.43385660665159476,1.674208711809221,0.14859953335037202,0.8650461276278885
FINANCIALS,2007Q1,2007-03-30,401,795924731.577578,5013809609662.595,16721051069.0,1202,13070489248128.316,393,1.2453375595880589e-08,0.3835976997097158,30.201378075773672,29.243217143197313,0.044748185779394545,0.11098739916374933,0.2607280746920122,0.06340208510143475
FINANCIALS,2007Q2,2007-06-29,407,764935900.0,4484409092739.817,18658397656.0,1215,12988047845115.146,399,8.044233967361833e-09,0.345271987462413,30.19505065395626,29.13162785086201,-0.0063074458383396426,-0.1055884762561623,0.11586272770805328,-0.09991121499504674
FINANCIALS,2007Q3,2007-09-28,411,767025504.9769039,3214350297797.226,27633458708.0,1229,11113329731153.988,402,7.071241372525228e-09,0.2892337738154606,30.039166380451718,28.798646368530093,-0.14434179303291117,-0.28321653280892567,0.4810199255836891,-0.16230165110933825
FINANCIALS,2007Q4,2007-12-31,417,607179396.1387241,4131792110997.485,33160403429.0,1242,8869638131088.117,408,1.1791128842047479e-08,0.46583547715611273,29.81365511447172,29.049732353964416,-0.20189193107229886,0.2854206070287286,0.20000915482215498,0.6105846527222267
FINANCIALS,2008Q1,2008-03-31,421,632690146.9877963,3870823419335.079,44091856552.0,1261,8500538626941.527,410,1.3656348657749325e-08,0.4553621351789318,29.771150645292632,28.984488370192228,-0.04161381768810779,-0.06316113798847534,0.3296538037121719,-0.022482920453203326
FINANCIALS,2008Q2,2008-06-30,423,555062607.685209,3278086175377.979,41379800286.0,1268,5990062617150.029,412,1.2441804038706868e-08,0.5472540747725334,29.42112298161563,28.818280884915918,-0.2953314042753501,-0.1531294972011198,-0.06150923272649045,0.20179969412145615
FINANCIALS,2008Q3,2008-09-30,427,599174752.1505837,4002037727668.8667,66726866219.0,1277,6741342537673.945,416,1.9337163897155125e-08,0.5936558935113454,29.539280210583023,29.01782477924952,0.12542104624631834,0.22084579646763336,0.6125468406761658,0.08479026630929876
FINANCIALS,2008Q4,2008-12-31,431,506512994.52268577,3218308379635.2593,71812249917.0,1291,4521195129272.722,420,3.6670817155264106e-08,0.7118269147018558,29.13979748395389,28.799876989502238,-0.3293331255597747,-0.19583257364495643,0.07621193660301073,0.19905642727061035
FINANCIALS,2009Q1,2009-03-31,432,364108324.4086021,2227370884406.271,120391547110.0,1295,5126622451048.118,421,6.794876269417843e-08,0.4344714099145127,29.265468166667738,28.431843030259984,0.133908691057266,-0.3079063216873251,0.6764764681394546,-0.38963896848928736
FINANCIALS,2009Q2,2009-06-30,433,430324608.7601191,3170190317175.775,122556301758.0,1298,7519826521537.532,422,4.821058722997525e-08,0.42157758667650563,29.648564184679728,28.784812738979873,0.46681886433828046,0.42328802956442635,0.01798095215125106,-0.02967703499879104
FINANCIALS,2009Q3,2009-09-30,434,484656911.4396888,4346958720622.1084,111958542984.0,1302,10041695960341.098,423,1.0288619778086301e-07,0.4328908919160753,29.937767136279394,29.10049757182918,0.3353627150281566,0.3711980309417764,-0.08647257319273849,0.02683564211455791
FINANCIALS,2009Q4,2009-12-31,435,505362831.35186034,7117464353918.834,82621891198.0,1304,6709611067207.375,424,7.66447297773783e-08,1.0607864275031984,29.534562102073846,29.59357264785562,-0.3318249134701483,0.6373434420146113,-0.2620313823679583,1.4504706551064452
FINANCIALS,2010Q1,2010-03-31,436,551920155.248296,5843242932573.624,81478875528.0,1306,7855337664958.283,425,7.336090179187881e-08,0.7438563664347146,29.69221437397615,29.396307055322275,0.1707590181121741,-0.17902743982744795,-0.013834295650057338,-0.2987689631497743
FINANCIALS,2010Q2,2010-06-30,441,539424463.865797,4308627897419.0938,112189919896.0,1318,7227164064524.621,430,8.381923654422931e-08,0.596171314079958,29.608867829580213,29.091640616092246,-0.07996774005474894,-0.262630709156331,0.37692032651391005,-0.19853974371773875
FINANCIALS,2010Q3,2010-09-30,444,533786458.68372947,3521570783668.405,71238067622.0,1330,8029850312170.98,433,1.223836472134997e-07,0.4385599540169136,29.714187002638873,28.88992825136133,0.11106517583936393,-0.1826700129343133,-0.3650225645223951,-0.26437259952079095
FINANCIALS,2010Q4,2010-12-31,448,604706039.2524873,8650316012183.931,81642965088.0,1338,5305931743825.488,437,5.58972795670573e-08,1.6303104581490897,29.299846507600837,29.788616969405584,-0.3392240779652894,1.4563799916504685,0.14605810928519247,2.717417523457271
FINANCIALS,2011Q1,2011-03-31,451,651338366.806614,4298951107537.928,74992567464.0,1350,4486950857005.341,440,6.756715176959138e-08,0.9581007781322378,29.132194490556945,29.089392180393357,-0.15435194540020147,-0.5030295885742353,-0.08145708104589022,-0.41232004410989265
FINANCIALS,2011Q2,2011-06-30,454,581633785.6209742,1821285826545.1118,50919535152.0,1358,3660477754093.2485,443,1.1582672447782497e-07,0.49755413060726816,28.92861478872827,28.23056386566721,-0.1841948194332783,-0.5763418143203334,-0.321005575966661,-0.48068706135776107
FINANCIALS,2011Q3,2011-09-30,456,459587314.05850095,1560588691655.3901,65133964164.0,1367,3027523049314.4,445,1.9526679620605874e-07,0.5154671545799774,28.738765925660747,28.07608423245159,-0.17291587254452268,-0.14313905653362002,0.27915472852547607,0.03600216111329679
FINANCIALS,2011Q4,2011-12-30,456,510364114.5440163,1326912061695.6003,59533935972.0,1367,2840821722944.481,445,1.6471496210056764e-07,0.4670874103005205,28.675114465316145,27.913875600579825,-0.061668011548978496,-0.14973620609279048,-0.08597708221627287,-0.0938561144965262
FINANCIALS,2012Q1,2012-03-30,458,584470927.3528663,1456842037016.8286,55546533192.0,1370,3076447436645.9175,447,1.4123482911076176e-07,0.4735468643680595,28.754796617541675,28.007292220666876,0.08294280200631987,0.09791905512954391,-0.06697697229149024,0.013829218953649525
FINANCIALS,2012Q2,2012-06-29,464,587720628.7796179,1177605328552.5723,49729986378.0,1387,2883311856862.472,453,1.9603485924397176e-07,0.4084210751430838,28.689960699689482,27.79450410983739,-0.06277876796556303,-0.19167260510689865,-0.10471484860980884,-0.13752765380863619
FINANCIALS,2012Q3,2012-09-28,467,606654417.2573638,1014924215326.2804,38184619551.0,1397,3062817476925.481,456,2.937203626147947e-07,0.33136947368639225,28.7503563523613,27.645835060932566,0.06225674813349569,-0.13814570067056997,-0.2321610695656161,-0.18865726120939708
FINANCIALS,2012Q4,2012-12-31,471,611818307.0588657,1384396600495.9028,40646773165.0,1408,3150888190489.2603,460,3.6365793788244157e-07,0.43936709803750224,28.778705494256048,27.956285493125925,0.028754803127278183,0.3640393830300359,0.06448024474125003,0.3259130153108758
FINANCIALS,2013Q1,2013-03-28,472,657715978.2854558,1318203521565.2336,41696718996.0,1416,3368661990550.2476,461,2.7579250872228644e-07,0.39131368040576675,28.845536746008346,27.90729095705762,0.06911505166013909,-0.04781366763466355,0.02583097621889663,-0.10936963155951629
FINANCIALS,2013Q2,2013-06-28,478,742607790.2036198,1440922190604.9287,40933139010.0,1425,3428461318502.819,467,2.8334553133273047e-07,0.42028246981481704,28.86313268126879,27.996304434684394,0.01775165573759563,0.09309538855880084,-0.018312711512703195,0.07402958511190194
FINANCIALS,2013Q3,2013-09-30,480,793802626.881356,1094246972727.6903,32862071680.0,1438,3359408210625.434,469,2.327188327642721e-07,0.3257261113033864,28.842785946601293,27.721087546487375,-0.02014113663896888,-0.24059260113948067,-0.19717684803083957,-0.22498287533404293
FINANCIALS,2013Q4,2013-12-31,485,877124335.6402022,896117933160.7812,31631675353.0,1446,3844692447198.7075,474,2.72830143205263e-07,0.23307922427285552,28.977714727962315,27.521337863092292,0.14445527490180377,-0.18106427936740987,-0.037441228264036175,-0.28443187025997474
FINANCIALS,2014Q1,2014-03-31,486,829857429.8526105,1061772116947.3522,35762720240.0,1456,3790536176549.3745,475,3.3715699867413674e-07,0.28011132660232557,28.963528596401808,27.69096043657822,-0.014085982531266472,0.18485757025559857,0.1305983587937971,0.20178590552717668
FINANCIALS,2014Q2,2014-06-30,500,852946699.5789554,1721179413395.5784,32365853225.0,1488,4216326393483.1416,488,1.5292263354662898e-06,0.40821778315262214,29.0699853419801,28.17403087722846,0.11232981222233707,0.6210440883906945,-0.09498346300851745,0.4573412225210354
FINANCIALS,2014Q3,2014-09-30,505,781213498.0189857,1009468716023.8042,28243893859.0,1512,4038752166161.6167,493,1.6439495030465419e-06,0.24994569473253705,29.026956890429542,27.640445284644876,-0.04211586360960762,-0.41350174876173806,-0.12735518935172452,-0.38771483005411167
FINANCIALS,2014Q4,2014-12-31,513,864608547.4082841,1081180389137.0594,33003118073.0,1530,4144737751222.162,501,3.0362400521826252e-06,0.2608561636543231,29.052860633810315,27.709074513132098,0.02624216111811406,0.07103902476118362,0.16850453544964927,0.04365135768176032
FINANCIALS,2015Q1,2015-03-31,516,827444802.343632,1446111186594.2812,34899120914.0,1547,4119089735732.975,504,2.9777907161821937e-06,0.3510754267015141,29.046653316950714,27.999899129236898,-0.006188091268651275,0.3375299821600446,0.05744920333909698,0.3458582760066431
FINANCIALS,2015Q2,2015-06-30,519,863381028.7398674,1143906122092.1543,31352572249.0,1555,4225663943394.3857,507,3.2241989048699865e-06,0.27070447092233246,29.072197510757025,27.765469944411574,0.02587324251202472,-0.20897775171343935,-0.10162286533633802,-0.22892788747505644
FINANCIALS,2015Q3,2015-09-30,526,808410045.2667017,1193582283982.96,36972452000.0,1570,3736727255686.235,514,3.3531171289913182e-06,0.31941916075535554,28.949231278937287,27.80798022377902,-0.11570647696025693,0.04342678208588491,0.1792478048170114,0.1799552466460732
FINANCIALS,2015Q4,2015-12-31,530,829245149.0331672,1108353783244.8254,37129246949.0,1584,3787267208201.855,518,8.373394730840275e-06,0.29265264960563936,28.962665821694067,27.7338969522469,0.01352519171387545,-0.0714056348538693,0.004240858815639292,-0.08379744999147609
FINANCIALS,2016Q1,2016-03-31,539,828937673.1097008,1188024257730.848,47947746086.0,1611,3721165293674.7124,527,1.3851651384483284e-05,0.3192613506715941,28.945057986148583,27.803312755626738,-0.017453723461600457,0.07188180857990889,0.2913740521551669,0.09092246764828893
FINANCIALS,2016Q2,2016-06-30,542,786362650.0128548,1067087642235.9144,40841441019.0,1621,3722801772606.1797,530,1.6799027586091444e-05,0.28663563289562166,28.9454976654065,27.69595422380364,0.0004397759310097449,-0.10179641931379835,-0.14820936638510585,-0.1021912539909432
FINANCIALS,2016Q3,2016-09-30,547,893735617.7234846,1003197807003.694,39938219810.0,1635,3952364791111.617,535,9.80848381675237e-06,0.2538221697703012,29.005335196997507,27.634213820822573,0.06166404566438399,-0.05987309074102798,-0.022115311959237882,-0.11447796212158134
FINANCIALS,2016Q4,2016-12-30,550,1060734825.7888365,1307156348130.495,43047604919.0,1643,4451405189531.623,538,1.7283893658844422e-05,0.2936502727733114,29.124240935189373,27.89887516708232,0.12626374962713127,0.302989638737998,0.07785487494916965,0.1569134131941785
FINANCIALS,2017Q1,2017-03-31,552,1028062624.7303288,1235494612797.3694,37725296687.0,1651,4637675936048.604,540,3.818164031904554e-05,0.26640382593226997,29.165234480834908,27.842492502024307,0.04184538108438973,-0.054822619677911466,-0.12363773180911353,-0.09278536193315512
FINANCIALS,2017Q2,2017-06-30,555,1034833082.7951461,1228066137952.6345,36527107544.0,1663,4757712397276.761,543,0.0009119744583717466,0.25812113793502106,29.19078807984466,27.836461802471625,0.025882891103950367,-0.006012551384514397,-0.031760893835803605,-0.03109072464805618
FINANCIALS,2017Q3,2017-09-29,560,1063664020.4952037,1090414532018.5359,30508514095.0,1678,5069670195090.52,548,0.0013524981918292874,0.21508589120343485,29.254296881137776,27.717579044477212,0.0655688641441039,-0.1120881047690021,-0.1647706006217463,-0.1667250000363001
FINANCIALS,2017Q4,2017-12-29,571,1115362679.7223365,1330341668421.7961,33652384245.0,1698,5429869823830.485,559,0.0020176470183746525,0.24500433925381118,29.322936276075144,27.916456918721686,0.07104991348131162,0.2200329593545638,0.10304894365587103,0.1391000027150946
FINANCIALS,2018Q1,2018-03-29,576,1106007743.1898453,1665046576805.8103,36616513820.0,1721,5502119902761.823,563,0.0017257766921964413,0.3026191006797271,29.33615457077105,28.140874213027832,0.013306042552668318,0.2515931931840334,0.08808081927925815,0.23515812659232194
FINANCIALS,2018Q2,2018-06-29,588,1123813410.2886837,1380151713446.8423,34799922520.0,1756,5322533913910.171,575,0.0015183707576903857,0.2593035076469661,29.30297060549462,27.953214546336046,-0.03263941753823063,-0.1711032395895521,-0.049611257612617754,-0.14313568752093897
FINANCIALS,2018Q3,2018-09-28,595,1046972847.7084905,1243867905642.836,31631014741.0,1774,5594800795860.92,582,0.0027126431356048197,0.2223256825449549,29.35285885310166,27.849246919433725,0.05115362087955755,-0.0987455266520273,-0.09106077110311916,-0.14260441533384638
FINANCIALS,2018Q4,2018-12-31,604,835761976.1499149,1766072119960.3772,42810516864.0,1805,5020579132371.605,591,0.003179796379726988,0.35176661365082906,29.24456640799242,28.199779055306692,-0.10263487198938848,0.41982288629568276,0.3534348238442433,0.5822131281648075
FINANCIALS,2019Q1,2019-03-29,606,927441361.3834951,1464350893019.8127,36071559091.0,1817,5459607783540.559,593,0.004597308806262755,0.2682154013763568,29.328398068588758,28.012433183773904,0.0874458184192719,-0.17084309498489436,-0.15741360456843467,-0.23751888050810577
FINANCIALS,2019Q2,2019-06-28,617,982194858.7181393,1483969373046.264,33694864759.0,1840,5931683240303.64,602,0.010382712196588782,0.2501767732577541,29.41132914031315,28.025741622352456,0.08646691767607884,0.013397390010801091,-0.0658883173306749,-0.0672542591739208
FINANCIALS,2019Q3,2019-09-30,627,940514417.2790372,1735059298506.4766,34449527854.0,1869,5869135255649.785,612,0.015047314134403616,0.29562435059513453,29.400728423013568,28.18206270655743,-0.010544727713857616,0.16920155497871225,0.02239697652439543,0.18166185751607045
FINANCIALS,2019Q4,2019-12-31,632,1004069586.9032764,1505710113949.2488,32206505969.0,1892,6433721470549.301,616,0.02243042695187375,0.23403408444734766,29.4925742535611,28.040285739361337,0.0961958091451427,-0.13218521393167915,-0.06511038103355482,-0.2083396243367529
FINANCIALS,2020Q1,2020-03-31,638,688437913.5347326,2015488218298.818,51709791586.0,1907,4575695271071.861,622,0.03126509210566287,0.44047693277150596,29.15177977492847,28.331882573939446,-0.28879493897624453,0.3385632464223136,0.6055697453108593,0.8821059069735768
FINANCIALS,2020Q2,2020-06-30,640,737437972.5418031,1980708436195.0386,55347589367.0,1918,5168892330420.974,624,0.035793906917019745,0.3831978516050309,29.273679532059184,28.31447569269985,0.129640857663617,-0.01725625671636799,0.07035026963800228,-0.13003877593787216
FINANCIALS,2020Q3,2020-09-30,650,731662695.5505905,2004543459618.173,44198732565.0,1942,5451623027679.987,633,0.022433083322813047,0.3676966381278263,29.326934483513153,28.326437449821217,0.0546985077624913,0.012033585048449646,-0.20143346674186513,-0.040452245262538544
FINANCIALS,2020Q4,2020-12-31,663,1004189084.2049906,1980455806969.2488,46879091997.0,1975,6681916612536.131,646,0.021440369353350103,0.2963903804566582,29.530425980368324,28.31434813968229,0.22567473550710848,-0.012016528019558437,0.060643355056803516,-0.19392686872045628
FINANCIALS,2021Q1,2021-03-31,678,1194071620.7073185,6186252471392.718,56921342724.0,2020,7704699599333.624,660,0.020246478997583688,0.8029193600134343,29.672851596183754,29.4533506027103,0.1530673077958833,2.1236508533152914,0.21421598199134584,1.7089926426638766
FINANCIALS,2021Q2,2021-06-30,686,1238725566.5751677,3693420442530.583,46219050974.0,2049,8164809122345.127,667,0.0026584650682121747,0.45235845531557817,29.730854464532722,28.937574093824434,0.059718035347062326,-0.40296318981318924,-0.188018961567601,-0.4366078614569595
FINANCIALS,2021Q3,2021-09-30,702,1207094909.0094886,2730646191238.042,48335572780.0,2089,8203730048846.775,682,0.01565743335481325,0.3328542230155291,29.735610050776096,28.63555939720393,0.004766911990034206,-0.26067280080165656,0.04579327704479752,-0.26418038813197275
FINANCIALS,2021Q4,2021-12-31,718,1246712351.7389035,3362816727596.4077,50775363394.0,2138,8467081909458.586,698,0.028475790880166184,0.3971635994025051,29.767207044506534,28.843800050501535,0.032101478113462534,0.23150950071336318,0.05047608776883106,0.1932058298805952
FINANCIALS,2022Q1,2022-03-31,726,1166356854.4200609,3373614568116.3135,62938147559.0,2168,8481249470512.33,706,0.02138377236083067,0.39777329741870243,29.768878898099207,28.847005857639925,0.0016732519190487682,0.003210951233617587,0.23954105597671105,0.0015351306542557008
FINANCIALS,2022Q2,2022-06-30,730,942528441.0414455,2370013273475.7246,58023151089.0,2186,6910767964170.569,710,0.022868523478471903,0.34294499334419104,29.564101885618214,28.493916671682996,-0.18517100714959778,-0.29748546384804064,-0.07809248699912152,-0.1378380711584022
FINANCIALS,2022Q3,2022-09-30,735,857489855.9658282,2078540802553.5376,51540354237.0,2199,6661009241686.194,713,0.025543506979054605,0.31204592684626986,29.527292126790876,28.362687226215986,-0.03614051633324533,-0.12298347616202598,-0.11172776263144046,-0.09009919111695519
FINANCIALS,2022Q4,2022-12-30,740,899797788.6338798,2223868996343.499,53009198461.0,2214,7494794924128.444,717,0.030839297475750423,0.29672179410594196,29.645229885418104,28.430269586060586,0.1251740768086942,0.06991837428037129,0.028498915960991633,-0.04910858121175654
FINANCIALS,2023Q1,2023-03-31,742,866879520.995179,2426631294755.524,61869783798.0,2224,7484230867332.97,719,0.09283053105810626,0.32423255479026425,29.643819371984986,28.5175251130262,-0.0014095191265961482,0.09117546885423922,0.16715184523151994,0.0927156724945517
FINANCIALS,2023Q2,2023-06-30,745,830329258.791286,2342930748737.5303,58775458122.0,2232,7958183596352.897,721,0.12047644182164344,0.29440521450287427,29.705221898332265,28.482423718354376,0.06332684512561304,-0.034492486023273816,-0.05001352010704818,-0.09199366271744158
FINANCIALS,2023Q3,2023-09-29,752,814281449.1215019,2157861112858.157,49443569667.0,2249,7954813701705.322,726,0.13244760647664205,0.2712648207456528,29.704798358425254,28.40013862149926,-0.0004234502266471374,-0.07899065560477903,-0.15877185398759175,-0.07860048877291737
FINANCIALS,2023Q4,2023-12-29,760,926089255.6177922,2410467703952.684,59035249986.0,2271,9012264747205.71,733,0.1407481035890725,0.26746525668812154,29.829607515253652,28.510841912632923,0.13293222005610228,0.1170634150591563,0.193992472299219,-0.01400684411302211
FINANCIALS,2024Q1,2024-03-28,767,906600874.2986879,3011369075111.859,65232441674.0,2294,9999715750420.812,740,0.14607209483508446,0.30114546755842864,29.93357778356068,28.733415933510148,0.10956746510595616,0.24928828964346494,0.10497442950558589,0.12592368551845223
FINANCIALS,2024Q2,2024-06-28,774,901132549.5833334,2853283536602.0464,57749882470.0,2314,9888915960759.2,747,0.1405113725171665,0.2885335003274709,29.922435645925585,28.679491565136697,-0.011080293923049767,-0.05249623495716493,-0.11470610346603594,-0.0418799835614686
FINANCIALS,2024Q3,2024-09-30,777,982825169.6360332,2789966765913.667,59124980121.0,2327,10944462775074.93,750,0.14798121473604786,0.25492039428993957,30.023854761648913,28.657050799832334,0.10674039687507797,-0.022190844294353917,0.02381126319545901,-0.11649637216954756
FINANCIALS,2024Q4,2024-12-31,781,999876597.894787,3228658797836.713,67493275158.0,2339,11499187937214.516,754,0.15239757268834608,0.28077276547397667,30.073297534649196,28.803087934062493,0.0506854629176432,0.15723916043830788,0.14153569303320146,0.10141350697360574
FINANCIALS,2025Q1,2025-03-31,788,970023734.3553009,3395563133195.1475,72965746421.0,2356,12057826957899.695,761,0.16599179973423814,0.2816065568904637,30.120735105080023,28.85349073452315,0.04858073663421658,0.05169463415281439,0.08108172629330967,0.002969630672973178
FINANCIALS,2025Q2,2025-06-30,797,936474623.0603011,3837309931202.8506,82572042428.0,2374,12941704074479.762,770,0.16022152302036508,0.29650731535190855,30.19147608678526,28.975792698287258,0.07330318470037378,0.13009529809331788,0.13165487202136328,0.05291339316094401
FINANCIALS,2025Q3,2025-09-12,815,1015943000.0,3593365286369.168,80685468392.0,2430,13660874026400.0,779,0.15691199531126343,0.26304065753222633,30.245556952387386,28.91011028501256,0.05556995800409292,-0.06357178575805456,-0.02284761258806245,-0.11286958562881477
HEALTHCARE,2002Q2,2002-06-28,184,1349190466.4801812,2300015537574899.5,9491047725.0,547,8.893010496224796e+17,184,0.9999643016863061,0.002586318253589476,41.32921221159499,35.37169227329032,,,,
HEALTHCARE,2002Q3,2002-09-30,185,1174486937.552616,2339046332087056.0,10684868705.0,554,7.410951220151186e+17,185,0.9999554857793008,0.0031562025745452667,41.14690538175906,35.38851969081892,-0.16665439411128147,0.016969796018556416,0.12578389811015311,0.22034578310881292
HEALTHCARE,2002Q4,2002-12-31,187,1143562430.9392264,4.210895717329848e+16,10869166100.0,561,1.7467115100572365e+18,187,0.9999792976963751,0.02410756265750985,42.00426655692499,38.27903687242971,1.356932947160328,17.002617817205017,0.017248447321936533,6.638154423907082
HEALTHCARE,2003Q1,2003-03-31,187,1033780826.8156425,1.3931297253711764e+16,9013604886.0,561,1.0586349387142016e+18,187,0.9999712999780734,0.013159680211039,41.5035119584321,37.17291430497886,-0.39392685476749845,-0.6691607157028892,-0.17071790024443545,-0.4541264748330096
HEALTHCARE,2003Q2,2003-06-30,188,1497557034.8583746,1.0761437316800474e+18,11223226446.0,564,1.1962691855514207e+18,188,0.9999695529662758,0.899583258248016,41.62573937562775,41.519915706339745,0.13001105650677558,76.24648409130216,0.24514293536784604,67.35905157432325
HEALTHCARE,2003Q3,2003-09-30,194,1482166946.7687197,1.7933060038238416e+17,10227713437.0,575,1.2706284055682335e+18,194,0.999964101348536,0.1411353623108924,41.68604325952048,39.72800742678481,0.06215927060140469,-0.8333581332091969,-0.08870114256269013,-0.8431102835486727
HEALTHCARE,2003Q4,2003-12-31,195,1734653448.0000002,1.2914996771344498e+17,10476120377.0,583,9.637159080137178e+17,195,0.9999575008780816,0.1340124891988466,41.40957294485771,39.39975066445982,-0.24154386617640777,-0.27982191863485495,0.02428763198442363,-0.05046838010983801
HEALTHCARE,2004Q1,2004-03-31,199,1742567126.1085322,4.5565342394700093e+18,11061079229.0,593,2.900901108092626e+18,199,0.9999861590926641,1.5707306349598316,42.51155308954813,42.96309397324199,2.010120600864185,34.280955312199104,0.0558373549510045,10.720777998752004
HEALTHCARE,2004Q2,2004-06-30,206,1623108698.693657,1.0147575418453732e+18,9469720355.0,611,2.0860397592979773e+18,206,0.9999841126908213,0.48645167826852603,42.18179909035591,41.4611813828222,-0.2808993889937974,-0.7772961886129919,-0.14387012705123436,-0.6903022915313763
HEALTHCARE,2004Q3,2004-09-30,211,1456756116.858101,3.070433171133764e+17,9430220351.0,629,2.2552502573798003e+18,211,0.0011733532916663127,0.13614600690484174,42.25979261957216,40.265765230633654,0.08111566298178707,-0.6974219905229706,-0.004171190121696089,-0.720124293970083
HEALTHCARE,2004Q4,2004-12-31,214,1620706192.5335665,8.506917445684099e+17,13398420910.0,637,3.186816958988713e+18,214,0.0016129261760236486,0.2669408866326492,42.605554274038454,41.28482623056474,0.41306577776039255,1.7705919560994392,0.42079616502059825,0.9606956729860288
HEALTHCARE,2005Q1,2005-03-31,217,1586981815.3679688,1.397920971289591e+18,12958940059.0,647,2.4773552086110597e+18,217,0.001085954122778172,0.5642795859191068,42.35372321686857,41.7815177862708,-0.22262394091275006,0.6432755815666373,-0.032800943779277,1.1138746972682396
HEALTHCARE,2005Q2,2005-06-30,219,1727152096.3973932,1.5496706645241797e+18,10853101450.0,654,2.985394442439491e+18,219,0.0015291100830295272,0.5190840588749401,42.540263553528234,41.88457410774755,0.20507322973408648,0.1085538427072874,-0.16250083721449826,-0.08009420892047958
HEALTHCARE,2005Q3,2005-09-30,221,1873933312.262958,4.6449965683799725e+17,11513270760.0,659,3.2394734241983007e+18,221,0.0017039297451871428,0.14338739542305423,42.62194246709311,40.67973721438712,0.08510734064045189,-0.700259114745119,0.06082771022102618,-0.7237684475731517
HEALTHCARE,2005Q4,2005-12-30,228,1971342841.6730654,6.605287858499643e+17,14368434905.0,675,3.599960781585706e+18,228,0.0022756413889267256,0.1834822171476589,42.72745462529158,41.031817099830995,0.11127961559882782,0.4220221180493482,0.24798896894873335,0.27962584581655703
HEALTHCARE,2006Q1,2006-03-31,228,2267398943.159071,1.513614159587828e+18,13910358668.0,684,4.870287811602131e+18,228,0.002099967289413265,0.3107853617977269,43.029684708132656,41.86103194807193,0.35287246364302693,1.2915188437096177,-0.03188073301154015,0.6938173444221014
HEALTHCARE,2006Q2,2006-06-30,232,1937737586.510933,2.0208080581763333e+18,14892397103.0,692,5.558064033754767e+18,232,0.003939506361694533,0.36358128404130136,43.16178152615338,42.15002913411591,0.1412188044645324,0.33508797164438464,0.07059763579346989,0.16987905073192078
HEALTHCARE,2006Q3,2006-09-29,234,1924008788.7049274,1.4062848053427656e+18,13098360306.0,700,4.0971696328167255e+18,234,0.003098908944837112,0.34323323937553735,42.85682807575389,41.78748301102309,-0.2628423120111356,-0.30409778422406963,-0.12046662364641081,-0.055965599877942473
HEALTHCARE,2006Q4,2006-12-29,238,2119374183.711162,8.863066367591324e+17,16928555915.0,708,3.9171783576976317e+18,238,0.003743778092585455,0.22626149636956272,42.811903261800175,41.3258393767903,-0.04393063779381601,-0.36975310165346953,0.2924179454160756,-0.3407937506833184
HEALTHCARE,2007Q1,2007-03-30,249,2231791717.54386,9.013637094946179e+17,17378077694.0,737,4.5645044302168955e+18,249,0.004348994670317476,0.19747241420724987,42.96484162349633,41.34268524419993,0.1652531525012655,0.016988559163387373,0.02655405347373363,-0.12723809673427777
HEALTHCARE,2007Q2,2007-06-29,251,2235778585.3939047,9.64194561233894e+17,18326689346.0,749,4.754714002099353e+18,251,0.0029448637960756943,0.20278707842536323,43.00566822130933,41.41006949616302,0.041671461774311025,0.06970643601183424,0.05458668494315222,0.02691345137724177
HEALTHCARE,2007Q3,2007-09-28,257,2176949707.3170733,6.98134686610235e+17,18717051776.0,764,3.802203285240213e+18,257,0.0024192836735484956,0.18361319325569114,42.78211238450451,41.08718843981817,-0.20032976041010597,-0.27594002841415977,0.021300215365150033,-0.09455180930933493
HEALTHCARE,2007Q4,2007-12-31,260,2162613686.663598,8.921245560376594e+17,18228410725.0,777,1.96049921698738e+18,260,0.0026062505054414765,0.45504968750181457,42.119730817248644,41.3323821545559,-0.48437811713070444,0.27786883125566275,-0.026106731810538797,1.4783060488912345
HEALTHCARE,2008Q1,2008-03-31,262,1846804428.778699,2.4125381193464576e+17,20681207788.0,785,2.0022439349225388e+18,262,0.0032166598462954345,0.12049171818017229,42.14080019297893,40.024625935770324,0.021292902120770174,-0.729573846721397,0.13455901888561383,-0.7352119526954035
HEALTHCARE,2008Q2,2008-06-30,265,1892558692.0102234,2.893122703196526e+17,18961500260.0,791,2.6051031218431196e+18,265,0.005410992274070211,0.11105597620832881,42.40400393443484,40.20628301981861,0.301091778282202,0.19920289756095388,-0.08315314780589544,-0.07831029480162388
HEALTHCARE,2008Q3,2008-09-30,267,1755373619.5320935,1.7233677027579133e+17,20404890511.0,798,1.5570021766253071e+18,267,0.004466173630752695,0.11068498995249909,41.88929396470473,39.68822692412539,-0.4023260869904748,-0.40432263697152737,0.07612215442914527,-0.0033405339225850428
HEALTHCARE,2008Q4,2008-12-31,268,1249839806.7318006,1.3302292230027478e+17,24893688358.0,803,1.260706083349412e+18,268,0.010225420701201225,0.10551461919408119,41.67820362151059,39.429297856404574,-0.1902990873899072,-0.22812222784842962,0.21998637260906406,-0.04671248342378487
HEALTHCARE,2009Q1,2009-03-31,270,1143291196.9910674,1.4825897498881142e+17,23954951102.0,807,1.9589716459932014e+18,270,0.025964404589809885,0.07568204230625498,42.11895133903593,39.53773697050961,0.5538686390634802,0.11453704688688204,-0.0377098500832771,-0.28273406202559326
HEALTHCARE,2009Q2,2009-06-30,269,1515560728.4905224,1.305201962902489e+18,24160276039.0,807,3.790496150092171e+18,269,0.024301364501629463,0.3443353880918073,42.77902859473371,41.712889463538076,0.93494181390787,7.803527496402751,0.008571294348534764,3.5497634260240964
HEALTHCARE,2009Q3,2009-09-30,271,1851070479.8705966,2.3311256265586934e+18,23161232999.0,811,5.198640320068951e+18,271,0.0532647411627084,0.44841063875097537,43.09492878837934,42.2928829263418,0.37149336504207753,0.7860267551044515,-0.041350646755331955,0.30224965036535645
HEALTHCARE,2009Q4,2009-12-31,275,1762526333.6875663,4.984285879707155e+18,24067508727.0,820,5.410924236653385e+18,275,0.06180966702989192,0.9211524060795016,43.13495159072806,43.05282181322479,0.04083450739319816,1.1381455477649096,0.03912899317748453,1.054260819157467
HEALTHCARE,2010Q1,2010-03-31,277,1695179828.5714288,8.701022229650896e+18,24994762060.0,829,8.575483454629332e+18,277,0.08008633446010942,1.0146392650263694,43.59543904490417,43.60997219031207,0.5848463367014731,0.7456908451170365,0.038527183827703926,0.10148902432416729
HEALTHCARE,2010Q2,2010-06-30,282,1485688409.3247037,6.25025721785814e+19,27226072291.0,839,6.71258707361021e+18,282,0.07785127315823279,9.31124937273489,43.350516105503665,45.581739384645644,-0.21723514375314523,6.183359670727923,0.08927111310936797,8.176906210595842
HEALTHCARE,2010Q3,2010-09-30,283,1466916816.1266015,2.231050419129023e+19,21187478926.0,847,7.622961647946149e+18,283,0.11618222168229315,2.9267501558664324,43.477696635789115,44.551589281422565,0.13562201344321845,-0.6430466233046379,-0.22179451007320472,-0.6856758917405312
HEALTHCARE,2010Q4,2010-12-31,287,1820980682.0930233,2.0162889086644396e+19,21705760633.0,858,1.037501319913797e+19,287,0.10929937309860702,1.943408523886955,43.78593201221484,44.45037541469767,0.36102130356818796,-0.09626026764039863,0.02446169781738372,-0.33598413927080495
HEALTHCARE,2011Q1,2011-03-31,293,2047470639.8726115,1.4976577835984808e+19,25128426023.0,869,7.794678252467316e+18,293,0.11737686131715205,1.9213849951079307,43.499972899407936,44.15301917701731,-0.24870666640549888,-0.25722064077091633,0.15768465560227396,-0.011332423681550852
HEALTHCARE,2011Q2,2011-06-30,298,2045757141.8381324,1.0122675098966913e+19,21664740314.0,890,5.465702695533532e+18,298,0.1729485828688198,1.852035440427261,43.14502436832292,43.76130964066363,-0.2987904672263506,-0.324099590051556,-0.13783934201965908,-0.03609352360783591
HEALTHCARE,2011Q3,2011-09-30,300,1431774818.6275806,7.069837973388263e+18,24200431385.0,899,3.5386767718631854e+18,300,0.22823478625769675,1.9978761636558995,42.7102845379014,43.40236923605472,-0.35256691243837235,-0.30158402751563296,0.1170423016499953,0.07874618381762355
HEALTHCARE,2011Q4,2011-12-30,302,1397524796.332316,3.478203271314941e+18,21588198948.0,902,3.2315006119372657e+18,302,0.1873670904879976,1.0763430644160634,42.61947828897994,42.69304753300349,-0.08680537379631459,-0.5080222086549473,-0.1079415649846277,-0.46125636613709287
HEALTHCARE,2012Q1,2012-03-30,304,1677071488.5316782,4.0244707229669765e+18,19992576081.0,907,3.574227343159551e+18,304,0.16408711619806282,1.1259694296360618,42.72028069889228,42.838925078717295,0.1060580740589192,0.1570544930933604,-0.07391181037581751,0.046106457003020296
HEALTHCARE,2012Q2,2012-06-29,312,1705511673.5002494,3.2035265403124664e+18,19515053744.0,925,1.9226793832527288e+18,312,0.13072196175039452,1.6661782345077423,42.100251399221236,42.6107839207416,-0.4620713237694848,-0.2039881115222233,-0.02388498285890306,0.47977217733725497
HEALTHCARE,2012Q3,2012-09-28,316,2083901462.6119027,9.71587150106921e+18,18397543868.0,941,2.0192628799489236e+18,316,0.19364478287767808,4.81159317964334,42.14926420779337,43.72029245944809,0.050233802649299664,2.0328674911248092,-0.05726399171939678,1.8878022050653445
HEALTHCARE,2012Q4,2012-12-31,323,1818132357.9013114,5.254943723549332e+18,18042712076.0,957,1.5245065344437993e+18,323,0.1759500398260892,3.446980124271193,41.868202447616326,43.105700969039624,-0.24501829376353368,-0.4591382025821319,-0.019286911043445376,-0.28360940013496727
HEALTHCARE,2013Q1,2013-03-28,330,1905442209.9677773,8.554431554202079e+18,19498941745.0,983,2.1118875551258135e+18,330,0.17290032915186782,4.0506093865837745,42.19411379737527,43.59298113299803,0.3852925569101049,0.6278826195353016,0.0807101317621226,0.17511828921270878
HEALTHCARE,2013Q2,2013-06-28,338,2020296498.386045,4.429033641512279e+18,24225568370.0,1002,5.749669330249944e+17,338,0.04751820014929054,7.703110191416424,40.89308892627178,42.93471309454048,-0.7277473738459805,-0.48225272322897206,0.24240426412946348,0.9017163730796358
HEALTHCARE,2013Q3,2013-09-30,343,2363744428.0372605,8.331137926624377e+18,20143491320.0,1024,6.912423473690953e+17,343,0.04788495537046463,12.0524125270003,41.07726687697216,43.56653172657911,0.20222974168680796,0.8810283689287437,-0.16850283913483266,0.5646163987671244
HEALTHCARE,2013Q4,2013-12-31,355,2624770068.777664,8.271559051269346e+18,22127681902.0,1051,5.907563984172815e+17,355,0.04192172845894276,14.001641071395929,40.92018014192587,43.5593546840569,-0.14537007076355868,-0.007151349056967349,0.09850281415863305,0.1617293251478813
HEALTHCARE,2014Q1,2014-03-31,365,2961309836.0655737,6.764769721630418e+18,26352120582.0,1081,5.1128344643883603e+17,365,0.04547715263596596,13.230957835126539,40.7757005210351,43.35825989526591,-0.13452745021698387,-0.18216509370234113,0.19091194001745726,-0.05504235056016582
HEALTHCARE,2014Q2,2014-06-30,381,2974255498.25641,2.00146122006777e+18,23153676546.0,1128,3.964492824343916e+17,381,0.14378884052060967,5.048467253560969,40.52132451464988,42.14040919772107,-0.22459980819696235,-0.7041346117565424,-0.12137330755023634,-0.6184352398011639
HEALTHCARE,2014Q3,2014-09-30,396,2474430938.501521,1.5715092676413194e+18,19480670414.0,1176,3.2209469643594214e+17,396,0.13110668700501907,4.879028698797155,40.313621985529984,41.89856814845279,-0.1875513194068006,-0.21481902727642777,-0.1586359783813489,-0.033562375717956616
HEALTHCARE,2014Q4,2014-12-31,415,2566468689.492326,1.0051153648255081e+18,22346529554.0,1223,2.2611352492559136e+17,415,0.16564013984161863,4.445180203865593,39.95981359074077,41.45163399968705,-0.29799053685889987,-0.360413975582793,0.14711296270073015,-0.08892107870538246
HEALTHCARE,2015Q1,2015-03-31,421,2767500187.265918,3.015878656283536e+18,23471067996.0,1257,2.1119649909115277e+17,421,0.1526791147151121,14.279965194791783,39.89156537033245,42.55042288990141,-0.06597140015993042,2.0005298514236762,0.05032273307954016,2.212460359283909
HEALTHCARE,2015Q2,2015-06-30,436,3029221199.016797,1.1107380895966954e+18,23846781309.0,1290,2.0644693681938285e+17,436,0.15751985877801117,5.380259483183626,39.868819809735676,41.55155641382132,-0.022488830507176205,-0.6317033222532047,0.016007508182585894,-0.6232302103127026
HEALTHCARE,2015Q3,2015-09-30,451,2285902310.597645,6.117960555915939e+17,25063872429.0,1341,1.1951950246730654e+17,451,0.10724970369774746,5.118796873831909,39.32225595352972,40.955175379387995,-0.4210642971570353,-0.44919863528427795,0.05103796207250233,-0.04859665415189307
HEALTHCARE,2015Q4,2015-12-31,471,2733086720.0,4.443447221545899e+17,26231093466.0,1387,1.0694572393843518e+17,471,0.23644984947792022,4.154861978496524,39.21109784776449,40.63537705734845,-0.1052027348617085,-0.27370449990084045,0.04656986027623855,-0.1883127850341495
HEALTHCARE,2016Q1,2016-03-31,484,2221006599.904226,1.847281156727821e+17,27273699759.0,1438,5.572578979908324e+16,483,0.20743346573020344,3.314948363025644,38.55921944723755,39.75766149398955,-0.4789339138873605,-0.5842684599086693,0.039746962678143705,-0.20215198960106273
HEALTHCARE,2016Q2,2016-06-30,495,2025865382.2526355,1.3033035999985624e+17,27544093368.0,1474,4.1109074405642744e+16,494,0.18550342380857493,3.1703550100356126,38.25500528050115,39.408848852667376,-0.26229714188242803,-0.294474695824231,0.009914078815463023,-0.04361858380745853
HEALTHCARE,2016Q3,2016-09-30,511,2172548606.2580867,2.6340910636615066e+17,26201090069.0,1518,3.1424915676076464e+16,510,0.07798641905341759,8.382173848335317,37.98637746604454,40.112484756007035,-0.2355722883470469,1.021087844508687,-0.048758304768174554,1.6439227852407479
HEALTHCARE,2016Q4,2016-12-30,518,2020133879.323314,1.28770120442877e+18,28608671347.0,1542,1.7294661647543718e+16,516,0.06715162517328443,74.45657108947583,37.38917427350878,41.69939029052335,-0.4496512949846989,3.888597900783304,0.09188859210283562,7.8827280889983875
HEALTHCARE,2017Q1,2017-03-31,523,2147355139.442231,2.890130317107629e+17,49029103124.0,1562,6107483509934770.0,521,0.05028245652487679,47.32113172972769,36.34829121908705,40.20524817443127,-0.6468572999922095,-0.7755589334569503,0.7137846958817735,-0.3644465352445385
HEALTHCARE,2017Q2,2017-06-30,530,2163061215.094736,2.1118624902364634e+17,31629931552.0,1581,4994788581114378.0,528,0.9574180258458767,42.28131893753328,36.1471714800122,39.89151683583357,-0.1821854986608512,-0.2692846832076543,-0.3548743595818096,-0.10650237236461402
HEALTHCARE,2017Q3,2017-09-29,542,2377066764.901186,9.390077426487914e+16,28075588702.0,1619,3666751656970180.5,538,0.9782243805014745,25.60870848353796,35.838082557946,39.08101502672327,-0.2658845119422255,-0.555365111606461,-0.11237276451757783,-0.3943256944899839
HEALTHCARE,2017Q4,2017-12-29,563,2107852367.4308298,2.8075558947620476e+16,29159698627.0,1669,2500000997726558.0,559,0.9289577324412331,11.230219097173052,35.455067525875386,37.87367580442412,-0.3181973496966257,-0.7010082273824091,0.038613969470309595,-0.5614687439473112
HEALTHCARE,2018Q1,2018-03-29,582,2207535084.5253577,5.120188542521905e+16,33623463350.0,1723,3017072350603757.0,577,0.9463249135535399,16.970718456576904,35.64306333577579,38.474552750989446,0.20682845860758126,0.8237174020558058,0.15307993337307124,0.5111653930998452
HEALTHCARE,2018Q2,2018-06-29,594,2249543094.564876,1.3056288099877418e+16,33661635372.0,1763,3369329443299185.0,589,0.9611758952555639,3.8750405146173366,35.753490141226656,37.10804625936243,0.1167546057107105,-0.7450037632120738,0.0011352793019163698,-0.7716631429286609
HEALTHCARE,2018Q3,2018-09-28,611,2354485780.3152103,6916584308734866.0,31244416836.0,1824,1624138270007665.8,606,0.7874645926033257,4.258617900003194,35.023753774656164,36.47269844567753,-0.5179639458415977,-0.47024879844679557,-0.07180930187398615,0.09898667741380662
HEALTHCARE,2018Q4,2018-12-31,630,1546282395.7016435,5669520192270621.0,38519851622.0,1870,1246248119984307.2,625,0.789314371048609,4.549270808402111,34.75891392866529,36.27388088689519,-0.23267116907575547,-0.18030057334649185,0.23285551540898664,0.06825052522291308
HEALTHCARE,2019Q1,2019-03-29,641,1733334079.1511366,4356280130881188.5,39832658283.0,1904,910268316091161.0,636,0.7664991170691805,4.785709942742771,34.444760524826314,36.01039490711503,-0.26959302766882165,-0.23163160494247836,0.034081301088143556,0.05197297419709046
HEALTHCARE,2019Q2,2019-06-28,660,1610422512.536873,3083323517228024.5,36926746088.0,1945,330900321958345.5,655,0.5792020021076175,9.317982826309128,33.432838303833414,35.66478447416012,-0.6364804573454947,-0.29221183565063125,-0.07295300691091966,0.9470429545023442
HEALTHCARE,2019Q3,2019-09-30,673,1314338584.710744,367786460701527.2,36096491655.0,2004,204051448291649.5,667,0.5231479780720324,1.802420241467006,32.949393275484404,33.538523615842976,-0.38334466680471835,-0.8807175248894494,-0.0224838232705753,-0.8065654042226917
HEALTHCARE,2019Q4,2019-12-31,687,1454112424.8927038,361681119969401.8,41484252039.0,2042,123467695988282.83,681,0.43045586422392695,2.929358299548455,32.447000666835855,33.52178405548554,-0.39491879610767966,-0.016600232429654582,0.149259945689312,0.6252360199662561
HEALTHCARE,2020Q1,2020-03-31,703,1127073962.937063,917858560728096.0,67212087896.0,2085,49760132906044.78,696,0.34000409693652495,18.445661358283793,31.53823523529732,34.45306442139759,-0.5969785253726039,1.5377563551167581,0.6201831922343171,5.296826633029866
HEALTHCARE,2020Q2,2020-06-30,712,1517684112.9441624,1163044269034384.2,72395662524.0,2117,62515139101212.3,705,0.4329092050774234,18.604201890223905,31.76642986895841,34.689817332240736,0.25632982571109775,0.26712798550551553,0.07712265442520927,0.00859500393402346
HEALTHCARE,2020Q3,2020-09-30,745,1492433300.6843843,1.082513895842775e+16,77298829450.0,2210,172997123730284.97,736,0.7118722023778731,62.574097909887364,32.78429608445161,36.92064750552311,1.7672836726828973,8.307589785395963,0.06772735762138438,2.3634389843279795
HEALTHCARE,2020Q4,2020-12-31,791,1814700425.0,4268589539669633.5,79609295586.0,2330,195910867345445.2,777,0.6286222351744153,21.78842653043298,32.90868091328348,35.99005984900548,0.13245158717716254,-0.6056780835735704,0.029890053348019974,-0.651797992169054
HEALTHCARE,2021Q1,2021-03-31,828,2028063829.787234,2.059972025795197e+16,115945125651.0,2444,241578702091144.5,811,0.6348226890734214,85.27125975774123,33.118216424507196,37.56405389090295,0.23310516340665388,3.8258845378575046,0.45642697624107575,2.9136033819899123
HEALTHCARE,2021Q2,2021-06-30,879,1884071814.5260825,2316594542525447.5,77182695444.0,2591,234327566432252.47,854,0.07629714798530213,9.886137503140114,33.087741108948585,35.37887463261181,-0.030015624705841293,-0.88754242710499,-0.3343170313487489,-0.8840624903252633
HEALTHCARE,2021Q3,2021-09-30,934,1656974656.6647434,1.0160422296854504e+16,69783345421.0,2758,168165723833383.53,907,0.320956881541375,60.419103639225085,32.75597106049755,36.85727640084827,-0.28234767085330226,3.385930343157101,-0.09586799191754847,5.111497399265819
HEALTHCARE,2021Q4,2021-12-31,970,1300700946.747627,8270503496243264.0,69404728355.0,2871,66431022236589.25,940,0.2234153297904904,124.49760996885563,31.827185265664166,36.65147178434736,-0.6049669295128877,-0.18600789862802525,-0.005425607839747659,1.0605669808055498
HEALTHCARE,2022Q1,2022-03-31,988,993445297.352757,763508442715095.2,62780442420.0,2949,76932793748817.52,954,0.19397063537951484,9.924356123188762,31.973953348206237,34.26894529843716,0.15808535167240034,-0.9076829550870867,-0.09544430317653962,-0.9202847659029644
HEALTHCARE,2022Q2,2022-06-30,1008,689113656.5774156,538856582402915.3,66424390438.0,3005,38651472879541.96,970,0.12790215495672647,13.941424278507366,31.285605998374095,33.92047057054662,-0.49759431581625035,-0.29423624906268286,0.058042726007282,0.4047686424646251
HEALTHCARE,2022Q3,2022-09-30,1021,663068852.4367518,1713008287057933.5,65307147322.0,3049,27649928455290.492,980,0.10603140077452942,61.95344374318514,30.950644256381448,35.0770274519864,-0.2846345457141566,2.178968844398524,-0.016819772204651584,3.4438389152745996
HEALTHCARE,2022Q4,2022-12-30,1031,564840539.5577395,227002653323877.47,61560919445.0,3085,15364426175538.201,989,0.06322095723342684,14.774561101753987,30.36307596460718,33.055982821993084,-0.4443231127927785,-0.8674830384424169,-0.057363214144526053,-0.7615215521674825
HEALTHCARE,2023Q1,2023-03-31,1040,506485179.3700296,94760589891181.66,57548569336.0,3112,11331038851060.941,998,0.1405443488622442,8.362921629406388,30.058566877061807,32.182374720307216,-0.2625146737272128,-0.5825573467813991,-0.06517690354811434,-0.43396480126820347
HEALTHCARE,2023Q2,2023-06-30,1048,507747858.0990629,57156172990274.47,59015203485.0,3140,9736109961068.865,1005,0.14739191061530546,5.870534866473474,29.90686276582576,31.676808514164385,-0.1407575166722459,-0.39683603641651266,0.025485153947737427,-0.29802823383744037
HEALTHCARE,2023Q3,2023-09-29,1058,412541846.9656992,23502626321104.418,67423311219.0,3161,8500110307499.758,1015,0.14152679210757985,2.7649789791983928,29.771100256693526,30.788133289179076,-0.12695005074012278,-0.588799860251253,0.1424735871009426,-0.5290073149911533
HEALTHCARE,2023Q4,2023-12-29,1070,451569662.015404,16244523514876.742,74294408024.0,3196,8554027216735.91,1026,0.13359162680814332,1.899049781264948,29.77742330748363,30.418776953433095,0.006343083476055611,-0.30882092524741334,0.10190980954171391,-0.31317749771265535
HEALTHCARE,2024Q1,2024-03-28,1084,472585019.86754966,7357982729345.343,74117386069.0,3230,8903927661116.506,1039,0.13006523367072798,0.8263749447873087,29.817513605555728,29.62680692541435,0.04090476164209744,-0.5470484115704041,-0.002382709004731809,-0.5648481925329707
HEALTHCARE,2024Q2,2024-06-28,1094,357004083.70202535,7832242841465.515,90034462927.0,3272,8434889875294.415,1048,0.11985115032950272,0.9285530643862893,29.763397776155944,29.68927002699202,-0.052677627635091984,0.06445518147640006,0.2147549677909837,0.12364619745977312
HEALTHCARE,2024Q3,2024-09-30,1108,340189616.19718313,6682336353064.42,78187297878.0,3309,8808075254943.25,1062,0.11909489780361585,0.7586602248106558,29.806690059243316,29.530488795780528,0.04424306483738283,-0.14681701163723526,-0.13158478058125023,-0.18296513801063286
HEALTHCARE,2024Q4,2024-12-31,1131,304465212.46458924,6518460938126.197,109945788791.0,3377,7819269039631.393,1083,0.10362798037072636,0.8336407028697767,29.68761219292396,29.50565941156787,-0.1122613268723972,-0.024523670506808815,0.40618478672270464,0.09883275227435884
HEALTHCARE,2025Q1,2025-03-31,1147,211777461.9422572,4309539267560.825,115593086796.0,3423,8044319470552.951,1099,0.11074060618189922,0.5357245300036046,29.715987302434822,29.09185211585262,0.028781517783939448,-0.33887165874470215,0.05136438664090326,-0.3573675947450824
HEALTHCARE,2025Q2,2025-06-30,1154,231905229.15369448,3812535224449.8975,158439282200.0,3455,7700420837192.156,1106,0.09533312980518588,0.4951073850452155,29.6722960974755,28.969315497019632,-0.042750494261157956,-0.11532649136115869,0.3706639955001414,-0.07581722076104269
HEALTHCARE,2025Q3,2025-09-12,1165,265102000.0,2943958292511.279,128991787820.0,3482,7979012760651.0,1110,0.09164880742390658,0.36896272519196777,29.7078358055329,28.710776149749268,0.03617879195813245,-0.22782135267063497,-0.1858598068049061,-0.25478242430523956
INDUSTRIALS,2002Q2,2002-06-28,268,454118781.34404385,2106614942781.4595,14139430332.0,801,2611026829824.559,268,2.935938984529594e-06,0.8068147438082848,28.590764681281968,28.376103482641106,,,,
INDUSTRIALS,2002Q3,2002-09-30,270,337055745.74463487,965493738716.9967,13942317981.0,810,1698685754783.8096,270,2.292027148272837e-06,0.568376897256005,28.16087598258479,27.59590545377893,-0.34941849873754527,-0.5416847573281658,-0.013940614746967617,-0.2955298578541312
INDUSTRIALS,2002Q4,2002-12-31,272,380448295.2178523,938172675135.2153,11505475617.0,816,1767321336706.9592,272,1.0117782695701898e-06,0.5308444229408261,28.200486147122504,27.567199857641764,0.040405108319687244,-0.02829750467163794,-0.17478028885303187,-0.06603448257024025
INDUSTRIALS,2003Q1,2003-03-31,274,330422419.48728263,852538619499.9312,11183650859.0,822,1490313556993.6052,274,1.4077286989714295e-06,0.5720531867265227,28.030007654681633,27.47148434654537,-0.156738774075744,-0.0912774992332217,-0.027971443225214054,0.07762870250647835
INDUSTRIALS,2003Q2,2003-06-30,274,418578107.0702875,1413904631297.607,11198285144.0,822,2137028916738.145,274,1.7863570142547918e-06,0.6616216655859393,28.390437623637812,27.977376235087753,0.43394583422374033,0.6584640260953258,0.0013085427276391393,0.15657369093939844
INDUSTRIALS,2003Q3,2003-09-30,276,429711415.01605344,2631471353565.6743,10171909930.0,826,2837098320068.365,276,2.2327507079427206e-06,0.9275220865458987,28.67380292750595,28.59856425570975,0.3275900470260231,0.8611377990541336,-0.09165467755122558,0.40189194941866835
INDUSTRIALS,2003Q4,2003-12-31,277,533009560.1446879,3300590601242.0796,10407258399.0,830,3233730569169.62,277,3.3553385510928827e-06,1.020675820277021,28.804657561667753,28.82512253846141,0.1398020809838192,0.2542757103434703,0.02313709722358892,0.10043290082506573
INDUSTRIALS,2004Q1,2004-03-31,278,536043521.853409,2555159290347.333,11819339252.0,833,3349186377756.7466,278,1.1545171300860158e-06,0.762919408521766,28.839738559955848,28.56913568219991,0.03570359562045211,-0.22584785602135127,0.1356823092944135,-0.2525350426007912
INDUSTRIALS,2004Q2,2004-06-30,279,579516813.9478828,5342440527515.235,11614536409.0,837,3015532396232.742,279,1.445554656423249e-06,1.7716408996930237,28.734797513017266,29.3067036921201,-0.0996223989623064,1.0908444133786337,-0.01732777430560206,1.3221861705232514
INDUSTRIALS,2004Q3,2004-09-30,281,562794541.4692801,2993072004978.6255,10757928568.0,841,2703276335559.459,281,1.406450648318524e-09,1.10720164476237,28.62548561090881,28.727321402304455,-0.10354923099595281,-0.43975567167039653,-0.07375308069431186,-0.37504172264581526
INDUSTRIALS,2004Q4,2004-12-31,282,688107795.4396951,4254833138507.983,11399390707.0,845,2832900867439.3696,282,1.4338005671411526e-09,1.5019350614813018,28.6723223440854,29.079076661793398,0.04795089949732567,0.42156056768115335,0.05962691934096509,0.35651447826710037
INDUSTRIALS,2005Q1,2005-03-31,285,659500099.9702184,3059551774184.6597,11900660358.0,851,2861740550407.7295,285,1.2544502856250097e-09,1.0691226965871337,28.682451139706778,28.749289542139444,0.010180265500934205,-0.2809232055437233,0.04397337225157005,-0.28816982570957606
INDUSTRIALS,2005Q2,2005-06-30,287,639139720.3100775,2625252555667.4956,12195385366.0,860,2867631507403.492,287,1.4687922607642884e-09,0.915477650768505,28.684507546242187,28.596198219027325,0.0020585223894329374,-0.14194864168719634,0.02476543310488455,-0.14371133108397782
INDUSTRIALS,2005Q3,2005-09-30,292,719088922.329118,2964528404644.5234,11979697325.0,868,3051487754130.58,292,1.6050512137243956e-09,0.9715026385511966,28.746650375857392,28.71773908164534,0.06411432091341518,0.12923550850168164,-0.017686037343381145,0.061197548335189866
INDUSTRIALS,2005Q4,2005-12-30,295,735629490.8903227,1751413511088.9053,13774556259.0,884,2759671893598.064,295,1.7444699989657466e-09,0.6346455588259842,28.646132909459787,28.19144429845602,-0.09563068379924056,-0.409210075928108,0.14982506530063766,-0.34673820364252217
INDUSTRIALS,2006Q1,2006-03-31,299,824853001.4278506,2965817889878.827,15174981140.0,891,3254391650132.9956,299,1.40322631363562e-09,0.9113278943416735,28.811026477081096,28.71817395852793,0.17926759977611528,0.6933852977044188,0.10166751325183299,0.43596355740283976
INDUSTRIALS,2006Q2,2006-06-30,303,806382836.1858065,2947759345623.6196,15110589389.0,903,2879780921666.359,303,2.0411631086457767e-09,1.0236054150667564,28.688735338317173,28.712066453824637,-0.11510929498953448,-0.006088891808507246,-0.004243283758044947,0.12320211136101578
INDUSTRIALS,2006Q3,2006-09-29,305,757953712.7371274,1512590156669.3828,14355734916.0,912,2441226699959.7393,305,1.8464305691144968e-09,0.6196024960296922,28.523521774784427,28.044844632790895,-0.15228735575234464,-0.4868678276213272,-0.049955329575000484,-0.394686187754015
INDUSTRIALS,2006Q4,2006-12-29,315,822611194.0121055,2035770847841.3826,13890788276.0,927,2281560657137.1914,315,2.180563667291257e-09,0.8922711922968484,28.455880823476864,28.34189565810693,-0.06540402119359956,0.3458839718513089,-0.03238751918453164,0.44007036449073555
INDUSTRIALS,2007Q1,2007-03-30,318,896970164.4876266,3198329232207.437,15906532824.0,953,2546954880824.6587,318,2.4267022568579657e-09,1.255746325263475,28.565919597133963,28.793649674449902,0.11632135348111805,0.5710654446195484,0.14511376229689787,0.4073594845430162
INDUSTRIALS,2007Q2,2007-06-29,321,999267860.839392,4056523274155.988,18147904765.0,958,3177470516042.2754,321,1.9679875344046668e-09,1.276651743478213,28.787106560987358,29.031347386262173,0.2475566567608245,0.26832573498264867,0.14090889358479086,0.01664780361618945
INDUSTRIALS,2007Q3,2007-09-28,322,972765336.4045238,3700738739592.489,19207259075.0,965,3400050293789.8013,322,2.1633998889382776e-09,1.0884364699992513,28.854811339732375,28.939553574999042,0.07004936052868938,-0.0877067652563942,0.058373367268439,-0.14742883048604383
INDUSTRIALS,2007Q4,2007-12-31,323,955280930.4364278,4853868461948.136,18679069821.0,968,5165215077631.455,323,6.866539037683059e-09,0.9397224295592954,29.272967858994537,29.210797123967783,0.5191584333519215,0.31159446896881593,-0.027499460070671278,-0.1366308870926184
INDUSTRIALS,2008Q1,2008-03-31,327,872899384.5244125,4102733472159.429,22510399444.0,979,4786320761750.235,327,7.689355696017022e-09,0.8571789640481939,29.196783124011024,29.042674568019677,-0.07335499300349835,-0.15474976210773395,0.20511351259539778,-0.08783813487330738
INDUSTRIALS,2008Q2,2008-06-30,333,820654430.3344867,4204986399344.692,23274197528.0,992,5612747061834.386,333,1.1658091663722272e-08,0.7491850876263071,29.35606138795402,29.06729217494768,0.1726642114520438,0.024923122079251847,0.03393089873416644,-0.12598754863496042
INDUSTRIALS,2008Q3,2008-09-30,338,772106921.0257626,4200895015011.6475,29773900414.0,1006,4830647190221.309,338,1.3856441194704842e-08,0.8696339951126073,29.206001568451295,29.06631871732808,-0.13934350915814608,-0.0009729839634396997,0.2792664657151138,0.16077323144261513
INDUSTRIALS,2008Q4,2008-12-31,341,565263663.4369576,2466314069079.932,36348378391.0,1020,3194897603276.2524,341,2.5913392917058462e-08,0.771954026492372,28.79257615419165,28.533745872285767,-0.33861913787790343,-0.41290747322494226,0.22081346029855764,-0.11232307978897138
INDUSTRIALS,2009Q1,2009-03-31,342,450912382.5073136,1805017046005.1528,38737665594.0,1025,2560111136217.28,342,3.3931967045864037e-08,0.7050541753715331,28.571071786062596,28.221591151439522,-0.19868757809578064,-0.26813171581244666,0.06573297926246946,-0.08666299912291464
INDUSTRIALS,2009Q2,2009-06-30,344,574711067.001221,1873125716899.627,32188542766.0,1028,2971555647861.043,344,1.905103028103351e-08,0.6303518893371297,28.720106718773145,28.258629657746997,0.1607135353708502,0.03773297933402442,-0.1690634354852395,-0.10595254754010719
INDUSTRIALS,2009Q3,2009-09-30,345,661536173.3482537,1803622239043.4136,29608551189.0,1034,3014308720144.9614,345,3.088430125531106e-08,0.5983535219832014,28.73439163960171,28.220818113781267,0.014387437877763753,-0.03710561294906278,-0.08015248145141829,-0.05076270555415874
INDUSTRIALS,2009Q4,2009-12-31,347,707645165.412371,2065776018114.6528,25986269419.0,1039,3496472403945.4136,347,3.994064333836205e-08,0.590817195005925,28.88277569157968,28.35652706744568,0.15995829510696713,0.1453484955975468,-0.12233904140996033,-0.012595107575029796
INDUSTRIALS,2010Q1,2010-03-31,350,740654151.4556086,1745397754436.7173,26396032035.0,1044,2471389753631.343,350,2.3080278498323133e-08,0.7062413979309061,28.535801761630463,28.188003585114533,-0.2931762450512606,-0.1550885773039089,0.015768427910641147,0.19536364868971634
INDUSTRIALS,2010Q2,2010-06-30,349,627561784.2900302,1909875083265.7854,30267342851.0,1047,1832758292075.9114,349,2.1255972528141738e-08,1.0420769020788476,28.23684321142995,28.278058954417318,-0.2584098524391212,0.09423486904974787,0.14666260485162352,0.47552508976654084
INDUSTRIALS,2010Q3,2010-09-30,352,718131650.38867,1326998389017.3093,23304298717.0,1052,2298601039081.8223,352,3.5033178417433934e-08,0.5773069647385959,28.463321809930832,27.913940657275102,0.25417576830508537,-0.3051910040377027,-0.23005138469794517,-0.4460034920772915
INDUSTRIALS,2010Q4,2010-12-31,354,841880272.4605762,2031065559772.1445,20983567083.0,1058,2888147578382.6274,354,3.04262475309149e-08,0.7032416123657879,28.69163643620154,28.339581677559316,0.2564805850502443,0.530571232476192,-0.0995838434008347,0.21814156994314993
INDUSTRIALS,2011Q1,2011-03-31,357,917850019.2620221,64422389723794.51,23019022235.0,1066,694256717747542.1,357,1.0454527029612777e-05,0.09279332569198259,34.17386291833446,31.79648235513542,239.38131671108312,30.718518101907918,0.09700234206838165,-0.868049154002968
INDUSTRIALS,2011Q2,2011-06-30,360,901465736.489511,607209122732141.1,22303996054.0,1077,409723094532790.1,360,1.2964669414964673e-05,1.4819987714496434,33.64650266826732,34.03989436615953,-0.4098392078047117,8.425436177321245,-0.031062404549608402,14.97096300189712
INDUSTRIALS,2011Q3,2011-09-30,361,677162254.4119202,200140538524274.75,30163467654.0,1081,264809188058747.78,361,1.7079454364474305e-05,0.7557915191366913,33.21003063749649,32.9300409283251,-0.35368742550206644,-0.6703927345100792,0.3523795279093265,-0.4900187950915773
INDUSTRIALS,2011Q4,2011-12-30,363,793752819.950257,145060096600443.72,25158196261.0,1088,323008129910444.3,363,1.8728479667224032e-05,0.44909116263006255,33.40869860883582,32.608169231797994,0.21977689776679932,-0.2752088224103105,-0.16593819551566868,-0.4058002091065531
INDUSTRIALS,2012Q1,2012-03-30,364,852682349.2604365,404696953408014.0,22093228274.0,1090,368523032002217.2,364,1.691830870510771e-05,1.0981591875255687,33.54052432764606,33.63415963975637,0.14090946288067774,1.7898571894841555,-0.12182781131059406,1.445292356888737
INDUSTRIALS,2012Q2,2012-06-29,370,795988939.6168704,478009956992621.25,23503324337.0,1105,466941972804023.06,370,3.1747139559626645e-05,1.0237031255128641,33.77722611063949,33.80065267873155,0.267063201632439,0.18115531379030014,0.06382480846673944,-0.06780079141392337
INDUSTRIALS,2012Q3,2012-09-28,370,803466260.512669,866813760151511.5,21082372019.0,1110,371156198324639.0,370,3.559341488023448e-05,2.3354419623442095,33.547644109675005,34.395845260120396,-0.20513421379573782,0.8133801346001919,-0.10300467641459665,1.2813664471075814
INDUSTRIALS,2012Q4,2012-12-31,373,835538419.0800772,739332607192714.2,19444928787.0,1115,418598003184201.8,373,4.831224640060531e-05,1.7662115002191612,33.667932155704996,34.23676901301434,0.1278216693502905,-0.14706867705528193,-0.07766883301956218,-0.24373564888492494
INDUSTRIALS,2013Q1,2013-03-28,374,997867252.3840773,1218316101461055.2,19769826861.0,1120,387150634923291.56,374,3.1696039899057944e-05,3.1468787380458445,33.58983497075294,34.736246055536675,-0.07512546171194234,0.6478592849936202,0.01670862760974523,0.781711158406206
INDUSTRIALS,2013Q2,2013-06-28,376,934761180.7344508,862445482753535.9,20794876207.0,1126,327045323268850.25,376,2.7028693714988105e-05,2.63708245124348,33.42111988048991,34.39079305443463,-0.15525045352528044,-0.2921003984768358,0.05184918174585129,-0.1620006136998272
INDUSTRIALS,2013Q3,2013-09-30,378,1072133642.112201,491113871245764.7,18496115539.0,1131,301827428049932.75,378,2.0908720330520845e-05,1.6271346657220211,33.340876539676664,33.82769713383197,-0.07710825816697864,-0.4305566194424465,-0.1105445709374403,-0.38297922199786805
INDUSTRIALS,2013Q4,2013-12-31,386,1272056239.328492,454810432714411.75,20732768706.0,1151,334828369301096.25,386,2.3760358780365514e-05,1.358339001153815,33.44463918602304,33.75090181666763,0.10933711844671712,-0.07392061323632593,0.1209255620340337,-0.16519570889292767
INDUSTRIALS,2014Q1,2014-03-31,390,1286042482.7711818,345201884355568.0,25844957912.0,1167,328598715316632.56,390,2.9227885308085203e-05,1.050527187919578,33.42585841195813,33.47515053385864,-0.018605514214542707,-0.24099831594599774,0.24657532616570155,-0.2266089782983276
INDUSTRIALS,2014Q2,2014-06-30,394,1263627761.177288,361570764091962.56,20178605074.0,1179,222139135491651.12,394,8.056800741436848e-05,1.6276770110395602,33.03432503793244,33.52147888966232,-0.3239805113735721,0.04741828036933349,-0.2192440342636066,0.5493906580970516
INDUSTRIALS,2014Q3,2014-09-30,398,1151434046.2982373,200132800332795.72,19063252194.0,1189,197767069506102.62,398,8.049988270077927e-05,1.0119622080288755,32.918111037466005,32.930002263789,-0.10971531842692572,-0.44649064523952053,-0.05527403286350674,-0.378278244906489
INDUSTRIALS,2014Q4,2014-12-31,400,1206383095.6571214,163309722725062.78,23278784341.0,1198,165560663395714.78,400,0.00012128195978618161,0.9864041335394271,32.740358789781695,32.72666965317156,-0.1628501963993254,-0.18399321623692255,0.22113394420322496,-0.025255957472197443
INDUSTRIALS,2015Q1,2015-03-31,401,1241287958.2584803,137711627028116.39,21178019683.0,1201,215931919331157.06,401,0.00015610246582727156,0.6377548416865566,33.005984285648765,32.55618295548499,0.30424652150038467,-0.15674569321289966,-0.0902437441417423,-0.3534548163356158
INDUSTRIALS,2015Q2,2015-06-30,403,1171646195.0193691,87217709209269.77,21032979780.0,1206,185140405747310.4,403,0.0001412628882594394,0.4710895434047454,32.85213560313543,32.09942851348634,-0.14259824892596928,-0.3666641583469009,-0.00684860554343647,-0.2613312943905862
INDUSTRIALS,2015Q3,2015-09-30,407,966045992.238806,61950144278029.68,22903316329.0,1217,109933495095744.44,407,9.864778995964696e-05,0.5635238306948707,32.33089670884402,31.757351052944177,-0.4062155440785433,-0.289706817116845,0.08892399310812249,0.1962138378662941
INDUSTRIALS,2015Q4,2015-12-31,409,1050708463.4902735,38476324840280.3,25779308441.0,1224,71753202464117.14,409,0.0001586415360745603,0.5362314645053203,31.90425360321846,31.281064228856145,-0.3473035456425261,-0.37891468553164065,0.125570990274384,-0.04843160963733628
INDUSTRIALS,2016Q1,2016-03-31,418,1017206833.8598268,28073051262705.164,24616820544.0,1246,56750559690864.99,418,0.00021124806523600983,0.4946744387302319,31.669686634635525,30.96583120230801,-0.2090867342228353,-0.27038116610046137,-0.04509383561085578,-0.07749829789161145
INDUSTRIALS,2016Q2,2016-06-30,420,1024999917.446558,70711064349823.55,21372504914.0,1256,43253949478928.59,420,0.00019518210608222833,1.634788619343786,31.39810966256913,31.889623173755336,-0.23782338509885947,1.518823610875625,-0.13179263439813949,2.3047768215800395
INDUSTRIALS,2016Q3,2016-09-30,424,1082255895.1103601,31437138146843.03,18985671506.0,1268,39430733752525.984,424,9.785425544830494e-05,0.7972749973192961,31.305566672636214,31.07901105348271,-0.08838997993154618,-0.5554141570926379,-0.11167775689392923,-0.5123069809237313
INDUSTRIALS,2016Q4,2016-12-30,426,1199758660.4656844,529245334649524.9,20060015446.0,1269,35588109439339.16,426,0.00013818133215897524,14.871409102291233,31.203032693481656,33.90247321088252,-0.09745251856847992,15.835035434123082,0.05658709198989764,17.652797531960566
INDUSTRIALS,2017Q1,2017-03-31,431,1230873978.3799448,255352020939974.62,19519750444.0,1290,19455582220728.41,431,0.00016017635832968306,13.12487172282703,30.59915514845176,33.1736641833828,-0.45331228527632383,-0.5175167276456523,-0.026932432004070583,-0.11744262883569745
INDUSTRIALS,2017Q2,2017-06-30,433,1248936672.3276982,113550213017214.98,18795571580.0,1296,8046142589175.979,433,0.0015423119173714008,14.11237891433439,29.71621391104607,32.363266260455596,-0.5864352709731071,-0.5553189177856277,-0.0370998013564563,0.07523937851444806
INDUSTRIALS,2017Q3,2017-09-29,437,1373864501.158082,66485807038546.54,18035671929.0,1309,3429697012105.739,437,0.0009149824010026155,19.385329608963357,28.86349303854161,31.828009612819596,-0.5737464289137112,-0.41448100120722065,-0.04042971759414826,0.3736401018309581
INDUSTRIALS,2017Q4,2017-12-29,440,1432713414.724105,195193153213569.75,20559346391.0,1315,4385597345170.949,440,0.0016296131757047808,44.507768919666105,29.10934695714336,32.905010713542225,0.2787127637488638,1.935861981797144,0.1399268334406838,1.295951104132203
INDUSTRIALS,2018Q1,2018-03-29,443,1429878218.14233,292206922703011.75,24065996747.0,1319,3357328696504.874,443,0.0010530485912460827,87.03554197931585,28.842166742896946,33.30848330662437,-0.23446490129749786,0.4970142030714304,0.17056234616169808,0.9555134775775858
INDUSTRIALS,2018Q2,2018-06-29,448,1455617618.848847,44306509921033.016,22590791706.0,1337,3315504000978.6265,448,0.0009458209949465781,13.363431293690253,28.829630764504305,31.422152732996835,-0.012457730328814365,-0.8483728259714624,-0.06129831465151736,-0.8464600668900747
INDUSTRIALS,2018Q3,2018-09-28,454,1474554640.1081684,59146031483344.66,19247612626.0,1354,3246350081619.551,454,0.001573995140486559,18.21924006847643,28.808552429365594,31.711030611681956,-0.020857739679597365,0.33492869532626135,-0.147988575323461,0.36336541626692265
INDUSTRIALS,2018Q4,2018-12-31,455,1127532226.4808364,26129562710754.88,28472672093.0,1363,2523910986444.16,455,0.001598525350532069,10.352806755505986,28.556830793125147,30.89408846017966,-0.22253887504793612,-0.5582195110061968,0.4792833088576727,-0.4317651715112544
INDUSTRIALS,2019Q1,2019-03-29,459,1313978373.9755352,23314836391547.594,23947743097.0,1371,2931955035471.86,459,0.0024688774795833418,7.951976107913052,28.706690564048134,30.78011102885984,0.1616713312075151,-0.10772190680591642,-0.15892182445048608,-0.23190142579606132
INDUSTRIALS,2019Q2,2019-06-28,461,1317741000.0,11601126974084.303,20620463949.0,1380,2875592578448.2256,461,0.005033385790699478,4.034343064115395,28.6872798831821,30.082123362260216,-0.01922350661648653,-0.5024143948833328,-0.13893915324391537,-0.49266157124129195
INDUSTRIALS,2019Q3,2019-09-30,461,1287611383.064516,10372261014798.443,22043981157.0,1383,2862317444246.419,461,0.007338421736745404,3.6237284007921127,28.68265270783945,29.970156148618006,-0.004616486459625757,-0.10592642956421527,0.06903419881922845,-0.10177980821105925
INDUSTRIALS,2019Q4,2019-12-31,463,1408639918.6827958,3584090203072.158,21539304345.0,1385,3007100383778.952,463,0.010483908233215213,1.1918758091368127,28.73199740274286,28.907525778992696,0.05058241874029834,-0.654454299023268,-0.022894086526640933,-0.6710912967770212
INDUSTRIALS,2020Q1,2020-03-31,470,919928774.3055555,6239562497435.228,35724287451.0,1408,2265153822178.6626,469,0.015477482368995361,2.7545866582402394,28.448663785219246,29.461931183261534,-0.24673155761694354,0.7409055419662403,0.6585627315903921,1.3111356377265366
INDUSTRIALS,2020Q2,2020-06-30,476,1108092684.4731333,9578555108750.69,60194088036.0,1424,2761062551647.164,475,0.01911999895685167,3.4691554173723524,28.646636704051723,29.89054787281516,0.21892938334383327,0.5351324892871825,0.6849625935454462,0.2594105206291144
INDUSTRIALS,2020Q3,2020-09-30,483,1143340525.4727852,4869795153825.59,45765296137.0,1442,3079556906863.64,482,0.012672181539011526,1.581329815004201,28.755806841157078,29.214072989269095,0.11535209697674986,-0.49159397231251645,-0.2397044688237595,-0.5441744099772994
INDUSTRIALS,2020Q4,2020-12-31,490,1565915078.6777909,11346525013409.395,48498545122.0,1459,3994119717323.6978,488,0.012815993815345646,2.8408074410479247,29.015844324765315,30.059932646758167,0.29697870119616976,1.3299799385803421,0.059723179258316605,0.7964673871910635
INDUSTRIALS,2021Q1,2021-03-31,499,1880131719.666667,79607754593531.9,58031032722.0,1492,4401584548745.873,497,0.011566523518967546,18.086158225953934,29.112985716738393,32.00813262355066,0.10201617884783909,6.016047159764859,0.19655203214901906,5.366555495673534
INDUSTRIALS,2021Q2,2021-06-30,510,1888723009.8064458,76389732739110.45,39671397648.0,1523,4668722555566.896,507,0.0015201379041649846,16.36202019501561,29.171906607484562,31.96686941483859,0.060691326921605615,-0.04042347219629927,-0.31637615621890747,-0.09532914670978365
INDUSTRIALS,2021Q3,2021-09-30,526,1923079202.6145082,22730146251214.523,31495066049.0,1559,4345155345036.661,520,0.008293054479624895,5.231146977789523,29.100082626604415,30.75471318805367,-0.06930529854347844,-0.702445008822802,-0.20610142530262487,-0.680287219093942
INDUSTRIALS,2021Q4,2021-12-31,532,1898093189.0166063,33899445201387.965,32658927344.0,1588,4670309449582.518,526,0.01570679918466499,7.258500869662558,29.17224644870794,31.154419764440295,0.07483141078425892,0.4913870252628332,0.03695376581173915,0.38755437392235437
INDUSTRIALS,2022Q1,2022-03-31,543,1821246523.2524962,18731669763040.004,36347633058.0,1623,176103901127685.03,535,0.444010725856077,0.10636714827491818,32.802095284096666,30.561236777532248,36.70711620477891,-0.44743432667526184,0.11294632169472263,-0.9853458516868838
INDUSTRIALS,2022Q2,2022-06-30,548,1451117103.5315812,25702132441895.89,34849241737.0,1642,175903384483597.34,540,0.5820844657007109,0.14611505354118168,32.800956008439755,30.877595078780413,-0.0011386269287828599,0.3721218005139888,-0.04122390359253969,0.37368591628996617
INDUSTRIALS,2022Q3,2022-09-30,551,1353900131.4458814,12838664976479.186,30752894022.0,1650,177772177506876.1,543,0.6817172431484445,0.07221976552535954,32.81152394480019,30.183482434990335,0.010623974227471411,-0.5004824986602491,-0.117544816209038,-0.5057335724480653
INDUSTRIALS,2022Q4,2022-12-30,559,1444337981.2898955,9837311332542.166,28462011238.0,1670,180027202535101.62,550,0.7407690949399515,0.054643471619929725,32.824129080595505,29.917203551093568,0.012684915377932482,-0.23377459022691127,-0.0744932422412391,-0.24337234796557183
INDUSTRIALS,2023Q1,2023-03-31,563,1505346407.8745916,91878811532954.02,29893452452.0,1684,20416467404921.75,553,0.25323530836038854,4.500230608494249,30.647362916878713,32.151491558674,-0.8865923198415475,8.339829596428013,0.05029304507085808,81.3562353394273
INDUSTRIALS,2023Q2,2023-06-30,571,1595629291.6694138,123815587411580.38,31257532735.0,1707,6734013843880.413,560,0.1019441204473092,18.386595317753727,29.538192492483613,32.449814376262836,-0.6701675314184343,0.34759674560191334,0.04563140658277276,3.0857006934375244
INDUSTRIALS,2023Q3,2023-09-29,576,1287818518.0032809,61919377826522.64,31229306943.0,1722,5256067216378.6045,565,0.08751349162840283,11.780552888207675,29.290404185533387,31.75685429713828,-0.21947484245891535,-0.4999064405300284,-0.000903007676239076,-0.3592857902935075
INDUSTRIALS,2023Q4,2023-12-29,585,1318210549.630106,10749996351510.973,35340068964.0,1745,5442287775191.535,574,0.08499436102137367,1.9752715761401718,29.32522063530154,30.005926531107928,0.035429638006272635,-0.8263872033464409,0.13163154816413303,-0.8323277697672902
INDUSTRIALS,2024Q1,2024-03-28,591,1320015178.7439616,6846204338309.753,39562732437.0,1766,5403863115237.525,579,0.07893760434256071,1.266909281807156,29.318135205438757,29.554715503430828,-0.007060387385093292,-0.36314356633735223,0.11948656572519756,-0.3586151407682425
INDUSTRIALS,2024Q2,2024-06-28,609,1198200374.5191517,13981765562573.166,56264959819.0,1813,5288459362265.107,596,0.07514359374089376,2.643825848854517,29.296548083514647,30.26877513678967,-0.021355787611830657,1.0422653008375002,0.4221707236373715,1.086831225266017
INDUSTRIALS,2024Q3,2024-09-30,620,1186073715.7107232,2944777746232.2246,48772181286.0,1849,5689779567271.738,607,0.07693209883839658,0.5175556823274705,29.369692622942324,28.711054462012154,0.07588603362827784,-0.7893844140746502,-0.13316953494863737,-0.8042398736090313
INDUSTRIALS,2024Q4,2024-12-31,637,1192900719.985901,3764038722565.055,65108324195.0,1900,5600111489028.366,624,0.07421771018717473,0.6721363904878482,29.35380762222654,28.9565136252093,-0.015759499499620855,0.27820808459349977,0.3349479657923209,0.29867454544257255
INDUSTRIALS,2025Q1,2025-03-31,655,903464967.0222061,2759438824623.3994,62851864402.0,1945,5418643219972.949,642,0.07459472949325761,0.509249033863716,29.32086657162444,28.64604845057295,-0.032404402914289476,-0.266894145354875,-0.03465700923651305,-0.24234271336790103
INDUSTRIALS,2025Q2,2025-06-30,666,949964992.7710191,3067186355499.778,70219954221.0,1989,6217804218520.177,653,0.07697796642547636,0.49329091874008235,29.458437940823053,28.751781760708326,0.1474835980345679,0.11152540441565284,0.11722945514987049,-0.03133656435743837
INDUSTRIALS,2025Q3,2025-09-12,689,1042692500.0,2725580438991.3237,69454805023.0,2039,6452282846300.0,660,0.07411243041762942,0.422421103339306,29.495455113776817,28.63370252649618,0.037710841245437,-0.11137435972741594,-0.01089646392522392,-0.14366738309674432
MATERIALS,2002Q2,2002-06-28,95,624731406.284153,55452564644.3412,3050511155.0,284,263902833842.09158,95,2.9674249577010027e-07,0.2101249305929079,26.298846818715926,24.7387938011672,,,,
MATERIALS,2002Q3,2002-09-30,96,543943403.9937934,41906982228.5737,2894652908.0,287,227033930931.863,96,3.0633560787183796e-07,0.18458466563374945,26.14836531872823,24.458718290315502,-0.13970635469677972,-0.24427332626805376,-0.05109250190563552,-0.12154799950244688
MATERIALS,2002Q4,2002-12-31,96,605734211.5176685,37400351573.2709,2467378230.0,288,258754004986.0285,96,1.4813473586921885e-07,0.14454018431633683,26.279143659613077,24.34494594170429,0.13971512506509542,-0.10753889723488652,-0.14760825963594248,-0.21694370537186647
MATERIALS,2003Q1,2003-03-31,97,619894364.1490624,39527907205.356804,2783148051.0,290,234913720275.97418,97,2.218961132459553e-07,0.16826563880100248,26.182484135913516,24.40027277094503,-0.09213493994553468,0.05688597947850349,0.12797787431236274,0.1641443491779473
MATERIALS,2003Q2,2003-06-30,99,749203538.7187264,210186571611.3812,2516329621.0,297,452530063265.99725,99,3.782729594086403e-07,0.46446985222246656,26.838120036036376,26.071261409487427,0.9263671050561444,4.317422208046896,-0.09586929085721141,1.7603369026029538
MATERIALS,2003Q3,2003-09-30,100,793263282.3475776,715062292727.6993,3148719915.0,299,1180521936334.411,100,9.290517605428114e-07,0.6057170737106413,27.796977775539407,27.29563549854294,1.6087149388802042,2.402036044670801,0.25131456893500514,0.30410417557202774
MATERIALS,2003Q4,2003-12-31,101,1002713211.5009099,1121252740892.104,3385937005.0,302,2939929072256.4014,101,3.0504883269089736e-06,0.3813876843061184,28.709406571905266,27.74546769481418,1.4903637804351622,0.5680490389374857,0.0753376281167264,-0.37035341934523025
MATERIALS,2004Q1,2004-03-31,104,982256814.5407048,1243412806500.417,3856782612.0,312,2980298806875.8823,104,1.027355792488843e-06,0.4172107855869098,28.723044682182802,27.848880978311538,0.01373153352590828,0.10894962496244931,0.13905917514256894,0.09392831167573368
MATERIALS,2004Q2,2004-06-30,106,827623315.2660661,553920380334.5555,3391371493.0,315,1585437562050.973,106,7.600106213928471e-07,0.34938012924204115,28.091881549544503,27.040286795559446,-0.46802731377364204,-0.5545161048376497,-0.12067341248426056,-0.162581262728978
MATERIALS,2004Q3,2004-09-30,107,988421979.1657099,289549294738.1382,2921464482.0,319,1326756898625.7363,107,6.902801891494595e-10,0.21823839396505515,27.913758658283434,26.39159139490168,-0.16316042310149315,-0.4772727182140204,-0.13855958038507932,-0.37535544898185824
MATERIALS,2004Q4,2004-12-31,108,1110847950.0947156,261175396098.71692,3711480703.0,322,937067747812.6852,108,4.74272955932252e-10,0.27871559629317694,27.56602141946618,26.288458034275386,-0.2937155640318839,-0.09799332671516947,0.2704178763313816,0.27711531976268833
MATERIALS,2005Q1,2005-03-31,110,1193125629.3410316,161101813005.8985,3831719276.0,327,773801714289.3041,110,3.3919768910184354e-10,0.20819521336142552,27.37458149462689,25.805302380988415,-0.1742307681642855,-0.3831661963096763,0.032396389102282264,-0.25301914880131804
MATERIALS,2005Q2,2005-06-30,113,1126974576.5131578,203673990140.5359,3947367475.0,335,835458594002.197,113,4.2791938709396337e-10,0.2437870549213601,27.45124662540814,26.039786464945166,0.07968046409605267,0.26425635031853223,0.03018180369432688,0.17095417798173584
MATERIALS,2005Q3,2005-09-30,114,1270614592.9664664,219286481866.3881,4009413336.0,340,850777443434.0835,114,4.4750019604200557e-10,0.2577483495345842,27.46941640773731,26.113644848278724,0.01833585714703445,0.0766543225037204,0.015718288553816517,0.05726840015245149
MATERIALS,2005Q4,2005-12-30,115,1370269787.010255,240194554810.4965,4469892434.0,343,754141143651.3743,115,4.767148598851327e-10,0.3185007963463323,27.348845380607496,26.20471507694107,-0.11358587434176193,0.09534592723708224,0.1148494952778798,0.23570450372019347
MATERIALS,2006Q1,2006-03-31,117,1837017933.2106233,1084114266140.2241,7045069003.0,347,947781655994.7384,117,4.086638309862335e-10,1.143843900420713,27.577389991992895,27.711784424959987,0.25676959011386424,3.5134839421965465,0.5761160043611018,2.5913376466943485
MATERIALS,2006Q2,2006-06-30,121,1551247704.8764145,1631598146961.2341,8666393537.0,358,905732532391.1476,121,6.41975164675848e-10,1.8014127665855066,27.53200988129263,28.120581108671,-0.0443658339846833,0.5050056972040584,0.23013607578713446,0.5748764022109447
MATERIALS,2006Q3,2006-09-29,123,1426051781.420765,520408147213.00574,6683849463.0,366,793499781716.3354,123,6.001664055087081e-10,0.6558390552891721,27.399719101823152,26.977879239138627,-0.12391378984534873,-0.681043921150414,-0.2287622948964636,-0.6359307164607897
MATERIALS,2006Q4,2006-12-29,126,1764803666.8811038,479308991965.1416,7122217063.0,376,893370009096.7251,126,8.538235339876136e-10,0.5365178896589161,27.518266675899493,26.895611303558052,0.12586043459819352,-0.07897484977505942,0.06558609711763941,-0.18193665758079158
MATERIALS,2007Q1,2007-03-30,127,1783882777.1225364,430165748784.5885,8254182859.0,380,967783013870.5519,127,9.220898421051191e-10,0.4444857396950825,27.59827373987092,26.78743643365458,0.08329472001087757,-0.10252935789722695,0.1589344702621569,-0.1715360321392858
MATERIALS,2007Q2,2007-06-29,128,1854994319.8757558,348999250470.1266,8863394256.0,382,1026173216301.3873,128,6.355672185233913e-10,0.3400977972588454,27.656857675231954,26.57833561149933,0.060333981475154896,-0.18868656684962426,0.07380638488469415,-0.234851049457396
MATERIALS,2007Q3,2007-09-28,134,1925464194.8494565,350631766066.2268,10518365586.0,393,1175030019746.4014,134,7.47653591731153e-10,0.29840238987417633,27.79231481191865,26.583002410198617,0.1450601137121228,0.004677705163839585,0.1867198143509956,-0.12259828708309772
MATERIALS,2007Q4,2007-12-31,135,1942897257.120253,1391845658075.0261,13491568674.0,404,1205246946477.556,135,1.6022324498888827e-09,1.1548219741546095,27.817705596711036,27.96165179387443,0.02571587638048256,2.9695366842835806,0.28266778366758327,2.8700158354681715
MATERIALS,2008Q1,2008-03-31,137,1797384225.0,2612932106524.588,15529940382.0,410,1173109539135.7415,137,1.8846326783804534e-09,2.2273556043620606,27.79067906498733,28.591494119169486,-0.026664583084602622,0.8773145509095954,0.15108485582764053,0.9287436974799532
MATERIALS,2008Q2,2008-06-30,139,2061104923.9402323,2519581263781.353,13400736040.0,415,1320987646366.3938,139,2.743789252984971e-09,1.9073465756564032,27.909400789696313,28.555113838479187,0.12605652097893416,-0.03572647085247038,-0.13710318839780333,-0.14367217703313773
MATERIALS,2008Q3,2008-09-30,140,1315771231.266706,3656482971947.408,18105482087.0,420,837618869812.1545,140,2.4026628640199906e-09,4.365330228015774,27.453829024678004,28.927522864720117,-0.36591468352018974,0.4512264496124283,0.35108116695655767,1.2886927230377463
MATERIALS,2008Q4,2008-12-31,140,849272858.4072635,989018923798.947,21244988166.0,420,621022401795.5198,140,5.037030761649473e-09,1.5925656158931851,27.154632991974047,27.619979302663058,-0.25858594621347175,-0.7295163326653741,0.17340085527212845,-0.635178661702972
MATERIALS,2009Q1,2009-03-31,142,821704917.1558858,679869503696.3098,19632570795.0,424,623196625787.595,142,8.25990991959953e-09,1.090938999929744,27.158127917155166,27.245166710372704,0.003501039553144958,-0.31258190582962264,-0.07589636475206307,-0.3149801872886132
MATERIALS,2009Q2,2009-06-30,143,1120102457.8238683,654619386019.7847,17308009999.0,427,721675075537.2477,143,4.626752901977009e-09,0.9070832680932708,27.30484084066167,27.207319813638808,0.1580214745630173,-0.03713965332941904,-0.11840328096980635,-0.16852980033559484
MATERIALS,2009Q3,2009-09-30,144,1391013339.73165,644033036234.288,15739110246.0,431,893545725828.1707,144,9.155178830038901e-09,0.7207611402733473,27.518463346317215,27.19101586023704,0.23815516998834219,-0.016171763335430356,-0.09064587743424268,-0.20540796459798105
MATERIALS,2009Q4,2009-12-31,144,1653158612.0627022,673660666376.7708,16414993397.0,432,971549383818.7542,144,1.1098130613278561e-08,0.693387981709064,27.6021579370183,27.235992358731476,0.08729677254992962,0.04600327696808515,0.04294290721877192,-0.0379781276136808
MATERIALS,2010Q1,2010-03-31,144,1713327245.1367898,667369628182.0503,15989218529.0,432,995374328947.1229,144,9.295788609799365e-09,0.6704710065086508,27.626384713352873,27.22660989456119,0.02452262903479263,-0.009338586188438636,-0.02593816870360821,-0.03305072456538316
MATERIALS,2010Q2,2010-06-30,145,1488507123.7966468,502675311704.5061,17673346279.0,434,872428531592.6658,145,1.011825562622125e-08,0.5761793585393694,27.494546575453295,26.943210295051443,-0.12351714704608219,-0.24678125812554597,0.10532895944510745,-0.14063493731114052
MATERIALS,2010Q3,2010-09-30,145,1952941900.0,366206451619.5293,13608329429.0,435,1036717709838.8627,145,1.580070481122128e-08,0.35323641927217475,27.667080790026127,26.62646308678294,0.18831247752326274,-0.27148510560868566,-0.2300083292562527,-0.38693322827871024
MATERIALS,2010Q4,2010-12-31,145,2648019888.2681565,518672607585.8689,15088280293.0,435,1371225705077.8582,145,1.4445678965898367e-08,0.37825472908299856,27.946726131024555,26.97453870716737,0.3226606356430317,0.41633934981774856,0.10875330963447682,0.07082596370547733
MATERIALS,2011Q1,2011-03-31,149,2591562157.7287064,852905560548.3075,15475258517.0,442,38834818082964.49,149,5.84797589940043e-07,0.021962393610965518,31.29033833343138,27.471914663829665,27.321244226354008,0.6444006258940609,0.025647603072401326,-0.9419375570949005
MATERIALS,2011Q2,2011-06-30,152,2308449181.4131365,1201282558101.4463,15028818036.0,455,31125331349299.3,152,9.84883783119546e-07,0.038595012680193996,31.069043116417376,27.814410900382825,-0.19851996518163373,0.4084590529919603,-0.028848660622345812,0.7573226927744361
MATERIALS,2011Q3,2011-09-30,155,1536917357.9175568,758732983452.0415,17386403857.0,462,11498769644139.238,155,7.416385844629716e-07,0.06598384061365706,30.073261158108032,27.354915751988617,-0.6305655507696917,-0.3683975694684416,0.15687100711131396,0.7096468178521502
MATERIALS,2011Q4,2011-12-30,155,1761277416.457506,599192234230.2382,15355378206.0,465,12893991502728.576,155,7.476123209504496e-07,0.04647065527408169,30.18778254380703,27.118848308837197,0.12133662137500623,-0.21027258956890693,-0.11681689138851348,-0.29572672881876194
MATERIALS,2012Q1,2012-03-30,156,2172390648.8970585,892547010215.196,14147544613.0,466,18461413954590.77,156,8.475342740984255e-07,0.048346622442385995,30.546703937659927,27.5173450217242,0.43178425010471244,0.4895837416214528,-0.07865866778377673,0.04036885551193414
MATERIALS,2012Q2,2012-06-29,158,1772573639.0931373,1157300251591.1506,14072726088.0,471,10332992812549.174,158,7.025347559113052e-07,0.11200048936312401,29.96636307757833,27.77711103919621,-0.44029244791514544,0.2966266631850816,-0.005288445949217957,1.3166145576476094
MATERIALS,2012Q3,2012-09-28,158,1916540782.9733076,998814449834.7207,13471779476.0,474,5044309069722.6045,158,4.837429263291583e-07,0.1980081783310806,29.249281806880926,27.629834862443737,-0.5118249706322827,-0.1369444113906747,-0.04270292822031374,0.7679224390627928
MATERIALS,2012Q4,2012-12-31,158,2024019746.2575283,578959594139.081,12452312599.0,474,3888464373405.7407,158,4.4878486638476985e-07,0.14889157737916855,28.989035432998996,27.084498526488563,-0.22913835776926839,-0.4203532055079052,-0.07567425512094983,-0.24805339539958982
MATERIALS,2013Q1,2013-03-28,160,2006746639.8099859,1465470634319.1375,13322970624.0,476,5146396859429.353,160,4.2133574241762324e-07,0.28475663155165865,29.269317946796892,28.01319755890283,0.3235036675729761,1.5312140072543534,0.06991938389580099,0.9125100060327456
MATERIALS,2013Q2,2013-06-28,161,1684986373.8864198,1102496735078.3313,16887059431.0,481,4597057983626.19,161,3.79924320542356e-07,0.23982658887601727,29.156437646035325,27.728598482883736,-0.10674242403141732,-0.2476841846847685,0.26751457370773224,-0.15778400815747273
MATERIALS,2013Q3,2013-09-30,161,1847198855.936464,785204466894.426,15652111635.0,483,4465329398645.42,161,3.0933014995735977e-07,0.17584469068118955,29.127364101028697,27.389209988195788,-0.028654975736647548,-0.2877942927979392,-0.07312983062835532,-0.2667840062884117
MATERIALS,2013Q4,2013-12-31,162,1949324396.967442,1017306153083.7025,13624048042.0,485,3569958539476.3013,162,2.5333425571448096e-07,0.2849630161903609,28.903575098060585,27.6481792231744,-0.20051619471583304,0.29559394523984994,-0.1295712451005656,0.6205380730374475
MATERIALS,2014Q1,2014-03-31,162,2091720760.9620843,876958586067.9656,14929244843.0,486,3089614183673.0747,162,2.7481205737403896e-07,0.2838408079242429,28.759067339389862,27.49972560593331,-0.13455180235053688,-0.13796000996387303,0.09580095409061684,-0.00393808389987127
MATERIALS,2014Q2,2014-06-30,163,2069150659.9481015,551376314864.4832,11807498772.0,487,2537542706139.026,163,9.20345526284672e-07,0.21728750161743074,28.56221729016036,27.03568338007143,-0.17868621928635797,-0.3712629950557885,-0.20910274456806965,-0.23447405886955908
MATERIALS,2014Q3,2014-09-30,168,1820121464.7243085,440687370676.837,12344952804.0,502,1469326298234.0413,168,5.980803323445144e-07,0.29992478267522454,28.015825111146352,26.811601550970146,-0.42096489856926156,-0.2007502701940529,0.04551802565285934,0.3803130895365068
MATERIALS,2014Q4,2014-12-31,170,1697331592.263793,450505282612.2681,18993804462.0,508,1343784568758.744,170,9.843934101662201e-07,0.33525112066765334,27.926511054079388,26.833635640037638,-0.08544169503137855,0.022278632401813825,0.5385886656322936,0.1177839912971852
MATERIALS,2015Q1,2015-03-31,170,1483632462.3633885,678112874190.4316,17388774745.0,510,1108341416942.6968,170,8.01247118532339e-07,0.6118267023359746,27.73388579482379,27.24257959213867,-0.17520900097366532,0.5052273532917844,-0.08450280301722102,0.8249803344952893
MATERIALS,2015Q2,2015-06-30,170,1474965634.6989224,580096785326.2688,14713297639.0,510,1125598859634.5767,170,8.588365424159795e-07,0.5153672468312521,27.749336329628253,27.086460797819328,0.015570511421908018,-0.14454243916424658,-0.15386231320118238,-0.1576581328281964
MATERIALS,2015Q3,2015-09-30,171,1077295764.7058823,348071038269.0336,19324784008.0,512,778842502189.3245,171,6.988870089202915e-07,0.44690811979393363,27.381074682901584,26.575672428848456,-0.3080638848175681,-0.39997764670723857,0.3134230328336798,-0.13283561859672122
MATERIALS,2015Q4,2015-12-31,171,1090871997.3003647,297213371781.9026,18566614340.0,513,645541471832.6461,171,1.4272490589193877e-06,0.4604094155843079,27.193355292779923,26.417716141317932,-0.17115274266872882,-0.14611289333363542,-0.039233021579239136,0.03021045085643026
MATERIALS,2016Q1,2016-03-31,176,1373636174.5015068,320818199052.7506,23462071415.0,523,698215328806.5997,176,2.5990340559101276e-06,0.4594831792093393,27.27179338612656,26.4941404415471,0.08159639507654903,0.07942047536195451,0.26366988538417613,-0.002011766796283121
MATERIALS,2016Q2,2016-06-30,177,1550678089.0560164,504662205665.905,24983813374.0,529,827893312389.5092,177,3.7358429061442365e-06,0.6095739609362497,27.442150133258703,26.94715514273908,0.18572778086175368,0.5730473120165038,0.06485965932347759,0.3266513085096625
MATERIALS,2016Q3,2016-09-30,178,1564233795.3388038,468393842065.2418,23103002760.0,532,850968491819.0521,178,2.1118270002161924e-06,0.5504244241334848,27.469640939944867,26.87257532184197,0.027872165512416336,-0.07186661333754307,-0.0752811664834685,-0.09703422487390478
MATERIALS,2016Q4,2016-12-30,180,1828580074.2867413,428485794059.0669,23563819837.0,535,825586369732.2335,180,3.2055825998946544e-06,0.5190078346352057,27.43935972200767,26.78352342171605,-0.02982733477306676,-0.0852019057940907,0.019946198413560712,-0.05707702660131264
MATERIALS,2017Q1,2017-03-31,183,1959561233.9645693,1119646470923.144,24269728663.0,547,2339344780475.2544,183,1.925965121798597e-05,0.4786154141398858,28.480891997744592,27.744034100446715,1.833555477949552,1.613030551880561,0.029957317229678537,-0.07782622496192282
MATERIALS,2017Q2,2017-06-30,185,1880007746.5163019,669812808188.8397,21077940273.0,554,1919003547943.2278,185,0.0003678411125167432,0.3490419853088545,28.282827181802443,27.23026411953312,-0.17968331818391958,-0.4017640160678738,-0.13151314686373017,-0.27072556587816166
MATERIALS,2017Q3,2017-09-29,187,1803860146.6804976,763945165040.8372,17261943295.0,559,1279680973781.725,187,0.0003413962124862093,0.5969809512625786,27.877631923561786,27.36176185003164,-0.3331534091464934,0.14053531927305096,-0.18104221420952316,0.7103413812362198
MATERIALS,2017Q4,2017-12-29,200,1688543182.1151903,3371733263224.261,16650106423.0,589,1147098048083.5264,200,0.00042624207054496133,2.93935925430042,27.768256432622497,28.846448049506712,-0.10360623343987718,3.413580211668757,-0.03544426380876953,3.9237069425479207
MATERIALS,2018Q1,2018-03-29,202,1627388554.0105727,727024748932.2972,19235136404.0,602,1085472272335.4058,202,0.00034046563519665306,0.6697773563281311,27.713036282258553,27.312226356449735,-0.053723198161726216,-0.7843765528958032,0.15525606355459143,-0.7721349115974118
MATERIALS,2018Q2,2018-06-29,204,1506133974.9350471,11049134055626.338,16191340010.0,608,1314026157763.2126,204,0.00037485508313504914,8.40861043012615,27.90411694276635,30.033373174814958,0.21055709229317365,14.197741303653016,-0.1582414769550079,11.554336677226635
MATERIALS,2018Q3,2018-09-28,205,1388849167.0588233,2495033132065.51,15448660261.0,610,1119129875197.006,205,0.0005426109140560191,2.2294401993569304,27.74357260214904,28.545323124429235,-0.14831994128485748,-0.7741874503916429,-0.045868948990096636,-0.7348622322459666
MATERIALS,2018Q4,2018-12-31,207,1296821780.6451614,1256934712311.6724,19488182296.0,617,1047378006276.5874,207,0.0006633594859784106,1.2000774360157282,27.67731102017204,27.85969710489793,-0.06411397864594393,-0.49622524199864204,0.2614804110358835,-0.4617135564515774
MATERIALS,2019Q1,2019-03-29,206,1336210352.888671,1353262649407.2422,18563305835.0,617,1274024776069.1804,206,0.0010728033138346534,1.0621949233848802,27.873202120353454,27.933539570008772,0.21639443298825678,0.07663718421652121,-0.047458323560008675,-0.11489467970385281
MATERIALS,2019Q2,2019-06-28,209,1401499276.0492852,1620678327955.0835,18315133264.0,621,1458039139292.2817,209,0.0025521256178640543,1.1115465177030468,28.008113593662443,28.11386589849423,0.14443546678177732,0.19760811300376546,-0.01336898574024925,0.04646190000692019
MATERIALS,2019Q3,2019-09-30,209,1346950918.9254677,1208283886783.3535,20927040312.0,622,1273367616737.3623,209,0.0032646653557999537,0.9488884992059347,27.872686173655765,27.820222193447865,-0.12665745217550006,-0.2544579229933155,0.1426092297746986,-0.14633487299590164
MATERIALS,2019Q4,2019-12-31,209,1576227322.2876923,555871207110.3915,17836007525.0,625,1311165708008.0327,209,0.00457122782978745,0.42395191066649374,27.901937710897997,27.04380246247788,0.029683565667797618,-0.5399498303414355,-0.1477052053666441,-0.5532120886476414
MATERIALS,2020Q1,2020-03-31,209,905002296.6318328,618077606001.2722,25826998665.0,625,879747377277.3584,209,0.006011191993965278,0.7025626014528152,27.50290063193009,27.149879862575546,-0.3290341778279876,0.11190793495898244,0.44802577756257134,0.6571752214733939
MATERIALS,2020Q2,2020-06-30,209,1421048053.397015,573045311314.2192,24819301582.0,626,1168037892945.0774,209,0.008088510447309495,0.49060506921513425,27.786346442398298,27.074230627873654,0.32769693108937736,-0.07285864145506715,-0.039017196541911825,-0.3016920226032217
MATERIALS,2020Q3,2020-09-30,212,1406749663.6988816,526217855246.2223,26556607575.0,634,1296567578118.7336,212,0.005335293428381715,0.40585455330430426,27.890741564067508,26.98898113741177,0.1100389687269332,-0.08171684706852078,0.06999818215110332,-0.17274692258360302
MATERIALS,2020Q4,2020-12-31,215,1891413648.0202532,589212940180.3606,24276194159.0,645,1518318360155.5173,215,0.004871851644576493,0.3880694297340968,28.048624496335712,27.102053483583877,0.17102909696271662,0.11971293696346041,-0.08586990674768069,-0.043821421801007676
MATERIALS,2021Q1,2021-03-31,220,2016727183.3891811,1336289869211.5159,34802900358.0,653,1656525204991.8357,219,0.0043530318527585385,0.8066824852315494,28.135743274382154,27.920918135482296,0.09102626199037878,1.2679234926552563,0.43362259051208807,1.0787066009922093
MATERIALS,2021Q2,2021-06-30,223,2063700797.9511447,739029417656.9631,25079034336.0,666,1756733981610.6223,222,0.0005719932767897618,0.42068373777309215,28.19447750878197,27.328603564487928,0.0604933606303204,-0.44695426143353845,-0.2793981513602447,-0.4785014606430441
MATERIALS,2021Q3,2021-09-30,225,1670590805.4283292,642708821294.3123,22527714827.0,673,1608961717579.0989,223,0.0030708239682974395,0.39945563295399894,28.1066101909765,27.18895761459948,-0.08411761005274221,-0.13033391372704495,-0.1017311701406971,-0.050460958941424994
MATERIALS,2021Q4,2021-12-31,233,1840897752.9761903,830520766786.55,23657674726.0,692,1792488535501.2617,231,0.006028349464177216,0.4633339351062005,28.21462601358454,27.44531877084975,0.11406537266673067,0.29221933676593204,0.05015865602336711,0.15991338432210256
MATERIALS,2022Q1,2022-03-31,233,1832074642.3037088,964581506519.0848,31806340862.0,699,1933042328712.1006,231,0.0048737791836858425,0.4989965776702584,28.290116213851924,27.59496017222259,0.07841265951055787,0.1614176852569773,0.3444407039312507,0.07696963218522646
MATERIALS,2022Q2,2022-06-30,236,1363206780.7881773,774939505203.5338,27929625698.0,705,1541494332072.3623,234,0.0051009814694536765,0.5027196591515951,28.06377340737475,27.376050805452486,-0.20255531439945718,-0.19660547090511615,-0.12188497824443645,0.007461136304219185
MATERIALS,2022Q3,2022-09-30,237,1231215277.1084337,612951308860.2122,24879398457.0,711,1444799114967.1555,235,0.005540487175056541,0.4242467361105397,27.998991407044684,27.141551338832574,-0.062728233956729,-0.20903334422314201,-0.10921117504336708,-0.15609678597707655
MATERIALS,2022Q4,2022-12-30,238,1290265490.1687605,687452686836.6846,23586993939.0,712,1673972447083.642,236,0.006887998242036702,0.4106714468534709,28.14622062853161,27.256258844973804,0.15861951308137145,0.12154534446628129,-0.05194677516957302,-0.03199857088242086
MATERIALS,2023Q1,2023-03-31,238,1393286848.97038,695187698131.7229,21535339503.0,714,1775489942971.72,236,0.022022259496803257,0.3915469647595722,28.205097524977674,27.267447715304783,0.06064466357552023,0.011251699852437902,-0.08698244639846553,-0.04656881368409915
MATERIALS,2023Q2,2023-06-30,240,1343947269.3351636,584025310961.8551,19907435481.0,719,1765208739048.9446,238,0.02672294065326013,0.33085339883175235,28.199290065071075,27.093210159525277,-0.0057906292082777755,-0.15990269601808305,-0.07559221538036232,-0.15500967033440927
MATERIALS,2023Q3,2023-09-29,245,1144324207.5046291,564175669221.8171,18643129801.0,732,1701189367691.961,242,0.028324794063500126,0.33163601885617594,28.1623487504192,27.058631510200904,-0.03626730932199884,-0.033987639520874136,-0.06350921901551188,0.002365458620606775
MATERIALS,2023Q4,2023-12-29,249,1232387130.5935278,626227567283.2012,21369644625.0,741,1922372162175.307,246,0.030022446500197496,0.3257577172645791,28.284581040497752,27.162979668000037,0.13001656293175,0.1099868382253597,0.14624769838022322,-0.017725160288292297
MATERIALS,2024Q1,2024-03-28,251,1214113657.1324744,693465482944.0183,22724396141.0,751,1997272982847.982,248,0.029175414166132178,0.34720616004887894,28.32280385748881,27.264967303213187,0.038962705633397876,0.10736977925216418,0.06339607137945102,0.06584170273663692
MATERIALS,2024Q2,2024-06-28,251,1225060747.8946948,720624141590.6693,25526081948.0,753,1912060059393.8047,248,0.027168416067725604,0.3768836329435878,28.27920234188126,27.30338353676926,-0.04266463532324416,0.039163677666193886,0.12328978027033766,0.08547507593336157
MATERIALS,2024Q3,2024-09-30,255,1218645026.8437657,710784879211.1201,26012468933.0,761,2100576363079.5713,252,0.028402110568850315,0.33837611986124927,28.37323288161037,27.28963566008578,0.09859329614653078,-0.013653806210031316,0.019054510049401063,-0.10217348198854348
MATERIALS,2024Q4,2024-12-31,256,1228780576.5765765,746992279271.2034,30957088438.0,766,1816376374141.2708,253,0.024072252059795598,0.41125412657074406,28.227864629116485,27.3393206863795,-0.1352961948603698,0.050940025764572905,0.19008651265421195,0.2153757385106796
MATERIALS,2025Q1,2025-03-31,261,1160882926.1753535,842148330850.4813,38987941028.0,775,1932039924720.7954,258,0.0265970630846297,0.43588557362352776,28.289597516474714,27.45922200058027,0.06367818488841936,0.12738558914171927,0.2594188599513798,0.059893495192799184
MATERIALS,2025Q2,2025-06-30,262,1276617007.558209,973866096136.1545,51511930381.0,785,2038455433067.6028,259,0.025236586481626706,0.4777470629665012,28.34321349635579,27.60453965283933,0.055079352649602065,0.15640684717934672,0.3212272570127681,0.0960377949537945
MATERIALS,2025Q3,2025-09-12,267,1452165000.0,862090897185.4432,36998398268.0,799,2345691387500.0,263,0.02694316009984219,0.36752102249232615,28.483601309126364,27.48262655122294,0.15071997623712985,-0.11477471019289309,-0.2817508877196586,-0.23072049839457398
REAL ESTATE,2002Q2,2002-06-28,92,789991556.9386331,10763616595.4951,1245664127.0,275,121174690678.39989,92,1.3625348243738018e-07,0.08882726694192238,25.520499065989632,23.099437450121986,,,,
REAL ESTATE,2002Q3,2002-09-30,92,652884321.4590228,10425637135.3278,1267308151.0,276,108613987427.67429,92,1.4655224320644123e-07,0.09598797891726607,25.411066033829098,23.06753371895827,-0.10365781154797382,-0.03140017643407644,0.017375489532741373,0.08061389505573291
REAL ESTATE,2002Q4,2002-12-31,92,623150980.4695077,9901053254.1034,1356207163.0,276,109993680760.06404,92,6.29705609679551e-08,0.09001474617165665,25.42368875345287,23.015906977832387,0.012702722412327283,-0.05031672159841649,0.07014790517196001,-0.06222896672048761
REAL ESTATE,2003Q1,2003-03-31,92,631528081.3300124,9542193464.0722,1164259429.0,276,111788257789.63512,92,1.0559357657320235e-07,0.08535953285924582,25.43987236343626,22.978989218941916,0.016315273906377437,-0.036244607600961265,-0.141532753429352,-0.05171611886271854
REAL ESTATE,2003Q2,2003-06-30,92,745916994.9872572,14082576081.820002,1332813843.0,276,129073553565.61057,92,1.0789346178743002e-07,0.10910504664041466,25.583648261494854,23.368204131368646,0.1546253257520409,0.475821689723964,0.14477393079373546,0.27818233049991226
REAL ESTATE,2003Q3,2003-09-30,94,846047682.4103582,29355811226.8252,1332788691.0,278,359696193258.48584,94,2.8307511391527434e-07,0.08161279373265273,26.608525604490755,24.102756361162484,1.7867536247512188,1.0845483849167543,-1.8871352613913928e-05,-0.25197966321732235
REAL ESTATE,2003Q4,2003-12-31,94,944262189.9391772,35301064171.473,1223818456.0,282,388072920585.37823,94,4.0266682805602226e-07,0.09096502821743926,26.68445909856428,24.287178946960246,0.07889081913774998,0.20252388526109133,-0.08176107415665335,0.11459275019334081
REAL ESTATE,2004Q1,2004-03-31,94,1092810841.0689085,33812894362.6129,1491107518.0,282,429048156915.00836,94,1.4789963618626275e-07,0.0788090889510825,26.78483500345557,24.244108056734277,0.10558643532205791,-0.0421565140821647,0.21840581067360532,-0.13363310609105372
REAL ESTATE,2004Q2,2004-06-30,95,1038456993.0786515,51873451886.7305,1783632809.0,284,379633355074.81586,95,1.8198470188798638e-07,0.13664092259887858,26.662471768828294,24.67207297192387,-0.11517308964919115,0.5341322552998378,0.19617987802271952,0.7338218778762029
REAL ESTATE,2004Q3,2004-09-30,98,1115578725.2462864,36071283388.486,1395238883.0,290,428876197706.77515,98,2.2313412742106628e-10,0.08410651740842964,26.784434130792125,24.30876291175248,0.1297115808547824,-0.3046292067231172,-0.2177544189814239,-0.38447050994136134
REAL ESTATE,2004Q4,2004-12-31,101,1276537028.63666,42137755306.8949,1572782381.0,300,502418350416.8441,101,2.542862420812227e-10,0.08386985720552254,26.942698976944595,24.464209976411876,0.1714764146467045,0.1681800964238862,0.12724953422904295,-0.0028138152690101448
REAL ESTATE,2005Q1,2005-03-31,103,1188549991.2755907,76101271702.7254,1711634390.0,309,480284190677.0321,103,2.105336348852934e-10,0.15845050322278842,26.897643829558145,25.055330812630082,-0.04405523747579654,0.8060115245453794,0.08828431108931656,0.8892425539071385
REAL ESTATE,2005Q2,2005-06-30,104,1323486233.7635992,94847740378.4561,1881759059.0,310,530142806741.9247,104,2.7153755621392445e-10,0.17890979406352353,26.996412253881218,25.275538709948837,0.10381065425994862,0.24633581353226375,0.0993931122171483,0.12912102154682614
REAL ESTATE,2005Q3,2005-09-30,106,1351399251.9642081,82627268625.76399,2007791790.0,317,545078874847.4395,106,2.867058891077472e-10,0.15158772874639526,27.02419634562879,25.137605591646185,0.028173669274712543,-0.1288430457481714,0.06697601927155117,-0.15271419577749512
REAL ESTATE,2005Q4,2005-12-30,106,1308646247.3252954,79774333217.6469,2118334899.0,318,549533606316.8983,106,3.473764007479165e-10,0.14516734245301754,27.03233576691255,25.102467650801227,0.00817263642937105,-0.03452777098367643,0.05505705798308891,-0.042354261433120044
REAL ESTATE,2006Q1,2006-03-31,107,1452812563.235732,173076445318.4706,2182124133.0,319,650863169068.5452,107,2.806387256358429e-10,0.2659183274514696,27.201565271300254,25.876999214303137,0.18439193087895211,1.1695755807355885,0.030112912755255516,0.8318054388681277
REAL ESTATE,2006Q2,2006-06-30,107,1470851229.260546,206249934885.18802,2684063542.0,321,655583314974.0339,107,4.6467162383810526e-10,0.3146052228210797,27.20879123348313,26.05235454645782,0.0072521324447407665,0.19166957991121358,0.2300233068363211,0.18308965702446955
REAL ESTATE,2006Q3,2006-09-29,107,1552676006.8314605,174041168684.1541,2369727700.0,321,670270533502.0994,107,5.069615217035638e-10,0.25965809324006184,27.23094724918009,25.882557709814005,0.02240328298874905,-0.15616376421628142,-0.11711192268040571,-0.17465421930476677
REAL ESTATE,2006Q4,2006-12-29,108,1814894900.036601,165517626122.3901,2716127694.0,323,726673310376.716,108,6.945059355055531e-10,0.22777446723147687,27.311742846739893,25.832343528348698,0.08414927116058268,-0.048974289394897896,0.14617712997151533,-0.12279080390191255
REAL ESTATE,2007Q1,2007-03-30,108,1770379254.5617976,236957854202.7783,3862089351.0,324,725698092013.0299,108,6.914347839233577e-10,0.3265240143397314,27.31039991405939,26.191148131904043,-0.0013420313499342695,0.4316170413630904,0.42191008159574395,0.43354089818987407
REAL ESTATE,2007Q2,2007-06-29,108,1709725425.0087247,478305616219.32904,3900377092.0,324,702129877488.004,108,4.348688176501347e-10,0.6812209985003821,27.277384234526533,26.893515729609156,-0.03247661084466891,1.0185261122849965,0.009913737751843232,1.0862814634871136
REAL ESTATE,2007Q3,2007-09-28,108,1682380471.096149,389571572011.5458,4873408559.0,324,665435480354.872,108,4.2340639693617396e-10,0.5854385338812864,27.223707520953038,26.688313438938973,-0.05226155204278282,-0.18551746247339462,0.2494711265215277,-0.14060409886064595
REAL ESTATE,2007Q4,2007-12-31,109,1601091987.7844312,398708826032.8768,4989419979.0,325,558643332160.5844,109,7.426498588672508e-10,0.713709093225633,27.048777060239036,26.71149722811874,-0.16048460195921044,0.023454622148507687,0.023804985483056873,0.21910166810160292
REAL ESTATE,2008Q1,2008-03-31,112,1468819484.641059,374774228907.1545,7079920987.0,336,514004520777.6216,112,8.257623728867319e-10,0.7291263281890402,26.9654978976501,26.649589625363262,-0.07990574452991261,-0.060030266608015026,0.4189867793849229,0.021601567234807773
REAL ESTATE,2008Q2,2008-06-30,113,1504384176.4942966,284233032976.143,5165824832.0,337,473913081673.3234,113,9.843525970292026e-10,0.5997577276671797,26.88428976982958,26.37306027730173,-0.07799822274645574,-0.24158863909887973,-0.27035558144146277,-0.17742961064535745
REAL ESTATE,2008Q3,2008-09-30,114,1578848284.7365155,332440369553.22894,7828686101.0,342,473320405554.8811,114,1.3576931014754127e-09,0.702357991862835,26.883038386292625,26.529726341272507,-0.0012506008830768245,0.1696049754397555,0.5154764932222928,0.1710695160106226
REAL ESTATE,2008Q4,2008-12-31,114,974776095.0448774,239057157292.6948,12620883083.0,342,257569028981.89175,114,2.089108409743252e-09,0.928128503017735,26.27455359484095,26.19996851214214,-0.4558252170008613,-0.2809021431002291,0.6121329837695073,0.3214464899247438
REAL ESTATE,2009Q1,2009-03-31,114,706960701.4163465,162826263714.4207,14011124513.0,342,219912785692.48853,114,2.91474588408195e-09,0.7404129014222308,26.116496876029647,25.815949602536662,-0.14619864600277943,-0.31888145262657486,0.11015405347289997,-0.2022517366778006
REAL ESTATE,2009Q2,2009-06-30,114,879915464.8570025,262449339920.2277,14885766412.0,342,305368254264.02106,114,1.9577556499868213e-09,0.8594519445145542,26.44478427627303,26.2933239095767,0.38858799547484146,0.6118366529648736,0.06242481809282885,0.1607738639665326
REAL ESTATE,2009Q3,2009-09-30,119,1182185365.5866902,195879915247.8108,10278694606.0,351,388114023625.5995,119,3.976576900353949e-09,0.5046968244486046,26.6845650087205,26.000767631111508,0.2709704371890489,-0.2536467597619064,-0.3094951028041162,-0.41276900044286535
REAL ESTATE,2009Q4,2009-12-31,121,1241277517.5461538,213770978183.662,8552545991.0,362,457672218674.10486,121,5.228047225916171e-09,0.4670831426101529,26.849419085088726,26.088171083501493,0.17922102994043265,0.09133689338805828,-0.1679346143811289,-0.07452728056996549
REAL ESTATE,2010Q1,2010-03-31,124,1328264703.0244162,225256883195.6264,7660001370.0,368,576671651898.1788,124,5.385529461041633e-09,0.390615495757713,27.080538880642894,26.140507290999608,0.26001017402546345,0.05372995487767418,-0.10436010773157389,-0.16371313771917262
REAL ESTATE,2010Q2,2010-06-30,125,1188134789.0590847,350165167730.6195,10305569977.0,374,570218503798.3654,125,6.61328277939343e-09,0.6140894506195141,27.069285464316135,26.581670787921027,-0.011190333491463034,0.5545148399594757,0.34537443000483425,0.5721072443076229
REAL ESTATE,2010Q3,2010-09-30,127,1320949731.900685,263454797776.89832,8372436733.0,379,681327453096.6562,127,1.0384170988874835e-08,0.38667867642715315,27.247308869080292,26.297147644777308,0.19485328616691122,-0.2476270570133552,-0.18758139999188517,-0.3703219033691938
REAL ESTATE,2010Q4,2010-12-31,129,1392987848.9757414,268134429463.97562,7915499892.0,384,725561564363.5261,129,7.643693806188805e-09,0.36955434608665816,27.310211763511266,26.314754294178048,0.06492342421522035,0.017762560130106797,-0.05457632653095856,-0.04428568572418046
REAL ESTATE,2011Q1,2011-03-31,132,1384241965.089848,289322853586.7405,8757781873.0,391,808263762604.2819,132,1.2171312336189353e-08,0.3579559878504539,27.418154281064616,26.39080904196381,0.11398370903688004,0.07902164658646194,0.10640919619634803,-0.03138471610203852
REAL ESTATE,2011Q2,2011-06-30,134,1371246886.5408392,345996723763.5214,8628420370.0,399,874444135956.667,134,2.7669612223006677e-08,0.3956761896344483,27.49685424824013,26.56969514307064,0.08187967395587226,0.19588452648725796,-0.014771035049276349,0.10537664703000593
REAL ESTATE,2011Q3,2011-09-30,135,1169880047.368421,458608014883.9577,12479127662.0,405,619956453308.1027,135,3.9985462852928e-08,0.7397423035711851,27.152915075919008,26.851461684070873,-0.291027948137759,0.32546924114056863,0.4462818368688266,0.8695648688252071
REAL ESTATE,2011Q4,2011-12-30,135,1283441090.630473,327640289350.6694,9547260793.0,405,712281819410.1598,135,4.129913255079707e-08,0.4599868765736407,27.291739483823093,26.515182164732444,0.1489223406086133,-0.2855766172477978,-0.23494165204574213,-0.37817957097626453
REAL ESTATE,2012Q1,2012-03-30,135,1413923598.949212,330367470889.8871,8978209857.0,405,803609550957.0844,135,3.6892441668023455e-08,0.411104460488835,27.412379355029458,26.523471420026272,0.1282185352176377,0.008323706295775057,-0.0596035814185808,-0.10626915369612722
REAL ESTATE,2012Q2,2012-06-29,136,1389951418.5374393,331813646651.8533,8118426145.0,407,807922651385.4144,136,5.4930236861960995e-08,0.4106997694431068,27.417732162401844,26.52783934300964,0.005367159241939312,0.0043774762632371456,-0.09576337885771924,-0.0009843995495620872
REAL ESTATE,2012Q3,2012-09-28,137,1489529438.9937105,287461918383.1062,8617185635.0,411,827180266616.9349,137,7.932555226974108e-08,0.3475202806261203,27.44128848477886,26.384356230616095,0.023835963997912213,-0.13366456960488415,0.061435490215942634,-0.15383375769276786
REAL ESTATE,2012Q4,2012-12-31,139,1666437773.9958963,6821312166134.614,8907823777.0,414,67496012859910.055,139,7.790013281337762e-06,0.10106244616689354,31.843089643320333,29.551072969004096,80.59770679245095,22.72944633676213,0.03372773366045756,-0.7091897889101282
REAL ESTATE,2013Q1,2013-03-28,142,1812878907.5591698,16866986106676.934,9089231673.0,421,67029031517041.77,142,5.487669825933048e-06,0.2516370254042622,31.836146947693987,30.456379342505617,-0.006918650792566261,1.4726893735219324,0.020365007272415525,1.4899162344508392
REAL ESTATE,2013Q2,2013-06-28,145,1654594918.9822292,12571833255711.11,10692256315.0,431,62120282770025.15,145,5.133937032633249e-06,0.20237888005521742,31.760093666195214,30.16247997162861,-0.07323317428163345,-0.2546485082634623,0.17636525282569937,-0.19575078536201151
REAL ESTATE,2013Q3,2013-09-30,148,1660159401.4004173,26450473317809.58,9066316106.0,439,50490020256403.15,148,3.4976334650700445e-06,0.5238752764107899,31.55279681399563,30.906295168886,-0.18722166086523262,1.1039471952743014,-0.15206708117527956,1.5885866957453998
REAL ESTATE,2013Q4,2013-12-31,158,1725806625.7229877,35049806352966.586,9484518077.0,463,51768767227030.31,158,3.673656702085909e-06,0.6770454123285716,31.577808134061836,31.187791204514216,0.02532672722516871,0.32511074307947907,0.046127000880019864,0.29237901236185726
REAL ESTATE,2014Q1,2014-03-31,161,1841753194.4036698,34347437765038.02,8834747261.0,477,56951786814765.8,161,5.0656932468787364e-06,0.6030967540448233,31.67322618047908,31.167548539821745,0.10011865967380507,-0.020039157445134292,-0.06850857478733652,-0.10922259709199666
REAL ESTATE,2014Q2,2014-06-30,165,1859548349.5114007,30915887742989.406,8464536352.0,491,60391874348901.18,165,2.1903627965153178e-05,0.5119213151818978,31.73187568117193,31.062291334133796,0.06040350490361579,-0.09990701622412024,-0.04190396149013276,-0.15117879221109065
REAL ESTATE,2014Q3,2014-09-30,166,1708772006.4951806,42718695607506.625,8028248368.0,498,59077277470753.28,166,2.4047046449916066e-05,0.7230985826768149,31.709867490450588,31.385657776582207,-0.021767777409144373,0.38177159791226334,-0.05154304569758439,0.4125189970257068
REAL ESTATE,2014Q4,2014-12-31,167,2011703388.263473,22699209580281.816,8928381830.0,499,52732953427750.234,167,3.8629682956419756e-05,0.4304558744539532,31.596261678290233,30.753351219557807,-0.10739025755111786,-0.4686352366926424,0.11212077912136653,-0.40470651614270525
REAL ESTATE,2015Q1,2015-03-31,171,1951444357.8243773,36428041611257.24,9131144435.0,506,31977420189909.656,171,2.3117259170860387e-05,1.1391801275686386,31.096051150596647,31.22635996792122,-0.39359701834788885,0.6048154224233997,0.022709894005507714,1.646450414955364
REAL ESTATE,2015Q2,2015-06-30,176,1808916350.155194,28420648076909.96,9134409912.0,522,29026814059478.742,176,2.2147578074383897e-05,0.9791170336046289,30.999241141455375,30.978137041888207,-0.09227155014093247,-0.2198139998794989,0.00035761968537961764,-0.14050727368781768
REAL ESTATE,2015Q3,2015-09-30,179,1801802130.1842227,62964980542546.3,9667331787.0,536,27848704532505.336,179,2.498977361702385e-05,2.260966231626783,30.957807565331446,31.773599823366176,-0.0405869388407335,1.2154660362478324,0.05834223339374045,1.3091889468034417
REAL ESTATE,2015Q4,2015-12-31,180,1841000007.646824,36384792596670.06,9130358491.0,538,29107707551504.24,180,6.435519640937225e-05,1.2500054335192659,31.002024119348494,31.225172017468697,0.045208674519469305,-0.42214239910573204,-0.055545139841180036,-0.4471366197186072
REAL ESTATE,2016Q1,2016-03-31,181,1861346848.2517939,110941081840734.98,10559194009.0,543,20123990691405.383,181,7.490946559018972e-05,5.512876821599607,30.632933785995665,32.340020382092156,-0.30863704550427884,2.049105791821617,0.15649281672876647,3.4102822865966687
REAL ESTATE,2016Q2,2016-06-30,181,2021880695.1212432,71153326781929.67,9852999208.0,543,25302541263192.9,181,0.0001141769330310136,2.812101995677209,30.861925951803233,31.895858196671824,0.2573321887889357,-0.3586386070754556,-0.0668796122505263,-0.4899029877360376
REAL ESTATE,2016Q3,2016-09-30,183,2077275954.3184075,127030281437031.06,9505993199.0,547,29443565654188.332,183,7.306935277737028e-05,4.314364738598196,31.013496518426347,32.47544661047773,0.16366041449833735,0.7853034732494346,-0.0352183128887551,0.5342134621113603
REAL ESTATE,2016Q4,2016-12-30,183,2182198720.80597,102094527742862.89,10238271019.0,549,29648093507974.625,183,0.00011511746820630981,3.4435444463031635,31.020418939405282,32.25692024262914,0.006946436317817328,-0.19629771273496577,0.07703327834034557,-0.20184206599509147
REAL ESTATE,2017Q1,2017-03-31,189,2253492130.3346996,316006049227643.3,9732117879.0,560,30961442980488.387,189,0.0002549032523921602,10.20643803413127,31.063763771460874,33.38678247245769,0.04429794017482114,2.095230040375345,-0.04943736486958494,1.9639338749027764
REAL ESTATE,2017Q2,2017-06-30,191,2176661741.3159165,59545774907689.74,10817006413.0,569,23986134898359.098,191,0.00459774373812159,2.4825081306352237,30.80849706676792,31.717766458880114,-0.22529014834757743,-0.811567610641547,0.11147507125257672,-0.7567703715700338
REAL ESTATE,2017Q3,2017-09-29,196,2178246625.0945582,38883016642202.25,9689110009.0,586,27795719891139.215,196,0.007415405627325607,1.398885036778539,30.955903164021578,31.291578681044985,0.15882446292089902,-0.34700628713825177,-0.10427066056321099,-0.43650334131208157
REAL ESTATE,2017Q4,2017-12-29,197,2156375901.633987,53365139902855.94,9910194742.0,590,25005430286251.285,197,0.009291591418786322,2.1341420360279764,30.850114128659808,31.60817883791302,-0.10038558511223972,0.37245369601635536,0.022817857656135532,0.5256021616634374
REAL ESTATE,2018Q1,2018-03-29,201,1950353516.828458,71607646764181.28,11892586420.0,599,9948695492361.367,201,0.0031204748536757345,7.197692081254453,29.92846255220853,31.90222298257504,-0.6021386003570812,0.3418431375713318,0.20003559260026504,2.3726396649075228
REAL ESTATE,2018Q2,2018-06-29,202,2130636893.88352,21124587223409.203,11111072381.0,606,11263107445262.441,202,0.003213051013337326,1.875555864673453,30.052553672614987,30.681458749260656,0.13211902544512322,-0.7049953716119619,-0.06571438805655527,-0.73942260331501
REAL ESTATE,2018Q3,2018-09-28,204,2158386527.6304073,16686204798704.814,10209234096.0,610,11686716724875.09,204,0.005666312896241771,1.4277923553317888,30.089473990105027,30.445603434017983,0.03761033814791759,-0.21010504857515022,-0.08116572857019178,-0.23873642890377078
REAL ESTATE,2018Q4,2018-12-31,205,1765418558.037736,5586242210325.84,12709557237.0,613,3461240129087.7334,205,0.0021921851128437345,1.6139424027185845,28.872648059592986,29.351327942756196,-0.7038312632562994,-0.6652179283596324,0.24490800362581866,0.13037613396069636
REAL ESTATE,2019Q1,2019-03-29,205,2122221880.6129665,8657045112808.575,12109374662.0,615,5121252740036.793,205,0.004312394086595013,1.6904155198453221,29.264420200840163,29.78939456928521,0.4796005330570876,0.5497081556554309,-0.04722293340422212,0.04738280436645281
REAL ESTATE,2019Q2,2019-06-28,206,2025282484.6257646,4581406008353.446,11955248794.0,616,4733524281814.589,206,0.00828547619665707,0.967863633013238,29.185691132282404,29.153027055666925,-0.07570969016839002,-0.47078871039091574,-0.01272781397074585,-0.4274404005106388
REAL ESTATE,2019Q3,2019-09-30,206,2026634133.0655553,3112841784236.7925,11652205661.0,618,5230552848494.62,206,0.013410113820793946,0.5951267245359512,29.285538095587913,28.766557181887556,0.10500179931251896,-0.3205488056371705,-0.025348124344521272,-0.3851130425438649
REAL ESTATE,2019Q4,2019-12-31,207,2092500833.2195122,3862370138183.24,11564448706.0,619,5411921334544.366,207,0.018868038773431742,0.7136781744275698,29.319625290755315,28.982302136405135,0.034674821439180104,0.24078588180806548,-0.007531359946187921,0.19920370738527815
REAL ESTATE,2020Q1,2020-03-31,209,1183684374.6240847,3518767629399.0596,19741992896.0,625,3372506157234.155,208,0.023043867518769703,1.0433687783938268,28.846677250744715,28.889131938953316,-0.3768375501492598,-0.08896156931914412,0.7071278880555052,0.4619597681135432
REAL ESTATE,2020Q2,2020-06-30,209,1386779190.600864,5311644651811.198,26862295838.0,627,5236088234371.361,208,0.03625922980971178,1.0144299358715654,29.286595815318435,29.300922630498405,0.5525807782855345,0.5095184482864896,0.36066789100317576,-0.02773596749445595
REAL ESTATE,2020Q3,2020-09-30,216,1290840270.3849373,7553441261092.793,15555799188.0,640,8327654763490.545,215,0.03426777167908949,0.9070310280161951,29.75060299146966,29.653024371517322,0.5904343835967374,0.42205319750017023,-0.42090581974775143,-0.1058711933250438
REAL ESTATE,2020Q4,2020-12-31,220,1687434702.0061572,8057316320663.781,16577082653.0,653,7825515422118.826,219,0.025109852570710727,1.0296211669188933,29.688410718826905,29.717601654306023,-0.06029780960339026,0.06670801322920328,0.06565290877422969,0.13515539724238557
REAL ESTATE,2021Q1,2021-03-31,224,1837150608.3357968,52757278256000.47,17665490865.0,669,10235657740592.145,223,0.026897353595625912,5.154263613834786,29.956898596835508,31.596722855183945,0.3079851215500833,5.547748177727518,0.06565740394634689,4.005980626115862
REAL ESTATE,2021Q2,2021-06-30,227,2059122419.8564425,27847937120380.613,19260269338.0,680,13461867061620.896,226,0.004383189220957083,2.0686534039378293,30.230882142384438,30.957780008476995,0.31519316127916097,-0.47214985228671713,0.09027648793839504,-0.5986519978556655
REAL ESTATE,2021Q3,2021-09-30,229,1902113001.007588,165410821211406.9,16493447290.0,686,8431002956069.738,228,0.016091200723682055,19.619352771347632,29.76293685548814,32.739453320872656,-0.37371221113109176,4.939787227196459,-0.14365437987625296,8.484117897179294
REAL ESTATE,2021Q4,2021-12-31,237,1915507684.3658538,5980630717271.859,16228666178.0,699,6293432913736.193,235,0.02116555402277502,0.9502970476126623,29.47052781100984,29.419547149445265,-0.25353686310768553,-0.963843775918214,-0.016053715596528906,-0.9515632825054
REAL ESTATE,2022Q1,2022-03-31,242,1828972849.144737,3497367992707.3223,19852055939.0,724,7029940344406.796,239,0.017724586991300192,0.49749611253670445,29.581199335855487,28.883031799445178,0.11702793066453188,-0.4152175317216892,0.22327095284712684,-0.4764835755445995
REAL ESTATE,2022Q2,2022-06-30,243,1457884943.9976861,5186723468305.013,22198370349.0,728,7338336303652.933,240,0.02428339613239369,0.7067982787492482,29.624133271235678,29.2771232974236,0.043868929768586806,0.4830362372848147,0.11818999589813717,0.42071115921956426
REAL ESTATE,2022Q3,2022-09-30,242,1285916745.7627118,7552781623852.154,18898005374.0,726,4281016963501.264,239,0.016416759490482834,1.7642494034116256,29.085211705592563,29.65293703833734,-0.41662295289325635,0.45617588252113883,-0.14867600292778593,1.4961144593244415
REAL ESTATE,2022Q4,2022-12-30,245,1286304652.1598687,1521624168266.6492,19555183443.0,735,4555382376979.356,241,0.018744314375725782,0.3340277593284338,29.147330589764646,28.050799412068052,0.064088840529541,-0.7985346003568718,0.03477499640804149,-0.8106686284362596
REAL ESTATE,2023Q1,2023-03-31,245,1229687834.9673202,1864821329740.6504,19305492934.0,735,4280244310702.1357,241,0.05308993795945123,0.4356810486443338,29.085031205832895,28.254186362687943,-0.06039845692595025,0.22554660252600534,-0.01276850763010251,0.30432587255704435
REAL ESTATE,2023Q2,2023-06-30,247,1254722784.0383081,3172432057530.999,19175614579.0,741,2779797124402.353,243,0.042082475539708696,1.1412458951345454,28.65339906413447,28.785519620240063,-0.35055176232537244,0.7011989336116207,-0.0067275337358138065,1.6194526906452524
REAL ESTATE,2023Q3,2023-09-29,248,1220410086.0791583,11333695173475.045,17526338797.0,744,2002466168437.0083,244,0.03334105121821732,5.659868492220956,28.32540062108304,30.058801278438356,-0.2796358587256501,2.5725572582618814,-0.08600901813108974,3.9593768672908958
REAL ESTATE,2023Q4,2023-12-29,252,1343759985.7491271,17572443014500.533,20162938200.0,753,1518928345184.8062,248,0.02372170481773018,11.568974316798673,28.0490261660693,30.4973530531118,-0.2414711573527455,0.5504601760974144,0.15043640508942513,1.0440358875297755
REAL ESTATE,2024Q1,2024-03-28,254,1225701037.2653081,1137106422981.1604,19203614644.0,759,1470801172468.6802,250,0.02148491154254633,0.7731204218939894,28.01682838353712,27.759507926125167,-0.031684952663300514,-0.935290362185677,-0.04757855955735657,-0.9331729502786272
REAL ESTATE,2024Q2,2024-06-28,256,1154177530.320456,1149057616131.542,17875218917.0,766,1438192004000.7334,252,0.020435236099411936,0.7989598140826237,27.994407887872423,27.76996325812678,-0.02217102425422579,0.010510179969829947,-0.0691742545154147,0.03342220882657965
REAL ESTATE,2024Q3,2024-09-30,258,1269046543.5021253,1178581431046.737,19549299064.0,773,1675176815595.5088,254,0.022650239227278168,0.7035564365948815,28.146939837183908,27.795332654133407,0.164779675408802,0.025693937797993893,0.09365368641208005,-0.11940948193656731
REAL ESTATE,2024Q4,2024-12-31,261,1190481232.92365,765819955972.193,21367040777.0,782,1543126377225.384,257,0.020450897535071965,0.4962781838705747,28.064831589536592,27.364212934638314,-0.07882776142838521,-0.35021888534927703,0.09298244950108558,-0.29461496184656577
REAL ESTATE,2025Q1,2025-03-31,262,1160815141.821942,681879553215.5938,21455302644.0,784,1584451898020.3232,258,0.02181205809828067,0.43035673980861205,28.091259657787813,27.248118871006,0.026780386496434883,-0.10960853409733706,0.004130748282888508,-0.13283163798945963
REAL ESTATE,2025Q2,2025-06-30,266,1117762687.4801092,732331741828.9622,27670123954.0,793,1570297125529.8352,260,0.019440669914792916,0.4663650782534965,28.082285969312707,27.319499447465233,-0.008933545100468843,0.0739898833678867,0.28966365159794116,0.08367090628323393
REAL ESTATE,2025Q3,2025-09-12,269,1262967000.0,642705628428.3955,38464617686.0,805,1641322795126.0,261,0.01885261764623344,0.39157783608254626,28.126523615045787,27.188952646760637,0.045230719996510294,-0.12238458103253846,0.3901136745879863,-0.16036201177631704
TECHNOLOGY,2002Q2,2002-06-28,235,549950527.0588236,3058501439827.1553,37866085280.0,703,3976070545561.6113,235,4.470846636508348e-06,0.7692271565053805,29.01131514741296,28.748946186391763,,,,
TECHNOLOGY,2002Q3,2002-09-30,236,345196689.547894,1849094389426.4507,41026750714.0,706,3606192062837.3594,236,4.865814696233321e-06,0.5127553821888176,28.91367350130943,28.245717115936724,-0.09302613685693739,-0.3954247118056128,0.08346955885797347,-0.3334148725088192
TECHNOLOGY,2002Q4,2002-12-31,237,381434365.5913978,2450016710502.8916,40600757021.0,709,4538737732290.525,237,2.5983934632772844e-06,0.5398013401550882,29.143670056788466,28.527115961075758,0.25859567466282907,0.32498196117659206,-0.010383315412171634,0.05274631706608046
TECHNOLOGY,2003Q1,2003-03-31,238,395853950.11219966,1810741396887.1602,34767147329.0,714,3965648725957.733,238,3.7458946108172192e-06,0.45660660386652197,29.008690570736288,28.224757488878797,-0.12626616476550112,-0.2609269197533406,-0.14368228870665323,-0.1541210258289909
TECHNOLOGY,2003Q2,2003-06-30,238,557980210.3049976,2600991779832.015,37981507178.0,714,4404049180796.628,238,3.6813746803422933e-06,0.59059099320992,29.113545502028316,28.586913942002916,0.1105494926893753,0.43642365735017274,0.09245394275758811,0.29343506687994636
TECHNOLOGY,2003Q3,2003-09-30,240,652923264.6782744,2826403386827.969,37387645399.0,719,4583260236633.843,240,3.6069520275854748e-06,0.6166796648893343,29.153431702875043,28.6700261312743,0.040692337546693436,0.08666371372019954,-0.0156355506435506,0.044173839390302616
TECHNOLOGY,2003Q4,2003-12-31,242,796644194.6287508,3543032768580.298,36394335476.0,722,4742201640653.202,242,4.920537330364391e-06,0.7471282406482134,29.18752262494802,28.89600419059251,0.034678677581723605,0.25354816127523505,-0.02656786519716403,0.21153377220941527
TECHNOLOGY,2004Q1,2004-03-31,242,860959267.0858765,7572424176162.23,39085664908.0,726,5346474871223.0625,242,1.8430138332689021e-06,1.4163396178891903,29.30745855708963,29.655534366745606,0.1274246175847189,1.1372718432961375,0.07394912963240619,0.8957115269265752
TECHNOLOGY,2004Q2,2004-06-30,243,839877980.6231421,5270753939846.559,36732620152.0,729,4638952073387.491,243,2.2237727503730683e-06,1.1361949544776624,29.16550961040691,29.293194530839013,-0.13233444744007894,-0.30395421370626097,-0.060202244519534376,-0.19779483668545206
TECHNOLOGY,2004Q3,2004-09-30,246,719919510.849633,2717370947063.3037,37527424231.0,736,4335008386123.5503,246,2.2554021854624424e-09,0.6268432964885751,29.09774466067442,28.630685965233358,-0.06551990243822303,-0.48444359610109,0.02163755473230844,-0.4482960041159919
TECHNOLOGY,2004Q4,2004-12-31,247,891712659.9755138,4570470478648.12,39782914993.0,739,6005450484445.784,247,3.0395056916762232e-09,0.7610537278570049,29.423688586872544,29.150637264911914,0.38533768554389725,0.681945736406538,0.06010246661524987,0.21410523510460155
TECHNOLOGY,2005Q1,2005-03-31,248,833303469.82972,4301771952327.451,41071535441.0,742,5679990359769.122,248,2.4898363089360063e-09,0.7573555023608012,29.367970651436423,29.09004813568247,-0.05419412340832863,-0.05879012403120176,0.03239130285517633,-0.0048593487697868865
TECHNOLOGY,2005Q2,2005-06-30,249,805110915.6048659,2559499259458.3765,37581218149.0,747,5438377455887.687,249,2.785520628330465e-09,0.4706365603011641,29.324501870522155,28.570832753513816,-0.042537555273466476,-0.4050127975580916,-0.08498141728871822,-0.3785790704179044
TECHNOLOGY,2005Q3,2005-09-30,250,868979753.3529668,2345087821176.006,35808008933.0,750,5854757546745.675,250,3.0795423293919215e-09,0.40054396829455496,29.398275702512915,28.483343967520852,0.07656329378300275,-0.08377085380667115,-0.04718338849394599,-0.1489314641466789
TECHNOLOGY,2005Q4,2005-12-30,251,831174084.1073272,2585048814698.891,38476604548.0,753,6312205928257.503,251,3.990131542334259e-09,0.4095317618087436,29.47350632382231,28.580765507540388,0.0781327626053614,0.10232494977631612,0.0745251047047375,0.022438968566814488
TECHNOLOGY,2006Q1,2006-03-31,252,962174342.718956,2720862016620.521,44996489131.0,756,5991886238435.75,252,2.583577313978357e-09,0.4540910672113883,29.42142737638843,28.63196986390415,-0.05074607727669267,0.05253796413800016,0.16945062225712704,0.10880549339041123
TECHNOLOGY,2006Q2,2006-06-30,254,874280277.5121272,2578754235304.925,44501743306.0,761,8930899868579.66,254,6.330142408265531e-09,0.2887451738628709,29.82053827489794,28.5783275437177,0.49049890354913894,-0.0522289555470008,-0.010995209505337833,-0.3641249636640521
TECHNOLOGY,2006Q3,2006-09-29,257,876643411.906475,4.2370752315792584e+16,41751008381.0,770,1.5162483879738554e+17,257,0.00011468199057349635,0.2794446652135414,39.560185699007874,38.285234715251626,16976.55444900083,16429.705856226137,-0.06181184647274551,-0.032210092120003586
TECHNOLOGY,2006Q4,2006-12-29,264,932252195.4983312,9.80638819776853e+16,41882716385.0,784,1.954239698118116e+17,264,0.00018677321023941382,0.5018006853106012,39.81394779747606,39.12439551812998,0.28886514479962155,1.3144239037062024,0.003154606537837168,0.7957067991516082
TECHNOLOGY,2007Q1,2007-03-30,266,892739700.9943049,4.587143471043113e+18,47818713895.0,796,5.438047796947111e+17,266,0.0005181294321743243,8.435276118055286,40.83736671650535,42.96978916676956,1.7826923187487265,45.7770944667164,0.14172904773974815,15.810013148615123
TECHNOLOGY,2007Q2,2007-06-29,269,859279048.36433,5.41407591744498e+18,46004999276.0,806,5.7075753864896915e+17,269,0.00035350248430557476,9.485772067523717,40.88574088855394,43.135533887418276,0.049563299111473835,0.18027176425197422,-0.03792897113424132,0.12453604775543714
TECHNOLOGY,2007Q3,2007-09-28,275,923259520.0,7.857866731594946e+18,48602164571.0,820,1.1529698455300646e+18,275,0.0007336170409963737,6.815327184886073,41.5888727617849,43.50804683530204,1.0200694120646059,0.45137727128570515,0.05645397969509136,-0.28152108901924844
TECHNOLOGY,2007Q4,2007-12-31,277,939787545.0199202,2.0908385962197615e+19,48840139526.0,829,1.675196201228433e+18,277,0.0022269740830982176,12.481156503856296,41.96246196737183,44.48668199459787,0.4529401681431493,1.6608221641287302,0.004896385934670899,0.8313363636503
TECHNOLOGY,2008Q1,2008-03-31,278,760949255.9557552,8.336225706493002e+18,59262185613.0,833,1.1125320860443671e+18,278,0.001787313337039855,7.493020480993622,41.55317024992337,43.56714223465209,-0.33587953146709637,-0.601297502276603,0.21339099740801992,-0.39965335113949507
TECHNOLOGY,2008Q2,2008-06-30,278,754201292.0056336,1.0234668448791677e+19,51059238344.0,834,6.974407370485956e+17,278,0.0014486361050927514,14.674606608301051,41.08619394019161,43.77231249861638,-0.3731050584542134,0.2277340860408803,-0.1384178997812826,0.9584367406340126
TECHNOLOGY,2008Q3,2008-09-30,278,686792475.5138357,3.208131135168998e+18,55239995792.0,833,4.097067721777954e+17,278,0.001175220953259861,7.8303102438756,40.554218108928545,42.612220240608075,-0.4125568662484821,-0.6865427393939902,0.08188052904027088,-0.4664040779501242
TECHNOLOGY,2008Q4,2008-12-31,279,442946126.6840504,1.0886359032009275e+18,62721299087.0,836,2.5337171834790592e+17,279,0.002055064576995096,4.296595966982062,40.073634047839356,41.53145712144438,-0.3815779099742258,-0.660663527351858,0.1354327274601903,-0.4512866242633742
TECHNOLOGY,2009Q1,2009-03-31,279,437705150.75376886,4.782441785177431e+17,53412063723.0,837,2.735874135243301e+17,279,0.003626154727637127,1.748048904578766,40.15039757640035,40.70889783069014,0.0797867074835319,-0.5606940969781019,-0.14842223454407832,-0.5931549258966979
TECHNOLOGY,2009Q2,2009-06-30,279,534723952.04444444,1.6920213346826975e+18,51696660009.0,837,5.2695593968081075e+17,279,0.0033783831613100734,3.2109351224081344,40.80589333403811,41.97245554414789,0.9260971580987902,2.5379862645205677,-0.03211640956051143,0.836868015532944
TECHNOLOGY,2009Q3,2009-09-30,280,677321302.630445,1.5315368887600724e+18,47604275707.0,838,5.080890545032762e+17,280,0.00520582889169053,3.0143079745288963,40.7694331312655,41.87280340757974,-0.0358035345212403,-0.09484776736146794,-0.07916148357142505,-0.061236724002000975
TECHNOLOGY,2009Q4,2009-12-31,281,744254022.8885992,2.080007723996968e+18,48394606000.0,841,3.5714751837766534e+17,281,0.004079740951081773,5.823945616213034,40.41692530808396,42.178903281059235,-0.29707692930558416,0.3581179397389087,0.016602086288727724,0.9321003910103953
TECHNOLOGY,2010Q1,2010-03-31,281,756258968.6098654,1.0042202573139162e+18,49409733959.0,843,2.5943964285665744e+17,281,0.002422903632192676,3.8707278743393747,40.09730048031559,41.45074305089687,-0.2735784808609164,-0.517203592213497,0.020976055864573073,-0.3353770571682846
TECHNOLOGY,2010Q2,2010-06-30,291,688813188.5155892,8.250999516126836e+17,57982489674.0,866,1.8396815081505718e+17,291,0.002133626663529467,4.485015193973195,39.75353904414085,41.2542809273768,-0.2909019269784413,-0.17836754874905902,0.17350337733276677,0.1587007249220953
TECHNOLOGY,2010Q3,2010-09-30,294,833400959.4895008,4.9036087132679846e+17,54205417784.0,880,2.1294447621358186e+17,294,0.003245505288372001,2.302763988275375,39.89980785158485,40.73391798704837,0.1575072928120831,-0.4056951883606673,-0.06514159552713517,-0.4865649526963146
TECHNOLOGY,2010Q4,2010-12-31,297,922771640.4735037,3.23333987489791e+18,47517156379.0,889,2.2642294330199283e+17,297,0.002385335351679889,14.28008941030956,39.961181075778306,42.620047293896306,0.06329568781531658,5.593796658671542,-0.12338732323126189,5.201282234313751
TECHNOLOGY,2011Q1,2011-03-31,300,1024826495.2528964,1.1993914197893437e+18,48732406518.0,898,1.934057040532989e+17,300,0.002912417134783513,6.201427334629254,39.803566471048725,41.62834595186708,-0.1458210849448105,-0.6290549505479335,0.025574976105621428,-0.5657290961951462
TECHNOLOGY,2011Q2,2011-06-30,303,946283149.6786041,9.638456762511357e+17,46917650174.0,907,6.402689409196872e+16,303,0.002025971995832657,15.053762796406467,38.698079610189595,41.409707589829544,-0.6689503321250332,-0.19638771768067032,-0.037239210489834806,1.4274674174355124
TECHNOLOGY,2011Q3,2011-09-30,303,731718871.8297871,3.639333879024654e+17,54097286721.0,909,5.054675805339322e+16,303,0.0032601249744156472,7.199935305802159,38.4616752048565,40.43574724553288,-0.21053865301060104,-0.6224152923339561,0.15302634553037953,-0.5217185627821319
TECHNOLOGY,2011Q4,2011-12-30,304,816593668.1713815,7.795026685754706e+16,43765725744.0,911,2.628883309720011e+16,304,0.0015242646563492538,2.96514746658151,37.80792064686291,38.89484741385373,-0.4799105994210179,-0.7858117187136515,-0.19098113053772425,-0.588170262558886
TECHNOLOGY,2012Q1,2012-03-30,307,957664827.5107298,3.414778240190812e+17,39938520832.0,916,4.2461325608016584e+16,307,0.0019493322052668825,8.042090517179028,38.287370070859,40.37205913482645,0.6151848753050557,3.3807139832263413,-0.08744753678681283,1.712205921566079
TECHNOLOGY,2012Q2,2012-06-29,309,846168862.3605151,1.958175378222141e+17,40757497786.0,927,5.324188466385261e+16,309,0.0036198877832520075,3.6778851661342498,38.513621787207235,39.815959691078746,0.2538912504841979,-0.42655855212644156,0.020505941054877797,-0.5426705085850783
TECHNOLOGY,2012Q3,2012-09-28,312,840577006.3710608,1.861802536925846e+18,37779154626.0,934,7.008855688415433e+16,312,0.006721404882352494,26.563573565983404,38.78853593574247,42.06807679821211,0.31641765363237395,8.507843667282787,-0.07307473033889356,6.222513038356724
TECHNOLOGY,2012Q4,2012-12-31,315,851033792.0100142,2.8480518652886848e+17,40478962273.0,943,4.178621470104672e+16,315,0.0048227317985967775,6.815768993828826,38.27134288820712,40.19058178540933,-0.40380831681107454,-0.8470271788332986,0.07146289200293454,-0.7434167139862192
TECHNOLOGY,2013Q1,2013-03-28,316,895246298.9198811,1.750446009972241e+17,40750597530.0,948,3.774317269925904e+16,316,0.0030900352469518254,4.637781841817991,38.169580998600594,39.70381719920346,-0.09675540200788768,-0.3853882960116627,0.006710529167423429,-0.31955119869567783
TECHNOLOGY,2013Q2,2013-06-28,320,940888476.5939488,5.512714631850284e+17,41586978413.0,954,5.256779412184327e+16,320,0.0043444706452011915,10.48686695711968,38.50088004808257,40.85100375639682,0.3927762390487979,2.149320002127747,0.02052438328994488,1.261181598185928
TECHNOLOGY,2013Q3,2013-09-30,321,1085896972.6522188,9.729069850004261e+17,37773533653.0,963,5.9307314744223224e+16,321,0.004108440593198816,16.404502365286927,38.6215090448118,41.41906487643298,0.12820626649767508,0.7648419154137862,-0.0916980484162303,0.564290119476502
TECHNOLOGY,2013Q4,2013-12-31,328,1129313123.272215,7.121721319969801e+17,36701634268.0,979,4.751527758388886e+16,328,0.0033718171650103427,14.988276786126958,38.3998276875834,41.107096035526524,-0.19882938910976322,-0.26799566353543225,-0.028376995248758474,-0.08633151726423605
TECHNOLOGY,2014Q1,2014-03-31,330,1208390024.477194,5.7005133185350074e+17,36671868970.0,986,4.1108025819845544e+16,330,0.0036564374962528494,13.867154174509142,38.254979772771144,40.88450280756783,-0.13484613980695426,-0.199559620151048,-0.0008110074276979073,-0.07479996717538062
TECHNOLOGY,2014Q2,2014-06-30,339,1210835075.3086417,3.742292576755685e+17,33168689193.0,1012,2.8311513874580956e+16,339,0.01026834940502847,13.218270818487186,37.88204496751048,40.463644992961896,-0.3112898683421297,-0.34351656287026644,-0.09552771307799535,-0.046792827703231676
TECHNOLOGY,2014Q3,2014-09-30,344,1086810212.6413987,2.912563687243672e+17,33888283179.0,1031,1.4901323955534652e+16,344,0.006065493277028288,19.545670545346997,37.24022645999078,40.2129802664163,-0.473665589853407,-0.2217167344599581,0.02169497811061727,0.4786858896861348
TECHNOLOGY,2014Q4,2014-12-31,348,1211458928.546937,8.676067438914694e+16,34816277316.0,1040,7219333670630963.0,348,0.005288544500644673,12.017823021825246,36.5155390541702,39.001929853881414,-0.5155240103380507,-0.7021157862774372,0.02738392299480852,-0.38514143099141795
TECHNOLOGY,2015Q1,2015-03-31,352,1286687931.369952,1.6638768321685523e+17,34699050473.0,1052,7566277346564449.0,352,0.005469846952642316,21.9906931236674,36.56247757741035,39.65309690142877,0.048057575915197104,0.9177776612311461,-0.003367012559557292,0.8298399871366628
TECHNOLOGY,2015Q2,2015-06-30,358,1268235866.7103884,7.1685642838393096e+16,33920031610.0,1069,3724779060469012.5,358,0.0028420216866559267,19.245609383705744,35.85378393235737,38.81106688311273,-0.5077131210158072,-0.5691649679083262,-0.02245072566484696,-0.12482934141840518
TECHNOLOGY,2015Q3,2015-09-30,367,1147136393.837392,7.215716779191475e+16,38053793223.0,1091,1253892909361527.2,367,0.0011251690328489777,57.546515538282,34.76502943424146,38.81762302089139,-0.6633644871264819,0.006577676294047485,0.12186785851288295,1.990111375065299
TECHNOLOGY,2015Q4,2015-12-31,369,1279044128.6346526,1.3304394796658016e+17,35622283632.0,1103,991994590409969.6,369,0.00219323375397762,134.11761440311486,34.5307387699828,39.42945590438949,-0.2088681712738245,0.8438077884410509,-0.06389664170273512,1.33059487874457
TECHNOLOGY,2016Q1,2016-03-31,377,1168572724.5810056,8.721203158126046e+16,38454580305.0,1124,435298428362409.06,377,0.001620353196386831,200.34998037863767,33.70705295401028,39.007118693157004,-0.5611887075084656,-0.3444870442121305,0.07950912699082857,0.4938379367265615
TECHNOLOGY,2016Q2,2016-06-30,378,1249956014.1870825,2.6216274106422164e+16,34876852155.0,1132,43331198202040.516,378,0.00019553068855043723,605.0207516575807,31.3998940042415,37.805156761944566,-0.900456341262126,-0.699396131117586,-0.09303776355439275,2.019819370654109
TECHNOLOGY,2016Q3,2016-09-30,384,1394617936.1973112,1104264665787999.1,34513633171.0,1145,26482778242014.617,384,6.572164148248695e-05,41.69746299638971,30.907515759998876,34.63795604753773,-0.3888288498616336,-0.9578786573063223,-0.010414328173476761,-0.931080937501481
TECHNOLOGY,2016Q4,2016-12-30,391,1437117853.8669066,676029280878370.2,36457883002.0,1163,29253654137763.598,391,0.00011358594100550105,23.109225182425426,31.00702560959038,34.147257505942285,0.10462935083423464,-0.38780140140048913,0.05633280684670572,-0.4457882201507969
TECHNOLOGY,2017Q1,2017-03-31,396,1527946664.3436668,1664078338873040.8,43886705586.0,1185,18191903896204.637,396,0.00014977258887030807,91.4735669431618,30.53199777017237,35.0480478148512,-0.37813225621203084,1.4615477257300018,0.20376450776345045,2.9583138863836713
TECHNOLOGY,2017Q2,2017-06-30,404,1578359240.390248,752650004695721.6,50469159788.0,1204,18866627296260.656,404,0.003616419147079444,39.893193037469715,30.568415725696763,34.25462143447398,0.03708921308653057,-0.5477075885709584,0.14998743045547314,-0.5638828311761601
TECHNOLOGY,2017Q3,2017-09-29,408,1574672887.3393452,1469143963237598.0,43150869141.0,1218,22307398563430.047,408,0.005951218730297639,65.85904488415159,30.735939513514595,34.923456288143136,0.1823734159338244,0.9519616741802024,-0.14500520075509682,0.6508842704642224
TECHNOLOGY,2017Q4,2017-12-29,418,1530195031.1631374,544223794746151.6,41082932820.0,1240,134727930089350.8,418,0.05006260099340709,4.039428160035009,32.53427852818002,33.93038166558891,5.039607429179077,-0.6295640125377306,-0.04792339904540044,-0.938665552056813
TECHNOLOGY,2018Q1,2018-03-29,421,1461015672.0499017,363598648541519.0,49161362344.0,1256,128007758906917.84,421,0.0401504893833687,2.8404422641748885,32.48311199447136,33.527071761342455,-0.04987956972230012,-0.33189498134473083,0.1966371183721154,-0.29682070044531483
TECHNOLOGY,2018Q2,2018-06-29,432,1582355193.8193617,270283729067836.34,50544066260.0,1287,93427436540958.84,432,0.026652246825337986,2.8929802537110523,32.168206171141534,33.23049337157165,-0.2701423934083905,-0.2566426466324644,0.02812582585333412,0.018496411702783044
TECHNOLOGY,2018Q3,2018-09-28,444,1542109067.987455,211712850479465.9,42822712314.0,1316,394240888036811.44,444,0.1911479742940949,0.5370139346370832,33.60798322935955,32.98625199359446,3.2197549524327913,-0.21670145957498688,-0.15276479550104172,-0.8143734531377415
TECHNOLOGY,2018Q4,2018-12-31,450,1333941127.6363661,170256547242765.6,51354586847.0,1342,301587477493569.06,450,0.1910111849291861,0.564534537898365,33.34008123095357,32.768327516857596,-0.2350172530419804,-0.19581382586278662,0.19923713543503596,0.05124746582205608
TECHNOLOGY,2019Q1,2019-03-29,452,1588661021.5845556,169722951006809.22,43748486492.0,1352,243220094728649.06,452,0.2048055332339192,0.6978163181630298,33.12498788895854,32.76518852361334,-0.19353384049629385,-0.00313407175581637,-0.14810946445077533,0.23609145467138792
TECHNOLOGY,2019Q2,2019-06-28,461,1708301017.170586,157371683712816.9,44205184630.0,1371,182689484520401.84,461,0.3197764044833582,0.8614162119180013,32.838809021664865,32.68963153555518,-0.24887174834702208,-0.07277311183150936,0.010439175720593497,0.23444549732749298
TECHNOLOGY,2019Q3,2019-09-30,467,1753455880.5576153,115929430383354.14,45129951772.0,1390,143337591364412.53,466,0.36748953135010093,0.8087859526578928,32.596223742700374,32.38400276314545,-0.21540316487999445,-0.2633399627666788,0.0209198796417287,-0.061097363309338903
TECHNOLOGY,2019Q4,2019-12-31,476,1913008665.8121848,142751527896375.47,44629918272.0,1414,121926478770798.36,475,0.4250825883723064,1.170800053733404,32.43443934597929,32.5921266677095,-0.14937541777983343,0.23136573193128207,-0.011079858948802035,0.44760186534624324
TECHNOLOGY,2020Q1,2020-03-31,481,1454527879.5804496,71317273819533.22,58882334122.0,1440,68238995384679.336,480,0.4662676051414868,1.0451102542981605,31.85403729720817,31.898159683564952,-0.44032669463900964,-0.5004097338187299,0.3193466715116462,-0.10735376978711997
TECHNOLOGY,2020Q2,2020-06-30,485,1798482868.6213965,93579492069236.7,60195940849.0,1448,42345130613621.33,484,0.29323452041214426,2.2099233303376473,31.376874550808424,32.1698323735814,-0.37945846982488785,0.3121574487835519,0.02230901248374928,1.114536070475849
TECHNOLOGY,2020Q3,2020-09-30,501,1861510865.1911469,51238383152355.45,59734839561.0,1489,29436633355858.13,499,0.12112988103949772,1.7406332624025633,31.013261047131113,31.56751003805557,-0.3048401804577472,-0.452461409873376,-0.00766000633093622,-0.21235581411024906
TECHNOLOGY,2020Q4,2020-12-31,521,2966547439.6677217,3614750630795434.5,73729857071.0,1549,51587092624159.54,518,0.16552830330931978,70.0708345231023,31.574292614182458,35.82379926634273,0.7524793681575441,69.54771068882299,0.23428568006294848,39.255943647994435
TECHNOLOGY,2021Q1,2021-03-31,548,3401841031.5789475,3.779624524200467e+16,100137485321.0,1609,61592019408670.39,541,0.16185206331526103,613.6549118680795,31.75155342302099,38.17098616038036,0.19394244326584298,9.456114156258552,0.3581673598603361,7.757636697844063
TECHNOLOGY,2021Q2,2021-06-30,585,3507861246.066237,6666042678859307.0,71963105758.0,1715,56414035892855.99,569,0.01836843232104233,118.16283967911367,31.663739106819726,36.43580277724488,-0.08406906553035487,-0.8236321455695543,-0.281356971095134,-0.8074441556747194
TECHNOLOGY,2021Q3,2021-09-30,620,2873633640.7968745,3381627772390849.5,66746697915.0,1834,42703048467993.07,599,0.0815019669654966,79.18937625554902,31.385291426307838,35.75713357794337,-0.24304212963779848,-0.4927083525709569,-0.07248725285067481,-0.32982842600433504
TECHNOLOGY,2021Q4,2021-12-31,653,2840919219.951356,3185102889400832.0,84430664493.0,1927,33576831550767.586,629,0.11292282794502478,94.860138443528,31.14485740787807,35.697260987777504,-0.21371347584390366,-0.05811546870845341,0.2649414447516194,0.197889703505284
TECHNOLOGY,2022Q1,2022-03-31,664,2196647244.8860316,254965045220885.7,87593208835.0,1983,24828911332565.906,637,0.06260112849513502,10.268877350513165,30.843029869645118,33.17214757412584,-0.26053441656563026,-0.9199507664040176,0.037457295415011194,-0.8917471814926096
TECHNOLOGY,2022Q2,2022-06-30,666,1631181337.3493977,60839660887152.76,84150824824.0,1995,17820718042009.22,639,0.05897079905732703,3.4139848205742283,30.5113828313238,31.739263009457193,-0.28225938691740604,-0.7613803851643856,-0.039299667825669515,-0.6675405982520941
TECHNOLOGY,2022Q3,2022-09-30,674,1553251998.1645038,23523926420076.445,75021016207.0,2013,14400434472707.4,646,0.05522250234288883,1.6335567141852876,30.298279493771137,30.789039164655247,-0.1919273713460422,-0.6133455368249121,-0.10849339428454607,-0.5215102585281779
TECHNOLOGY,2022Q4,2022-12-30,680,1412891215.5001976,263375401326095.94,76572882805.0,2036,12564814186067.746,651,0.05170122015803289,20.961344706405185,30.1619214985989,33.204601511833786,-0.12746978503451656,10.196064662968796,0.020685758157661382,11.83172143604414
TECHNOLOGY,2023Q1,2023-03-31,683,1621687521.68118,21661234949694.254,79380900613.0,2043,14380805084298.268,654,0.1783720727864514,1.506260242226991,30.29691545304497,30.706545371097473,0.14452986501337595,-0.917755284507855,0.03667117790446617,-0.9281410489964071
TECHNOLOGY,2023Q2,2023-06-30,687,1665949937.4799566,10840025554365.404,82750019393.0,2057,16087082168931.678,658,0.2435372840472668,0.6738341633699305,30.409037716108326,30.014266469351146,0.11864962181403982,-0.4995656720616287,0.042442435825025715,-0.552644261277405
TECHNOLOGY,2023Q3,2023-09-29,690,1376742205.9620595,12806012545245.258,75652497549.0,2066,14603222884686.336,661,0.24314358455773655,0.8769305684346075,30.31226336580859,30.18093590666284,-0.09223918101885864,0.18136368600054897,-0.08577063662416973,0.30140413785042597
TECHNOLOGY,2023Q4,2023-12-29,700,1565677382.033898,8319203285648.526,78086193831.0,2089,16536845611392.639,671,0.2582624594856082,0.5030707476592285,30.436612074602895,29.74958760724013,0.1324106837220156,-0.3503673952953168,0.03216941093615189,-0.4263277324711684
TECHNOLOGY,2024Q1,2024-03-28,711,1369472012.5109682,17090347099351.041,101414427649.0,2121,18341357385355.027,682,0.26792366525868605,0.9317929278776893,30.540179592305716,30.469534922934766,0.10912067611728893,1.054324977108521,0.2987497875551306,0.8522105135575677
TECHNOLOGY,2024Q2,2024-06-28,724,1158830207.826087,126311135024998.34,102299661245.0,2164,20331235961736.387,695,0.28888604992600536,6.212663866708217,30.64317953669068,32.4697693047005,0.10849134742722,6.390788161920636,0.008728872375672658,5.667429726965813
TECHNOLOGY,2024Q3,2024-09-30,734,1104513227.773539,12371601795583.262,124966802361.0,2190,20545324598153.156,704,0.27779546183894743,0.602161418111416,30.65365451751381,30.146424784296137,0.010530035499056067,-0.902054543384993,0.22157591569842938,-0.9030751653347582
TECHNOLOGY,2024Q4,2024-12-31,746,1203843862.698196,10194145905338.316,145316659047.0,2234,21705685732406.297,714,0.28766325389374114,0.4696532526552982,30.708595357473207,29.952834740608335,0.056478111538692755,-0.17600436275133835,0.16284210127433685,-0.22005422710692535
TECHNOLOGY,2025Q1,2025-03-31,762,940642816.1764705,10504890855676.182,170503801552.0,2270,19182557339695.465,729,0.264073056234662,0.5476272360170593,30.585022510160737,29.982862060421628,-0.116242740442143,0.030482686163549877,0.17332591232264494,0.16602457860329145
TECHNOLOGY,2025Q2,2025-06-30,776,1036749111.0505545,11065821675325.438,175398337184.0,2319,23719597713628.023,742,0.29365453337802594,0.4665265325713177,30.797322730117795,30.03488234562854,0.23651905705731036,0.05339711067499242,0.028706313803257277,-0.14809472230708265
TECHNOLOGY,2025Q3,2025-09-12,785,1107898000.0,9425313108232.842,133170559846.0,2343,25636002508260.0,747,0.2944611228829032,0.3676592364662149,30.87501882741184,29.874420069743586,0.0807941524881306,-0.1482500455208492,-0.240753578488611,-0.21192212918777353
UTILITIES,2002Q2,2002-06-28,61,1425739550.317043,29876853539.377,2459690033.0,181,211500655099.4513,61,2.3781947066463126e-07,0.14126128132004312,26.07749393282488,24.120349888466023,,,,
UTILITIES,2002Q3,2002-09-30,61,1136263772.4223602,29460105793.7261,3232032091.0,183,162550078490.89313,61,2.193279079463548e-07,0.1812371059259538,25.814251966568513,24.10630283910568,-0.2314440897856357,-0.013948849904881544,0.3139997510409882,0.2829920855336219
UTILITIES,2002Q4,2002-12-31,61,1312946112.768595,26361211423.0817,3205191264.0,183,167387373806.56326,61,9.582802170739853e-08,0.15748625970764873,25.84357656686781,23.99515950243223,0.02975880024531108,-0.10518951942475208,-0.008304628866384611,-0.13104847430089017
UTILITIES,2003Q1,2003-03-31,61,958303829.2298175,22157062448.150097,2897537159.0,183,159500316174.05112,61,1.5066169902270577e-07,0.1389154766563077,25.795311741451798,23.821422129079583,-0.04711859355429404,-0.1594823890092728,-0.09598619229232996,-0.11792002099621324
UTILITIES,2003Q2,2003-06-30,61,1369340729.428013,26135853920.0954,2955004678.0,183,196308101782.49503,61,1.6409527818156929e-07,0.1331369091890733,26.002951209829995,23.98657392204588,0.23076935827687173,0.17957215588736575,0.019833229341511993,-0.041597722631951384
UTILITIES,2003Q3,2003-09-30,61,1347335321.9053512,21795781408.1584,2444175197.0,183,200431197593.22037,61,1.577361260815545e-07,0.10874445530377677,26.02373687065365,23.804982274673975,0.021003187200565154,-0.16605818678072704,-0.17286926305163708,-0.18321331052274759
UTILITIES,2003Q4,2003-12-31,61,1499941703.603306,23741182563.6203,2406333304.0,183,220341860646.75168,61,2.286280577906742e-07,0.10774703678154811,26.11844608925742,23.890477038055803,0.09933914127450594,0.08925585731621055,-0.015482479752861988,-0.009172132219912976
UTILITIES,2004Q1,2004-03-31,62,1596924273.7325602,25396061936.544502,2370783651.0,186,232351945412.29718,62,8.009536374830896e-08,0.10929997548107648,26.17151906520885,23.95785995712172,0.05450659593366991,0.06970501020703357,-0.014773370314455803,0.014412820490617095
UTILITIES,2004Q2,2004-06-30,62,1621893947.0986948,24784046759.7794,2344250693.0,186,226586334024.21442,62,1.0861860765938748e-07,0.10938014804163265,26.14639187491414,23.93346600735169,-0.02481413003817101,-0.024098822025804822,-0.011191640362800848,0.0007335094102565165
UTILITIES,2004Q3,2004-09-30,62,1676491010.506723,24221670038.3667,2176885243.0,186,242688298569.21756,62,1.262649734960801e-10,0.09980567741076479,26.2150437349576,23.91051352559953,0.07106326431532439,-0.022691077323391373,-0.07139400683542851,-0.08753389716773463
UTILITIES,2004Q4,2004-12-31,64,1888198085.2547836,30640892380.3836,2546099657.0,188,282842900009.9536,64,1.4315372454691065e-10,0.10833184209080485,26.368157456811733,24.14560130611347,0.16545750939567228,0.26501980795911106,0.16960674210422777,0.08542765202573976
UTILITIES,2005Q1,2005-03-31,64,1850942283.5448766,34825282712.8284,2655252233.0,192,293906232103.484,64,1.288344454414836e-10,0.11849113393609995,26.406526614989893,24.273609474707925,0.03911475979471657,0.1365622867799916,0.04287050418466798,0.09377936947457677
UTILITIES,2005Q2,2005-06-30,64,2120811602.1753283,39244451841.9773,2810876560.0,192,315465971741.1396,64,1.6158072494028953e-10,0.12440153727318627,26.47731665809075,24.393075916864316,0.07335584374428783,0.12689542725581493,0.05860999759867247,0.04988055342835773
UTILITIES,2005Q3,2005-09-30,64,2108835724.7182121,40484785867.8712,2654733547.0,192,337832610151.69885,64,1.7769648271590643e-10,0.11983682051798401,26.545816373521884,24.42419208292319,0.0709003202060492,0.03160533445309044,-0.055549580234857454,-0.0366934111527748
UTILITIES,2005Q4,2005-12-30,65,1875156573.7720385,43333892055.3557,3022921451.0,193,325289031212.46564,65,2.0562479085255585e-10,0.13321657940273968,26.50797995086695,24.49220089225897,-0.03712956820124824,0.0703747377294528,0.1386910955399172,0.11164981536495078
UTILITIES,2006Q1,2006-03-31,65,1999231168.831169,43612602646.3452,2941723993.0,195,328927013139.47595,65,1.4182651927711885e-10,0.13259051675349026,26.519101718539776,24.498611997078665,0.011183844451964076,0.00643169994131787,-0.026860591423286673,-0.0046995850820993335
UTILITIES,2006Q2,2006-06-30,66,1984118240.6740496,52016683682.0389,3518241256.0,198,338822487011.98505,66,2.4015436579401093e-10,0.15352193457041396,26.54874217004827,24.674830344128114,0.030084102178354888,0.19269845241391437,0.19597938636386547,0.1578651198398977
UTILITIES,2006Q3,2006-09-29,66,2015942474.2736607,49772148070.1419,3137995763.0,198,360157503637.61053,66,2.724064194543739e-10,0.13819550493170482,26.6098072828214,24.630721388844158,0.06296812473627478,-0.043150302038036936,-0.1080782883639746,-0.09983218151592255
UTILITIES,2006Q4,2006-12-29,66,2280425540.8520255,53312238142.0523,3121976287.0,198,405020667099.921,66,3.870917691438127e-10,0.1316284389233398,26.72720393262732,24.69943175044983,0.12456539988530047,0.07112592502380033,-0.005105002431451622,-0.04752011298493686
UTILITIES,2007Q1,2007-03-30,66,2431925996.336528,65630395772.668396,3631044224.0,198,428861787837.76685,66,4.086133901551818e-10,0.15303390890469254,26.78440053109326,24.907304775791253,0.05886396096415525,0.23105684660610093,0.16305951429540766,0.1626204044995112
UTILITIES,2007Q2,2007-06-29,67,2331979063.5193133,81494699217.5744,4371060658.0,200,424437532216.06946,67,2.6287821344605373e-10,0.19200634494333008,26.774030675723395,25.123803814815126,-0.010316273790685782,0.2417218920918447,0.20380264969199113,0.2546653634973739
UTILITIES,2007Q3,2007-09-28,67,2254896159.486336,94911366504.7362,5312140033.0,201,439075923081.51,67,2.793772800846502e-10,0.21616162835491406,26.8079381805842,25.276209308896195,0.03448891710638957,0.16463239224114457,0.21529771573350698,0.12580461035656576
UTILITIES,2007Q4,2007-12-31,67,2464421246.3235292,90811510135.6875,4248365655.0,201,459129120894.38055,67,6.103575523139741e-10,0.19779078695506672,26.852597316585044,25.232051878139735,0.04567136743033817,-0.04319668465466797,-0.20025345178998222,-0.08498659794366659
UTILITIES,2008Q1,2008-03-31,69,2223083937.6824036,97752550273.3977,5513276275.0,206,406310335344.14777,69,6.527487076078548e-10,0.2405859309254356,26.730383077332895,25.305705125235214,-0.11504124470985877,0.07643348433848463,0.29774052487956104,0.216365709592383
UTILITIES,2008Q2,2008-06-30,70,2450677525.621187,83564523569.8128,4644289291.0,209,437010291129.2501,70,9.07702765837746e-10,0.19121866296072595,26.80322258125957,25.148884907770416,0.07555790024169395,-0.14514226650765982,-0.15761716639168422,-0.2051959887048007
UTILITIES,2008Q3,2008-09-30,70,2135872746.842315,94743619636.3029,5731559168.0,210,384233506090.61383,70,1.1021523146955262e-09,0.24657823467888693,26.674516293500716,25.274440339721295,-0.12076783112420353,0.1337780147474985,0.23410899039105537,0.28950925009621664
UTILITIES,2008Q4,2008-12-31,71,1776912816.4801896,104952008900.3783,7621348193.0,211,363641157369.42377,71,2.949445447661496e-09,0.2886142197423416,26.619433386929092,25.37676902453894,-0.05359331863248218,0.10774751168746621,0.3297163947204671,0.17047727313887684
UTILITIES,2009Q1,2009-03-31,71,1556937852.3988073,82452573412.0408,6543549888.0,213,330032851339.2501,71,4.374288161662657e-09,0.24983141247137688,26.52245803596509,25.13548909726653,-0.09242162321035319,-0.21437832133060197,-0.14141832622080286,-0.13437594067814052
UTILITIES,2009Q2,2009-06-30,71,2054784940.4291844,82146365165.8881,6364804685.0,213,370605390006.22473,71,2.3759994238724696e-09,0.22165453439440902,26.638403694691434,25.131768434156065,0.12293484876530947,-0.003713750019935458,-0.027316243638303206,-0.11278356791981103
UTILITIES,2009Q3,2009-09-30,71,2428817764.0387836,77321064024.95131,5287921726.0,213,398299454622.501,71,4.080935792733214e-09,0.19412796861154236,26.710469957869957,25.071232252520765,0.07472655650208182,-0.05874028791404806,-0.16919340220099777,-0.1241867930113546
UTILITIES,2009Q4,2009-12-31,72,2395869856.096408,92882070415.70529,5677202820.0,214,442236589336.50684,72,5.051724093669941e-09,0.21002800911398453,26.815110845810324,25.254596465395796,0.11031181239163002,0.20125183980567685,0.07361703031381062,0.08190494453820185
UTILITIES,2010Q1,2010-03-31,72,2725858780.386238,111330449697.8669,5668773404.0,216,424890806165.4118,72,3.968050010430522e-09,0.26202131955410085,26.775098046189896,25.435768640011187,-0.03922285850910512,0.19862153373189884,-0.0014847833109474795,0.24755417460486884
UTILITIES,2010Q2,2010-06-30,72,2649934301.890014,111385057525.078,6656580508.0,216,401832602173.32605,72,4.660375997007984e-09,0.2771926840247604,26.719301426337505,25.43625902192474,-0.05426854066385489,0.000490502170424234,0.1742541170022749,0.05790125970084281
UTILITIES,2010Q3,2010-09-30,72,2959489397.817172,99343625847.215,5869594606.0,216,443958994517.0684,72,6.766417660349535e-09,0.22376757104623912,26.818998040422393,25.321850645337573,0.10483567564179785,-0.10810634698601218,-0.1182267533689686,-0.19273637457815818
UTILITIES,2010Q4,2010-12-31,72,2957752088.234062,90113590985.8426,5230937949.0,216,459034740037.21173,72,4.835869444553376e-09,0.19631104821943876,26.85239173049847,25.22433683354617,0.03395751793821056,-0.09291018706693543,-0.1088076263984491,-0.12270108085110676
UTILITIES,2011Q1,2011-03-31,72,3151610199.066826,103269835440.0804,5763798518.0,216,467999928239.4921,72,7.047418879158453e-09,0.22066207537372434,26.871733979529626,25.36061116114613,0.019530522246646642,0.14599622887411856,0.10186711717768837,0.12404308048452628
UTILITIES,2011Q2,2011-06-30,72,3457400020.114113,102572192818.2572,5613455597.0,216,480629260103.6528,72,1.5208318865960932e-08,0.21341229370042186,26.898362040841736,25.353832707795686,0.026985755984342275,-0.00675553145650154,-0.0260840000791992,-0.032854679088030414
UTILITIES,2011Q3,2011-09-30,72,3039003775.6108484,136106067682.6194,7251251707.0,216,465676046131.2215,72,3.003480671056833e-08,0.2922762912401693,26.866756049346492,25.636700328149512,-0.031111742903889072,0.32692949173641317,0.291762548344604,0.3695382125007898
UTILITIES,2011Q4,2011-12-30,73,3309808448.755365,126460776451.8987,6249643108.0,218,499210124502.5358,73,2.894492677014137e-08,0.2533217381717111,26.936292935251362,25.56319802946708,0.07201160259350092,-0.07086598999548055,-0.13812906232907296,-0.13327989384006667
UTILITIES,2012Q1,2012-03-30,73,3452853579.48504,119226659493.7663,6072099583.0,219,502187920795.7778,73,2.305465204125432e-08,0.2374144310457272,26.942240230803524,25.504292220050534,0.00596501582617015,-0.057204432560826524,-0.02840858620754383,-0.06279487595810396
UTILITIES,2012Q2,2012-06-29,73,3463238520.515021,139695956073.678,6324442067.0,219,530469826021.1096,73,3.6066364944089546e-08,0.2633438307349058,26.997028915006016,25.66273415557974,0.05631737454082075,0.17168388904649245,0.04155769854408864,0.10921576912982367
UTILITIES,2012Q3,2012-09-28,73,3432125808.1566453,95227458872.4823,4975783348.0,219,524675674079.75195,73,5.031574046017372e-08,0.18149775866682832,26.986046144985828,25.279534170699755,-0.010922679589181916,-0.3183234393538369,-0.2132454854851309,-0.310795479201742
UTILITIES,2012Q4,2012-12-31,73,3308312783.382353,93446216899.6452,5131345554.0,219,511349510714.812,73,5.9017107990388346e-08,0.1827443166397429,26.960319167348093,25.260651887424423,-0.02539885880608661,-0.018705129738076254,0.03126386241525725,0.006868172819714191
UTILITIES,2013Q1,2013-03-28,73,3721277325.0109735,100726151208.931,5039341717.0,219,571022099571.7966,73,4.674960498219923e-08,0.17639623980309074,27.07069374913157,25.335671297195848,0.11669628621247474,0.0779050725734991,-0.017929768329143392,-0.03473747886325007
UTILITIES,2013Q2,2013-06-28,73,3660798756.4594,124080551201.3377,5656713648.0,219,557577070786.4968,73,4.6081013231305476e-08,0.2225352470579797,27.046866574289147,25.54419679811896,-0.023545548929510884,0.23186034323860838,0.1225104320505439,0.26156457363486574
UTILITIES,2013Q3,2013-09-30,74,3965858918.8460736,141158487528.4053,5137869632.0,221,563525700189.4442,74,3.9037543209534866e-08,0.2504916589978968,27.057478777530754,25.673149121112665,0.01066871238904521,0.1376358838006475,-0.0917218102746713,0.125626894208958
UTILITIES,2013Q4,2013-12-31,74,4223088525.0786943,176736778109.1413,5822027895.0,222,586068361005.2145,74,4.1589052195222935e-08,0.3015634179705681,27.09670227672501,25.897927333324684,0.04000289748664865,0.25204499710707506,0.13315991101426228,0.2038860662146842
UTILITIES,2014Q1,2014-03-31,75,4636742584.506187,212935930392.2327,5802686218.0,224,637220584913.46,75,5.6678889185111985e-08,0.33416360901327635,27.180381719723307,26.08425716113166,0.08728030262631825,0.20481957785117655,-0.003322154642476205,0.1081039313790042
UTILITIES,2014Q2,2014-06-30,75,4660838713.2464,178969756922.6306,6007445212.0,225,684290376015.4038,75,2.481863988818041e-07,0.26154066050842995,27.25164819082146,25.91048267277863,0.07386734235576564,-0.15951358423651485,0.03528693200139532,-0.21732752025059998
UTILITIES,2014Q3,2014-09-30,75,4246022890.873456,187465525780.7474,5031337326.0,225,655045546651.8776,75,2.6663230537234017e-07,0.2861870090391982,27.207970607037183,25.956860802954747,-0.04273745530927642,0.04747041625468351,-0.16248302756889133,0.09423524618641022
UTILITIES,2014Q4,2014-12-31,77,3982911051.000364,183432559652.5229,6407370098.0,231,738701435178.4856,77,5.411379485788568e-07,0.2483175893765548,27.328159664322705,25.93511291456403,0.12771003322470764,-0.021513108137766745,0.2734924499872422,-0.13232403451778108
UTILITIES,2015Q1,2015-03-31,78,3496219801.5565786,163905219009.5656,6055897625.0,233,709108431103.0233,78,5.126318284807546e-07,0.23114267412475953,27.287274287050327,25.822554164840636,-0.04006084551373856,-0.10645514994692329,-0.05485440479077508,-0.06916511752113863
UTILITIES,2015Q2,2015-06-30,79,3374371710.9917355,145613395096.4098,5737301051.0,235,671832113021.7567,79,5.126106552905953e-07,0.2167407485799867,27.233274314443534,25.704220967772716,-0.0525678675450002,-0.11160000897889832,-0.05260930645273254,-0.062307514608917924
UTILITIES,2015Q3,2015-09-30,79,2810161128.109441,160262107214.0615,6667807397.0,237,694205864162.8624,79,6.229391162088526e-07,0.2308567465175771,27.266034387706412,25.800076481937346,0.033302592578484225,0.10060003139101914,0.16218537910570596,0.06512849120469366
UTILITIES,2015Q4,2015-12-31,79,2899562094.5454545,151990862145.4872,6327775290.0,237,709182264812.5386,79,1.567954599698312e-06,0.21431847592193196,27.287378403519252,25.74708623852824,0.021573428607861267,-0.05161073451708964,-0.05099609013196571,-0.0716386713627446
UTILITIES,2016Q1,2016-03-31,80,3498786757.140579,188197322426.1265,6857436956.0,239,825443483184.9702,80,3.0726276486849565e-06,0.22799540642076174,27.43918663422568,25.96075683672298,0.16393700765086594,0.23821471744782974,0.08370424702612977,0.06381591899623151
UTILITIES,2016Q2,2016-06-30,83,3877987484.330579,177854746271.63,6225649289.0,246,896982642501.2861,83,4.047606366394178e-06,0.19828114597142274,27.52230234820626,25.90423302192676,0.08666754390050113,-0.05495602180289405,-0.09213174996048767,-0.13032832948617323
UTILITIES,2016Q3,2016-09-30,83,3566664759.371901,165672412130.6299,5662838322.0,247,849516229008.8405,83,2.1082229563021115e-06,0.19501971413062416,27.467932882065252,25.833278254648594,-0.05291787292570449,-0.06849597436322863,-0.09040197108346948,-0.016448522247640374
UTILITIES,2016Q4,2016-12-30,85,3695337438.351064,167757602811.2282,6001602671.0,254,859941091106.1636,85,3.3389749390828817e-06,0.195080342765616,27.480129725134056,25.845785934049736,0.01227152789003938,0.012586227566688368,0.05982235934300095,0.0003108846470323279
UTILITIES,2017Q1,2017-03-31,85,4367647236.967509,162395032863.3982,5573089715.0,255,920557300344.8203,85,7.578879641337049e-06,0.17640947804397253,27.548245084834583,25.813297678395877,0.07048879262262564,-0.03196618131140283,-0.07139975428073453,-0.09570859091669748
UTILITIES,2017Q2,2017-06-30,85,3984371617.0909095,166009318988.9613,5506487996.0,255,928228455191.3203,85,0.00017792598038353103,0.17884532418772334,27.55654371959831,25.83530976222099,0.008333163881951267,0.02225613716032404,-0.011950591575933367,0.013807909703942522
UTILITIES,2017Q3,2017-09-29,85,4144802244.867769,158976167719.5155,5074681073.0,255,965159477050.6078,85,0.0002574874493417693,0.16471492173016258,27.59555918582361,25.792020139382014,0.03978656509907941,-0.042366002777913137,-0.07841784515169581,-0.07900906843238975
UTILITIES,2017Q4,2017-12-29,85,4502030094.17367,228589463011.8075,6086934244.0,255,928173696928.1611,85,0.00034489351548022435,0.24627875554794987,27.55648472563182,26.15519349368751,-0.03832090032982949,0.43788510121285595,0.1994712882324221,0.4951818145013349
UTILITIES,2018Q1,2018-03-29,87,4106248240.9957848,255795257977.9906,8101203897.0,259,899721115097.2057,87,0.00028220354288032747,0.28430505151627405,27.52535068013622,26.26764318791694,-0.03065437204816379,0.11901596253707392,0.33091693983477843,0.15440347618989225
UTILITIES,2018Q2,2018-06-29,88,4285137755.968321,231783894837.5917,7236565773.0,264,910047386463.6848,88,0.00025961118558733546,0.2546943140381635,27.53676250813857,26.169071286743705,0.011477191313181034,-0.09386946157721543,-0.10672958426835655,-0.10415128862532919
UTILITIES,2018Q3,2018-09-28,89,4514658529.803921,213870816116.11182,6354128782.0,267,945232751499.8962,89,0.00045829677024461295,0.2262625959339024,27.5746970319973,26.088638006686242,0.03866322299208691,-0.077283534880762,-0.1219414040693747,-0.11163075317025284
UTILITIES,2018Q4,2018-12-31,90,4588533071.780997,277769068026.2608,8336788616.0,269,924066341392.5751,89,0.0005852597338904343,0.30059429240508934,27.552049704054653,26.350055914873042,-0.02239280227407936,0.2987703187865436,0.3120270145635837,0.3285195954036577
UTILITIES,2019Q1,2019-03-29,91,4943682733.682311,271345639087.7617,8165560822.0,271,1021024390580.5583,89,0.000859762204233108,0.26575823417251915,27.65182754373912,26.326659266159414,0.10492542022671958,-0.02312506926758251,-0.020538819188887558,-0.11589061772877618
UTILITIES,2019Q2,2019-06-28,91,5440334465.370449,240080576688.1929,6635003140.0,273,1067817265897.6957,89,0.0018690882336792755,0.2248330162430566,27.69663774248066,26.204240440146584,0.04582934134465755,-0.11522227703632515,-0.18744060761586723,-0.15399416713047398
UTILITIES,2019Q3,2019-09-30,91,5444396817.727671,252008397211.2206,6552895675.0,273,1122467272299.0898,89,0.0028777864056911437,0.22451291314271038,27.746550300056786,26.252728246173376,0.05117917470219102,0.0496825719413323,-0.012374894671112413,-0.0014237370724954346
UTILITIES,2019Q4,2019-12-31,91,5193258848.200111,273314556038.6247,7878862789.0,273,1142260856148.1038,89,0.003982360568622393,0.23927507851427868,27.764030621523315,26.333889188760818,0.017633996409063935,0.0845454320696557,0.20234827162878655,0.06575196573296793
UTILITIES,2020Q1,2020-03-31,91,4327701714.561998,327739744377.3433,8891166979.0,273,969540634729.0148,89,0.006624736886791128,0.33803610971802756,27.60008822382868,26.515485668111612,-0.15120908721457083,0.19913022243508793,0.1284835409766647,0.4127510136742274
UTILITIES,2020Q2,2020-06-30,91,4306264109.871947,279137574553.5251,8464552920.0,273,999961088149.8928,89,0.00692460044083835,0.279148436735653,27.630982203321356,26.35497059599627,0.03137615106702629,-0.1482950135210337,-0.047981784619231416,-0.17420527360670335
UTILITIES,2020Q3,2020-09-30,91,4460525378.366992,254388477962.1474,8084293933.0,273,1053782768271.1106,89,0.00433624931965088,0.24140504629764448,27.683407442596167,26.262128376361346,0.05382377450386344,-0.08866271991853247,-0.04492369420971143,-0.1352090338723645
UTILITIES,2020Q4,2020-12-31,92,5153421336.135338,309154734684.19617,7765755155.0,275,1155348381166.465,90,0.0037071842497301425,0.2675857254173557,27.775423043137064,26.457107748004976,0.09638192609847684,0.21528591688102283,-0.03940217669470525,0.10845125038285786
UTILITIES,2021Q1,2021-03-31,95,4902277756.135782,479493170411.0489,8840405054.0,283,1181566208362.8599,92,0.0031049303238172045,0.4058115127339493,27.797861969551242,26.89599548802363,0.022692572754483553,0.5509811644995659,0.1383831807146385,0.5165663717711462
UTILITIES,2021Q2,2021-06-30,95,4595340575.104133,410727570434.1185,8521784070.0,285,1194051109594.043,92,0.00038878351189231523,0.3439782159523799,27.80837293533798,26.74119598600669,0.010566400039894397,-0.14341309578607875,-0.03604144629728634,-0.15236949874832018
UTILITIES,2021Q3,2021-09-30,97,4792728010.087002,347423774399.1955,7468973662.0,289,1194386041934.0696,94,0.0022795752346983604,0.2908806384212361,27.80865339684563,26.573811123645555,0.000280500840655451,-0.15412599638250257,-0.1235434269810124,-0.15436319821629207
UTILITIES,2021Q4,2021-12-31,102,4999923471.279057,389654331793.2204,8105206000.0,301,1350527378208.3052,98,0.0045419821859568965,0.2885201278260352,27.93151628261951,26.688525854315778,0.13072937123527995,0.1215534471325539,0.08518336879897803,-0.008115048866822683
UTILITIES,2022Q1,2022-03-31,103,5504700276.921816,445652967838.8831,9668805765.0,305,1429569001157.8992,99,0.0036043719974450843,0.31173938961877345,27.988394116979244,26.8228063870766,0.058526486930206234,0.1437136237853498,0.19291301973077557,0.08047709519503066
UTILITIES,2022Q2,2022-06-30,104,4867567140.868299,421542757631.4036,9612729294.0,310,1346738245145.2583,100,0.004456511249999226,0.31301016300011314,27.92870667015655,26.767187050838736,-0.0579410689134634,-0.0541008631096922,-0.005799730841940187,0.004076396578865715
UTILITIES,2022Q3,2022-09-30,105,4714354114.259927,402964885293.1252,8364184538.0,314,1264023550462.1628,101,0.004847252602632064,0.3187953936030621,27.865321043174394,26.722115261831572,-0.06141853844372991,-0.04407114581368965,-0.12988452267966255,0.018482564743263152
UTILITIES,2022Q4,2022-12-30,105,4658249022.015476,423068200235.4209,9848767171.0,315,1365077940546.5808,101,0.0056169708594123085,0.3099223770812847,27.942232642236892,26.770799232869887,0.07994660388049701,0.04988850313265414,0.177492811911941,-0.02783295085130799
UTILITIES,2023Q1,2023-03-31,106,5035126935.253598,410836672361.9909,9052548772.0,316,1339910223415.4624,102,0.01661955380782742,0.3066150740418702,27.923623730195793,26.741461581617674,-0.018436835277728658,-0.02891148015053746,-0.08084447374738335,-0.01067139156120711
UTILITIES,2023Q2,2023-06-30,107,5089452126.519608,378982254033.2766,8866245300.0,319,1330314853694.7253,103,0.020139218721853876,0.28488162255778565,27.916436762246885,26.66075521780404,-0.007161203454570386,-0.07753547935625171,-0.020580222950717042,-0.0708818754328977
UTILITIES,2023Q3,2023-09-29,107,4096759810.149598,372716274834.6557,9395756054.0,321,1196728109678.1863,103,0.01992551675926901,0.3114460768661006,27.810612373577484,26.64408330986663,-0.10041738889521112,-0.016533700805079765,0.059722096116605394,0.09324734277279179
UTILITIES,2023Q4,2023-12-29,107,4534892414.319943,454643456655.5186,11111015663.0,321,1306709253296.1904,103,0.0204073953110128,0.347930081239323,27.89853307234002,26.84277933696928,0.09190152945231578,0.21981112001939662,0.18255684791537052,0.11714388808598764
UTILITIES,2024Q1,2024-03-28,108,4506903534.750127,453500220030.9637,10461335398.0,324,1357146700075.1704,104,0.01982468966381967,0.3341571106541724,27.936405597110056,26.84026159168773,0.038598828815018305,-0.0025145784192406317,-0.058471726141423264,-0.03958545503191735
UTILITIES,2024Q2,2024-06-28,109,4425504166.339286,492270670083.3353,10295634634.0,326,1390285043503.8855,105,0.01975452723311665,0.3540789512075043,27.960529909316712,26.922294544613678,0.024417657595070308,0.08549157936400675,-0.015839351067137963,0.05961818533303487
UTILITIES,2024Q3,2024-09-30,109,4747563141.3348675,504660556625.6557,10392786192.0,327,1647054536684.6929,105,0.022269994981407453,0.3064018497174186,28.130009679317,26.9471518751218,0.18468838054510073,0.025168849771656898,0.009436189361185177,-0.13465104696987507
UTILITIES,2024Q4,2024-12-31,109,4971869888.515406,582181857377.1345,12011181904.0,327,1548202218671.155,105,0.02051816714749242,0.3760373485815244,28.068115514780946,27.090048705591233,-0.0600176350034618,0.15361077804418577,0.15572298728186906,0.22726853290320426
UTILITIES,2025Q1,2025-03-31,113,4938024370.570825,726098064911.6364,14249346893.0,336,1644889918187.7185,109,0.02264406669941485,0.4414265397842705,28.128694578871883,27.310950918286554,0.06245159601925376,0.24720146413163402,0.18634011264575379,0.1738901506709507
UTILITIES,2025Q2,2025-06-30,114,5647033612.242689,761002865678.7058,14840733383.0,340,1760108752365.7078,110,0.021790585178161292,0.43236127577677536,28.196396714186495,27.35790296047736,0.0700465319314092,0.04807174464969455,0.04150270847083659,-0.02053629129758583
UTILITIES,2025Q3,2025-09-12,114,5813865000.0,579826835422.3584,10632583877.0,342,1839553142500.0,110,0.021129537796261068,0.3151998287118571,28.240543800717866,27.085995336294182,0.04513606902273137,-0.23807535875014652,-0.28355401295871385,-0.2709804361050312
