signal_time,entry_time,exit_time,market,session_date,phase,setup,side,entry_price,stop_price,target_price,exit_price,exit_reason,holding_bars,notional_fraction,risk_fraction_deployed,gross_return,one_way_turnover,execution_cost,net_return,gross_r_multiple,net_r_multiple
2022-01-04 15:15:00+00:00,2022-01-04 15:20:00+00:00,2022-01-04 15:25:00+00:00,New_York,2022-01-04,opening_followthrough_30m,value_area_bounce,short,47288.89,47426.790714285715,47013.08857142857,47350.58,phase_end,2,0.8572995840692836,0.0025,-0.0011183770932504309,1.7145991681385673,0.002571898752207851,-0.003690275845458282,-0.44735083730017233,-1.476110338183313
2022-01-05 00:45:00+00:00,2022-01-05 00:50:00+00:00,2022-01-05 00:55:00+00:00,Tokyo,2022-01-05,opening_followthrough_30m,value_area_bounce,short,46175.0,46300.479999999996,45924.04,46271.57,phase_end,2,0.9199673254702053,0.0025,-0.0019240117947082543,1.8399346509404106,0.002759901976410616,-0.00468391377111887,-0.7696047178833016,-1.8735655084475478
2022-01-05 08:00:00+00:00,2022-01-05 08:05:00+00:00,2022-01-05 08:25:00+00:00,London,2022-01-05,opening_first_30m,value_area_bounce,short,46340.36,46391.586428571434,46237.90714285714,46350.16,phase_end,5,1.0,0.0011054387270929816,-0.00021147871963012044,2.0,0.003,-0.0032114787196301205,-0.1913075003137034,-2.905162123345796
2022-01-05 08:40:00+00:00,2022-01-05 08:45:00+00:00,2022-01-05 08:45:00+00:00,London,2022-01-05,opening_followthrough_30m,opening_range_breakout,long,46519.93,46459.55357142857,46640.682857142856,46640.682857142856,target,1,1.0,0.0012978615524879204,0.0025957231049758,2.0,0.003,-0.0004042768950242,1.9999999999999687,-0.31149462301986386
2022-01-06 08:35:00+00:00,2022-01-06 08:40:00+00:00,2022-01-06 08:55:00+00:00,London,2022-01-06,opening_followthrough_30m,value_area_bounce,long,43017.87,42896.993571428575,43259.62285714286,43055.41,phase_end,4,0.8897075821234179,0.0025,0.0007764127473748865,1.7794151642468359,0.0026691227463702537,-0.0018927099989953671,0.3105650989499546,-0.7570839995981469
2022-01-06 14:45:00+00:00,2022-01-06 14:50:00+00:00,2022-01-06 14:55:00+00:00,New_York,2022-01-06,opening_first_30m,value_area_bounce,short,42879.23,43024.40285714286,42588.88428571429,42805.5,phase_end,2,0.7384167888527038,0.0025,0.001269693272059995,1.4768335777054076,0.0022152503665581113,-0.0009455570944981162,0.5078773088239981,-0.3782228377992465
2022-01-06 16:15:00+00:00,2022-01-06 16:20:00+00:00,2022-01-06 16:25:00+00:00,London,2022-01-06,closing_last_30m,value_area_bounce,short,43017.39,43150.15714285714,42751.85571428571,42863.02,phase_end,2,0.81001573646663,0.0025,0.0029067809376243934,1.62003147293326,0.00243004720939989,0.0004767337282245033,1.1627123750497572,0.19069349128980131
2022-01-07 00:30:00+00:00,2022-01-07 00:35:00+00:00,2022-01-07 00:35:00+00:00,Tokyo,2022-01-07,opening_followthrough_30m,opening_range_breakout,short,42759.01,42854.395000000004,42568.24,42854.395000000004,stop,1,1.0,0.002230757915115445,-0.002230757915115511,2.0,0.003,-0.005230757915115511,-1.0000000000000295,-2.3448344079257977
2022-01-07 15:05:00+00:00,2022-01-07 15:10:00+00:00,2022-01-07 15:25:00+00:00,New_York,2022-01-07,opening_followthrough_30m,opening_range_breakout,short,41540.44,41720.535,41180.25,41580.95,phase_end,4,0.5766462144978985,0.0025,-0.0005623420972264407,1.153292428995797,0.0017299386434936957,-0.0022922807407201365,-0.22493683889057628,-0.9169122962880546
2022-01-07 21:05:00+00:00,2022-01-07 21:10:00+00:00,2022-01-07 21:25:00+00:00,New_York,2022-01-07,after_close_30m,value_area_bounce,short,41932.7,42065.30714285714,41667.48571428571,41860.79,phase_end,4,0.7905437651494717,0.0025,0.0013556962025315783,1.5810875302989433,0.002371631295448415,-0.001015935092916837,0.5422784810126313,-0.40637403716673476
2022-01-10 08:35:00+00:00,2022-01-10 08:40:00+00:00,2022-01-10 08:55:00+00:00,London,2022-01-10,opening_followthrough_30m,opening_range_breakout,short,41740.0,41823.595,41572.81,41823.595,stop,4,1.0,0.0020027551509343585,-0.002002755150934288,2.0,0.003,-0.005002755150934288,-0.9999999999999647,-2.4979364794544754
2022-01-11 00:00:00+00:00,2022-01-11 00:05:00+00:00,2022-01-11 00:25:00+00:00,Tokyo,2022-01-11,opening_first_30m,value_area_bounce,short,41779.71,41875.34714285714,41588.43571428571,41684.07,phase_end,5,1.0,0.0022890810600921657,0.0022891494459870154,2.0,0.003,-0.0007108505540129846,1.000029874824462,-0.310539703641759
2022-01-11 08:30:00+00:00,2022-01-11 08:35:00+00:00,2022-01-11 08:55:00+00:00,London,2022-01-11,opening_followthrough_30m,opening_range_breakout,short,42080.69,42199.36642857143,41843.33714285714,41991.78,phase_end,5,0.8864584675016658,0.0025,0.0018729498576562776,1.7729169350033316,0.0026593754025049975,-0.0007864255448487198,0.749179943062511,-0.3145702179394879
2022-01-11 15:00:00+00:00,2022-01-11 15:05:00+00:00,2022-01-11 15:15:00+00:00,New_York,2022-01-11,opening_followthrough_30m,opening_range_breakout,long,41944.03,41770.767857142855,42290.55428571429,41770.767857142855,stop,3,0.6052105397683908,0.0025000000000000005,-0.002500000000000021,1.2104210795367816,0.0018156316193051723,-0.004315631619305193,-1.0000000000000082,-1.726252647722077
2022-01-12 00:00:00+00:00,2022-01-12 00:05:00+00:00,2022-01-12 00:20:00+00:00,Tokyo,2022-01-12,opening_first_30m,value_area_bounce,long,42846.45,42750.75214285714,43037.845714285715,42750.75214285714,stop,4,1.0,0.002233507260061392,-0.0022335072600613293,2.0,0.003,-0.005233507260061329,-0.9999999999999718,-2.343178978481349
2022-01-12 00:50:00+00:00,2022-01-12 00:55:00+00:00,2022-01-12 00:55:00+00:00,Tokyo,2022-01-12,opening_followthrough_30m,value_area_bounce,long,42699.67,42583.72142857143,42931.56714285714,42675.0,phase_end,1,0.9206596828643288,0.0025,-0.0005319168596914057,1.8413193657286575,0.0027619790485929863,-0.003293895908284392,-0.2127667438765623,-1.3175583633137569
2022-01-12 06:05:00+00:00,2022-01-12 06:10:00+00:00,2022-01-12 06:25:00+00:00,Tokyo,2022-01-12,after_close_30m,value_area_bounce,short,42688.32,42745.927142857145,42573.10571428572,42701.57,phase_end,4,1.0,0.0013494825483210127,-0.0003103893524036838,2.0,0.003,-0.003310389352403684,-0.23000619962804358,-2.4530805207687756
2022-01-13 00:05:00+00:00,2022-01-13 00:10:00+00:00,2022-01-13 00:25:00+00:00,Tokyo,2022-01-13,opening_first_30m,value_area_bounce,short,43951.01,44030.03,43792.97,43872.14,phase_end,4,1.0,0.0017979109012511985,0.0017944980103984376,2.0,0.003,-0.0012055019896015625,0.9981017463933358,-0.6705015186028584
2022-01-13 08:30:00+00:00,2022-01-13 08:35:00+00:00,2022-01-13 08:40:00+00:00,London,2022-01-13,opening_followthrough_30m,opening_range_breakout,long,43862.46,43796.20857142857,43994.962857142855,43796.20857142857,stop,2,1.0,0.0015104357706209105,-0.0015104357706209326,2.0,0.003,-0.004510435770620933,-1.0000000000000147,-2.9861817750560693
2022-01-13 14:45:00+00:00,2022-01-13 14:50:00+00:00,2022-01-13 14:55:00+00:00,New_York,2022-01-13,opening_first_30m,value_area_bounce,short,44020.9,44173.165714285715,43716.368571428575,44173.165714285715,stop,2,0.722764481263958,0.0025,-0.0025000000000000603,1.445528962527916,0.002168293443791874,-0.004668293443791934,-1.0000000000000242,-1.8673173775167737
2022-01-14 16:40:00+00:00,2022-01-14 16:45:00+00:00,2022-01-14 16:55:00+00:00,London,2022-01-14,after_close_30m,value_area_bounce,short,43126.83,43264.66642857143,42851.15714285715,43201.06,phase_end,3,0.7822103062118146,0.0025,-0.0013463421964957404,1.5644206124236293,0.002346630918635444,-0.0036929731151311845,-0.5385368785982961,-1.4771892460524738
2022-01-18 14:40:00+00:00,2022-01-18 14:45:00+00:00,2022-01-18 14:45:00+00:00,New_York,2022-01-18,opening_first_30m,value_area_bounce,long,41591.47,41436.315,41901.78,41436.315,stop,1,0.6701600012890341,0.0025,-0.0024999999999999536,1.3403200025780682,0.002010480003867102,-0.004510480003867056,-0.9999999999999815,-1.8041920015468222
2022-01-18 15:20:00+00:00,2022-01-18 15:25:00+00:00,2022-01-18 15:25:00+00:00,New_York,2022-01-18,opening_followthrough_30m,opening_range_breakout,long,41764.79,41571.430714285714,42151.508571428574,41793.51,phase_end,1,0.5399894533861822,0.0025000000000000005,0.0003713294643945597,1.0799789067723644,0.0016199683601585467,-0.0012486388957639871,0.14853178575782386,-0.49945555830559474
2022-01-18 16:05:00+00:00,2022-01-18 16:10:00+00:00,2022-01-18 16:25:00+00:00,London,2022-01-18,closing_last_30m,value_area_bounce,short,41528.77,41672.21714285714,41241.875714285714,41552.43,phase_end,4,0.723764328324021,0.0025,-0.0004123470068617114,1.447528656648042,0.002171292984972063,-0.0025836399918337744,-0.16493880274468456,-1.0334559967335097
2022-01-19 08:35:00+00:00,2022-01-19 08:40:00+00:00,2022-01-19 08:55:00+00:00,London,2022-01-19,opening_followthrough_30m,value_area_bounce,long,41264.51,41155.30785714286,41482.91428571429,41368.68,phase_end,4,0.944681782801235,0.0025,0.0023847975249046594,1.88936356560247,0.002834045348403705,-0.0004492478234990457,0.9539190099618637,-0.17969912939961827
2022-01-19 14:30:00+00:00,2022-01-19 14:35:00+00:00,2022-01-19 14:35:00+00:00,New_York,2022-01-19,opening_first_30m,value_area_bounce,short,42233.94,42345.71,42010.4,42345.71,stop,1,0.9446618054934248,0.0025,-0.0024999999999999983,1.8893236109868496,0.0028339854164802745,-0.005333985416480273,-0.9999999999999993,-2.1335941665921094
2022-01-20 05:50:00+00:00,2022-01-20 05:55:00+00:00,2022-01-20 05:55:00+00:00,Tokyo,2022-01-20,closing_last_30m,value_area_bounce,long,41860.13,41798.17,41984.049999999996,41879.2,phase_end,1,1.0,0.0014801674051179404,0.00045556475816010966,2.0,0.003,-0.0025444352418398904,0.30777921239510747,-1.7190185603615211
2022-01-20 08:00:00+00:00,2022-01-20 08:05:00+00:00,2022-01-20 08:25:00+00:00,London,2022-01-20,opening_first_30m,value_area_bounce,short,41980.01,42043.31642857143,41853.397142857146,41921.26,phase_end,5,1.0,0.0015080136610598632,0.0013994756075570436,2.0,0.003,-0.0016005243924429565,0.9280258154779998,-1.061346083110464
2022-01-20 15:00:00+00:00,2022-01-20 15:05:00+00:00,2022-01-20 15:10:00+00:00,New_York,2022-01-20,opening_followthrough_30m,opening_range_breakout,long,43146.82,43001.75571428571,43436.94857142857,43436.94857142857,target,2,0.7435810231916878,0.0025,0.00499999999999991,1.4871620463833757,0.0022307430695750635,0.0027692569304248464,1.999999999999964,1.1077027721699386
2022-01-20 16:30:00+00:00,2022-01-20 16:35:00+00:00,2022-01-20 16:55:00+00:00,London,2022-01-20,after_close_30m,value_area_bounce,short,43290.0,43413.80428571429,43042.39142857143,43274.78,phase_end,5,0.874161983776232,0.0025,0.0003073399259199758,1.748323967552464,0.002622485951328696,-0.00231514602540872,0.12293597036799031,-0.926058410163488
2022-01-21 21:00:00+00:00,2022-01-21 21:05:00+00:00,2022-01-21 21:25:00+00:00,New_York,2022-01-21,after_close_30m,value_area_bounce,short,38273.06,38550.39142857143,37718.39714285714,38022.84,phase_end,5,0.34501192487585836,0.0025,0.0022556044340964142,0.6900238497517167,0.001035035774627575,0.0012205686594688391,0.9022417736385657,0.4882274637875356
2022-01-24 08:50:00+00:00,2022-01-24 08:55:00+00:00,2022-01-24 08:55:00+00:00,London,2022-01-24,opening_followthrough_30m,value_area_bounce,short,35001.37,35174.8,34654.51,34959.79,phase_end,1,0.5045460704607053,0.0025000000000000005,0.0005993772703684832,1.0090921409214106,0.001513638211382116,-0.0009142609410136326,0.23975090814739325,-0.365704376405453
2022-01-25 08:05:00+00:00,2022-01-25 08:10:00+00:00,2022-01-25 08:10:00+00:00,London,2022-01-25,opening_first_30m,value_area_bounce,short,36122.28,36243.52857142857,35879.782857142854,36243.52857142857,stop,1,0.7447980535853134,0.0025,-0.002500000000000026,1.4895961071706267,0.00223439416075594,-0.004734394160755966,-1.0000000000000104,-1.8937576643023863
2022-01-26 00:00:00+00:00,2022-01-26 00:05:00+00:00,2022-01-26 00:10:00+00:00,Tokyo,2022-01-26,opening_first_30m,value_area_bounce,short,36830.3,36942.55714285714,36605.78571428572,36942.55714285714,stop,2,0.820221748536528,0.0025,-0.0024999999999999263,1.640443497073056,0.002460665245609584,-0.00496066524560951,-0.9999999999999705,-1.9842660982438038
2022-01-26 00:45:00+00:00,2022-01-26 00:50:00+00:00,2022-01-26 00:55:00+00:00,Tokyo,2022-01-26,opening_followthrough_30m,value_area_bounce,short,36687.7,36808.19071428571,36446.718571428566,36638.5,phase_end,2,0.7612142607314125,0.0025,0.0010208255526506945,1.522428521462825,0.0022836427821942376,-0.001262817229543543,0.4083302210602778,-0.5051268918174172
2022-01-26 05:50:00+00:00,2022-01-26 05:55:00+00:00,2022-01-26 05:55:00+00:00,Tokyo,2022-01-26,closing_last_30m,value_area_bounce,short,37613.99,37770.99428571429,37299.981428571424,37600.0,phase_end,1,0.5989325359635261,0.0025,0.00022276461971005725,1.1978650719270523,0.0017967976078905785,-0.0015740329881805213,0.0891058478840229,-0.6296131952722085
2022-01-27 06:05:00+00:00,2022-01-27 06:10:00+00:00,2022-01-27 06:25:00+00:00,Tokyo,2022-01-27,after_close_30m,value_area_bounce,long,35904.39,35796.15857142857,36120.85285714286,35926.6,phase_end,4,0.8293429753702316,0.0025,0.0005130210395712969,1.6586859507404632,0.002488028926110695,-0.001975007886539398,0.20520841582851876,-0.7900031546157591
2022-01-27 08:30:00+00:00,2022-01-27 08:35:00+00:00,2022-01-27 08:35:00+00:00,London,2022-01-27,opening_followthrough_30m,value_area_bounce,short,35902.94,36007.51785714286,35693.78428571429,36007.51785714286,stop,1,0.8582825509360784,0.0025,-0.0025000000000000456,1.7165651018721568,0.0025748476528082353,-0.005074847652808281,-1.0000000000000182,-2.0299390611233123
2022-01-27 16:30:00+00:00,2022-01-27 16:35:00+00:00,2022-01-27 16:45:00+00:00,London,2022-01-27,after_close_30m,value_area_bounce,long,36653.71,36500.52357142857,36960.08285714286,36500.52357142857,stop,3,0.5981879455938395,0.0025,-0.0024999999999999753,1.196375891187679,0.0017945638367815185,-0.004294563836781494,-0.9999999999999901,-1.7178255347125977
2022-01-28 15:10:00+00:00,2022-01-28 15:15:00+00:00,2022-01-28 15:20:00+00:00,New_York,2022-01-28,opening_followthrough_30m,opening_range_breakout,long,37150.0,36996.497142857144,37457.00571428571,36996.497142857144,stop,2,0.6050375981833747,0.0025,-0.0024999999999999584,1.2100751963667493,0.001815112794550124,-0.004315112794550082,-0.9999999999999833,-1.726045117820033
2022-01-31 00:00:00+00:00,2022-01-31 00:05:00+00:00,2022-01-31 00:25:00+00:00,Tokyo,2022-01-31,opening_first_30m,value_area_bounce,short,37872.66,37990.58714285715,37636.80571428572,37676.0,phase_end,5,0.8028825909459892,0.0025,0.004169099565106919,1.6057651818919785,0.002408647772837968,0.0017604517922689506,1.6676398260427674,0.7041807169075802
2022-01-31 00:30:00+00:00,2022-01-31 00:35:00+00:00,2022-01-31 00:40:00+00:00,Tokyo,2022-01-31,opening_followthrough_30m,opening_range_breakout,short,37579.51,37679.31428571429,37379.90142857143,37379.90142857143,target,2,0.9413300674176638,0.0025,0.005000000000000031,1.8826601348353276,0.0028239902022529914,0.00217600979774704,2.0000000000000124,0.870403919098816
2022-01-31 15:05:00+00:00,2022-01-31 15:10:00+00:00,2022-01-31 15:25:00+00:00,New_York,2022-01-31,opening_followthrough_30m,opening_range_breakout,long,37775.15,37641.53785714286,38042.374285714286,37716.0,phase_end,4,0.7068060804995298,0.0025,-0.0011067482104385501,1.4136121609990595,0.002120418241498589,-0.0032271664519371393,-0.44269928417542004,-1.2908665807748556
2022-02-01 00:00:00+00:00,2022-02-01 00:05:00+00:00,2022-02-01 00:05:00+00:00,Tokyo,2022-02-01,opening_first_30m,value_area_bounce,long,38432.84,38364.667142857135,38569.18571428571,38569.18571428571,target,1,1.0,0.0017738178376320373,0.0035476356752639493,2.0,0.003,0.0005476356752639492,1.9999999999999294,0.3087327591625851
2022-02-01 14:35:00+00:00,2022-02-01 14:40:00+00:00,2022-02-01 14:45:00+00:00,New_York,2022-02-01,opening_first_30m,value_area_bounce,short,38734.27,38899.15214285714,38404.50571428571,38404.50571428571,target,2,0.587302380488226,0.0025,0.004999999999999968,1.174604760976452,0.0017619071414646781,0.00323809285853529,1.9999999999999871,1.2952371434141159
2022-02-01 15:00:00+00:00,2022-02-01 15:05:00+00:00,2022-02-01 15:20:00+00:00,New_York,2022-02-01,opening_followthrough_30m,opening_range_breakout,short,38264.16,38465.48428571429,37861.51142857143,38465.48428571429,stop,4,0.4751557898770285,0.0025,-0.0025000000000000044,0.950311579754057,0.0014254673696310854,-0.00392546736963109,-1.0000000000000018,-1.570186947852436
2022-02-02 00:20:00+00:00,2022-02-02 00:25:00+00:00,2022-02-02 00:25:00+00:00,Tokyo,2022-02-02,opening_first_30m,value_area_bounce,short,38761.89,38862.029285714285,38561.61142857143,38754.14,phase_end,1,0.9676993830022439,0.0025,0.00019348050929059838,1.9353987660044878,0.0029030981490067317,-0.0027096176397161335,0.07739220371623935,-1.0838470558864535
2022-02-02 00:30:00+00:00,2022-02-02 00:35:00+00:00,2022-02-02 00:45:00+00:00,Tokyo,2022-02-02,opening_followthrough_30m,opening_range_breakout,short,38523.01,38631.07785714286,38306.874285714286,38631.07785714286,stop,3,0.8911764103241943,0.0025,-0.0024999999999999753,1.7823528206483885,0.0026735292309725826,-0.005173529230972558,-0.9999999999999901,-2.069411692389023
2022-02-02 05:35:00+00:00,2022-02-02 05:40:00+00:00,2022-02-02 05:55:00+00:00,Tokyo,2022-02-02,closing_last_30m,value_area_bounce,long,38389.07,38311.69714285714,38543.815714285716,38416.38,phase_end,4,1.0,0.002015491835120171,0.000711400406417706,2.0,0.003,-0.002288599593582294,0.35296615645941815,-1.135504274293346
2022-02-03 05:45:00+00:00,2022-02-03 05:50:00+00:00,2022-02-03 05:50:00+00:00,Tokyo,2022-02-03,closing_last_30m,value_area_bounce,short,36943.56,37000.64571428571,36829.38857142857,37000.64571428571,stop,1,1.0,0.001545214220982333,-0.001545214220982194,2.0,0.003,-0.004545214220982194,-0.9999999999999101,-2.9414783783782954
2022-02-03 06:00:00+00:00,2022-02-03 06:05:00+00:00,2022-02-03 06:20:00+00:00,Tokyo,2022-02-03,after_close_30m,value_area_bounce,short,36979.18,37043.137142857144,36851.26571428571,36851.26571428571,target,4,1.0,0.0017295446480193309,0.0034590892960386643,2.0,0.003,0.00045908929603866427,2.0000000000000013,0.26543940138487426
2022-02-03 14:30:00+00:00,2022-02-03 14:35:00+00:00,2022-02-03 14:35:00+00:00,New_York,2022-02-03,opening_first_30m,value_area_bounce,short,36516.75,36644.59,36261.07,36644.59,stop,1,0.7141104114518169,0.0025,-0.0024999999999999116,1.4282208229036337,0.0021423312343554508,-0.004642331234355363,-0.9999999999999646,-1.856932493742145
2022-02-03 21:00:00+00:00,2022-02-03 21:05:00+00:00,2022-02-03 21:25:00+00:00,New_York,2022-02-03,after_close_30m,value_area_bounce,long,36769.35,36633.43714285714,37041.17571428572,36815.88,phase_end,5,0.6763405385803908,0.0025,0.0008558792924036744,1.3526810771607816,0.0020290216157411722,-0.0011731423233374977,0.34235171696146977,-0.4692569293349991
2022-02-04 14:45:00+00:00,2022-02-04 14:50:00+00:00,2022-02-04 14:55:00+00:00,New_York,2022-02-04,opening_first_30m,value_area_bounce,short,37854.53,38024.85,37513.89,37953.2,phase_end,2,0.5556383572099536,0.0025,-0.0014483031939877054,1.1112767144199072,0.0016669150716298608,-0.0031152182656175665,-0.5793212775950821,-1.2460873062470266
2022-02-04 15:00:00+00:00,2022-02-04 15:05:00+00:00,2022-02-04 15:05:00+00:00,New_York,2022-02-04,opening_followthrough_30m,opening_range_breakout,long,38117.44,37935.62928571428,38481.06142857143,38481.06142857143,target,1,0.5241363270277131,0.0024999999999999996,0.0050000000000000235,1.0482726540554261,0.0015724089810831392,0.0034275910189168843,2.0000000000000098,1.371036407566754
2022-02-07 15:15:00+00:00,2022-02-07 15:20:00+00:00,2022-02-07 15:20:00+00:00,New_York,2022-02-07,opening_followthrough_30m,value_area_bounce,short,43138.64,43341.67857142857,42732.56285714285,43341.67857142857,stop,1,0.5311631146791248,0.0025,-0.0024999999999999914,1.0623262293582496,0.0015934893440373743,-0.004093489344037366,-0.9999999999999966,-1.6373957376149464
2022-02-08 08:00:00+00:00,2022-02-08 08:05:00+00:00,2022-02-08 08:05:00+00:00,London,2022-02-08,opening_first_30m,value_area_bounce,short,44745.01,44855.665714285715,44523.69857142858,44523.69857142858,target,1,1.0,0.0024730291553340536,0.004946058310668078,2.0,0.003,0.0019460583106680777,1.999999999999988,0.7869128054841742
2022-02-08 14:30:00+00:00,2022-02-08 14:35:00+00:00,2022-02-08 14:35:00+00:00,New_York,2022-02-08,opening_first_30m,value_area_bounce,short,43530.31,43634.59714285714,43321.735714285714,43634.59714285714,stop,1,1.0,0.002395736277943854,-0.002395736277943872,2.0,0.003,-0.005395736277943872,-1.0000000000000073,-2.252224640758362
2022-02-08 15:00:00+00:00,2022-02-08 15:05:00+00:00,2022-02-08 15:05:00+00:00,New_York,2022-02-08,opening_followthrough_30m,opening_range_breakout,short,43287.72,43433.51,42996.14,42996.14,target,1,0.742295767885318,0.0025,0.005000000000000051,1.484591535770636,0.002226887303655954,0.0027731126963440973,2.0000000000000204,1.1092450785376389
2022-02-08 16:00:00+00:00,2022-02-08 16:05:00+00:00,2022-02-08 16:15:00+00:00,London,2022-02-08,closing_last_30m,value_area_bounce,short,43361.76,43584.34357142857,42916.59285714286,43584.34357142857,stop,3,0.4870278579153247,0.0025,-0.0024999999999999415,0.9740557158306494,0.001461083573745974,-0.003961083573745916,-0.9999999999999766,-1.5844334294983664
2022-02-08 16:45:00+00:00,2022-02-08 16:50:00+00:00,2022-02-08 16:55:00+00:00,London,2022-02-08,after_close_30m,value_area_bounce,short,43226.54,43386.952142857146,42905.71571428572,43017.01,phase_end,2,0.6736793616443391,0.0025,0.003265494685564438,1.3473587232886781,0.0020210380849330174,0.0012444566006314206,1.3061978742257752,0.49778264025256824
2022-02-09 00:35:00+00:00,2022-02-09 00:40:00+00:00,2022-02-09 00:40:00+00:00,Tokyo,2022-02-09,opening_followthrough_30m,value_area_bounce,long,44027.31,43935.91857142857,44210.09285714285,44210.09285714285,target,1,1.0,0.002075789517266188,0.004151579034532338,2.0,0.003,0.0011515790345323377,1.9999999999999816,0.5547667646231135
2022-02-09 08:05:00+00:00,2022-02-09 08:10:00+00:00,2022-02-09 08:15:00+00:00,London,2022-02-09,opening_first_30m,value_area_bounce,short,43715.99,43836.55142857142,43474.86714285714,43474.86714285714,target,2,0.9065086263078689,0.0025,0.005000000000000042,1.8130172526157378,0.0027195258789236066,0.002280474121076435,2.0000000000000164,0.912189648430574
2022-02-09 16:00:00+00:00,2022-02-09 16:05:00+00:00,2022-02-09 16:10:00+00:00,London,2022-02-09,closing_last_30m,value_area_bounce,long,44001.09,43854.13785714286,44294.99428571428,43854.13785714286,stop,2,0.7485615579416113,0.0025,-0.002499999999999958,1.4971231158832226,0.002245684673824834,-0.004745684673824792,-0.9999999999999831,-1.8982738695299168
2022-02-10 06:05:00+00:00,2022-02-10 06:10:00+00:00,2022-02-10 06:25:00+00:00,Tokyo,2022-02-10,after_close_30m,value_area_bounce,short,43859.99,43929.49785714285,43720.974285714285,43783.22,phase_end,4,1.0,0.00158476682604936,0.0017503423963388665,2.0,0.003,-0.0012496576036611336,1.1044794524770987,-0.7885435151216442
2022-02-10 15:00:00+00:00,2022-02-10 15:05:00+00:00,2022-02-10 15:10:00+00:00,New_York,2022-02-10,opening_followthrough_30m,opening_range_breakout,long,45180.75,44880.60642857143,45781.037142857145,44880.60642857143,stop,2,0.37632615105628003,0.0025,-0.0024999999999999745,0.7526523021125601,0.0011289784531688402,-0.0036289784531688147,-0.9999999999999898,-1.4515913812675258
2022-02-11 08:30:00+00:00,2022-02-11 08:35:00+00:00,2022-02-11 08:55:00+00:00,London,2022-02-11,opening_followthrough_30m,value_area_bounce,short,43326.87,43419.42928571429,43141.751428571435,43141.751428571435,target,5,1.0,0.002136302154166336,0.00427260430833265,2.0,0.003,0.0012726043083326503,1.9999999999999898,0.5957042667633631
2022-02-11 14:30:00+00:00,2022-02-11 14:35:00+00:00,2022-02-11 14:45:00+00:00,New_York,2022-02-11,opening_first_30m,value_area_bounce,short,43487.27,43616.77714285714,43228.25571428571,43616.77714285714,stop,3,0.8394762837129717,0.0025,-0.002500000000000024,1.6789525674259433,0.002518428851138915,-0.005018428851138939,-1.0000000000000095,-2.0073715404555754
2022-02-11 15:00:00+00:00,2022-02-11 15:05:00+00:00,2022-02-11 15:25:00+00:00,New_York,2022-02-11,opening_followthrough_30m,value_area_bounce,long,43627.25,43419.509999999995,44042.73,43626.79,phase_end,5,0.5250222634061767,0.0025,-5.535765861183652e-06,1.0500445268123535,0.0015750667902185303,-0.001580602556079714,-0.0022143063444734607,-0.6322410224318855
2022-02-11 20:40:00+00:00,2022-02-11 20:45:00+00:00,2022-02-11 20:55:00+00:00,New_York,2022-02-11,closing_last_30m,value_area_bounce,long,42445.67,42228.299999999996,42880.409999999996,42338.66,phase_end,3,0.4881730459585027,0.0025,-0.0012307356120898948,0.9763460919170054,0.0014645191378755082,-0.002695254749965403,-0.4922942448359579,-1.0781018999861611
2022-02-14 06:20:00+00:00,2022-02-14 06:25:00+00:00,2022-02-14 06:25:00+00:00,Tokyo,2022-02-14,after_close_30m,value_area_bounce,short,41892.11,41958.397142857146,41759.53571428571,41868.98,phase_end,1,1.0,0.0015823300105233102,0.0005521326092191581,2.0,0.003,-0.002447867390780842,0.348936445335165,-1.547001810305854
2022-02-14 08:35:00+00:00,2022-02-14 08:40:00+00:00,2022-02-14 08:55:00+00:00,London,2022-02-14,opening_followthrough_30m,opening_range_breakout,short,42072.0,42159.572857142855,41896.85428571429,42033.61,phase_end,4,1.0,0.0020814997419389713,0.0009124833618558981,2.0,0.003,-0.002087516638144102,0.43837784049201756,-1.0028906543123208
2022-02-14 15:00:00+00:00,2022-02-14 15:05:00+00:00,2022-02-14 15:25:00+00:00,New_York,2022-02-14,opening_followthrough_30m,value_area_bounce,long,42476.98,42349.74285714286,42731.45428571429,42462.51,phase_end,5,0.8346025980733391,0.0025,-0.00028431163406917985,1.6692051961466783,0.0025038077942200173,-0.002788119428289197,-0.11372465362767194,-1.1152477713156788
2022-02-15 00:15:00+00:00,2022-02-15 00:20:00+00:00,2022-02-15 00:25:00+00:00,Tokyo,2022-02-15,opening_first_30m,value_area_bounce,short,42540.7,42609.279285714285,42403.54142857143,42555.9,phase_end,2,1.0,0.0016120864422608167,-0.0003573048868497075,2.0,0.003,-0.0033573048868497076,-0.22164127027122518,-2.082583662288833
2022-02-15 08:00:00+00:00,2022-02-15 08:05:00+00:00,2022-02-15 08:05:00+00:00,London,2022-02-15,opening_first_30m,value_area_bounce,short,43612.69,43696.58142857143,43444.90714285715,43696.58142857143,stop,1,1.0,0.0019235554736804418,-0.001923555473680505,2.0,0.003,-0.004923555473680505,-1.0000000000000329,-2.5596118963286263
2022-02-15 08:35:00+00:00,2022-02-15 08:40:00+00:00,2022-02-15 08:45:00+00:00,London,2022-02-15,opening_followthrough_30m,opening_range_breakout,long,44033.56,43920.252857142856,44260.17428571428,43920.252857142856,stop,2,0.9715530479732737,0.0025,-0.00249999999999995,1.9431060959465474,0.002914659143919821,-0.005414659143919771,-0.99999999999998,-2.1658636575679084
2022-02-16 00:00:00+00:00,2022-02-16 00:05:00+00:00,2022-02-16 00:20:00+00:00,Tokyo,2022-02-16,opening_first_30m,value_area_bounce,short,44410.49,44535.174999999996,44161.12,44161.12,target,4,0.8904537434334577,0.0025,0.0049999999999998995,1.7809074868669155,0.002671361230300373,0.0023286387696995264,1.9999999999999598,0.9314555078798106
2022-02-16 05:30:00+00:00,2022-02-16 05:35:00+00:00,2022-02-16 05:50:00+00:00,Tokyo,2022-02-16,closing_last_30m,value_area_bounce,short,44016.82,44094.54714285714,43861.36571428571,44094.54714285714,stop,4,1.0,0.0017658509373721881,-0.0017658509373721376,2.0,0.003,-0.004765850937372138,-0.9999999999999714,-2.698897645610072
2022-02-16 14:30:00+00:00,2022-02-16 14:35:00+00:00,2022-02-16 14:45:00+00:00,New_York,2022-02-16,opening_first_30m,value_area_bounce,long,43690.35,43535.727857142854,43999.59428571429,43535.727857142854,stop,3,0.7064051304793717,0.0025,-0.0025000000000000595,1.4128102609587434,0.0021192153914381152,-0.004619215391438175,-1.0000000000000238,-1.8476861565752698
2022-02-17 16:10:00+00:00,2022-02-17 16:15:00+00:00,2022-02-17 16:20:00+00:00,London,2022-02-17,closing_last_30m,value_area_bounce,long,42042.89,41883.24642857143,42362.17714285714,41883.24642857143,stop,2,0.6583868304839857,0.0025,-0.0025000000000000105,1.3167736609679714,0.0019751604914519574,-0.004475160491451968,-1.0000000000000042,-1.7900641965807873
2022-02-18 16:10:00+00:00,2022-02-18 16:15:00+00:00,2022-02-18 16:25:00+00:00,London,2022-02-18,closing_last_30m,value_area_bounce,long,39962.64,39727.00571428571,40433.90857142857,40433.90857142857,target,3,0.4239900814822003,0.0025,0.004999999999999967,0.8479801629644006,0.0012719702444466009,0.0037280297555533663,1.999999999999987,1.4912119022213466
2022-02-21 00:50:00+00:00,2022-02-21 00:55:00+00:00,2022-02-21 00:55:00+00:00,Tokyo,2022-02-21,opening_followthrough_30m,opening_range_breakout,long,38599.98,38477.143571428576,38845.65285714286,38741.34,phase_end,1,0.7855971646382244,0.0025,0.0028769967029323973,1.5711943292764488,0.002356791493914673,0.0005202052090177243,1.150798681172959,0.2080820836070897
2022-02-21 08:15:00+00:00,2022-02-21 08:20:00+00:00,2022-02-21 08:25:00+00:00,London,2022-02-21,opening_first_30m,value_area_bounce,short,39228.13,39308.48285714285,39067.42428571428,39207.17,phase_end,2,1.0,0.0020483478856335316,0.0005343104552778533,2.0,0.003,-0.002465689544722147,0.2608494675271417,-1.2037454975376587
2022-02-22 00:05:00+00:00,2022-02-22 00:10:00+00:00,2022-02-22 00:25:00+00:00,Tokyo,2022-02-22,opening_first_30m,value_area_bounce,long,37021.74,36784.25,37496.719999999994,37084.74,phase_end,4,0.3897189355341303,0.0025,0.0006631858183502501,0.7794378710682606,0.001169156806602391,-0.0005059709882521408,0.26527432734010004,-0.20238839530085634
2022-02-22 06:00:00+00:00,2022-02-22 06:05:00+00:00,2022-02-22 06:25:00+00:00,Tokyo,2022-02-22,after_close_30m,value_area_bounce,short,36709.16,36864.33142857143,36398.81714285715,36674.86,phase_end,5,0.5914291106610257,0.0025,0.0005526146197754422,1.1828582213220513,0.001774287331983077,-0.0012216727122076347,0.2210458479101769,-0.4886690848830539
2022-02-22 08:50:00+00:00,2022-02-22 08:55:00+00:00,2022-02-22 08:55:00+00:00,London,2022-02-22,opening_followthrough_30m,opening_range_breakout,long,37139.72,37022.855,37373.450000000004,37108.86,phase_end,1,0.7945004920207075,0.0025,-0.0006601634364437637,1.589000984041415,0.0023835014760621226,-0.003043664912505886,-0.26406537457750545,-1.2174659650023545
2022-02-23 14:30:00+00:00,2022-02-23 14:35:00+00:00,2022-02-23 14:35:00+00:00,New_York,2022-02-23,opening_first_30m,value_area_bounce,long,38919.0,38840.765,39075.47,38840.765,stop,1,1.0,0.00201020067319303,-0.002010200673193019,2.0,0.003,-0.005010200673193019,-0.9999999999999943,-2.492388317249316
2022-02-24 00:30:00+00:00,2022-02-24 00:35:00+00:00,2022-02-24 00:50:00+00:00,Tokyo,2022-02-24,opening_followthrough_30m,opening_range_breakout,short,37064.39,37196.05142857143,36801.067142857144,36801.067142857144,target,4,0.7037822390764154,0.0025,0.004999999999999978,1.4075644781528307,0.002111346717229246,0.0028886532827707323,1.9999999999999913,1.155461313108293
2022-02-24 14:45:00+00:00,2022-02-24 14:50:00+00:00,2022-02-24 14:55:00+00:00,New_York,2022-02-24,opening_first_30m,value_area_bounce,long,35670.11,35424.09071428572,36162.14857142857,35639.83,phase_end,2,0.362472701036794,0.0025,-0.00030769945445624893,0.724945402073588,0.0010874181031103821,-0.001395117557566631,-0.12307978178249956,-0.5580470230266524
2022-02-25 06:10:00+00:00,2022-02-25 06:15:00+00:00,2022-02-25 06:25:00+00:00,Tokyo,2022-02-25,after_close_30m,value_area_bounce,long,38649.53,38530.19357142857,38888.20285714285,38580.0,phase_end,3,0.8096758563724409,0.0025,-0.0014565962973824911,1.6193517127448818,0.0024290275691173225,-0.0038856238664998137,-0.5826385189529965,-1.5542495465999255
2022-02-25 08:15:00+00:00,2022-02-25 08:20:00+00:00,2022-02-25 08:20:00+00:00,London,2022-02-25,opening_first_30m,value_area_bounce,long,38341.11,38222.07214285714,38579.18571428571,38222.07214285714,stop,1,0.8052293388057826,0.0025,-0.00250000000000003,1.6104586776115652,0.002415688016417348,-0.0049156880164173775,-1.000000000000012,-1.9662752065669509
2022-02-25 15:00:00+00:00,2022-02-25 15:05:00+00:00,2022-02-25 15:10:00+00:00,New_York,2022-02-25,opening_followthrough_30m,opening_range_breakout,short,38776.48,38992.200000000004,38345.04,38992.200000000004,stop,2,0.44938438716855056,0.0025,-0.0025000000000000144,0.8987687743371011,0.0013481531615056517,-0.003848153161505666,-1.0000000000000058,-1.5392612646022663
2022-02-28 06:10:00+00:00,2022-02-28 06:15:00+00:00,2022-02-28 06:15:00+00:00,Tokyo,2022-02-28,after_close_30m,value_area_bounce,long,37840.86,37724.495,38073.59,37724.495,stop,1,0.8129776994800985,0.0025,-0.002499999999999991,1.625955398960197,0.0024389330984402953,-0.004938933098440287,-0.9999999999999963,-1.9755732393761147
2022-02-28 15:15:00+00:00,2022-02-28 15:20:00+00:00,2022-02-28 15:25:00+00:00,New_York,2022-02-28,opening_followthrough_30m,opening_range_breakout,long,40517.37,40192.16928571429,41167.77142857143,40451.78,phase_end,2,0.311479712529185,0.0025,-0.0005042270597719228,0.62295942505837,0.000934439137587555,-0.0014386661973594776,-0.2016908239087691,-0.575466478943791
2022-03-01 06:05:00+00:00,2022-03-01 06:10:00+00:00,2022-03-01 06:10:00+00:00,Tokyo,2022-03-01,after_close_30m,value_area_bounce,short,43092.24,43166.27642857143,42944.167142857135,43166.27642857143,stop,1,1.0,0.001718091901730561,-0.0017180919017305563,2.0,0.003,-0.004718091901730556,-0.9999999999999972,-2.7461231247165663
2022-03-01 08:20:00+00:00,2022-03-01 08:25:00+00:00,2022-03-01 08:25:00+00:00,London,2022-03-01,opening_first_30m,value_area_bounce,short,43400.62,43505.005000000005,43191.850000000006,43505.005000000005,stop,1,1.0,0.0024051499725119,-0.002405149972511955,2.0,0.003,-0.005405149972511955,-1.0000000000000229,-2.247323466015262
2022-03-01 08:35:00+00:00,2022-03-01 08:40:00+00:00,2022-03-01 08:45:00+00:00,London,2022-03-01,opening_followthrough_30m,value_area_bounce,short,43499.18,43618.38142857143,43260.77714285714,43618.38142857143,stop,2,0.9123040831246033,0.0025,-0.0025000000000000877,1.8246081662492066,0.00273691224937381,-0.005236912249373898,-1.000000000000035,-2.0947648997495594
2022-03-02 00:30:00+00:00,2022-03-02 00:35:00+00:00,2022-03-02 00:45:00+00:00,Tokyo,2022-03-02,opening_followthrough_30m,opening_range_breakout,short,44025.19,44199.79642857143,43675.97714285715,44199.79642857143,stop,3,0.6303489275881683,0.0025,-0.0024999999999999927,1.2606978551763366,0.0018910467827645049,-0.004391046782764497,-0.999999999999997,-1.756418713105799
2022-03-02 08:00:00+00:00,2022-03-02 08:05:00+00:00,2022-03-02 08:05:00+00:00,London,2022-03-02,opening_first_30m,value_area_bounce,long,44010.78,43891.029285714285,44250.28142857143,43891.029285714285,stop,1,0.9187999475099967,0.0025,-0.0024999999999999285,1.8375998950199934,0.0027563998425299903,-0.005256399842529919,-0.9999999999999714,-2.102559937011968
2022-03-02 15:05:00+00:00,2022-03-02 15:10:00+00:00,2022-03-02 15:25:00+00:00,New_York,2022-03-02,opening_followthrough_30m,value_area_bounce,short,44280.54,44601.28,43639.06,44389.06,phase_end,4,0.3451435742345819,0.0025,-0.0008458564569433278,0.6902871484691638,0.0010354307227037458,-0.0018812871796470734,-0.3383425827773311,-0.7525148718588294
2022-03-03 08:15:00+00:00,2022-03-03 08:20:00+00:00,2022-03-03 08:25:00+00:00,London,2022-03-03,opening_first_30m,value_area_bounce,short,43545.84,43653.87428571428,43329.771428571425,43443.51,phase_end,2,1.0,0.0024809324085672806,0.0023499374452300437,2.0,0.003,-0.0006500625547699564,0.9471993018089172,-0.2620234846080964
2022-03-03 15:05:00+00:00,2022-03-03 15:10:00+00:00,2022-03-03 15:15:00+00:00,New_York,2022-03-03,opening_followthrough_30m,opening_range_breakout,short,43281.99,43424.45785714286,42997.05428571428,42997.05428571428,target,2,0.759504474693536,0.0025,0.0050000000000000894,1.519008949387072,0.002278513424080608,0.0027214865759194813,2.0000000000000355,1.0885946303677925
2022-03-03 16:05:00+00:00,2022-03-03 16:10:00+00:00,2022-03-03 16:25:00+00:00,London,2022-03-03,closing_last_30m,value_area_bounce,long,42556.1,42338.29928571429,42991.701428571425,42664.95,phase_end,4,0.48847521161219165,0.0025,0.0012494219814312378,0.9769504232243833,0.001465425634836575,-0.0002160036534053372,0.4997687925724951,-0.08640146136213488
2022-03-04 00:45:00+00:00,2022-03-04 00:50:00+00:00,2022-03-04 00:55:00+00:00,Tokyo,2022-03-04,opening_followthrough_30m,opening_range_breakout,short,41696.81,41850.52642857143,41389.37714285714,41603.36,phase_end,2,0.6781449840383246,0.0025,0.0015198440542185162,1.3562899680766491,0.0020344349521149736,-0.0005145908978964574,0.6079376216874065,-0.20583635915858295
2022-03-04 08:00:00+00:00,2022-03-04 08:05:00+00:00,2022-03-04 08:05:00+00:00,London,2022-03-04,opening_first_30m,value_area_bounce,short,41406.61,41486.518571428576,41246.79285714286,41486.518571428576,stop,1,1.0,0.001929850606668163,-0.001929850606668282,2.0,0.003,-0.004929850606668282,-1.0000000000000615,-2.5545244743993636
2022-03-04 08:30:00+00:00,2022-03-04 08:35:00+00:00,2022-03-04 08:35:00+00:00,London,2022-03-04,opening_followthrough_30m,opening_range_breakout,short,40913.51,41041.1,40658.33,41041.1,stop,1,0.8016598087624478,0.0025,-0.002500000000000015,1.6033196175248956,0.0024049794262873433,-0.004904979426287358,-1.000000000000006,-1.9619917705149432
2022-03-07 00:20:00+00:00,2022-03-07 00:25:00+00:00,2022-03-07 00:25:00+00:00,Tokyo,2022-03-07,opening_first_30m,value_area_bounce,long,38419.47,38219.897142857146,38818.61571428571,38380.41,phase_end,1,0.4812712328472971,0.0025,-0.0004892949943092266,0.9625424656945942,0.0014438136985418914,-0.0019331086928511178,-0.1957179977236906,-0.7732434771404472
2022-03-07 08:35:00+00:00,2022-03-07 08:40:00+00:00,2022-03-07 08:55:00+00:00,London,2022-03-07,opening_followthrough_30m,value_area_bounce,long,37983.31,37841.515,38266.9,38160.12,phase_end,4,0.6696870482033906,0.0025,0.0031173525159561553,1.3393740964067813,0.002009061144610172,0.0011082913713459834,1.2469410063824622,0.44331654853839336
2022-03-07 15:10:00+00:00,2022-03-07 15:15:00+00:00,2022-03-07 15:25:00+00:00,New_York,2022-03-07,opening_followthrough_30m,opening_range_breakout,short,38803.7,38960.65928571428,38489.78142857142,38822.89,phase_end,3,0.6180535898754391,0.0025,-0.000305652512252985,1.2361071797508782,0.0018541607696263174,-0.0021598132818793025,-0.122261004901194,-0.863925312751721
2022-03-07 16:40:00+00:00,2022-03-07 16:45:00+00:00,2022-03-07 16:55:00+00:00,London,2022-03-07,after_close_30m,value_area_bounce,short,39023.94,39185.67142857143,38700.47714285714,38828.33,phase_end,3,0.6032213457937289,0.0025,0.003023685651697679,1.2064426915874578,0.0018096640373811866,0.0012140216143164922,1.2094742606790716,0.4856086457265969
2022-03-08 08:00:00+00:00,2022-03-08 08:05:00+00:00,2022-03-08 08:10:00+00:00,London,2022-03-08,opening_first_30m,value_area_bounce,short,38519.03,38657.51357142857,38242.06285714286,38657.51357142857,stop,2,0.6953718336883757,0.0025,-0.002500000000000066,1.3907436673767515,0.0020861155010651273,-0.004586115501065193,-1.0000000000000264,-1.834446200426077
2022-03-08 08:50:00+00:00,2022-03-08 08:55:00+00:00,2022-03-08 08:55:00+00:00,London,2022-03-08,opening_followthrough_30m,value_area_bounce,short,38747.45,38913.65642857143,38415.03714285714,38775.71,phase_end,1,0.582821169028188,0.0025,-0.0004250738109665639,1.165642338056376,0.0017484635070845642,-0.002173537318051128,-0.17002952438662555,-0.8694149272204512
2022-03-08 14:45:00+00:00,2022-03-08 14:50:00+00:00,2022-03-08 14:55:00+00:00,New_York,2022-03-08,opening_first_30m,value_area_bounce,short,38874.57,39065.19642857143,38493.317142857144,38763.3,phase_end,2,0.509826605514898,0.0025,0.0014592677525601288,1.019653211029796,0.001529479816544694,-7.021206398456531e-05,0.5837071010240515,-0.028084825593826124
2022-03-09 00:00:00+00:00,2022-03-09 00:05:00+00:00,2022-03-09 00:05:00+00:00,Tokyo,2022-03-09,opening_first_30m,value_area_bounce,short,38683.44,38761.235714285714,38527.84857142857,38761.235714285714,stop,1,1.0,0.0020110857329574297,-0.002011085732957385,2.0,0.003,-0.005011085732957385,-0.9999999999999778,-2.4917315312998936
2022-03-09 08:45:00+00:00,2022-03-09 08:50:00+00:00,2022-03-09 08:55:00+00:00,London,2022-03-09,opening_followthrough_30m,opening_range_breakout,long,42294.58,42144.92428571429,42593.89142857143,42144.92428571429,stop,2,0.7065313242776277,0.0025,-0.0024999999999999775,1.4130626485552553,0.002119593972832883,-0.004619593972832861,-0.999999999999991,-1.8478375891331444
2022-03-09 15:00:00+00:00,2022-03-09 15:05:00+00:00,2022-03-09 15:25:00+00:00,New_York,2022-03-09,opening_followthrough_30m,value_area_bounce,short,42195.25,42345.17571428571,41895.39857142857,42189.41,phase_end,5,0.7036026174867606,0.0025,9.738156039173506e-05,1.4072052349735211,0.0021108078524602818,-0.002013426292068547,0.038952624156694024,-0.8053705168274188
2022-03-10 00:05:00+00:00,2022-03-10 00:10:00+00:00,2022-03-10 00:15:00+00:00,Tokyo,2022-03-10,opening_first_30m,value_area_bounce,short,41891.18,41992.65571428571,41688.228571428575,41992.65571428571,stop,2,1.0,0.0024223646668753065,-0.0024223646668752874,2.0,0.003,-0.0054223646668752875,-0.9999999999999921,-2.2384592794898164
2022-03-10 00:30:00+00:00,2022-03-10 00:35:00+00:00,2022-03-10 00:55:00+00:00,Tokyo,2022-03-10,opening_followthrough_30m,opening_range_breakout,short,41816.07,41928.02071428571,41592.16857142857,41810.97,phase_end,5,0.9338053416363125,0.0025,0.00011388940286223082,1.867610683272625,0.0028014160249089375,-0.0026875266220467067,0.04555576114489233,-1.0750106488186826
2022-03-10 14:40:00+00:00,2022-03-10 14:45:00+00:00,2022-03-10 14:55:00+00:00,New_York,2022-03-10,opening_first_30m,value_area_bounce,long,39156.75,38840.56857142857,39789.112857142856,39283.39,phase_end,3,0.309606656666381,0.0025,0.00100132383306146,0.619213313332762,0.000928819969999143,7.250386306231706e-05,0.400529533224584,0.02900154522492682
2022-03-10 15:15:00+00:00,2022-03-10 15:20:00+00:00,2022-03-10 15:20:00+00:00,New_York,2022-03-10,opening_followthrough_30m,opening_range_breakout,long,39655.53,39471.32428571428,40023.94142857143,39471.32428571428,stop,1,0.5381962518612736,0.0025,-0.002500000000000015,1.0763925037225472,0.001614588755583821,-0.004114588755583836,-1.000000000000006,-1.6458355022335343
2022-03-11 15:00:00+00:00,2022-03-11 15:05:00+00:00,2022-03-11 15:25:00+00:00,New_York,2022-03-11,opening_followthrough_30m,opening_range_breakout,short,39105.32,39269.297857142854,38777.364285714284,39141.05,phase_end,5,0.5961981800678638,0.0025,-0.0005447381832913874,1.1923963601357277,0.0017885945402035916,-0.002333332723494979,-0.21789527331655495,-0.9333330893979915
2022-03-14 19:45:00+00:00,2022-03-14 19:50:00+00:00,2022-03-14 19:55:00+00:00,New_York,2022-03-14,closing_last_30m,value_area_bounce,short,38796.96,38889.93785714285,38611.00428571428,38813.0,phase_end,2,1.0,0.0023965242932141545,-0.0004134344546582458,2.0,0.003,-0.003413434454658246,-0.17251419308742266,-1.4243270824850427
2022-03-14 20:05:00+00:00,2022-03-14 20:10:00+00:00,2022-03-14 20:25:00+00:00,New_York,2022-03-14,after_close_30m,value_area_bounce,short,38870.77,38963.24357142857,38685.822857142855,38818.85,phase_end,4,1.0,0.0023790002469354678,0.0013357080397429222,2.0,0.003,-0.0016642919602570779,0.5614577137869269,-0.6995762032395548
2022-03-15 00:00:00+00:00,2022-03-15 00:05:00+00:00,2022-03-15 00:15:00+00:00,Tokyo,2022-03-15,opening_first_30m,value_area_bounce,short,39683.75,39830.39571428572,39390.45857142857,39390.45857142857,target,3,0.6765242031329124,0.0025,0.005000000000000014,1.3530484062658248,0.002029572609398737,0.002970427390601277,2.0000000000000053,1.1881709562405107
2022-03-15 06:15:00+00:00,2022-03-15 06:20:00+00:00,2022-03-15 06:20:00+00:00,Tokyo,2022-03-15,after_close_30m,value_area_bounce,short,38853.85,38912.137142857144,38737.275714285715,38912.137142857144,stop,1,1.0,0.0015001638925651413,-0.0015001638925651317,2.0,0.003,-0.004500163892565132,-0.9999999999999937,-2.9997815004534396
2022-03-15 13:35:00+00:00,2022-03-15 13:40:00+00:00,2022-03-15 13:40:00+00:00,New_York,2022-03-15,opening_first_30m,value_area_bounce,short,38714.94,38801.086428571434,38542.647142857146,38542.647142857146,target,1,1.0,0.00222514689604138,0.004450293792082727,2.0,0.003,0.0014502937920827267,1.9999999999999851,0.651774404046247
2022-03-15 14:00:00+00:00,2022-03-15 14:05:00+00:00,2022-03-15 14:25:00+00:00,New_York,2022-03-15,opening_followthrough_30m,value_area_bounce,long,38744.96,38641.22142857143,38952.43714285714,38952.43714285714,target,5,0.9337163474117606,0.0025,0.0049999999999998735,1.8674326948235211,0.002801149042235282,0.0021988509577645916,1.9999999999999494,0.8795403831058366
2022-03-15 20:10:00+00:00,2022-03-15 20:15:00+00:00,2022-03-15 20:25:00+00:00,New_York,2022-03-15,after_close_30m,value_area_bounce,short,39528.25,39661.947857142855,39260.85428571429,39575.44,phase_end,3,0.7391339480812291,0.0025,-0.0008824000812065593,1.4782678961624582,0.0022174018442436875,-0.003099801925450247,-0.3529600324826237,-1.2399207701800987
2022-03-16 08:35:00+00:00,2022-03-16 08:40:00+00:00,2022-03-16 08:40:00+00:00,London,2022-03-16,opening_followthrough_30m,opening_range_breakout,long,40320.05,40140.264285714286,40679.62142857143,40140.264285714286,stop,1,0.5606681565355583,0.0025,-0.00250000000000006,1.1213363130711167,0.0016820044696066751,-0.004182004469606735,-1.000000000000024,-1.672801787842694
2022-03-16 14:00:00+00:00,2022-03-16 14:05:00+00:00,2022-03-16 14:10:00+00:00,New_York,2022-03-16,opening_followthrough_30m,value_area_bounce,short,40433.01,40577.387142857144,40144.25571428572,40577.387142857144,stop,2,0.7001283097839023,0.0025,-0.002499999999999968,1.4002566195678046,0.002100384929351707,-0.0046003849293516745,-0.9999999999999871,-1.8401539717406699
2022-03-17 14:05:00+00:00,2022-03-17 14:10:00+00:00,2022-03-17 14:25:00+00:00,New_York,2022-03-17,opening_followthrough_30m,value_area_bounce,short,41090.95,41206.82357142857,40859.20285714285,41014.1,phase_end,4,0.886547067925015,0.0025,0.0016580571189041453,1.77309413585003,0.0026596412037750454,-0.0010015840848709,0.6632228475616582,-0.40063363394836
2022-03-17 20:00:00+00:00,2022-03-17 20:05:00+00:00,2022-03-17 20:25:00+00:00,New_York,2022-03-17,after_close_30m,value_area_bounce,short,40800.52,40868.47928571428,40664.60142857143,40664.60142857143,target,5,1.0,0.0016656475386657987,0.003331295077331653,2.0,0.003,0.0003312950773316529,2.0000000000000333,0.1988986683203241
2022-03-18 00:40:00+00:00,2022-03-18 00:45:00+00:00,2022-03-18 00:50:00+00:00,Tokyo,2022-03-18,opening_followthrough_30m,opening_range_breakout,short,40745.01,40815.09785714286,40604.834285714285,40604.834285714285,target,2,1.0,0.0017201580547619786,0.003440316109524,2.0,0.003,0.00044031610952399974,2.000000000000025,0.25597421603500675
2022-03-18 06:15:00+00:00,2022-03-18 06:20:00+00:00,2022-03-18 06:25:00+00:00,Tokyo,2022-03-18,after_close_30m,value_area_bounce,short,40787.0,40844.702142857146,40671.595714285715,40758.98,phase_end,2,1.0,0.001414718975583973,0.0006869835977149075,2.0,0.003,-0.0023130164022850926,0.4855972172362584,-1.6349652773479746
2022-03-18 08:20:00+00:00,2022-03-18 08:25:00+00:00,2022-03-18 08:25:00+00:00,London,2022-03-18,opening_first_30m,value_area_bounce,long,40723.72,40655.22928571429,40860.70142857143,40716.54,phase_end,1,1.0,0.0016818383557719067,-0.00017631002275819707,2.0,0.003,-0.003176310022758197,-0.10483172901433607,-1.888594115990641
2022-03-18 14:00:00+00:00,2022-03-18 14:05:00+00:00,2022-03-18 14:20:00+00:00,New_York,2022-03-18,opening_followthrough_30m,opening_range_breakout,long,40663.72,40571.95714285714,40847.24571428572,40571.95714285714,stop,4,1.0,0.002256627213222429,-0.0022566272132223952,2.0,0.003,-0.005256627213222395,-0.999999999999985,-2.3294176292928825
2022-03-21 13:45:00+00:00,2022-03-21 13:50:00+00:00,2022-03-21 13:55:00+00:00,New_York,2022-03-21,opening_first_30m,value_area_bounce,short,41326.47,41448.92785714286,41081.55428571429,41104.03,phase_end,2,0.8436875951493535,0.0025,0.004541154099661155,1.687375190298707,0.0025310627854480605,0.0020100913142130942,1.8164616398644617,0.8040365256852376
2022-03-21 16:30:00+00:00,2022-03-21 16:35:00+00:00,2022-03-21 16:55:00+00:00,London,2022-03-21,after_close_30m,value_area_bounce,short,40929.26,41041.035,40705.71000000001,40788.71,phase_end,5,0.9154386043390792,0.0025,0.0031435920375755514,1.8308772086781584,0.0027463158130172378,0.0003972762245583136,1.2574368150302204,0.15891048982332542
2022-03-22 00:50:00+00:00,2022-03-22 00:55:00+00:00,2022-03-22 00:55:00+00:00,Tokyo,2022-03-22,opening_followthrough_30m,opening_range_breakout,long,41122.15,41058.67142857143,41249.10714285714,41133.83,phase_end,1,1.0,0.0015436588658075917,0.0002840318417203225,2.0,0.003,-0.0027159681582796776,0.18399909980870438,-1.7594354675369108
2022-03-22 14:20:00+00:00,2022-03-22 14:25:00+00:00,2022-03-22 14:25:00+00:00,New_York,2022-03-22,opening_followthrough_30m,value_area_bounce,short,42924.1,43026.96428571428,42718.37142857143,42947.84,phase_end,1,1.0,0.0023964226556709546,-0.0005530692548008087,2.0,0.003,-0.0035530692548008088,-0.23078952850492035,-1.482655510033982
2022-03-22 19:50:00+00:00,2022-03-22 19:55:00+00:00,2022-03-22 19:55:00+00:00,New_York,2022-03-22,closing_last_30m,value_area_bounce,short,42494.36,42551.67428571429,42379.731428571424,42379.731428571424,target,1,1.0,0.001348750415685443,0.0026975008313709914,2.0,0.003,-0.00030249916862900867,2.000000000000078,-0.22428105682938884
2022-03-23 08:00:00+00:00,2022-03-23 08:05:00+00:00,2022-03-23 08:20:00+00:00,London,2022-03-23,opening_first_30m,value_area_bounce,short,42059.44,42127.72285714286,41922.874285714286,42127.72285714286,stop,4,1.0,0.001623484695536996,-0.0016234846955369697,2.0,0.003,-0.00462348469553697,-0.9999999999999838,-2.8478769823005146
2022-03-23 13:30:00+00:00,2022-03-23 13:35:00+00:00,2022-03-23 13:55:00+00:00,New_York,2022-03-23,opening_first_30m,value_area_bounce,short,42078.28,42201.065714285716,41832.70857142857,42020.98,phase_end,5,0.8567421756835369,0.0025,0.0011666666666665776,1.7134843513670739,0.0025702265270506107,-0.001403559860384033,0.46666666666663104,-0.5614239441536132
2022-03-24 13:50:00+00:00,2022-03-24 13:55:00+00:00,2022-03-24 13:55:00+00:00,New_York,2022-03-24,opening_first_30m,value_area_bounce,long,42944.01,42830.305,43171.420000000006,42984.86,phase_end,1,0.9441979244536242,0.0025,0.0008981575128621051,1.8883958489072483,0.0028325937733608727,-0.0019344362604987676,0.35926300514484205,-0.773774504199507
2022-03-24 14:00:00+00:00,2022-03-24 14:05:00+00:00,2022-03-24 14:15:00+00:00,New_York,2022-03-24,opening_followthrough_30m,opening_range_breakout,long,43080.08,42962.45071428572,43315.338571428576,42962.45071428572,stop,3,0.9155900194922277,0.0025,-0.002499999999999972,1.8311800389844555,0.002746770058476683,-0.005246770058476655,-0.9999999999999887,-2.098708023390662
2022-03-25 08:45:00+00:00,2022-03-25 08:50:00+00:00,2022-03-25 08:55:00+00:00,London,2022-03-25,opening_followthrough_30m,value_area_bounce,short,43981.24,44075.99857142857,43791.72285714286,44000.67,phase_end,2,1.0,0.0021545225061542516,-0.000441779267706055,2.0,0.003,-0.003441779267706055,-0.2050474137281656,-1.5974673078952943
2022-03-25 14:00:00+00:00,2022-03-25 14:05:00+00:00,2022-03-25 14:05:00+00:00,New_York,2022-03-25,opening_followthrough_30m,opening_range_breakout,long,45070.17,44961.374285714286,45287.76142857143,44961.374285714286,stop,1,1.0,0.002413918436201034,-0.002413918436200979,2.0,0.003,-0.005413918436200979,-0.9999999999999771,-2.2427926126291458
2022-03-28 14:15:00+00:00,2022-03-28 14:20:00+00:00,2022-03-28 14:25:00+00:00,New_York,2022-03-28,opening_followthrough_30m,value_area_bounce,short,47481.94,47600.327142857146,47245.165714285715,47568.5,phase_end,2,1.0,0.0024933088845389057,-0.0018230089166533237,2.0,0.003,-0.004823008916653324,-0.7311604783337775,-1.9343808328606888
2022-03-29 00:05:00+00:00,2022-03-29 00:10:00+00:00,2022-03-29 00:25:00+00:00,Tokyo,2022-03-29,opening_first_30m,value_area_bounce,long,47251.87,47090.16857142858,47575.27285714286,47332.94,phase_end,4,0.7305419379632706,0.0025,0.0012533902872135915,1.4610838759265412,0.002191625813889812,-0.0009382355266762204,0.5013561148854366,-0.3752942106704881
2022-03-30 00:30:00+00:00,2022-03-30 00:35:00+00:00,2022-03-30 00:40:00+00:00,Tokyo,2022-03-30,opening_followthrough_30m,opening_range_breakout,short,47136.69,47208.93571428572,46992.19857142857,47208.93571428572,stop,2,1.0,0.001532685351595858,-0.0015326853515957861,2.0,0.003,-0.004532685351595786,-0.999999999999953,-2.9573489084868445
2022-03-30 19:50:00+00:00,2022-03-30 19:55:00+00:00,2022-03-30 19:55:00+00:00,New_York,2022-03-30,closing_last_30m,value_area_bounce,long,46961.15,46846.10642857143,47191.23714285714,47073.89,phase_end,1,1.0,0.0024497605239346028,0.002400707819122827,2.0,0.003,-0.000599292180877173,0.9799765306312507,-0.24463296514985042
2022-03-31 14:00:00+00:00,2022-03-31 14:05:00+00:00,2022-03-31 14:05:00+00:00,New_York,2022-03-31,opening_followthrough_30m,opening_range_breakout,short,46249.55,46420.05285714286,45908.54428571429,46420.05285714286,stop,1,0.678134530632086,0.0025,-0.0025000000000000287,1.356269061264172,0.002034403591896258,-0.0045344035918962865,-1.0000000000000115,-1.8137614367585146
2022-03-31 20:10:00+00:00,2022-03-31 20:15:00+00:00,2022-03-31 20:25:00+00:00,New_York,2022-03-31,after_close_30m,value_area_bounce,long,45685.0,45566.389285714286,45922.22142857143,45682.9,phase_end,3,0.9629189124085461,0.0025,-4.426244316638039e-05,1.9258378248170922,0.0028887567372256383,-0.002933019180392019,-0.017704977266552156,-1.1732076721568074
2022-04-01 00:10:00+00:00,2022-04-01 00:15:00+00:00,2022-04-01 00:25:00+00:00,Tokyo,2022-04-01,opening_first_30m,value_area_bounce,long,45624.72,45509.737857142856,45854.684285714284,45610.27,phase_end,3,0.9919957757415884,0.0025,-0.00031417922037596426,1.9839915514831767,0.0029759873272247653,-0.0032901665476007297,-0.1256716881503857,-1.3160666190402919
2022-04-01 00:35:00+00:00,2022-04-01 00:40:00+00:00,2022-04-01 00:55:00+00:00,Tokyo,2022-04-01,opening_followthrough_30m,value_area_bounce,long,45563.67,45426.544285714284,45837.921428571426,45541.5,phase_end,4,0.8306915708213644,0.0025,-0.0004041911488936225,1.6613831416427287,0.0024920747124640933,-0.002896265861357716,-0.161676459557449,-1.1585063445430863
2022-04-01 07:10:00+00:00,2022-04-01 07:15:00+00:00,2022-04-01 07:20:00+00:00,London,2022-04-01,opening_first_30m,value_area_bounce,short,44829.93,44893.91857142857,44701.95285714286,44893.91857142857,stop,2,1.0,0.0014273627335257971,-0.0014273627335257277,2.0,0.003,-0.004427362733525728,-0.9999999999999514,-3.101778286301119
2022-04-04 00:00:00+00:00,2022-04-04 00:05:00+00:00,2022-04-04 00:15:00+00:00,Tokyo,2022-04-04,opening_first_30m,value_area_bounce,long,46414.27,46260.48499999999,46721.84,46260.48499999999,stop,3,0.7545318138960219,0.0025,-0.0025000000000000803,1.5090636277920437,0.0022635954416880657,-0.004763595441688146,-1.0000000000000322,-1.9054381766752584
2022-04-04 13:35:00+00:00,2022-04-04 13:40:00+00:00,2022-04-04 13:55:00+00:00,New_York,2022-04-04,opening_first_30m,value_area_bounce,long,46126.98,46029.64642857143,46321.647142857146,46168.57,phase_end,4,1.0,0.002110122349838886,0.0009016415121907428,2.0,0.003,-0.0020983584878092572,0.4272934753094226,-0.994425033206948
2022-04-04 14:10:00+00:00,2022-04-04 14:15:00+00:00,2022-04-04 14:25:00+00:00,New_York,2022-04-04,opening_followthrough_30m,value_area_bounce,short,46195.5,46313.12285714286,45960.25428571428,46121.99,phase_end,3,0.9818563568791332,0.0025,0.001562408909832951,1.9637127137582664,0.0029455690706373995,-0.0013831601608044483,0.6249635639331804,-0.5532640643217793
2022-04-05 13:35:00+00:00,2022-04-05 13:40:00+00:00,2022-04-05 13:55:00+00:00,New_York,2022-04-05,opening_first_30m,value_area_bounce,long,46499.7,46345.555714285714,46807.98857142857,46345.555714285714,stop,4,0.7541586732282382,0.0025,-0.002499999999999968,1.5083173464564763,0.0022624760196847146,-0.0047624760196846826,-0.9999999999999871,-1.904990407873873
2022-04-06 07:30:00+00:00,2022-04-06 07:35:00+00:00,2022-04-06 07:55:00+00:00,London,2022-04-06,opening_followthrough_30m,opening_range_breakout,short,45376.17,45432.77,45262.969999999994,45262.969999999994,target,5,1.0,0.0012473507570163068,0.002494701514032638,2.0,0.003,-0.0005052984859673622,2.0000000000000195,-0.4050973498232754
2022-04-06 14:20:00+00:00,2022-04-06 14:25:00+00:00,2022-04-06 14:25:00+00:00,New_York,2022-04-06,opening_followthrough_30m,value_area_bounce,long,44137.17,43928.38857142857,44554.73285714286,44163.42,phase_end,1,0.5285092920142045,0.0025,0.00031432393412116516,1.057018584028409,0.0015855278760426134,-0.0012712039419214482,0.12572957364846607,-0.5084815767685793
2022-04-06 15:30:00+00:00,2022-04-06 15:35:00+00:00,2022-04-06 15:55:00+00:00,London,2022-04-06,after_close_30m,value_area_bounce,long,44009.97,43828.44857142857,44373.01285714286,44168.35,phase_end,5,0.6061263723291205,0.0025,0.00218128516900796,1.212252744658241,0.0018183791169873614,0.0003629060520205984,0.872514067603184,0.14516242080823935
2022-04-07 00:50:00+00:00,2022-04-07 00:55:00+00:00,2022-04-07 00:55:00+00:00,Tokyo,2022-04-07,opening_followthrough_30m,opening_range_breakout,short,42815.91,42990.03785714286,42467.65428571429,42894.3,phase_end,1,0.6147194179974483,0.0025,-0.0011254660983924319,1.2294388359948967,0.001844158253992345,-0.002969624352384777,-0.4501864393569727,-1.1878497409539108
2022-04-07 07:30:00+00:00,2022-04-07 07:35:00+00:00,2022-04-07 07:40:00+00:00,London,2022-04-07,opening_followthrough_30m,opening_range_breakout,long,43535.0,43484.68142857143,43635.637142857144,43484.68142857143,stop,2,1.0,0.0011558187993240235,-0.0011558187993240265,2.0,0.003,-0.004155818799324027,-1.0000000000000027,-3.5955625585554953
2022-04-07 13:40:00+00:00,2022-04-07 13:45:00+00:00,2022-04-07 13:50:00+00:00,New_York,2022-04-07,opening_first_30m,value_area_bounce,short,43491.32,43612.16142857143,43249.637142857144,43612.16142857143,stop,2,0.8997601342964182,0.0025,-0.0025000000000001046,1.7995202685928364,0.0026992804028892546,-0.00519928040288936,-1.0000000000000417,-2.0797121611557436
2022-04-08 00:05:00+00:00,2022-04-08 00:10:00+00:00,2022-04-08 00:25:00+00:00,Tokyo,2022-04-08,opening_first_30m,value_area_bounce,long,43494.14,43420.337857142855,43641.74428571428,43420.337857142855,stop,4,1.0,0.0016968295696188629,-0.0016968295696189184,2.0,0.003,-0.0046968295696189185,-1.0000000000000326,-2.7680031357974904
2022-04-08 06:00:00+00:00,2022-04-08 06:05:00+00:00,2022-04-08 06:25:00+00:00,Tokyo,2022-04-08,after_close_30m,value_area_bounce,short,43626.73,43660.00714285715,43560.17571428572,43560.17571428572,target,5,1.0,0.0007627695877536921,0.001525539175507462,2.0,0.003,-0.001474460824492538,2.000000000000102,-1.933035674422641
2022-04-08 14:00:00+00:00,2022-04-08 14:05:00+00:00,2022-04-08 14:25:00+00:00,New_York,2022-04-08,opening_followthrough_30m,opening_range_breakout,long,43170.0,43031.57785714286,43446.84428571429,43446.84428571429,target,5,0.7796801709057712,0.0025,0.004999999999999963,1.5593603418115425,0.0023390405127173136,0.002660959487282649,1.9999999999999851,1.0643837949130597
2022-04-11 07:00:00+00:00,2022-04-11 07:05:00+00:00,2022-04-11 07:25:00+00:00,London,2022-04-11,opening_first_30m,value_area_bounce,short,42229.78,42278.75,42131.840000000004,42278.75,stop,5,1.0,0.0011596082196023538,-0.0011596082196023705,2.0,0.003,-0.0041596082196023705,-1.0000000000000144,-3.587080661629632
2022-04-12 00:10:00+00:00,2022-04-12 00:15:00+00:00,2022-04-12 00:25:00+00:00,Tokyo,2022-04-12,opening_first_30m,value_area_bounce,long,39538.12,39406.14,39802.08,39665.48,phase_end,3,0.7489415062888282,0.0025,0.0024124867404152713,1.4978830125776563,0.0022468245188664846,0.0001656622215487867,0.9649946961661086,0.06626488861951468
2022-04-12 00:40:00+00:00,2022-04-12 00:45:00+00:00,2022-04-12 00:55:00+00:00,Tokyo,2022-04-12,opening_followthrough_30m,value_area_bounce,short,39775.51,39903.840000000004,39518.85,39544.31,phase_end,3,0.7748677238369722,0.0025,0.004504013091249133,1.5497354476739444,0.0023246031715109168,0.002179409919738216,1.801605236499653,0.8717639678952863
2022-04-12 13:40:00+00:00,2022-04-12 13:45:00+00:00,2022-04-12 13:55:00+00:00,New_York,2022-04-12,opening_first_30m,value_area_bounce,long,40360.55,40209.188571428575,40663.27285714286,40401.03,phase_end,3,0.6666254140987027,0.0025,0.0006685983407735989,1.3332508281974054,0.001999876242296108,-0.001331277901522509,0.26743933630943956,-0.5325111606090036
2022-04-12 14:20:00+00:00,2022-04-12 14:25:00+00:00,2022-04-12 14:25:00+00:00,New_York,2022-04-12,opening_followthrough_30m,opening_range_breakout,short,39936.88,40100.84071428571,39608.95857142857,39854.34,phase_end,1,0.6089397721579674,0.0025,0.0012585331852142643,1.2178795443159347,0.0018268193164739021,-0.0005682861312596378,0.5034132740857057,-0.22731445250385512
2022-04-13 06:00:00+00:00,2022-04-13 06:05:00+00:00,2022-04-13 06:25:00+00:00,Tokyo,2022-04-13,after_close_30m,value_area_bounce,short,40181.25,40237.92785714286,40067.89428571428,40079.43,phase_end,5,1.0,0.0014105548518987974,0.002534017732151228,2.0,0.003,-0.000465982267848772,1.7964687645716846,-0.33035387969599117
2022-04-13 07:35:00+00:00,2022-04-13 07:40:00+00:00,2022-04-13 07:55:00+00:00,London,2022-04-13,opening_followthrough_30m,value_area_bounce,short,40112.93,40206.43,39925.93,40130.0,phase_end,4,1.0,0.0023309192322774857,-0.0004255485699997674,2.0,0.003,-0.0034255485699997675,-0.1825668449197933,-1.4696127272727273
2022-04-14 07:20:00+00:00,2022-04-14 07:25:00+00:00,2022-04-14 07:25:00+00:00,London,2022-04-14,opening_first_30m,value_area_bounce,long,41269.72,41230.08142857143,41348.997142857144,41272.35,phase_end,1,1.0,0.0009604758992445317,6.372711033653111e-05,2.0,0.003,-0.002936272889663469,0.06634951526285675,-3.0571021011282142
2022-04-14 07:40:00+00:00,2022-04-14 07:45:00+00:00,2022-04-14 07:50:00+00:00,London,2022-04-14,opening_followthrough_30m,opening_range_breakout,long,41312.28,41272.002857142856,41392.834285714285,41272.002857142856,stop,2,1.0,0.0009749435968467883,-0.0009749435968468001,2.0,0.003,-0.0039749435968468,-1.0000000000000122,-4.077101085337412
2022-04-14 13:35:00+00:00,2022-04-14 13:40:00+00:00,2022-04-14 13:40:00+00:00,New_York,2022-04-14,opening_first_30m,value_area_bounce,short,41100.01,41187.476428571434,40925.077142857146,40925.077142857146,target,1,1.0,0.002128136430415187,0.004256272860830301,2.0,0.003,0.0012562728608303013,1.9999999999999658,0.5903159416265478
2022-04-14 14:00:00+00:00,2022-04-14 14:05:00+00:00,2022-04-14 14:25:00+00:00,New_York,2022-04-14,opening_followthrough_30m,opening_range_breakout,short,40455.78,40603.487857142856,40160.364285714284,40475.22,phase_end,5,0.6847262695185031,0.0025,-0.00032902785904614825,1.3694525390370063,0.0020541788085555093,-0.0023832066676016577,-0.1316111436184593,-0.953282667040663
2022-04-15 00:35:00+00:00,2022-04-15 00:40:00+00:00,2022-04-15 00:45:00+00:00,Tokyo,2022-04-15,opening_followthrough_30m,value_area_bounce,short,39906.3,39975.80142857143,39767.29714285715,39767.29714285715,target,2,1.0,0.0017416154484737843,0.0034832308969474646,2.0,0.003,0.0004832308969474645,1.9999999999999403,0.2774613060368351
2022-04-19 00:00:00+00:00,2022-04-19 00:05:00+00:00,2022-04-19 00:05:00+00:00,Tokyo,2022-04-19,opening_first_30m,value_area_bounce,short,40837.76,40905.53071428571,40702.21857142857,40905.53071428571,stop,1,1.0,0.0016595110575534336,-0.0016595110575534644,2.0,0.003,-0.0046595110575534645,-1.0000000000000187,-2.807761380284407
2022-04-19 00:45:00+00:00,2022-04-19 00:50:00+00:00,2022-04-19 00:55:00+00:00,Tokyo,2022-04-19,opening_followthrough_30m,value_area_bounce,short,40887.93,41003.35214285714,40657.08571428571,40880.79,phase_end,2,0.8856171135768721,0.0025,0.00015464970202549975,1.7712342271537442,0.0026568513407306165,-0.002502201638705117,0.0618598808101999,-1.0008806554820466
2022-04-19 07:20:00+00:00,2022-04-19 07:25:00+00:00,2022-04-19 07:25:00+00:00,London,2022-04-19,opening_first_30m,value_area_bounce,long,40698.99,40651.377857142856,40794.21428571428,40739.77,phase_end,1,1.0,0.00116986055076902,0.0010019904670852675,2.0,0.003,-0.0019980095329147326,0.8565041931079722,-1.7079040160823615
2022-04-20 00:20:00+00:00,2022-04-20 00:25:00+00:00,2022-04-20 00:25:00+00:00,Tokyo,2022-04-20,opening_first_30m,value_area_bounce,short,41383.41,41442.336428571434,41265.55714285714,41265.55714285714,target,1,1.0,0.0014239142828352998,0.0028478285656706737,2.0,0.003,-0.0001521714343293264,2.000000000000052,-0.10686839521429792
2022-04-20 07:15:00+00:00,2022-04-20 07:20:00+00:00,2022-04-20 07:25:00+00:00,London,2022-04-20,opening_first_30m,value_area_bounce,short,41368.84,41422.364285714284,41261.79142857143,41328.45,phase_end,2,1.0,0.0012938309537875597,0.0009763387129055889,2.0,0.003,-0.002023661287094411,0.7546107241038373,-1.5640847679291847
2022-04-20 07:45:00+00:00,2022-04-20 07:50:00+00:00,2022-04-20 07:55:00+00:00,London,2022-04-20,opening_followthrough_30m,value_area_bounce,long,41343.94,41283.45785714286,41464.904285714285,41340.05,phase_end,2,1.0,0.0014629022501760319,-9.408875883620826e-05,2.0,0.003,-0.0030940887588362083,-0.06431650428105262,-2.1150345202243654
2022-04-21 00:05:00+00:00,2022-04-21 00:10:00+00:00,2022-04-21 00:25:00+00:00,Tokyo,2022-04-21,opening_first_30m,value_area_bounce,long,41426.01,41358.86714285714,41560.29571428572,41510.58,phase_end,4,1.0,0.0016207898646975341,0.0020414710468132924,2.0,0.003,-0.0009585289531867077,1.2595531914893014,-0.591396191489379
2022-04-21 07:30:00+00:00,2022-04-21 07:35:00+00:00,2022-04-21 07:55:00+00:00,London,2022-04-21,opening_followthrough_30m,opening_range_breakout,long,41650.01,41589.270000000004,41771.49,41771.49,target,5,1.0,0.0014583429871925485,0.0029166859743849916,2.0,0.003,-8.331402561500851e-05,1.9999999999999278,-0.05712923938105677
2022-04-21 13:50:00+00:00,2022-04-21 13:55:00+00:00,2022-04-21 13:55:00+00:00,New_York,2022-04-21,opening_first_30m,value_area_bounce,short,42666.51,42795.54928571429,42408.43142857143,42693.0,phase_end,1,0.8266186100578339,0.0025,-0.000513215798068062,1.6532372201156678,0.0024798558301735016,-0.0029930716282415637,-0.2052863192272248,-1.1972286512966255
2022-04-22 07:15:00+00:00,2022-04-22 07:20:00+00:00,2022-04-22 07:20:00+00:00,London,2022-04-22,opening_first_30m,value_area_bounce,short,40668.67,40718.51571428571,40568.97857142857,40568.97857142857,target,1,1.0,0.0012256539071898353,0.002451307814379744,2.0,0.003,-0.0005486921856202561,2.00000000000006,-0.44767301960329975
2022-04-22 07:40:00+00:00,2022-04-22 07:45:00+00:00,2022-04-22 07:55:00+00:00,London,2022-04-22,opening_followthrough_30m,value_area_bounce,long,40704.3,40600.565714285716,40911.768571428576,40709.59,phase_end,3,0.9809750874487022,0.0025,0.00012748918941227254,1.9619501748974044,0.0029429252623461065,-0.002815436072933834,0.050995675764909015,-1.1261744291735336
2022-04-22 14:05:00+00:00,2022-04-22 14:10:00+00:00,2022-04-22 14:10:00+00:00,New_York,2022-04-22,opening_followthrough_30m,value_area_bounce,long,40397.74,40253.55642857143,40686.10714285714,40253.55642857143,stop,1,0.7004567094527365,0.0025,-0.0024999999999999697,1.400913418905473,0.0021013701283582095,-0.004601370128358179,-0.9999999999999879,-1.8405480513432715
2022-04-25 00:50:00+00:00,2022-04-25 00:55:00+00:00,2022-04-25 00:55:00+00:00,Tokyo,2022-04-25,opening_followthrough_30m,opening_range_breakout,short,38720.5,38878.462857142855,38404.57428571428,38878.462857142855,stop,1,0.6128101995044034,0.0025,-0.002499999999999937,1.2256203990088068,0.0018384305985132102,-0.004338430598513148,-0.9999999999999748,-1.735372239405259
2022-04-25 13:40:00+00:00,2022-04-25 13:45:00+00:00,2022-04-25 13:55:00+00:00,New_York,2022-04-25,opening_first_30m,value_area_bounce,short,38949.93,39068.616428571426,38712.55714285714,38712.55714285714,target,3,0.8204377380973873,0.0025,0.005000000000000062,1.6408754761947746,0.002461313214292162,0.0025386867857079,2.0000000000000244,1.01547471428316
2022-04-25 14:20:00+00:00,2022-04-25 14:25:00+00:00,2022-04-25 14:25:00+00:00,New_York,2022-04-25,opening_followthrough_30m,value_area_bounce,long,38831.75,38645.35785714286,39204.53428571428,38985.08,phase_end,1,0.5208340518645425,0.0025,0.0020565512801352134,1.041668103729085,0.0015625021555936275,0.0004940491245415859,0.8226205120540854,0.19761964981663435
2022-04-25 15:45:00+00:00,2022-04-25 15:50:00+00:00,2022-04-25 15:55:00+00:00,London,2022-04-25,after_close_30m,value_area_bounce,short,38961.2,39104.73571428571,38674.12857142857,38976.76,phase_end,2,0.6785976611097312,0.0025,-0.00027101268972390614,1.3571953222194624,0.0020357929833291935,-0.0023068056730530997,-0.10840507588956245,-0.9227222692212399
2022-04-26 00:05:00+00:00,2022-04-26 00:10:00+00:00,2022-04-26 00:25:00+00:00,Tokyo,2022-04-26,opening_first_30m,value_area_bounce,short,40423.82,40520.47,40230.520000000004,40520.47,stop,4,1.0,0.002390917038518363,-0.0023909170385183476,2.0,0.003,-0.005390917038518348,-0.9999999999999934,-2.254748680807037
2022-04-26 05:35:00+00:00,2022-04-26 05:40:00+00:00,2022-04-26 05:40:00+00:00,Tokyo,2022-04-26,closing_last_30m,value_area_bounce,short,40544.76,40591.62071428572,40451.03857142857,40591.62071428572,stop,1,1.0,0.0011557773257435992,-0.0011557773257435677,2.0,0.003,-0.004155777325743568,-0.9999999999999728,-3.595655696974191
2022-04-26 07:05:00+00:00,2022-04-26 07:10:00+00:00,2022-04-26 07:10:00+00:00,London,2022-04-26,opening_first_30m,value_area_bounce,long,40522.59,40463.48642857143,40640.79714285714,40640.79714285714,target,1,1.0,0.0014585339048804676,0.002917067809760976,2.0,0.003,-8.293219023902416e-05,2.000000000000028,-0.05685996736964491
2022-04-27 00:40:00+00:00,2022-04-27 00:45:00+00:00,2022-04-27 00:45:00+00:00,Tokyo,2022-04-27,opening_followthrough_30m,opening_range_breakout,short,38013.7,38118.69642857143,37803.70714285714,38118.69642857143,stop,1,0.9051188815946137,0.0025,-0.002500000000000112,1.8102377631892275,0.0027153566447838413,-0.005215356644783953,-1.0000000000000449,-2.086142657913581
2022-04-27 07:50:00+00:00,2022-04-27 07:55:00+00:00,2022-04-27 07:55:00+00:00,London,2022-04-27,opening_followthrough_30m,opening_range_breakout,long,38908.93,38818.13642857143,39090.51714285714,39090.51714285714,target,1,1.0,0.0023334892896970435,0.004666978579394021,2.0,0.003,0.001666978579394021,1.9999999999999718,0.7143716436814863
2022-04-27 14:00:00+00:00,2022-04-27 14:05:00+00:00,2022-04-27 14:15:00+00:00,New_York,2022-04-27,opening_followthrough_30m,opening_range_breakout,short,38903.26,39080.72714285715,38548.32571428572,38548.32571428572,target,3,0.5480346865013257,0.0025,0.004999999999999965,1.0960693730026514,0.0016441040595039772,0.003355895940495988,1.9999999999999862,1.3423583761983953
2022-04-27 15:00:00+00:00,2022-04-27 15:05:00+00:00,2022-04-27 15:25:00+00:00,London,2022-04-27,closing_last_30m,value_area_bounce,long,38794.83,38587.89571428572,39208.69857142857,38790.7,phase_end,5,0.4686853832134434,0.0025,-4.989506675694225e-05,0.9373707664268868,0.0014060561496403302,-0.0014559512163972725,-0.0199580267027769,-0.582380486558909
2022-04-27 15:40:00+00:00,2022-04-27 15:45:00+00:00,2022-04-27 15:55:00+00:00,London,2022-04-27,after_close_30m,value_area_bounce,short,38957.91,39120.315714285716,38633.09857142858,39005.76,phase_end,3,0.5997004195841142,0.0025,-0.0007365812251504031,1.1994008391682285,0.0017991012587523427,-0.002535682483902746,-0.29463249006016123,-1.0142729935610983
2022-04-28 00:30:00+00:00,2022-04-28 00:35:00+00:00,2022-04-28 00:35:00+00:00,Tokyo,2022-04-28,opening_followthrough_30m,opening_range_breakout,long,39367.58,39292.287142857145,39518.165714285715,39292.287142857145,stop,1,1.0,0.0019125599577839427,-0.0019125599577839436,2.0,0.003,-0.004912559957783944,-1.0000000000000004,-2.5685782753059727
2022-04-28 05:45:00+00:00,2022-04-28 05:50:00+00:00,2022-04-28 05:55:00+00:00,Tokyo,2022-04-28,closing_last_30m,value_area_bounce,long,39305.78,39254.49571428572,39408.34857142857,39321.03,phase_end,2,1.0,0.0013047517620636442,0.000387983650241841,2.0,0.003,-0.002612016349758159,0.2973620435110136,-2.0019259032284396
2022-04-28 07:50:00+00:00,2022-04-28 07:55:00+00:00,2022-04-28 07:55:00+00:00,London,2022-04-28,opening_followthrough_30m,value_area_bounce,short,39416.95,39489.40071428571,39272.04857142857,39385.01,phase_end,1,1.0,0.0018380598774312474,0.000810311300087796,2.0,0.003,-0.002189688699912204,0.4408514162336399,-1.1913043349666987
2022-04-29 07:05:00+00:00,2022-04-29 07:10:00+00:00,2022-04-29 07:15:00+00:00,London,2022-04-29,opening_first_30m,value_area_bounce,long,39499.2,39441.91285714285,39613.77428571429,39441.91285714285,stop,2,1.0,0.0014503367880145338,-0.001450336788014539,2.0,0.003,-0.004450336788014539,-1.0000000000000036,-3.068485075185132
2022-04-29 07:30:00+00:00,2022-04-29 07:35:00+00:00,2022-04-29 07:55:00+00:00,London,2022-04-29,opening_followthrough_30m,opening_range_breakout,long,39570.98,39519.92857142857,39673.082857142865,39610.14,phase_end,5,1.0,0.0012901229277472827,0.0009896141060947716,2.0,0.003,-0.0020103858939052284,0.7670696216698998,-1.558290183568488
2022-04-29 13:40:00+00:00,2022-04-29 13:45:00+00:00,2022-04-29 13:55:00+00:00,New_York,2022-04-29,opening_first_30m,value_area_bounce,short,39023.33,39168.43928571429,38733.11142857143,39168.43928571429,stop,3,0.6723093185923914,0.0025,-0.002500000000000081,1.3446186371847828,0.0020169279557771744,-0.0045169279557772555,-1.0000000000000324,-1.8067711823109023
2022-05-02 13:30:00+00:00,2022-05-02 13:35:00+00:00,2022-05-02 13:35:00+00:00,New_York,2022-05-02,opening_first_30m,value_area_bounce,short,38522.51,38648.06857142857,38271.39285714286,38648.06857142857,stop,1,0.7670227042586906,0.0025,-0.002499999999999931,1.5340454085173811,0.0023010681127760718,-0.004801068112776002,-0.9999999999999725,-1.920427245110401
2022-05-02 14:05:00+00:00,2022-05-02 14:10:00+00:00,2022-05-02 14:25:00+00:00,New_York,2022-05-02,opening_followthrough_30m,value_area_bounce,short,38790.21,39023.33214285714,38323.96571428572,38964.04,phase_end,4,0.41598590254648954,0.0025,-0.0018641515330713205,0.8319718050929791,0.0012479577076394686,-0.003112109240710789,-0.7456606132285282,-1.2448436962843157
2022-05-03 07:15:00+00:00,2022-05-03 07:20:00+00:00,2022-05-03 07:25:00+00:00,London,2022-05-03,opening_first_30m,value_area_bounce,short,38490.49,38540.099285714285,38391.27142857143,38534.28,phase_end,2,1.0,0.0012888712436314683,-0.0011376836200318596,2.0,0.003,-0.00413768362003186,-0.8826976516493386,-3.2103157243028404
2022-05-03 13:30:00+00:00,2022-05-03 13:35:00+00:00,2022-05-03 13:35:00+00:00,New_York,2022-05-03,opening_first_30m,value_area_bounce,long,38434.36,38371.245,38560.590000000004,38371.245,stop,1,1.0,0.0016421504091651605,-0.001642150409165044,2.0,0.003,-0.004642150409165044,-0.9999999999999291,-2.8268728511446337
2022-05-03 15:00:00+00:00,2022-05-03 15:05:00+00:00,2022-05-03 15:25:00+00:00,London,2022-05-03,closing_last_30m,value_area_bounce,long,38323.85,38229.24642857143,38513.05714285714,38369.88,phase_end,5,1.0,0.002468529947501914,0.0012010797453805289,2.0,0.003,-0.0017989202546194712,0.486556683906545,-0.7287415153459775
2022-05-04 07:10:00+00:00,2022-05-04 07:15:00+00:00,2022-05-04 07:25:00+00:00,London,2022-05-04,opening_first_30m,value_area_bounce,short,38354.84,38430.764285714286,38202.991428571426,38430.764285714286,stop,3,1.0,0.0019795229419360344,-0.0019795229419361515,2.0,0.003,-0.004979522941936152,-1.000000000000059,-2.515516661335597
2022-05-04 07:30:00+00:00,2022-05-04 07:35:00+00:00,2022-05-04 07:35:00+00:00,London,2022-05-04,opening_followthrough_30m,value_area_bounce,short,38415.0,38483.32928571429,38278.34142857143,38483.32928571429,stop,1,1.0,0.0017787136721146885,-0.0017787136721147956,2.0,0.003,-0.004778713672114796,-1.0000000000000602,-2.686612098974563
2022-05-04 15:05:00+00:00,2022-05-04 15:10:00+00:00,2022-05-04 15:25:00+00:00,London,2022-05-04,closing_last_30m,value_area_bounce,long,38819.34,38737.49571428571,38983.02857142857,38772.77,phase_end,4,1.0,0.0021083378984363523,-0.0011996597572241363,2.0,0.003,-0.004199659757224136,-0.5690073484491567,-1.9919291686303282
2022-05-05 14:00:00+00:00,2022-05-05 14:05:00+00:00,2022-05-05 14:10:00+00:00,New_York,2022-05-05,opening_followthrough_30m,opening_range_breakout,short,38849.63,38945.55428571429,38657.78142857143,38945.55428571429,stop,2,1.0,0.0024691170987802295,-0.0024691170987802824,2.0,0.003,-0.0054691170987802825,-1.0000000000000215,-2.215009203687458
2022-05-05 19:50:00+00:00,2022-05-05 19:55:00+00:00,2022-05-05 19:55:00+00:00,New_York,2022-05-05,closing_last_30m,value_area_bounce,long,36306.14,36063.57571428572,36791.26857142857,36316.0,phase_end,1,0.37419090668158883,0.0025,0.00010162254483345419,0.7483818133631777,0.0011225727200447665,-0.0010209501752113123,0.04064901793338167,-0.4083800700845249
2022-05-06 00:50:00+00:00,2022-05-06 00:55:00+00:00,2022-05-06 00:55:00+00:00,Tokyo,2022-05-06,opening_followthrough_30m,opening_range_breakout,short,36304.55,36373.25428571429,36167.14142857143,36373.25428571429,stop,1,1.0,0.001892442840202847,-0.001892442840202957,2.0,0.003,-0.004892442840202957,-1.0000000000000582,-2.585252635518728
2022-05-06 05:50:00+00:00,2022-05-06 05:55:00+00:00,2022-05-06 05:55:00+00:00,Tokyo,2022-05-06,closing_last_30m,value_area_bounce,short,36466.74,36516.900714285715,36366.41857142857,36501.45,phase_end,1,1.0,0.001375519563462907,-0.0009518262394718757,2.0,0.003,-0.003951826239471876,-0.6919757920967899,-2.872969854040497
2022-05-06 06:10:00+00:00,2022-05-06 06:15:00+00:00,2022-05-06 06:25:00+00:00,Tokyo,2022-05-06,after_close_30m,value_area_bounce,short,36475.92,36521.75571428571,36384.248571428565,36417.85,phase_end,3,1.0,0.0012566020071794115,0.0015920091940107017,2.0,0.003,-0.0014079908059892983,1.266916004363347,-1.120474738974591
2022-05-09 00:45:00+00:00,2022-05-09 00:50:00+00:00,2022-05-09 00:55:00+00:00,Tokyo,2022-05-09,opening_followthrough_30m,opening_range_breakout,long,34202.07,34123.809285714284,34358.59142857143,34123.809285714284,stop,2,1.0,0.0022881864836167783,-0.0022881864836168386,2.0,0.003,-0.005288186483616839,-1.0000000000000264,-2.3110819513530942
2022-05-09 13:30:00+00:00,2022-05-09 13:35:00+00:00,2022-05-09 13:35:00+00:00,New_York,2022-05-09,opening_first_30m,value_area_bounce,long,33014.64,32895.010714285716,33253.898571428566,33253.898571428566,target,1,0.6899364106973354,0.0025,0.004999999999999977,1.3798728213946707,0.002069809232092006,0.0029301907679079708,1.9999999999999907,1.1720763071631883
2022-05-10 00:30:00+00:00,2022-05-10 00:35:00+00:00,2022-05-10 00:40:00+00:00,Tokyo,2022-05-10,opening_followthrough_30m,value_area_bounce,long,29942.8,29619.932857142856,30588.534285714286,30588.534285714286,target,2,0.2318507833828158,0.0025,0.004999999999999987,0.4637015667656316,0.0006955523501484475,0.00430444764985154,1.999999999999995,1.721779059940616
2022-05-10 13:40:00+00:00,2022-05-10 13:45:00+00:00,2022-05-10 13:55:00+00:00,New_York,2022-05-10,opening_first_30m,value_area_bounce,short,31738.31,31976.968571428573,31260.992857142857,31815.77,phase_end,3,0.3324656412927007,0.0025,-0.0008114102034585935,0.6649312825854014,0.000997396923878102,-0.0018088071273366956,-0.3245640813834374,-0.7235228509346783
2022-05-10 15:35:00+00:00,2022-05-10 15:40:00+00:00,2022-05-10 15:50:00+00:00,London,2022-05-10,after_close_30m,value_area_bounce,long,31456.01,31211.487857142856,31945.054285714283,31211.487857142856,stop,3,0.32160696810981204,0.0025,-0.0025000000000000105,0.6432139362196241,0.0009648209043294361,-0.003464820904329447,-1.0000000000000042,-1.3859283617317786
2022-05-11 00:00:00+00:00,2022-05-11 00:05:00+00:00,2022-05-11 00:15:00+00:00,Tokyo,2022-05-11,opening_first_30m,value_area_bounce,short,30970.85,31150.966428571428,30610.617142857143,31150.966428571428,stop,3,0.4298726419022621,0.0025,-0.0025000000000000295,0.8597452838045242,0.0012896179257067862,-0.003789617925706816,-1.0000000000000118,-1.5158471702827263
2022-05-11 05:35:00+00:00,2022-05-11 05:40:00+00:00,2022-05-11 05:55:00+00:00,Tokyo,2022-05-11,closing_last_30m,value_area_bounce,short,31531.36,31730.007142857143,31134.065714285713,31438.77,phase_end,4,0.3968262461075986,0.0025,0.0011652571321726104,0.7936524922151972,0.0011904787383227957,-2.522160615018535e-05,0.4661028528690441,-0.01008864246007414
2022-05-11 07:35:00+00:00,2022-05-11 07:40:00+00:00,2022-05-11 07:40:00+00:00,London,2022-05-11,opening_followthrough_30m,opening_range_breakout,short,30263.67,30508.592142857142,29773.82571428571,30508.592142857142,stop,1,0.30891112627627987,0.0025,-0.002500000000000007,0.6178222525525597,0.0009267333788288396,-0.0034267333788288467,-1.0000000000000027,-1.3706933515315387
2022-05-12 06:15:00+00:00,2022-05-12 06:20:00+00:00,2022-05-12 06:25:00+00:00,Tokyo,2022-05-12,after_close_30m,value_area_bounce,long,27179.32,26743.755714285715,28050.44857142857,27513.33,phase_end,2,0.15600062316535207,0.0025,0.0019171108086390532,0.31200124633070414,0.0004680018694960562,0.001449108939142997,0.7668443234556213,0.5796435756571988
2022-05-12 07:20:00+00:00,2022-05-12 07:25:00+00:00,2022-05-12 07:25:00+00:00,London,2022-05-12,opening_first_30m,value_area_bounce,long,27752.3,27330.63,28595.64,28273.1,phase_end,1,0.16453802736737275,0.0025,0.003087722626698599,0.3290760547347455,0.0004936140821021183,0.0025941085445964807,1.2350890506794396,1.0376434178385923
2022-05-12 13:30:00+00:00,2022-05-12 13:35:00+00:00,2022-05-12 13:45:00+00:00,New_York,2022-05-12,opening_first_30m,value_area_bounce,short,28157.22,28484.784285714286,27502.091428571428,28484.784285714286,stop,3,0.21489842778952853,0.0025,-0.0024999999999999883,0.42979685557905706,0.0006446952833685856,-0.0031446952833685737,-0.9999999999999953,-1.2578781133474295
2022-05-12 14:10:00+00:00,2022-05-12 14:15:00+00:00,2022-05-12 14:20:00+00:00,New_York,2022-05-12,opening_followthrough_30m,value_area_bounce,short,28416.0,28746.626428571428,27754.74714285714,28746.626428571428,stop,2,0.21486485610648148,0.0025,-0.00249999999999998,0.42972971221296297,0.0006445945683194444,-0.0031445945683194246,-0.999999999999992,-1.2578378273277697
2022-05-13 00:30:00+00:00,2022-05-13 00:35:00+00:00,2022-05-13 00:55:00+00:00,Tokyo,2022-05-13,opening_followthrough_30m,opening_range_breakout,long,29291.13,29121.498571428572,29630.39285714286,29545.39,phase_end,5,0.43168784002290617,0.0025,0.003747241919455642,0.8633756800458123,0.0012950635200687185,0.0024521783993869234,1.4988967677822567,0.9808713597547694
2022-05-13 05:50:00+00:00,2022-05-13 05:55:00+00:00,2022-05-13 05:55:00+00:00,Tokyo,2022-05-13,closing_last_30m,value_area_bounce,short,30598.88,30783.789285714287,30229.06142857143,30532.64,phase_end,1,0.4137012357410772,0.0025,0.0008955742777346536,0.8274024714821544,0.0012411037072232317,-0.0003455294294885781,0.3582297110938614,-0.13821177179543123
2022-05-13 13:30:00+00:00,2022-05-13 13:35:00+00:00,2022-05-13 13:35:00+00:00,New_York,2022-05-13,opening_first_30m,value_area_bounce,short,30381.7,30531.875714285714,30081.34857142857,30531.875714285714,stop,1,0.5057691941820536,0.0025,-0.002499999999999975,1.0115383883641071,0.0015173075825461607,-0.004017307582546136,-0.9999999999999899,-1.6069230330184543
2022-05-13 14:15:00+00:00,2022-05-13 14:20:00+00:00,2022-05-13 14:20:00+00:00,New_York,2022-05-13,opening_followthrough_30m,value_area_bounce,short,30626.92,30808.865714285712,30263.02857142857,30808.865714285712,stop,1,0.4208249713415302,0.0025,-0.0024999999999999584,0.8416499426830604,0.0012624749140245906,-0.003762474914024549,-0.9999999999999833,-1.5049899656098196
2022-05-16 00:00:00+00:00,2022-05-16 00:05:00+00:00,2022-05-16 00:25:00+00:00,Tokyo,2022-05-16,opening_first_30m,value_area_bounce,short,31231.65,31323.854285714286,31047.24142857143,31113.86,phase_end,5,0.846805811629456,0.0025,0.0031937235641355424,1.693611623258912,0.002540417434888368,0.0006533061292471744,1.2774894256542169,0.26132245169886975
2022-05-16 07:05:00+00:00,2022-05-16 07:10:00+00:00,2022-05-16 07:20:00+00:00,London,2022-05-16,opening_first_30m,value_area_bounce,long,29496.47,29325.895,29837.620000000003,29325.895,stop,3,0.4323093946944161,0.0025,-0.002500000000000031,0.8646187893888322,0.0012969281840832484,-0.003796928184083279,-1.0000000000000122,-1.5187712736333117
2022-05-16 19:50:00+00:00,2022-05-16 19:55:00+00:00,2022-05-16 19:55:00+00:00,New_York,2022-05-16,closing_last_30m,value_area_bounce,short,29626.69,29710.964285714283,29458.141428571427,29576.7,phase_end,1,0.8788769239896989,0.0025,0.001482955315974992,1.7577538479793977,0.0026366307719690968,-0.0011536754559941047,0.5931821263899968,-0.46147018239764187
2022-05-17 13:30:00+00:00,2022-05-17 13:35:00+00:00,2022-05-17 13:55:00+00:00,New_York,2022-05-17,opening_first_30m,value_area_bounce,long,30611.97,30512.59642857143,30810.717142857146,30512.59642857143,stop,5,0.7701235237883027,0.0025,-0.002500000000000018,1.5402470475766055,0.002310370571364908,-0.0048103705713649254,-1.000000000000007,-1.9241482285459701
2022-05-17 14:15:00+00:00,2022-05-17 14:20:00+00:00,2022-05-17 14:25:00+00:00,New_York,2022-05-17,opening_followthrough_30m,value_area_bounce,long,30420.1,30310.159285714286,30639.981428571427,30339.33,phase_end,2,0.6917387293151511,0.0025,-0.001836671712676236,1.3834774586303022,0.0020752161879454534,-0.003911887900621689,-0.7346686850704943,-1.5647551602486758
2022-05-17 15:15:00+00:00,2022-05-17 15:20:00+00:00,2022-05-17 15:25:00+00:00,London,2022-05-17,closing_last_30m,value_area_bounce,long,30099.99,29997.57,30304.83,29997.57,stop,2,0.7347195371997596,0.0025,-0.002500000000000008,1.4694390743995192,0.002204158611599279,-0.004704158611599287,-1.000000000000003,-1.8816634446397147
2022-05-18 00:30:00+00:00,2022-05-18 00:35:00+00:00,2022-05-18 00:35:00+00:00,Tokyo,2022-05-18,opening_followthrough_30m,opening_range_breakout,long,30694.44,30612.18357142857,30858.952857142856,30612.18357142857,stop,1,0.9328887885445281,0.0025,-0.0024999999999999528,1.8657775770890561,0.002798666365633584,-0.005298666365633537,-0.9999999999999811,-2.1194665462534146
2022-05-18 15:30:00+00:00,2022-05-18 15:35:00+00:00,2022-05-18 15:55:00+00:00,London,2022-05-18,after_close_30m,value_area_bounce,long,29029.74,28908.492857142857,29272.234285714287,28984.99,phase_end,5,0.598565444841116,0.0025,-0.00092270215498448,1.197130889682232,0.0017956963345233479,-0.002718398489507828,-0.369080861993792,-1.0873593958031311
2022-05-18 20:05:00+00:00,2022-05-18 20:10:00+00:00,2022-05-18 20:25:00+00:00,New_York,2022-05-18,after_close_30m,value_area_bounce,short,29136.96,29248.829285714284,28913.22142857143,29105.73,phase_end,4,0.6511385098680227,0.0025,0.0006979127425503014,1.3022770197360454,0.001953415529604068,-0.0012555027870537667,0.27916509702012055,-0.5022011148215066
2022-05-19 07:20:00+00:00,2022-05-19 07:25:00+00:00,2022-05-19 07:25:00+00:00,London,2022-05-19,opening_first_30m,value_area_bounce,short,29204.95,29287.17357142857,29040.50285714286,29215.78,phase_end,1,0.8879737735963842,0.0025,-0.00032928513721286413,1.7759475471927684,0.0026639213207891527,-0.002993206458002017,-0.13171405488514565,-1.1972825832008067
2022-05-19 07:30:00+00:00,2022-05-19 07:35:00+00:00,2022-05-19 07:55:00+00:00,London,2022-05-19,opening_followthrough_30m,opening_range_breakout,short,29160.31,29241.205714285716,28998.518571428573,29192.13,phase_end,5,0.9011698041570356,0.0025,-0.000983364825966323,1.8023396083140713,0.002703509412471107,-0.00368687423843743,-0.39334593038652915,-1.474749695374972
2022-05-19 13:35:00+00:00,2022-05-19 13:40:00+00:00,2022-05-19 13:45:00+00:00,New_York,2022-05-19,opening_first_30m,value_area_bounce,short,29689.69,29785.476428571426,29498.117142857143,29498.117142857143,target,2,0.7748929165330639,0.0025,0.005000000000000014,1.5497858330661278,0.002324678749599192,0.002675321250400822,2.0000000000000053,1.070128500160329
2022-05-19 14:05:00+00:00,2022-05-19 14:10:00+00:00,2022-05-19 14:15:00+00:00,New_York,2022-05-19,opening_followthrough_30m,value_area_bounce,short,29655.09,29790.470714285715,29384.32857142857,29790.470714285715,stop,2,0.5476239757720266,0.0025000000000000005,-0.002500000000000013,1.0952479515440532,0.0016428719273160798,-0.004142871927316093,-1.000000000000005,-1.657148770926437
2022-05-20 07:45:00+00:00,2022-05-20 07:50:00+00:00,2022-05-20 07:55:00+00:00,London,2022-05-20,opening_followthrough_30m,opening_range_breakout,long,30317.11,30240.084285714285,30471.161428571428,30256.74,phase_end,2,0.9839931470010009,0.0025,-0.00195941058644605,1.9679862940020019,0.0029519794410030028,-0.004911390027449053,-0.78376423457842,-1.9645560109796212
2022-05-20 13:40:00+00:00,2022-05-20 13:45:00+00:00,2022-05-20 13:55:00+00:00,New_York,2022-05-20,opening_first_30m,value_area_bounce,long,30389.92,30282.06714285714,30605.625714285714,30362.53,phase_end,3,0.7044301098056882,0.0025,-0.0006348927771964484,1.4088602196113764,0.0021132903294170647,-0.002748183106613513,-0.25395711087857936,-1.0992732426454053
2022-05-23 07:40:00+00:00,2022-05-23 07:45:00+00:00,2022-05-23 07:55:00+00:00,London,2022-05-23,opening_followthrough_30m,value_area_bounce,short,30513.56,30588.510000000002,30363.66,30457.01,phase_end,3,1.0,0.0024562850090255107,0.0018532744130806966,2.0,0.003,-0.0011467255869193034,0.7545030020013646,-0.4668536357571336
2022-05-23 13:40:00+00:00,2022-05-23 13:45:00+00:00,2022-05-23 13:55:00+00:00,New_York,2022-05-23,opening_first_30m,value_area_bounce,long,30405.9,30292.493571428575,30632.71285714286,30323.07,phase_end,3,0.6702860759972056,0.0025,-0.0018259546888876944,1.3405721519944112,0.002010858227991617,-0.0038368129168793114,-0.7303818755550777,-1.5347251667517245
2022-05-23 14:00:00+00:00,2022-05-23 14:05:00+00:00,2022-05-23 14:25:00+00:00,New_York,2022-05-23,opening_followthrough_30m,opening_range_breakout,short,30147.04,30291.845714285715,29857.428571428572,30222.78,phase_end,5,0.5204739355195142,0.0025,-0.0013076141430882545,1.0409478710390283,0.0015614218065585425,-0.0028690359496467968,-0.5230456572353018,-1.1476143798587186
2022-05-24 00:00:00+00:00,2022-05-24 00:05:00+00:00,2022-05-24 00:25:00+00:00,Tokyo,2022-05-24,opening_first_30m,value_area_bounce,long,29141.18,29054.920714285716,29313.698571428573,29225.69,phase_end,5,0.84458095608754,0.0025,0.0024493015244734144,1.68916191217508,0.00253374286826262,-8.444134378920564e-05,0.9797206097893657,-0.033776537515682256
2022-05-24 14:05:00+00:00,2022-05-24 14:10:00+00:00,2022-05-24 14:20:00+00:00,New_York,2022-05-24,opening_followthrough_30m,opening_range_breakout,short,28750.86,28864.575714285715,28523.428571428572,28864.575714285715,stop,3,0.6320775492770204,0.0025,-0.002499999999999963,1.2641550985540408,0.0018962326478310612,-0.004396232647831025,-0.9999999999999852,-1.75849305913241
2022-05-24 20:20:00+00:00,2022-05-24 20:25:00+00:00,2022-05-24 20:25:00+00:00,New_York,2022-05-24,after_close_30m,value_area_bounce,long,29330.49,29258.55285714286,29474.364285714288,29350.17,phase_end,1,1.0,0.0024526403362897463,0.0006709741296513361,2.0,0.003,-0.002329025870348664,0.27357216617678165,-0.9495994320438841
2022-05-25 19:50:00+00:00,2022-05-25 19:55:00+00:00,2022-05-25 19:55:00+00:00,New_York,2022-05-25,closing_last_30m,value_area_bounce,long,29683.17,29611.67857142857,29826.152857142857,29611.67857142857,stop,1,1.0,0.0024084836145003862,-0.002408483614500412,2.0,0.003,-0.005408483614500412,-1.0000000000000107,-2.245597014627124
2022-05-26 00:10:00+00:00,2022-05-26 00:15:00+00:00,2022-05-26 00:25:00+00:00,Tokyo,2022-05-26,opening_first_30m,value_area_bounce,long,29693.25,29631.635,29816.480000000003,29816.480000000003,target,3,1.0,0.0020750507270171107,0.004150101454034383,2.0,0.003,0.0011501014540343827,2.0000000000000777,0.5542522113122775
2022-05-26 00:30:00+00:00,2022-05-26 00:35:00+00:00,2022-05-26 00:40:00+00:00,Tokyo,2022-05-26,opening_followthrough_30m,opening_range_breakout,long,29871.36,29803.452142857142,30007.175714285717,29803.452142857142,stop,2,1.0,0.0022733433343127864,-0.0022733433343128384,2.0,0.003,-0.0052733433343128385,-1.0000000000000229,-2.319642288395003
2022-05-26 07:30:00+00:00,2022-05-26 07:35:00+00:00,2022-05-26 07:55:00+00:00,London,2022-05-26,opening_followthrough_30m,opening_range_breakout,long,29699.01,29647.35714285714,29802.315714285713,29733.7,phase_end,5,1.0,0.0017392114128672001,0.0011680524030937,2.0,0.003,-0.0018319475969063,0.6715988605250075,-1.0533208230770625
2022-05-27 00:40:00+00:00,2022-05-27 00:45:00+00:00,2022-05-27 00:55:00+00:00,Tokyo,2022-05-27,opening_followthrough_30m,opening_range_breakout,short,29130.39,29227.612857142856,28935.944285714286,29074.51,phase_end,3,0.7490622795932768,0.0025,0.0014369049018455417,1.4981245591865535,0.0022471868387798303,-0.0008102819369342886,0.5747619607382167,-0.3241127747737154
2022-05-27 13:30:00+00:00,2022-05-27 13:35:00+00:00,2022-05-27 13:35:00+00:00,New_York,2022-05-27,opening_first_30m,value_area_bounce,short,29138.93,29247.365,28922.06,29247.365,stop,1,0.6718063817033245,0.0025,-0.002499999999999976,1.343612763406649,0.0020154191451099736,-0.00451541914510995,-0.9999999999999905,-1.8061676580439798
2022-05-30 00:00:00+00:00,2022-05-30 00:05:00+00:00,2022-05-30 00:05:00+00:00,Tokyo,2022-05-30,opening_first_30m,value_area_bounce,short,29438.56,29473.512142857144,29368.655714285716,29368.655714285716,target,1,1.0,0.001187291187379511,0.00237458237475896,2.0,0.003,-0.00062541762524104,1.9999999999999478,-0.5267601005456876
2022-05-30 07:05:00+00:00,2022-05-30 07:10:00+00:00,2022-05-30 07:25:00+00:00,London,2022-05-30,opening_first_30m,value_area_bounce,short,30622.18,30741.084285714285,30384.371428571427,30583.3,phase_end,4,0.6438409645212809,0.0025,0.0008174642269292597,1.2876819290425618,0.001931522893563843,-0.0011140586666345833,0.32698569077170386,-0.4456234666538333
2022-05-31 13:30:00+00:00,2022-05-31 13:35:00+00:00,2022-05-31 13:40:00+00:00,New_York,2022-05-31,opening_first_30m,value_area_bounce,short,31560.9,31650.585000000003,31381.53,31381.53,target,2,0.8797708646930874,0.0025,0.005000000000000036,1.7595417293861748,0.0026393125940792623,0.0023606874059207733,2.000000000000014,0.9442749623683093
2022-06-01 07:40:00+00:00,2022-06-01 07:45:00+00:00,2022-06-01 07:55:00+00:00,London,2022-06-01,opening_followthrough_30m,opening_range_breakout,short,31491.81,31546.896428571432,31381.637142857144,31482.43,phase_end,3,1.0,0.0017492303100847182,0.00029785522013503485,2.0,0.003,-0.002702144779864965,0.17027787502756525,-1.5447621529803561
2022-06-01 13:35:00+00:00,2022-06-01 13:40:00+00:00,2022-06-01 13:55:00+00:00,New_York,2022-06-01,opening_first_30m,value_area_bounce,short,31721.31,31814.642142857145,31534.645714285714,31739.45,phase_end,4,0.8496887842957171,0.0025,-0.00048589905483482486,1.6993775685914343,0.0025490663528871514,-0.003034965407721976,-0.19435962193392994,-1.2139861630887905
2022-06-01 14:05:00+00:00,2022-06-01 14:10:00+00:00,2022-06-01 14:25:00+00:00,New_York,2022-06-01,opening_followthrough_30m,opening_range_breakout,short,31583.95,31682.25,31387.35,31387.35,target,4,0.8032540691759894,0.0025,0.005000000000000041,1.6065081383519788,0.002409762207527968,0.0025902377924720728,2.0000000000000164,1.036095116988829
2022-06-01 15:35:00+00:00,2022-06-01 15:40:00+00:00,2022-06-01 15:40:00+00:00,London,2022-06-01,after_close_30m,value_area_bounce,long,30839.91,30663.545,31192.64,30663.545,stop,1,0.4371602925750567,0.0025,-0.0025000000000000014,0.8743205851501133,0.00131148087772517,-0.003811480877725171,-1.0000000000000004,-1.5245923510900683
2022-06-02 00:50:00+00:00,2022-06-02 00:55:00+00:00,2022-06-02 00:55:00+00:00,Tokyo,2022-06-02,opening_followthrough_30m,value_area_bounce,short,29705.77,29797.745714285713,29521.818571428572,29680.0,phase_end,1,0.8074351536896456,0.0025,0.000700456642281351,1.6148703073792912,0.002422305461068937,-0.0017218488187875861,0.28018265691254035,-0.6887395275150344
2022-06-02 14:00:00+00:00,2022-06-02 14:05:00+00:00,2022-06-02 14:25:00+00:00,New_York,2022-06-02,opening_followthrough_30m,value_area_bounce,long,29955.32,29777.84857142857,30310.262857142858,29777.84857142857,stop,5,0.421973838847299,0.0025,-0.002499999999999988,0.843947677694598,0.001265921516541897,-0.003765921516541885,-0.9999999999999951,-1.5063686066167539
2022-06-02 19:50:00+00:00,2022-06-02 19:55:00+00:00,2022-06-02 19:55:00+00:00,New_York,2022-06-02,closing_last_30m,value_area_bounce,long,30281.11,30199.091428571428,30445.147142857142,30293.01,phase_end,1,0.9229955323707216,0.0025,0.0003627227283018485,1.8459910647414433,0.002768986597112165,-0.0024062638688103167,0.1450890913207394,-0.9625055475241266
2022-06-03 13:30:00+00:00,2022-06-03 13:35:00+00:00,2022-06-03 13:40:00+00:00,New_York,2022-06-03,opening_first_30m,value_area_bounce,long,29732.56,29603.457857142857,29990.76428571429,29603.457857142857,stop,2,0.5757565161583009,0.0025,-0.00250000000000002,1.1515130323166018,0.0017272695484749029,-0.004227269548474923,-1.000000000000008,-1.6909078193899691
2022-06-06 00:00:00+00:00,2022-06-06 00:05:00+00:00,2022-06-06 00:25:00+00:00,Tokyo,2022-06-06,opening_first_30m,value_area_bounce,long,29933.82,29887.639285714286,30026.181428571428,29987.15,phase_end,5,1.0,0.0015427604724593854,0.0017815968693606354,2.0,0.003,-0.0012184031306393646,1.1548110683186676,-0.7897552163084993
2022-06-06 00:30:00+00:00,2022-06-06 00:35:00+00:00,2022-06-06 00:45:00+00:00,Tokyo,2022-06-06,opening_followthrough_30m,opening_range_breakout,long,30072.17,30021.86357142857,30172.782857142854,30172.782857142854,target,3,1.0,0.0016728566169793744,0.0033457132339587137,2.0,0.003,0.0003457132339587136,1.999999999999979,0.2066604097743639
2022-06-06 13:40:00+00:00,2022-06-06 13:45:00+00:00,2022-06-06 13:50:00+00:00,New_York,2022-06-06,opening_first_30m,value_area_bounce,long,31451.07,31370.89357142857,31611.422857142858,31370.89357142857,stop,2,0.9806831808422425,0.0025,-0.002500000000000097,1.961366361684485,0.0029420495425267275,-0.005442049542526825,-1.0000000000000389,-2.17681981701073
2022-06-06 15:45:00+00:00,2022-06-06 15:50:00+00:00,2022-06-06 15:55:00+00:00,London,2022-06-06,after_close_30m,value_area_bounce,short,31407.6,31522.29142857143,31178.217142857142,31522.29142857143,stop,2,0.6846108813711292,0.0025,-0.0025000000000000864,1.3692217627422585,0.002053832644113388,-0.004553832644113474,-1.0000000000000344,-1.8215330576453896
2022-06-07 00:30:00+00:00,2022-06-07 00:35:00+00:00,2022-06-07 00:50:00+00:00,Tokyo,2022-06-07,opening_followthrough_30m,opening_range_breakout,short,30506.42,30629.526428571426,30260.20714285714,30260.20714285714,target,4,0.6195131390376498,0.0025,0.005000000000000004,1.2390262780752996,0.0018585394171129494,0.003141460582887054,2.0000000000000013,1.2565842331548216
2022-06-07 13:30:00+00:00,2022-06-07 13:35:00+00:00,2022-06-07 13:55:00+00:00,New_York,2022-06-07,opening_first_30m,value_area_bounce,long,29603.23,29540.474285714285,29728.74142857143,29564.48,phase_end,5,1.0,0.0021198941563374723,-0.0013089787837340383,2.0,0.003,-0.004308978783734038,-0.6174736506635561,-2.0326386441758175
2022-06-07 14:05:00+00:00,2022-06-07 14:10:00+00:00,2022-06-07 14:20:00+00:00,New_York,2022-06-07,opening_followthrough_30m,value_area_bounce,short,29558.29,29634.47142857143,29405.927142857145,29634.47142857143,stop,3,0.9699965777186033,0.0025,-0.002500000000000089,1.9399931554372065,0.00290998973315581,-0.005409989733155899,-1.0000000000000355,-2.1639958932623595
2022-06-08 13:30:00+00:00,2022-06-08 13:35:00+00:00,2022-06-08 13:35:00+00:00,New_York,2022-06-08,opening_first_30m,value_area_bounce,long,30403.24,30291.668571428574,30626.38285714286,30626.38285714286,target,1,0.6812505761843759,0.0025,0.004999999999999994,1.3625011523687518,0.002043751728553128,0.002956248271446866,1.9999999999999976,1.1824993085787465
2022-06-08 14:10:00+00:00,2022-06-08 14:15:00+00:00,2022-06-08 14:25:00+00:00,New_York,2022-06-08,opening_followthrough_30m,value_area_bounce,short,30523.11,30687.199285714287,30194.931428571428,30503.52,phase_end,3,0.4650381325497864,0.0025,0.0002984655566438189,0.9300762650995728,0.0013951143976493592,-0.0010966488410055404,0.11938622265752756,-0.4386595364022161
2022-06-09 00:45:00+00:00,2022-06-09 00:50:00+00:00,2022-06-09 00:55:00+00:00,Tokyo,2022-06-09,opening_followthrough_30m,value_area_bounce,long,30238.6,30167.49357142857,30380.812857142857,30223.76,phase_end,2,1.0,0.002351511927517434,-0.0004907634612714151,2.0,0.003,-0.003490763461271415,-0.20870124260416986,-1.4844761876061268
2022-06-09 05:50:00+00:00,2022-06-09 05:55:00+00:00,2022-06-09 05:55:00+00:00,Tokyo,2022-06-09,closing_last_30m,value_area_bounce,short,30333.79,30384.49357142857,30232.382857142857,30315.29,phase_end,1,1.0,0.0016715211461730078,0.0006098809281662732,2.0,0.003,-0.002390119071833727,0.36486581672185947,-1.429906571810933
2022-06-09 07:10:00+00:00,2022-06-09 07:15:00+00:00,2022-06-09 07:15:00+00:00,London,2022-06-09,opening_first_30m,value_area_bounce,short,30354.25,30379.795714285716,30303.158571428572,30379.795714285716,stop,1,1.0,0.0008415860805559104,-0.0008415860805559561,2.0,0.003,-0.003841586080555956,-1.0000000000000542,-4.564697740744943
2022-06-10 06:10:00+00:00,2022-06-10 06:15:00+00:00,2022-06-10 06:15:00+00:00,Tokyo,2022-06-10,after_close_30m,value_area_bounce,long,30166.51,30134.524285714284,30230.481428571427,30134.524285714284,stop,1,1.0,0.0010603054276319918,-0.0010603054276320245,2.0,0.003,-0.004060305427632025,-1.0000000000000309,-3.829373425636434
2022-06-10 14:15:00+00:00,2022-06-10 14:20:00+00:00,2022-06-10 14:25:00+00:00,New_York,2022-06-10,opening_followthrough_30m,value_area_bounce,long,29458.0,29315.414285714287,29743.17142857143,29453.62,phase_end,2,0.5164963430517964,0.0025,-7.679591223326157e-05,1.0329926861035927,0.001549489029155389,-0.0016262849413886506,-0.03071836489330463,-0.6505139765554603
2022-06-13 07:35:00+00:00,2022-06-13 07:40:00+00:00,2022-06-13 07:50:00+00:00,London,2022-06-13,opening_followthrough_30m,opening_range_breakout,short,25002.3,25165.444285714286,24676.01142857143,24676.01142857143,target,3,0.3831317151338435,0.0025,0.004999999999999985,0.766263430267687,0.0011493951454015305,0.003850604854598455,1.999999999999994,1.540241941839382
2022-06-15 00:00:00+00:00,2022-06-15 00:05:00+00:00,2022-06-15 00:25:00+00:00,Tokyo,2022-06-15,opening_first_30m,value_area_bounce,short,21987.4,22149.16285714286,21663.874285714286,21981.69,phase_end,5,0.3398091562604871,0.0025,8.824646307651258e-05,0.6796183125209742,0.0010194274687814612,-0.0009311810057049486,0.035298585230605035,-0.3724724022819794
2022-06-15 05:30:00+00:00,2022-06-15 05:35:00+00:00,2022-06-15 05:55:00+00:00,Tokyo,2022-06-15,closing_last_30m,value_area_bounce,long,21170.3,20980.85857142857,21549.18285714286,21226.31,phase_end,5,0.279377907985128,0.0025,0.000739146664253601,0.558755815970256,0.000838133723955384,-9.898705970178305e-05,0.2956586657014404,-0.03959482388071322
2022-06-15 07:45:00+00:00,2022-06-15 07:50:00+00:00,2022-06-15 07:55:00+00:00,London,2022-06-15,opening_followthrough_30m,opening_range_breakout,short,20763.1,20903.592142857142,20482.115714285716,20722.92,phase_end,2,0.36947083975209744,0.0025,0.0007149866032162714,0.7389416795041949,0.0011084125192562923,-0.00039342591604002084,0.2859946412865086,-0.15737036641600832
2022-06-16 13:30:00+00:00,2022-06-16 13:35:00+00:00,2022-06-16 13:35:00+00:00,New_York,2022-06-16,opening_first_30m,value_area_bounce,short,21027.97,21180.834285714285,20722.24142857143,21180.834285714285,stop,1,0.34389932713424576,0.0025,-0.0025000000000000087,0.6877986542684915,0.0010316979814027373,-0.003531697981402746,-1.0000000000000036,-1.4126791925610982
2022-06-16 14:00:00+00:00,2022-06-16 14:05:00+00:00,2022-06-16 14:15:00+00:00,New_York,2022-06-16,opening_followthrough_30m,opening_range_breakout,short,20853.93,21017.9,20525.99,21017.9,stop,3,0.3179534366042577,0.0025,-0.002499999999999995,0.6359068732085154,0.000953860309812773,-0.003453860309812768,-0.9999999999999979,-1.3815441239251072
2022-06-17 00:05:00+00:00,2022-06-17 00:10:00+00:00,2022-06-17 00:25:00+00:00,Tokyo,2022-06-17,opening_first_30m,value_area_bounce,long,20473.6,20362.746428571427,20695.307142857142,20454.56,phase_end,4,0.46172621540642395,0.0025,-0.0004293952769096158,0.9234524308128479,0.0013851786462192718,-0.0018145739231288877,-0.1717581107638463,-0.7258295692515551
2022-06-17 13:40:00+00:00,2022-06-17 13:45:00+00:00,2022-06-17 13:55:00+00:00,New_York,2022-06-17,opening_first_30m,value_area_bounce,long,20849.0,20738.470714285715,21070.058571428573,20801.35,phase_end,3,0.471571852320974,0.0025,-0.001077768658597274,0.943143704641948,0.001414715556962922,-0.002492484215560196,-0.43110746343890954,-0.9969936862240785
2022-06-17 14:15:00+00:00,2022-06-17 14:20:00+00:00,2022-06-17 14:25:00+00:00,New_York,2022-06-17,opening_followthrough_30m,opening_range_breakout,short,20505.03,20623.60357142857,20267.882857142857,20488.28,phase_end,2,0.43232715673813055,0.0025,0.0003531562682601988,0.8646543134762611,0.0012969814702143917,-0.0009438252019541929,0.14126250730407952,-0.37753008078167716
2022-06-20 00:05:00+00:00,2022-06-20 00:10:00+00:00,2022-06-20 00:15:00+00:00,Tokyo,2022-06-20,opening_first_30m,value_area_bounce,short,20470.21,20568.381428571425,20273.867142857143,20273.867142857143,target,2,0.5212873617578615,0.0024999999999999996,0.004999999999999989,1.042574723515723,0.0015638620852735845,0.0034361379147264046,1.9999999999999958,1.374455165890562
2022-06-20 06:15:00+00:00,2022-06-20 06:20:00+00:00,2022-06-20 06:25:00+00:00,Tokyo,2022-06-20,after_close_30m,value_area_bounce,short,20056.85,20156.351428571426,19857.84714285714,19971.35,phase_end,2,0.5039337195445824,0.0025000000000000005,0.00214821036309597,1.0078674390891649,0.0015118011586337473,0.0006364092044622229,0.8592841452383879,0.2545636817848891
2022-06-21 00:00:00+00:00,2022-06-21 00:05:00+00:00,2022-06-21 00:15:00+00:00,Tokyo,2022-06-21,opening_first_30m,value_area_bounce,short,20554.46,20651.34642857143,20360.687142857143,20651.34642857143,stop,3,0.5303751078213829,0.0024999999999999996,-0.002500000000000084,1.0607502156427657,0.0015911253234641486,-0.004091125323464233,-1.0000000000000338,-1.6364501293856935
2022-06-21 00:50:00+00:00,2022-06-21 00:55:00+00:00,2022-06-21 00:55:00+00:00,Tokyo,2022-06-21,opening_followthrough_30m,value_area_bounce,short,20610.0,20703.32,20423.36,20672.3,phase_end,1,0.5521324474924976,0.0025,-0.0016689884269181288,1.1042648949849951,0.0016563973424774928,-0.0033253857693956216,-0.6675953707672515,-1.3301543077582485
2022-06-21 07:00:00+00:00,2022-06-21 07:05:00+00:00,2022-06-21 07:25:00+00:00,London,2022-06-21,opening_first_30m,value_area_bounce,short,21096.93,21214.632142857143,20861.525714285715,21112.0,phase_end,5,0.44809995569931316,0.0025,-0.00032008763039880985,0.8961999113986263,0.0013442998670979394,-0.0016643874974967493,-0.12803505215952393,-0.6657549989986997
2022-06-22 00:05:00+00:00,2022-06-22 00:10:00+00:00,2022-06-22 00:10:00+00:00,Tokyo,2022-06-22,opening_first_30m,value_area_bounce,long,20609.15,20518.225000000002,20791.000000000004,20518.225000000002,stop,1,0.5666524608193547,0.0025,-0.0024999999999999797,1.1333049216387094,0.0016999573824580641,-0.004199957382458043,-0.9999999999999919,-1.6799829529832173
2022-06-22 13:40:00+00:00,2022-06-22 13:45:00+00:00,2022-06-22 13:55:00+00:00,New_York,2022-06-22,opening_first_30m,value_area_bounce,long,20546.57,20392.139285714286,20855.431428571428,20723.95,phase_end,3,0.33261793314616483,0.0025,0.002871514271309873,0.6652358662923297,0.0009978537994384945,0.0018736604718713784,1.1486057085239492,0.7494641887485514
2022-06-22 14:15:00+00:00,2022-06-22 14:20:00+00:00,2022-06-22 14:25:00+00:00,New_York,2022-06-22,opening_followthrough_30m,opening_range_breakout,long,20824.33,20694.704285714288,21083.58142857143,20800.77,phase_end,2,0.40162420926183034,0.0025,-0.00045438515285768654,0.8032484185236607,0.001204872627785491,-0.0016592577806431776,-0.1817540611430746,-0.6637031122572711
2022-06-22 15:00:00+00:00,2022-06-22 15:05:00+00:00,2022-06-22 15:25:00+00:00,London,2022-06-22,closing_last_30m,value_area_bounce,short,20602.01,20713.850714285712,20378.32857142857,20462.11,phase_end,5,0.4605212451381747,0.0025,0.0031272153636868363,0.9210424902763494,0.0013815637354145241,0.0017456516282723122,1.2508861454747344,0.6982606513089249
2022-06-23 00:00:00+00:00,2022-06-23 00:05:00+00:00,2022-06-23 00:10:00+00:00,Tokyo,2022-06-23,opening_first_30m,value_area_bounce,long,19992.72,19936.405000000002,20105.350000000002,20105.350000000002,target,2,0.8875397318653963,0.0025,0.005000000000000038,1.7750794637307925,0.0026626191955961887,0.0023373808044038495,2.000000000000015,0.9349523217615398
2022-06-23 05:35:00+00:00,2022-06-23 05:40:00+00:00,2022-06-23 05:55:00+00:00,Tokyo,2022-06-23,closing_last_30m,value_area_bounce,short,20400.96,20464.195,20274.489999999998,20349.16,phase_end,4,0.8065533328062016,0.0025,0.002047916501937209,1.6131066656124031,0.0024196599984186045,-0.0003717434964813954,0.8191666007748837,-0.14869739859255815
2022-06-23 06:10:00+00:00,2022-06-23 06:15:00+00:00,2022-06-23 06:25:00+00:00,Tokyo,2022-06-23,after_close_30m,value_area_bounce,long,20322.72,20264.980714285717,20438.198571428573,20438.198571428573,target,3,0.8799346817591446,0.0025,0.004999999999999986,1.7598693635182892,0.0026398040452774336,0.0023601959547225526,1.9999999999999944,0.944078381889021
2022-06-23 07:20:00+00:00,2022-06-23 07:25:00+00:00,2022-06-23 07:25:00+00:00,London,2022-06-23,opening_first_30m,value_area_bounce,short,20488.42,20559.116428571426,20347.02714285714,20489.22,phase_end,1,0.7245210406668324,0.0025,-2.82899722152411e-05,1.4490420813336649,0.0021735631220004973,-0.0022018530942157382,-0.01131598888609644,-0.8807412376862953
2022-06-23 07:45:00+00:00,2022-06-23 07:50:00+00:00,2022-06-23 07:55:00+00:00,London,2022-06-23,opening_followthrough_30m,opening_range_breakout,short,20445.29,20493.847857142857,20348.174285714285,20461.83,phase_end,2,1.0,0.002375014350144104,-0.0008089882804303006,2.0,0.003,-0.0038089882804303006,-0.34062458628143244,-1.6037748488547827
2022-06-24 07:30:00+00:00,2022-06-24 07:35:00+00:00,2022-06-24 07:50:00+00:00,London,2022-06-24,opening_followthrough_30m,opening_range_breakout,long,20934.77,20877.825714285715,21048.658571428572,20877.825714285715,stop,4,0.9190900253380484,0.0025,-0.002499999999999982,1.8381800506760968,0.002757270076014145,-0.005257270076014127,-0.9999999999999927,-2.1029080304056507
2022-06-28 00:05:00+00:00,2022-06-28 00:10:00+00:00,2022-06-28 00:25:00+00:00,Tokyo,2022-06-28,opening_first_30m,value_area_bounce,long,20796.32,20748.91214285714,20891.135714285712,20849.44,phase_end,4,1.0,0.002279627219760856,0.002554298068119687,2.0,0.003,-0.0004457019318803131,1.1204893703575118,-0.19551527022346638
2022-06-28 14:15:00+00:00,2022-06-28 14:20:00+00:00,2022-06-28 14:25:00+00:00,New_York,2022-06-28,opening_followthrough_30m,opening_range_breakout,short,20915.36,20983.54357142857,20778.992857142857,20839.99,phase_end,2,0.7668768136438399,0.0025,0.0027634956053510843,1.5337536272876797,0.0023006304409315197,0.0004628651644195646,1.1053982421404336,0.18514606576782583
2022-06-29 00:10:00+00:00,2022-06-29 00:15:00+00:00,2022-06-29 00:25:00+00:00,Tokyo,2022-06-29,opening_first_30m,value_area_bounce,long,20286.04,20228.582857142857,20400.954285714288,20360.11,phase_end,3,0.8826596220785704,0.0025,0.0032228368970661663,1.7653192441571408,0.0026479788662357112,0.0005748580308304551,1.2891347588264666,0.22994321233218204
2022-06-29 00:50:00+00:00,2022-06-29 00:55:00+00:00,2022-06-29 00:55:00+00:00,Tokyo,2022-06-29,opening_followthrough_30m,value_area_bounce,short,20260.76,20327.82642857143,20126.62714285714,20289.83,phase_end,1,0.7552496991256001,0.0025,-0.0010836271074523,1.5104993982512003,0.0022657490973768003,-0.0033493762048291,-0.43345084298092,-1.33975048193164
2022-06-29 13:30:00+00:00,2022-06-29 13:35:00+00:00,2022-06-29 13:45:00+00:00,New_York,2022-06-29,opening_first_30m,value_area_bounce,short,20024.35,20088.682142857142,19895.68571428571,19895.68571428571,target,3,0.7781627158163568,0.0025,0.005000000000000052,1.5563254316327135,0.0023344881474490703,0.002665511852550982,2.000000000000021,1.0662047410203928
2022-06-30 00:15:00+00:00,2022-06-30 00:20:00+00:00,2022-06-30 00:25:00+00:00,Tokyo,2022-06-30,opening_first_30m,value_area_bounce,long,20119.52,20068.85357142857,20220.852857142858,20072.96,phase_end,2,0.9927441388352313,0.0025,-0.002297379217007681,1.9854882776704625,0.002978232416505694,-0.005275611633513375,-0.9189516868030724,-2.11024465340535
2022-07-01 13:30:00+00:00,2022-07-01 13:35:00+00:00,2022-07-01 13:40:00+00:00,New_York,2022-07-01,opening_first_30m,value_area_bounce,short,19290.05,19361.44,19147.269999999997,19361.44,stop,2,0.6755165289256155,0.0025,-0.0025000000000000057,1.351033057851231,0.0020265495867768466,-0.004526549586776852,-1.0000000000000022,-1.810619834710741
2022-07-01 14:00:00+00:00,2022-07-01 14:05:00+00:00,2022-07-01 14:10:00+00:00,New_York,2022-07-01,opening_followthrough_30m,value_area_bounce,short,19383.02,19487.51142857143,19174.03714285714,19487.51142857143,stop,2,0.46374665044295804,0.0025,-0.0024999999999999523,0.9274933008859161,0.0013912399513288742,-0.003891239951328827,-0.9999999999999809,-1.5564959805315306
2022-07-04 00:05:00+00:00,2022-07-04 00:10:00+00:00,2022-07-04 00:15:00+00:00,Tokyo,2022-07-04,opening_first_30m,value_area_bounce,long,19334.53,19289.303571428572,19424.982857142855,19289.303571428572,stop,2,1.0,0.00233915324403687,-0.0023391532440367735,2.0,0.003,-0.0053391532440367736,-0.9999999999999587,-2.2825153750177374
2022-07-04 07:20:00+00:00,2022-07-04 07:25:00+00:00,2022-07-04 07:25:00+00:00,London,2022-07-04,opening_first_30m,value_area_bounce,long,19121.77,19097.370714285713,19170.568571428572,19114.47,phase_end,1,1.0,0.001275995146593987,-0.00038176382207288917,2.0,0.003,-0.0033817638220728892,-0.29918908633150454,-2.650295207705005
2022-07-04 07:40:00+00:00,2022-07-04 07:45:00+00:00,2022-07-04 07:55:00+00:00,London,2022-07-04,opening_followthrough_30m,value_area_bounce,long,19129.93,19104.977142857144,19179.835714285717,19120.6,phase_end,3,1.0,0.0013043883141683045,-0.0004877174145436758,2.0,0.003,-0.003487717414543676,-0.37390507814741575,-2.6738336863800343
2022-07-05 00:15:00+00:00,2022-07-05 00:20:00+00:00,2022-07-05 00:20:00+00:00,Tokyo,2022-07-05,opening_first_30m,value_area_bounce,short,20287.78,20373.574999999997,20116.19,20373.574999999997,stop,1,0.5911702313654636,0.0025,-0.0024999999999999133,1.1823404627309273,0.0017735106940963909,-0.004273510694096304,-0.9999999999999654,-1.7094042776385217
2022-07-05 00:45:00+00:00,2022-07-05 00:50:00+00:00,2022-07-05 00:55:00+00:00,Tokyo,2022-07-05,opening_followthrough_30m,value_area_bounce,short,20373.0,20458.505714285715,20201.98857142857,20395.59,phase_end,2,0.5956619440638843,0.0025,-0.0006604821732883822,1.1913238881277686,0.0017869858321916529,-0.002447468005480035,-0.2641928693153529,-0.9789872021920141
2022-07-06 00:40:00+00:00,2022-07-06 00:45:00+00:00,2022-07-06 00:55:00+00:00,Tokyo,2022-07-06,opening_followthrough_30m,opening_range_breakout,long,20337.2,20273.712142857144,20464.175714285713,20273.712142857144,stop,3,0.8008303050077151,0.0025,-0.002500000000000005,1.6016606100154303,0.0024024909150231455,-0.00490249091502315,-1.000000000000002,-1.96099636600926
2022-07-06 07:05:00+00:00,2022-07-06 07:10:00+00:00,2022-07-06 07:20:00+00:00,London,2022-07-06,opening_first_30m,value_area_bounce,short,20111.53,20184.147142857142,19966.295714285716,20184.147142857142,stop,3,0.6923823083884221,0.0025,-0.002499999999999996,1.3847646167768441,0.002077146925165266,-0.004577146925165263,-0.9999999999999984,-1.830858770066105
2022-07-06 13:35:00+00:00,2022-07-06 13:40:00+00:00,2022-07-06 13:50:00+00:00,New_York,2022-07-06,opening_first_30m,value_area_bounce,short,20099.99,20177.405000000002,19945.160000000003,20177.405000000002,stop,3,0.6490986888845846,0.0025,-0.002499999999999965,1.298197377769169,0.0019472960666537537,-0.004447296066653719,-0.9999999999999859,-1.7789184266614875
2022-07-07 00:00:00+00:00,2022-07-07 00:05:00+00:00,2022-07-07 00:15:00+00:00,Tokyo,2022-07-07,opening_first_30m,value_area_bounce,short,20518.39,20577.01,20401.149999999998,20577.01,stop,3,0.8750592801091736,0.0025,-0.002500000000000028,1.750118560218347,0.002625177840327521,-0.005125177840327549,-1.000000000000011,-2.0500711361310193
2022-07-07 13:30:00+00:00,2022-07-07 13:35:00+00:00,2022-07-07 13:45:00+00:00,New_York,2022-07-07,opening_first_30m,value_area_bounce,long,20458.14,20419.504999999997,20535.41,20535.41,target,3,1.0,0.0018884903515178058,0.0037769807030356706,2.0,0.003,0.0007769807030356705,2.000000000000031,0.4114295328070913
2022-07-07 14:15:00+00:00,2022-07-07 14:20:00+00:00,2022-07-07 14:25:00+00:00,New_York,2022-07-07,opening_followthrough_30m,opening_range_breakout,long,20715.62,20651.781428571427,20843.297142857144,20722.52,phase_end,2,0.8112501398617034,0.0025,0.0002702128135699341,1.6225002797234067,0.0024337504195851103,-0.002163537606015176,0.10808512542797365,-0.8654150424060704
2022-07-08 07:15:00+00:00,2022-07-08 07:20:00+00:00,2022-07-08 07:25:00+00:00,London,2022-07-08,opening_first_30m,value_area_bounce,long,21782.24,21730.312142857143,21886.095714285715,21814.14,phase_end,2,1.0,0.002383953952525406,0.0014644958461571544,2.0,0.003,-0.0015355041538428456,0.6143138144953524,-0.6440997537793178
2022-07-08 14:00:00+00:00,2022-07-08 14:05:00+00:00,2022-07-08 14:25:00+00:00,New_York,2022-07-08,opening_followthrough_30m,value_area_bounce,long,21279.0,21185.702857142856,21465.594285714287,21465.594285714287,target,5,0.5701943100385864,0.0025,0.005000000000000052,1.140388620077173,0.0017105829301157594,0.003289417069884293,2.000000000000021,1.3157668279537171
2022-07-11 07:00:00+00:00,2022-07-11 07:05:00+00:00,2022-07-11 07:25:00+00:00,London,2022-07-11,opening_first_30m,value_area_bounce,long,20430.9,20380.81642857143,20531.067142857144,20441.73,phase_end,5,1.0,0.0024513639354395204,0.0005300794384974772,2.0,0.003,-0.002469920561502523,0.21623857267135488,-1.0075699188499627
2022-07-11 13:30:00+00:00,2022-07-11 13:35:00+00:00,2022-07-11 13:35:00+00:00,New_York,2022-07-11,opening_first_30m,value_area_bounce,short,20596.52,20651.827142857142,20485.905714285716,20485.905714285716,target,1,0.9310063282965267,0.0025,0.004999999999999912,1.8620126565930535,0.0027930189848895805,0.002206981015110331,1.9999999999999647,0.8827924060441324
2022-07-12 00:30:00+00:00,2022-07-12 00:35:00+00:00,2022-07-12 00:45:00+00:00,Tokyo,2022-07-12,opening_followthrough_30m,opening_range_breakout,short,19824.88,19884.580714285716,19705.47857142857,19884.580714285716,stop,3,0.8301776719589368,0.0025,-0.0024999999999999324,1.6603553439178735,0.0024905330158768104,-0.004990533015876743,-0.9999999999999729,-1.996213206350697
2022-07-12 05:50:00+00:00,2022-07-12 05:55:00+00:00,2022-07-12 05:55:00+00:00,Tokyo,2022-07-12,closing_last_30m,value_area_bounce,short,19997.36,20027.325,19937.43,19956.82,phase_end,1,1.0,0.0014984477951089617,0.002027267599323146,2.0,0.003,-0.0009727324006768541,1.3529117303520943,-0.649160020023334
2022-07-12 13:30:00+00:00,2022-07-12 13:35:00+00:00,2022-07-12 13:35:00+00:00,New_York,2022-07-12,opening_first_30m,value_area_bounce,short,19839.65,19900.77642857143,19717.397142857142,19900.77642857143,stop,1,0.8114186638933321,0.0025,-0.0024999999999999758,1.6228373277866641,0.002434255991679996,-0.004934255991679972,-0.9999999999999903,-1.9737023966719887
2022-07-13 00:30:00+00:00,2022-07-13 00:35:00+00:00,2022-07-13 00:55:00+00:00,Tokyo,2022-07-13,opening_followthrough_30m,value_area_bounce,long,19379.13,19317.54857142857,19502.292857142857,19428.23,phase_end,5,0.7867278516250266,0.0025,0.00199329575243001,1.5734557032500531,0.0023601835548750796,-0.00036688780244506936,0.7973183009720041,-0.14675512097802773
2022-07-13 07:20:00+00:00,2022-07-13 07:25:00+00:00,2022-07-13 07:25:00+00:00,London,2022-07-13,opening_first_30m,value_area_bounce,short,19510.1,19542.90857142857,19444.482857142855,19513.59,phase_end,1,1.0,0.0016816198496456538,-0.00017888170742330622,2.0,0.003,-0.0031788817074233063,-0.10637464077329943,-1.890368806061103
2022-07-13 07:45:00+00:00,2022-07-13 07:50:00+00:00,2022-07-13 07:50:00+00:00,London,2022-07-13,opening_followthrough_30m,opening_range_breakout,long,19757.44,19690.32,19891.68,19690.32,stop,1,0.7358998808104856,0.0025,-0.0024999999999999606,1.4717997616209713,0.002207699642431457,-0.004707699642431418,-0.9999999999999842,-1.883079856972567
2022-07-14 00:15:00+00:00,2022-07-14 00:20:00+00:00,2022-07-14 00:25:00+00:00,Tokyo,2022-07-14,opening_first_30m,value_area_bounce,short,20233.94,20360.87,19980.08,20176.06,phase_end,2,0.3985255652721996,0.0025,0.0011399984243283096,0.7970511305443992,0.0011955766958165988,-5.5578271488289236e-05,0.4559993697313238,-0.022231308595315694
2022-07-14 19:30:00+00:00,2022-07-14 19:35:00+00:00,2022-07-14 19:55:00+00:00,New_York,2022-07-14,closing_last_30m,value_area_bounce,short,20738.37,20813.919285714284,20587.27142857143,20605.75,phase_end,5,0.686253013642935,0.0025,0.004388525938601996,1.37250602728587,0.002058759040928805,0.0023297668976731915,1.7554103754407986,0.9319067590692766
2022-07-15 00:05:00+00:00,2022-07-15 00:10:00+00:00,2022-07-15 00:15:00+00:00,Tokyo,2022-07-15,opening_first_30m,value_area_bounce,short,20553.68,20592.46,20476.12,20476.12,target,2,1.0,0.0018867667493120644,0.003773533498624193,2.0,0.003,0.000773533498624193,2.000000000000034,0.4099783393502306
2022-07-15 00:45:00+00:00,2022-07-15 00:50:00+00:00,2022-07-15 00:55:00+00:00,Tokyo,2022-07-15,opening_followthrough_30m,value_area_bounce,long,20482.36,20431.860714285714,20583.358571428573,20431.860714285714,stop,2,1.0,0.0024655013247636545,-0.0024655013247636415,2.0,0.003,-0.0054655013247636415,-0.9999999999999947,-2.216791072009491
2022-07-15 13:35:00+00:00,2022-07-15 13:40:00+00:00,2022-07-15 13:55:00+00:00,New_York,2022-07-15,opening_first_30m,value_area_bounce,short,20880.0,20974.822857142855,20690.354285714286,20861.02,phase_end,4,0.5505001807882396,0.0025,0.0005004067735325721,1.1010003615764792,0.0016515005423647189,-0.0011510937688321468,0.20016270941302883,-0.4604375075328587
2022-07-18 13:45:00+00:00,2022-07-18 13:50:00+00:00,2022-07-18 13:55:00+00:00,New_York,2022-07-18,opening_first_30m,value_area_bounce,long,22197.31,22105.844285714287,22380.24142857143,22139.16,phase_end,2,0.6067112188798265,0.0025,-0.001589393371442901,1.213422437759653,0.0018201336566394796,-0.003409527028082381,-0.6357573485771604,-1.3638108112329523
2022-07-19 00:30:00+00:00,2022-07-19 00:35:00+00:00,2022-07-19 00:55:00+00:00,Tokyo,2022-07-19,opening_followthrough_30m,value_area_bounce,short,22388.26,22594.658571428572,21975.462857142855,22345.94,phase_end,5,0.2711775067656883,0.0025,0.0005126004471238034,0.5423550135313766,0.0008135325202970649,-0.00030093207317326157,0.20504017884952133,-0.12037282926930462
2022-07-19 13:45:00+00:00,2022-07-19 13:50:00+00:00,2022-07-19 13:55:00+00:00,New_York,2022-07-19,opening_first_30m,value_area_bounce,short,22091.46,22202.647142857142,21869.085714285713,22202.647142857142,stop,2,0.4967179530007326,0.0025,-0.002499999999999961,0.9934359060014653,0.0014901538590021979,-0.003990153859002159,-0.9999999999999843,-1.5960615436008636
2022-07-20 07:35:00+00:00,2022-07-20 07:40:00+00:00,2022-07-20 07:55:00+00:00,London,2022-07-20,opening_followthrough_30m,opening_range_breakout,short,23566.38,23661.57285714286,23375.994285714285,23375.994285714285,target,4,0.6189114579425208,0.0025,0.004999999999999996,1.2378229158850416,0.0018567343738275623,0.0031432656261724335,1.9999999999999982,1.2573062504689734
2022-07-21 05:40:00+00:00,2022-07-21 05:45:00+00:00,2022-07-21 05:55:00+00:00,Tokyo,2022-07-21,closing_last_30m,value_area_bounce,short,22918.92,22982.979285714282,22790.801428571427,22942.0,phase_end,3,0.8944417559626738,0.0025,-0.0009007281201565732,1.7888835119253477,0.0026833252678880215,-0.003584053388044595,-0.3602912480626293,-1.4336213552178378
2022-07-21 15:00:00+00:00,2022-07-21 15:05:00+00:00,2022-07-21 15:25:00+00:00,London,2022-07-21,closing_last_30m,value_area_bounce,long,22610.47,22502.79857142857,22825.812857142857,22597.31,phase_end,5,0.524987694042722,0.0025,-0.0003055592410773703,1.049975388085444,0.0015749630821281662,-0.0018805223232055365,-0.12222369643094812,-0.7522089292822146
2022-07-22 00:45:00+00:00,2022-07-22 00:50:00+00:00,2022-07-22 00:55:00+00:00,Tokyo,2022-07-22,opening_followthrough_30m,value_area_bounce,short,23238.11,23309.215714285714,23095.898571428574,23270.16,phase_end,2,0.8170268111865666,0.0025,-0.0011268433318600583,1.6340536223731332,0.0024510804335597,-0.003577923765419758,-0.45073733274402333,-1.4311695061679033
2022-07-22 07:35:00+00:00,2022-07-22 07:40:00+00:00,2022-07-22 07:55:00+00:00,London,2022-07-22,opening_followthrough_30m,value_area_bounce,short,23129.16,23196.945,22993.59,23118.79,phase_end,4,0.8530338570480182,0.0025,0.0003824592461458294,1.7060677140960363,0.0025591015711440546,-0.0021766423249982253,0.15298369845833176,-0.8706569299992901
2022-07-22 13:30:00+00:00,2022-07-22 13:35:00+00:00,2022-07-22 13:35:00+00:00,New_York,2022-07-22,opening_first_30m,value_area_bounce,short,23443.55,23519.48857142857,23291.672857142854,23519.48857142857,stop,1,0.7717932257275569,0.0025,-0.002499999999999953,1.5435864514551139,0.002315379677182671,-0.004815379677182624,-0.9999999999999812,-1.9261518708730496
2022-07-25 00:45:00+00:00,2022-07-25 00:50:00+00:00,2022-07-25 00:55:00+00:00,Tokyo,2022-07-25,opening_followthrough_30m,opening_range_breakout,short,22274.3,22352.284285714286,22118.33142857143,22320.27,phase_end,2,0.7140637307882548,0.0025,-0.0014736943340233643,1.4281274615765096,0.0021421911923647646,-0.003615885526388129,-0.5894777336093457,-1.4463542105552516
2022-07-25 19:45:00+00:00,2022-07-25 19:50:00+00:00,2022-07-25 19:55:00+00:00,New_York,2022-07-25,closing_last_30m,value_area_bounce,long,21724.69,21646.836428571427,21880.397142857142,21880.397142857142,target,2,0.6976137896233744,0.0025,0.005000000000000033,1.3952275792467488,0.002092841368870123,0.00290715863112991,2.0000000000000133,1.1628634524519639
2022-07-26 07:15:00+00:00,2022-07-26 07:20:00+00:00,2022-07-26 07:25:00+00:00,London,2022-07-26,opening_first_30m,value_area_bounce,long,21123.58,21077.292142857143,21216.155714285716,21133.12,phase_end,2,1.0,0.002191288462602342,0.00045162799108844354,2.0,0.003,-0.0025483720089115565,0.20610156937170052,-1.162955974260526
2022-07-26 14:00:00+00:00,2022-07-26 14:05:00+00:00,2022-07-26 14:10:00+00:00,New_York,2022-07-26,opening_followthrough_30m,value_area_bounce,long,20996.45,20911.782142857144,21165.785714285714,20911.782142857144,stop,2,0.6199652001518527,0.0025,-0.002499999999999958,1.2399304003037055,0.0018598956004555582,-0.004359895600455516,-0.9999999999999831,-1.7439582401822062
2022-07-26 15:30:00+00:00,2022-07-26 15:35:00+00:00,2022-07-26 15:50:00+00:00,London,2022-07-26,after_close_30m,value_area_bounce,long,20819.9,20758.047142857144,20943.605714285717,20758.047142857144,stop,4,0.8415092269672242,0.0025,-0.0025000000000000373,1.6830184539344484,0.0025245276809016727,-0.00502452768090171,-1.0000000000000149,-2.009811072360684
2022-07-27 07:50:00+00:00,2022-07-27 07:55:00+00:00,2022-07-27 07:55:00+00:00,London,2022-07-27,opening_followthrough_30m,value_area_bounce,short,21321.55,21379.964285714286,21204.721428571425,21347.36,phase_end,1,0.9125143678160847,0.0025,-0.00110460992907814,1.8250287356321695,0.002737543103448254,-0.003842153032526394,-0.441843971631256,-1.5368612130105574
2022-07-27 15:20:00+00:00,2022-07-27 15:25:00+00:00,2022-07-27 15:25:00+00:00,London,2022-07-27,closing_last_30m,value_area_bounce,short,21423.98,21468.66857142857,21334.602857142858,21452.97,phase_end,1,1.0,0.0020859136084224843,-0.0013531566030215991,2.0,0.003,-0.004353156603021599,-0.6487117191996039,-2.086930439230302
2022-07-28 00:10:00+00:00,2022-07-28 00:15:00+00:00,2022-07-28 00:25:00+00:00,Tokyo,2022-07-28,opening_first_30m,value_area_bounce,short,22871.68,22944.13142857143,22726.777142857143,22807.08,phase_end,3,0.7892073507374402,0.0025,0.002229079580408537,1.5784147014748804,0.0023676220522123206,-0.00013854247180378372,0.8916318321634148,-0.05541698872151349
2022-07-28 07:30:00+00:00,2022-07-28 07:35:00+00:00,2022-07-28 07:40:00+00:00,London,2022-07-28,opening_followthrough_30m,opening_range_breakout,short,22903.45,22966.159285714286,22778.03142857143,22966.159285714286,stop,2,0.9130804847766866,0.0025,-0.002499999999999921,1.8261609695533731,0.0027392414543300596,-0.00523924145432998,-0.9999999999999685,-2.095696581731992
2022-07-28 13:40:00+00:00,2022-07-28 13:45:00+00:00,2022-07-28 13:55:00+00:00,New_York,2022-07-28,opening_first_30m,value_area_bounce,short,23000.49,23150.098571428574,22701.27285714286,22852.26,phase_end,3,0.3843444560090146,0.0025,0.002476963695739434,0.7686889120180292,0.0011530333680270439,0.00132393032771239,0.9907854782957736,0.529572131084956
2022-07-29 13:35:00+00:00,2022-07-29 13:40:00+00:00,2022-07-29 13:45:00+00:00,New_York,2022-07-29,opening_first_30m,value_area_bounce,long,23539.39,23432.27642857143,23753.617142857143,23753.617142857143,target,2,0.5494026033782554,0.0025000000000000005,0.005000000000000041,1.0988052067565108,0.0016482078101347662,0.0033517921898652747,2.000000000000016,1.3407168759461097
2022-07-29 14:00:00+00:00,2022-07-29 14:05:00+00:00,2022-07-29 14:10:00+00:00,New_York,2022-07-29,opening_followthrough_30m,opening_range_breakout,long,23795.48,23696.942857142858,23992.554285714286,23992.554285714286,target,2,0.6037185397819513,0.0025,0.0050000000000000044,1.2074370795639027,0.001811155619345854,0.0031888443806541503,2.0000000000000018,1.27553775226166
2022-08-01 07:40:00+00:00,2022-08-01 07:45:00+00:00,2022-08-01 07:55:00+00:00,London,2022-08-01,opening_followthrough_30m,opening_range_breakout,long,23268.0,23217.489285714284,23369.02142857143,23322.05,phase_end,3,1.0,0.002170823202927385,0.0023229327832214874,2.0,0.003,-0.0006770672167785126,1.070069999292886,-0.3118942232907213
2022-08-01 13:40:00+00:00,2022-08-01 13:45:00+00:00,2022-08-01 13:55:00+00:00,New_York,2022-08-01,opening_first_30m,value_area_bounce,long,23166.33,23081.962142857144,23335.065714285716,23244.83,phase_end,3,0.6864678914617082,0.0025,0.002326122846378487,1.3729357829234163,0.0020594036743851246,0.0002667191719933626,0.9304491385513949,0.10668766879734504
2022-08-01 14:05:00+00:00,2022-08-01 14:10:00+00:00,2022-08-01 14:25:00+00:00,New_York,2022-08-01,opening_followthrough_30m,opening_range_breakout,long,23434.48,23326.21,23651.02,23326.21,stop,4,0.5411120347279913,0.0024999999999999996,-0.002499999999999994,1.0822240694559826,0.001623336104183974,-0.004123336104183968,-0.9999999999999978,-1.6493344416735873
2022-08-01 19:45:00+00:00,2022-08-01 19:50:00+00:00,2022-08-01 19:55:00+00:00,New_York,2022-08-01,closing_last_30m,value_area_bounce,long,22940.4,22873.96285714286,23073.274285714288,22953.59,phase_end,2,0.8632370016772005,0.0025,0.0004963338063906094,1.726474003354401,0.0025897110050316016,-0.002093377198640992,0.19853352255624376,-0.8373508794563969
2022-08-02 07:45:00+00:00,2022-08-02 07:50:00+00:00,2022-08-02 07:55:00+00:00,London,2022-08-02,opening_followthrough_30m,opening_range_breakout,long,22890.11,22833.295000000002,23003.74,22887.8,phase_end,2,1.0,0.0024820763202972806,-0.00010091694622704761,2.0,0.003,-0.0031009169462270477,-0.04065827686352557,-1.2493237701311488
2022-08-02 15:10:00+00:00,2022-08-02 15:15:00+00:00,2022-08-02 15:25:00+00:00,London,2022-08-02,closing_last_30m,value_area_bounce,short,22885.77,23051.475714285716,22554.358571428573,22880.79,phase_end,3,0.3452773203786402,0.0025,7.513319654463643e-05,0.6905546407572803,0.0010358319611359205,-0.000960698764591284,0.030053278617854572,-0.3842795058365136
2022-08-03 00:05:00+00:00,2022-08-03 00:10:00+00:00,2022-08-03 00:10:00+00:00,Tokyo,2022-08-03,opening_first_30m,value_area_bounce,long,23045.31,22979.95142857143,23176.027142857143,22979.95142857143,stop,1,0.881495322506608,0.0025,-0.0025000000000000838,1.762990645013216,0.002644485967519824,-0.005144485967519908,-1.0000000000000335,-2.057794387007963
2022-08-03 00:40:00+00:00,2022-08-03 00:45:00+00:00,2022-08-03 00:55:00+00:00,Tokyo,2022-08-03,opening_followthrough_30m,opening_range_breakout,short,22778.06,22855.124285714286,22623.931428571428,22793.56,phase_end,3,0.7389304847529857,0.0025,-0.0005028269533784307,1.4778609695059715,0.0022167914542589573,-0.0027196184076373883,-0.20113078135137227,-1.0878473630549552
2022-08-03 13:35:00+00:00,2022-08-03 13:40:00+00:00,2022-08-03 13:45:00+00:00,New_York,2022-08-03,opening_first_30m,value_area_bounce,long,23369.84,23292.751428571428,23524.017142857145,23292.751428571428,stop,2,0.7578892554019485,0.0025,-0.0024999999999999996,1.515778510803897,0.0022736677662058458,-0.004773667766205846,-0.9999999999999998,-1.9094671064823383
2022-08-04 06:15:00+00:00,2022-08-04 06:20:00+00:00,2022-08-04 06:25:00+00:00,Tokyo,2022-08-04,after_close_30m,value_area_bounce,short,22924.54,22971.675714285717,22830.268571428573,22830.268571428573,target,2,1.0,0.0020561247591321086,0.004112249518264166,2.0,0.003,0.001112249518264166,1.9999999999999751,0.540944567358669
2022-08-04 07:15:00+00:00,2022-08-04 07:20:00+00:00,2022-08-04 07:25:00+00:00,London,2022-08-04,opening_first_30m,value_area_bounce,long,22991.11,22916.869285714285,23139.591428571428,23008.88,phase_end,2,0.7742082703945666,0.0025,0.0005983913332115511,1.5484165407891333,0.0023226248111836998,-0.0017242334779721488,0.23935653328462045,-0.6896933911888595
2022-08-04 13:35:00+00:00,2022-08-04 13:40:00+00:00,2022-08-04 13:40:00+00:00,New_York,2022-08-04,opening_first_30m,value_area_bounce,short,22892.09,22951.262857142858,22773.744285714285,22951.262857142858,stop,1,0.9671702155911188,0.0025,-0.0025000000000000313,1.9343404311822376,0.0029015106467733566,-0.005401510646773388,-1.0000000000000124,-2.1606042587093555
2022-08-04 14:15:00+00:00,2022-08-04 14:20:00+00:00,2022-08-04 14:25:00+00:00,New_York,2022-08-04,opening_followthrough_30m,value_area_bounce,short,22894.95,22993.565000000002,22697.72,22877.3,phase_end,2,0.5804124626071052,0.0025,0.00044744714292962605,1.1608249252142104,0.0017412373878213157,-0.0012937902448916898,0.17897885717185041,-0.5175160979566759
2022-08-05 13:30:00+00:00,2022-08-05 13:35:00+00:00,2022-08-05 13:55:00+00:00,New_York,2022-08-05,opening_first_30m,value_area_bounce,long,23051.86,22956.19,23243.2,23054.81,phase_end,5,0.602379533814149,0.0025,7.708790634477813e-05,1.204759067628298,0.001807138601442447,-0.001730050695097669,0.030835162537911253,-0.6920202780390676
2022-08-05 14:05:00+00:00,2022-08-05 14:10:00+00:00,2022-08-05 14:25:00+00:00,New_York,2022-08-05,opening_followthrough_30m,opening_range_breakout,long,23257.53,23180.802857142855,23410.984285714283,23238.43,phase_end,4,0.7577999497290955,0.0025,-0.0006223351765997514,1.515599899458191,0.0022733998491872866,-0.0028957350257870383,-0.24893407063990056,-1.1582940103148154
2022-08-08 00:00:00+00:00,2022-08-08 00:05:00+00:00,2022-08-08 00:10:00+00:00,Tokyo,2022-08-08,opening_first_30m,value_area_bounce,long,23188.08,23140.108571428573,23284.02285714286,23284.02285714286,target,2,1.0,0.0020687969237396533,0.004137593847479248,2.0,0.003,0.0011375938474792483,1.9999999999999718,0.5498818344252373
2022-08-08 13:30:00+00:00,2022-08-08 13:35:00+00:00,2022-08-08 13:50:00+00:00,New_York,2022-08-08,opening_first_30m,value_area_bounce,long,24103.49,24050.51142857143,24209.447142857145,24209.447142857145,target,4,1.0,0.0021979626779595816,0.00439592535591915,2.0,0.003,0.0013959253559191502,1.999999999999994,0.6350996629365059
2022-08-08 15:15:00+00:00,2022-08-08 15:20:00+00:00,2022-08-08 15:25:00+00:00,London,2022-08-08,closing_last_30m,value_area_bounce,short,24088.92,24148.829285714284,23969.101428571426,23969.101428571426,target,2,1.0,0.002487005881305013,0.004974011762610031,2.0,0.003,0.001974011762610031,2.000000000000002,0.7937302349981589
2022-08-09 05:35:00+00:00,2022-08-09 05:40:00+00:00,2022-08-09 05:55:00+00:00,Tokyo,2022-08-09,closing_last_30m,value_area_bounce,short,23880.13,23913.065714285716,23814.25857142857,23873.74,phase_end,4,1.0,0.0013792100078900088,0.0002675864829880803,2.0,0.003,-0.0027324135170119198,0.19401431359786084,-1.9811439167209322
2022-08-09 14:00:00+00:00,2022-08-09 14:05:00+00:00,2022-08-09 14:05:00+00:00,New_York,2022-08-09,opening_followthrough_30m,opening_range_breakout,short,23006.32,23075.997142857144,22866.965714285714,22866.965714285714,target,1,0.8254615163816791,0.0025,0.00500000000000003,1.6509230327633582,0.0024763845491450375,0.002523615450854992,2.000000000000012,1.0094461803419967
2022-08-09 19:50:00+00:00,2022-08-09 19:55:00+00:00,2022-08-09 19:55:00+00:00,New_York,2022-08-09,closing_last_30m,value_area_bounce,short,23043.62,23080.303571428572,22970.252857142856,23053.82,phase_end,1,1.0,0.001591918779626277,-0.0004426387867879633,2.0,0.003,-0.0034426387867879634,-0.2780536246276825,-2.1625718791986146
2022-08-10 00:30:00+00:00,2022-08-10 00:35:00+00:00,2022-08-10 00:40:00+00:00,Tokyo,2022-08-10,opening_followthrough_30m,opening_range_breakout,short,22982.78,23029.431428571428,22889.47714285714,22889.47714285714,target,2,1.0,0.002029842715782382,0.0040596854315647635,2.0,0.003,0.0010596854315647634,1.9999999999999996,0.5220529764821302
2022-08-10 14:10:00+00:00,2022-08-10 14:15:00+00:00,2022-08-10 14:25:00+00:00,New_York,2022-08-10,opening_followthrough_30m,opening_range_breakout,short,23902.72,24006.377142857145,23695.405714285716,23919.58,phase_end,3,0.5764851157662636,0.0025,-0.0004066289966924305,1.1529702315325272,0.0017294553472987908,-0.0021360843439912213,-0.16265159867697218,-0.8544337375964884
2022-08-11 07:30:00+00:00,2022-08-11 07:35:00+00:00,2022-08-11 07:40:00+00:00,London,2022-08-11,opening_followthrough_30m,value_area_bounce,short,24585.37,24644.781428571427,24466.547142857144,24466.547142857144,target,2,1.0,0.00241653587362843,0.004833071747256779,2.0,0.003,0.0018330717472567785,1.9999999999999662,0.7585535010098651
2022-08-11 14:10:00+00:00,2022-08-11 14:15:00+00:00,2022-08-11 14:20:00+00:00,New_York,2022-08-11,opening_followthrough_30m,opening_range_breakout,long,24839.02,24745.449285714287,25026.16142857143,24745.449285714287,stop,2,0.6636430049084318,0.0025,-0.002499999999999945,1.3272860098168635,0.0019909290147252954,-0.00449092901472524,-0.999999999999978,-1.796371605890096
2022-08-12 06:00:00+00:00,2022-08-12 06:05:00+00:00,2022-08-12 06:05:00+00:00,Tokyo,2022-08-12,after_close_30m,value_area_bounce,long,23978.11,23933.50285714286,24067.324285714287,23933.50285714286,stop,1,1.0,0.0018603277262946435,-0.0018603277262946305,2.0,0.003,-0.0048603277262946306,-0.999999999999993,-2.612619087269809
2022-08-12 07:05:00+00:00,2022-08-12 07:10:00+00:00,2022-08-12 07:20:00+00:00,London,2022-08-12,opening_first_30m,value_area_bounce,long,23977.84,23930.961428571427,24071.597142857143,23930.961428571427,stop,3,1.0,0.0019550789991330066,-0.001955078999133053,2.0,0.003,-0.004955078999133053,-1.0000000000000238,-2.534464848392529
2022-08-12 13:45:00+00:00,2022-08-12 13:50:00+00:00,2022-08-12 13:50:00+00:00,New_York,2022-08-12,opening_first_30m,value_area_bounce,short,23784.91,23846.035,23662.66,23846.035,stop,1,0.9727979550102207,0.0025,-0.0024999999999999207,1.9455959100204414,0.002918393865030662,-0.005418393865030582,-0.9999999999999682,-2.1673575460122327
2022-08-15 00:30:00+00:00,2022-08-15 00:35:00+00:00,2022-08-15 00:55:00+00:00,Tokyo,2022-08-15,opening_followthrough_30m,opening_range_breakout,long,24354.31,24298.312857142857,24466.304285714286,24400.97,phase_end,5,1.0,0.0022992703491555725,0.0019158826507506,2.0,0.003,-0.0010841173492494001,0.8332567988162962,-0.47150494923206915
2022-08-15 13:50:00+00:00,2022-08-15 13:55:00+00:00,2022-08-15 13:55:00+00:00,New_York,2022-08-15,opening_first_30m,value_area_bounce,long,24141.03,24056.14214285714,24310.805714285714,24155.97,phase_end,1,0.7109682943042521,0.0025,0.000439992258694323,1.4219365886085042,0.0021329048829127565,-0.0016929126242184334,0.1759969034777292,-0.6771650496873733
2022-08-15 20:10:00+00:00,2022-08-15 20:15:00+00:00,2022-08-15 20:25:00+00:00,New_York,2022-08-15,after_close_30m,value_area_bounce,long,24052.17,23984.21214285714,24188.085714285713,24081.72,phase_end,3,0.8848193207975465,0.0025,0.0010870707686486982,1.769638641595093,0.00265445796239264,-0.0015673871937439416,0.43482830745947926,-0.6269548774975766
2022-08-16 05:50:00+00:00,2022-08-16 05:55:00+00:00,2022-08-16 05:55:00+00:00,Tokyo,2022-08-16,closing_last_30m,value_area_bounce,long,23988.27,23925.105714285713,24114.598571428574,23948.01,phase_end,1,0.9494396132534099,0.0025,-0.0015934637566437425,1.8988792265068197,0.0028483188397602295,-0.004441782596403972,-0.6373855026574969,-1.7767130385615888
2022-08-16 14:05:00+00:00,2022-08-16 14:10:00+00:00,2022-08-16 14:20:00+00:00,New_York,2022-08-16,opening_followthrough_30m,opening_range_breakout,short,23831.46,23895.17,23704.039999999997,23895.17,stop,3,0.9351538220059621,0.0025,-0.0024999999999999615,1.8703076440119242,0.002805461466017886,-0.005305461466017848,-0.9999999999999846,-2.122184586407139
2022-08-16 15:15:00+00:00,2022-08-16 15:20:00+00:00,2022-08-16 15:25:00+00:00,London,2022-08-16,closing_last_30m,value_area_bounce,long,23825.97,23753.725714285716,23970.45857142857,23807.93,phase_end,2,0.8244932372308313,0.0025,-0.0006242708271539396,1.6489864744616627,0.002473479711692494,-0.003097750538846434,-0.24970833086157584,-1.2391002155385735
2022-08-17 00:40:00+00:00,2022-08-17 00:45:00+00:00,2022-08-17 00:55:00+00:00,Tokyo,2022-08-17,opening_followthrough_30m,value_area_bounce,short,23983.02,24052.31357142857,23844.43285714286,24009.66,phase_end,3,0.8652685777901502,0.0025,-0.0009611281194916618,1.7305371555803004,0.002595805733370451,-0.0035569338528621125,-0.38445124779666473,-1.422773541144845
2022-08-17 07:00:00+00:00,2022-08-17 07:05:00+00:00,2022-08-17 07:25:00+00:00,London,2022-08-17,opening_first_30m,value_area_bounce,short,24383.64,24455.59357142857,24239.732857142855,24239.732857142855,target,5,0.8472004764977367,0.0025,0.004999999999999987,1.6944009529954733,0.00254160142949321,0.002458398570506777,1.999999999999995,0.9833594282027107
2022-08-17 07:30:00+00:00,2022-08-17 07:35:00+00:00,2022-08-17 07:55:00+00:00,London,2022-08-17,opening_followthrough_30m,opening_range_breakout,short,23919.77,24004.425714285717,23750.45857142857,23786.42,phase_end,5,0.706383798241615,0.0025,0.003938009416291245,1.41276759648323,0.002119151394724845,0.0018188580215663997,1.5752037665164977,0.7275432086265599
2022-08-18 13:40:00+00:00,2022-08-18 13:45:00+00:00,2022-08-18 13:50:00+00:00,New_York,2022-08-18,opening_first_30m,value_area_bounce,long,23510.08,23463.737142857142,23602.765714285717,23463.737142857142,stop,2,1.0,0.001971190959063426,-0.001971190959063507,2.0,0.003,-0.004971190959063507,-1.0000000000000409,-2.521922564734912
2022-08-18 14:15:00+00:00,2022-08-18 14:20:00+00:00,2022-08-18 14:25:00+00:00,New_York,2022-08-18,opening_followthrough_30m,value_area_bounce,long,23490.95,23448.033571428572,23576.782857142858,23448.033571428572,stop,2,1.0,0.001826934567202633,-0.0018269345672026205,2.0,0.003,-0.0048269345672026205,-0.9999999999999931,-2.6420949353394354
2022-08-19 05:40:00+00:00,2022-08-19 05:45:00+00:00,2022-08-19 05:50:00+00:00,Tokyo,2022-08-19,closing_last_30m,value_area_bounce,short,22791.3,22818.44,22737.02,22818.44,stop,2,1.0,0.0011908052634119245,-0.001190805263411976,2.0,0.003,-0.004190805263411976,-1.000000000000043,-3.5193036109064364
2022-08-19 07:00:00+00:00,2022-08-19 07:05:00+00:00,2022-08-19 07:25:00+00:00,London,2022-08-19,opening_first_30m,value_area_bounce,long,22097.98,21916.779285714285,22460.38142857143,21916.779285714285,stop,5,0.30488262818263784,0.0025,-0.0024999999999999827,0.6097652563652757,0.0009146478845479135,-0.003414647884547896,-0.9999999999999931,-1.3658591538191585
2022-08-22 06:20:00+00:00,2022-08-22 06:25:00+00:00,2022-08-22 06:25:00+00:00,Tokyo,2022-08-22,after_close_30m,value_area_bounce,long,21438.8,21401.495714285713,21513.408571428572,21435.7,phase_end,1,1.0,0.001740036089439981,-0.00014459764539054287,2.0,0.003,-0.003144597645390543,-0.08310037146245666,-1.8072025427947365
2022-08-22 13:40:00+00:00,2022-08-22 13:45:00+00:00,2022-08-22 13:50:00+00:00,New_York,2022-08-22,opening_first_30m,value_area_bounce,long,21295.18,21221.745,21442.05,21221.745,stop,2,0.7249669775992348,0.0025,-0.0025000000000000083,1.4499339551984696,0.0021749009327977045,-0.004674900932797713,-1.0000000000000033,-1.8699603731190853
2022-08-22 20:00:00+00:00,2022-08-22 20:05:00+00:00,2022-08-22 20:10:00+00:00,New_York,2022-08-22,after_close_30m,value_area_bounce,long,21126.24,21064.93,21248.86,21064.93,stop,2,0.8614516392105728,0.0025,-0.0025000000000000274,1.7229032784211455,0.0025843549176317185,-0.005084354917631746,-1.0000000000000109,-2.0337419670526984
2022-08-23 00:50:00+00:00,2022-08-23 00:55:00+00:00,2022-08-23 00:55:00+00:00,Tokyo,2022-08-23,opening_followthrough_30m,opening_range_breakout,short,21289.13,21348.73142857143,21169.927142857145,21303.25,phase_end,1,0.8929790153639712,0.0025,-0.0005922676829413916,1.7859580307279423,0.0026789370460919134,-0.003271204729033305,-0.23690707317655665,-1.3084818916133218
2022-08-23 07:45:00+00:00,2022-08-23 07:50:00+00:00,2022-08-23 07:55:00+00:00,London,2022-08-23,opening_followthrough_30m,opening_range_breakout,long,21237.67,21181.945714285714,21349.11857142857,21305.34,phase_end,2,0.9528013561668426,0.0025,0.003035929448560707,1.9056027123336852,0.002858404068500528,0.00017752538006017907,1.2143717794242828,0.07101015202407163
2022-08-23 13:40:00+00:00,2022-08-23 13:45:00+00:00,2022-08-23 13:45:00+00:00,New_York,2022-08-23,opening_first_30m,value_area_bounce,short,21375.04,21439.887142857144,21245.345714285715,21439.887142857144,stop,1,0.8240548102130247,0.0025,-0.002500000000000037,1.6481096204260495,0.002472164430639074,-0.004972164430639111,-1.0000000000000147,-1.9888657722556442
2022-08-23 14:05:00+00:00,2022-08-23 14:10:00+00:00,2022-08-23 14:25:00+00:00,New_York,2022-08-23,opening_followthrough_30m,opening_range_breakout,long,21640.09,21560.539285714287,21799.191428571427,21568.76,phase_end,4,0.6800721462499242,0.0025,-0.0022416517764948284,1.3601442924998484,0.0020402164387497727,-0.004281868215244601,-0.8966607105979313,-1.7127472860978403
2022-08-24 00:00:00+00:00,2022-08-24 00:05:00+00:00,2022-08-24 00:15:00+00:00,Tokyo,2022-08-24,opening_first_30m,value_area_bounce,long,21539.91,21494.176428571427,21631.37714285714,21494.176428571427,stop,3,1.0,0.002123201602447351,-0.0021232016024473888,2.0,0.003,-0.005123201602447389,-1.0000000000000178,-2.4129605010386332
2022-08-24 00:35:00+00:00,2022-08-24 00:40:00+00:00,2022-08-24 00:50:00+00:00,Tokyo,2022-08-24,opening_followthrough_30m,opening_range_breakout,short,21354.19,21405.907857142854,21250.754285714283,21405.907857142854,stop,3,1.0,0.0024219067612893464,-0.002421906761289172,2.0,0.003,-0.005421906761289172,-0.9999999999999281,-2.238693432773903
2022-08-24 07:10:00+00:00,2022-08-24 07:15:00+00:00,2022-08-24 07:25:00+00:00,London,2022-08-24,opening_first_30m,value_area_bounce,short,21397.97,21444.755714285715,21304.398571428574,21347.23,phase_end,3,1.0,0.002186455737890757,0.0023712529739970956,2.0,0.003,-0.0006287470260029045,1.0845190839694792,-0.28756448854960487
2022-08-25 00:15:00+00:00,2022-08-25 00:20:00+00:00,2022-08-25 00:25:00+00:00,Tokyo,2022-08-25,opening_first_30m,value_area_bounce,long,21359.29,21310.642142857145,21456.585714285717,21355.27,phase_end,2,1.0,0.002277597108464637,-0.00018820850318523874,2.0,0.003,-0.003188208503185239,-0.08263467778641191,-1.399812324724305
2022-08-25 00:30:00+00:00,2022-08-25 00:35:00+00:00,2022-08-25 00:55:00+00:00,Tokyo,2022-08-25,opening_followthrough_30m,opening_range_breakout,long,21428.96,21376.097142857143,21534.685714285715,21481.32,phase_end,5,1.0,0.002466888600420064,0.0024434223592746385,2.0,0.003,-0.0005565776407253616,0.9904875148632859,-0.22561928440164955
2022-08-25 07:40:00+00:00,2022-08-25 07:45:00+00:00,2022-08-25 07:55:00+00:00,London,2022-08-25,opening_followthrough_30m,value_area_bounce,short,21725.41,21768.085,21640.06,21743.29,phase_end,3,1.0,0.0019642897418276476,-0.0008229994278590169,2.0,0.003,-0.003822999427859017,-0.41898066783837495,-1.9462502636204562
2022-08-26 00:30:00+00:00,2022-08-26 00:35:00+00:00,2022-08-26 00:45:00+00:00,Tokyo,2022-08-26,opening_followthrough_30m,value_area_bounce,long,21561.15,21515.045714285716,21653.358571428573,21515.045714285716,stop,3,1.0,0.0021383036486591006,-0.002138303648659079,2.0,0.003,-0.005138303648659079,-0.9999999999999899,-2.402981284665176
2022-08-26 14:00:00+00:00,2022-08-26 14:05:00+00:00,2022-08-26 14:05:00+00:00,New_York,2022-08-26,opening_followthrough_30m,value_area_bounce,short,21527.04,21651.523571428574,21278.07285714286,21651.523571428574,stop,1,0.43232692782179993,0.0025,-0.002499999999999995,0.8646538556435999,0.0012969807834653999,-0.0037969807834653947,-0.9999999999999979,-1.5187923133861578
2022-08-30 00:15:00+00:00,2022-08-30 00:20:00+00:00,2022-08-30 00:25:00+00:00,Tokyo,2022-08-30,opening_first_30m,value_area_bounce,short,20210.19,20259.69714285714,20111.175714285713,20224.16,phase_end,2,1.0,0.0024496129357093267,-0.0006912354609234228,2.0,0.003,-0.003691235460923423,-0.28218150339056075,-1.5068647814168092
2022-08-30 07:05:00+00:00,2022-08-30 07:10:00+00:00,2022-08-30 07:10:00+00:00,London,2022-08-30,opening_first_30m,value_area_bounce,long,20414.5,20386.66857142857,20470.162857142856,20470.162857142856,target,1,1.0,0.0013633166901677008,0.002726633380335297,2.0,0.003,-0.00027336661966470294,1.9999999999999234,-0.20051586079465972
2022-08-30 14:00:00+00:00,2022-08-30 14:05:00+00:00,2022-08-30 14:10:00+00:00,New_York,2022-08-30,opening_followthrough_30m,opening_range_breakout,short,20216.72,20272.75642857143,20104.647142857142,20104.647142857142,target,2,0.9019454181590992,0.0025,0.005000000000000096,1.8038908363181985,0.002705836254477298,0.0022941637455227985,2.0000000000000386,0.9176654982091194
2022-08-30 20:00:00+00:00,2022-08-30 20:05:00+00:00,2022-08-30 20:15:00+00:00,New_York,2022-08-30,after_close_30m,value_area_bounce,short,19873.33,19968.45,19683.090000000004,19968.45,stop,3,0.5223225925147196,0.0025,-0.0024999999999999823,1.0446451850294391,0.0015669677775441587,-0.004066967777544141,-0.9999999999999929,-1.6267871110176566
2022-08-31 00:00:00+00:00,2022-08-31 00:05:00+00:00,2022-08-31 00:25:00+00:00,Tokyo,2022-08-31,opening_first_30m,value_area_bounce,long,19852.8,19807.602857142858,19943.194285714286,19943.194285714286,target,5,1.0,0.002276613014644924,0.004553226029289981,2.0,0.003,0.0015532260292899806,2.000000000000058,0.682252986914525
2022-08-31 06:15:00+00:00,2022-08-31 06:20:00+00:00,2022-08-31 06:20:00+00:00,Tokyo,2022-08-31,after_close_30m,value_area_bounce,short,20288.01,20338.191428571427,20187.647142857142,20338.191428571427,stop,1,1.0,0.002473452476188085,-0.0024734524761880206,2.0,0.003,-0.005473452476188021,-0.9999999999999739,-2.212879579810375
2022-08-31 07:15:00+00:00,2022-08-31 07:20:00+00:00,2022-08-31 07:25:00+00:00,London,2022-08-31,opening_first_30m,value_area_bounce,long,20304.65,20241.385000000002,20431.18,20284.68,phase_end,2,0.8023650517663836,0.0025,-0.0007891409151980414,1.6047301035327672,0.002407095155299151,-0.003196236070497192,-0.31565636607921654,-1.2784944281988768
2022-09-01 00:00:00+00:00,2022-09-01 00:05:00+00:00,2022-09-01 00:20:00+00:00,Tokyo,2022-09-01,opening_first_30m,value_area_bounce,long,20112.51,20065.055714285714,20207.41857142857,20065.055714285714,stop,4,1.0,0.0023594412489681914,-0.0023594412489681416,2.0,0.003,-0.005359441248968142,-0.9999999999999789,-2.271487476669267
2022-09-01 00:40:00+00:00,2022-09-01 00:45:00+00:00,2022-09-01 00:45:00+00:00,Tokyo,2022-09-01,opening_followthrough_30m,opening_range_breakout,short,19925.24,19981.297142857144,19813.125714285718,19981.297142857144,stop,1,0.8886128950051019,0.0025,-0.002499999999999998,1.7772257900102038,0.0026658386850153056,-0.005165838685015304,-0.9999999999999991,-2.0663354740061215
2022-09-01 13:45:00+00:00,2022-09-01 13:50:00+00:00,2022-09-01 13:55:00+00:00,New_York,2022-09-01,opening_first_30m,value_area_bounce,short,19961.58,20017.06642857143,19850.607142857145,19972.45,phase_end,2,0.8993901983754016,0.0025,-0.0004897594006256342,1.7987803967508031,0.0026981705951262046,-0.0031879299957518386,-0.1959037602502537,-1.2751719983007355
2022-09-02 00:20:00+00:00,2022-09-02 00:25:00+00:00,2022-09-02 00:25:00+00:00,Tokyo,2022-09-02,opening_first_30m,value_area_bounce,long,20086.21,20049.77142857143,20159.08714285714,20092.05,phase_end,1,1.0,0.0018141088552081944,0.00029074673619367,2.0,0.003,-0.00270925326380633,0.16026972987809088,-1.4934347826086793
2022-09-02 13:50:00+00:00,2022-09-02 13:55:00+00:00,2022-09-02 13:55:00+00:00,New_York,2022-09-02,opening_first_30m,value_area_bounce,short,20309.13,20376.670714285716,20174.04857142857,20266.12,phase_end,1,0.7517365715917357,0.0025,0.0015920027073617754,1.5034731431834714,0.002255209714775207,-0.0006632070074134317,0.6368010829447102,-0.26528280296537265
2022-09-05 00:05:00+00:00,2022-09-05 00:10:00+00:00,2022-09-05 00:25:00+00:00,Tokyo,2022-09-05,opening_first_30m,value_area_bounce,short,19955.01,20004.87357142857,19855.282857142854,19927.79,phase_end,4,1.0,0.0024987996211763954,0.0013640684720277463,2.0,0.003,-0.0016359315279722538,0.5458894984887042,-0.6546869601341155
2022-09-06 00:00:00+00:00,2022-09-06 00:05:00+00:00,2022-09-06 00:05:00+00:00,Tokyo,2022-09-06,opening_first_30m,value_area_bounce,short,19789.42,19823.41857142857,19721.422857142854,19823.41857142857,stop,1,1.0,0.0017180175785127566,-0.0017180175785127538,2.0,0.003,-0.004718017578512754,-0.9999999999999983,-2.746198663809377
2022-09-06 00:40:00+00:00,2022-09-06 00:45:00+00:00,2022-09-06 00:50:00+00:00,Tokyo,2022-09-06,opening_followthrough_30m,opening_range_breakout,long,20007.69,19961.855,20099.359999999997,20099.359999999997,target,2,1.0,0.002290869160807652,0.004581738321615347,2.0,0.003,0.0015817383216153473,2.000000000000019,0.6904533653321786
2022-09-07 00:00:00+00:00,2022-09-07 00:05:00+00:00,2022-09-07 00:15:00+00:00,Tokyo,2022-09-07,opening_first_30m,value_area_bounce,long,18843.68,18799.135714285716,18932.768571428573,18799.135714285716,stop,3,1.0,0.0023638846400642496,-0.0023638846400642066,2.0,0.003,-0.005363884640064207,-0.9999999999999818,-2.2690974631987193
2022-09-07 00:50:00+00:00,2022-09-07 00:55:00+00:00,2022-09-07 00:55:00+00:00,Tokyo,2022-09-07,opening_followthrough_30m,value_area_bounce,long,18837.87,18774.442857142858,18964.724285714285,18833.11,phase_end,1,0.7425003378454534,0.0025,-0.00018761683821705494,1.4850006756909069,0.00222750101353636,-0.0024151178517534152,-0.07504673528682197,-0.9660471407013661
2022-09-07 07:45:00+00:00,2022-09-07 07:50:00+00:00,2022-09-07 07:50:00+00:00,London,2022-09-07,opening_followthrough_30m,opening_range_breakout,long,18819.78,18787.51214285714,18884.315714285713,18787.51214285714,stop,1,1.0,0.0017145714319114075,-0.0017145714319114491,2.0,0.003,-0.004714571431911449,-1.0000000000000242,-2.749708378527943
2022-09-08 00:00:00+00:00,2022-09-08 00:05:00+00:00,2022-09-08 00:25:00+00:00,Tokyo,2022-09-08,opening_first_30m,value_area_bounce,long,19350.01,19315.344999999998,19419.34,19347.63,phase_end,5,1.0,0.001791471942391766,-0.0001229973524560224,2.0,0.003,-0.0031229973524560225,-0.06865714697814947,-1.7432577527765005
2022-09-08 07:00:00+00:00,2022-09-08 07:05:00+00:00,2022-09-08 07:10:00+00:00,London,2022-09-08,opening_first_30m,value_area_bounce,long,19249.65,19220.272142857146,19308.405714285716,19220.272142857146,stop,2,1.0,0.0015261501971650115,-0.001526150197164955,2.0,0.003,-0.004526150197164955,-0.9999999999999629,-2.9657305064552406
2022-09-08 13:35:00+00:00,2022-09-08 13:40:00+00:00,2022-09-08 13:40:00+00:00,New_York,2022-09-08,opening_first_30m,value_area_bounce,long,19197.43,19126.125,19340.04,19340.04,target,1,0.6730744688310775,0.0025,0.004999999999999995,1.346148937662155,0.0020192234064932324,0.0029807765935067625,1.999999999999998,1.192310637402705
2022-09-09 00:05:00+00:00,2022-09-09 00:10:00+00:00,2022-09-09 00:15:00+00:00,Tokyo,2022-09-09,opening_first_30m,value_area_bounce,long,19332.05,19306.724285714285,19382.701428571425,19382.701428571425,target,2,1.0,0.0013100376983151605,0.002620075396630339,2.0,0.003,-0.0003799246033696609,2.0000000000000138,-0.2900104354693624
2022-09-09 00:35:00+00:00,2022-09-09 00:40:00+00:00,2022-09-09 00:45:00+00:00,Tokyo,2022-09-09,opening_followthrough_30m,value_area_bounce,short,19342.11,19371.987857142856,19282.354285714286,19371.987857142856,stop,2,1.0,0.001544705161063449,-0.001544705161063309,2.0,0.003,-0.004544705161063309,-0.9999999999999093,-2.942118195510214
2022-09-09 07:00:00+00:00,2022-09-09 07:05:00+00:00,2022-09-09 07:10:00+00:00,London,2022-09-09,opening_first_30m,value_area_bounce,short,20640.28,20712.281428571427,20496.277142857143,20712.281428571427,stop,2,0.716662169401403,0.0025,-0.0024999999999999823,1.433324338802806,0.002149986508204209,-0.0046499865082041915,-0.9999999999999929,-1.8599946032816765
2022-09-12 00:50:00+00:00,2022-09-12 00:55:00+00:00,2022-09-12 00:55:00+00:00,Tokyo,2022-09-12,opening_followthrough_30m,opening_range_breakout,short,21660.9,21726.370714285717,21529.95857142857,21637.99,phase_end,1,0.8271217229077341,0.0025,0.0008748186211937366,1.6542434458154682,0.002481365168723202,-0.0016065465475294657,0.34992744847749463,-0.6426186190117863
2022-09-12 07:30:00+00:00,2022-09-12 07:35:00+00:00,2022-09-12 07:50:00+00:00,London,2022-09-12,opening_followthrough_30m,opening_range_breakout,long,22073.99,22007.510714285716,22206.948571428573,22206.948571428573,target,4,0.8301078209109117,0.0025,0.005000000000000047,1.6602156418218235,0.0024903234627327354,0.0025096765372673116,2.0000000000000187,1.0038706149069245
2022-09-13 07:10:00+00:00,2022-09-13 07:15:00+00:00,2022-09-13 07:25:00+00:00,London,2022-09-13,opening_first_30m,value_area_bounce,long,22337.29,22256.51785714286,22498.83428571429,22344.48,phase_end,3,0.6913673826725946,0.0025,0.00022253959551117383,1.3827347653451891,0.0020741021480177838,-0.0018515625525066099,0.08901583820446952,-0.7406250210026439
2022-09-13 07:35:00+00:00,2022-09-13 07:40:00+00:00,2022-09-13 07:55:00+00:00,London,2022-09-13,opening_followthrough_30m,opening_range_breakout,short,22284.3,22376.499285714286,22099.901428571426,22273.09,phase_end,4,0.6042427505636045,0.0025,0.0003039611400769506,1.208485501127209,0.0018127282516908136,-0.001508767111613863,0.12158445603078023,-0.6035068446455452
2022-09-13 13:45:00+00:00,2022-09-13 13:50:00+00:00,2022-09-13 13:55:00+00:00,New_York,2022-09-13,opening_first_30m,value_area_bounce,long,21332.86,21179.904285714285,21638.77142857143,21179.904285714285,stop,2,0.3486770680589152,0.0025,-0.0025000000000000295,0.6973541361178304,0.0010460312041767456,-0.003546031204176775,-1.0000000000000118,-1.41841248167071
2022-09-14 00:20:00+00:00,2022-09-14 00:25:00+00:00,2022-09-14 00:25:00+00:00,Tokyo,2022-09-14,opening_first_30m,value_area_bounce,long,20175.74,20114.895,20297.430000000004,20197.24,phase_end,1,0.8289810173391282,0.0025,0.0008833922261484083,1.6579620346782564,0.002486943052017385,-0.0016035508258689765,0.3533568904593633,-0.6414203303475906
2022-09-14 06:15:00+00:00,2022-09-14 06:20:00+00:00,2022-09-14 06:20:00+00:00,Tokyo,2022-09-14,after_close_30m,value_area_bounce,long,20321.53,20285.017857142855,20394.554285714286,20285.017857142855,stop,1,1.0,0.0017967221393833531,-0.001796722139383422,2.0,0.003,-0.004796722139383422,-1.0000000000000384,-2.669707259815749
2022-09-14 07:45:00+00:00,2022-09-14 07:50:00+00:00,2022-09-14 07:55:00+00:00,London,2022-09-14,opening_followthrough_30m,opening_range_breakout,short,20184.77,20228.90642857143,20096.497142857144,20228.90642857143,stop,2,1.0,0.0021866203365918375,-0.0021866203365918935,2.0,0.003,-0.0051866203365918935,-1.0000000000000255,-2.371980288391531
2022-09-15 00:00:00+00:00,2022-09-15 00:05:00+00:00,2022-09-15 00:15:00+00:00,Tokyo,2022-09-15,opening_first_30m,value_area_bounce,short,20213.23,20258.56,20122.57,20258.56,stop,3,1.0,0.0022425906201037856,-0.0022425906201037904,2.0,0.003,-0.0052425906201037905,-1.0000000000000022,-2.3377385837193803
2022-09-15 06:15:00+00:00,2022-09-15 06:20:00+00:00,2022-09-15 06:25:00+00:00,Tokyo,2022-09-15,after_close_30m,value_area_bounce,long,20044.25,19986.126428571428,20160.497142857144,20089.46,phase_end,2,0.8621394688655947,0.0025,0.0019445639216938537,1.7242789377311893,0.002586418406596784,-0.0006418544849029304,0.7778255686775415,-0.25674179396117214
2022-09-15 07:35:00+00:00,2022-09-15 07:40:00+00:00,2022-09-15 07:50:00+00:00,London,2022-09-15,opening_followthrough_30m,value_area_bounce,short,20125.1,20222.799285714285,19929.70142857143,20222.799285714285,stop,3,0.5149756176021183,0.0025,-0.002500000000000002,1.0299512352042366,0.001544926852806355,-0.004044926852806357,-1.0000000000000007,-1.6179707411225426
2022-09-16 00:20:00+00:00,2022-09-16 00:25:00+00:00,2022-09-16 00:25:00+00:00,Tokyo,2022-09-16,opening_first_30m,value_area_bounce,long,19693.64,19626.835,19827.249999999996,19756.8,phase_end,1,0.7369822618067593,0.0025,0.002363595539256006,1.4739645236135186,0.002210946785420278,0.00015264875383572823,0.9454382157024025,0.061059501534291294
2022-09-16 06:00:00+00:00,2022-09-16 06:05:00+00:00,2022-09-16 06:25:00+00:00,Tokyo,2022-09-16,after_close_30m,value_area_bounce,long,19770.5,19740.665714285715,19830.16857142857,19775.63,phase_end,5,1.0,0.0015090304096651685,0.00025947750436250416,2.0,0.003,-0.002740522495637496,0.1719498180424862,-1.8160816893316134
2022-09-16 13:35:00+00:00,2022-09-16 13:40:00+00:00,2022-09-16 13:40:00+00:00,New_York,2022-09-16,opening_first_30m,value_area_bounce,long,19739.63,19688.47,19841.95,19688.47,stop,1,0.9646027169663731,0.0025,-0.0024999999999999974,1.9292054339327462,0.0028938081508991195,-0.005393808150899117,-0.999999999999999,-2.1575232603596466
2022-09-16 14:10:00+00:00,2022-09-16 14:15:00+00:00,2022-09-16 14:25:00+00:00,New_York,2022-09-16,opening_followthrough_30m,value_area_bounce,long,19706.65,19618.438571428575,19883.07285714286,19618.438571428575,stop,3,0.5585061459480474,0.0025,-0.002499999999999983,1.1170122918960947,0.0016755184378441422,-0.004175518437844125,-0.9999999999999932,-1.67020737513765
2022-09-20 00:15:00+00:00,2022-09-20 00:20:00+00:00,2022-09-20 00:25:00+00:00,Tokyo,2022-09-20,opening_first_30m,value_area_bounce,short,19507.63,19564.692142857144,19393.505714285715,19503.53,phase_end,2,0.8546660282649214,0.0025,0.00017962872557498826,1.7093320565298429,0.0025639980847947646,-0.0023843693592197762,0.0718514902299953,-0.9537477436879105
2022-09-20 07:35:00+00:00,2022-09-20 07:40:00+00:00,2022-09-20 07:40:00+00:00,London,2022-09-20,opening_followthrough_30m,value_area_bounce,short,19403.83,19465.120000000003,19281.25,19281.25,target,1,0.7914761788219894,0.0025,0.005000000000000038,1.5829523576439788,0.002374428536465968,0.0026255714635340702,2.000000000000015,1.050228585413628
2022-09-20 13:40:00+00:00,2022-09-20 13:45:00+00:00,2022-09-20 13:55:00+00:00,New_York,2022-09-20,opening_first_30m,value_area_bounce,long,18840.06,18760.965714285714,18998.248571428572,18921.37,phase_end,3,0.5954937145540588,0.0025,0.002570033955857333,1.1909874291081175,0.0017864811436621763,0.0007835528121951569,1.0280135823429333,0.3134211248780628
2022-09-21 00:00:00+00:00,2022-09-21 00:05:00+00:00,2022-09-21 00:15:00+00:00,Tokyo,2022-09-21,opening_first_30m,value_area_bounce,long,18923.12,18870.334285714285,19028.691428571427,18870.334285714285,stop,3,0.896223545331529,0.0025,-0.00249999999999993,1.792447090663058,0.002688670635994587,-0.005188670635994517,-0.9999999999999719,-2.0754682543978067
2022-09-21 00:35:00+00:00,2022-09-21 00:40:00+00:00,2022-09-21 00:55:00+00:00,Tokyo,2022-09-21,opening_followthrough_30m,value_area_bounce,long,18901.04,18848.20285714286,19006.714285714286,18933.62,phase_end,4,0.8943064943492162,0.0025,0.0015415292272751822,1.7886129886984323,0.0026829194830476485,-0.0011413902557724663,0.6166116909100728,-0.4565561023089865
2022-09-21 05:40:00+00:00,2022-09-21 05:45:00+00:00,2022-09-21 05:55:00+00:00,Tokyo,2022-09-21,closing_last_30m,value_area_bounce,short,19031.23,19068.475714285712,18956.73857142857,18956.73857142857,target,3,1.0,0.0019570839239352743,0.0039141678478705755,2.0,0.003,0.0009141678478705754,2.0000000000000138,0.4671071264191782
2022-09-21 07:15:00+00:00,2022-09-21 07:20:00+00:00,2022-09-21 07:25:00+00:00,London,2022-09-21,opening_first_30m,value_area_bounce,long,18887.6,18827.782857142854,19007.234285714283,18927.66,phase_end,2,0.7893890905617165,0.0025,0.001674269201375631,1.578778181123433,0.0023681672716851497,-0.0006938980703095187,0.6697076805502523,-0.27755922812380746
2022-09-22 05:30:00+00:00,2022-09-22 05:35:00+00:00,2022-09-22 05:50:00+00:00,Tokyo,2022-09-22,closing_last_30m,value_area_bounce,long,18699.57,18657.430714285714,18783.84857142857,18657.430714285714,stop,4,1.0,0.0022534895569409088,-0.0022534895569409352,2.0,0.003,-0.005253489556940935,-1.0000000000000118,-2.331268649885602
2022-09-22 07:45:00+00:00,2022-09-22 07:50:00+00:00,2022-09-22 07:55:00+00:00,London,2022-09-22,opening_followthrough_30m,opening_range_breakout,long,18949.06,18898.675,19049.83,18934.29,phase_end,2,0.9402133571499365,0.0025,-0.0007328570010916097,1.880426714299873,0.0028206400714498093,-0.003553497072541419,-0.29314280043664387,-1.4213988290165676
2022-09-23 07:40:00+00:00,2022-09-23 07:45:00+00:00,2022-09-23 07:55:00+00:00,London,2022-09-23,opening_followthrough_30m,opening_range_breakout,short,19233.99,19274.010000000002,19153.95,19223.27,phase_end,3,1.0,0.002080691525783257,0.0005573466555821582,2.0,0.003,-0.002442653344417842,0.2678660669665342,-1.1739622688655529
2022-09-26 00:05:00+00:00,2022-09-26 00:10:00+00:00,2022-09-26 00:25:00+00:00,Tokyo,2022-09-26,opening_first_30m,value_area_bounce,long,18822.33,18770.995000000003,18925.000000000004,18867.96,phase_end,4,0.9166421544755012,0.0025,0.0022221681114247328,1.8332843089510025,0.002749926463426504,-0.0005277583520017712,0.8888672445698931,-0.21110334080070847
2022-09-26 00:35:00+00:00,2022-09-26 00:40:00+00:00,2022-09-26 00:40:00+00:00,Tokyo,2022-09-26,opening_followthrough_30m,opening_range_breakout,long,18920.93,18861.082857142857,19040.624285714286,18861.082857142857,stop,1,0.7903856849592971,0.0025,-0.0024999999999999693,1.5807713699185941,0.0023711570548778913,-0.00487115705487786,-0.9999999999999877,-1.948462821951144
2022-09-26 07:05:00+00:00,2022-09-26 07:10:00+00:00,2022-09-26 07:25:00+00:00,London,2022-09-26,opening_first_30m,value_area_bounce,long,18790.84,18738.367857142857,18895.784285714286,18895.784285714286,target,4,0.8952769496739761,0.0025,0.004999999999999905,1.7905538993479522,0.0026858308490219284,0.0023141691509779762,1.9999999999999618,0.9256676603911905
2022-09-26 07:30:00+00:00,2022-09-26 07:35:00+00:00,2022-09-26 07:55:00+00:00,London,2022-09-26,opening_followthrough_30m,opening_range_breakout,long,18921.07,18865.554285714286,19032.10142857143,18911.18,phase_end,5,0.8520591981678277,0.0025,-0.00044536939347926597,1.7041183963356554,0.002556177594503483,-0.003001546987982749,-0.17814775739170638,-1.2006187951930996
2022-09-27 13:30:00+00:00,2022-09-27 13:35:00+00:00,2022-09-27 13:50:00+00:00,New_York,2022-09-27,opening_first_30m,value_area_bounce,long,20227.3,20150.010714285712,20381.87857142857,20150.010714285712,stop,4,0.6542724458204361,0.0025,-0.0025000000000000855,1.3085448916408722,0.0019628173374613084,-0.004462817337461394,-1.0000000000000342,-1.7851269349845575
2022-09-27 14:20:00+00:00,2022-09-27 14:25:00+00:00,2022-09-27 14:25:00+00:00,New_York,2022-09-27,opening_followthrough_30m,value_area_bounce,long,20206.22,20109.759285714288,20399.14142857143,20131.24,phase_end,1,0.5236903994964639,0.0025,-0.0019432781665370744,1.0473807989929278,0.0015710711984893916,-0.003514349365026466,-0.7773112666148297,-1.4057397460105865
2022-09-28 07:00:00+00:00,2022-09-28 07:05:00+00:00,2022-09-28 07:05:00+00:00,London,2022-09-28,opening_first_30m,value_area_bounce,long,18752.59,18702.425714285713,18852.91857142857,18702.425714285713,stop,1,0.9345588067777361,0.0025,-0.0025000000000000504,1.8691176135554721,0.002803676420333208,-0.005303676420333258,-1.0000000000000202,-2.121470568133303
2022-09-28 07:30:00+00:00,2022-09-28 07:35:00+00:00,2022-09-28 07:55:00+00:00,London,2022-09-28,opening_followthrough_30m,value_area_bounce,long,18754.45,18695.294285714288,18872.76142857143,18781.48,phase_end,5,0.7925882658359327,0.0025,0.001142324132434892,1.5851765316718653,0.002377764797507798,-0.0012354406650729062,0.45692965297395677,-0.4941762660291625
2022-09-28 14:00:00+00:00,2022-09-28 14:05:00+00:00,2022-09-28 14:20:00+00:00,New_York,2022-09-28,opening_followthrough_30m,value_area_bounce,short,19088.58,19167.389285714286,18930.96142857143,19167.389285714286,stop,4,0.6055308022078647,0.0025,-0.0025000000000000057,1.2110616044157294,0.001816592406623594,-0.0043165924066235995,-1.0000000000000022,-1.7266369626494398
2022-09-29 00:45:00+00:00,2022-09-29 00:50:00+00:00,2022-09-29 00:50:00+00:00,Tokyo,2022-09-29,opening_followthrough_30m,opening_range_breakout,short,19383.32,19435.91214285714,19278.135714285712,19435.91214285714,stop,1,0.9213980904263255,0.0025,-0.002500000000000003,1.842796180852651,0.0027641942712789765,-0.00526419427127898,-1.000000000000001,-2.105677708511592
2022-09-29 07:10:00+00:00,2022-09-29 07:15:00+00:00,2022-09-29 07:25:00+00:00,London,2022-09-29,opening_first_30m,value_area_bounce,long,19360.83,19298.667142857143,19485.155714285716,19334.06,phase_end,3,0.7786333708691434,0.0025,-0.0010766075286114643,1.5572667417382868,0.0023359001126074305,-0.0034125076412188948,-0.4306430114445857,-1.365003056487558
2022-09-30 00:15:00+00:00,2022-09-30 00:20:00+00:00,2022-09-30 00:25:00+00:00,Tokyo,2022-09-30,opening_first_30m,value_area_bounce,short,19518.25,19564.73285714286,19425.284285714286,19513.2,phase_end,2,1.0,0.0023815074170510826,0.0002587322121603286,2.0,0.003,-0.0027412677878396715,0.10864220296265358,-1.1510641403897304
2022-09-30 00:35:00+00:00,2022-09-30 00:40:00+00:00,2022-09-30 00:55:00+00:00,Tokyo,2022-09-30,opening_followthrough_30m,value_area_bounce,short,19502.75,19574.922142857144,19358.405714285713,19545.35,phase_end,4,0.67556363258479,0.0025,-0.0014756386021516042,1.35112726516958,0.0020266908977543702,-0.0035023294999059745,-0.5902554408606416,-1.4009317999623898
2022-10-03 00:05:00+00:00,2022-10-03 00:10:00+00:00,2022-10-03 00:25:00+00:00,Tokyo,2022-10-03,opening_first_30m,value_area_bounce,long,19028.84,18950.804285714286,19184.911428571428,19112.05,phase_end,4,0.6096195881006845,0.0025,0.002665766590388996,1.219239176201369,0.0018288587643020536,0.0008369078260869424,1.0663066361555984,0.33476313043477696
2022-10-03 13:30:00+00:00,2022-10-03 13:35:00+00:00,2022-10-03 13:45:00+00:00,New_York,2022-10-03,opening_first_30m,value_area_bounce,short,19192.91,19239.882857142857,19098.964285714286,19239.882857142857,stop,3,1.0,0.002447406732113946,-0.002447406732113855,2.0,0.003,-0.005447406732113855,-0.9999999999999628,-2.225787263161061
2022-10-03 14:00:00+00:00,2022-10-03 14:05:00+00:00,2022-10-03 14:25:00+00:00,New_York,2022-10-03,opening_followthrough_30m,value_area_bounce,long,19251.88,19188.14642857143,19379.347142857143,19379.347142857143,target,5,0.7551702959866405,0.0025,0.005000000000000021,1.510340591973281,0.002265510887959922,0.002734489112040099,2.0000000000000084,1.0937956448160395
2022-10-03 15:30:00+00:00,2022-10-03 15:35:00+00:00,2022-10-03 15:55:00+00:00,London,2022-10-03,after_close_30m,value_area_bounce,short,19378.0,19446.917857142857,19240.164285714287,19335.92,phase_end,5,0.7029382805617463,0.0025,0.001526454889361144,1.4058765611234927,0.002108814841685239,-0.000582359952324095,0.6105819557444576,-0.23294398092963797
2022-10-04 00:00:00+00:00,2022-10-04 00:05:00+00:00,2022-10-04 00:10:00+00:00,Tokyo,2022-10-04,opening_first_30m,value_area_bounce,short,19612.7,19659.157857142858,19519.784285714286,19659.157857142858,stop,2,1.0,0.0023687639714500123,-0.0023687639714500275,2.0,0.003,-0.0053687639714500275,-1.0000000000000064,-2.266483295152281
2022-10-04 00:50:00+00:00,2022-10-04 00:55:00+00:00,2022-10-04 00:55:00+00:00,Tokyo,2022-10-04,opening_followthrough_30m,opening_range_breakout,short,19546.1,19586.279285714285,19465.741428571426,19562.41,phase_end,1,1.0,0.002055616502232459,-0.0008344375604341092,2.0,0.003,-0.0038344375604341093,-0.40593056123449384,-1.8653467493911435
2022-10-04 05:30:00+00:00,2022-10-04 05:35:00+00:00,2022-10-04 05:45:00+00:00,Tokyo,2022-10-04,closing_last_30m,value_area_bounce,short,19596.71,19626.27857142857,19537.572857142855,19626.27857142857,stop,3,1.0,0.0015088538549874499,-0.0015088538549874464,2.0,0.003,-0.0045088538549874465,-0.9999999999999977,-2.988264131800193
2022-10-05 07:15:00+00:00,2022-10-05 07:20:00+00:00,2022-10-05 07:25:00+00:00,London,2022-10-05,opening_first_30m,value_area_bounce,short,20213.01,20249.112857142856,20140.804285714286,20210.7,phase_end,2,1.0,0.0017861197883371547,0.00011428283071135414,2.0,0.003,-0.002885717169288646,0.06398385565043731,-1.6156347340931687
2022-10-06 13:30:00+00:00,2022-10-06 13:35:00+00:00,2022-10-06 13:40:00+00:00,New_York,2022-10-06,opening_first_30m,value_area_bounce,long,20156.54,20093.42357142857,20282.77285714286,20282.77285714286,target,2,0.798387220895613,0.0025,0.005000000000000003,1.596774441791226,0.002395161662686839,0.002604838337313164,2.000000000000001,1.0419353349252656
2022-10-10 13:45:00+00:00,2022-10-10 13:50:00+00:00,2022-10-10 13:55:00+00:00,New_York,2022-10-10,opening_first_30m,value_area_bounce,short,19358.61,19391.843571428573,19292.14285714286,19315.81,phase_end,2,1.0,0.0017167333516493034,0.0022109025389736026,2.0,0.003,-0.0007890974610263975,1.2878543641326359,-0.4596505684871178
2022-10-10 15:20:00+00:00,2022-10-10 15:25:00+00:00,2022-10-10 15:25:00+00:00,London,2022-10-10,closing_last_30m,value_area_bounce,long,19311.84,19264.712142857144,19406.095714285715,19283.75,phase_end,1,1.0,0.0024403607912481255,-0.001454548090704999,2.0,0.003,-0.004454548090704999,-0.5960381333454667,-1.8253645553888427
2022-10-11 00:50:00+00:00,2022-10-11 00:55:00+00:00,2022-10-11 00:55:00+00:00,Tokyo,2022-10-11,opening_followthrough_30m,value_area_bounce,long,19044.1,18991.842142857142,19148.615714285712,19045.22,phase_end,1,0.9110639548393262,0.0025,5.3580459534534745e-05,1.8221279096786525,0.0027331918645179787,-0.002679611404983444,0.0214321838138139,-1.0718445619933776
2022-10-11 07:00:00+00:00,2022-10-11 07:05:00+00:00,2022-10-11 07:25:00+00:00,London,2022-10-11,opening_first_30m,value_area_bounce,long,19053.13,19022.718571428573,19113.952857142856,19080.02,phase_end,5,1.0,0.0015961381973160554,0.0014113166708042968,2.0,0.003,-0.0015886833291957033,0.8842070650132047,-0.9953294344231046
2022-10-12 00:10:00+00:00,2022-10-12 00:15:00+00:00,2022-10-12 00:25:00+00:00,Tokyo,2022-10-12,opening_first_30m,value_area_bounce,long,19067.41,19039.82214285714,19122.585714285713,19122.585714285713,target,3,1.0,0.0014468591771434533,0.002893718354286978,2.0,0.003,-0.00010628164571302185,2.0000000000000493,-0.07345680035209413
2022-10-12 06:15:00+00:00,2022-10-12 06:20:00+00:00,2022-10-12 06:25:00+00:00,Tokyo,2022-10-12,after_close_30m,value_area_bounce,short,19114.4,19138.397857142856,19066.40428571429,19138.397857142856,stop,2,1.0,0.0012554857669011942,-0.0012554857669011543,2.0,0.003,-0.004255485766901154,-0.9999999999999682,-3.3895133494062604
2022-10-12 07:30:00+00:00,2022-10-12 07:35:00+00:00,2022-10-12 07:55:00+00:00,London,2022-10-12,opening_followthrough_30m,value_area_bounce,long,19110.05,19080.51857142857,19169.112857142856,19112.41,phase_end,5,1.0,0.001545334971464177,0.00012349522895016563,2.0,0.003,-0.0028765047710498344,0.07991486068108335,-1.8614118130804986
2022-10-13 00:00:00+00:00,2022-10-13 00:05:00+00:00,2022-10-13 00:10:00+00:00,Tokyo,2022-10-13,opening_first_30m,value_area_bounce,long,19168.12,19151.717857142856,19200.924285714285,19151.717857142856,stop,2,1.0,0.000855699090841599,-0.0008556990908415996,2.0,0.003,-0.0038556990908415996,-1.0000000000000007,-4.505905325959192
2022-10-13 07:35:00+00:00,2022-10-13 07:40:00+00:00,2022-10-13 07:40:00+00:00,London,2022-10-13,opening_followthrough_30m,opening_range_breakout,short,18953.55,18986.132142857143,18888.385714285712,18986.132142857143,stop,1,1.0,0.0017190522544401033,-0.0017190522544401343,2.0,0.003,-0.004719052254440134,-1.000000000000018,-2.7451476487997355
2022-10-14 07:30:00+00:00,2022-10-14 07:35:00+00:00,2022-10-14 07:35:00+00:00,London,2022-10-14,opening_followthrough_30m,opening_range_breakout,short,19646.03,19681.086428571427,19575.917142857143,19575.917142857143,target,1,1.0,0.0017844026793926628,0.003568805358785232,2.0,0.003,0.0005688053587852319,1.9999999999999476,0.31876513376388216
2022-10-14 13:30:00+00:00,2022-10-14 13:35:00+00:00,2022-10-14 13:35:00+00:00,New_York,2022-10-14,opening_first_30m,value_area_bounce,short,19685.6,19746.49214285714,19563.815714285713,19746.49214285714,stop,1,0.8082159321517022,0.0025,-0.0025000000000000074,1.6164318643034044,0.0024246477964551066,-0.004924647796455114,-1.0000000000000029,-1.9698591185820458
2022-10-14 14:10:00+00:00,2022-10-14 14:15:00+00:00,2022-10-14 14:25:00+00:00,New_York,2022-10-14,opening_followthrough_30m,opening_range_breakout,short,19452.21,19522.60214285714,19311.425714285713,19456.48,phase_end,3,0.6908516068148828,0.0025,-0.00015165044800048306,1.3817032136297656,0.0020725548204446483,-0.0022242052684451315,-0.060660179200193225,-0.8896821073780525
2022-10-14 15:00:00+00:00,2022-10-14 15:05:00+00:00,2022-10-14 15:10:00+00:00,London,2022-10-14,closing_last_30m,value_area_bounce,long,19507.79,19416.922142857144,19689.525714285715,19416.922142857144,stop,2,0.5367076602601873,0.0025,-0.0024999999999999736,1.0734153205203747,0.001610122980780562,-0.004110122980780536,-0.9999999999999895,-1.6440491923122142
2022-10-17 07:10:00+00:00,2022-10-17 07:15:00+00:00,2022-10-17 07:25:00+00:00,London,2022-10-17,opening_first_30m,value_area_bounce,short,19268.85,19297.07357142857,19212.402857142857,19260.39,phase_end,3,1.0,0.0014647252653153138,0.0004390505920176535,2.0,0.003,-0.0025609494079823466,0.29974944954823207,-1.7484162174474724
2022-10-17 14:05:00+00:00,2022-10-17 14:10:00+00:00,2022-10-17 14:10:00+00:00,New_York,2022-10-17,opening_followthrough_30m,value_area_bounce,short,19587.77,19639.27357142857,19484.762857142858,19639.27357142857,stop,1,0.9507966853893686,0.0025,-0.0024999999999998686,1.9015933707787371,0.002852390056168106,-0.005352390056167975,-0.9999999999999475,-2.14095602246719
2022-10-18 00:00:00+00:00,2022-10-18 00:05:00+00:00,2022-10-18 00:10:00+00:00,Tokyo,2022-10-18,opening_first_30m,value_area_bounce,short,19525.53,19552.134285714284,19472.321428571428,19552.134285714284,stop,2,1.0,0.0013625384670370093,-0.0013625384670370444,2.0,0.003,-0.0043625384670370445,-1.0000000000000258,-3.2017727004242804
2022-10-18 07:05:00+00:00,2022-10-18 07:10:00+00:00,2022-10-18 07:25:00+00:00,London,2022-10-18,opening_first_30m,value_area_bounce,short,19597.25,19634.14214285714,19523.465714285714,19612.21,phase_end,4,1.0,0.0018825163151535399,-0.0007633724119455731,2.0,0.003,-0.003763372411945573,-0.40550639896223784,-1.9991180855389448
2022-10-18 07:50:00+00:00,2022-10-18 07:55:00+00:00,2022-10-18 07:55:00+00:00,London,2022-10-18,opening_followthrough_30m,opening_range_breakout,long,19669.0,19631.43357142857,19744.132857142857,19664.92,phase_end,1,1.0,0.001909930783030586,-0.00020743301642189849,2.0,0.003,-0.0032074330164218985,-0.10860760937773556,-1.6793451600023426
2022-10-19 00:05:00+00:00,2022-10-19 00:10:00+00:00,2022-10-19 00:25:00+00:00,Tokyo,2022-10-19,opening_first_30m,value_area_bounce,short,19313.81,19342.883571428574,19255.66285714286,19294.72,phase_end,4,1.0,0.0015053255379736884,0.0009884119187255624,2.0,0.003,-0.0020115880812744376,0.6566100778812661,-1.3363143257253356
2022-10-19 00:45:00+00:00,2022-10-19 00:50:00+00:00,2022-10-19 00:55:00+00:00,Tokyo,2022-10-19,opening_followthrough_30m,value_area_bounce,long,19267.96,19239.99214285714,19323.895714285714,19239.99214285714,stop,2,1.0,0.0014515214450755622,-0.0014515214450756542,2.0,0.003,-0.004451521445075654,-1.0000000000000633,-3.0667968841782565
2022-10-19 13:50:00+00:00,2022-10-19 13:55:00+00:00,2022-10-19 13:55:00+00:00,New_York,2022-10-19,opening_first_30m,value_area_bounce,long,19139.99,19095.91785714286,19228.134285714288,19123.8,phase_end,1,1.0,0.0023026209970403713,-0.0008458729602263126,2.0,0.003,-0.0038458729602263127,-0.3673522309201292,-1.670215361177341
2022-10-20 00:05:00+00:00,2022-10-20 00:10:00+00:00,2022-10-20 00:25:00+00:00,Tokyo,2022-10-20,opening_first_30m,value_area_bounce,long,19140.48,19113.899999999998,19193.64,19142.27,phase_end,4,1.0,0.001388679907713923,9.351907580179564e-05,2.0,0.003,-0.0029064809241982044,0.06734386756970431,-2.092981188863689
2022-10-20 07:05:00+00:00,2022-10-20 07:10:00+00:00,2022-10-20 07:25:00+00:00,London,2022-10-20,opening_first_30m,value_area_bounce,long,19116.9,19094.384285714288,19161.93142857143,19137.18,phase_end,4,1.0,0.0011777910793964695,0.0010608414544197586,2.0,0.003,-0.0019391585455802414,0.9007042700334945,-1.646436774316474
2022-10-20 13:30:00+00:00,2022-10-20 13:35:00+00:00,2022-10-20 13:40:00+00:00,New_York,2022-10-20,opening_first_30m,value_area_bounce,long,19181.8,19147.461428571427,19250.477142857144,19147.461428571427,stop,2,1.0,0.0017901641883749982,-0.0017901641883750763,2.0,0.003,-0.004790164188375076,-1.0000000000000435,-2.6758239380954745
2022-10-21 00:30:00+00:00,2022-10-21 00:35:00+00:00,2022-10-21 00:50:00+00:00,Tokyo,2022-10-21,opening_followthrough_30m,value_area_bounce,long,19017.17,18993.825714285715,19063.85857142857,19063.85857142857,target,4,1.0,0.001227537310456034,0.00245507462091199,2.0,0.003,-0.00054492537908801,1.9999999999999365,-0.443917569304324
2022-10-21 14:20:00+00:00,2022-10-21 14:25:00+00:00,2022-10-21 14:25:00+00:00,New_York,2022-10-21,opening_followthrough_30m,value_area_bounce,short,19014.78,19080.88357142857,18882.572857142855,18998.49,phase_end,1,0.7191283159543972,0.0025,0.0006160786644333848,1.4382566319087944,0.0021573849478631916,-0.0015413062834298069,0.2464314657733539,-0.6165225133719228
2022-10-21 20:15:00+00:00,2022-10-21 20:20:00+00:00,2022-10-21 20:25:00+00:00,New_York,2022-10-21,after_close_30m,value_area_bounce,short,19174.52,19208.957142857143,19105.645714285714,19199.97,phase_end,2,1.0,0.0017959846117213117,-0.0013272822474825752,2.0,0.003,-0.004327282247482575,-0.7390276279764325,-2.409420559196892
2022-10-24 07:00:00+00:00,2022-10-24 07:05:00+00:00,2022-10-24 07:15:00+00:00,London,2022-10-24,opening_first_30m,value_area_bounce,long,19329.85,19299.53714285714,19390.475714285712,19299.53714285714,stop,3,1.0,0.0015681889483289812,-0.0015681889483289968,2.0,0.003,-0.004568188948328997,-1.00000000000001,-2.9130347801498875
2022-10-24 07:45:00+00:00,2022-10-24 07:50:00+00:00,2022-10-24 07:55:00+00:00,London,2022-10-24,opening_followthrough_30m,value_area_bounce,long,19312.95,19278.075714285715,19382.698571428573,19322.4,phase_end,2,1.0,0.0018057461814111934,0.0004893089869750789,2.0,0.003,-0.002510691013024921,0.27097329182370644,-1.39038976732755
2022-10-24 14:20:00+00:00,2022-10-24 14:25:00+00:00,2022-10-24 14:25:00+00:00,New_York,2022-10-24,opening_followthrough_30m,opening_range_breakout,short,19191.52,19247.400714285715,19079.75857142857,19228.64,phase_end,1,0.8585931767923963,0.0025,-0.001660680275587023,1.7171863535847927,0.002575779530377189,-0.004236459805964212,-0.6642721102348091,-1.6945839223856847
2022-10-25 14:15:00+00:00,2022-10-25 14:20:00+00:00,2022-10-25 14:25:00+00:00,New_York,2022-10-25,opening_followthrough_30m,value_area_bounce,short,19481.5,19529.109285714287,19386.28142857143,19507.51,phase_end,2,1.0,0.002443820327710168,-0.0013351127993224132,2.0,0.003,-0.004335112799322413,-0.5463219960091743,-1.7739081511709844
2022-10-25 20:00:00+00:00,2022-10-25 20:05:00+00:00,2022-10-25 20:25:00+00:00,New_York,2022-10-25,after_close_30m,value_area_bounce,short,20109.75,20191.14214285714,19946.965714285714,20072.13,phase_end,5,0.6176809362083068,0.0025,0.0011555169417896943,1.2353618724166135,0.0018530428086249203,-0.000697525866835226,0.46220677671587773,-0.2790103467340904
2022-10-26 00:20:00+00:00,2022-10-26 00:25:00+00:00,2022-10-26 00:25:00+00:00,Tokyo,2022-10-26,opening_first_30m,value_area_bounce,short,20102.44,20148.321428571428,20010.67714285714,20113.8,phase_end,1,1.0,0.00228238107271696,-0.0005651055294779717,2.0,0.003,-0.0035651055294779717,-0.24759473176197813,-1.5620115203786056
2022-10-26 00:30:00+00:00,2022-10-26 00:35:00+00:00,2022-10-26 00:55:00+00:00,Tokyo,2022-10-26,opening_followthrough_30m,value_area_bounce,short,20100.75,20145.369285714285,20011.51142857143,20145.369285714285,stop,5,1.0,0.002219782133218193,-0.002219782133218162,2.0,0.003,-0.005219782133218162,-0.9999999999999861,-2.3514839835433006
2022-10-26 07:10:00+00:00,2022-10-26 07:15:00+00:00,2022-10-26 07:20:00+00:00,London,2022-10-26,opening_first_30m,value_area_bounce,short,20218.67,20255.91214285714,20144.18571428571,20255.91214285714,stop,2,1.0,0.0018419679858834965,-0.0018419679858834304,2.0,0.003,-0.00484196798588343,-0.9999999999999641,-2.6286928019332483
2022-10-27 13:45:00+00:00,2022-10-27 13:50:00+00:00,2022-10-27 13:55:00+00:00,New_York,2022-10-27,opening_first_30m,value_area_bounce,short,20560.57,20616.30857142857,20449.092857142856,20449.092857142856,target,2,0.9221877002332315,0.0025,0.0050000000000000044,1.844375400466463,0.0027665631006996943,0.00223343689930031,2.0000000000000018,0.893374759720124
2022-10-27 14:00:00+00:00,2022-10-27 14:05:00+00:00,2022-10-27 14:25:00+00:00,New_York,2022-10-27,opening_followthrough_30m,value_area_bounce,long,20618.12,20552.84642857143,20748.667142857143,20681.59,phase_end,5,0.7896810128798526,0.0025,0.0024309226004837333,1.5793620257597052,0.0023690430386395576,6.187956184417571e-05,0.9723690401934934,0.024751824737670285
2022-10-28 00:00:00+00:00,2022-10-28 00:05:00+00:00,2022-10-28 00:10:00+00:00,Tokyo,2022-10-28,opening_first_30m,value_area_bounce,long,20312.54,20266.86642857143,20403.887142857144,20266.86642857143,stop,2,1.0,0.0022485406270496802,-0.002248540627049711,2.0,0.003,-0.005248540627049711,-1.0000000000000138,-2.334198708224518
2022-10-28 00:30:00+00:00,2022-10-28 00:35:00+00:00,2022-10-28 00:55:00+00:00,Tokyo,2022-10-28,opening_followthrough_30m,value_area_bounce,long,20309.3,20264.25857142857,20399.382857142857,20284.81,phase_end,5,1.0,0.002217773560458937,-0.001205851506452582,2.0,0.003,-0.004205851506452582,-0.5437216530812317,-1.8964296362078732
2022-10-28 07:45:00+00:00,2022-10-28 07:50:00+00:00,2022-10-28 07:55:00+00:00,London,2022-10-28,opening_followthrough_30m,opening_range_breakout,short,20100.71,20137.402142857143,20027.32571428571,20080.01,phase_end,2,1.0,0.0018254152642938257,0.0010298143697412554,2.0,0.003,-0.0019701856302587447,0.5641534777784638,-1.0793081819773893
2022-10-31 00:20:00+00:00,2022-10-31 00:25:00+00:00,2022-10-31 00:25:00+00:00,Tokyo,2022-10-31,opening_first_30m,value_area_bounce,short,20633.44,20658.05357142857,20584.212857142855,20608.45,phase_end,1,1.0,0.0011928971334189404,0.0012111407501608218,2.0,0.003,-0.0017888592498391783,1.0152935372470833,-1.499592211033454
2022-10-31 00:30:00+00:00,2022-10-31 00:35:00+00:00,2022-10-31 00:40:00+00:00,Tokyo,2022-10-31,opening_followthrough_30m,opening_range_breakout,short,20555.86,20584.572142857145,20498.435714285715,20584.572142857145,stop,2,1.0,0.0013967862622698802,-0.0013967862622699112,2.0,0.003,-0.004396786262269911,-1.0000000000000222,-3.147787446824406
2022-10-31 05:45:00+00:00,2022-10-31 05:50:00+00:00,2022-10-31 05:55:00+00:00,Tokyo,2022-10-31,closing_last_30m,value_area_bounce,short,20530.21,20553.014285714286,20484.60142857143,20543.51,phase_end,2,1.0,0.0011107672894863142,-0.0006478258137641024,2.0,0.003,-0.0036478258137641025,-0.5832237048173216,-3.2840594499781113
2022-11-01 13:30:00+00:00,2022-11-01 13:35:00+00:00,2022-11-01 13:35:00+00:00,New_York,2022-11-01,opening_first_30m,value_area_bounce,long,20540.93,20515.75214285714,20591.285714285714,20515.75214285714,stop,1,1.0,0.0012257408570526026,-0.0012257408570526263,2.0,0.003,-0.004225740857052626,-1.0000000000000193,-3.4474993900536015
2022-11-01 16:50:00+00:00,2022-11-01 16:55:00+00:00,2022-11-01 16:55:00+00:00,London,2022-11-01,after_close_30m,value_area_bounce,long,20416.21,20380.104285714286,20488.421428571426,20409.01,phase_end,1,1.0,0.0017684827049542493,-0.0003526609493142985,2.0,0.003,-0.0033526609493142985,-0.19941441797895434,-1.8957838490148151
2022-11-02 00:00:00+00:00,2022-11-02 00:05:00+00:00,2022-11-02 00:15:00+00:00,Tokyo,2022-11-02,opening_first_30m,value_area_bounce,short,20444.11,20465.02285714286,20402.284285714286,20465.02285714286,stop,3,1.0,0.0010229282244547363,-0.0010229282244549331,2.0,0.003,-0.004022928224454933,-1.0000000000001925,-3.9327570872329023
2022-11-02 00:35:00+00:00,2022-11-02 00:40:00+00:00,2022-11-02 00:55:00+00:00,Tokyo,2022-11-02,opening_followthrough_30m,opening_range_breakout,long,20499.53,20471.807857142856,20554.974285714285,20518.48,phase_end,4,1.0,0.0013523306562220159,0.0009244114377255919,2.0,0.003,-0.002075588562274408,0.6835690912369797,-1.534823271752891
2022-11-02 14:15:00+00:00,2022-11-02 14:20:00+00:00,2022-11-02 14:25:00+00:00,New_York,2022-11-02,opening_followthrough_30m,opening_range_breakout,long,20438.05,20407.874285714286,20498.40142857143,20407.874285714286,stop,2,1.0,0.0014764478159958747,-0.0014764478159957628,2.0,0.003,-0.004476447815995763,-0.9999999999999242,-3.0319038488850123
2022-11-03 08:10:00+00:00,2022-11-03 08:15:00+00:00,2022-11-03 08:20:00+00:00,London,2022-11-03,opening_first_30m,value_area_bounce,long,20327.59,20303.66857142857,20375.432857142856,20303.66857142857,stop,2,1.0,0.0011767960969022238,-0.001176796096902244,2.0,0.003,-0.004176796096902244,-1.000000000000017,-3.5492946551209377
2022-11-03 14:10:00+00:00,2022-11-03 14:15:00+00:00,2022-11-03 14:25:00+00:00,New_York,2022-11-03,opening_followthrough_30m,opening_range_breakout,long,20223.25,20174.455714285716,20320.838571428572,20291.4,phase_end,3,1.0,0.0024127816109817245,0.003369883673494778,2.0,0.003,0.00036988367349477785,1.3966799391029936,0.1533017625015294
2022-11-04 14:10:00+00:00,2022-11-04 14:15:00+00:00,2022-11-04 14:20:00+00:00,New_York,2022-11-04,opening_followthrough_30m,opening_range_breakout,long,20920.83,20846.300000000003,21069.890000000003,21069.890000000003,target,2,0.701758687776733,0.0025,0.004999999999999982,1.403517375553466,0.0021052760633301993,0.0028947239366697826,1.9999999999999927,1.157889574667913
2022-11-07 00:30:00+00:00,2022-11-07 00:35:00+00:00,2022-11-07 00:50:00+00:00,Tokyo,2022-11-07,opening_followthrough_30m,value_area_bounce,long,20913.74,20868.52142857143,21004.177142857145,20868.52142857143,stop,4,1.0,0.0021621465806006854,-0.0021621465806007656,2.0,0.003,-0.005162146580600766,-1.000000000000037,-2.387509999052249
2022-11-07 06:15:00+00:00,2022-11-07 06:20:00+00:00,2022-11-07 06:25:00+00:00,Tokyo,2022-11-07,after_close_30m,value_area_bounce,long,20869.56,20836.860714285714,20934.95857142857,20869.57,phase_end,2,1.0,0.0015668411655198181,4.791667864711968e-07,2.0,0.003,-0.002999520833213529,0.00030581707770757193,-1.914374538543862
2022-11-09 00:00:00+00:00,2022-11-09 00:05:00+00:00,2022-11-09 00:15:00+00:00,Tokyo,2022-11-09,opening_first_30m,value_area_bounce,short,18437.26,18531.89357142857,18247.992857142857,18531.89357142857,stop,3,0.4870697502396465,0.0025,-0.002499999999999994,0.974139500479293,0.0014612092507189395,-0.003961209250718934,-0.9999999999999976,-1.5844837002875733
2022-11-09 14:40:00+00:00,2022-11-09 14:45:00+00:00,2022-11-09 14:55:00+00:00,New_York,2022-11-09,opening_first_30m,value_area_bounce,long,17689.68,17556.972857142857,17955.094285714287,17649.62,phase_end,3,0.3332465687066033,0.0025,-0.0007546692502287632,0.6664931374132066,0.00099973970611981,-0.001754408956348573,-0.30186770009150526,-0.7017635825394292
2022-11-09 15:15:00+00:00,2022-11-09 15:20:00+00:00,2022-11-09 15:25:00+00:00,New_York,2022-11-09,opening_followthrough_30m,value_area_bounce,short,17704.87,17851.314285714285,17411.981428571427,17638.53,phase_end,2,0.30224583215459677,0.0025,0.0011325126084029958,0.6044916643091935,0.0009067374964637903,0.0002257751119392054,0.4530050433611983,0.09031004477568216
2022-11-10 08:00:00+00:00,2022-11-10 08:05:00+00:00,2022-11-10 08:20:00+00:00,London,2022-11-10,opening_first_30m,value_area_bounce,short,16707.41,16800.592857142856,16521.044285714284,16521.044285714284,target,4,0.44824258753909196,0.0025,0.005000000000000001,0.8964851750781839,0.001344727762617276,0.003655272237382725,2.0000000000000004,1.4621088949530898
2022-11-10 08:35:00+00:00,2022-11-10 08:40:00+00:00,2022-11-10 08:55:00+00:00,London,2022-11-10,opening_followthrough_30m,value_area_bounce,long,16767.19,16665.820714285714,16969.928571428572,16844.49,phase_end,4,0.41351751375804,0.0025,0.0019063959920235726,0.82703502751608,0.0012405525412741202,0.0006658434507494525,0.762558396809429,0.266337380299781
2022-11-11 00:20:00+00:00,2022-11-11 00:25:00+00:00,2022-11-11 00:25:00+00:00,Tokyo,2022-11-11,opening_first_30m,value_area_bounce,long,17482.4,17388.4,17670.4,17498.41,phase_end,1,0.4649574468085081,0.0025,0.00042579787234043107,0.9299148936170162,0.0013948723404255243,-0.0009690744680850931,0.17031914893617242,-0.38762978723403724
2022-11-11 08:05:00+00:00,2022-11-11 08:10:00+00:00,2022-11-11 08:25:00+00:00,London,2022-11-11,opening_first_30m,value_area_bounce,short,17357.26,17437.286428571428,17197.207142857143,17353.33,phase_end,4,0.5422352437141323,0.0025,0.0001227719414121026,1.0844704874282647,0.001626705731142397,-0.0015039337897302944,0.04910877656484104,-0.6015735158921177
2022-11-14 14:45:00+00:00,2022-11-14 14:50:00+00:00,2022-11-14 14:55:00+00:00,New_York,2022-11-14,opening_first_30m,value_area_bounce,long,16567.66,16418.335714285713,16866.308571428573,16605.05,phase_end,2,0.27737718484219326,0.0025,0.0006259865871975313,0.5547543696843865,0.0008321315545265798,-0.00020614496732904847,0.25039463487901253,-0.08245798693161939
2022-11-16 00:10:00+00:00,2022-11-16 00:15:00+00:00,2022-11-16 00:25:00+00:00,Tokyo,2022-11-16,opening_first_30m,value_area_bounce,short,16861.09,16893.698571428573,16795.87285714286,16809.53,phase_end,3,1.0,0.001933953939429285,0.003057928046170333,2.0,0.003,5.792804617033281e-05,1.5811793568737917,0.029953167440703126
2022-11-16 08:15:00+00:00,2022-11-16 08:20:00+00:00,2022-11-16 08:25:00+00:00,London,2022-11-16,opening_first_30m,value_area_bounce,long,16829.61,16791.474285714285,16905.88142857143,16791.474285714285,stop,2,1.0,0.0022659891872547793,-0.0022659891872548465,2.0,0.003,-0.005265989187254847,-1.0000000000000298,-2.3239251170631285
2022-11-16 20:30:00+00:00,2022-11-16 20:35:00+00:00,2022-11-16 20:35:00+00:00,New_York,2022-11-16,closing_last_30m,value_area_bounce,short,16544.99,16572.25142857143,16490.467142857146,16572.25142857143,stop,1,1.0,0.0016477150225795735,-0.0016477150225795434,2.0,0.003,-0.0046477150225795434,-0.9999999999999817,-2.8207031913220844
2022-11-16 21:05:00+00:00,2022-11-16 21:10:00+00:00,2022-11-16 21:25:00+00:00,New_York,2022-11-16,after_close_30m,value_area_bounce,short,16592.17,16620.391428571427,16535.72714285714,16553.03,phase_end,4,1.0,0.0017008883450102662,0.0023589440079265778,2.0,0.003,-0.0006410559920734223,1.3868893950897991,-0.3768948114401672
2022-11-17 00:50:00+00:00,2022-11-17 00:55:00+00:00,2022-11-17 00:55:00+00:00,Tokyo,2022-11-17,opening_followthrough_30m,value_area_bounce,short,16675.08,16711.067142857144,16603.105714285717,16702.61,phase_end,1,1.0,0.0021581391427893054,-0.001650966592064318,2.0,0.003,-0.004650966592064318,-0.764995434877527,-2.1550818943273216
2022-11-17 14:30:00+00:00,2022-11-17 14:35:00+00:00,2022-11-17 14:55:00+00:00,New_York,2022-11-17,opening_first_30m,value_area_bounce,long,16511.83,16475.7,16584.090000000004,16511.21,phase_end,5,1.0,0.0021881281481216943,-3.754883619822014e-05,2.0,0.003,-0.00303754883619822,-0.017160254636115504,-1.3881951287019798
2022-11-17 15:15:00+00:00,2022-11-17 15:20:00+00:00,2022-11-17 15:20:00+00:00,New_York,2022-11-17,opening_followthrough_30m,opening_range_breakout,long,16601.31,16566.65142857143,16670.627142857145,16670.627142857145,target,1,1.0,0.002087700996401611,0.004175401992803307,2.0,0.003,0.001175401992803307,2.000000000000041,0.5630126128354804
2022-11-18 00:00:00+00:00,2022-11-18 00:05:00+00:00,2022-11-18 00:10:00+00:00,Tokyo,2022-11-18,opening_first_30m,value_area_bounce,long,16715.51,16691.04142857143,16764.44714285714,16764.44714285714,target,2,1.0,0.0014638244019220187,0.0029276488038441073,2.0,0.003,-7.235119615589276e-05,2.0000000000000475,-0.04942614432502613
2022-11-18 14:30:00+00:00,2022-11-18 14:35:00+00:00,2022-11-18 14:35:00+00:00,New_York,2022-11-18,opening_first_30m,value_area_bounce,short,16696.71,16726.024285714284,16638.08142857143,16726.024285714284,stop,1,1.0,0.0017556923318597232,-0.0017556923318595707,2.0,0.003,-0.004755692331859571,-0.9999999999999132,-2.7087276315788698
2022-11-18 20:30:00+00:00,2022-11-18 20:35:00+00:00,2022-11-18 20:55:00+00:00,New_York,2022-11-18,closing_last_30m,value_area_bounce,short,16629.7,16655.360714285714,16578.37857142857,16639.06,phase_end,5,1.0,0.0015430653761471828,-0.0005628483977462295,2.0,0.003,-0.0035628483977462296,-0.3647599164927042,-2.3089419624216836
2022-11-21 00:35:00+00:00,2022-11-21 00:40:00+00:00,2022-11-21 00:55:00+00:00,Tokyo,2022-11-21,opening_followthrough_30m,value_area_bounce,long,16221.2,16173.597857142859,16316.404285714285,16268.73,phase_end,4,0.8519154299776487,0.0025,0.0024962111549599927,1.7038308599552974,0.002555746289932946,-5.953513497295327e-05,0.9984844619839971,-0.023814053989181308
2022-11-21 14:30:00+00:00,2022-11-21 14:35:00+00:00,2022-11-21 14:45:00+00:00,New_York,2022-11-21,opening_first_30m,value_area_bounce,short,16172.18,16214.897142857142,16086.745714285715,16214.897142857142,stop,3,0.9464689652866044,0.0025,-0.0024999999999998877,1.8929379305732088,0.0028394068958598135,-0.005339406895859701,-0.999999999999955,-2.1357627583438803
2022-11-22 14:35:00+00:00,2022-11-22 14:40:00+00:00,2022-11-22 14:45:00+00:00,New_York,2022-11-22,opening_first_30m,value_area_bounce,short,16055.2,16121.333571428571,15922.932857142858,16121.333571428571,stop,2,0.6069232181623777,0.0025,-0.002499999999999967,1.2138464363247554,0.0018207696544871332,-0.0043207696544871,-0.9999999999999868,-1.72830786179484
2022-11-24 00:15:00+00:00,2022-11-24 00:20:00+00:00,2022-11-24 00:25:00+00:00,Tokyo,2022-11-24,opening_first_30m,value_area_bounce,short,16571.19,16610.530714285713,16492.50857142857,16565.8,phase_end,2,1.0,0.002374042798719636,0.00032526330335957976,2.0,0.003,-0.0026747366966404203,0.13700818853602814,-1.1266590046661982
2022-11-25 00:05:00+00:00,2022-11-25 00:10:00+00:00,2022-11-25 00:20:00+00:00,Tokyo,2022-11-25,opening_first_30m,value_area_bounce,short,16576.12,16604.167142857143,16520.02571428571,16520.02571428571,target,3,1.0,0.0016920209830251812,0.003384041966050355,2.0,0.003,0.00038404196605035506,1.9999999999999956,0.22697234248462012
2022-11-25 08:20:00+00:00,2022-11-25 08:25:00+00:00,2022-11-25 08:25:00+00:00,London,2022-11-25,opening_first_30m,value_area_bounce,short,16424.44,16443.63857142857,16386.042857142857,16429.58,phase_end,1,1.0,0.0011689026492575617,-0.0003129482649029125,2.0,0.003,-0.0033129482649029126,-0.26772825359039454,-2.8342379641342754
2022-11-28 08:00:00+00:00,2022-11-28 08:05:00+00:00,2022-11-28 08:25:00+00:00,London,2022-11-28,opening_first_30m,value_area_bounce,short,16209.3,16224.927857142857,16178.044285714286,16224.927857142857,stop,5,1.0,0.0009641290581861614,-0.0009641290581861028,2.0,0.003,-0.003964129058186103,-0.9999999999999393,-4.111616618675421
2022-11-28 14:45:00+00:00,2022-11-28 14:50:00+00:00,2022-11-28 14:55:00+00:00,New_York,2022-11-28,opening_first_30m,value_area_bounce,short,16230.5,16258.89,16173.72,16216.4,phase_end,2,1.0,0.0017491759341979726,0.0008687347894396069,2.0,0.003,-0.002131265210560393,0.49665375132086803,-1.2184395914054322
2022-11-28 16:30:00+00:00,2022-11-28 16:35:00+00:00,2022-11-28 16:55:00+00:00,London,2022-11-28,after_close_30m,value_area_bounce,long,16154.14,16107.554285714285,16247.311428571427,16247.311428571427,target,5,0.8669041704998457,0.0025,0.004999999999999899,1.7338083409996914,0.002600712511499537,0.0023992874885003616,1.9999999999999594,0.9597149954001446
2022-11-29 00:00:00+00:00,2022-11-29 00:05:00+00:00,2022-11-29 00:10:00+00:00,Tokyo,2022-11-29,opening_first_30m,value_area_bounce,long,16206.86,16188.267857142857,16244.044285714286,16188.267857142857,stop,2,1.0,0.0011471773592875516,-0.001147177359287599,2.0,0.003,-0.004147177359287599,-1.0000000000000413,-3.6151143724307646
2022-11-29 08:40:00+00:00,2022-11-29 08:45:00+00:00,2022-11-29 08:45:00+00:00,London,2022-11-29,opening_followthrough_30m,opening_range_breakout,long,16520.4,16499.145714285714,16562.908571428572,16499.145714285714,stop,1,1.0,0.0012865478871144805,-0.0012865478871145752,2.0,0.003,-0.004286547887114575,-1.0000000000000737,-3.3318214813819416
2022-11-29 14:45:00+00:00,2022-11-29 14:50:00+00:00,2022-11-29 14:55:00+00:00,New_York,2022-11-29,opening_first_30m,value_area_bounce,long,16455.25,16423.345714285715,16519.05857142857,16423.345714285715,stop,2,1.0,0.0019388514738023011,-0.0019388514738022389,2.0,0.003,-0.004938851473802239,-0.9999999999999679,-2.5473077956387282
2022-11-30 00:00:00+00:00,2022-11-30 00:05:00+00:00,2022-11-30 00:10:00+00:00,Tokyo,2022-11-30,opening_first_30m,value_area_bounce,long,16460.59,16441.127857142856,16499.514285714286,16441.127857142856,stop,2,1.0,0.0011823478293999754,-0.0011823478294000767,2.0,0.003,-0.004182347829400077,-1.0000000000000857,-3.537324402686609
2022-11-30 00:30:00+00:00,2022-11-30 00:35:00+00:00,2022-11-30 00:35:00+00:00,Tokyo,2022-11-30,opening_followthrough_30m,value_area_bounce,long,16480.69,16461.134285714284,16519.801428571427,16519.801428571427,target,1,1.0,0.001186583467422448,0.002373166934844795,2.0,0.003,-0.0006268330651552053,1.9999999999999147,-0.5282671488056726
2022-11-30 08:30:00+00:00,2022-11-30 08:35:00+00:00,2022-11-30 08:45:00+00:00,London,2022-11-30,opening_followthrough_30m,value_area_bounce,short,16887.7,16908.295714285716,16846.50857142857,16908.295714285716,stop,3,1.0,0.0012195689339409331,-0.0012195689339409288,2.0,0.003,-0.004219568933940929,-0.9999999999999964,-3.459885551779145
2022-12-01 00:15:00+00:00,2022-12-01 00:20:00+00:00,2022-12-01 00:20:00+00:00,Tokyo,2022-12-01,opening_first_30m,value_area_bounce,short,17170.04,17215.193571428572,17079.73285714286,17215.193571428572,stop,1,0.9506468401487134,0.0025,-0.0025000000000000907,1.9012936802974267,0.00285194052044614,-0.005351940520446231,-1.0000000000000362,-2.1407762081784925
2022-12-01 08:35:00+00:00,2022-12-01 08:40:00+00:00,2022-12-01 08:45:00+00:00,London,2022-12-01,opening_followthrough_30m,value_area_bounce,long,17094.35,17075.14642857143,17132.757142857143,17132.757142857143,target,2,1.0,0.0011233870506086425,0.0022467741012173192,2.0,0.003,-0.0007532258987826808,2.0000000000000306,-0.6704954435557975
2022-12-01 15:10:00+00:00,2022-12-01 15:15:00+00:00,2022-12-01 15:20:00+00:00,New_York,2022-12-01,opening_followthrough_30m,opening_range_breakout,short,17016.46,17060.102857142858,16929.174285714285,16929.174285714285,target,2,0.9747563011456628,0.0025,0.004999999999999983,1.9495126022913256,0.0029242689034369887,0.002075731096562994,1.9999999999999931,0.8302924386251976
2022-12-02 00:00:00+00:00,2022-12-02 00:05:00+00:00,2022-12-02 00:25:00+00:00,Tokyo,2022-12-02,opening_first_30m,value_area_bounce,short,16966.27,16984.657857142858,16929.494285714285,16970.46,phase_end,5,1.0,0.0010837890203832324,-0.00024696058709428037,2.0,0.003,-0.0032469605870942804,-0.22786776987919113,-2.995934195703645
2022-12-02 00:40:00+00:00,2022-12-02 00:45:00+00:00,2022-12-02 00:55:00+00:00,Tokyo,2022-12-02,opening_followthrough_30m,opening_range_breakout,long,16986.87,16969.482857142855,17021.644285714287,17021.644285714287,target,3,1.0,0.001023563661648261,0.0020471273232967047,2.0,0.003,-0.0009528726767032954,2.0000000000001785,-0.9309364062112846
2022-12-05 00:30:00+00:00,2022-12-05 00:35:00+00:00,2022-12-05 00:35:00+00:00,Tokyo,2022-12-05,opening_followthrough_30m,opening_range_breakout,long,17163.74,17127.783571428572,17235.65285714286,17235.65285714286,target,1,1.0,0.002094906388201482,0.004189812776403068,2.0,0.003,0.0011898127764030679,2.0000000000000497,0.5679551043922996
2022-12-05 08:45:00+00:00,2022-12-05 08:50:00+00:00,2022-12-05 08:55:00+00:00,London,2022-12-05,opening_followthrough_30m,value_area_bounce,short,17351.37,17380.40714285714,17293.295714285712,17359.53,phase_end,2,1.0,0.001673478397218369,-0.0004702798683908771,2.0,0.003,-0.003470279868390877,-0.28101938404019394,-2.073692659647788
2022-12-05 14:30:00+00:00,2022-12-05 14:35:00+00:00,2022-12-05 14:45:00+00:00,New_York,2022-12-05,opening_first_30m,value_area_bounce,long,17218.41,17193.940714285713,17267.34857142857,17193.940714285713,stop,3,1.0,0.001421111804997454,-0.001421111804997488,2.0,0.003,-0.004421111804997488,-1.000000000000024,-3.1110232069357897
2022-12-05 15:10:00+00:00,2022-12-05 15:15:00+00:00,2022-12-05 15:25:00+00:00,New_York,2022-12-05,opening_followthrough_30m,opening_range_breakout,short,17054.72,17090.755714285715,16982.648571428574,17052.28,phase_end,3,1.0,0.0021129466966162028,0.00014306889822890412,2.0,0.003,-0.002856931101771096,0.06771060455903742,-1.3521075123884354
2022-12-06 00:30:00+00:00,2022-12-06 00:35:00+00:00,2022-12-06 00:55:00+00:00,Tokyo,2022-12-06,opening_followthrough_30m,opening_range_breakout,long,17024.57,17002.860714285714,17067.98857142857,17043.86,phase_end,5,1.0,0.0012751738055225908,0.001133068265454007,2.0,0.003,-0.001866931734545993,0.8885598657585769,-1.4640606060605899
2022-12-06 08:00:00+00:00,2022-12-06 08:05:00+00:00,2022-12-06 08:25:00+00:00,London,2022-12-06,opening_first_30m,value_area_bounce,long,17020.94,17008.134285714284,17046.551428571427,17008.134285714284,stop,5,1.0,0.0007523505920186514,-0.0007523505920186135,2.0,0.003,-0.0037523505920186136,-0.9999999999999497,-4.987502677376227
2022-12-06 08:30:00+00:00,2022-12-06 08:35:00+00:00,2022-12-06 08:35:00+00:00,London,2022-12-06,opening_followthrough_30m,opening_range_breakout,short,16979.98,16997.235,16945.469999999998,16997.235,stop,1,1.0,0.001016196721079795,-0.0010161967210797762,2.0,0.003,-0.004016196721079776,-0.9999999999999815,-3.9521842944073144
2022-12-07 00:35:00+00:00,2022-12-07 00:40:00+00:00,2022-12-07 00:45:00+00:00,Tokyo,2022-12-07,opening_followthrough_30m,opening_range_breakout,long,17096.8,17073.09642857143,17144.20714285714,17073.09642857143,stop,2,1.0,0.00138643321724364,-0.0013864332172436322,2.0,0.003,-0.004386433217243632,-0.9999999999999943,-3.1638258249209255
2022-12-07 14:40:00+00:00,2022-12-07 14:45:00+00:00,2022-12-07 14:55:00+00:00,New_York,2022-12-07,opening_first_30m,value_area_bounce,short,16848.41,16867.48,16810.27,16837.91,phase_end,3,1.0,0.001131857546201718,0.0006232042074000299,2.0,0.003,-0.00237679579259997,0.5506030414263487,-2.0999071840586385
2022-12-07 15:05:00+00:00,2022-12-07 15:10:00+00:00,2022-12-07 15:25:00+00:00,New_York,2022-12-07,opening_followthrough_30m,value_area_bounce,short,16842.17,16861.557142857142,16803.39571428571,16833.04,phase_end,4,1.0,0.0011511071825746786,0.0005420916663350095,2.0,0.003,-0.0024579083336649906,0.4709306609680902,-2.135255839658122
2022-12-08 00:00:00+00:00,2022-12-08 00:05:00+00:00,2022-12-08 00:10:00+00:00,Tokyo,2022-12-08,opening_first_30m,value_area_bounce,short,16832.8,16846.879285714283,16804.641428571427,16846.879285714283,stop,2,1.0,0.0008364197111761417,-0.0008364197111760951,2.0,0.003,-0.003836419711176095,-0.9999999999999444,-4.586716046877312
2022-12-08 00:45:00+00:00,2022-12-08 00:50:00+00:00,2022-12-08 00:55:00+00:00,Tokyo,2022-12-08,opening_followthrough_30m,value_area_bounce,short,16840.1,16857.32571428571,16805.64857142857,16812.53,phase_end,2,1.0,0.0010228985745758053,0.0016371636748000462,2.0,0.003,-0.0013628363251999539,1.6005141814563344,-1.332327915077133
2022-12-08 14:30:00+00:00,2022-12-08 14:35:00+00:00,2022-12-08 14:50:00+00:00,New_York,2022-12-08,opening_first_30m,value_area_bounce,short,16834.24,16852.765,16797.190000000002,16852.765,stop,4,1.0,0.0011004357785085264,-0.0011004357785084906,2.0,0.003,-0.004100435778508491,-0.9999999999999675,-3.7261927125506666
2022-12-09 06:05:00+00:00,2022-12-09 06:10:00+00:00,2022-12-09 06:25:00+00:00,Tokyo,2022-12-09,after_close_30m,value_area_bounce,long,17214.41,17204.85714285714,17233.515714285713,17204.85714285714,stop,4,1.0,0.000554933752760464,-0.0005549337527605003,2.0,0.003,-0.0035549337527605003,-1.0000000000000655,-6.406050695379094
2022-12-09 08:30:00+00:00,2022-12-09 08:35:00+00:00,2022-12-09 08:55:00+00:00,London,2022-12-09,opening_followthrough_30m,value_area_bounce,long,17206.25,17197.889285714286,17222.971428571425,17206.31,phase_end,5,1.0,0.00048591147319802135,3.4871049765516915e-06,2.0,0.003,-0.0029965128950234484,0.007176420333525665,-6.166787697565422
2022-12-12 08:00:00+00:00,2022-12-12 08:05:00+00:00,2022-12-12 08:10:00+00:00,London,2022-12-12,opening_first_30m,value_area_bounce,long,16923.98,16913.90142857143,16944.137142857144,16913.90142857143,stop,2,1.0,0.0005955201689302307,-0.0005955201689301637,2.0,0.003,-0.0035955201689301637,-0.9999999999998875,-6.037612756909672
2022-12-12 08:30:00+00:00,2022-12-12 08:35:00+00:00,2022-12-12 08:55:00+00:00,London,2022-12-12,opening_followthrough_30m,value_area_bounce,long,16932.72,16920.95857142857,16956.24285714286,16935.11,phase_end,5,1.0,0.0006945977120881394,0.0001411468446887998,2.0,0.003,-0.0028588531553112003,0.20320660755486233,-4.115840155471795
2022-12-12 14:30:00+00:00,2022-12-12 14:35:00+00:00,2022-12-12 14:40:00+00:00,New_York,2022-12-12,opening_first_30m,value_area_bounce,short,16989.29,17011.920000000002,16944.03,17011.920000000002,stop,2,1.0,0.0013320156404417276,-0.0013320156404417194,2.0,0.003,-0.0043320156404417194,-0.9999999999999938,-3.252225806451583
2022-12-13 00:00:00+00:00,2022-12-13 00:05:00+00:00,2022-12-13 00:25:00+00:00,Tokyo,2022-12-13,opening_first_30m,value_area_bounce,short,17207.0,17227.84857142857,17165.30285714286,17165.30285714286,target,5,1.0,0.0012116331393369699,0.0024232662786738413,2.0,0.003,-0.0005767337213261588,1.9999999999999187,-0.4759969850624581
2022-12-14 05:35:00+00:00,2022-12-14 05:40:00+00:00,2022-12-14 05:55:00+00:00,Tokyo,2022-12-14,closing_last_30m,value_area_bounce,long,17766.14,17749.50857142857,17799.402857142857,17784.86,phase_end,4,1.0,0.0009361306716838234,0.0010536897716668658,2.0,0.003,-0.0019463102283331342,1.125579797285766,-2.0791010135714227
2022-12-16 00:30:00+00:00,2022-12-16 00:35:00+00:00,2022-12-16 00:55:00+00:00,Tokyo,2022-12-16,opening_followthrough_30m,opening_range_breakout,long,17394.21,17362.165714285715,17458.29857142857,17427.46,phase_end,5,1.0,0.0018422386365512375,0.0019115556268436418,2.0,0.003,-0.0010884443731563583,1.0376264990414972,-0.5908270250991915
2022-12-16 08:35:00+00:00,2022-12-16 08:40:00+00:00,2022-12-16 08:50:00+00:00,London,2022-12-16,opening_followthrough_30m,value_area_bounce,short,17451.63,17474.545000000002,17405.8,17405.8,target,3,1.0,0.0013130578633629268,0.002626115726725886,2.0,0.003,-0.00037388427327411395,2.000000000000025,-0.28474318132221793
2022-12-16 21:05:00+00:00,2022-12-16 21:10:00+00:00,2022-12-16 21:25:00+00:00,New_York,2022-12-16,after_close_30m,value_area_bounce,short,16850.96,16878.406428571427,16796.06714285714,16846.82,phase_end,4,1.0,0.0016287753677789773,0.00024568333198815573,2.0,0.003,-0.0027543166680118443,0.1508392973324328,-1.6910353155497877
2022-12-19 00:15:00+00:00,2022-12-19 00:20:00+00:00,2022-12-19 00:25:00+00:00,Tokyo,2022-12-19,opening_first_30m,value_area_bounce,long,16764.71,16745.004285714283,16804.121428571427,16804.121428571427,target,2,1.0,0.0011754282827269077,0.0023508565654537517,2.0,0.003,-0.0006491434345462484,1.9999999999999458,-0.5522612005219775
2022-12-19 06:05:00+00:00,2022-12-19 06:10:00+00:00,2022-12-19 06:10:00+00:00,Tokyo,2022-12-19,after_close_30m,value_area_bounce,short,16707.61,16722.535714285714,16677.75857142857,16722.535714285714,stop,1,1.0,0.0008933482578127418,-0.0008933482578126206,2.0,0.003,-0.0038933482578126207,-0.9999999999998643,-4.358152852220282
2022-12-19 08:05:00+00:00,2022-12-19 08:10:00+00:00,2022-12-19 08:15:00+00:00,London,2022-12-19,opening_first_30m,value_area_bounce,short,16709.57,16726.18357142857,16676.342857142856,16726.18357142857,stop,2,1.0,0.0009942548748155674,-0.0009942548748154145,2.0,0.003,-0.003994254874815415,-0.9999999999998462,-4.017334967109256
2022-12-20 14:30:00+00:00,2022-12-20 14:35:00+00:00,2022-12-20 14:45:00+00:00,New_York,2022-12-20,opening_first_30m,value_area_bounce,long,16816.51,16795.619285714285,16858.29142857143,16795.619285714285,stop,3,1.0,0.00124227406790796,-0.0012422740679078892,2.0,0.003,-0.004242274067907889,-0.9999999999999429,-3.4149260436966626
2022-12-21 00:10:00+00:00,2022-12-21 00:15:00+00:00,2022-12-21 00:25:00+00:00,Tokyo,2022-12-21,opening_first_30m,value_area_bounce,short,16870.71,16892.50214285714,16827.125714285714,16884.96,phase_end,3,1.0,0.0012917146259489296,-0.0008446591755770783,2.0,0.003,-0.0038446591755770783,-0.6539054049624684,-2.976399816447603
2022-12-21 08:40:00+00:00,2022-12-21 08:45:00+00:00,2022-12-21 08:45:00+00:00,London,2022-12-21,opening_followthrough_30m,opening_range_breakout,long,16845.12,16830.37,16874.62,16830.37,stop,1,1.0,0.000875624513212166,-0.0008756245132121032,2.0,0.003,-0.0038756245132121033,-0.9999999999999283,-4.426126101694723
2022-12-21 14:30:00+00:00,2022-12-21 14:35:00+00:00,2022-12-21 14:35:00+00:00,New_York,2022-12-21,opening_first_30m,value_area_bounce,short,16834.89,16853.663571428573,16797.342857142856,16853.663571428573,stop,1,1.0,0.0011151585444616396,-0.0011151585444617584,2.0,0.003,-0.0041151585444617585,-1.0000000000001066,-3.6902004337404923
2022-12-22 00:45:00+00:00,2022-12-22 00:50:00+00:00,2022-12-22 00:55:00+00:00,Tokyo,2022-12-22,opening_followthrough_30m,opening_range_breakout,long,16845.25,16829.27642857143,16877.19714285714,16856.85,phase_end,2,1.0,0.000948253746817129,0.0006886214214689712,2.0,0.003,-0.002311378578531029,0.7261995260027926,-2.4375106202209174
2022-12-22 08:00:00+00:00,2022-12-22 08:05:00+00:00,2022-12-22 08:05:00+00:00,London,2022-12-22,opening_first_30m,value_area_bounce,short,16804.42,16818.164285714283,16776.931428571424,16818.164285714283,stop,1,1.0,0.00081789706007624,-0.0008178970600760671,2.0,0.003,-0.003817897060076067,-0.9999999999997886,-4.667943249142114
2022-12-22 08:30:00+00:00,2022-12-22 08:35:00+00:00,2022-12-22 08:35:00+00:00,London,2022-12-22,opening_followthrough_30m,opening_range_breakout,long,16851.82,16837.56,16880.34,16837.56,stop,1,1.0,0.0008461994016076578,-0.0008461994016075725,2.0,0.003,-0.0038461994016075725,-0.9999999999998992,-4.545263674614215
2022-12-23 00:00:00+00:00,2022-12-23 00:05:00+00:00,2022-12-23 00:25:00+00:00,Tokyo,2022-12-23,opening_first_30m,value_area_bounce,short,16804.5,16819.925714285713,16773.648571428574,16798.09,phase_end,5,1.0,0.0009179513990724618,0.00038144544616025566,2.0,0.003,-0.0026185545538397444,0.4155399147990676,-2.852606964252842
2022-12-23 08:40:00+00:00,2022-12-23 08:45:00+00:00,2022-12-23 08:55:00+00:00,London,2022-12-23,opening_followthrough_30m,value_area_bounce,short,16837.28,16850.803571428572,16810.232857142855,16835.61,phase_end,3,1.0,0.0008031921681276509,9.918466640679302e-05,2.0,0.003,-0.002900815333593207,0.12348808957886857,-3.6116080916916786
2022-12-26 00:20:00+00:00,2022-12-26 00:25:00+00:00,2022-12-26 00:25:00+00:00,Tokyo,2022-12-26,opening_first_30m,value_area_bounce,short,16825.31,16835.65357142857,16804.62285714286,16826.06,phase_end,1,1.0,0.000614762606369289,-4.457570172555769e-05,2.0,0.003,-0.0030445757017255578,-0.07250880464056883,-4.952441267868325
2022-12-27 00:30:00+00:00,2022-12-27 00:35:00+00:00,2022-12-27 00:45:00+00:00,Tokyo,2022-12-27,opening_followthrough_30m,value_area_bounce,short,16901.03,16927.245714285713,16848.59857142857,16848.59857142857,target,3,1.0,0.0015511311609833743,0.0031022623219666423,2.0,0.003,0.00010226232196664225,1.9999999999999316,0.06592757887850745
2022-12-27 05:30:00+00:00,2022-12-27 05:35:00+00:00,2022-12-27 05:35:00+00:00,Tokyo,2022-12-27,closing_last_30m,value_area_bounce,short,16873.49,16881.862142857146,16856.745714285717,16881.862142857146,stop,1,1.0,0.0004961713822773352,-0.0004961713822775327,2.0,0.003,-0.0034961713822775327,-1.000000000000398,-7.046297926798499
2022-12-27 15:15:00+00:00,2022-12-27 15:20:00+00:00,2022-12-27 15:25:00+00:00,New_York,2022-12-27,opening_followthrough_30m,value_area_bounce,long,16814.25,16789.97357142857,16862.80285714286,16825.57,phase_end,2,1.0,0.0014438008576908728,0.0006732384733187935,2.0,0.003,-0.0023267615266812066,0.4662959366816904,-1.6115529467148866
2022-12-28 14:30:00+00:00,2022-12-28 14:35:00+00:00,2022-12-28 14:35:00+00:00,New_York,2022-12-28,opening_first_30m,value_area_bounce,long,16713.15,16695.485714285714,16748.47857142857,16695.485714285714,stop,1,1.0,0.0010569094224778333,-0.0010569094224779363,2.0,0.003,-0.004056909422477936,-1.0000000000000975,-3.8384646178731767
2022-12-29 20:50:00+00:00,2022-12-29 20:55:00+00:00,2022-12-29 20:55:00+00:00,New_York,2022-12-29,closing_last_30m,value_area_bounce,long,16612.7,16593.911428571428,16650.277142857143,16599.24,phase_end,1,1.0,0.0011309763872562406,-0.0008102235037049654,2.0,0.003,-0.0038102235037049655,-0.7163929440388895,-3.368968217761472
2022-12-30 12:30:00+00:00,2022-12-30 12:35:00+00:00,2022-12-30 12:55:00+00:00,London,2022-12-30,after_close_30m,value_area_bounce,long,16499.59,16487.81642857143,16523.137142857144,16494.58,phase_end,5,1.0,0.0007135675146213508,-0.0003036439087272802,2.0,0.003,-0.0033036439087272803,-0.4255293332522383,-4.629756597706573
2022-12-30 14:30:00+00:00,2022-12-30 14:35:00+00:00,2022-12-30 14:40:00+00:00,New_York,2022-12-30,opening_first_30m,value_area_bounce,long,16492.85,16475.192857142854,16528.164285714283,16475.192857142854,stop,2,1.0,0.0010705937941073041,-0.001070593794107344,2.0,0.003,-0.004070593794107344,-1.0000000000000373,-3.8021832524272545
2022-12-30 20:45:00+00:00,2022-12-30 20:50:00+00:00,2022-12-30 20:50:00+00:00,New_York,2022-12-30,closing_last_30m,value_area_bounce,short,16545.24,16557.83785714286,16520.044285714288,16557.83785714286,stop,1,1.0,0.0007614188215376186,-0.0007614188215376849,2.0,0.003,-0.003761418821537685,-1.000000000000087,-4.940012927368711
2023-01-03 14:45:00+00:00,2023-01-03 14:50:00+00:00,2023-01-03 14:50:00+00:00,New_York,2023-01-03,opening_first_30m,value_area_bounce,short,16723.69,16742.335,16686.399999999998,16686.399999999998,target,1,1.0,0.0011148855306454448,0.002229771061290964,2.0,0.003,-0.0007702289387090363,2.0000000000000666,-0.6908592115848206
2023-01-03 15:15:00+00:00,2023-01-03 15:20:00+00:00,2023-01-03 15:25:00+00:00,New_York,2023-01-03,opening_followthrough_30m,opening_range_breakout,short,16629.17,16661.20357142857,16565.102857142854,16647.29,phase_end,2,1.0,0.0019263481838583197,-0.0010896514979401584,2.0,0.003,-0.004089651497940158,-0.5656565656566169,-2.1230074252458957
2023-01-04 00:00:00+00:00,2023-01-04 00:05:00+00:00,2023-01-04 00:25:00+00:00,Tokyo,2023-01-04,opening_first_30m,value_area_bounce,short,16668.67,16679.360714285714,16647.28857142857,16675.14,phase_end,5,1.0,0.0006413657649779462,-0.0003881533439680229,2.0,0.003,-0.003388153343968023,-0.6051981024920622,-5.282716242399572
2023-01-04 08:20:00+00:00,2023-01-04 08:25:00+00:00,2023-01-04 08:25:00+00:00,London,2023-01-04,opening_first_30m,value_area_bounce,short,16864.74,16881.843571428573,16830.532857142858,16849.46,phase_end,1,1.0,0.0010141615837879505,0.0009060323491498767,2.0,0.003,-0.0020939676508501233,0.8933806640217973,-2.064727834620827
2023-01-04 08:30:00+00:00,2023-01-04 08:35:00+00:00,2023-01-04 08:35:00+00:00,London,2023-01-04,opening_followthrough_30m,opening_range_breakout,short,16837.67,16857.002857142856,16799.004285714283,16857.002857142856,stop,1,1.0,0.001148190761718064,-0.0011481907617181264,2.0,0.003,-0.0041481907617181265,-1.0000000000000544,-3.6128062513855226
2023-01-05 00:45:00+00:00,2023-01-05 00:50:00+00:00,2023-01-05 00:55:00+00:00,Tokyo,2023-01-05,opening_followthrough_30m,opening_range_breakout,short,16840.07,16851.937857142857,16816.334285714285,16828.45,phase_end,2,1.0,0.0007047391811825441,0.0006900208847112621,2.0,0.003,-0.002309979115288738,0.9791152572976219,-3.2777787541379775
2023-01-05 05:50:00+00:00,2023-01-05 05:55:00+00:00,2023-01-05 05:55:00+00:00,Tokyo,2023-01-05,closing_last_30m,value_area_bounce,short,16843.28,16849.914285714283,16830.011428571426,16844.12,phase_end,1,1.0,0.00039388324092964834,-4.987152146140872e-05,2.0,0.003,-0.0030498715214614088,-0.12661498708018473,-7.743085271318126
2023-01-05 06:00:00+00:00,2023-01-05 06:05:00+00:00,2023-01-05 06:25:00+00:00,Tokyo,2023-01-05,after_close_30m,value_area_bounce,short,16838.05,16844.757142857143,16824.635714285716,16824.635714285716,target,5,1.0,0.00039833251814446694,0.000796665036288835,2.0,0.003,-0.002203334963711165,1.9999999999997518,-5.5313961661349005
2023-01-06 00:45:00+00:00,2023-01-06 00:50:00+00:00,2023-01-06 00:55:00+00:00,Tokyo,2023-01-06,opening_followthrough_30m,opening_range_breakout,long,16868.16,16857.415714285715,16889.64857142857,16857.415714285715,stop,2,1.0,0.000636956592437191,-0.0006369565924371212,2.0,0.003,-0.0036369565924371213,-0.9999999999998904,-5.709897088153231
2023-01-06 08:10:00+00:00,2023-01-06 08:15:00+00:00,2023-01-06 08:25:00+00:00,London,2023-01-06,opening_first_30m,value_area_bounce,long,16800.79,16793.81642857143,16814.737142857142,16808.56,phase_end,3,1.0,0.00041507401905336005,0.00046247825251066743,2.0,0.003,-0.0025375217474893326,1.1142066987604284,-6.1134198504559265
2023-01-06 14:40:00+00:00,2023-01-06 14:45:00+00:00,2023-01-06 14:50:00+00:00,New_York,2023-01-06,opening_first_30m,value_area_bounce,short,16730.34,16758.003571428573,16675.012857142858,16758.003571428573,stop,2,1.0,0.0016534972647639851,-0.0016534972647641588,2.0,0.003,-0.004653497264764159,-1.000000000000105,-2.8143362338300477
2023-01-09 08:50:00+00:00,2023-01-09 08:55:00+00:00,2023-01-09 08:55:00+00:00,London,2023-01-09,opening_followthrough_30m,value_area_bounce,short,17206.36,17219.08,17180.92,17191.68,phase_end,1,1.0,0.0007392615288765691,0.0008531728965336383,2.0,0.003,-0.002146827103466362,1.1540880503144488,-2.9040157232702515
2023-01-09 14:40:00+00:00,2023-01-09 14:45:00+00:00,2023-01-09 14:55:00+00:00,New_York,2023-01-09,opening_first_30m,value_area_bounce,long,17243.5,17217.83142857143,17294.83714285714,17264.25,phase_end,3,1.0,0.001488594045789468,0.0012033519877054921,2.0,0.003,-0.001796648012294508,0.808381567230642,-1.206942898486246
2023-01-09 15:00:00+00:00,2023-01-09 15:05:00+00:00,2023-01-09 15:05:00+00:00,New_York,2023-01-09,opening_followthrough_30m,opening_range_breakout,long,17281.4,17260.387142857144,17323.425714285713,17260.387142857144,stop,1,1.0,0.0012159233130913224,-0.0012159233130913938,2.0,0.003,-0.004215923313091394,-1.0000000000000586,-3.4672608606976802
2023-01-10 14:40:00+00:00,2023-01-10 14:45:00+00:00,2023-01-10 14:55:00+00:00,New_York,2023-01-10,opening_first_30m,value_area_bounce,short,17260.18,17286.530714285713,17207.47857142857,17286.530714285713,stop,3,1.0,0.001526676679253303,-0.0015266766792532138,2.0,0.003,-0.004526676679253214,-0.9999999999999416,-2.9650526144587537
2023-01-10 16:30:00+00:00,2023-01-10 16:35:00+00:00,2023-01-10 16:55:00+00:00,London,2023-01-10,after_close_30m,value_area_bounce,short,17302.74,17331.062142857143,17246.095714285715,17302.15,phase_end,5,1.0,0.001636858836065429,3.409864564807297e-05,2.0,0.003,-0.002965901354351927,0.020831757080553747,-1.8119469370255292
2023-01-11 06:00:00+00:00,2023-01-11 06:05:00+00:00,2023-01-11 06:25:00+00:00,Tokyo,2023-01-11,after_close_30m,value_area_bounce,long,17404.77,17392.762142857144,17428.785714285717,17426.73,phase_end,5,1.0,0.00068991759976479,0.0012617230793627865,2.0,0.003,-0.0017382769206372136,1.828802569745922,-2.5195427993572497
2023-01-11 08:05:00+00:00,2023-01-11 08:10:00+00:00,2023-01-11 08:25:00+00:00,London,2023-01-11,opening_first_30m,value_area_bounce,short,17440.07,17451.851428571426,17416.507142857143,17416.507142857143,target,4,1.0,0.0006755379176476056,0.0013510758352952568,2.0,0.003,-0.0016489241647047433,2.0000000000000675,-2.440905420152751
2023-01-11 14:35:00+00:00,2023-01-11 14:40:00+00:00,2023-01-11 14:55:00+00:00,New_York,2023-01-11,opening_first_30m,value_area_bounce,long,17411.74,17390.87285714286,17453.47428571429,17413.97,phase_end,4,1.0,0.0011984524727076567,0.00012807450605167858,2.0,0.003,-0.0028719254939483215,0.10686657082222092,-2.3963616074484766
2023-01-12 15:10:00+00:00,2023-01-12 15:15:00+00:00,2023-01-12 15:25:00+00:00,New_York,2023-01-12,opening_followthrough_30m,value_area_bounce,long,18103.28,18025.620714285713,18258.59857142857,18080.95,phase_end,3,0.5827789888064185,0.0025,-0.0007188451385630737,1.165557977612837,0.0017483369664192557,-0.0024671821049823293,-0.2875380554252295,-0.9868728419929317
2023-01-12 21:10:00+00:00,2023-01-12 21:15:00+00:00,2023-01-12 21:25:00+00:00,New_York,2023-01-12,after_close_30m,value_area_bounce,short,18836.46,18912.32642857143,18684.727142857144,18808.05,phase_end,3,0.62071130652557,0.0025,0.0009361848361311418,1.24142261305114,0.0018621339195767101,-0.0009259490834455683,0.3744739344524567,-0.3703796333782273
2023-01-13 00:40:00+00:00,2023-01-13 00:45:00+00:00,2023-01-13 00:45:00+00:00,Tokyo,2023-01-13,opening_followthrough_30m,opening_range_breakout,short,18716.15,18754.245714285717,18639.95857142857,18754.245714285717,stop,1,1.0,0.0020354460872409417,-0.002035446087240933,2.0,0.003,-0.005035446087240933,-0.9999999999999958,-2.473878389020123
2023-01-13 08:50:00+00:00,2023-01-13 08:55:00+00:00,2023-01-13 08:55:00+00:00,London,2023-01-13,opening_followthrough_30m,value_area_bounce,short,18837.51,18855.071428571428,18802.38714285714,18842.15,phase_end,1,1.0,0.000932258486999032,-0.000246317055704548,2.0,0.003,-0.003246317055704548,-0.26421540714255115,-3.4822070283903126
2023-01-13 14:40:00+00:00,2023-01-13 14:45:00+00:00,2023-01-13 14:45:00+00:00,New_York,2023-01-13,opening_first_30m,value_area_bounce,short,18935.09,18971.413571428573,18862.442857142858,18971.413571428573,stop,1,1.0,0.0019183205059269115,-0.0019183205059269959,2.0,0.003,-0.004918320505926996,-1.000000000000044,-2.563867972391046
2023-01-16 00:00:00+00:00,2023-01-16 00:05:00+00:00,2023-01-16 00:15:00+00:00,Tokyo,2023-01-16,opening_first_30m,value_area_bounce,long,20867.95,20828.597142857143,20946.655714285713,20828.597142857143,stop,3,1.0,0.001885803691443411,-0.0018858036914434217,2.0,0.003,-0.004885803691443422,-1.0000000000000058,-2.5908336660979723
2023-01-16 00:50:00+00:00,2023-01-16 00:55:00+00:00,2023-01-16 00:55:00+00:00,Tokyo,2023-01-16,opening_followthrough_30m,opening_range_breakout,long,20932.5,20884.034285714286,21029.431428571428,20966.58,phase_end,1,1.0,0.0023153332992100475,0.0016280902902185979,2.0,0.003,-0.0013719097097814022,0.7031775039792649,-0.5925322761303846
2023-01-17 08:20:00+00:00,2023-01-17 08:25:00+00:00,2023-01-17 08:25:00+00:00,London,2023-01-17,opening_first_30m,value_area_bounce,short,21163.6,21200.004999999997,21090.789999999997,21200.004999999997,stop,1,1.0,0.0017201704813925738,-0.0017201704813925023,2.0,0.003,-0.004720170481392502,-0.9999999999999584,-2.7440131850020246
2023-01-17 14:30:00+00:00,2023-01-17 14:35:00+00:00,2023-01-17 14:55:00+00:00,New_York,2023-01-17,opening_first_30m,value_area_bounce,short,21187.78,21282.09357142857,20999.152857142857,21282.09357142857,stop,5,0.5616312604609247,0.0025,-0.0024999999999999454,1.1232625209218494,0.0016848937813827743,-0.004184893781382719,-0.9999999999999781,-1.6739575125530877
2023-01-17 21:00:00+00:00,2023-01-17 21:05:00+00:00,2023-01-17 21:25:00+00:00,New_York,2023-01-17,after_close_30m,value_area_bounce,short,21343.89,21391.7,21248.27,21329.98,phase_end,5,1.0,0.002239985307270618,0.000651708755995295,2.0,0.003,-0.002348291244004705,0.29094331729764356,-1.048351181761123
2023-01-18 14:35:00+00:00,2023-01-18 14:40:00+00:00,2023-01-18 14:55:00+00:00,New_York,2023-01-18,opening_first_30m,value_area_bounce,short,21351.68,21459.33,21136.38,21424.3,phase_end,4,0.49585880167208474,0.0025,-0.001686483975847658,0.9917176033441695,0.0014875764050162543,-0.0031740603808639123,-0.6745935903390632,-1.269624152345565
2023-01-18 15:15:00+00:00,2023-01-18 15:20:00+00:00,2023-01-18 15:25:00+00:00,New_York,2023-01-18,opening_followthrough_30m,value_area_bounce,short,21428.58,21517.478571428575,21250.782857142858,21432.14,phase_end,2,0.6026131707081864,0.0025,-0.00010011409471458436,1.2052263414163729,0.0018078395121245592,-0.0019079536068391436,-0.04004563788583374,-0.7631814427356575
2023-01-19 08:05:00+00:00,2023-01-19 08:10:00+00:00,2023-01-19 08:10:00+00:00,London,2023-01-19,opening_first_30m,value_area_bounce,long,20840.0,20819.33714285714,20881.325714285715,20819.33714285714,stop,1,1.0,0.000991499862901048,-0.0009914998629011462,2.0,0.003,-0.003991499862901146,-1.000000000000099,-4.0257190265486695
2023-01-19 14:45:00+00:00,2023-01-19 14:50:00+00:00,2023-01-19 14:55:00+00:00,New_York,2023-01-19,opening_first_30m,value_area_bounce,short,20768.52,20812.172857142858,20681.214285714286,20799.4,phase_end,2,1.0,0.0021018761636773502,-0.0014868656986632978,2.0,0.003,-0.004486865698663298,-0.7073992865792544,-2.1346955525739797
2023-01-20 00:30:00+00:00,2023-01-20 00:35:00+00:00,2023-01-20 00:55:00+00:00,Tokyo,2023-01-20,opening_followthrough_30m,value_area_bounce,short,21068.28,21105.244285714285,20994.35142857143,21054.74,phase_end,5,1.0,0.0017544994519858859,0.0006426723016780267,2.0,0.003,-0.0023573276983219734,0.36629951690814017,-1.3435898743962316
2023-01-20 08:05:00+00:00,2023-01-20 08:10:00+00:00,2023-01-20 08:20:00+00:00,London,2023-01-20,opening_first_30m,value_area_bounce,long,20967.95,20940.999285714286,21021.85142857143,20940.999285714286,stop,3,1.0,0.0012853290038231616,-0.0012853290038231657,2.0,0.003,-0.004285329003823166,-1.000000000000003,-3.33403275820947
2023-01-20 08:40:00+00:00,2023-01-20 08:45:00+00:00,2023-01-20 08:50:00+00:00,London,2023-01-20,opening_followthrough_30m,value_area_bounce,long,20949.0,20923.99642857143,20999.007142857143,20923.99642857143,stop,2,1.0,0.0011935448674672356,-0.0011935448674671445,2.0,0.003,-0.0041935448674671446,-0.9999999999999237,-3.513520925582015
2023-01-23 08:00:00+00:00,2023-01-23 08:05:00+00:00,2023-01-23 08:25:00+00:00,London,2023-01-23,opening_first_30m,value_area_bounce,long,22704.18,22663.239285714288,22786.06142857143,22693.19,phase_end,5,1.0,0.0018032236480557393,-0.0004840518353890211,2.0,0.003,-0.003484051835389021,-0.26843693843020106,-1.9321240818606022
2023-01-23 15:10:00+00:00,2023-01-23 15:15:00+00:00,2023-01-23 15:25:00+00:00,New_York,2023-01-23,opening_followthrough_30m,value_area_bounce,long,22774.37,22645.22857142857,23032.652857142857,22864.28,phase_end,3,0.44088040243808013,0.0025,0.0017405336342216579,0.8817608048761603,0.0013226412073142405,0.0004178924269074174,0.6962134536886632,0.16715697076296696
2023-01-24 00:05:00+00:00,2023-01-24 00:10:00+00:00,2023-01-24 00:20:00+00:00,Tokyo,2023-01-24,opening_first_30m,value_area_bounce,long,22902.96,22865.48857142857,22977.902857142857,22977.902857142857,target,3,1.0,0.001636095446677154,0.0032721908933543986,2.0,0.003,0.00027219089335439855,2.0000000000000555,0.16636614563484522
2023-01-24 00:30:00+00:00,2023-01-24 00:35:00+00:00,2023-01-24 00:45:00+00:00,Tokyo,2023-01-24,opening_followthrough_30m,opening_range_breakout,long,22998.84,22960.342857142856,23075.834285714285,22960.342857142856,stop,3,1.0,0.001673873241308825,-0.0016738732413088542,2.0,0.003,-0.004673873241308854,-1.0000000000000175,-2.792250408193566
2023-01-24 14:40:00+00:00,2023-01-24 14:45:00+00:00,2023-01-24 14:55:00+00:00,New_York,2023-01-24,opening_first_30m,value_area_bounce,long,22843.16,22767.645,22994.19,22859.1,phase_end,3,0.7562457789843083,0.0025,0.0005277097265442706,1.5124915579686167,0.002268737336952925,-0.0017410276104086544,0.21108389061770824,-0.6964110441634618
2023-01-24 15:05:00+00:00,2023-01-24 15:10:00+00:00,2023-01-24 15:25:00+00:00,New_York,2023-01-24,opening_followthrough_30m,value_area_bounce,long,22831.83,22743.43928571429,23008.611428571432,22909.91,phase_end,4,0.645764382166838,0.0025,0.0022083767687296973,1.291528764333676,0.0019372931465005138,0.0002710836222291834,0.8833507074918789,0.10843344889167336
2023-01-25 00:20:00+00:00,2023-01-25 00:25:00+00:00,2023-01-25 00:25:00+00:00,Tokyo,2023-01-25,opening_first_30m,value_area_bounce,long,22563.73,22481.61357142857,22727.96285714286,22547.06,phase_end,1,0.68694323391004,0.0025,-0.0005075111122708344,1.37388646782008,0.00206082970173012,-0.0025683408140009544,-0.20300444490833378,-1.0273363256003818
2023-01-25 00:30:00+00:00,2023-01-25 00:35:00+00:00,2023-01-25 00:55:00+00:00,Tokyo,2023-01-25,opening_followthrough_30m,value_area_bounce,long,22616.21,22542.53714285714,22763.555714285714,22652.23,phase_end,5,0.7674539469857076,0.0025,0.0012222954761396932,1.5349078939714151,0.0023023618409571227,-0.0010800663648174295,0.48891819045587726,-0.43202654592697176
2023-01-25 08:05:00+00:00,2023-01-25 08:10:00+00:00,2023-01-25 08:25:00+00:00,London,2023-01-25,opening_first_30m,value_area_bounce,short,22714.66,22742.304285714286,22659.371428571427,22674.62,phase_end,4,1.0,0.0012170239710515476,0.0017627382492187982,2.0,0.003,-0.0012372617507812019,1.4484005994522327,-1.0166289080667559
2023-01-26 06:05:00+00:00,2023-01-26 06:10:00+00:00,2023-01-26 06:15:00+00:00,Tokyo,2023-01-26,after_close_30m,value_area_bounce,long,23157.33,23131.407142857144,23209.175714285717,23131.407142857144,stop,2,1.0,0.0011194234025622676,-0.001119423402562325,2.0,0.003,-0.004119423402562325,-1.0000000000000513,-3.679951118703884
2023-01-26 14:40:00+00:00,2023-01-26 14:45:00+00:00,2023-01-26 14:55:00+00:00,New_York,2023-01-26,opening_first_30m,value_area_bounce,short,23038.55,23118.142857142855,22879.364285714284,23039.35,phase_end,3,0.7236374854168565,0.0025,-2.512788297591608e-05,1.447274970833713,0.0021709124562505695,-0.0021960403392264857,-0.010051153190366431,-0.8784161356905943
2023-01-26 21:00:00+00:00,2023-01-26 21:05:00+00:00,2023-01-26 21:10:00+00:00,New_York,2023-01-26,after_close_30m,value_area_bounce,short,23064.29,23108.392142857145,22976.085714285717,22976.085714285717,target,2,1.0,0.001912139626112168,0.003824279252224283,2.0,0.003,0.0008242792522242829,1.9999999999999722,0.4310769156017323
2023-01-27 00:50:00+00:00,2023-01-27 00:55:00+00:00,2023-01-27 00:55:00+00:00,Tokyo,2023-01-27,opening_followthrough_30m,opening_range_breakout,short,22913.75,22959.162857142856,22822.924285714285,22925.5,phase_end,1,1.0,0.001981904190403439,-0.0005127925372319098,2.0,0.003,-0.00351279253723191,-0.2587372990656652,-1.772433074333851
2023-01-27 08:10:00+00:00,2023-01-27 08:15:00+00:00,2023-01-27 08:15:00+00:00,London,2023-01-27,opening_first_30m,value_area_bounce,short,23000.69,23034.741428571426,22932.58714285714,22932.58714285714,target,1,1.0,0.0014804524808354938,0.002960904961671007,2.0,0.003,-3.909503832899303e-05,2.0000000000000133,-0.02640749286794382
2023-01-27 14:35:00+00:00,2023-01-27 14:40:00+00:00,2023-01-27 14:50:00+00:00,New_York,2023-01-27,opening_first_30m,value_area_bounce,long,22936.1,22878.09857142857,23052.102857142858,23052.102857142858,target,3,0.988600650230285,0.0025,0.004999999999999978,1.97720130046057,0.002965801950690855,0.0020341980493091233,1.9999999999999913,0.8136792197236493
2023-01-27 15:10:00+00:00,2023-01-27 15:15:00+00:00,2023-01-27 15:20:00+00:00,New_York,2023-01-27,opening_followthrough_30m,opening_range_breakout,long,23090.2,23030.772857142856,23209.054285714286,23030.772857142856,stop,2,0.9713658982187034,0.0025,-0.002500000000000051,1.942731796437407,0.0029140976946561105,-0.005414097694656161,-1.0000000000000202,-2.1656390778624646
2023-01-30 00:00:00+00:00,2023-01-30 00:05:00+00:00,2023-01-30 00:20:00+00:00,Tokyo,2023-01-30,opening_first_30m,value_area_bounce,long,23749.81,23699.707142857143,23850.015714285717,23699.707142857143,stop,4,1.0,0.0021096108618493077,-0.0021096108618493536,2.0,0.003,-0.005109610861849354,-1.0000000000000218,-2.4220632128193604
2023-01-30 14:30:00+00:00,2023-01-30 14:35:00+00:00,2023-01-30 14:40:00+00:00,New_York,2023-01-30,opening_first_30m,value_area_bounce,short,23141.79,23186.223571428574,23052.922857142858,23186.223571428574,stop,2,1.0,0.0019200576717951347,-0.001920057671795261,2.0,0.003,-0.004920057671795261,-1.000000000000066,-2.562453067982751
2023-01-30 16:15:00+00:00,2023-01-30 16:20:00+00:00,2023-01-30 16:25:00+00:00,London,2023-01-30,closing_last_30m,value_area_bounce,short,23199.15,23250.19142857143,23097.067142857144,23192.31,phase_end,2,1.0,0.002200142185012314,0.000294838388475438,2.0,0.003,-0.002705161611524562,0.1340087883791873,-1.2295394497467087
2023-01-31 00:30:00+00:00,2023-01-31 00:35:00+00:00,2023-01-31 00:45:00+00:00,Tokyo,2023-01-31,opening_followthrough_30m,value_area_bounce,short,22749.61,22788.52,22671.79,22788.52,stop,3,1.0,0.0017103589907695056,-0.0017103589907694339,2.0,0.003,-0.004710358990769434,-0.999999999999958,-2.7540177332304965
2023-01-31 08:45:00+00:00,2023-01-31 08:50:00+00:00,2023-01-31 08:55:00+00:00,London,2023-01-31,opening_followthrough_30m,value_area_bounce,short,22860.68,22897.760714285716,22786.518571428573,22897.760714285716,stop,2,1.0,0.0016220302408202361,-0.0016220302408203047,2.0,0.003,-0.004622030240820305,-1.0000000000000422,-2.8495339510334987
2023-01-31 15:05:00+00:00,2023-01-31 15:10:00+00:00,2023-01-31 15:10:00+00:00,New_York,2023-01-31,opening_followthrough_30m,value_area_bounce,short,23080.03,23137.754285714283,22964.581428571426,23137.754285714283,stop,1,0.9995805800975041,0.0025,-0.002499999999999846,1.9991611601950081,0.0029987417402925123,-0.005498741740292358,-0.9999999999999384,-2.199496696116943
2023-02-01 00:00:00+00:00,2023-02-01 00:05:00+00:00,2023-02-01 00:10:00+00:00,Tokyo,2023-02-01,opening_first_30m,value_area_bounce,short,23133.11,23178.904285714285,23041.52142857143,23041.52142857143,target,2,1.0,0.0019795991855088295,0.003959198371017658,2.0,0.003,0.0009591983710176581,1.9999999999999996,0.4845417082605583
2023-02-01 14:30:00+00:00,2023-02-01 14:35:00+00:00,2023-02-01 14:40:00+00:00,New_York,2023-02-01,opening_first_30m,value_area_bounce,short,23061.23,23090.590714285714,23002.50857142857,23090.590714285714,stop,2,1.0,0.0012731634126069812,-0.0012731634126070812,2.0,0.003,-0.004273163412607081,-1.0000000000000786,-3.3563353849897224
2023-02-02 00:35:00+00:00,2023-02-02 00:40:00+00:00,2023-02-02 00:40:00+00:00,Tokyo,2023-02-02,opening_followthrough_30m,opening_range_breakout,long,23838.68,23788.457857142857,23939.124285714286,23939.124285714286,target,1,1.0,0.0021067501580264887,0.004213500316053054,2.0,0.003,0.0012135003160530537,2.0000000000000364,0.5760058027904968
2023-02-02 14:40:00+00:00,2023-02-02 14:45:00+00:00,2023-02-02 14:45:00+00:00,New_York,2023-02-02,opening_first_30m,value_area_bounce,short,23765.36,23819.407142857144,23657.265714285713,23819.407142857144,stop,1,1.0,0.00227419836506341,-0.0022741983650633735,2.0,0.003,-0.0052741983650633735,-0.999999999999984,-2.3191461422567317
2023-02-02 15:20:00+00:00,2023-02-02 15:25:00+00:00,2023-02-02 15:25:00+00:00,New_York,2023-02-02,opening_followthrough_30m,value_area_bounce,long,23667.96,23567.39857142857,23869.082857142857,23676.91,phase_end,1,0.5883955791058753,0.0025,0.0002225008168425766,1.1767911582117505,0.0017651867373176258,-0.001542685920475049,0.08900032673703065,-0.6170743681900196
2023-02-03 00:00:00+00:00,2023-02-03 00:05:00+00:00,2023-02-03 00:25:00+00:00,Tokyo,2023-02-03,opening_first_30m,value_area_bounce,long,23555.97,23509.223571428574,23649.46285714286,23561.45,phase_end,5,1.0,0.001984483278397296,0.00023263741633217094,2.0,0.003,-0.002767362583667829,0.11722820689124328,-1.394500328520178
2023-02-03 15:20:00+00:00,2023-02-03 15:25:00+00:00,2023-02-03 15:25:00+00:00,New_York,2023-02-03,opening_followthrough_30m,opening_range_breakout,long,23687.83,23594.29142857143,23874.907142857144,23614.2,phase_end,1,0.6331032652687165,0.0025,-0.001967904760450226,1.266206530537433,0.0018993097958061496,-0.003867214556256376,-0.7871619041800905,-1.5468858225025504
2023-02-06 06:20:00+00:00,2023-02-06 06:25:00+00:00,2023-02-06 06:25:00+00:00,Tokyo,2023-02-06,after_close_30m,value_area_bounce,long,22776.11,22727.284285714286,22873.761428571426,22786.91,phase_end,1,1.0,0.0021437249067427933,0.00047418106076935196,2.0,0.003,-0.002525818939230648,0.2211949207092199,-1.1782383697115382
2023-02-06 14:50:00+00:00,2023-02-06 14:55:00+00:00,2023-02-06 14:55:00+00:00,New_York,2023-02-06,opening_first_30m,value_area_bounce,short,22801.92,22851.037857142856,22703.684285714284,22851.037857142856,stop,1,1.0,0.0021541105811641197,-0.0021541105811639927,2.0,0.003,-0.005154110581163993,-0.999999999999941,-2.392686163018901
2023-02-06 16:35:00+00:00,2023-02-06 16:40:00+00:00,2023-02-06 16:50:00+00:00,London,2023-02-06,after_close_30m,value_area_bounce,short,22951.83,23022.702142857146,22810.085714285717,23022.702142857146,stop,3,0.8096209975710795,0.0025,-0.0025000000000000226,1.619241995142159,0.002428862992713239,-0.004928862992713261,-1.000000000000009,-1.9715451970853046
2023-02-07 00:00:00+00:00,2023-02-07 00:05:00+00:00,2023-02-07 00:25:00+00:00,Tokyo,2023-02-07,opening_first_30m,value_area_bounce,long,22786.26,22730.10857142857,22898.562857142857,22817.59,phase_end,5,1.0,0.0024642670000004072,0.001374951396148516,2.0,0.003,-0.001625048603851484,0.5579555284181011,-0.6594450211163058
2023-02-07 14:30:00+00:00,2023-02-07 14:35:00+00:00,2023-02-07 14:40:00+00:00,New_York,2023-02-07,opening_first_30m,value_area_bounce,short,22971.15,23000.61285714286,22912.22428571429,23000.61285714286,stop,2,1.0,0.0012826026186262929,-0.0012826026186263384,2.0,0.003,-0.0042826026186263385,-1.0000000000000355,-3.338994133048893
2023-02-07 16:30:00+00:00,2023-02-07 16:35:00+00:00,2023-02-07 16:40:00+00:00,London,2023-02-07,after_close_30m,value_area_bounce,long,23000.72,22956.10142857143,23089.957142857143,22956.10142857143,stop,2,1.0,0.001939877161609339,-0.0019398771616093713,2.0,0.003,-0.004939877161609371,-1.0000000000000167,-2.5464896743828906
2023-02-08 00:35:00+00:00,2023-02-08 00:40:00+00:00,2023-02-08 00:40:00+00:00,Tokyo,2023-02-08,opening_followthrough_30m,opening_range_breakout,long,23326.35,23293.644285714283,23391.761428571426,23293.644285714283,stop,1,1.0,0.0014020930958214253,-0.0014020930958215105,2.0,0.003,-0.004402093095821511,-1.0000000000000608,-3.139658207390655
2023-02-08 08:15:00+00:00,2023-02-08 08:20:00+00:00,2023-02-08 08:25:00+00:00,London,2023-02-08,opening_first_30m,value_area_bounce,long,23217.28,23197.55,23256.739999999998,23197.55,stop,2,1.0,0.0008497980814290082,-0.0008497980814289319,2.0,0.003,-0.003849798081428932,-0.9999999999999102,-4.530250380131674
2023-02-08 08:40:00+00:00,2023-02-08 08:45:00+00:00,2023-02-08 08:55:00+00:00,London,2023-02-08,opening_followthrough_30m,value_area_bounce,long,23207.95,23185.214285714286,23253.42142857143,23205.96,phase_end,3,1.0,0.0009796519850186782,-8.57464791160778e-05,2.0,0.003,-0.003085746479116078,-0.08752748978959395,-3.149839459629375
2023-02-09 14:35:00+00:00,2023-02-09 14:40:00+00:00,2023-02-09 14:55:00+00:00,New_York,2023-02-09,opening_first_30m,value_area_bounce,short,22727.69,22773.259285714284,22636.551428571427,22694.29,phase_end,4,1.0,0.0020050117594126496,0.0014695730186392586,2.0,0.003,-0.0015304269813607415,0.732949825226839,-0.7633007508190707
2023-02-09 20:35:00+00:00,2023-02-09 20:40:00+00:00,2023-02-09 20:55:00+00:00,New_York,2023-02-09,closing_last_30m,value_area_bounce,long,22019.78,21909.069285714282,22241.20142857143,21994.21,phase_end,4,0.4972368786089837,0.0025,-0.0005774057227652515,0.9944737572179674,0.001491710635826951,-0.0020691163585922026,-0.23096228910610062,-0.827646543436881
2023-02-10 05:40:00+00:00,2023-02-10 05:45:00+00:00,2023-02-10 05:55:00+00:00,Tokyo,2023-02-10,closing_last_30m,value_area_bounce,long,21831.52,21783.963571428572,21926.632857142857,21796.78,phase_end,3,1.0,0.0021783379522556786,-0.0015912771992055985,2.0,0.003,-0.004591277199205599,-0.7305006082999307,-2.1076973820574123
2023-02-10 14:40:00+00:00,2023-02-10 14:45:00+00:00,2023-02-10 14:45:00+00:00,New_York,2023-02-10,opening_first_30m,value_area_bounce,short,21817.57,21855.71,21741.29,21855.71,stop,1,1.0,0.0017481323538780992,-0.0017481323538781623,2.0,0.003,-0.004748132353878162,-1.0000000000000362,-2.7161171997902733
2023-02-13 00:45:00+00:00,2023-02-13 00:50:00+00:00,2023-02-13 00:55:00+00:00,Tokyo,2023-02-13,opening_followthrough_30m,opening_range_breakout,long,21839.78,21798.12,21923.1,21811.28,phase_end,2,1.0,0.0019075283725385685,-0.0013049582001284366,2.0,0.003,-0.004304958200128437,-0.6841094575132205,-2.2568252520403305
2023-02-13 08:00:00+00:00,2023-02-13 08:05:00+00:00,2023-02-13 08:10:00+00:00,London,2023-02-13,opening_first_30m,value_area_bounce,short,21818.15,21848.190714285716,21758.068571428572,21848.190714285716,stop,2,1.0,0.00137686807936121,-0.0013768680793611043,2.0,0.003,-0.004376868079361104,-0.9999999999999233,-3.1788579784576947
2023-02-13 08:35:00+00:00,2023-02-13 08:40:00+00:00,2023-02-13 08:55:00+00:00,London,2023-02-13,opening_followthrough_30m,opening_range_breakout,short,21758.83,21796.55642857143,21683.377142857145,21720.67,phase_end,4,1.0,0.0017338445390413318,0.001753770768005647,2.0,0.003,-0.0012462292319943532,1.0114925118807552,-0.7187664199025662
2023-02-14 05:40:00+00:00,2023-02-14 05:45:00+00:00,2023-02-14 05:50:00+00:00,Tokyo,2023-02-14,closing_last_30m,value_area_bounce,short,21710.19,21726.097857142857,21678.374285714282,21726.097857142857,stop,2,1.0,0.000732736891886142,-0.0007327368918861321,2.0,0.003,-0.003732736891886132,-0.9999999999999866,-5.094239055273543
2023-02-14 06:00:00+00:00,2023-02-14 06:05:00+00:00,2023-02-14 06:10:00+00:00,Tokyo,2023-02-14,after_close_30m,value_area_bounce,short,21722.29,21739.08357142857,21688.702857142856,21739.08357142857,stop,2,1.0,0.0007731031778220312,-0.0007731031778219766,2.0,0.003,-0.0037731031778219766,-0.9999999999999293,-4.880465229041585
2023-02-14 08:30:00+00:00,2023-02-14 08:35:00+00:00,2023-02-14 08:50:00+00:00,London,2023-02-14,opening_followthrough_30m,opening_range_breakout,short,21696.29,21718.632142857143,21651.605714285713,21718.632142857143,stop,4,1.0,0.001029767893826234,-0.00102976789382625,2.0,0.003,-0.00402976789382625,-1.0000000000000155,-3.9132778541513207
2023-02-15 16:15:00+00:00,2023-02-15 16:20:00+00:00,2023-02-15 16:25:00+00:00,London,2023-02-15,closing_last_30m,value_area_bounce,short,22783.51,22853.3,22643.93,22836.17,phase_end,2,0.8161452213784228,0.0025,-0.0018863734059320304,1.6322904427568456,0.0024484356641352686,-0.004334809070067299,-0.7545493623728121,-1.7339236280269197
2023-02-16 14:50:00+00:00,2023-02-16 14:55:00+00:00,2023-02-16 14:55:00+00:00,New_York,2023-02-16,opening_first_30m,value_area_bounce,long,24444.57,24357.28,24619.15,24423.8,phase_end,1,0.7000965173559371,0.0025,-0.0005948562263719014,1.4001930347118743,0.0021002895520678116,-0.002695145778439713,-0.23794249054876057,-1.0780583113758853
2023-02-16 15:00:00+00:00,2023-02-16 15:05:00+00:00,2023-02-16 15:20:00+00:00,New_York,2023-02-16,opening_followthrough_30m,value_area_bounce,long,24418.88,24339.20857142857,24578.22285714286,24578.22285714286,target,4,0.7662370450062699,0.0025,0.004999999999999978,1.5324740900125398,0.0022987111350188097,0.0027012888649811688,1.9999999999999913,1.0805155459924676
2023-02-17 00:30:00+00:00,2023-02-17 00:35:00+00:00,2023-02-17 00:55:00+00:00,Tokyo,2023-02-17,opening_followthrough_30m,opening_range_breakout,long,23745.99,23616.445000000003,24005.08,23713.37,phase_end,5,0.4582575552896684,0.0025,-0.0006295109807403187,0.9165151105793368,0.0013747726658690051,-0.0020042836466093237,-0.2518043922961275,-0.8017134586437294
2023-02-17 15:05:00+00:00,2023-02-17 15:10:00+00:00,2023-02-17 15:10:00+00:00,New_York,2023-02-17,opening_followthrough_30m,value_area_bounce,short,23966.7,24099.275,23701.550000000003,24099.275,stop,1,0.45194606826324835,0.0025,-0.0025000000000000543,0.9038921365264967,0.0013558382047897451,-0.003855838204789799,-1.0000000000000218,-1.5423352819159197
2023-02-17 16:00:00+00:00,2023-02-17 16:05:00+00:00,2023-02-17 16:05:00+00:00,London,2023-02-17,closing_last_30m,value_area_bounce,short,24117.63,24244.520714285714,23863.84857142857,24244.520714285714,stop,1,0.475165384160723,0.0025,-0.002499999999999959,0.950330768321446,0.001425496152482169,-0.003925496152482128,-0.9999999999999836,-1.5701984609928512
2023-02-20 00:50:00+00:00,2023-02-20 00:55:00+00:00,2023-02-20 00:55:00+00:00,Tokyo,2023-02-20,opening_followthrough_30m,opening_range_breakout,short,24229.7,24300.784285714286,24087.53142857143,24211.07,phase_end,1,0.852146847806433,0.0025,0.0006552081030567774,1.704293695612866,0.0025564405434192992,-0.0019012324403625217,0.262083241222711,-0.7604929761450087
2023-02-20 06:10:00+00:00,2023-02-20 06:15:00+00:00,2023-02-20 06:25:00+00:00,Tokyo,2023-02-20,after_close_30m,value_area_bounce,short,24499.11,24531.06,24435.21,24461.72,phase_end,3,1.0,0.0013041290071353592,0.0015261778897274203,2.0,0.003,-0.0014738221102725798,1.1702660406885759,-1.1301198748043857
2023-02-20 08:15:00+00:00,2023-02-20 08:20:00+00:00,2023-02-20 08:20:00+00:00,London,2023-02-20,opening_first_30m,value_area_bounce,short,24474.45,24512.169285714288,24399.01142857143,24512.169285714288,stop,1,1.0,0.0015411699022566674,-0.0015411699022567227,2.0,0.003,-0.004541169902256723,-1.000000000000036,-2.9465731815858116
2023-02-21 00:05:00+00:00,2023-02-21 00:10:00+00:00,2023-02-21 00:25:00+00:00,Tokyo,2023-02-21,opening_first_30m,value_area_bounce,short,24819.96,24858.827142857142,24742.225714285712,24817.89,phase_end,4,1.0,0.0015659631545394649,8.340061788980613e-05,2.0,0.003,-0.002916599382110194,0.05325835262984426,-1.8624955342374825
2023-02-21 00:30:00+00:00,2023-02-21 00:35:00+00:00,2023-02-21 00:55:00+00:00,Tokyo,2023-02-21,opening_followthrough_30m,opening_range_breakout,long,24888.0,24849.790714285715,24964.418571428574,24849.790714285715,stop,5,1.0,0.0015352493456399275,-0.0015352493456398664,2.0,0.003,-0.004535249345639866,-0.9999999999999601,-2.954079973080509
2023-02-21 06:00:00+00:00,2023-02-21 06:05:00+00:00,2023-02-21 06:10:00+00:00,Tokyo,2023-02-21,after_close_30m,value_area_bounce,short,24937.93,24969.34,24875.11,24969.34,stop,2,1.0,0.0012595271540180109,-0.001259527154017892,2.0,0.003,-0.004259527154017892,-0.9999999999999056,-3.381846227316019
2023-02-22 08:35:00+00:00,2023-02-22 08:40:00+00:00,2023-02-22 08:45:00+00:00,London,2023-02-22,opening_followthrough_30m,opening_range_breakout,short,23878.91,23939.323571428573,23758.082857142857,23939.323571428573,stop,2,0.9881434516842231,0.0025,-0.0025000000000001037,1.9762869033684463,0.0029644303550526697,-0.005464430355052773,-1.0000000000000415,-2.185772142021109
2023-02-22 15:15:00+00:00,2023-02-22 15:20:00+00:00,2023-02-22 15:25:00+00:00,New_York,2023-02-22,opening_followthrough_30m,opening_range_breakout,short,23703.82,23795.449285714287,23520.56142857143,23795.449285714287,stop,2,0.6467315502685486,0.0025,-0.0025000000000000014,1.2934631005370971,0.0019401946508056458,-0.004440194650805647,-1.0000000000000004,-1.7760778603222587
2023-02-23 08:20:00+00:00,2023-02-23 08:25:00+00:00,2023-02-23 08:25:00+00:00,London,2023-02-23,opening_first_30m,value_area_bounce,short,24424.11,24460.10142857143,24352.127142857145,24432.73,phase_end,1,1.0,0.0014736024596772772,-0.0003529299532305519,2.0,0.003,-0.003352929953230552,-0.23950146860357743,-2.275328689370437
2023-02-23 08:35:00+00:00,2023-02-23 08:40:00+00:00,2023-02-23 08:55:00+00:00,London,2023-02-23,opening_followthrough_30m,value_area_bounce,short,24434.34,24475.356428571427,24352.307142857142,24406.78,phase_end,4,1.0,0.0016786386933892333,0.001127920786892611,2.0,0.003,-0.001872079213107389,0.671925883356887,-1.1152365428486533
2023-02-23 20:50:00+00:00,2023-02-23 20:55:00+00:00,2023-02-23 20:55:00+00:00,New_York,2023-02-23,closing_last_30m,value_area_bounce,short,23921.56,23979.025714285715,23806.628571428573,23943.8,phase_end,1,1.0,0.0024022561357082595,-0.0009297052533361327,2.0,0.003,-0.003929705253336133,-0.3870133744343739,-1.6358394073484317
2023-02-24 08:30:00+00:00,2023-02-24 08:35:00+00:00,2023-02-24 08:40:00+00:00,London,2023-02-24,opening_followthrough_30m,opening_range_breakout,long,23943.51,23892.61142857143,24045.307142857142,23892.61142857143,stop,2,1.0,0.0021257773579801604,-0.002125777357980141,2.0,0.003,-0.005125777357980141,-0.9999999999999908,-2.4112484492969086
2023-02-24 14:30:00+00:00,2023-02-24 14:35:00+00:00,2023-02-24 14:55:00+00:00,New_York,2023-02-24,opening_first_30m,value_area_bounce,long,23824.16,23744.879285714283,23982.72142857143,23810.2,phase_end,5,0.7512596289856042,0.0025,-0.00044020794104133386,1.5025192579712083,0.0022537788869568124,-0.0026939868279981464,-0.17608317641653354,-1.0775947311992586
2023-02-24 15:00:00+00:00,2023-02-24 15:05:00+00:00,2023-02-24 15:05:00+00:00,New_York,2023-02-24,opening_followthrough_30m,value_area_bounce,long,23826.01,23761.909285714282,23954.211428571427,23761.909285714282,stop,1,0.9292412052462086,0.0025,-0.0025000000000000968,1.8584824104924171,0.0027877236157386256,-0.005287723615738722,-1.0000000000000386,-2.115089446295489
2023-02-27 14:30:00+00:00,2023-02-27 14:35:00+00:00,2023-02-27 14:55:00+00:00,New_York,2023-02-27,opening_first_30m,value_area_bounce,short,23744.72,23819.729285714286,23594.70142857143,23819.729285714286,stop,5,0.7913926847152223,0.0025,-0.0025000000000000057,1.5827853694304446,0.002374178054145667,-0.004874178054145672,-1.0000000000000022,-1.9496712216582688
2023-02-27 16:00:00+00:00,2023-02-27 16:05:00+00:00,2023-02-27 16:10:00+00:00,London,2023-02-27,closing_last_30m,value_area_bounce,long,23585.79,23507.097142857143,23743.175714285717,23507.097142857143,stop,2,0.7492989470817798,0.0025,-0.0024999999999999914,1.4985978941635596,0.0022478968412453395,-0.004747896841245331,-0.9999999999999966,-1.8991587364981324
2023-02-28 06:00:00+00:00,2023-02-28 06:05:00+00:00,2023-02-28 06:25:00+00:00,Tokyo,2023-02-28,after_close_30m,value_area_bounce,long,23387.14,23361.500714285714,23438.41857142857,23373.11,phase_end,5,1.0,0.0010962984663488466,-0.0005999023394908098,2.0,0.003,-0.00359990233949081,-0.5472071319124864,-3.2836882016993596
2023-02-28 14:35:00+00:00,2023-02-28 14:40:00+00:00,2023-02-28 14:45:00+00:00,New_York,2023-02-28,opening_first_30m,value_area_bounce,long,23481.54,23433.239285714288,23578.14142857143,23578.14142857143,target,2,1.0,0.0020569653560079315,0.004113930712015934,2.0,0.003,0.001113930712015934,2.0000000000000346,0.5415408231171195
2023-02-28 15:05:00+00:00,2023-02-28 15:10:00+00:00,2023-02-28 15:25:00+00:00,New_York,2023-02-28,opening_followthrough_30m,value_area_bounce,short,23475.35,23544.94,23336.17,23544.94,stop,4,0.8433449489869216,0.0025,-0.002500000000000007,1.6866898979738432,0.002530034846960765,-0.0050300348469607715,-1.0000000000000027,-2.0120139387843086
2023-02-28 16:10:00+00:00,2023-02-28 16:15:00+00:00,2023-02-28 16:25:00+00:00,London,2023-02-28,closing_last_30m,value_area_bounce,short,23506.0,23567.25857142857,23383.48285714286,23488.32,phase_end,3,0.9592943261584437,0.0025,0.0007215316806977429,1.9185886523168874,0.002877882978475331,-0.002156351297777588,0.28861267227909715,-0.8625405191110352
2023-03-01 00:50:00+00:00,2023-03-01 00:55:00+00:00,2023-03-01 00:55:00+00:00,Tokyo,2023-03-01,opening_followthrough_30m,opening_range_breakout,short,23028.77,23076.28142857143,22933.747142857144,23076.28142857143,stop,1,1.0,0.0020631335747166826,-0.002063133574716769,2.0,0.003,-0.005063133574716769,-1.0000000000000417,-2.4540987732275443
2023-03-01 08:50:00+00:00,2023-03-01 08:55:00+00:00,2023-03-01 08:55:00+00:00,London,2023-03-01,opening_followthrough_30m,opening_range_breakout,long,23951.82,23901.431428571428,24052.597142857143,23901.431428571428,stop,1,1.0,0.0021037470817905327,-0.002103747081790508,2.0,0.003,-0.005103747081790508,-0.9999999999999882,-2.4260269335449904
2023-03-01 14:35:00+00:00,2023-03-01 14:40:00+00:00,2023-03-01 14:40:00+00:00,New_York,2023-03-01,opening_first_30m,value_area_bounce,long,23667.7,23622.419285714284,23758.26142857143,23758.26142857143,target,1,1.0,0.0019131860842293322,0.0038263721684586027,2.0,0.003,0.0008263721684586027,1.9999999999999678,0.43193507169559053
2023-03-01 15:20:00+00:00,2023-03-01 15:25:00+00:00,2023-03-01 15:25:00+00:00,New_York,2023-03-01,opening_followthrough_30m,value_area_bounce,long,23697.5,23607.817857142858,23876.864285714288,23678.84,phase_end,1,0.660596949544023,0.0025,-0.0005201704432320257,1.321193899088046,0.0019817908486320693,-0.002501961291864095,-0.20806817729281027,-1.000784516745638
2023-03-02 08:30:00+00:00,2023-03-02 08:35:00+00:00,2023-03-02 08:40:00+00:00,London,2023-03-02,opening_followthrough_30m,opening_range_breakout,short,23358.67,23388.89,23298.229999999996,23388.89,stop,2,1.0,0.001293738042448495,-0.001293738042448478,2.0,0.003,-0.004293738042448478,-0.9999999999999868,-3.3188620119125978
2023-03-02 15:00:00+00:00,2023-03-02 15:05:00+00:00,2023-03-02 15:20:00+00:00,New_York,2023-03-02,opening_followthrough_30m,opening_range_breakout,long,23361.39,23299.336428571427,23485.49714285714,23299.336428571427,stop,4,0.9411783021582812,0.0025,-0.0025000000000000504,1.8823566043165625,0.002823534906474844,-0.005323534906474895,-1.0000000000000202,-2.129413962589958
2023-03-03 08:30:00+00:00,2023-03-03 08:35:00+00:00,2023-03-03 08:45:00+00:00,London,2023-03-03,opening_followthrough_30m,value_area_bounce,short,22376.02,22399.29357142857,22329.472857142857,22399.29357142857,stop,3,1.0,0.0010401122017486377,-0.0010401122017484887,2.0,0.003,-0.004040112201748489,-0.9999999999998568,-3.8843042077155214
2023-03-03 14:35:00+00:00,2023-03-03 14:40:00+00:00,2023-03-03 14:55:00+00:00,New_York,2023-03-03,opening_first_30m,value_area_bounce,short,22373.5,22433.64214285714,22253.215714285714,22376.0,phase_end,4,0.9300258910438389,0.0025,-0.00010392047411487112,1.8600517820876779,0.002790077673131517,-0.002893998147246388,-0.041568189645948446,-1.157599258898555
2023-03-03 15:10:00+00:00,2023-03-03 15:15:00+00:00,2023-03-03 15:20:00+00:00,New_York,2023-03-03,opening_followthrough_30m,value_area_bounce,long,22403.51,22344.497857142855,22521.534285714282,22344.497857142855,stop,2,0.9491059346139433,0.0025,-0.0025000000000000465,1.8982118692278867,0.00284731780384183,-0.005347317803841877,-1.0000000000000187,-2.1389271215367507
2023-03-06 00:15:00+00:00,2023-03-06 00:20:00+00:00,2023-03-06 00:25:00+00:00,Tokyo,2023-03-06,opening_first_30m,value_area_bounce,long,22422.17,22388.007857142857,22490.49428571428,22445.86,phase_end,2,1.0,0.0015235877195268065,0.0010565435905625087,2.0,0.003,-0.0019434564094374914,0.6934576703536626,-1.2755789407656075
2023-03-06 08:35:00+00:00,2023-03-06 08:40:00+00:00,2023-03-06 08:45:00+00:00,London,2023-03-06,opening_followthrough_30m,opening_range_breakout,long,22435.87,22415.338571428572,22476.932857142856,22415.338571428572,stop,2,1.0,0.0009151162210972081,-0.0009151162210971897,2.0,0.003,-0.00391511622109719,-0.9999999999999799,-4.278272126356841
2023-03-06 14:45:00+00:00,2023-03-06 14:50:00+00:00,2023-03-06 14:55:00+00:00,New_York,2023-03-06,opening_first_30m,value_area_bounce,short,22421.46,22453.21857142857,22357.942857142858,22450.0,phase_end,2,1.0,0.0014164363707167755,-0.0012728876710079717,2.0,0.003,-0.004272887671007972,-0.8986550312626029,-3.0166463946740603
2023-03-07 00:30:00+00:00,2023-03-07 00:35:00+00:00,2023-03-07 00:35:00+00:00,Tokyo,2023-03-07,opening_followthrough_30m,opening_range_breakout,long,22424.47,22402.821428571428,22467.767142857145,22402.821428571428,stop,1,1.0,0.000965399468909268,-0.0009653994689093892,2.0,0.003,-0.003965399468909389,-1.0000000000001255,-4.107521908407092
2023-03-07 14:30:00+00:00,2023-03-07 14:35:00+00:00,2023-03-07 14:40:00+00:00,New_York,2023-03-07,opening_first_30m,value_area_bounce,long,22323.21,22287.589285714283,22394.45142857143,22287.589285714283,stop,2,1.0,0.0015956806519185508,-0.0015956806519186184,2.0,0.003,-0.0045956806519186185,-1.0000000000000424,-2.880075437646654
2023-03-07 15:00:00+00:00,2023-03-07 15:05:00+00:00,2023-03-07 15:05:00+00:00,New_York,2023-03-07,opening_followthrough_30m,opening_range_breakout,short,22137.91,22196.885000000002,22019.96,22019.96,target,1,0.9384446799491253,0.0025,0.005,1.8768893598982506,0.002815334039847376,0.002184665960152624,2.0,0.8738663840610497
2023-03-08 15:00:00+00:00,2023-03-08 15:05:00+00:00,2023-03-08 15:10:00+00:00,New_York,2023-03-08,opening_followthrough_30m,value_area_bounce,long,22017.52,21962.104285714286,22128.35142857143,22128.35142857143,target,2,0.9932886494289916,0.0025,0.004999999999999961,1.9865772988579833,0.002979865948286975,0.002020134051712986,1.9999999999999845,0.8080536206851945
2023-03-09 05:45:00+00:00,2023-03-09 05:50:00+00:00,2023-03-09 05:55:00+00:00,Tokyo,2023-03-09,closing_last_30m,value_area_bounce,long,21749.35,21735.42,21777.21,21735.42,stop,2,1.0,0.0006404789108640282,-0.0006404789108640507,2.0,0.003,-0.003640478910864051,-1.0000000000000353,-5.683994974874222
2023-03-09 08:45:00+00:00,2023-03-09 08:50:00+00:00,2023-03-09 08:55:00+00:00,London,2023-03-09,opening_followthrough_30m,value_area_bounce,long,21687.66,21651.752857142856,21759.47428571429,21681.52,phase_end,2,1.0,0.0016556485511642761,-0.00028311030327843323,2.0,0.003,-0.0032831103032784333,-0.17099661826137313,-1.9829753729858324
2023-03-09 15:10:00+00:00,2023-03-09 15:15:00+00:00,2023-03-09 15:25:00+00:00,New_York,2023-03-09,opening_followthrough_30m,value_area_bounce,short,21725.06,21776.85642857143,21621.467142857142,21726.88,phase_end,3,1.0,0.0023841788502047493,-8.37742220274329e-05,2.0,0.003,-0.003083774222027433,-0.03513755774665919,-1.29343242087841
2023-03-13 00:40:00+00:00,2023-03-13 00:45:00+00:00,2023-03-13 00:55:00+00:00,Tokyo,2023-03-13,opening_followthrough_30m,opening_range_breakout,long,22472.48,22318.204285714284,22781.031428571427,22446.02,phase_end,3,0.3641610104358627,0.0025,-0.0004287777911531155,0.7283220208717254,0.001092483031307588,-0.0015212608224607035,-0.1715111164612462,-0.6085043289842814
2023-03-13 06:05:00+00:00,2023-03-13 06:10:00+00:00,2023-03-13 06:25:00+00:00,Tokyo,2023-03-13,after_close_30m,value_area_bounce,short,22329.24,22376.93785714286,22233.844285714287,22330.46,phase_end,4,1.0,0.0021361164617719713,-5.463687971452025e-05,2.0,0.003,-0.0030546368797145203,-0.025577668957804552,-1.4299954774846917
2023-03-13 08:15:00+00:00,2023-03-13 08:20:00+00:00,2023-03-13 08:25:00+00:00,London,2023-03-13,opening_first_30m,value_area_bounce,short,22381.27,22449.425714285717,22244.95857142857,22358.67,phase_end,2,0.8209608774025832,0.0025,0.0008289840491312224,1.6419217548051663,0.0024628826322077497,-0.0016338985830765273,0.33159361965248896,-0.6535594332306109
2023-03-14 00:45:00+00:00,2023-03-14 00:50:00+00:00,2023-03-14 00:55:00+00:00,Tokyo,2023-03-14,opening_followthrough_30m,opening_range_breakout,long,24227.28,24143.087857142855,24395.664285714283,24143.087857142855,stop,2,0.7194044235549621,0.0025,-0.0025000000000000022,1.4388088471099243,0.0021582132706648863,-0.0046582132706648885,-1.0000000000000009,-1.8632853082659553
2023-03-14 05:30:00+00:00,2023-03-14 05:35:00+00:00,2023-03-14 05:55:00+00:00,Tokyo,2023-03-14,closing_last_30m,value_area_bounce,short,24322.01,24446.167142857143,24073.695714285714,24317.8,phase_end,5,0.4897424634679551,0.0025,8.477160280750663e-05,0.9794849269359102,0.0014692273904038653,-0.0013844557875963587,0.03390864112300265,-0.5537823150385435
2023-03-14 13:50:00+00:00,2023-03-14 13:55:00+00:00,2023-03-14 13:55:00+00:00,New_York,2023-03-14,opening_first_30m,value_area_bounce,short,25715.07,26016.675,25111.86,25759.64,phase_end,1,0.21315188740239713,0.0025,-0.00036944016180104713,0.42630377480479426,0.0006394556622071914,-0.0010088958240082385,-0.14777606472041885,-0.4035583296032954
2023-03-15 00:45:00+00:00,2023-03-15 00:50:00+00:00,2023-03-15 00:55:00+00:00,Tokyo,2023-03-15,opening_followthrough_30m,value_area_bounce,long,24606.0,24491.74,24834.52,24720.06,phase_end,2,0.5383773849116054,0.0025000000000000005,0.0024956240154035488,1.0767547698232107,0.0016151321547348161,0.0008804918606687326,0.9982496061614193,0.352196744267493
2023-03-16 00:00:00+00:00,2023-03-16 00:05:00+00:00,2023-03-16 00:10:00+00:00,Tokyo,2023-03-16,opening_first_30m,value_area_bounce,long,24319.86,24247.470714285715,24464.63857142857,24247.470714285715,stop,2,0.8398984656371763,0.0025,-0.002500000000000023,1.6797969312743526,0.002519695396911529,-0.005019695396911552,-1.000000000000009,-2.0078781587646204
2023-03-16 08:00:00+00:00,2023-03-16 08:05:00+00:00,2023-03-16 08:25:00+00:00,London,2023-03-16,opening_first_30m,value_area_bounce,short,24594.44,24666.585714285713,24450.14857142857,24594.36,phase_end,5,0.8522488218288408,0.0025,2.7721674388454644e-06,1.7044976436576815,0.0025567464654865225,-0.002553974298047677,0.0011088669755381858,-1.0215897192190708
2023-03-16 13:35:00+00:00,2023-03-16 13:40:00+00:00,2023-03-16 13:55:00+00:00,New_York,2023-03-16,opening_first_30m,value_area_bounce,long,24749.24,24644.260000000002,24959.2,24832.09,phase_end,4,0.5893798818822614,0.0025,0.0019729948561630958,1.1787597637645228,0.0017681396456467843,0.0002048552105163115,0.7891979424652383,0.0819420842065246
2023-03-16 16:35:00+00:00,2023-03-16 16:40:00+00:00,2023-03-16 16:55:00+00:00,London,2023-03-16,after_close_30m,value_area_bounce,long,24739.6,24663.905,24890.99,24780.79,phase_end,4,0.8170817094920324,0.0025,0.001360393685183937,1.6341634189840648,0.0024512451284760973,-0.0010908514432921602,0.5441574740735748,-0.4363405773168641
2023-03-17 14:10:00+00:00,2023-03-17 14:15:00+00:00,2023-03-17 14:25:00+00:00,New_York,2023-03-17,opening_followthrough_30m,value_area_bounce,long,26585.06,26464.65,26825.88,26464.65,stop,3,0.5519695208039207,0.0025000000000000005,-0.002499999999999999,1.1039390416078414,0.0016559085624117621,-0.004155908562411761,-0.9999999999999994,-1.6623634249647041
2023-03-20 08:15:00+00:00,2023-03-20 08:20:00+00:00,2023-03-20 08:25:00+00:00,London,2023-03-20,opening_first_30m,value_area_bounce,short,28045.15,28183.78428571429,27767.88142857143,28183.78428571429,stop,2,0.5057397932896397,0.0025,-0.0025000000000000135,1.0114795865792794,0.001517219379868919,-0.004017219379868932,-1.0000000000000053,-1.6068877519475728
2023-03-21 08:00:00+00:00,2023-03-21 08:05:00+00:00,2023-03-21 08:25:00+00:00,London,2023-03-21,opening_first_30m,value_area_bounce,long,27520.82,27417.891428571427,27726.677142857145,27417.891428571427,stop,5,0.6684446217904166,0.0025,-0.0024999999999999667,1.3368892435808333,0.00200533386537125,-0.004505333865371217,-0.9999999999999867,-1.8021335461484866
2023-03-21 13:35:00+00:00,2023-03-21 13:40:00+00:00,2023-03-21 13:55:00+00:00,New_York,2023-03-21,opening_first_30m,value_area_bounce,short,27954.93,28065.29857142857,27734.192857142858,28037.9,phase_end,4,0.6332176279479149,0.0025,-0.0018793846591938965,1.2664352558958298,0.0018996528838437449,-0.0037790375430376416,-0.7517538636775586,-1.5116150172150566
2023-03-21 14:00:00+00:00,2023-03-21 14:05:00+00:00,2023-03-21 14:25:00+00:00,New_York,2023-03-21,opening_followthrough_30m,value_area_bounce,short,27970.52,28079.035,27753.49,27753.49,target,5,0.644392941068054,0.0025,0.004999999999999933,1.288785882136108,0.001933178823204162,0.0030668211767957716,1.9999999999999734,1.2267284707183086
2023-03-22 00:30:00+00:00,2023-03-22 00:35:00+00:00,2023-03-22 00:55:00+00:00,Tokyo,2023-03-22,opening_followthrough_30m,opening_range_breakout,short,28011.63,28056.117142857143,27922.655714285716,28028.91,phase_end,5,1.0,0.001588166874157014,-0.0006168866288751573,2.0,0.003,-0.0036168866288751574,-0.3884268327927415,-2.2773970970745574
2023-03-23 13:50:00+00:00,2023-03-23 13:55:00+00:00,2023-03-23 13:55:00+00:00,New_York,2023-03-23,opening_first_30m,value_area_bounce,long,27380.62,27297.992857142857,27545.874285714286,27369.0,phase_end,1,0.8284390290288568,0.0025,-0.0003515793841525332,1.6568780580577136,0.0024853170870865705,-0.0028368964712391035,-0.1406317536610133,-1.1347585884956415
2023-03-23 16:10:00+00:00,2023-03-23 16:15:00+00:00,2023-03-23 16:25:00+00:00,London,2023-03-23,closing_last_30m,value_area_bounce,short,28454.92,28624.911428571428,28114.93714285714,28484.11,phase_end,3,0.41847580550279695,0.0025,-0.00042928635057229284,0.8369516110055939,0.0012554274165083909,-0.0016847137670806837,-0.17171454022891713,-0.6738855068322734
2023-03-24 06:15:00+00:00,2023-03-24 06:20:00+00:00,2023-03-24 06:20:00+00:00,Tokyo,2023-03-24,after_close_30m,value_area_bounce,short,28251.17,28283.466428571428,28186.577142857142,28283.466428571428,stop,1,1.0,0.00114318906337078,-0.001143189063370853,2.0,0.003,-0.004143189063370853,-1.000000000000064,-3.6242378414243617
2023-03-27 00:50:00+00:00,2023-03-27 00:55:00+00:00,2023-03-27 00:55:00+00:00,Tokyo,2023-03-27,opening_followthrough_30m,opening_range_breakout,long,28016.64,27975.06357142857,28099.792857142857,27994.28,phase_end,1,1.0,0.0014839905346047497,-0.0007980971308479967,2.0,0.003,-0.0037980971308479968,-0.5378047313897215,-2.5593809679248345
2023-03-27 06:20:00+00:00,2023-03-27 06:25:00+00:00,2023-03-27 06:25:00+00:00,Tokyo,2023-03-27,after_close_30m,value_area_bounce,long,27766.32,27723.675714285713,27851.60857142857,27780.61,phase_end,1,1.0,0.0015358277839585953,0.0005146522837740086,2.0,0.003,-0.0024853477162259914,0.335097651669963,-1.6182463569059866
2023-03-27 07:05:00+00:00,2023-03-27 07:10:00+00:00,2023-03-27 07:25:00+00:00,London,2023-03-27,opening_first_30m,value_area_bounce,long,27779.53,27741.432857142856,27855.724285714285,27810.8,phase_end,4,1.0,0.0013714106342743438,0.0011256489940614234,2.0,0.003,-0.0018743510059385767,0.8207964601769618,-1.3667321508924672
2023-03-28 05:30:00+00:00,2023-03-28 05:35:00+00:00,2023-03-28 05:55:00+00:00,Tokyo,2023-03-28,closing_last_30m,value_area_bounce,long,26931.57,26890.540714285715,27013.62857142857,26974.63,phase_end,5,1.0,0.001523464310260614,0.0015988670545385997,2.0,0.003,-0.0014011329454614004,1.0494942636792632,-0.9197018505945264
2023-03-28 14:15:00+00:00,2023-03-28 14:20:00+00:00,2023-03-28 14:25:00+00:00,New_York,2023-03-28,opening_followthrough_30m,value_area_bounce,short,26945.7,27026.104285714286,26784.89142857143,27008.36,phase_end,2,0.8378191461009651,0.0025,-0.0019482792317395406,1.6756382922019302,0.0025134574383028955,-0.004461736670042436,-0.7793116926958162,-1.7846946680169742
2023-03-29 00:30:00+00:00,2023-03-29 00:35:00+00:00,2023-03-29 00:55:00+00:00,Tokyo,2023-03-29,opening_followthrough_30m,value_area_bounce,short,27284.33,27323.360714285714,27206.268571428573,27268.73,phase_end,5,1.0,0.0014305176006049643,0.0005717567556177139,2.0,0.003,-0.002428243244382286,0.39968522958117997,-1.6974577896527696
2023-03-29 13:30:00+00:00,2023-03-29 13:35:00+00:00,2023-03-29 13:35:00+00:00,New_York,2023-03-29,opening_first_30m,value_area_bounce,short,28370.27,28428.463571428572,28253.882857142857,28428.463571428572,stop,1,1.0,0.0020512166936927853,-0.0020512166936927922,2.0,0.003,-0.005051216693692792,-1.0000000000000033,-2.4625465994034674
2023-03-29 14:15:00+00:00,2023-03-29 14:20:00+00:00,2023-03-29 14:20:00+00:00,New_York,2023-03-29,opening_followthrough_30m,opening_range_breakout,long,28545.53,28476.186428571425,28684.217142857142,28476.186428571425,stop,1,1.0,0.002429226972789507,-0.0024292269727895777,2.0,0.003,-0.005429226972789578,-1.000000000000029,-2.2349607647222602
2023-03-30 07:50:00+00:00,2023-03-30 07:55:00+00:00,2023-03-30 07:55:00+00:00,London,2023-03-30,opening_followthrough_30m,opening_range_breakout,long,28727.0,28678.285,28824.43,28725.01,phase_end,1,1.0,0.0016957914157412846,-6.927280955204562e-05,2.0,0.003,-0.0030692728095520457,-0.040849840911456825,-1.8099353381915597
2023-03-30 14:10:00+00:00,2023-03-30 14:15:00+00:00,2023-03-30 14:15:00+00:00,New_York,2023-03-30,opening_followthrough_30m,opening_range_breakout,short,28263.35,28332.347142857143,28125.355714285713,28332.347142857143,stop,1,1.0,0.0024412230983638906,-0.0024412230983639205,2.0,0.003,-0.0054412230983639205,-1.0000000000000122,-2.22889219015281
2023-03-30 15:50:00+00:00,2023-03-30 15:55:00+00:00,2023-03-30 15:55:00+00:00,London,2023-03-30,after_close_30m,value_area_bounce,long,28256.39,28190.312142857143,28388.545714285712,28300.33,phase_end,1,1.0,0.002338510232299893,0.0015550464868301361,2.0,0.003,-0.001444953513169864,0.6649731377488004,-0.6178948859029673
2023-03-31 00:50:00+00:00,2023-03-31 00:55:00+00:00,2023-03-31 00:55:00+00:00,Tokyo,2023-03-31,opening_followthrough_30m,opening_range_breakout,long,28291.43,28228.005714285715,28418.27857142857,28249.17,phase_end,1,1.0,0.00224181972117655,-0.0014937385632328715,2.0,0.003,-0.0044937385632328715,-0.6663062819560392,-2.0045048764556643
2023-03-31 07:35:00+00:00,2023-03-31 07:40:00+00:00,2023-03-31 07:40:00+00:00,London,2023-03-31,opening_followthrough_30m,opening_range_breakout,short,27579.99,27656.047857142858,27427.874285714286,27656.047857142858,stop,1,0.906546379166232,0.0025,-0.002499999999999965,1.813092758332464,0.0027196391374986963,-0.005219639137498662,-0.9999999999999859,-2.0878556549994647
2023-03-31 20:00:00+00:00,2023-03-31 20:05:00+00:00,2023-03-31 20:25:00+00:00,New_York,2023-03-31,after_close_30m,value_area_bounce,short,28420.01,28477.335,28305.36,28361.94,phase_end,5,1.0,0.002017064737134142,0.0020432786617597953,2.0,0.003,-0.0009567213382402047,1.0129960750109082,-0.474313650239863
2023-04-03 19:50:00+00:00,2023-04-03 19:55:00+00:00,2023-04-03 19:55:00+00:00,New_York,2023-04-03,closing_last_30m,value_area_bounce,short,28054.48,28109.660714285714,27944.118571428575,28081.08,phase_end,1,1.0,0.001966912745690284,-0.0009481551609582528,2.0,0.003,-0.003948155160958253,-0.48205247692647374,-2.007285361086343
2023-04-04 07:15:00+00:00,2023-04-04 07:20:00+00:00,2023-04-04 07:25:00+00:00,London,2023-04-04,opening_first_30m,value_area_bounce,short,28066.94,28132.61857142857,27935.582857142857,28029.17,phase_end,2,1.0,0.002340068829326279,0.0013457113600556792,2.0,0.003,-0.001654288639944321,0.5750734094616858,-0.7069401631321253
2023-04-05 00:20:00+00:00,2023-04-05 00:25:00+00:00,2023-04-05 00:25:00+00:00,Tokyo,2023-04-05,opening_first_30m,value_area_bounce,long,28269.33,28229.13928571429,28349.71142857143,28229.13928571429,stop,1,1.0,0.0014217073515967176,-0.001421707351596635,2.0,0.003,-0.004421707351596635,-0.9999999999999419,-3.1101389091296614
2023-04-05 00:30:00+00:00,2023-04-05 00:35:00+00:00,2023-04-05 00:35:00+00:00,Tokyo,2023-04-05,opening_followthrough_30m,opening_range_breakout,long,28462.56,28408.225000000002,28571.23,28408.225000000002,stop,1,1.0,0.0019089990499800225,-0.001908999049979987,2.0,0.003,-0.004908999049979987,-0.9999999999999813,-2.571504186988128
2023-04-05 07:30:00+00:00,2023-04-05 07:35:00+00:00,2023-04-05 07:55:00+00:00,London,2023-04-05,opening_followthrough_30m,value_area_bounce,long,28503.74,28477.43,28556.360000000004,28525.21,phase_end,5,1.0,0.0009230367664033047,0.0007532344878249386,2.0,0.003,-0.0022467655121750614,0.8160395286961148,-2.4341018624098627
2023-04-06 14:00:00+00:00,2023-04-06 14:05:00+00:00,2023-04-06 14:15:00+00:00,New_York,2023-04-06,opening_followthrough_30m,value_area_bounce,short,27894.99,27954.98142857143,27775.007142857146,27954.98142857143,stop,3,1.0,0.0021506166007382826,-0.002150616600738342,2.0,0.003,-0.005150616600738342,-1.0000000000000275,-2.394948778396946
2023-04-06 20:00:00+00:00,2023-04-06 20:05:00+00:00,2023-04-06 20:25:00+00:00,New_York,2023-04-06,after_close_30m,value_area_bounce,long,28046.17,28013.81214285714,28110.885714285712,28089.04,phase_end,5,1.0,0.0011537353279559039,0.001528550957225372,2.0,0.003,-0.0014714490427746281,1.3248714156422137,-1.2753783360189066
2023-04-07 05:45:00+00:00,2023-04-07 05:50:00+00:00,2023-04-07 05:55:00+00:00,Tokyo,2023-04-07,closing_last_30m,value_area_bounce,long,27977.08,27945.805,28039.63,27980.0,phase_end,2,1.0,0.0011178793498106362,0.0001043711495265498,2.0,0.003,-0.0028956288504734503,0.09336530775367646,-2.5902874500400754
2023-04-10 05:40:00+00:00,2023-04-10 05:45:00+00:00,2023-04-10 05:50:00+00:00,Tokyo,2023-04-10,closing_last_30m,value_area_bounce,long,28288.59,28266.439285714285,28332.89142857143,28266.439285714285,stop,2,1.0,0.0007830264529167006,-0.0007830264529167241,2.0,0.003,-0.003783026452916724,-1.00000000000003,-4.831288188062233
2023-04-10 14:10:00+00:00,2023-04-10 14:15:00+00:00,2023-04-10 14:25:00+00:00,New_York,2023-04-10,opening_followthrough_30m,value_area_bounce,long,28251.18,28223.170714285712,28307.198571428573,28237.4,phase_end,3,1.0,0.0009914377280625646,-0.0004877672366251362,2.0,0.003,-0.0034877672366251363,-0.4919797006094524,-3.5178883533520735
2023-04-11 07:45:00+00:00,2023-04-11 07:50:00+00:00,2023-04-11 07:55:00+00:00,London,2023-04-11,opening_followthrough_30m,value_area_bounce,short,30104.81,30141.540714285715,30031.348571428574,30106.89,phase_end,2,1.0,0.0012200945392352336,-6.909194909376914e-05,2.0,0.003,-0.003069091949093769,-0.056628356960827485,-2.515454213095244
2023-04-11 14:00:00+00:00,2023-04-11 14:05:00+00:00,2023-04-11 14:05:00+00:00,New_York,2023-04-11,opening_followthrough_30m,opening_range_breakout,long,30274.49,30223.913571428573,30375.64285714286,30223.913571428573,stop,1,1.0,0.0016705955598732977,-0.0016705955598732558,2.0,0.003,-0.004670595559873256,-0.9999999999999749,-2.795766774471426
2023-04-11 19:45:00+00:00,2023-04-11 19:50:00+00:00,2023-04-11 19:55:00+00:00,New_York,2023-04-11,closing_last_30m,value_area_bounce,long,30206.07,30125.772142857142,30366.665714285715,30125.772142857142,stop,2,0.9404382344307279,0.0025,-0.002500000000000034,1.8808764688614559,0.0028213147032921837,-0.005321314703292218,-1.0000000000000135,-2.128525881316887
2023-04-13 00:20:00+00:00,2023-04-13 00:25:00+00:00,2023-04-13 00:25:00+00:00,Tokyo,2023-04-13,opening_first_30m,value_area_bounce,long,29935.0,29899.547142857144,30005.905714285713,29949.96,phase_end,1,1.0,0.0011843279486506394,0.0004997494571572503,2.0,0.003,-0.00250025054284275,0.4219688117017236,-2.1111133497199006
2023-04-13 00:30:00+00:00,2023-04-13 00:35:00+00:00,2023-04-13 00:55:00+00:00,Tokyo,2023-04-13,opening_followthrough_30m,opening_range_breakout,long,30005.06,29970.873571428572,30073.43285714286,29984.69,phase_end,5,1.0,0.001139355447762089,-0.0006788854946466749,2.0,0.003,-0.003678885494646675,-0.5958504836924555,-3.2289181588350733
2023-04-13 06:00:00+00:00,2023-04-13 06:05:00+00:00,2023-04-13 06:25:00+00:00,Tokyo,2023-04-13,after_close_30m,value_area_bounce,short,30090.58,30111.410000000003,30048.920000000002,30048.920000000002,target,5,1.0,0.0006922432203034946,0.001384486440606958,2.0,0.003,-0.0016155135593930421,1.999999999999955,-2.333736917906925
2023-04-14 00:35:00+00:00,2023-04-14 00:40:00+00:00,2023-04-14 00:40:00+00:00,Tokyo,2023-04-14,opening_followthrough_30m,opening_range_breakout,long,30759.12,30698.332142857143,30880.695714285714,30698.332142857143,stop,1,1.0,0.0019762547544551682,-0.0019762547544550646,2.0,0.003,-0.004976254754455065,-0.9999999999999476,-2.518022913410758
2023-04-14 07:35:00+00:00,2023-04-14 07:40:00+00:00,2023-04-14 07:55:00+00:00,London,2023-04-14,opening_followthrough_30m,value_area_bounce,short,30783.93,30856.25642857143,30639.277142857143,30733.72,phase_end,4,1.0,0.0023494865201235935,0.0016310458086410407,2.0,0.003,-0.0013689541913589594,0.6942137333715115,-0.5826610110906048
2023-04-14 13:35:00+00:00,2023-04-14 13:40:00+00:00,2023-04-14 13:55:00+00:00,New_York,2023-04-14,opening_first_30m,value_area_bounce,long,30700.39,30636.174285714285,30828.821428571428,30721.54,phase_end,4,1.0,0.0020916905057464844,0.0006889163297274514,2.0,0.003,-0.0023110836702725486,0.32935863495808637,-1.1048879668972666
2023-04-17 00:35:00+00:00,2023-04-17 00:40:00+00:00,2023-04-17 00:55:00+00:00,Tokyo,2023-04-17,opening_followthrough_30m,opening_range_breakout,short,29856.17,29924.195,29720.12,29842.86,phase_end,4,1.0,0.0022784235218381963,0.0004458039996422247,2.0,0.003,-0.0025541960003577753,0.19566335905914325,-1.1210365306872754
2023-04-17 13:30:00+00:00,2023-04-17 13:35:00+00:00,2023-04-17 13:55:00+00:00,New_York,2023-04-17,opening_first_30m,value_area_bounce,long,29416.5,29350.45857142857,29548.582857142857,29402.2,phase_end,5,1.0,0.0022450471188424333,-0.00048612173440076845,2.0,0.003,-0.0034861217344007685,-0.21653074909689077,-1.5528055982175752
2023-04-18 00:20:00+00:00,2023-04-18 00:25:00+00:00,2023-04-18 00:25:00+00:00,Tokyo,2023-04-18,opening_first_30m,value_area_bounce,long,29432.29,29408.02357142857,29480.82285714286,29408.02357142857,stop,1,1.0,0.0008244831975843306,-0.0008244831975844358,2.0,0.003,-0.003824483197584436,-1.0000000000001275,-4.638642981190961
2023-04-18 00:35:00+00:00,2023-04-18 00:40:00+00:00,2023-04-18 00:40:00+00:00,Tokyo,2023-04-18,opening_followthrough_30m,opening_range_breakout,short,29348.31,29380.760714285716,29283.408571428572,29283.408571428572,target,1,1.0,0.0011057098104018562,0.002211419620803734,2.0,0.003,-0.0007885803791962661,2.0000000000000195,-0.7131892760449204
2023-04-18 05:40:00+00:00,2023-04-18 05:45:00+00:00,2023-04-18 05:55:00+00:00,Tokyo,2023-04-18,closing_last_30m,value_area_bounce,short,29545.77,29569.755,29497.8,29542.14,phase_end,3,1.0,0.0008117913325663985,0.0001228602266923895,2.0,0.003,-0.0028771397733076106,0.15134459036902864,-3.544186366478952
2023-04-19 00:20:00+00:00,2023-04-19 00:25:00+00:00,2023-04-19 00:25:00+00:00,Tokyo,2023-04-19,opening_first_30m,value_area_bounce,short,30325.04,30364.425,30246.27,30314.36,phase_end,1,1.0,0.001298761683414084,0.0003521842015706822,2.0,0.003,-0.002647815798429318,0.27116922686299744,-2.0387233718421265
2023-04-19 06:05:00+00:00,2023-04-19 06:10:00+00:00,2023-04-19 06:15:00+00:00,Tokyo,2023-04-19,after_close_30m,value_area_bounce,short,30220.01,30246.996428571427,30166.03714285714,30166.03714285714,target,2,1.0,0.000892998664508331,0.0017859973290166309,2.0,0.003,-0.0012140026709833692,1.9999999999999654,-1.3594675101241918
2023-04-19 15:30:00+00:00,2023-04-19 15:35:00+00:00,2023-04-19 15:35:00+00:00,London,2023-04-19,after_close_30m,value_area_bounce,short,29204.76,29267.335,29079.609999999997,29267.335,stop,1,1.0,0.0021426301739853526,-0.002142630173985305,2.0,0.003,-0.005142630173985305,-0.9999999999999777,-2.4001483020375223
2023-04-20 15:10:00+00:00,2023-04-20 15:15:00+00:00,2023-04-20 15:25:00+00:00,London,2023-04-20,closing_last_30m,value_area_bounce,long,28699.85,28643.601428571426,28812.34714285714,28697.59,phase_end,3,1.0,0.0019598907809124655,-7.874605616398078e-05,2.0,0.003,-0.003078746056163981,-0.040178798191661994,-1.5708763397165482
2023-04-21 00:45:00+00:00,2023-04-21 00:50:00+00:00,2023-04-21 00:55:00+00:00,Tokyo,2023-04-21,opening_followthrough_30m,opening_range_breakout,long,28356.8,28291.934285714284,28486.531428571427,28291.934285714284,stop,2,1.0,0.002287483576627606,-0.002287483576627669,2.0,0.003,-0.005287483576627669,-1.0000000000000278,-2.3114848257939875
2023-04-21 06:15:00+00:00,2023-04-21 06:20:00+00:00,2023-04-21 06:25:00+00:00,Tokyo,2023-04-21,after_close_30m,value_area_bounce,long,28210.82,28171.660714285714,28289.13857142857,28171.660714285714,stop,2,1.0,0.0013880945578429015,-0.0013880945578429449,2.0,0.003,-0.004388094557842945,-1.0000000000000313,-3.1612360505627533
2023-04-21 07:45:00+00:00,2023-04-21 07:50:00+00:00,2023-04-21 07:55:00+00:00,London,2023-04-21,opening_followthrough_30m,opening_range_breakout,long,28068.87,27974.556428571428,28257.497142857144,28155.03,phase_end,2,0.7440305137118521,0.0025,0.002283870674573338,1.4880610274237043,0.0022320915411355564,5.177913343778172e-05,0.9135482698293352,0.020711653375112687
2023-04-21 13:50:00+00:00,2023-04-21 13:55:00+00:00,2023-04-21 13:55:00+00:00,New_York,2023-04-21,opening_first_30m,value_area_bounce,short,28153.06,28206.167142857143,28046.845714285715,28113.44,phase_end,1,1.0,0.0018863719559132418,0.0014073070564977197,2.0,0.003,-0.0015926929435022804,0.7460390047075344,-0.8443154270342279
2023-04-24 00:00:00+00:00,2023-04-24 00:05:00+00:00,2023-04-24 00:20:00+00:00,Tokyo,2023-04-24,opening_first_30m,value_area_bounce,short,27573.25,27600.040714285715,27519.66857142857,27519.66857142857,target,4,1.0,0.0009716197505086998,0.0019432395010174908,2.0,0.003,-0.0010567604989825093,2.0000000000000937,-1.0876276428399416
2023-04-24 00:50:00+00:00,2023-04-24 00:55:00+00:00,2023-04-24 00:55:00+00:00,Tokyo,2023-04-24,opening_followthrough_30m,opening_range_breakout,long,27783.58,27726.875,27896.99,27807.49,phase_end,1,1.0,0.0020409536855941503,0.0008605802419989761,2.0,0.003,-0.002139419758001024,0.42165593862971423,-1.0482451282956031
2023-04-25 00:20:00+00:00,2023-04-25 00:25:00+00:00,2023-04-25 00:25:00+00:00,Tokyo,2023-04-25,opening_first_30m,value_area_bounce,short,27493.14,27534.915,27409.59,27483.91,phase_end,1,1.0,0.0015194699477760786,0.0003357201105439467,2.0,0.003,-0.0026642798894560534,0.2209455415918638,-1.7534271693596426
2023-04-25 06:10:00+00:00,2023-04-25 06:15:00+00:00,2023-04-25 06:20:00+00:00,Tokyo,2023-04-25,after_close_30m,value_area_bounce,short,27407.12,27431.967857142856,27357.424285714285,27431.967857142856,stop,2,1.0,0.00090662051112473,-0.0009066205111247783,2.0,0.003,-0.003906620511124778,-1.0000000000000533,-4.308991979762652
2023-04-25 07:00:00+00:00,2023-04-25 07:05:00+00:00,2023-04-25 07:20:00+00:00,London,2023-04-25,opening_first_30m,value_area_bounce,long,27368.87,27344.37214285714,27417.865714285712,27344.37214285714,stop,4,1.0,0.000895099327917337,-0.0008950993279174257,2.0,0.003,-0.003895099327917426,-1.0000000000000993,-4.3515833454822355
2023-04-26 06:15:00+00:00,2023-04-26 06:20:00+00:00,2023-04-26 06:25:00+00:00,Tokyo,2023-04-26,after_close_30m,value_area_bounce,short,28388.21,28431.882142857143,28300.865714285712,28363.88,phase_end,2,1.0,0.0015383901576444456,0.0008570459356189719,2.0,0.003,-0.002142954064381028,0.55710570648168,-1.3929847729020053
2023-04-26 07:45:00+00:00,2023-04-26 07:50:00+00:00,2023-04-26 07:55:00+00:00,London,2023-04-26,opening_followthrough_30m,value_area_bounce,long,28336.67,28309.539285714283,28390.931428571428,28376.18,phase_end,2,1.0,0.0009574418689886339,0.0013943063881536322,2.0,0.003,-0.001605693611846368,1.4562830740068506,-1.677066424453002
2023-04-27 15:40:00+00:00,2023-04-27 15:45:00+00:00,2023-04-27 15:45:00+00:00,London,2023-04-27,after_close_30m,value_area_bounce,short,28974.67,29098.992857142854,28726.024285714284,29098.992857142854,stop,1,0.5826496966423825,0.0025,-0.0024999999999999085,1.165299393284765,0.0017479490899271477,-0.004247949089927056,-0.9999999999999634,-1.6991796359708224
2023-04-28 05:45:00+00:00,2023-04-28 05:50:00+00:00,2023-04-28 05:55:00+00:00,Tokyo,2023-04-28,closing_last_30m,value_area_bounce,short,29513.84,29546.626428571428,29448.267142857145,29473.95,phase_end,2,1.0,0.0011108831846831338,0.0013515692976583393,2.0,0.003,-0.0016484307023416607,1.2166619463628467,-1.483892028496098
2023-04-28 06:15:00+00:00,2023-04-28 06:20:00+00:00,2023-04-28 06:20:00+00:00,Tokyo,2023-04-28,after_close_30m,value_area_bounce,short,29479.99,29511.53142857143,29416.907142857144,29416.907142857144,target,1,1.0,0.0010699267052474725,0.0021398534104949407,2.0,0.003,-0.0008601465895050594,1.999999999999996,-0.803930386339977
2023-04-28 14:20:00+00:00,2023-04-28 14:25:00+00:00,2023-04-28 14:25:00+00:00,New_York,2023-04-28,opening_followthrough_30m,value_area_bounce,long,29281.26,29177.762857142854,29488.254285714283,29239.15,phase_end,1,0.7072963366828607,0.0025,-0.0010171778378974489,1.4145926733657215,0.0021218890100485823,-0.0031390668479460314,-0.40687113515897955,-1.2556267391784126
2023-05-01 00:40:00+00:00,2023-05-01 00:45:00+00:00,2023-05-01 00:55:00+00:00,Tokyo,2023-05-01,opening_followthrough_30m,value_area_bounce,long,29303.76,29255.09357142857,29401.092857142856,29315.57,phase_end,3,1.0,0.0016607571373580966,0.00040301995375346955,2.0,0.003,-0.0025969800462465305,0.24267242011952853,-1.5637325818618855
2023-05-01 14:05:00+00:00,2023-05-01 14:10:00+00:00,2023-05-01 14:20:00+00:00,New_York,2023-05-01,opening_followthrough_30m,value_area_bounce,long,28519.43,28467.52285714286,28623.244285714285,28467.52285714286,stop,3,1.0,0.0018200624226060054,-0.001820062422605906,2.0,0.003,-0.004820062422605906,-0.9999999999999453,-2.6482951149029463
2023-05-02 00:00:00+00:00,2023-05-02 00:05:00+00:00,2023-05-02 00:05:00+00:00,Tokyo,2023-05-02,opening_first_30m,value_area_bounce,short,28009.04,28051.344285714287,27924.431428571428,28051.344285714287,stop,1,1.0,0.0015103797100609702,-0.0015103797100610716,2.0,0.003,-0.004510379710061072,-1.0000000000000673,-2.9862554958971206
2023-05-02 07:45:00+00:00,2023-05-02 07:50:00+00:00,2023-05-02 07:55:00+00:00,London,2023-05-02,opening_followthrough_30m,value_area_bounce,short,28021.95,28054.167142857143,27957.515714285713,28054.167142857143,stop,2,1.0,0.0011497109536325338,-0.0011497109536324768,2.0,0.003,-0.004149710953632477,-0.9999999999999504,-3.609351498758349
2023-05-02 13:35:00+00:00,2023-05-02 13:40:00+00:00,2023-05-02 13:55:00+00:00,New_York,2023-05-02,opening_first_30m,value_area_bounce,short,27984.72,28045.072142857145,27864.015714285717,28009.07,phase_end,4,1.0,0.00215661056666434,-0.0008701176927981003,2.0,0.003,-0.0038701176927981003,-0.40346537582996433,-1.7945371095830558
2023-05-03 13:30:00+00:00,2023-05-03 13:35:00+00:00,2023-05-03 13:55:00+00:00,New_York,2023-05-03,opening_first_30m,value_area_bounce,long,28333.35,28248.11142857143,28503.827142857142,28373.55,phase_end,5,0.8310014329528859,0.0025,0.0011790436924933477,1.6620028659057717,0.0024930042988586575,-0.0013139606063653098,0.4716174769973391,-0.5255842425461239
2023-05-04 07:10:00+00:00,2023-05-04 07:15:00+00:00,2023-05-04 07:25:00+00:00,London,2023-05-04,opening_first_30m,value_area_bounce,short,29119.07,29149.679285714286,29057.851428571426,29096.01,phase_end,3,1.0,0.0010511766246066889,0.0007919208958253598,2.0,0.003,-0.00220807910417464,0.7533661587287172,-2.1005785825962606
2023-05-04 07:30:00+00:00,2023-05-04 07:35:00+00:00,2023-05-04 07:35:00+00:00,London,2023-05-04,opening_followthrough_30m,opening_range_breakout,short,29066.14,29097.11857142857,29004.182857142856,29097.11857142857,stop,1,1.0,0.0010657958514123816,-0.001065795851412421,2.0,0.003,-0.004065795851412421,-1.000000000000037,-3.814797970947692
2023-05-05 15:05:00+00:00,2023-05-05 15:10:00+00:00,2023-05-05 15:25:00+00:00,London,2023-05-05,closing_last_30m,value_area_bounce,short,29181.67,29257.837857142855,29029.33428571428,29257.837857142855,stop,4,0.9578078960941477,0.0025,-0.0024999999999999597,1.9156157921882955,0.002873423688282443,-0.005373423688282403,-0.9999999999999839,-2.149369475312961
2023-05-05 20:00:00+00:00,2023-05-05 20:05:00+00:00,2023-05-05 20:25:00+00:00,New_York,2023-05-05,after_close_30m,value_area_bounce,short,29478.31,29530.182142857146,29374.565714285716,29483.05,phase_end,5,1.0,0.0017596715299195685,-0.00016079619218323238,2.0,0.003,-0.0031607961921832324,-0.09137852687233174,-1.7962421613582091
2023-05-08 14:05:00+00:00,2023-05-08 14:10:00+00:00,2023-05-08 14:20:00+00:00,New_York,2023-05-08,opening_followthrough_30m,opening_range_breakout,short,27778.86,27839.209285714285,27658.161428571428,27839.209285714285,stop,3,1.0,0.002172489645517704,-0.00217248964551775,2.0,0.003,-0.00517248964551775,-1.000000000000021,-2.380904165039252
2023-05-08 20:10:00+00:00,2023-05-08 20:15:00+00:00,2023-05-08 20:25:00+00:00,New_York,2023-05-08,after_close_30m,value_area_bounce,long,27413.32,27330.812142857143,27578.335714285713,27476.14,phase_end,3,0.8306275592800708,0.0025,0.0019034550821999542,1.6612551185601416,0.0024918826778402123,-0.0005884275956402581,0.7613820328799816,-0.23537103825610325
2023-05-09 05:40:00+00:00,2023-05-09 05:45:00+00:00,2023-05-09 05:50:00+00:00,Tokyo,2023-05-09,closing_last_30m,value_area_bounce,long,27590.16,27551.713571428572,27667.05285714286,27551.713571428572,stop,2,1.0,0.001393483349550295,-0.0013934833495502508,2.0,0.003,-0.004393483349550251,-0.9999999999999682,-3.152878253599597
2023-05-09 14:05:00+00:00,2023-05-09 14:10:00+00:00,2023-05-09 14:25:00+00:00,New_York,2023-05-09,opening_followthrough_30m,opening_range_breakout,short,27482.94,27542.712857142855,27363.394285714283,27416.14,phase_end,4,1.0,0.0021749076751925783,0.0024305987641787263,2.0,0.003,-0.0005694012358212737,1.1175641117563797,-0.26180478478051067
2023-05-10 00:05:00+00:00,2023-05-10 00:10:00+00:00,2023-05-10 00:15:00+00:00,Tokyo,2023-05-10,opening_first_30m,value_area_bounce,short,27636.81,27656.10642857143,27598.217142857142,27656.10642857143,stop,2,1.0,0.0006982147567475746,-0.0006982147567475838,2.0,0.003,-0.003698214756747584,-1.000000000000013,-5.296672293170393
2023-05-11 00:50:00+00:00,2023-05-11 00:55:00+00:00,2023-05-11 00:55:00+00:00,Tokyo,2023-05-11,opening_followthrough_30m,value_area_bounce,long,27526.17,27480.5,27617.51,27515.09,phase_end,1,1.0,0.0016591483668087336,-0.0004025260324992397,2.0,0.003,-0.0034025260324992397,-0.24261002846506904,-2.050766586380567
2023-05-11 07:50:00+00:00,2023-05-11 07:55:00+00:00,2023-05-11 07:55:00+00:00,London,2023-05-11,opening_followthrough_30m,value_area_bounce,short,27490.69,27515.097142857143,27441.875714285714,27441.875714285714,target,1,1.0,0.0008878330393723537,0.0017756660787446865,2.0,0.003,-0.0012243339212553135,1.9999999999999765,-1.3790136962247388
2023-05-11 13:35:00+00:00,2023-05-11 13:40:00+00:00,2023-05-11 13:45:00+00:00,New_York,2023-05-11,opening_first_30m,value_area_bounce,long,27410.11,27326.233571428573,27577.862857142856,27326.233571428573,stop,2,0.8169789315915442,0.0025,-0.002500000000000004,1.6339578631830884,0.0024509367947746327,-0.004950936794774636,-1.0000000000000016,-1.9803747179098545
2023-05-12 00:40:00+00:00,2023-05-12 00:45:00+00:00,2023-05-12 00:55:00+00:00,Tokyo,2023-05-12,opening_followthrough_30m,opening_range_breakout,long,27026.26,26985.17857142857,27108.422857142854,27033.78,phase_end,3,1.0,0.0015200559963320219,0.00027824789667540983,2.0,0.003,-0.0027217521033245902,0.18305108321459027,-1.7905604200715808
2023-05-12 13:35:00+00:00,2023-05-12 13:40:00+00:00,2023-05-12 13:50:00+00:00,New_York,2023-05-12,opening_first_30m,value_area_bounce,short,26412.76,26471.932857142856,26294.414285714283,26471.932857142856,stop,3,1.0,0.0022403132858079488,-0.002240313285807982,2.0,0.003,-0.005240313285807982,-1.0000000000000149,-2.339098428333478
2023-05-12 14:00:00+00:00,2023-05-12 14:05:00+00:00,2023-05-12 14:10:00+00:00,New_York,2023-05-12,opening_followthrough_30m,value_area_bounce,short,26408.43,26468.11,26289.07,26468.11,stop,2,1.0,0.0022598844384160576,-0.002259884438416071,2.0,0.003,-0.005259884438416071,-1.000000000000006,-2.3275015080429067
2023-05-15 13:30:00+00:00,2023-05-15 13:35:00+00:00,2023-05-15 13:40:00+00:00,New_York,2023-05-15,opening_first_30m,value_area_bounce,long,27381.8,27352.195,27441.01,27441.01,target,2,1.0,0.0010811926169937822,0.002162385233987596,2.0,0.003,-0.0008376147660124041,2.0000000000000293,-0.7747137307886567
2023-05-15 14:00:00+00:00,2023-05-15 14:05:00+00:00,2023-05-15 14:10:00+00:00,New_York,2023-05-15,opening_followthrough_30m,opening_range_breakout,short,27332.12,27367.95,27260.46,27260.46,target,2,1.0,0.0013109118502333589,0.0026218237004667078,2.0,0.003,-0.0003781762995332923,1.9999999999999925,-0.2884833938040702
2023-05-15 15:50:00+00:00,2023-05-15 15:55:00+00:00,2023-05-15 15:55:00+00:00,London,2023-05-15,after_close_30m,value_area_bounce,short,27377.97,27434.43642857143,27265.03714285714,27396.8,phase_end,1,1.0,0.0020624768224754794,-0.0006877792619393031,2.0,0.003,-0.003687779261939303,-0.3334724804877074,-1.78803428079888
2023-05-16 00:15:00+00:00,2023-05-16 00:20:00+00:00,2023-05-16 00:25:00+00:00,Tokyo,2023-05-16,opening_first_30m,value_area_bounce,long,27258.14,27224.502857142856,27325.414285714287,27288.36,phase_end,2,1.0,0.0012340219419646019,0.001108659651759103,2.0,0.003,-0.001891340348240897,0.8984116198080577,-1.5326634672555526
2023-05-16 00:50:00+00:00,2023-05-16 00:55:00+00:00,2023-05-16 00:55:00+00:00,Tokyo,2023-05-16,opening_followthrough_30m,value_area_bounce,long,27213.58,27166.027142857143,27308.685714285715,27205.57,phase_end,1,1.0,0.0017473943943743062,-0.0002943383413722689,2.0,0.003,-0.003294338341372269,-0.16844413735095182,-1.8852860876618989
2023-05-16 05:35:00+00:00,2023-05-16 05:40:00+00:00,2023-05-16 05:50:00+00:00,Tokyo,2023-05-16,closing_last_30m,value_area_bounce,short,27062.6,27083.88714285714,27020.02571428571,27083.88714285714,stop,3,1.0,0.000786588977302352,-0.0007865889773022161,2.0,0.003,-0.003786588977302216,-0.9999999999998272,-4.813935977451046
2023-05-17 00:30:00+00:00,2023-05-17 00:35:00+00:00,2023-05-17 00:35:00+00:00,Tokyo,2023-05-17,opening_followthrough_30m,value_area_bounce,long,27038.84,27014.294285714284,27087.931428571428,27087.931428571428,target,1,1.0,0.0009077946496859615,0.001815589299371867,2.0,0.003,-0.001184410700628133,1.9999999999999383,-1.3047121406122661
2023-05-17 13:45:00+00:00,2023-05-17 13:50:00+00:00,2023-05-17 13:50:00+00:00,New_York,2023-05-17,opening_first_30m,value_area_bounce,short,26679.63,26716.545714285716,26605.79857142857,26605.79857142857,target,1,1.0,0.0013836666507636825,0.0027673333015274526,2.0,0.003,-0.00023266669847254746,2.0000000000000635,-0.16815227738858382
2023-05-17 20:20:00+00:00,2023-05-17 20:25:00+00:00,2023-05-17 20:25:00+00:00,New_York,2023-05-17,after_close_30m,value_area_bounce,short,27307.4,27373.17785714286,27175.844285714287,27373.17785714286,stop,1,1.0,0.0024087923838541064,-0.0024087923838540526,2.0,0.003,-0.005408792383854053,-0.9999999999999777,-2.245437348651816
2023-05-18 00:05:00+00:00,2023-05-18 00:10:00+00:00,2023-05-18 00:15:00+00:00,Tokyo,2023-05-18,opening_first_30m,value_area_bounce,short,27367.2,27396.72,27308.16,27396.72,stop,2,1.0,0.0010786635096027616,-0.0010786635096027286,2.0,0.003,-0.004078663509602729,-0.9999999999999695,-3.781219512195026
2023-05-18 07:15:00+00:00,2023-05-18 07:20:00+00:00,2023-05-18 07:25:00+00:00,London,2023-05-18,opening_first_30m,value_area_bounce,long,27235.11,27204.15,27297.03,27229.22,phase_end,2,1.0,0.0011367679440251904,-0.00021626496092730374,2.0,0.003,-0.003216264960927304,-0.1902454780362028,-2.829306524547839
2023-05-18 07:35:00+00:00,2023-05-18 07:40:00+00:00,2023-05-18 07:40:00+00:00,London,2023-05-18,opening_followthrough_30m,opening_range_breakout,long,27289.51,27259.726428571426,27349.077142857142,27349.077142857142,target,1,1.0,0.0010913926790393545,0.0021827853580786982,2.0,0.003,-0.0008172146419213018,1.99999999999999,-0.7487814950716138
2023-05-19 14:00:00+00:00,2023-05-19 14:05:00+00:00,2023-05-19 14:20:00+00:00,New_York,2023-05-19,opening_followthrough_30m,opening_range_breakout,short,26811.4,26841.117142857143,26751.965714285714,26841.117142857143,stop,4,1.0,0.0011083771402143655,-0.0011083771402142784,2.0,0.003,-0.004108377140214278,-0.9999999999999214,-3.7066599365444315
2023-05-19 15:10:00+00:00,2023-05-19 15:15:00+00:00,2023-05-19 15:15:00+00:00,London,2023-05-19,closing_last_30m,value_area_bounce,long,26905.1,26853.48642857143,27008.327142857142,27008.327142857142,target,1,1.0,0.0019183564241935982,0.003836712848387158,2.0,0.003,0.0008367128483871581,1.99999999999998,0.4361613086258876
2023-05-19 15:45:00+00:00,2023-05-19 15:50:00+00:00,2023-05-19 15:55:00+00:00,London,2023-05-19,after_close_30m,value_area_bounce,short,26896.21,27024.074285714283,26640.481428571427,26883.65,phase_end,2,0.5258741690408373,0.0025,0.0002455728730238068,1.0517483380816746,0.0015776225071225118,-0.001332049634098705,0.0982291492095227,-0.532819853639482
2023-05-22 13:30:00+00:00,2023-05-22 13:35:00+00:00,2023-05-22 13:40:00+00:00,New_York,2023-05-22,opening_first_30m,value_area_bounce,long,26894.37,26857.487142857142,26968.135714285712,26968.135714285712,target,2,1.0,0.0013713969556771973,0.0027427939113544575,2.0,0.003,-0.00025720608864554257,2.0000000000000457,-0.18755042993261856
2023-05-22 14:00:00+00:00,2023-05-22 14:05:00+00:00,2023-05-22 14:05:00+00:00,New_York,2023-05-22,opening_followthrough_30m,value_area_bounce,short,26910.65,26972.716428571428,26786.517142857145,26786.517142857145,target,1,1.0,0.002306389053085974,0.004612778106172,2.0,0.003,0.0016127781061719996,2.0000000000000226,0.6992654183881444
2023-05-23 00:30:00+00:00,2023-05-23 00:35:00+00:00,2023-05-23 00:45:00+00:00,Tokyo,2023-05-23,opening_followthrough_30m,opening_range_breakout,long,26921.57,26910.516428571427,26943.677142857145,26910.516428571427,stop,3,1.0,0.00041058420547433484,-0.00041058420547435137,2.0,0.003,-0.0034105842054743514,-1.0000000000000402,-8.30666197092071
2023-05-23 14:00:00+00:00,2023-05-23 14:05:00+00:00,2023-05-23 14:15:00+00:00,New_York,2023-05-23,opening_followthrough_30m,value_area_bounce,long,27269.5,27230.552857142855,27347.394285714287,27347.394285714287,target,3,1.0,0.0014282309120865263,0.0028564618241730955,2.0,0.003,-0.0001435381758269046,2.00000000000003,-0.10050067857529235
2023-05-23 15:30:00+00:00,2023-05-23 15:35:00+00:00,2023-05-23 15:55:00+00:00,London,2023-05-23,after_close_30m,value_area_bounce,short,27313.96,27339.340714285714,27263.19857142857,27320.05,phase_end,5,1.0,0.0009292213317188044,-0.00022296290980872158,2.0,0.003,-0.0032229629098087216,-0.23994596572196789,-3.468455576506326
2023-05-24 00:45:00+00:00,2023-05-24 00:50:00+00:00,2023-05-24 00:50:00+00:00,Tokyo,2023-05-24,opening_followthrough_30m,opening_range_breakout,short,27137.96,27153.17714285714,27107.52571428571,27153.17714285714,stop,1,1.0,0.0005607327469398186,-0.000560732746939685,2.0,0.003,-0.003560732746939685,-0.9999999999997617,-6.35014232069069
2023-05-24 13:30:00+00:00,2023-05-24 13:35:00+00:00,2023-05-24 13:35:00+00:00,New_York,2023-05-24,opening_first_30m,value_area_bounce,long,26685.82,26667.65357142857,26722.152857142857,26667.65357142857,stop,1,1.0,0.0006807521212175117,-0.0006807521212175427,2.0,0.003,-0.0036807521212175428,-1.0000000000000455,-5.406890417960932
2023-05-24 15:00:00+00:00,2023-05-24 15:05:00+00:00,2023-05-24 15:05:00+00:00,London,2023-05-24,closing_last_30m,value_area_bounce,long,26217.27,26134.02285714286,26383.764285714286,26134.02285714286,stop,1,0.7873324266813184,0.0025,-0.0024999999999999216,1.5746648533626368,0.0023619972800439553,-0.004861997280043877,-0.9999999999999686,-1.9447989120175506
2023-05-25 00:00:00+00:00,2023-05-25 00:05:00+00:00,2023-05-25 00:05:00+00:00,Tokyo,2023-05-25,opening_first_30m,value_area_bounce,long,26352.26,26329.704285714284,26397.371428571427,26329.704285714284,stop,1,1.0,0.0008559309253064057,-0.0008559309253063363,2.0,0.003,-0.0038559309253063364,-0.999999999999919,-4.504955728671671
2023-05-25 00:40:00+00:00,2023-05-25 00:45:00+00:00,2023-05-25 00:55:00+00:00,Tokyo,2023-05-25,opening_followthrough_30m,opening_range_breakout,short,26221.59,26255.387857142858,26153.994285714285,26255.387857142858,stop,3,1.0,0.0012889324080979556,-0.0012889324080980202,2.0,0.003,-0.00428893240809802,-1.0000000000000502,-3.327507618826256
2023-05-25 07:30:00+00:00,2023-05-25 07:35:00+00:00,2023-05-25 07:55:00+00:00,London,2023-05-25,opening_followthrough_30m,opening_range_breakout,short,26163.78,26188.44,26114.46,26131.27,phase_end,5,1.0,0.0009425243600122243,0.0012425574592049848,2.0,0.003,-0.0017574425407950152,1.318329278183186,-1.8646123276561486
2023-05-26 00:10:00+00:00,2023-05-26 00:15:00+00:00,2023-05-26 00:25:00+00:00,Tokyo,2023-05-26,opening_first_30m,value_area_bounce,long,26453.09,26430.85,26497.57,26487.19,phase_end,3,1.0,0.0008407335400136537,0.0012890743576647878,2.0,0.003,-0.0017109256423352122,1.5332733812949262,-2.035039118705109
2023-05-26 06:15:00+00:00,2023-05-26 06:20:00+00:00,2023-05-26 06:25:00+00:00,Tokyo,2023-05-26,after_close_30m,value_area_bounce,long,26389.02,26369.87714285714,26427.305714285714,26392.63,phase_end,2,1.0,0.0007254099296926101,0.0001367993203233997,2.0,0.003,-0.0028632006796766004,0.18858208955227276,-3.947010597014948
2023-05-26 07:50:00+00:00,2023-05-26 07:55:00+00:00,2023-05-26 07:55:00+00:00,London,2023-05-26,opening_followthrough_30m,opening_range_breakout,long,26528.99,26504.997142857144,26576.975714285712,26504.997142857144,stop,1,1.0,0.000904401454516595,-0.0009044014545166457,2.0,0.003,-0.0039044014545166457,-1.000000000000056,-4.317110985412511
2023-05-30 00:45:00+00:00,2023-05-30 00:50:00+00:00,2023-05-30 00:50:00+00:00,Tokyo,2023-05-30,opening_followthrough_30m,value_area_bounce,long,27718.84,27684.229285714286,27788.06142857143,27684.229285714286,stop,1,1.0,0.0012486350181217718,-0.0012486350181217798,2.0,0.003,-0.00424863501812178,-1.0000000000000064,-3.402623630172317
2023-05-30 07:35:00+00:00,2023-05-30 07:40:00+00:00,2023-05-30 07:55:00+00:00,London,2023-05-30,opening_followthrough_30m,opening_range_breakout,short,27749.38,27772.285,27703.57,27733.22,phase_end,4,1.0,0.0008254238473075937,0.0005823553535250214,2.0,0.003,-0.0024176446464749786,0.7055228116131796,-2.928973586553097
2023-05-30 13:30:00+00:00,2023-05-30 13:35:00+00:00,2023-05-30 13:45:00+00:00,New_York,2023-05-30,opening_first_30m,value_area_bounce,long,27931.22,27885.44642857143,28022.767142857145,27885.44642857143,stop,3,1.0,0.001638795993464349,-0.0016387959934642815,2.0,0.003,-0.004638795993464282,-0.9999999999999588,-2.8306122372547744
2023-05-31 00:10:00+00:00,2023-05-31 00:15:00+00:00,2023-05-31 00:25:00+00:00,Tokyo,2023-05-31,opening_first_30m,value_area_bounce,long,27686.84,27667.57642857143,27725.367142857143,27686.72,phase_end,3,1.0,0.0006957663434531299,-4.33418909484562e-06,2.0,0.003,-0.0030043341890948457,-0.006229374466914827,-4.318021728651254
2023-05-31 05:35:00+00:00,2023-05-31 05:40:00+00:00,2023-05-31 05:50:00+00:00,Tokyo,2023-05-31,closing_last_30m,value_area_bounce,long,27136.49,27039.260714285716,27330.948571428573,27039.260714285716,stop,3,0.6977447638498088,0.0025,-0.002499999999999974,1.3954895276996175,0.0020932342915494263,-0.004593234291549401,-0.9999999999999896,-1.8372937166197603
2023-05-31 06:00:00+00:00,2023-05-31 06:05:00+00:00,2023-05-31 06:25:00+00:00,Tokyo,2023-05-31,after_close_30m,value_area_bounce,long,27093.44,27003.847142857143,27272.625714285714,27145.68,phase_end,5,0.7560156262457153,0.0025,0.0014577054931036904,1.5120312524914306,0.0022680468787371457,-0.0008103413856334553,0.5830821972414761,-0.3241365542533821
2023-06-01 00:30:00+00:00,2023-06-01 00:35:00+00:00,2023-06-01 00:35:00+00:00,Tokyo,2023-06-01,opening_followthrough_30m,opening_range_breakout,short,27186.06,27234.887857142858,27088.404285714285,27088.404285714285,target,1,1.0,0.0017960622886456395,0.0035921245772913,2.0,0.003,0.0005921245772913001,2.000000000000012,0.3296793106979629
2023-06-01 07:15:00+00:00,2023-06-01 07:20:00+00:00,2023-06-01 07:25:00+00:00,London,2023-06-01,opening_first_30m,value_area_bounce,long,26803.16,26775.48857142857,26858.502857142856,26858.502857142856,target,2,1.0,0.0010323942614015817,0.002064788522803118,2.0,0.003,-0.0009352114771968819,1.9999999999999563,-0.9058665978317585
2023-06-01 14:00:00+00:00,2023-06-01 14:05:00+00:00,2023-06-01 14:10:00+00:00,New_York,2023-06-01,opening_followthrough_30m,opening_range_breakout,long,26942.16,26915.192142857144,26996.095714285715,26915.192142857144,stop,2,1.0,0.0010009537892603025,-0.0010009537892602394,2.0,0.003,-0.004000953789260239,-0.9999999999999369,-3.997141358760343
2023-06-02 06:20:00+00:00,2023-06-02 06:25:00+00:00,2023-06-02 06:25:00+00:00,Tokyo,2023-06-02,after_close_30m,value_area_bounce,short,27125.63,27161.967142857146,27052.955714285716,27146.15,phase_end,1,1.0,0.0013395870568588704,-0.0007564801259916099,2.0,0.003,-0.00375648012599161,-0.5647114326152431,-2.8042075404938513
2023-06-05 07:05:00+00:00,2023-06-05 07:10:00+00:00,2023-06-05 07:25:00+00:00,London,2023-06-05,opening_first_30m,value_area_bounce,long,26787.95,26765.36142857143,26833.127142857145,26827.55,phase_end,4,1.0,0.0008432362845447973,0.001478276613178675,2.0,0.003,-0.001521723386821325,1.7530989122185254,-1.8046227548697031
2023-06-05 13:30:00+00:00,2023-06-05 13:35:00+00:00,2023-06-05 13:55:00+00:00,New_York,2023-06-05,opening_first_30m,value_area_bounce,long,26740.18,26703.792142857143,26812.955714285716,26728.64,phase_end,5,1.0,0.001360793275993558,-0.00043156029615365465,2.0,0.003,-0.0034315602961536547,-0.31713876293117255,-2.5217351942367325
2023-06-05 14:00:00+00:00,2023-06-05 14:05:00+00:00,2023-06-05 14:05:00+00:00,New_York,2023-06-05,opening_followthrough_30m,opening_range_breakout,long,26800.52,26764.67357142857,26872.21285714286,26764.67357142857,stop,1,1.0,0.0013375273528807921,-0.0013375273528808407,2.0,0.003,-0.004337527352880841,-1.0000000000000364,-3.242944784298124
2023-06-06 07:35:00+00:00,2023-06-06 07:40:00+00:00,2023-06-06 07:45:00+00:00,London,2023-06-06,opening_followthrough_30m,value_area_bounce,short,25770.65,25790.152857142857,25731.644285714287,25731.644285714287,target,2,1.0,0.0007567856124256348,0.0015135712248512956,2.0,0.003,-0.0014864287751487045,2.000000000000034,-1.9641345590390273
2023-06-06 14:05:00+00:00,2023-06-06 14:10:00+00:00,2023-06-06 14:15:00+00:00,New_York,2023-06-06,opening_followthrough_30m,opening_range_breakout,long,26001.76,25885.29071428571,26234.69857142857,25885.29071428571,stop,2,0.5581248275143049,0.0025,-0.0025000000000000152,1.1162496550286098,0.0016743744825429149,-0.00417437448254293,-1.000000000000006,-1.6697497930171719
2023-06-07 00:00:00+00:00,2023-06-07 00:05:00+00:00,2023-06-07 00:05:00+00:00,Tokyo,2023-06-07,opening_first_30m,value_area_bounce,short,27197.01,27256.77142857143,27077.487142857142,27256.77142857143,stop,1,1.0,0.0021973528917858458,-0.0021973528917857976,2.0,0.003,-0.005197352891785798,-0.9999999999999781,-2.365279109793682
2023-06-07 00:45:00+00:00,2023-06-07 00:50:00+00:00,2023-06-07 00:55:00+00:00,Tokyo,2023-06-07,opening_followthrough_30m,value_area_bounce,short,27243.0,27305.56642857143,27117.867142857143,27179.8,phase_end,2,1.0,0.00229660568114482,0.0023198619828946887,2.0,0.003,-0.0006801380171053114,1.0101263799618732,-0.29614923566951806
2023-06-07 07:30:00+00:00,2023-06-07 07:35:00+00:00,2023-06-07 07:40:00+00:00,London,2023-06-07,opening_followthrough_30m,opening_range_breakout,long,26893.93,26856.860714285714,26968.068571428572,26856.860714285714,stop,2,1.0,0.001378351386884924,-0.0013783513868849129,2.0,0.003,-0.004378351386884913,-0.999999999999992,-3.1765132088559747
2023-06-08 13:35:00+00:00,2023-06-08 13:40:00+00:00,2023-06-08 13:55:00+00:00,New_York,2023-06-08,opening_first_30m,value_area_bounce,long,26438.17,26362.102857142854,26590.304285714283,26362.102857142854,stop,4,0.8689089995680488,0.0025,-0.002500000000000051,1.7378179991360976,0.0026067269987041465,-0.005106726998704197,-1.0000000000000202,-2.042690799481679
2023-06-09 00:00:00+00:00,2023-06-09 00:05:00+00:00,2023-06-09 00:05:00+00:00,Tokyo,2023-06-09,opening_first_30m,value_area_bounce,long,26509.42,26489.05857142857,26550.142857142855,26489.05857142857,stop,1,1.0,0.0007680827634640315,-0.000768082763464073,2.0,0.003,-0.003768082763464073,-1.000000000000054,-4.905829088612959
2023-06-09 07:30:00+00:00,2023-06-09 07:35:00+00:00,2023-06-09 07:55:00+00:00,London,2023-06-09,opening_followthrough_30m,value_area_bounce,long,26472.22,26446.865714285716,26522.928571428572,26493.43,phase_end,5,1.0,0.0009577695302579705,0.000801217276072741,2.0,0.003,-0.002198782723927259,0.8365449628126477,-2.295732589587631
2023-06-09 13:30:00+00:00,2023-06-09 13:35:00+00:00,2023-06-09 13:55:00+00:00,New_York,2023-06-09,opening_first_30m,value_area_bounce,short,26652.68,26695.03,26567.98,26634.65,phase_end,5,1.0,0.001588958408685369,0.0006764798136622563,2.0,0.003,-0.0023235201863377438,0.4257378984651615,-1.4622913813459204
2023-06-12 00:50:00+00:00,2023-06-12 00:55:00+00:00,2023-06-12 00:55:00+00:00,Tokyo,2023-06-12,opening_followthrough_30m,opening_range_breakout,long,25975.44,25933.327857142856,26059.664285714283,25965.13,phase_end,1,1.0,0.0016212292402801485,-0.00039691339203484777,2.0,0.003,-0.003396913392034848,-0.24482249775254553,-2.0952702478076826
2023-06-12 15:05:00+00:00,2023-06-12 15:10:00+00:00,2023-06-12 15:25:00+00:00,London,2023-06-12,closing_last_30m,value_area_bounce,long,25808.95,25761.806428571428,25903.237142857142,25808.5,phase_end,4,1.0,0.0018266365516059761,-1.7435811995425432e-05,2.0,0.003,-0.0030174358119954255,-0.009545309919532646,-1.651908152906773
2023-06-13 00:00:00+00:00,2023-06-13 00:05:00+00:00,2023-06-13 00:05:00+00:00,Tokyo,2023-06-13,opening_first_30m,value_area_bounce,long,25914.2,25895.024285714288,25952.55142857143,25895.024285714288,stop,1,1.0,0.0007399693714532859,-0.000739969371453264,2.0,0.003,-0.003739969371453264,-0.9999999999999704,-5.054221858004791
2023-06-13 00:35:00+00:00,2023-06-13 00:40:00+00:00,2023-06-13 00:50:00+00:00,Tokyo,2023-06-13,opening_followthrough_30m,value_area_bounce,short,25928.98,25962.65357142857,25861.632857142857,25861.632857142857,target,3,1.0,0.0012986847700361315,0.0025973695400722807,2.0,0.003,-0.00040263045992771935,2.0000000000000138,-0.3100293999108941
2023-06-14 13:40:00+00:00,2023-06-14 13:45:00+00:00,2023-06-14 13:55:00+00:00,New_York,2023-06-14,opening_first_30m,value_area_bounce,short,25980.99,26011.598571428574,25919.77285714286,25990.0,phase_end,3,1.0,0.0011781141299300648,-0.0003467920198574337,2.0,0.003,-0.0033467920198574337,-0.2943619901053389,-2.8408045832164883
2023-06-15 06:10:00+00:00,2023-06-15 06:15:00+00:00,2023-06-15 06:20:00+00:00,Tokyo,2023-06-15,after_close_30m,value_area_bounce,long,25071.1,25028.709285714285,25155.88142857143,25028.709285714285,stop,2,1.0,0.0016908198796907448,-0.0016908198796906637,2.0,0.003,-0.004690819879690664,-0.999999999999952,-2.7742871585757714
2023-06-15 19:45:00+00:00,2023-06-15 19:50:00+00:00,2023-06-15 19:55:00+00:00,New_York,2023-06-15,closing_last_30m,value_area_bounce,short,25385.9,25455.75,25246.2,25455.75,stop,2,0.908586256263417,0.0025,-0.0024999999999998613,1.817172512526834,0.002725758768790251,-0.005225758768790112,-0.9999999999999445,-2.0903035075160448
2023-06-16 06:00:00+00:00,2023-06-16 06:05:00+00:00,2023-06-16 06:10:00+00:00,Tokyo,2023-06-16,after_close_30m,value_area_bounce,short,25537.98,25560.48857142857,25492.962857142855,25560.48857142857,stop,2,1.0,0.0008813763433353623,-0.0008813763433352939,2.0,0.003,-0.003881376343335294,-0.9999999999999224,-4.403767326732567
2023-06-16 07:15:00+00:00,2023-06-16 07:20:00+00:00,2023-06-16 07:25:00+00:00,London,2023-06-16,opening_first_30m,value_area_bounce,short,25577.52,25600.232142857145,25532.095714285715,25582.28,phase_end,2,1.0,0.000887972831499817,-0.0001861009198702579,2.0,0.003,-0.003186100919870258,-0.209579520080504,-3.5880612636411664
2023-06-16 13:30:00+00:00,2023-06-16 13:35:00+00:00,2023-06-16 13:45:00+00:00,New_York,2023-06-16,opening_first_30m,value_area_bounce,short,25573.28,25599.406428571427,25521.02714285714,25521.02714285714,target,3,1.0,0.0010216299423237405,0.002043259884647597,2.0,0.003,-0.0009567401153524032,2.0000000000001132,-0.9364840200124296
2023-06-19 07:05:00+00:00,2023-06-19 07:10:00+00:00,2023-06-19 07:15:00+00:00,London,2023-06-19,opening_first_30m,value_area_bounce,long,26420.36,26408.214285714286,26444.65142857143,26408.214285714286,stop,2,1.0,0.0004597104008315491,-0.0004597104008315922,2.0,0.003,-0.0034597104008315923,-1.0000000000000937,-7.525847565279099
2023-06-19 07:30:00+00:00,2023-06-19 07:35:00+00:00,2023-06-19 07:40:00+00:00,London,2023-06-19,opening_followthrough_30m,value_area_bounce,long,26412.77,26399.538571428573,26439.232857142855,26439.232857142855,target,2,1.0,0.0005009481614926479,0.0010018963229851963,2.0,0.003,-0.001998103677014804,1.9999999999998013,-3.988643597495524
2023-06-20 14:00:00+00:00,2023-06-20 14:05:00+00:00,2023-06-20 14:05:00+00:00,New_York,2023-06-20,opening_followthrough_30m,value_area_bounce,long,26833.34,26785.757857142857,26928.504285714287,26785.757857142857,stop,1,1.0,0.0017732471193352263,-0.0017732471193352417,2.0,0.003,-0.004773247119335242,-1.0000000000000087,-2.691811573969841
2023-06-21 06:15:00+00:00,2023-06-21 06:20:00+00:00,2023-06-21 06:25:00+00:00,Tokyo,2023-06-21,after_close_30m,value_area_bounce,short,28822.0,28881.174285714285,28703.65142857143,28828.97,phase_end,2,1.0,0.002053094362441368,-0.00024182915828196982,2.0,0.003,-0.00324182915828197,-0.11778764907542139,-1.5789966684371284
2023-06-22 00:30:00+00:00,2023-06-22 00:35:00+00:00,2023-06-22 00:35:00+00:00,Tokyo,2023-06-22,opening_followthrough_30m,opening_range_breakout,long,30219.01,30151.544285714284,30353.941428571427,30151.544285714284,stop,1,1.0,0.0022325587200147873,-0.002232558720014821,2.0,0.003,-0.005232558720014821,-1.000000000000015,-2.3437496506162057
2023-06-22 07:35:00+00:00,2023-06-22 07:40:00+00:00,2023-06-22 07:45:00+00:00,London,2023-06-22,opening_followthrough_30m,opening_range_breakout,short,30025.6,30072.914285714287,29930.971428571425,30072.914285714287,stop,2,1.0,0.0015757981760326722,-0.0015757981760327056,2.0,0.003,-0.004575798176032706,-1.000000000000021,-2.903797101449261
2023-06-22 14:20:00+00:00,2023-06-22 14:25:00+00:00,2023-06-22 14:25:00+00:00,New_York,2023-06-22,opening_followthrough_30m,value_area_bounce,short,30142.67,30225.546428571426,29976.917142857143,30151.59,phase_end,1,0.9092654726917093,0.0025,-0.0002690753014384733,1.8185309453834186,0.002727796418075128,-0.0029968717195136014,-0.10763012057538933,-1.1987486878054405
2023-06-23 14:15:00+00:00,2023-06-23 14:20:00+00:00,2023-06-23 14:20:00+00:00,New_York,2023-06-23,opening_followthrough_30m,opening_range_breakout,long,30157.99,30084.12142857143,30305.727142857144,30084.12142857143,stop,1,1.0,0.00244938642888905,-0.0024493864288890332,2.0,0.003,-0.005449386428889033,-0.9999999999999931,-2.2247965305175104
2023-06-26 00:10:00+00:00,2023-06-26 00:15:00+00:00,2023-06-26 00:15:00+00:00,Tokyo,2023-06-26,opening_first_30m,value_area_bounce,short,30403.25,30436.777142857143,30336.195714285717,30436.777142857143,stop,1,1.0,0.0011027486488168828,-0.0011027486488168758,2.0,0.003,-0.004102748648816876,-0.9999999999999937,-3.7204748817589883
2023-06-26 07:30:00+00:00,2023-06-26 07:35:00+00:00,2023-06-26 07:50:00+00:00,London,2023-06-26,opening_followthrough_30m,opening_range_breakout,short,30349.39,30412.722857142857,30222.724285714285,30412.722857142857,stop,4,1.0,0.002086791765595862,-0.0020867917655957857,2.0,0.003,-0.005086791765595786,-0.9999999999999635,-2.437613493334494
2023-06-26 15:05:00+00:00,2023-06-26 15:10:00+00:00,2023-06-26 15:25:00+00:00,London,2023-06-26,closing_last_30m,value_area_bounce,long,30396.99,30309.199285714287,30572.57142857143,30367.88,phase_end,4,0.8656094852205278,0.0025,-0.0008289601080492198,1.7312189704410557,0.0025968284556615834,-0.0034257885637108032,-0.3315840432196879,-1.3703154254843213
2023-06-27 00:35:00+00:00,2023-06-27 00:40:00+00:00,2023-06-27 00:40:00+00:00,Tokyo,2023-06-27,opening_followthrough_30m,opening_range_breakout,long,30363.98,30329.129285714283,30433.681428571428,30329.129285714283,stop,1,1.0,0.0011477650257217446,-0.0011477650257217809,2.0,0.003,-0.004147765025721781,-1.0000000000000315,-3.613775409399287
2023-06-27 14:00:00+00:00,2023-06-27 14:05:00+00:00,2023-06-27 14:05:00+00:00,New_York,2023-06-27,opening_followthrough_30m,opening_range_breakout,long,30849.83,30787.42142857143,30974.647142857146,30974.647142857146,target,1,1.0,0.002022979427393012,0.004045958854786091,2.0,0.003,0.0010459588547860913,2.0000000000000333,0.5170387996154787
2023-06-28 00:00:00+00:00,2023-06-28 00:05:00+00:00,2023-06-28 00:10:00+00:00,Tokyo,2023-06-28,opening_first_30m,value_area_bounce,short,30674.44,30699.34857142857,30624.622857142855,30624.622857142855,target,2,1.0,0.0008120301928436677,0.0016240603856874092,2.0,0.003,-0.0013759396143125909,2.0000000000000906,-1.694443909153372
2023-06-28 07:40:00+00:00,2023-06-28 07:45:00+00:00,2023-06-28 07:55:00+00:00,London,2023-06-28,opening_followthrough_30m,opening_range_breakout,short,30205.47,30262.7,30091.010000000002,30186.13,phase_end,3,1.0,0.0018946899352997924,0.000640281379498453,2.0,0.003,-0.002359718620501547,0.33793464965925557,-1.2454378822296188
2023-06-28 15:10:00+00:00,2023-06-28 15:15:00+00:00,2023-06-28 15:25:00+00:00,London,2023-06-28,closing_last_30m,value_area_bounce,short,30320.0,30403.803571428572,30152.39285714286,30375.01,phase_end,3,0.9044960579586618,0.0025,-0.0016410398465800163,1.8089921159173237,0.0027134881738759857,-0.004354528020456002,-0.6564159386320065,-1.7418112081824009
2023-06-29 05:35:00+00:00,2023-06-29 05:40:00+00:00,2023-06-29 05:55:00+00:00,Tokyo,2023-06-29,closing_last_30m,value_area_bounce,short,30202.98,30219.123571428572,30170.692857142854,30183.0,phase_end,4,1.0,0.000534502603007115,0.000661524127751667,2.0,0.003,-0.002338475872248333,1.2376443520198557,-4.375050484491662
2023-06-29 13:35:00+00:00,2023-06-29 13:40:00+00:00,2023-06-29 13:55:00+00:00,New_York,2023-06-29,opening_first_30m,value_area_bounce,short,30706.37,30761.928571428572,30595.252857142856,30595.252857142856,target,4,1.0,0.001809350028302651,0.0036187000566052507,2.0,0.003,0.0006187000566052507,1.9999999999999718,0.34194602864413826
2023-06-29 20:10:00+00:00,2023-06-29 20:15:00+00:00,2023-06-29 20:20:00+00:00,New_York,2023-06-29,after_close_30m,value_area_bounce,short,30494.61,30530.647142857142,30422.535714285714,30422.535714285714,target,2,1.0,0.0011817545086539275,0.0023635090173078632,2.0,0.003,-0.0006364909826921368,2.000000000000007,-0.5385983112661269
2023-06-30 13:35:00+00:00,2023-06-30 13:40:00+00:00,2023-06-30 13:45:00+00:00,New_York,2023-06-30,opening_first_30m,value_area_bounce,short,30241.06,30373.710000000003,29975.760000000002,29975.760000000002,target,2,0.5699408217112708,0.0025,0.004999999999999969,1.1398816434225416,0.0017098224651338125,0.0032901775348661566,1.9999999999999876,1.3160710139464626
2023-07-03 07:15:00+00:00,2023-07-03 07:20:00+00:00,2023-07-03 07:25:00+00:00,London,2023-07-03,opening_first_30m,value_area_bounce,long,30683.92,30659.349285714285,30733.061428571425,30710.74,phase_end,2,1.0,0.0008007684248203749,0.0008740734560643837,2.0,0.003,-0.0021259265439356164,1.09154335881869,-2.6548581063401637
2023-07-03 07:35:00+00:00,2023-07-03 07:40:00+00:00,2023-07-03 07:45:00+00:00,London,2023-07-03,opening_followthrough_30m,opening_range_breakout,long,30746.16,30716.645714285714,30805.18857142857,30716.645714285714,stop,2,1.0,0.0009599340442606741,-0.0009599340442606463,2.0,0.003,-0.003959934044260646,-0.9999999999999711,-4.125214714423973
2023-07-04 00:45:00+00:00,2023-07-04 00:50:00+00:00,2023-07-04 00:55:00+00:00,Tokyo,2023-07-04,opening_followthrough_30m,value_area_bounce,short,31142.76,31164.97071428571,31098.33857142857,31098.33857142857,target,2,1.0,0.0007131902980247929,0.0014263805960496034,2.0,0.003,-0.0015736194039503966,2.0000000000000244,-2.2064509406656176
2023-07-05 00:30:00+00:00,2023-07-05 00:35:00+00:00,2023-07-05 00:45:00+00:00,Tokyo,2023-07-05,opening_followthrough_30m,value_area_bounce,short,30810.01,30827.702142857142,30774.62571428571,30774.62571428571,target,3,1.0,0.0005742335967155896,0.0011484671934312018,2.0,0.003,-0.0018515328065687982,2.000000000000039,-3.224354717590371
2023-07-05 13:40:00+00:00,2023-07-05 13:45:00+00:00,2023-07-05 13:45:00+00:00,New_York,2023-07-05,opening_first_30m,value_area_bounce,long,30374.34,30315.06142857143,30492.897142857142,30315.06142857143,stop,1,1.0,0.0019516003122560534,-0.0019516003122560521,2.0,0.003,-0.004951600312256052,-0.9999999999999993,-2.537199999999997
2023-07-05 14:00:00+00:00,2023-07-05 14:05:00+00:00,2023-07-05 14:10:00+00:00,New_York,2023-07-05,opening_followthrough_30m,opening_range_breakout,long,30410.19,30344.667142857143,30541.235714285714,30344.667142857143,stop,2,1.0,0.002154634914903767,-0.0021546349149037525,2.0,0.003,-0.0051546349149037525,-0.9999999999999933,-2.392347250686772
2023-07-06 00:30:00+00:00,2023-07-06 00:35:00+00:00,2023-07-06 00:55:00+00:00,Tokyo,2023-07-06,opening_followthrough_30m,value_area_bounce,short,30440.45,30472.145,30377.06,30413.1,phase_end,5,1.0,0.0010412132540747751,0.0008984755481604711,2.0,0.003,-0.002101524451839529,0.8629121312510173,-2.018342009780647
2023-07-06 07:15:00+00:00,2023-07-06 07:20:00+00:00,2023-07-06 07:20:00+00:00,London,2023-07-06,opening_first_30m,value_area_bounce,short,30721.86,30760.448571428573,30644.682857142856,30760.448571428573,stop,1,1.0,0.0012560623422075375,-0.0012560623422075423,2.0,0.003,-0.004256062342207542,-1.0000000000000038,-3.388416481563714
2023-07-06 07:30:00+00:00,2023-07-06 07:35:00+00:00,2023-07-06 07:50:00+00:00,London,2023-07-06,opening_followthrough_30m,opening_range_breakout,long,30828.05,30785.215714285714,30913.71857142857,30785.215714285714,stop,4,1.0,0.0013894581627539205,-0.0013894581627539315,2.0,0.003,-0.004389458162753932,-1.000000000000008,-3.159115028014935
2023-07-07 00:40:00+00:00,2023-07-07 00:45:00+00:00,2023-07-07 00:55:00+00:00,Tokyo,2023-07-07,opening_followthrough_30m,opening_range_breakout,long,30083.72,29984.472142857143,30282.215714285714,30052.6,phase_end,3,0.7577926835412098,0.0025,-0.0007838960179061898,1.5155853670824195,0.0022733780506236294,-0.0030572740685298194,-0.3135584071624759,-1.2229096274119278
2023-07-07 06:20:00+00:00,2023-07-07 06:25:00+00:00,2023-07-07 06:25:00+00:00,Tokyo,2023-07-07,after_close_30m,value_area_bounce,short,30132.7,30183.975714285716,30030.148571428574,30137.43,phase_end,1,1.0,0.0017016634515232226,-0.00015697232574574116,2.0,0.003,-0.0031569723257457412,-0.09224639901928278,-1.8552272030758004
2023-07-07 07:35:00+00:00,2023-07-07 07:40:00+00:00,2023-07-07 07:40:00+00:00,London,2023-07-07,opening_followthrough_30m,value_area_bounce,long,30118.8,30086.141428571427,30184.11714285714,30086.141428571427,stop,1,1.0,0.001084325120143266,-0.0010843251201433368,2.0,0.003,-0.004084325120143337,-1.0000000000000655,-3.766697869734584
2023-07-10 00:15:00+00:00,2023-07-10 00:20:00+00:00,2023-07-10 00:20:00+00:00,Tokyo,2023-07-10,opening_first_30m,value_area_bounce,long,30038.64,30002.035714285714,30111.84857142857,30002.035714285714,stop,1,1.0,0.001218573334687786,-0.001218573334687778,2.0,0.003,-0.004218573334687778,-0.9999999999999934,-3.461895328415856
2023-07-10 00:30:00+00:00,2023-07-10 00:35:00+00:00,2023-07-10 00:40:00+00:00,Tokyo,2023-07-10,opening_followthrough_30m,opening_range_breakout,long,30199.1,30147.131428571425,30303.03714285714,30147.131428571425,stop,2,1.0,0.0017208649075161771,-0.0017208649075162175,2.0,0.003,-0.0047208649075162175,-1.0000000000000235,-2.7433094177799884
2023-07-10 13:50:00+00:00,2023-07-10 13:55:00+00:00,2023-07-10 13:55:00+00:00,New_York,2023-07-10,opening_first_30m,value_area_bounce,short,30231.99,30266.01642857143,30163.937142857143,30209.7,phase_end,1,1.0,0.0011255107113831743,0.0007372984709244079,2.0,0.003,-0.002262701529075592,0.6550790352037782,-2.010377605642588
2023-07-11 07:15:00+00:00,2023-07-11 07:20:00+00:00,2023-07-11 07:25:00+00:00,London,2023-07-11,opening_first_30m,value_area_bounce,short,30569.99,30613.188571428575,30483.59285714286,30580.06,phase_end,2,1.0,0.0014131038782993174,-0.0003294080240130448,2.0,0.003,-0.003329408024013045,-0.23310956050130596,-2.3560957372928706
2023-07-11 13:45:00+00:00,2023-07-11 13:50:00+00:00,2023-07-11 13:55:00+00:00,New_York,2023-07-11,opening_first_30m,value_area_bounce,long,30415.6,30377.47714285714,30491.84571428571,30450.0,phase_end,2,1.0,0.0012533981622212603,0.0011309985665250988,2.0,0.003,-0.0018690014334749013,0.9023457992955358,-1.4911474181218478
2023-07-11 14:05:00+00:00,2023-07-11 14:10:00+00:00,2023-07-11 14:20:00+00:00,New_York,2023-07-11,opening_followthrough_30m,value_area_bounce,short,30402.67,30448.069285714282,30311.871428571427,30448.069285714282,stop,3,1.0,0.0014932664043745324,-0.001493266404374527,2.0,0.003,-0.004493266404374527,-0.9999999999999963,-3.009018612627645
2023-07-12 00:00:00+00:00,2023-07-12 00:05:00+00:00,2023-07-12 00:15:00+00:00,Tokyo,2023-07-12,opening_first_30m,value_area_bounce,short,30612.9,30634.84928571429,30569.00142857143,30569.00142857143,target,3,1.0,0.0007169946563143399,0.001433989312628614,2.0,0.003,-0.001566010687371386,1.9999999999999083,-2.1841316020698853
2023-07-12 00:50:00+00:00,2023-07-12 00:55:00+00:00,2023-07-12 00:55:00+00:00,Tokyo,2023-07-12,opening_followthrough_30m,opening_range_breakout,short,30522.0,30541.384285714284,30483.231428571427,30509.98,phase_end,1,1.0,0.0006350922519587684,0.0003938142978835435,2.0,0.003,-0.0026061857021164566,0.6200899108262319,-4.1036332817451155
2023-07-12 06:15:00+00:00,2023-07-12 06:20:00+00:00,2023-07-12 06:20:00+00:00,Tokyo,2023-07-12,after_close_30m,value_area_bounce,short,30629.75,30651.84,30585.570000000003,30651.84,stop,1,1.0,0.0007211942637468182,-0.0007211942637468383,2.0,0.003,-0.0037211942637468383,-1.0000000000000278,-5.159766862834058
2023-07-13 15:50:00+00:00,2023-07-13 15:55:00+00:00,2023-07-13 15:55:00+00:00,London,2023-07-13,after_close_30m,value_area_bounce,short,30854.0,30949.885000000002,30662.23,30949.885000000002,stop,1,0.8044532512906067,0.0025,-0.0025000000000000347,1.6089065025812135,0.0024133597538718203,-0.004913359753871855,-1.0000000000000138,-1.9653439015487417
2023-07-14 00:00:00+00:00,2023-07-14 00:05:00+00:00,2023-07-14 00:15:00+00:00,Tokyo,2023-07-14,opening_first_30m,value_area_bounce,short,31436.01,31483.149999999998,31341.729999999996,31483.149999999998,stop,3,1.0,0.001499554173700812,-0.0014995541737008455,2.0,0.003,-0.004499554173700846,-1.0000000000000224,-3.000594611794657
2023-07-14 00:50:00+00:00,2023-07-14 00:55:00+00:00,2023-07-14 00:55:00+00:00,Tokyo,2023-07-14,opening_followthrough_30m,value_area_bounce,short,31393.43,31466.650714285715,31246.988571428574,31444.01,phase_end,1,1.0,0.002332357894174483,-0.0016111651386929715,2.0,0.003,-0.004611165138692972,-0.6907881259206272,-1.977040123306227
2023-07-14 07:30:00+00:00,2023-07-14 07:35:00+00:00,2023-07-14 07:50:00+00:00,London,2023-07-14,opening_followthrough_30m,opening_range_breakout,short,31204.06,31234.960000000003,31142.260000000002,31142.260000000002,target,4,1.0,0.0009902557551805808,0.0019805115103611604,2.0,0.003,-0.0010194884896388397,1.9999999999999987,-1.0295203883495008
2023-07-17 07:35:00+00:00,2023-07-17 07:40:00+00:00,2023-07-17 07:55:00+00:00,London,2023-07-17,opening_followthrough_30m,value_area_bounce,long,30269.99,30255.813571428575,30298.34285714286,30281.0,phase_end,4,1.0,0.0004683327801372955,0.0003637265820040092,2.0,0.003,-0.002636273417995991,0.7766413059905392,-5.629060210611664
2023-07-18 00:00:00+00:00,2023-07-18 00:05:00+00:00,2023-07-18 00:05:00+00:00,Tokyo,2023-07-18,opening_first_30m,value_area_bounce,short,30128.04,30151.527142857143,30081.065714285716,30151.527142857143,stop,1,1.0,0.0007795775250279075,-0.0007795775250278858,2.0,0.003,-0.003779577525027886,-0.9999999999999721,-4.848238185025387
2023-07-18 06:20:00+00:00,2023-07-18 06:25:00+00:00,2023-07-18 06:25:00+00:00,Tokyo,2023-07-18,after_close_30m,value_area_bounce,long,30089.99,30064.63285714286,30140.704285714288,30064.63285714286,stop,1,1.0,0.0008427102454052858,-0.000842710245405276,2.0,0.003,-0.003842710245405276,-0.9999999999999883,-4.559942478873264
2023-07-18 07:15:00+00:00,2023-07-18 07:20:00+00:00,2023-07-18 07:25:00+00:00,London,2023-07-18,opening_first_30m,value_area_bounce,long,30037.1,29989.332142857143,30132.635714285712,30020.57,phase_end,2,1.0,0.0015902952396488637,-0.0005503194382946441,2.0,0.003,-0.003550319438294644,-0.34604859813084415,-2.2324907663551534
2023-07-19 00:30:00+00:00,2023-07-19 00:35:00+00:00,2023-07-19 00:55:00+00:00,Tokyo,2023-07-19,opening_followthrough_30m,opening_range_breakout,long,30000.0,29969.964285714286,30060.07142857143,30060.07142857143,target,5,1.0,0.001001190476190511,0.002002380952381033,2.0,0.003,-0.0009976190476189669,2.000000000000011,-0.9964328180736065
2023-07-19 06:00:00+00:00,2023-07-19 06:05:00+00:00,2023-07-19 06:20:00+00:00,Tokyo,2023-07-19,after_close_30m,value_area_bounce,short,30092.0,30109.917857142857,30056.164285714283,30056.164285714283,target,4,1.0,0.0005954359013311697,0.0011908718026624188,2.0,0.003,-0.0018091281973375813,2.0000000000001332,-3.038325692644757
2023-07-19 13:30:00+00:00,2023-07-19 13:35:00+00:00,2023-07-19 13:45:00+00:00,New_York,2023-07-19,opening_first_30m,value_area_bounce,long,29977.01,29941.909285714282,30047.211428571427,30047.211428571427,target,3,1.0,0.0011709211254129174,0.0023418422508258985,2.0,0.003,-0.0006581577491741016,2.0000000000000546,-0.5620854683461337
2023-07-20 00:30:00+00:00,2023-07-20 00:35:00+00:00,2023-07-20 00:45:00+00:00,Tokyo,2023-07-20,opening_followthrough_30m,opening_range_breakout,long,29950.68,29923.737857142856,30004.564285714285,30004.564285714285,target,3,1.0,0.0008995502892469474,0.0017991005784938618,2.0,0.003,-0.0012008994215061382,1.9999999999999634,-1.3349997613935105
2023-07-20 06:05:00+00:00,2023-07-20 06:10:00+00:00,2023-07-20 06:25:00+00:00,Tokyo,2023-07-20,after_close_30m,value_area_bounce,short,30135.54,30175.660714285714,30055.298571428575,30175.660714285714,stop,4,1.0,0.0013313421390727916,-0.001331342139072822,2.0,0.003,-0.004331342139072822,-1.0000000000000229,-3.253365165838865
2023-07-20 07:05:00+00:00,2023-07-20 07:10:00+00:00,2023-07-20 07:15:00+00:00,London,2023-07-20,opening_first_30m,value_area_bounce,short,30110.0,30142.75642857143,30044.487142857146,30142.75642857143,stop,2,1.0,0.0010878920149926205,-0.0010878920149925975,2.0,0.003,-0.0040878920149925975,-0.9999999999999789,-3.7576266381735755
2023-07-21 00:20:00+00:00,2023-07-21 00:25:00+00:00,2023-07-21 00:25:00+00:00,Tokyo,2023-07-21,opening_first_30m,value_area_bounce,long,29820.0,29800.785714285714,29858.428571428572,29800.785714285714,stop,1,1.0,0.0006443422439398208,-0.0006443422439398327,2.0,0.003,-0.003644342243939833,-1.0000000000000184,-5.655910780669226
2023-07-21 00:40:00+00:00,2023-07-21 00:45:00+00:00,2023-07-21 00:45:00+00:00,Tokyo,2023-07-21,opening_followthrough_30m,opening_range_breakout,long,29824.01,29795.869285714285,29880.291428571425,29795.869285714285,stop,1,1.0,0.000943559041380203,-0.0009435590413802153,2.0,0.003,-0.003943559041380215,-1.0000000000000129,-4.1794512780161845
2023-07-21 07:50:00+00:00,2023-07-21 07:55:00+00:00,2023-07-21 07:55:00+00:00,London,2023-07-21,opening_followthrough_30m,opening_range_breakout,short,29774.0,29792.064285714285,29737.87142857143,29766.81,phase_end,1,1.0,0.0006067134316613502,0.0002414858601463843,2.0,0.003,-0.0027585141398536158,0.3980229339659233,-4.546650850138651
2023-07-24 00:00:00+00:00,2023-07-24 00:05:00+00:00,2023-07-24 00:25:00+00:00,Tokyo,2023-07-24,opening_first_30m,value_area_bounce,short,30076.95,30100.163571428573,30030.522857142856,30080.02,phase_end,5,1.0,0.0007718060318141149,-0.00010207151988472773,2.0,0.003,-0.003102071519884728,-0.13225022308365567,-4.019237207298535
2023-07-24 15:20:00+00:00,2023-07-24 15:25:00+00:00,2023-07-24 15:25:00+00:00,London,2023-07-24,closing_last_30m,value_area_bounce,long,29130.0,29044.17142857143,29301.65714285714,29104.99,phase_end,1,0.8484936750998705,0.0025,-0.0007284870173102076,1.696987350199741,0.0025454810252996114,-0.003273968042609819,-0.29139480692408304,-1.3095872170439276
2023-07-24 20:00:00+00:00,2023-07-24 20:05:00+00:00,2023-07-24 20:05:00+00:00,New_York,2023-07-24,after_close_30m,value_area_bounce,short,29110.84,29132.660714285714,29067.198571428573,29132.660714285714,stop,1,1.0,0.0007495735020258392,-0.0007495735020257577,2.0,0.003,-0.0037495735020257577,-0.9999999999998912,-5.002275950112899
2023-07-25 06:15:00+00:00,2023-07-25 06:20:00+00:00,2023-07-25 06:25:00+00:00,Tokyo,2023-07-25,after_close_30m,value_area_bounce,short,29128.0,29141.215,29101.57,29141.215,stop,2,1.0,0.0004536871738533331,-0.00045368717385341206,2.0,0.003,-0.003453687173853412,-1.000000000000174,-7.612485811577984
2023-07-25 07:15:00+00:00,2023-07-25 07:20:00+00:00,2023-07-25 07:25:00+00:00,London,2023-07-25,opening_first_30m,value_area_bounce,short,29140.56,29154.219285714287,29113.24142857143,29154.219285714287,stop,2,1.0,0.0004687379279699986,-0.0004687379279699755,2.0,0.003,-0.0034687379279699755,-0.9999999999999507,-7.400164827694487
2023-07-25 07:45:00+00:00,2023-07-25 07:50:00+00:00,2023-07-25 07:50:00+00:00,London,2023-07-25,opening_followthrough_30m,opening_range_breakout,short,29127.5,29140.57,29101.36,29140.57,stop,1,1.0,0.0004487168483391973,-0.00044871684833913683,2.0,0.003,-0.003448716848339137,-0.9999999999998653,-7.685730680948619
2023-07-26 14:05:00+00:00,2023-07-26 14:10:00+00:00,2023-07-26 14:15:00+00:00,New_York,2023-07-26,opening_followthrough_30m,opening_range_breakout,short,29222.0,29263.395,29139.21,29263.395,stop,2,1.0,0.0014165697077544287,-0.0014165697077543893,2.0,0.003,-0.004416569707754389,-0.9999999999999721,-3.1177920038651776
2023-07-27 13:30:00+00:00,2023-07-27 13:35:00+00:00,2023-07-27 13:35:00+00:00,New_York,2023-07-27,opening_first_30m,value_area_bounce,long,29502.5,29483.46285714286,29540.574285714287,29483.46285714286,stop,1,1.0,0.0006452721924292141,-0.0006452721924291582,2.0,0.003,-0.0036452721924291583,-0.9999999999999135,-5.6492008104456515
2023-07-27 14:05:00+00:00,2023-07-27 14:10:00+00:00,2023-07-27 14:15:00+00:00,New_York,2023-07-27,opening_followthrough_30m,opening_range_breakout,short,29408.94,29432.309999999998,29362.199999999997,29432.309999999998,stop,2,1.0,0.0007946563187928753,-0.0007946563187928302,2.0,0.003,-0.0037946563187928302,-0.9999999999999433,-4.775216944800883
2023-07-28 07:15:00+00:00,2023-07-28 07:20:00+00:00,2023-07-28 07:20:00+00:00,London,2023-07-28,opening_first_30m,value_area_bounce,long,29185.99,29176.470714285715,29205.02857142857,29176.470714285715,stop,1,1.0,0.0003261594249256402,-0.00032615942492564276,2.0,0.003,-0.003326159424925643,-1.0000000000000078,-10.197955879042773
2023-07-28 07:40:00+00:00,2023-07-28 07:45:00+00:00,2023-07-28 07:50:00+00:00,London,2023-07-28,opening_followthrough_30m,opening_range_breakout,short,29158.96,29170.487857142856,29135.904285714285,29135.904285714285,target,2,1.0,0.00039534527784449726,0.0007906905556890331,2.0,0.003,-0.002209309444310967,2.0000000000000977,-5.588303612367828
2023-07-28 14:15:00+00:00,2023-07-28 14:20:00+00:00,2023-07-28 14:25:00+00:00,New_York,2023-07-28,opening_followthrough_30m,opening_range_breakout,long,29376.0,29349.73142857143,29428.53714285714,29428.53714285714,target,2,1.0,0.0008942187986305417,0.0017884375972609945,2.0,0.003,-0.0012115624027390056,1.9999999999999005,-1.354883619752193
2023-07-31 00:35:00+00:00,2023-07-31 00:40:00+00:00,2023-07-31 00:40:00+00:00,Tokyo,2023-07-31,opening_followthrough_30m,opening_range_breakout,long,29325.99,29310.7,29356.57,29356.57,target,1,1.0,0.000521380522874064,0.0010427610457481862,2.0,0.003,-0.001957238954251814,2.0000000000001115,-3.7539548724657132
2023-07-31 06:10:00+00:00,2023-07-31 06:15:00+00:00,2023-07-31 06:20:00+00:00,Tokyo,2023-07-31,after_close_30m,value_area_bounce,long,29389.8,29375.762142857144,29417.875714285714,29417.875714285714,target,2,1.0,0.0004776438472822993,0.0009552876945646549,2.0,0.003,-0.002044712305435345,2.0000000000001177,-4.280830407571166
2023-07-31 07:20:00+00:00,2023-07-31 07:25:00+00:00,2023-07-31 07:25:00+00:00,London,2023-07-31,opening_first_30m,value_area_bounce,long,29404.0,29390.635714285716,29430.72857142857,29411.6,phase_end,1,1.0,0.00045450570379150285,0.000258468235614151,2.0,0.003,-0.002741531764385849,0.5686798503473107,-6.031897381079914
2023-08-01 00:05:00+00:00,2023-08-01 00:10:00+00:00,2023-08-01 00:10:00+00:00,Tokyo,2023-08-01,opening_first_30m,value_area_bounce,short,29212.01,29222.504285714283,29191.02142857143,29222.504285714283,stop,1,1.0,0.00035924558817709124,-0.00035924558817712615,2.0,0.003,-0.003359245588177126,-1.0000000000000973,-9.350833242581606
2023-08-01 00:35:00+00:00,2023-08-01 00:40:00+00:00,2023-08-01 00:55:00+00:00,Tokyo,2023-08-01,opening_followthrough_30m,opening_range_breakout,long,29257.18,29245.54142857143,29280.457142857143,29280.457142857143,target,4,1.0,0.00039780222935263535,0.0007956044587051903,2.0,0.003,-0.00220439554129481,1.9999999999997977,-5.5414358659631935
2023-08-01 07:35:00+00:00,2023-08-01 07:40:00+00:00,2023-08-01 07:55:00+00:00,London,2023-08-01,opening_followthrough_30m,opening_range_breakout,long,28936.62,28920.49785714286,28968.864285714284,28937.3,phase_end,4,1.0,0.0005571536294543915,2.3499634718815443e-05,2.0,0.003,-0.0029765003652811846,0.04217801603810448,-5.342333259492552
2023-08-02 00:30:00+00:00,2023-08-02 00:35:00+00:00,2023-08-02 00:55:00+00:00,Tokyo,2023-08-02,opening_followthrough_30m,value_area_bounce,short,29757.29,29841.33357142857,29589.202857142856,29822.03,phase_end,5,0.8851744843236018,0.0025,-0.0019257867942648439,1.7703489686472036,0.0026555234529708053,-0.004581310247235649,-0.7703147177059375,-1.8325240988942597
2023-08-02 07:35:00+00:00,2023-08-02 07:40:00+00:00,2023-08-02 07:50:00+00:00,London,2023-08-02,opening_followthrough_30m,value_area_bounce,long,29621.53,29602.732857142855,29659.124285714282,29602.732857142855,stop,3,1.0,0.0006345770409949137,-0.0006345770409950102,2.0,0.003,-0.0036345770409950103,-1.000000000000152,-5.727558367533411
2023-08-02 13:35:00+00:00,2023-08-02 13:40:00+00:00,2023-08-02 13:40:00+00:00,New_York,2023-08-02,opening_first_30m,value_area_bounce,long,29442.98,29412.02,29504.9,29412.02,stop,1,1.0,0.0010515239965519939,-0.0010515239965519507,2.0,0.003,-0.004051523996551951,-0.9999999999999589,-3.853001937984416
2023-08-03 00:20:00+00:00,2023-08-03 00:25:00+00:00,2023-08-03 00:25:00+00:00,Tokyo,2023-08-03,opening_first_30m,value_area_bounce,short,29200.01,29219.73857142857,29160.552857142855,29193.61,phase_end,1,1.0,0.0006756357764456842,0.0002191780071307825,2.0,0.003,-0.0027808219928692176,0.32440260680660193,-4.1158595944967304
2023-08-03 13:40:00+00:00,2023-08-03 13:45:00+00:00,2023-08-03 13:55:00+00:00,New_York,2023-08-03,opening_first_30m,value_area_bounce,short,29165.86,29194.797857142858,29107.984285714287,29194.797857142858,stop,3,1.0,0.000992182542975159,-0.000992182542975062,2.0,0.003,-0.003992182542975062,-0.9999999999999021,-4.02363715350615
2023-08-03 14:20:00+00:00,2023-08-03 14:25:00+00:00,2023-08-03 14:25:00+00:00,New_York,2023-08-03,opening_followthrough_30m,value_area_bounce,short,29196.67,29232.63857142857,29124.732857142855,29212.02,phase_end,1,1.0,0.0012319408832778547,-0.000525744888030033,2.0,0.003,-0.003525744888030033,-0.4267614584160654,-2.86194324410194
2023-08-04 14:00:00+00:00,2023-08-04 14:05:00+00:00,2023-08-04 14:10:00+00:00,New_York,2023-08-04,opening_followthrough_30m,opening_range_breakout,short,29171.49,29207.009285714288,29100.45142857143,29207.009285714288,stop,2,1.0,0.0012176027249306176,-0.0012176027249306554,2.0,0.003,-0.004217602724930655,-1.000000000000031,-3.4638578237174906
2023-08-07 13:40:00+00:00,2023-08-07 13:45:00+00:00,2023-08-07 13:55:00+00:00,New_York,2023-08-07,opening_first_30m,value_area_bounce,short,29055.97,29084.77642857143,28998.357142857145,29030.51,phase_end,3,1.0,0.0009914116985744628,0.0008762398914923253,2.0,0.003,-0.0021237601085076748,0.8838304941854717,-2.142157603709337
2023-08-09 05:50:00+00:00,2023-08-09 05:55:00+00:00,2023-08-09 05:55:00+00:00,Tokyo,2023-08-09,closing_last_30m,value_area_bounce,short,29750.05,29762.444285714286,29725.261428571426,29735.98,phase_end,1,1.0,0.0004166139456668391,0.0004729403816128297,2.0,0.003,-0.0025270596183871704,1.1352005532504046,-6.065710580912786
2023-08-09 07:35:00+00:00,2023-08-09 07:40:00+00:00,2023-08-09 07:55:00+00:00,London,2023-08-09,opening_followthrough_30m,opening_range_breakout,long,29798.39,29778.880714285715,29837.408571428572,29818.0,phase_end,4,1.0,0.000654709389141017,0.000658089245761273,2.0,0.003,-0.002341910754238727,1.005162376890135,-3.5770233222274834
2023-08-10 07:45:00+00:00,2023-08-10 07:50:00+00:00,2023-08-10 07:55:00+00:00,London,2023-08-10,opening_followthrough_30m,opening_range_breakout,short,29495.99,29509.39285714286,29469.184285714287,29509.39285714286,stop,2,1.0,0.0004543959074727392,-0.00045439590747275993,2.0,0.003,-0.00345439590747276,-1.0000000000000455,-7.602172138137052
2023-08-10 14:15:00+00:00,2023-08-10 14:20:00+00:00,2023-08-10 14:20:00+00:00,New_York,2023-08-10,opening_followthrough_30m,value_area_bounce,short,29584.31,29627.540714285715,29497.848571428574,29627.540714285715,stop,1,1.0,0.0014612716769704702,-0.0014612716769704104,2.0,0.003,-0.0044612716769704104,-0.999999999999959,-3.0530063281727213
2023-08-11 07:15:00+00:00,2023-08-11 07:20:00+00:00,2023-08-11 07:25:00+00:00,London,2023-08-11,opening_first_30m,value_area_bounce,short,29442.89,29454.457142857143,29419.755714285715,29442.0,phase_end,2,1.0,0.00039286710160391065,3.0228010905131164e-05,2.0,0.003,-0.002969771989094869,0.07694207731246253,-7.55922798567389
2023-08-11 07:30:00+00:00,2023-08-11 07:35:00+00:00,2023-08-11 07:55:00+00:00,London,2023-08-11,opening_followthrough_30m,opening_range_breakout,short,29433.17,29443.982857142855,29411.544285714284,29417.28,phase_end,5,1.0,0.0003673697784797545,0.000539867095525226,2.0,0.003,-0.002460132904474774,1.4695468357775592,-6.6966121019950755
2023-08-11 13:30:00+00:00,2023-08-11 13:35:00+00:00,2023-08-11 13:35:00+00:00,New_York,2023-08-11,opening_first_30m,value_area_bounce,short,29424.0,29441.457857142857,29389.084285714285,29441.457857142857,stop,1,1.0,0.0005933203216033468,-0.0005933203216033078,2.0,0.003,-0.003593320321603308,-0.9999999999999344,-6.056290659138345
2023-08-14 00:40:00+00:00,2023-08-14 00:45:00+00:00,2023-08-14 00:45:00+00:00,Tokyo,2023-08-14,opening_followthrough_30m,opening_range_breakout,short,29259.0,29275.037857142856,29226.924285714285,29275.037857142856,stop,1,1.0,0.0005481341516407533,-0.0005481341516406779,2.0,0.003,-0.003548134151640678,-0.9999999999998626,-6.473112724357526
2023-08-14 07:35:00+00:00,2023-08-14 07:40:00+00:00,2023-08-14 07:45:00+00:00,London,2023-08-14,opening_followthrough_30m,opening_range_breakout,long,29434.08,29427.457857142857,29447.32428571429,29427.457857142857,stop,2,1.0,0.0002249821586794571,-0.00022498215867949867,2.0,0.003,-0.0032249821586794987,-1.0000000000001847,-14.334390680615195
2023-08-14 14:05:00+00:00,2023-08-14 14:10:00+00:00,2023-08-14 14:25:00+00:00,New_York,2023-08-14,opening_followthrough_30m,opening_range_breakout,long,29422.0,29404.862142857142,29456.275714285715,29456.275714285715,target,4,1.0,0.0005824844382726248,0.0011649688765453803,2.0,0.003,-0.0018350311234546198,2.0000000000002243,-3.1503521860540347
2023-08-15 00:45:00+00:00,2023-08-15 00:50:00+00:00,2023-08-15 00:55:00+00:00,Tokyo,2023-08-15,opening_followthrough_30m,opening_range_breakout,short,29406.83,29415.630714285715,29389.22857142857,29415.630714285715,stop,2,1.0,0.00029927449798957393,-0.000299274497989499,2.0,0.003,-0.003299274497989499,-0.9999999999997496,-11.024242025808823
2023-08-15 06:00:00+00:00,2023-08-15 06:05:00+00:00,2023-08-15 06:25:00+00:00,Tokyo,2023-08-15,after_close_30m,value_area_bounce,long,29379.33,29372.640714285717,29392.708571428575,29372.640714285717,stop,5,1.0,0.00022768680273804124,-0.0002276868027379919,2.0,0.003,-0.003227686802737992,-0.9999999999997833,-14.17599423384902
2023-08-15 07:40:00+00:00,2023-08-15 07:45:00+00:00,2023-08-15 07:45:00+00:00,London,2023-08-15,opening_followthrough_30m,opening_range_breakout,long,29396.35,29389.566428571427,29409.91714285714,29409.91714285714,target,1,1.0,0.0002307623711301142,0.0004615247422601332,2.0,0.003,-0.002538475257739867,1.9999999999995874,-11.000386437824218
2023-08-16 00:45:00+00:00,2023-08-16 00:50:00+00:00,2023-08-16 00:55:00+00:00,Tokyo,2023-08-16,opening_followthrough_30m,opening_range_breakout,long,29239.99,29229.405000000002,29261.160000000003,29229.405000000002,stop,2,1.0,0.0003620042277716294,-0.0003620042277715507,2.0,0.003,-0.003362004227771551,-0.9999999999997827,-9.28719603212058
2023-08-16 13:45:00+00:00,2023-08-16 13:50:00+00:00,2023-08-16 13:50:00+00:00,New_York,2023-08-16,opening_first_30m,value_area_bounce,long,29140.63,29104.590714285714,29212.70857142857,29104.590714285714,stop,1,1.0,0.0012367366702190517,-0.001236736670219063,2.0,0.003,-0.004236736670219063,-1.000000000000009,-3.425738697849599
2023-08-17 00:10:00+00:00,2023-08-17 00:15:00+00:00,2023-08-17 00:15:00+00:00,Tokyo,2023-08-17,opening_first_30m,value_area_bounce,long,28780.0,28735.734285714287,28868.531428571427,28735.734285714287,stop,1,1.0,0.00153807207386081,-0.0015380720738608078,2.0,0.003,-0.004538072073860808,-0.9999999999999986,-2.95049377138063
2023-08-17 00:35:00+00:00,2023-08-17 00:40:00+00:00,2023-08-17 00:40:00+00:00,Tokyo,2023-08-17,opening_followthrough_30m,opening_range_breakout,short,28592.01,28650.635714285712,28474.75857142857,28474.75857142857,target,1,1.0,0.0020504229778079233,0.004100845955615884,2.0,0.003,0.0011008459556158838,2.000000000000018,0.5368872508406933
2023-08-17 14:10:00+00:00,2023-08-17 14:15:00+00:00,2023-08-17 14:25:00+00:00,New_York,2023-08-17,opening_followthrough_30m,opening_range_breakout,short,28367.98,28410.509285714284,28282.92142857143,28410.509285714284,stop,3,1.0,0.0014992003559747712,-0.001499200355974839,2.0,0.003,-0.004499200355974839,-1.0000000000000453,-3.0010667607195742
2023-08-17 15:00:00+00:00,2023-08-17 15:05:00+00:00,2023-08-17 15:25:00+00:00,London,2023-08-17,closing_last_30m,value_area_bounce,long,28454.46,28389.277142857143,28584.825714285715,28401.43,phase_end,5,1.0,0.0022907782169423346,-0.0018636797183990694,2.0,0.003,-0.0048636797183990695,-0.8135574647146139,-2.1231560883667604
2023-08-18 14:05:00+00:00,2023-08-18 14:10:00+00:00,2023-08-18 14:25:00+00:00,New_York,2023-08-18,opening_followthrough_30m,opening_range_breakout,short,26202.02,26267.578571428574,26070.902857142857,26164.01,phase_end,4,0.9991836089865079,0.0025,0.0014494672157940162,1.9983672179730159,0.0029975508269595237,-0.0015480836111655075,0.5797868863176064,-0.619233444466203
2023-08-18 15:40:00+00:00,2023-08-18 15:45:00+00:00,2023-08-18 15:50:00+00:00,London,2023-08-18,after_close_30m,value_area_bounce,long,26070.86,25974.89142857143,26262.797142857144,25974.89142857143,stop,2,0.6791509869302462,0.0025,-0.0024999999999999667,1.3583019738604925,0.0020374529607907386,-0.004537452960790705,-0.9999999999999867,-1.814981184316282
2023-08-21 06:15:00+00:00,2023-08-21 06:20:00+00:00,2023-08-21 06:25:00+00:00,Tokyo,2023-08-21,after_close_30m,value_area_bounce,long,26093.92,26064.264285714286,26153.231428571427,26103.0,phase_end,2,1.0,0.0011364990114829067,0.00034797378086559583,2.0,0.003,-0.0026520262191344042,0.3061804518523591,-2.3335050821329215
2023-08-21 15:05:00+00:00,2023-08-21 15:10:00+00:00,2023-08-21 15:20:00+00:00,London,2023-08-21,closing_last_30m,value_area_bounce,short,26046.57,26090.034285714286,25959.641428571427,25959.641428571427,target,3,1.0,0.0016687143725368052,0.0033374287450735896,2.0,0.003,0.0003374287450735895,1.9999999999999876,0.20220880854560216
2023-08-22 13:30:00+00:00,2023-08-22 13:35:00+00:00,2023-08-22 13:35:00+00:00,New_York,2023-08-22,opening_first_30m,value_area_bounce,long,26038.02,26019.657142857144,26074.745714285717,26019.657142857144,stop,1,1.0,0.000705232469398884,-0.0007052324693987977,2.0,0.003,-0.0037052324693987978,-0.9999999999998777,-5.2539164462422026
2023-08-22 14:00:00+00:00,2023-08-22 14:05:00+00:00,2023-08-22 14:10:00+00:00,New_York,2023-08-22,opening_followthrough_30m,value_area_bounce,long,26036.01,26001.07,26105.89,26001.07,stop,2,1.0,0.001341987501157061,-0.0013419875011569937,2.0,0.003,-0.004341987501156994,-0.9999999999999499,-3.235490269032561
2023-08-23 05:40:00+00:00,2023-08-23 05:45:00+00:00,2023-08-23 05:45:00+00:00,Tokyo,2023-08-23,closing_last_30m,value_area_bounce,long,26018.88,26002.447142857145,26051.745714285717,26002.447142857145,stop,1,1.0,0.0006315743468918331,-0.0006315743468917612,2.0,0.003,-0.0036315743468917612,-0.9999999999998862,-5.750034599669585
2023-08-23 07:05:00+00:00,2023-08-23 07:10:00+00:00,2023-08-23 07:15:00+00:00,London,2023-08-23,opening_first_30m,value_area_bounce,long,26052.12,26015.41857142857,26125.522857142856,26125.522857142856,target,2,1.0,0.0014087693658492598,0.0028175387316984324,2.0,0.003,-0.00018246126830156768,1.999999999999938,-0.1295181970340284
2023-08-23 14:00:00+00:00,2023-08-23 14:05:00+00:00,2023-08-23 14:05:00+00:00,New_York,2023-08-23,opening_followthrough_30m,opening_range_breakout,long,26084.01,26043.179999999997,26165.67,26043.179999999997,stop,1,1.0,0.001565326803662481,-0.0015653268036625034,2.0,0.003,-0.0045653268036625035,-1.0000000000000142,-2.9165326965466623
2023-08-24 00:35:00+00:00,2023-08-24 00:40:00+00:00,2023-08-24 00:45:00+00:00,Tokyo,2023-08-24,opening_followthrough_30m,opening_range_breakout,long,26520.83,26494.03642857143,26574.417142857146,26494.03642857143,stop,2,1.0,0.0010102840457320524,-0.0010102840457320017,2.0,0.003,-0.004010284045732002,-0.9999999999999498,-3.969461917837322
2023-08-24 14:20:00+00:00,2023-08-24 14:25:00+00:00,2023-08-24 14:25:00+00:00,New_York,2023-08-24,opening_followthrough_30m,opening_range_breakout,short,26239.91,26282.495,26154.739999999998,26201.67,phase_end,1,1.0,0.0016229095297964119,0.0014573220716077584,2.0,0.003,-0.0015426779283922417,0.8979687683456847,-0.9505631090759353
2023-08-24 15:10:00+00:00,2023-08-24 15:15:00+00:00,2023-08-24 15:25:00+00:00,London,2023-08-24,closing_last_30m,value_area_bounce,long,26096.72,26025.749285714286,26238.66142857143,26063.89,phase_end,3,0.9192777705089591,0.0025,-0.0011564629273644626,1.8385555410179182,0.0027578333115268775,-0.00391429623889134,-0.46258517094578505,-1.565718495556536
2023-08-25 07:00:00+00:00,2023-08-25 07:05:00+00:00,2023-08-25 07:25:00+00:00,London,2023-08-25,opening_first_30m,value_area_bounce,long,26029.94,26010.68571428571,26068.44857142857,26055.01,phase_end,5,1.0,0.0007396976602437834,0.0009631216975529711,2.0,0.003,-0.002036878302447029,1.302047781570045,-2.753663303160553
2023-08-25 07:40:00+00:00,2023-08-25 07:45:00+00:00,2023-08-25 07:55:00+00:00,London,2023-08-25,opening_followthrough_30m,opening_range_breakout,short,26003.52,26024.870714285717,25960.818571428572,25980.5,phase_end,3,1.0,0.0008210701584137475,0.0008852647641550693,2.0,0.003,-0.002114735235844931,1.0781840687832833,-2.575584088856009
2023-08-25 13:35:00+00:00,2023-08-25 13:40:00+00:00,2023-08-25 13:50:00+00:00,New_York,2023-08-25,opening_first_30m,value_area_bounce,short,26164.7,26193.434285714287,26107.23142857143,26107.23142857143,target,3,1.0,0.0010982081091809052,0.002196416218361752,2.0,0.003,-0.0008035837816382481,1.9999999999999467,-0.7317226807199578
2023-08-28 00:15:00+00:00,2023-08-28 00:20:00+00:00,2023-08-28 00:20:00+00:00,Tokyo,2023-08-28,opening_first_30m,value_area_bounce,short,26090.73,26102.641428571427,26066.90714285714,26066.90714285714,target,1,1.0,0.0004565387235784118,0.0009130774471568515,2.0,0.003,-0.0020869225528431486,2.000000000000061,-4.571184096905449
2023-08-29 05:35:00+00:00,2023-08-29 05:40:00+00:00,2023-08-29 05:55:00+00:00,Tokyo,2023-08-29,closing_last_30m,value_area_bounce,long,26072.66,26056.626428571428,26104.727142857144,26065.15,phase_end,4,1.0,0.0006149572551696595,-0.00028804118950653823,2.0,0.003,-0.0032880411895065383,-0.46839221276781434,-5.346780059696029
2023-08-29 14:00:00+00:00,2023-08-29 14:05:00+00:00,2023-08-29 14:05:00+00:00,New_York,2023-08-29,opening_followthrough_30m,opening_range_breakout,long,26155.52,26128.025714285715,26210.50857142857,26210.50857142857,target,1,1.0,0.0010511848250115406,0.0021023696500230837,2.0,0.003,-0.0008976303499769163,2.0000000000000027,-0.8539224773978844
2023-08-29 15:10:00+00:00,2023-08-29 15:15:00+00:00,2023-08-29 15:25:00+00:00,London,2023-08-29,closing_last_30m,value_area_bounce,short,27415.1,27676.252857142856,26892.794285714284,27407.09,phase_end,3,0.2624430410214048,0.0025,7.667923000758831e-05,0.5248860820428096,0.0007873291230642144,-0.0007106498930566261,0.030671692003035322,-0.2842599572226504
2023-08-30 06:20:00+00:00,2023-08-30 06:25:00+00:00,2023-08-30 06:25:00+00:00,Tokyo,2023-08-30,after_close_30m,value_area_bounce,short,27415.47,27433.200714285715,27380.00857142857,27431.41,phase_end,1,1.0,0.0006467412116485515,-0.0005814235539276513,2.0,0.003,-0.0035814235539276514,-0.8990049550817945,-5.537645490069448
2023-08-30 07:35:00+00:00,2023-08-30 07:40:00+00:00,2023-08-30 07:45:00+00:00,London,2023-08-30,opening_followthrough_30m,opening_range_breakout,long,27461.91,27442.552142857145,27500.625714285714,27442.552142857145,stop,2,1.0,0.0007048984263241985,-0.000704898426324152,2.0,0.003,-0.003704898426324152,-0.999999999999934,-5.255932327220414
2023-08-30 13:35:00+00:00,2023-08-30 13:40:00+00:00,2023-08-30 13:40:00+00:00,New_York,2023-08-30,opening_first_30m,value_area_bounce,long,27356.21,27294.459285714285,27479.711428571427,27294.459285714285,stop,1,1.0,0.002257283237908849,-0.002257283237908858,2.0,0.003,-0.005257283237908858,-1.000000000000004,-2.329031266266441
2023-08-31 06:00:00+00:00,2023-08-31 06:05:00+00:00,2023-08-31 06:15:00+00:00,Tokyo,2023-08-31,after_close_30m,value_area_bounce,short,27237.69,27251.084285714285,27210.901428571426,27251.084285714285,stop,3,1.0,0.0004917555679018942,-0.0004917555679018193,2.0,0.003,-0.0034917555679018194,-0.9999999999998477,-7.100591830204612
2023-08-31 07:40:00+00:00,2023-08-31 07:45:00+00:00,2023-08-31 07:55:00+00:00,London,2023-08-31,opening_followthrough_30m,value_area_bounce,short,27246.29,27262.917857142857,27213.034285714286,27261.03,phase_end,3,1.0,0.0006102796800172502,-0.0005409910853917399,2.0,0.003,-0.00354099108539174,-0.8864641951972712,-5.802243137591685
2023-09-01 07:00:00+00:00,2023-09-01 07:05:00+00:00,2023-09-01 07:20:00+00:00,London,2023-09-01,opening_first_30m,value_area_bounce,long,26007.72,25990.074285714287,26043.01142857143,25990.074285714287,stop,4,1.0,0.0006784798623529609,-0.0006784798623529209,2.0,0.003,-0.003678479862352921,-0.999999999999941,-5.421649287564692
2023-09-04 00:50:00+00:00,2023-09-04 00:55:00+00:00,2023-09-04 00:55:00+00:00,Tokyo,2023-09-04,opening_followthrough_30m,opening_range_breakout,short,25903.12,25918.52142857143,25872.317142857144,25910.09,phase_end,1,1.0,0.0005945781269371404,-0.0002690795548954128,2.0,0.003,-0.003269079554895413,-0.4525554215751705,-5.4981497078196835
2023-09-04 06:00:00+00:00,2023-09-04 06:05:00+00:00,2023-09-04 06:05:00+00:00,Tokyo,2023-09-04,after_close_30m,value_area_bounce,long,25945.45,25932.202857142856,25971.944285714286,25971.944285714286,target,1,1.0,0.000510576723747056,0.0010211534474939832,2.0,0.003,-0.001978846552506017,1.9999999999997478,-3.8757085085734424
2023-09-04 07:40:00+00:00,2023-09-04 07:45:00+00:00,2023-09-04 07:55:00+00:00,London,2023-09-04,opening_followthrough_30m,value_area_bounce,short,25984.99,25996.47,25962.03,25964.96,phase_end,3,1.0,0.00044179351233156536,0.0007708296212545207,2.0,0.003,-0.0022291703787454794,1.74477351916389,-5.045729094076172
2023-09-05 07:15:00+00:00,2023-09-05 07:20:00+00:00,2023-09-05 07:20:00+00:00,London,2023-09-05,opening_first_30m,value_area_bounce,short,25691.59,25705.557142857142,25663.655714285716,25705.557142857142,stop,1,1.0,0.0005436464951037542,-0.0005436464951036335,2.0,0.003,-0.0035436464951036336,-0.9999999999997781,-6.51829180730271
2023-09-05 15:00:00+00:00,2023-09-05 15:05:00+00:00,2023-09-05 15:10:00+00:00,London,2023-09-05,closing_last_30m,value_area_bounce,long,25729.99,25696.532142857144,25796.905714285716,25796.905714285716,target,2,1.0,0.0013003447394599502,0.002600689478919893,2.0,0.003,-0.00039931052108010696,1.9999999999999942,-0.30708050639397805
2023-09-06 06:05:00+00:00,2023-09-06 06:10:00+00:00,2023-09-06 06:10:00+00:00,Tokyo,2023-09-06,after_close_30m,value_area_bounce,long,25762.18,25753.137142857144,25780.265714285713,25753.137142857144,stop,1,1.0,0.000351012885666383,-0.000351012885666413,2.0,0.003,-0.003351012885666413,-1.0000000000000855,-9.546694786730287
2023-09-06 07:50:00+00:00,2023-09-06 07:55:00+00:00,2023-09-06 07:55:00+00:00,London,2023-09-06,opening_followthrough_30m,opening_range_breakout,short,25746.05,25756.104285714286,25725.941428571427,25725.941428571427,target,1,1.0,0.000390517602284063,0.0007810352045681812,2.0,0.003,-0.002218964795431819,2.000000000000141,-5.682112105711796
2023-09-06 13:35:00+00:00,2023-09-06 13:40:00+00:00,2023-09-06 13:45:00+00:00,New_York,2023-09-06,opening_first_30m,value_area_bounce,long,25734.71,25711.704285714284,25780.72142857143,25711.704285714284,stop,2,1.0,0.0008939566167916667,-0.0008939566167917024,2.0,0.003,-0.0038939566167917024,-1.00000000000004,-4.355867548435155
2023-09-07 14:10:00+00:00,2023-09-07 14:15:00+00:00,2023-09-07 14:25:00+00:00,New_York,2023-09-07,opening_followthrough_30m,value_area_bounce,short,25688.6,25725.95142857143,25613.897142857142,25673.0,phase_end,3,1.0,0.0014540079479391133,0.0006072732651837276,2.0,0.003,-0.0023927267348162725,0.41765470817712286,-1.645607741145902
2023-09-11 00:35:00+00:00,2023-09-11 00:40:00+00:00,2023-09-11 00:55:00+00:00,Tokyo,2023-09-11,opening_followthrough_30m,opening_range_breakout,short,25706.64,25734.64,25650.64,25726.35,phase_end,4,1.0,0.0010892127481460143,-0.000766727973784187,2.0,0.003,-0.003766727973784187,-0.7039285714285483,-3.45821142857138
2023-09-11 15:15:00+00:00,2023-09-11 15:20:00+00:00,2023-09-11 15:25:00+00:00,London,2023-09-11,closing_last_30m,value_area_bounce,long,25089.25,24945.010000000002,25377.73,25132.71,phase_end,2,0.43485250277315657,0.0025,0.0007532584581253157,0.8697050055463131,0.0013045575083194697,-0.000551299050194154,0.3013033832501263,-0.22051962007766157
2023-09-11 20:10:00+00:00,2023-09-11 20:15:00+00:00,2023-09-11 20:25:00+00:00,New_York,2023-09-11,after_close_30m,value_area_bounce,long,25096.05,25029.470714285715,25229.20857142857,25099.6,phase_end,3,0.94233700958041,0.0025,0.0001332997178443311,1.88467401916082,0.0028270110287412302,-0.002693711310896899,0.05331988713773244,-1.0774845243587596
2023-09-12 00:30:00+00:00,2023-09-12 00:35:00+00:00,2023-09-12 00:40:00+00:00,Tokyo,2023-09-12,opening_followthrough_30m,value_area_bounce,short,25150.0,25174.073571428573,25101.852857142858,25174.073571428573,stop,2,1.0,0.0009571996591877275,-0.0009571996591877241,2.0,0.003,-0.003957199659187724,-0.9999999999999964,-4.134142361214143
2023-09-12 07:45:00+00:00,2023-09-12 07:50:00+00:00,2023-09-12 07:50:00+00:00,London,2023-09-12,opening_followthrough_30m,opening_range_breakout,long,25862.4,25823.43642857143,25940.327142857146,25823.43642857143,stop,1,1.0,0.001506572144447994,-0.0015065721444480484,2.0,0.003,-0.0045065721444480485,-1.0000000000000362,-2.9912753671011556
2023-09-13 00:05:00+00:00,2023-09-13 00:10:00+00:00,2023-09-13 00:25:00+00:00,Tokyo,2023-09-13,opening_first_30m,value_area_bounce,long,25841.23,25791.792857142857,25940.104285714286,25893.5,phase_end,4,1.0,0.0019131110576835074,0.0020227365338258974,2.0,0.003,-0.0009772634661741027,1.057302201930258,-0.5108242212333576
2023-09-13 07:40:00+00:00,2023-09-13 07:45:00+00:00,2023-09-13 07:55:00+00:00,London,2023-09-13,opening_followthrough_30m,opening_range_breakout,short,25950.95,25998.415,25856.02,25856.02,target,3,1.0,0.0018290274537155727,0.0036580549074310964,2.0,0.003,0.0006580549074310963,1.9999999999999731,0.35978405140627745
2023-09-14 00:30:00+00:00,2023-09-14 00:35:00+00:00,2023-09-14 00:35:00+00:00,Tokyo,2023-09-14,opening_followthrough_30m,value_area_bounce,long,26221.49,26207.807142857146,26248.855714285717,26248.855714285717,target,1,1.0,0.0005218184452087672,0.001043636890417643,2.0,0.003,-0.001956363109582357,2.0000000000002083,-3.7491260179575727
2023-09-14 13:35:00+00:00,2023-09-14 13:40:00+00:00,2023-09-14 13:40:00+00:00,New_York,2023-09-14,opening_first_30m,value_area_bounce,short,26610.0,26675.437857142857,26479.124285714286,26675.437857142857,stop,1,1.0,0.0024591453266763325,-0.0024591453266762375,2.0,0.003,-0.005459145326676238,-0.9999999999999614,-2.219936035278796
2023-09-14 14:00:00+00:00,2023-09-14 14:05:00+00:00,2023-09-14 14:15:00+00:00,New_York,2023-09-14,opening_followthrough_30m,value_area_bounce,short,26540.0,26614.59857142857,26390.80285714286,26614.59857142857,stop,3,0.8894272199774019,0.0025,-0.0024999999999998804,1.7788544399548039,0.002668281659932206,-0.005168281659932087,-0.9999999999999521,-2.0673126639728348
2023-09-15 00:30:00+00:00,2023-09-15 00:35:00+00:00,2023-09-15 00:55:00+00:00,Tokyo,2023-09-15,opening_followthrough_30m,opening_range_breakout,long,26529.65,26506.312857142857,26576.324285714287,26506.312857142857,stop,5,1.0,0.0008796626739192917,-0.000879662673919368,2.0,0.003,-0.003879662673919368,-1.0000000000000868,-4.410398200293905
2023-09-15 06:15:00+00:00,2023-09-15 06:20:00+00:00,2023-09-15 06:25:00+00:00,Tokyo,2023-09-15,after_close_30m,value_area_bounce,long,26608.54,26593.499285714286,26638.621428571434,26597.18,phase_end,2,1.0,0.0005652589088208456,-0.00042693060197973587,2.0,0.003,-0.003426930601979736,-0.7552832787197135,-6.0625857434577375
2023-09-15 07:30:00+00:00,2023-09-15 07:35:00+00:00,2023-09-15 07:50:00+00:00,London,2023-09-15,opening_followthrough_30m,value_area_bounce,long,26580.85,26567.569285714282,26607.411428571428,26567.569285714282,stop,4,1.0,0.0004996346725448993,-0.0004996346725449907,2.0,0.003,-0.003499634672544991,-1.000000000000183,-7.004387134943079
2023-09-18 07:40:00+00:00,2023-09-18 07:45:00+00:00,2023-09-18 07:55:00+00:00,London,2023-09-18,opening_followthrough_30m,value_area_bounce,short,26685.03,26713.746428571427,26627.597142857143,26710.67,phase_end,3,1.0,0.0010761250248333522,-0.0009608383426962241,2.0,0.003,-0.003960838342696224,-0.8928686913911501,-3.680648857050412
2023-09-19 14:15:00+00:00,2023-09-19 14:20:00+00:00,2023-09-19 14:25:00+00:00,New_York,2023-09-19,opening_followthrough_30m,value_area_bounce,long,27140.0,27069.70357142857,27280.592857142856,27133.57,phase_end,2,0.9651983945536815,0.0025,-0.00022867449067723552,1.930396789107363,0.0028955951836610446,-0.0031242696743382804,-0.0914697962708942,-1.2497078697353121
2023-09-19 15:00:00+00:00,2023-09-19 15:05:00+00:00,2023-09-19 15:25:00+00:00,London,2023-09-19,closing_last_30m,value_area_bounce,short,27207.16,27288.985714285714,27043.50857142857,27288.985714285714,stop,5,0.8312533608017031,0.0025,-0.002500000000000062,1.6625067216034062,0.0024937600824051095,-0.004993760082405171,-1.0000000000000249,-1.9975040329620684
2023-09-20 06:20:00+00:00,2023-09-20 06:25:00+00:00,2023-09-20 06:25:00+00:00,Tokyo,2023-09-20,after_close_30m,value_area_bounce,long,27064.21,27023.700714285715,27145.228571428568,27064.92,phase_end,1,1.0,0.001496784340436503,2.6233908176021004e-05,2.0,0.003,-0.002973766091823979,0.017526845696668958,-1.9867699116605857
2023-09-20 14:10:00+00:00,2023-09-20 14:15:00+00:00,2023-09-20 14:20:00+00:00,New_York,2023-09-20,opening_followthrough_30m,value_area_bounce,short,27111.52,27158.385000000002,27017.79,27158.385000000002,stop,2,1.0,0.001728600978477057,-0.0017286009784771572,2.0,0.003,-0.004728600978477157,-1.000000000000058,-2.7355075216046556
2023-09-21 00:50:00+00:00,2023-09-21 00:55:00+00:00,2023-09-21 00:55:00+00:00,Tokyo,2023-09-21,opening_followthrough_30m,opening_range_breakout,short,27061.41,27088.095,27008.04,27046.33,phase_end,1,1.0,0.0009860905252165356,0.0005572510818910859,2.0,0.003,-0.002442748918108914,0.56511148585341,-2.477205546187061
2023-09-21 06:15:00+00:00,2023-09-21 06:20:00+00:00,2023-09-21 06:25:00+00:00,Tokyo,2023-09-21,after_close_30m,value_area_bounce,short,27029.36,27044.90642857143,26998.267142857145,27010.12,phase_end,2,1.0,0.0005751682086230734,0.0007118185558223633,2.0,0.003,-0.0022881814441776368,1.2375832759018872,-3.9782821961864676
2023-09-21 07:30:00+00:00,2023-09-21 07:35:00+00:00,2023-09-21 07:40:00+00:00,London,2023-09-21,opening_followthrough_30m,value_area_bounce,long,27024.26,27007.207857142857,27058.364285714284,27007.207857142857,stop,2,1.0,0.0006309938868684222,-0.0006309938868683806,2.0,0.003,-0.0036309938868683807,-0.9999999999999342,-5.754404222343176
2023-09-22 00:05:00+00:00,2023-09-22 00:10:00+00:00,2023-09-22 00:10:00+00:00,Tokyo,2023-09-22,opening_first_30m,value_area_bounce,long,26584.97,26566.637142857144,26621.635714285716,26566.637142857144,stop,1,1.0,0.0006895948027346705,-0.0006895948027346721,2.0,0.003,-0.003689594802734672,-1.0000000000000024,-5.350380815086111
2023-09-22 00:30:00+00:00,2023-09-22 00:35:00+00:00,2023-09-22 00:55:00+00:00,Tokyo,2023-09-22,opening_followthrough_30m,opening_range_breakout,long,26631.23,26598.987142857142,26695.715714285714,26643.38,phase_end,5,1.0,0.0012107160331256666,0.00045623127433480626,2.0,0.003,-0.002543768725665194,0.37682764731955243,-2.101044882587396
2023-09-22 07:40:00+00:00,2023-09-22 07:45:00+00:00,2023-09-22 07:50:00+00:00,London,2023-09-22,opening_followthrough_30m,value_area_bounce,long,26609.96,26592.655714285713,26644.56857142857,26644.56857142857,target,2,1.0,0.0006502935635485863,0.0013005871270970193,2.0,0.003,-0.0016994128729029808,1.9999999999997642,-2.61330108148304
2023-09-25 00:40:00+00:00,2023-09-25 00:45:00+00:00,2023-09-25 00:55:00+00:00,Tokyo,2023-09-25,opening_followthrough_30m,value_area_bounce,long,26136.54,26078.608571428573,26252.402857142857,26248.17,phase_end,3,1.0,0.002216491875796438,0.004271032049383727,2.0,0.003,0.0012710320493837272,1.926933320181489,0.5734431347405753
2023-09-25 07:00:00+00:00,2023-09-25 07:05:00+00:00,2023-09-25 07:05:00+00:00,London,2023-09-25,opening_first_30m,value_area_bounce,long,26140.0,26110.294285714284,26199.411428571428,26110.294285714284,stop,1,1.0,0.0011364083506394268,-0.0011364083506394396,2.0,0.003,-0.00413640835063944,-1.0000000000000113,-3.639896123881871
2023-09-26 07:15:00+00:00,2023-09-26 07:20:00+00:00,2023-09-26 07:20:00+00:00,London,2023-09-26,opening_first_30m,value_area_bounce,long,26289.53,26275.704285714284,26317.181428571428,26275.704285714284,stop,1,1.0,0.0005259019193463854,-0.0005259019193464276,2.0,0.003,-0.0035259019193464277,-1.0000000000000802,-6.70448574085559
2023-09-26 07:35:00+00:00,2023-09-26 07:40:00+00:00,2023-09-26 07:50:00+00:00,London,2023-09-26,opening_followthrough_30m,opening_range_breakout,short,26261.82,26274.812142857143,26235.835714285713,26274.812142857143,stop,3,1.0,0.0004947160119573996,-0.0004947160119574967,2.0,0.003,-0.0034947160119574968,-1.0000000000001963,-7.064085106383073
2023-09-26 13:30:00+00:00,2023-09-26 13:35:00+00:00,2023-09-26 13:55:00+00:00,New_York,2023-09-26,opening_first_30m,value_area_bounce,long,26220.01,26198.179285714283,26263.671428571426,26198.179285714283,stop,5,1.0,0.0008325974813020521,-0.0008325974813020443,2.0,0.003,-0.0038325974813020443,-0.9999999999999907,-4.6031816902790315
2023-09-27 00:30:00+00:00,2023-09-27 00:35:00+00:00,2023-09-27 00:45:00+00:00,Tokyo,2023-09-27,opening_followthrough_30m,opening_range_breakout,short,26204.13,26226.08642857143,26160.217142857146,26226.08642857143,stop,3,1.0,0.0008378995437523981,-0.0008378995437523518,2.0,0.003,-0.003837899543752352,-0.9999999999999447,-4.580381469794025
2023-09-27 05:50:00+00:00,2023-09-27 05:55:00+00:00,2023-09-27 05:55:00+00:00,Tokyo,2023-09-27,closing_last_30m,value_area_bounce,long,26252.72,26242.672857142858,26272.814285714285,26255.89,phase_end,1,1.0,0.0003827086434145714,0.00012074939282480379,2.0,0.003,-0.0028792506071751963,0.31551258353473166,-7.523348784302818
2023-09-27 14:15:00+00:00,2023-09-27 14:20:00+00:00,2023-09-27 14:25:00+00:00,New_York,2023-09-27,opening_followthrough_30m,opening_range_breakout,short,26448.14,26498.989285714284,26346.441428571427,26346.441428571427,target,2,1.0,0.0019226034690638335,0.003845206938127732,2.0,0.003,0.000845206938127732,2.0000000000000338,0.43961583952581007
2023-09-28 05:45:00+00:00,2023-09-28 05:50:00+00:00,2023-09-28 05:55:00+00:00,Tokyo,2023-09-28,closing_last_30m,value_area_bounce,short,26441.04,26468.69785714286,26385.724285714285,26449.95,phase_end,2,1.0,0.0010460200182314061,-0.0003369761552496353,2.0,0.003,-0.0033369761552496354,-0.32215077089957533,-3.190164716820373
2023-09-28 07:45:00+00:00,2023-09-28 07:50:00+00:00,2023-09-28 07:50:00+00:00,London,2023-09-28,opening_followthrough_30m,opening_range_breakout,long,26512.12,26485.975714285712,26564.40857142857,26485.975714285712,stop,1,1.0,0.0009861258063966678,-0.000986125806396676,2.0,0.003,-0.003986125806396676,-1.0000000000000084,-4.042208185345129
2023-09-28 15:15:00+00:00,2023-09-28 15:20:00+00:00,2023-09-28 15:25:00+00:00,London,2023-09-28,closing_last_30m,value_area_bounce,short,26790.0,26868.794285714284,26632.411428571428,26868.794285714284,stop,2,0.8499981869606216,0.0025,-0.0024999999999999033,1.6999963739212431,0.0025499945608818647,-0.0050499945608817685,-0.9999999999999614,-2.0199978243527075
2023-09-29 00:40:00+00:00,2023-09-29 00:45:00+00:00,2023-09-29 00:50:00+00:00,Tokyo,2023-09-29,opening_followthrough_30m,opening_range_breakout,short,27013.22,27039.262142857144,26961.135714285716,27039.262142857144,stop,2,1.0,0.000964051781207224,-0.0009640517812072869,2.0,0.003,-0.003964051781207287,-1.0000000000000653,-4.111866041306769
2023-09-29 07:30:00+00:00,2023-09-29 07:35:00+00:00,2023-09-29 07:35:00+00:00,London,2023-09-29,opening_followthrough_30m,opening_range_breakout,long,27149.72,27122.094285714287,27204.97142857143,27204.97142857143,target,1,1.0,0.0010175321987008945,0.0020350643974018645,2.0,0.003,-0.0009649356025981356,2.000000000000074,-0.9483096493949673
2023-09-29 13:35:00+00:00,2023-09-29 13:40:00+00:00,2023-09-29 13:50:00+00:00,New_York,2023-09-29,opening_first_30m,value_area_bounce,short,26957.47,26990.510000000002,26891.390000000003,26891.390000000003,target,3,1.0,0.0012256343047029204,0.00245126860940581,2.0,0.003,-0.00054873139059419,1.999999999999975,-0.44771216707025524
2023-10-02 00:05:00+00:00,2023-10-02 00:10:00+00:00,2023-10-02 00:25:00+00:00,Tokyo,2023-10-02,opening_first_30m,value_area_bounce,short,27950.42,28014.209285714285,27822.841428571428,27955.0,phase_end,4,1.0,0.0022822299526907078,-0.00016386158061321154,2.0,0.003,-0.0031638615806132116,-0.07179889143949833,-1.3863027154135261
2023-10-02 07:35:00+00:00,2023-10-02 07:40:00+00:00,2023-10-02 07:40:00+00:00,London,2023-10-02,opening_followthrough_30m,opening_range_breakout,long,28302.58,28258.55642857143,28390.627142857145,28390.627142857145,target,1,1.0,0.00155546142537434,0.003110922850748654,2.0,0.003,0.0001109228507486541,1.9999999999999833,0.07131186215174652
2023-10-02 14:05:00+00:00,2023-10-02 14:10:00+00:00,2023-10-02 14:25:00+00:00,New_York,2023-10-02,opening_followthrough_30m,value_area_bounce,short,28303.9,28386.715,28138.270000000004,28298.77,phase_end,4,0.854431564330139,0.0025,0.00015486324941140067,1.708863128660278,0.002563294692990417,-0.0024084314435790163,0.061945299764560265,-0.9633725774316065
2023-10-03 07:30:00+00:00,2023-10-03 07:35:00+00:00,2023-10-03 07:35:00+00:00,London,2023-10-03,opening_followthrough_30m,opening_range_breakout,short,27550.03,27573.556428571428,27502.97714285714,27573.556428571428,stop,1,1.0,0.0008539529202483366,-0.0008539529202482576,2.0,0.003,-0.0038539529202482577,-0.9999999999999075,-4.5130742326257245
2023-10-03 14:00:00+00:00,2023-10-03 14:05:00+00:00,2023-10-03 14:10:00+00:00,New_York,2023-10-03,opening_followthrough_30m,opening_range_breakout,short,27386.63,27436.88857142857,27286.11285714286,27436.88857142857,stop,2,1.0,0.001835149904481543,-0.0018351499044815256,2.0,0.003,-0.004835149904481526,-0.9999999999999906,-2.6347438390040008
2023-10-04 00:10:00+00:00,2023-10-04 00:15:00+00:00,2023-10-04 00:20:00+00:00,Tokyo,2023-10-04,opening_first_30m,value_area_bounce,short,27360.0,27393.57285714286,27292.854285714286,27393.57285714286,stop,2,1.0,0.0012270781119465438,-0.0012270781119465557,2.0,0.003,-0.004227078111946556,-1.0000000000000098,-3.4448321348027626
2023-10-04 19:35:00+00:00,2023-10-04 19:40:00+00:00,2023-10-04 19:45:00+00:00,New_York,2023-10-04,closing_last_30m,value_area_bounce,short,27554.61,27626.143571428573,27411.542857142857,27626.143571428573,stop,2,0.9629957462530105,0.0025,-0.00250000000000009,1.925991492506021,0.0028889872387590316,-0.0053889872387591214,-1.000000000000036,-2.1555948955036484
2023-10-05 05:30:00+00:00,2023-10-05 05:35:00+00:00,2023-10-05 05:45:00+00:00,Tokyo,2023-10-05,closing_last_30m,value_area_bounce,long,27687.27,27671.424285714285,27718.96142857143,27671.424285714285,stop,3,1.0,0.0005723104620179264,-0.0005723104620178887,2.0,0.003,-0.0035723104620178888,-0.999999999999934,-6.241910115398158
2023-10-05 13:40:00+00:00,2023-10-05 13:45:00+00:00,2023-10-05 13:50:00+00:00,New_York,2023-10-05,opening_first_30m,value_area_bounce,short,27951.68,28019.089285714286,27816.86142857143,28019.089285714286,stop,2,1.0,0.0024116362849848625,-0.002411636284984864,2.0,0.003,-0.005411636284984864,-1.0000000000000004,-2.243968677481908
2023-10-06 07:35:00+00:00,2023-10-06 07:40:00+00:00,2023-10-06 07:45:00+00:00,London,2023-10-06,opening_followthrough_30m,opening_range_breakout,long,27571.42,27552.585714285713,27609.08857142857,27609.08857142857,target,2,1.0,0.0006831090206556266,0.0013662180413112068,2.0,0.003,-0.0016337819586887932,1.999999999999932,-2.391685527912866
2023-10-09 07:00:00+00:00,2023-10-09 07:05:00+00:00,2023-10-09 07:05:00+00:00,London,2023-10-09,opening_first_30m,value_area_bounce,long,27902.02,27887.68928571429,27930.681428571428,27887.68928571429,stop,1,1.0,0.0005136084873322375,-0.0005136084873321733,2.0,0.003,-0.0035136084873321734,-0.999999999999875,-6.841024971340335
2023-10-10 00:05:00+00:00,2023-10-10 00:10:00+00:00,2023-10-10 00:10:00+00:00,Tokyo,2023-10-10,opening_first_30m,value_area_bounce,long,27630.82,27613.871428571427,27664.717142857142,27613.871428571427,stop,1,1.0,0.0006133937186291013,-0.0006133937186291183,2.0,0.003,-0.0036133937186291184,-1.0000000000000278,-5.890822825354064
2023-10-10 00:50:00+00:00,2023-10-10 00:55:00+00:00,2023-10-10 00:55:00+00:00,Tokyo,2023-10-10,opening_followthrough_30m,value_area_bounce,long,27584.03,27560.22142857143,27631.647142857142,27560.22142857143,stop,1,1.0,0.0008631288259392,-0.0008631288259390857,2.0,0.003,-0.0038631288259390857,-0.9999999999998676,-4.475726809072196
2023-10-10 14:00:00+00:00,2023-10-10 14:05:00+00:00,2023-10-10 14:10:00+00:00,New_York,2023-10-10,opening_followthrough_30m,value_area_bounce,long,27458.11,27415.077857142856,27544.17428571429,27544.17428571429,target,2,1.0,0.0015671924563323341,0.0031343849126648227,2.0,0.003,0.0001343849126648226,2.0000000000000986,0.08574882562880672
2023-10-10 15:00:00+00:00,2023-10-10 15:05:00+00:00,2023-10-10 15:05:00+00:00,London,2023-10-10,closing_last_30m,value_area_bounce,long,27466.69,27392.632857142857,27614.804285714283,27392.632857142857,stop,1,0.9272127218364236,0.0025,-0.0024999999999999398,1.8544254436728471,0.0027816381655092707,-0.0052816381655092105,-0.9999999999999759,-2.112655266203684
2023-10-11 00:05:00+00:00,2023-10-11 00:10:00+00:00,2023-10-11 00:25:00+00:00,Tokyo,2023-10-11,opening_first_30m,value_area_bounce,long,27403.07,27388.08142857143,27433.047142857144,27400.01,phase_end,4,1.0,0.000546966870083241,-0.00011166632059844694,2.0,0.003,-0.003111666320598447,-0.2041555470835973,-5.688948436904219
2023-10-12 07:15:00+00:00,2023-10-12 07:20:00+00:00,2023-10-12 07:25:00+00:00,London,2023-10-12,opening_first_30m,value_area_bounce,short,26830.69,26850.167857142857,26791.734285714283,26833.17,phase_end,2,1.0,0.0007259543881598667,-9.243146560899973e-05,2.0,0.003,-0.003092431465609,-0.1273240676226133,-4.2598151013972485
2023-10-13 13:30:00+00:00,2023-10-13 13:35:00+00:00,2023-10-13 13:55:00+00:00,New_York,2023-10-13,opening_first_30m,value_area_bounce,short,26850.04,26887.30285714286,26775.514285714286,26855.63,phase_end,5,1.0,0.0013878138409796374,-0.00020819335837107822,2.0,0.003,-0.0032081933583710783,-0.15001533507124962,-2.3116885447016884
2023-10-13 14:05:00+00:00,2023-10-13 14:10:00+00:00,2023-10-13 14:20:00+00:00,New_York,2023-10-13,opening_followthrough_30m,value_area_bounce,long,26843.38,26805.179285714286,26919.78142857143,26805.179285714286,stop,3,1.0,0.0014230962824247407,-0.0014230962824247628,2.0,0.003,-0.004423096282424763,-1.0000000000000155,-3.108079430077968
2023-10-13 19:50:00+00:00,2023-10-13 19:55:00+00:00,2023-10-13 19:55:00+00:00,New_York,2023-10-13,closing_last_30m,value_area_bounce,short,26761.19,26780.19,26723.19,26780.19,stop,1,1.0,0.0007099833751787473,-0.000709983375178691,2.0,0.003,-0.003709983375178691,-0.9999999999999207,-5.225451052631557
2023-10-16 07:10:00+00:00,2023-10-16 07:15:00+00:00,2023-10-16 07:25:00+00:00,London,2023-10-16,opening_first_30m,value_area_bounce,short,27854.16,27907.176428571427,27748.127142857145,27889.66,phase_end,3,1.0,0.0019033576518346998,-0.001274495443409629,2.0,0.003,-0.004274495443409629,-0.6696037616372872,-2.2457657599397165
2023-10-16 13:40:00+00:00,2023-10-16 13:45:00+00:00,2023-10-16 13:55:00+00:00,New_York,2023-10-16,opening_first_30m,value_area_bounce,short,28239.76,28539.32857142857,27640.622857142855,28000.0,phase_end,3,0.2356702495970398,0.0025,0.002000877452336194,0.4713404991940796,0.0007070107487911194,0.0012938667035450745,0.8003509809344775,0.5175466814180297
2023-10-16 19:35:00+00:00,2023-10-16 19:40:00+00:00,2023-10-16 19:55:00+00:00,New_York,2023-10-16,closing_last_30m,value_area_bounce,short,28400.7,28500.04642857143,28202.007142857143,28468.85,phase_end,4,0.7146884998382255,0.0025,-0.0017149584786281665,1.429376999676451,0.0021440654995146763,-0.003859023978142843,-0.6859833914512666,-1.543609591257137
2023-10-17 00:05:00+00:00,2023-10-17 00:10:00+00:00,2023-10-17 00:25:00+00:00,Tokyo,2023-10-17,opening_first_30m,value_area_bounce,short,28480.02,28522.057857142856,28395.944285714286,28395.944285714286,target,4,1.0,0.0014760473181850665,0.0029520946363701395,2.0,0.003,-4.7905363629860594e-05,2.0000000000000044,-0.03245516796085139
2023-10-17 00:50:00+00:00,2023-10-17 00:55:00+00:00,2023-10-17 00:55:00+00:00,Tokyo,2023-10-17,opening_followthrough_30m,opening_range_breakout,short,28285.01,28338.487857142856,28178.054285714286,28278.09,phase_end,1,1.0,0.0018906783891134136,0.00024465255624794846,2.0,0.003,-0.0027553474437520516,0.1293993508661577,-1.4573327011179849
2023-10-17 07:40:00+00:00,2023-10-17 07:45:00+00:00,2023-10-17 07:50:00+00:00,London,2023-10-17,opening_followthrough_30m,opening_range_breakout,long,28335.81,28297.43285714286,28412.56428571429,28412.56428571429,target,2,1.0,0.0013543690071730003,0.0027087380143460127,2.0,0.003,-0.00029126198565398737,2.000000000000009,-0.215053640559853
2023-10-18 00:15:00+00:00,2023-10-18 00:20:00+00:00,2023-10-18 00:25:00+00:00,Tokyo,2023-10-18,opening_first_30m,value_area_bounce,long,28423.99,28401.519285714287,28468.93142857143,28418.59,phase_end,2,1.0,0.0007905545381107675,-0.00018998036517747785,2.0,0.003,-0.003189980365177478,-0.24031278807340045,-4.035117390889631
2023-10-18 00:35:00+00:00,2023-10-18 00:40:00+00:00,2023-10-18 00:55:00+00:00,Tokyo,2023-10-18,opening_followthrough_30m,opening_range_breakout,short,28350.65,28378.752142857145,28294.445714285714,28376.34,phase_end,4,1.0,0.0009912345169208866,-0.0009061520635329501,2.0,0.003,-0.00390615206353295,-0.9141651627989794,-3.9406941514373353
2023-10-18 05:40:00+00:00,2023-10-18 05:45:00+00:00,2023-10-18 05:55:00+00:00,Tokyo,2023-10-18,closing_last_30m,value_area_bounce,short,28746.66,28841.605714285713,28556.768571428573,28695.5,phase_end,3,0.756923580391802,0.0025,0.0013470855526466366,1.513847160783604,0.002270770741175406,-0.0009236851885287692,0.5388342210586546,-0.3694740754115077
2023-10-19 00:15:00+00:00,2023-10-19 00:20:00+00:00,2023-10-19 00:20:00+00:00,Tokyo,2023-10-19,opening_first_30m,value_area_bounce,short,28309.14,28327.994285714285,28271.431428571428,28327.994285714285,stop,1,1.0,0.0006660140758174184,-0.000666014075817456,2.0,0.003,-0.003666014075817456,-1.0000000000000564,-5.504409304440077
2023-10-19 00:50:00+00:00,2023-10-19 00:55:00+00:00,2023-10-19 00:55:00+00:00,Tokyo,2023-10-19,opening_followthrough_30m,opening_range_breakout,long,28392.23,28369.58714285714,28437.515714285713,28388.48,phase_end,1,1.0,0.0007975018919914668,-0.00013207838905227032,2.0,0.003,-0.0031320783890522704,-0.1656151419559059,-3.9273617034701442
2023-10-19 07:35:00+00:00,2023-10-19 07:40:00+00:00,2023-10-19 07:55:00+00:00,London,2023-10-19,opening_followthrough_30m,opening_range_breakout,long,28313.53,28292.47,28355.649999999998,28330.82,phase_end,4,1.0,0.0007438139998791918,0.000610662111012017,2.0,0.003,-0.002389337888987983,0.8209876543211059,-3.2122787274453732
2023-10-20 07:50:00+00:00,2023-10-20 07:55:00+00:00,2023-10-20 07:55:00+00:00,London,2023-10-20,opening_followthrough_30m,value_area_bounce,short,29259.78,29308.171428571426,29162.99714285714,29240.51,phase_end,1,1.0,0.001653854833202063,0.0006585832155949767,2.0,0.003,-0.0023414167844050234,0.3982110172994324,-1.4157329515261972
2023-10-20 19:45:00+00:00,2023-10-20 19:50:00+00:00,2023-10-20 19:55:00+00:00,New_York,2023-10-20,closing_last_30m,value_area_bounce,long,29478.54,29444.28142857143,29547.057142857146,29547.057142857146,target,2,1.0,0.0011621529230610515,0.002324305846122199,2.0,0.003,-0.0006756941538778012,2.0000000000000826,-0.5814158708976589
2023-10-23 00:45:00+00:00,2023-10-23 00:50:00+00:00,2023-10-23 00:50:00+00:00,Tokyo,2023-10-23,opening_followthrough_30m,opening_range_breakout,long,30103.11,30055.702857142856,30197.924285714285,30055.702857142856,stop,1,1.0,0.0015748254202686252,-0.0015748254202686551,2.0,0.003,-0.004574825420268655,-1.000000000000019,-2.90497306011755
2023-10-23 07:50:00+00:00,2023-10-23 07:55:00+00:00,2023-10-23 07:55:00+00:00,London,2023-10-23,opening_followthrough_30m,opening_range_breakout,short,30447.52,30506.43928571429,30329.681428571428,30506.43928571429,stop,1,1.0,0.0019351095167779234,-0.0019351095167778887,2.0,0.003,-0.004935109516777889,-0.9999999999999821,-2.550299853310189
2023-10-23 13:45:00+00:00,2023-10-23 13:50:00+00:00,2023-10-23 13:50:00+00:00,New_York,2023-10-23,opening_first_30m,value_area_bounce,long,30625.34,30565.34,30745.34,30565.34,stop,1,1.0,0.001959161922773747,-0.001959161922773789,2.0,0.003,-0.004959161922773789,-1.0000000000000215,-2.531267000000028
2023-10-24 13:50:00+00:00,2023-10-24 13:55:00+00:00,2023-10-24 13:55:00+00:00,New_York,2023-10-24,opening_first_30m,value_area_bounce,long,34339.22,34205.245,34607.17,34431.19,phase_end,1,0.6407766374323662,0.0025,0.0017161783914909278,1.2815532748647325,0.0019223299122970987,-0.00020615152080617088,0.6864713565963712,-0.08246060832246835
2023-10-25 13:40:00+00:00,2023-10-25 13:45:00+00:00,2023-10-25 13:50:00+00:00,New_York,2023-10-25,opening_first_30m,value_area_bounce,short,34310.89,34417.98071428572,34096.70857142857,34417.98071428572,stop,2,0.8009772422578966,0.0025,-0.002500000000000042,1.6019544845157931,0.00240293172677369,-0.0049029317267737325,-1.0000000000000169,-1.9611726907094928
2023-10-25 14:00:00+00:00,2023-10-25 14:05:00+00:00,2023-10-25 14:25:00+00:00,New_York,2023-10-25,opening_followthrough_30m,value_area_bounce,short,34394.38,34508.809285714284,34165.521428571425,34508.809285714284,stop,5,0.7514330746999106,0.0025,-0.002500000000000101,1.5028661493998212,0.002254299224099732,-0.0047542992240998325,-1.0000000000000404,-1.9017196896399329
2023-10-26 00:50:00+00:00,2023-10-26 00:55:00+00:00,2023-10-26 00:55:00+00:00,Tokyo,2023-10-26,opening_followthrough_30m,opening_range_breakout,long,34609.65,34549.83285714286,34729.28428571429,34660.0,phase_end,1,1.0,0.0017283371215005938,0.0014547965668534335,2.0,0.003,-0.0015452034331465666,0.8417319449751423,-0.894040528276668
2023-10-26 07:10:00+00:00,2023-10-26 07:15:00+00:00,2023-10-26 07:25:00+00:00,London,2023-10-26,opening_first_30m,value_area_bounce,long,34684.64,34628.89142857143,34796.137142857144,34775.18,phase_end,3,1.0,0.0016072985456550976,0.002610377388953644,2.0,0.003,-0.00038962261104635593,1.6240774907748796,-0.24240836408369598
2023-10-26 13:45:00+00:00,2023-10-26 13:50:00+00:00,2023-10-26 13:55:00+00:00,New_York,2023-10-26,opening_first_30m,value_area_bounce,short,34262.42,34341.12857142857,34105.002857142856,34176.0,phase_end,2,1.0,0.002297227441277391,0.0025222970239696663,2.0,0.003,-0.0004777029760303338,1.097974444605765,-0.20794761870191805
2023-10-27 07:20:00+00:00,2023-10-27 07:25:00+00:00,2023-10-27 07:25:00+00:00,London,2023-10-27,opening_first_30m,value_area_bounce,short,34116.92,34161.669285714284,34027.421428571426,34114.49,phase_end,1,1.0,0.0013116449466800079,7.122565577433182e-05,2.0,0.003,-0.0029287743442256682,0.05430254273812119,-2.2329017861418095
2023-10-27 07:30:00+00:00,2023-10-27 07:35:00+00:00,2023-10-27 07:45:00+00:00,London,2023-10-27,opening_followthrough_30m,opening_range_breakout,short,34094.68,34139.78,34004.48,34004.48,target,3,1.0,0.0013227870154522519,0.002645574030904485,2.0,0.003,-0.000354425969095515,1.999999999999986,-0.267938802660789
2023-10-27 14:00:00+00:00,2023-10-27 14:05:00+00:00,2023-10-27 14:20:00+00:00,New_York,2023-10-27,opening_followthrough_30m,opening_range_breakout,short,34068.01,34130.42571428572,33943.17857142857,33943.17857142857,target,4,1.0,0.0018320915805095086,0.00366418316101913,2.0,0.003,0.0006641831610191299,2.0000000000000617,0.3625272710627376
2023-10-30 14:05:00+00:00,2023-10-30 14:10:00+00:00,2023-10-30 14:15:00+00:00,New_York,2023-10-30,opening_followthrough_30m,opening_range_breakout,long,34797.62,34730.658571428576,34931.542857142864,34730.658571428576,stop,2,1.0,0.0019243105870869921,-0.0019243105870868638,2.0,0.003,-0.004924310587086864,-0.9999999999999333,-2.558999893328681
2023-10-31 00:35:00+00:00,2023-10-31 00:40:00+00:00,2023-10-31 00:50:00+00:00,Tokyo,2023-10-31,opening_followthrough_30m,opening_range_breakout,long,34554.54,34529.98071428572,34603.65857142857,34529.98071428572,stop,3,1.0,0.000710739767170531,-0.0007107397671705096,2.0,0.003,-0.0037107397671705096,-0.9999999999999698,-5.220954192478968
2023-11-01 00:05:00+00:00,2023-11-01 00:10:00+00:00,2023-11-01 00:20:00+00:00,Tokyo,2023-11-01,opening_first_30m,value_area_bounce,short,34597.8,34631.98785714286,34529.42428571429,34631.98785714286,stop,3,1.0,0.0009881511871523041,-0.0009881511871523418,2.0,0.003,-0.003988151187152342,-1.0000000000000382,-4.0359726720013
2023-11-01 00:30:00+00:00,2023-11-01 00:35:00+00:00,2023-11-01 00:40:00+00:00,Tokyo,2023-11-01,opening_followthrough_30m,value_area_bounce,long,34569.99,34524.23857142857,34661.49285714285,34524.23857142857,stop,2,1.0,0.001323443500314242,-0.0013234435003142142,2.0,0.003,-0.004323443500314214,-0.999999999999979,-3.266813807531371
2023-11-01 19:30:00+00:00,2023-11-01 19:35:00+00:00,2023-11-01 19:55:00+00:00,New_York,2023-11-01,closing_last_30m,value_area_bounce,short,34610.66,34708.993571428575,34413.99285714286,34557.67,phase_end,5,0.8799299033174174,0.0025,0.0013472001278448933,1.7598598066348348,0.0026397897099522524,-0.001292589582107359,0.5388800511379573,-0.5170358328429436
2023-11-02 08:10:00+00:00,2023-11-02 08:15:00+00:00,2023-11-02 08:25:00+00:00,London,2023-11-02,opening_first_30m,value_area_bounce,long,35181.64,35125.82785714286,35293.264285714286,35208.14,phase_end,3,1.0,0.0015863996919172195,0.0007532337889877283,2.0,0.003,-0.0022467662110122718,0.4748070696341468,-1.4162674277230702
2023-11-02 16:35:00+00:00,2023-11-02 16:40:00+00:00,2023-11-02 16:55:00+00:00,London,2023-11-02,after_close_30m,value_area_bounce,long,34581.99,34486.74285714285,34772.48428571429,34646.0,phase_end,4,0.9076910068543445,0.0025,0.001680102890225519,1.815382013708689,0.0027230730205630334,-0.0010429701303375145,0.6720411560902075,-0.41718805213500576
2023-11-03 08:30:00+00:00,2023-11-03 08:35:00+00:00,2023-11-03 08:40:00+00:00,London,2023-11-03,opening_followthrough_30m,value_area_bounce,short,34509.67,34564.28,34400.45,34400.45,target,2,1.0,0.0015824550046407452,0.0031649100092815408,2.0,0.003,0.0001649100092815407,2.000000000000032,0.10421149972537713
2023-11-03 16:05:00+00:00,2023-11-03 16:10:00+00:00,2023-11-03 16:10:00+00:00,London,2023-11-03,closing_last_30m,value_area_bounce,short,34732.02,34792.67785714285,34610.70428571428,34792.67785714285,stop,1,1.0,0.0017464534784575468,-0.001746453478457477,2.0,0.003,-0.004746453478457477,-0.99999999999996,-2.7177669127777198
2023-11-07 00:20:00+00:00,2023-11-07 00:25:00+00:00,2023-11-07 00:25:00+00:00,Tokyo,2023-11-07,opening_first_30m,value_area_bounce,short,34981.54,35018.30714285714,34908.00571428572,34955.07,phase_end,1,1.0,0.001051044146631129,0.0007566848114748392,2.0,0.003,-0.002243315188525161,0.7199362785095295,-2.1343681858802714
2023-11-07 00:30:00+00:00,2023-11-07 00:35:00+00:00,2023-11-07 00:50:00+00:00,Tokyo,2023-11-07,opening_followthrough_30m,opening_range_breakout,short,34889.97,34929.268571428576,34811.37285714286,34929.268571428576,stop,4,1.0,0.0011263572719773462,-0.0011263572719775183,2.0,0.003,-0.004126357271977518,-1.0000000000001528,-3.6634533061908527
2023-11-07 05:30:00+00:00,2023-11-07 05:35:00+00:00,2023-11-07 05:55:00+00:00,Tokyo,2023-11-07,closing_last_30m,value_area_bounce,long,34870.17,34845.459285714285,34919.59142857143,34913.02,phase_end,5,1.0,0.0007086490913498741,0.0012288440234160536,2.0,0.003,-0.0017711559765839465,1.7340656164185344,-2.4993413499058477
2023-11-08 08:30:00+00:00,2023-11-08 08:35:00+00:00,2023-11-08 08:55:00+00:00,London,2023-11-08,opening_followthrough_30m,opening_range_breakout,long,35298.57,35265.16,35365.39,35299.92,phase_end,5,1.0,0.0009464972660365373,3.824517537109884e-05,2.0,0.003,-0.0029617548246289012,0.04040706375333838,-3.1291741993416067
2023-11-08 15:00:00+00:00,2023-11-08 15:05:00+00:00,2023-11-08 15:20:00+00:00,New_York,2023-11-08,opening_followthrough_30m,opening_range_breakout,short,35247.04,35294.94642857143,35151.22714285715,35151.22714285715,target,4,1.0,0.0013591617500768353,0.002718323500153552,2.0,0.003,-0.0002816764998464479,1.999999999999913,-0.20724280964390318
2023-11-08 20:30:00+00:00,2023-11-08 20:35:00+00:00,2023-11-08 20:55:00+00:00,New_York,2023-11-08,closing_last_30m,value_area_bounce,short,35582.87,35660.53571428572,35427.53857142857,35616.93,phase_end,5,1.0,0.0021826714451564254,-0.0009572021593535762,2.0,0.003,-0.003957202159353576,-0.438546150167359,-1.8130086267152203
2023-11-09 15:15:00+00:00,2023-11-09 15:20:00+00:00,2023-11-09 15:25:00+00:00,New_York,2023-11-09,opening_followthrough_30m,value_area_bounce,short,37599.86,37809.10071428571,37181.37857142857,37317.98,phase_end,2,0.4492416799516616,0.0025,0.003367891389616184,0.8984833599033232,0.0013477250398549847,0.0020201663497611995,1.3471565558464735,0.8080665399044797
2023-11-10 00:05:00+00:00,2023-11-10 00:10:00+00:00,2023-11-10 00:15:00+00:00,Tokyo,2023-11-10,opening_first_30m,value_area_bounce,short,36651.11,36725.709285714285,36501.911428571424,36725.709285714285,stop,2,1.0,0.002035389534294779,-0.002035389534294829,2.0,0.003,-0.005035389534294829,-1.0000000000000246,-2.473919340476264
2023-11-13 14:30:00+00:00,2023-11-13 14:35:00+00:00,2023-11-13 14:40:00+00:00,New_York,2023-11-13,opening_first_30m,value_area_bounce,short,36796.13,36847.49428571428,36693.40142857143,36693.40142857143,target,2,1.0,0.0013959154322556642,0.002791830864511291,2.0,0.003,-0.00020816913548870903,1.9999999999999734,-0.14912732582397764
2023-11-13 21:15:00+00:00,2023-11-13 21:20:00+00:00,2023-11-13 21:25:00+00:00,New_York,2023-11-13,after_close_30m,value_area_bounce,long,36561.23,36479.67571428572,36724.33857142857,36560.0,phase_end,2,1.0,0.0022306220472966664,-3.3642194204208664e-05,2.0,0.003,-0.0030336421942042087,-0.015081978699609951,-1.3599983008689158
2023-11-14 08:40:00+00:00,2023-11-14 08:45:00+00:00,2023-11-14 08:50:00+00:00,London,2023-11-14,opening_followthrough_30m,value_area_bounce,short,36684.43,36721.13285714286,36611.02428571428,36721.13285714286,stop,2,1.0,0.0010005023150927643,-0.001000502315092744,2.0,0.003,-0.004000502315092744,-0.9999999999999796,-3.998493811303002
2023-11-14 14:45:00+00:00,2023-11-14 14:50:00+00:00,2023-11-14 14:55:00+00:00,New_York,2023-11-14,opening_first_30m,value_area_bounce,short,36591.91,36679.58428571429,36416.56142857143,36594.81,phase_end,2,1.0,0.0023960018953448014,-7.925249050932948e-05,2.0,0.003,-0.0030792524905093295,-0.03307697321246254,-1.2851627941079753
2023-11-14 15:20:00+00:00,2023-11-14 15:25:00+00:00,2023-11-14 15:25:00+00:00,New_York,2023-11-14,opening_followthrough_30m,opening_range_breakout,short,36304.18,36385.525714285715,36141.48857142857,36253.0,phase_end,1,1.0,0.002240670751569504,0.0014097550199453357,2.0,0.003,-0.0015902449800546644,0.6291665203189074,-0.7097182747357053
2023-11-15 08:40:00+00:00,2023-11-15 08:45:00+00:00,2023-11-15 08:55:00+00:00,London,2023-11-15,opening_followthrough_30m,opening_range_breakout,long,35798.25,35749.47357142857,35895.80285714286,35792.11,phase_end,3,1.0,0.0013625366762741139,-0.0001715167640876647,2.0,0.003,-0.0031715167640876648,-0.12588047505383929,-2.327656069237157
2023-11-15 20:30:00+00:00,2023-11-15 20:35:00+00:00,2023-11-15 20:55:00+00:00,New_York,2023-11-15,closing_last_30m,value_area_bounce,short,37401.1,37553.95714285714,37095.385714285716,37531.08,phase_end,5,0.6117002336448597,0.0024999999999999996,-0.0021258411214953436,1.2234004672897194,0.0018351007009345791,-0.003960941822429923,-0.8503364485981375,-1.5843767289719692
2023-11-17 06:05:00+00:00,2023-11-17 06:10:00+00:00,2023-11-17 06:25:00+00:00,Tokyo,2023-11-17,after_close_30m,value_area_bounce,long,36312.34,36237.95,36461.119999999995,36389.99,phase_end,4,1.0,0.0020486148785784793,0.002138391522000571,2.0,0.003,-0.0008616084779994289,1.0438230945019726,-0.42058099206879407
2023-11-17 08:00:00+00:00,2023-11-17 08:05:00+00:00,2023-11-17 08:10:00+00:00,London,2023-11-17,opening_first_30m,value_area_bounce,long,36300.0,36246.93142857143,36406.137142857144,36246.93142857143,stop,2,1.0,0.0014619441164895836,-0.0014619441164895886,2.0,0.003,-0.004461944116489589,-1.0000000000000033,-3.0520620221815298
2023-11-20 00:00:00+00:00,2023-11-20 00:05:00+00:00,2023-11-20 00:25:00+00:00,Tokyo,2023-11-20,opening_first_30m,value_area_bounce,short,37279.61,37395.16142857143,37048.50714285714,37199.99,phase_end,5,0.8065588297109471,0.0025,0.0017226095986944759,1.6131176594218941,0.0024196764891328414,-0.0006970668904383655,0.6890438394777904,-0.2788267561753462
2023-11-20 08:20:00+00:00,2023-11-20 08:25:00+00:00,2023-11-20 08:25:00+00:00,London,2023-11-20,opening_first_30m,value_area_bounce,short,37188.02,37222.896428571425,37118.26714285714,37208.01,phase_end,1,1.0,0.0009378404274126146,-0.0005375387019799227,2.0,0.003,-0.0035375387019799228,-0.5731664857559247,-3.7720049153133153
2023-11-20 08:40:00+00:00,2023-11-20 08:45:00+00:00,2023-11-20 08:45:00+00:00,London,2023-11-20,opening_followthrough_30m,opening_range_breakout,short,37070.01,37110.745,36988.54,37110.745,stop,1,1.0,0.0010988667119323557,-0.001098866711932489,2.0,0.003,-0.004098866711932489,-1.0000000000001215,-3.7300854302198645
2023-11-21 00:40:00+00:00,2023-11-21 00:45:00+00:00,2023-11-21 00:55:00+00:00,Tokyo,2023-11-21,opening_followthrough_30m,opening_range_breakout,short,37362.13,37404.11357142857,37278.16285714286,37394.17,phase_end,3,1.0,0.0011236932002691143,-0.0008575528215335471,2.0,0.003,-0.003857552821533547,-0.7631556561240835,-3.4329235245080225
2023-11-21 06:15:00+00:00,2023-11-21 06:20:00+00:00,2023-11-21 06:25:00+00:00,Tokyo,2023-11-21,after_close_30m,value_area_bounce,long,37381.51,37346.20428571429,37452.12142857143,37386.7,phase_end,2,1.0,0.0009444699875878262,0.0001388386932468233,2.0,0.003,-0.0028611613067531768,0.14700169944141575,-3.0293829813063464
2023-11-21 15:00:00+00:00,2023-11-21 15:05:00+00:00,2023-11-21 15:05:00+00:00,New_York,2023-11-21,opening_followthrough_30m,value_area_bounce,long,36578.0,36458.08714285714,36817.82571428572,36458.08714285714,stop,1,0.7625954562241567,0.0025,-0.0025000000000000547,1.5251909124483134,0.00228778636867247,-0.004787786368672525,-1.0000000000000218,-1.91511454746901
2023-11-22 08:30:00+00:00,2023-11-22 08:35:00+00:00,2023-11-22 08:50:00+00:00,London,2023-11-22,opening_followthrough_30m,value_area_bounce,long,36430.39,36392.561428571425,36506.04714285714,36506.04714285714,target,4,1.0,0.001038379535013784,0.0020767590700274674,2.0,0.003,-0.0009232409299725327,1.9999999999999032,-0.8891170317221988
2023-11-22 15:05:00+00:00,2023-11-22 15:10:00+00:00,2023-11-22 15:15:00+00:00,New_York,2023-11-22,opening_followthrough_30m,opening_range_breakout,short,36245.37,36323.59785714286,36088.914285714294,36323.59785714286,stop,2,1.0,0.002158285517373826,-0.002158285517373848,2.0,0.003,-0.005158285517373848,-1.0000000000000102,-2.389992184004637
2023-11-23 08:05:00+00:00,2023-11-23 08:10:00+00:00,2023-11-23 08:10:00+00:00,London,2023-11-23,opening_first_30m,value_area_bounce,short,37358.55,37390.18428571429,37295.28142857143,37390.18428571429,stop,1,1.0,0.0008467749876343317,-0.0008467749876344133,2.0,0.003,-0.0038467749876344133,-1.0000000000000964,-4.542853820447978
2023-11-24 15:20:00+00:00,2023-11-24 15:25:00+00:00,2023-11-24 15:25:00+00:00,New_York,2023-11-24,opening_followthrough_30m,opening_range_breakout,long,38121.05,38037.59642857143,38287.95714285714,38037.59642857143,stop,1,1.0,0.00218917294850409,-0.002189172948504181,2.0,0.003,-0.005189172948504181,-1.0000000000000415,-2.3703805366542907
2023-11-27 15:00:00+00:00,2023-11-27 15:05:00+00:00,2023-11-27 15:25:00+00:00,New_York,2023-11-27,opening_followthrough_30m,value_area_bounce,long,36933.61,36851.82428571428,37097.18142857143,36976.92,phase_end,5,1.0,0.0022143980587252176,0.001172644645351495,2.0,0.003,-0.0018273553546485051,0.5295545851528436,-0.8252153886462831
2023-11-28 00:35:00+00:00,2023-11-28 00:40:00+00:00,2023-11-28 00:50:00+00:00,Tokyo,2023-11-28,opening_followthrough_30m,opening_range_breakout,long,37319.57,37278.62714285714,37401.455714285716,37278.62714285714,stop,3,1.0,0.0010970881267618564,-0.0010970881267619026,2.0,0.003,-0.004097088126761903,-1.0000000000000422,-3.7345114096301333
2023-11-28 05:35:00+00:00,2023-11-28 05:40:00+00:00,2023-11-28 05:55:00+00:00,Tokyo,2023-11-28,closing_last_30m,value_area_bounce,long,36940.01,36892.27857142857,37035.47285714286,36913.76,phase_end,4,1.0,0.00129213361261755,-0.0007106116105545235,2.0,0.003,-0.0037106116105545235,-0.5499521130132946,-2.8716934334969606
2023-11-28 08:40:00+00:00,2023-11-28 08:45:00+00:00,2023-11-28 08:55:00+00:00,London,2023-11-28,opening_followthrough_30m,opening_range_breakout,short,36966.01,37009.618571428575,36878.79285714286,36940.54,phase_end,3,1.0,0.0011796937626909478,0.0006890113377127083,2.0,0.003,-0.0023109886622872918,0.584059490270623,-1.9589733669658442
2023-11-29 08:45:00+00:00,2023-11-29 08:50:00+00:00,2023-11-29 08:55:00+00:00,London,2023-11-29,opening_followthrough_30m,opening_range_breakout,long,38249.58,38201.00642857143,38346.72714285715,38346.72714285715,target,2,1.0,0.0012699112363736245,0.0025398224727473107,2.0,0.003,-0.0004601775272526894,2.0000000000000484,-0.3623698366247853
2023-11-29 15:05:00+00:00,2023-11-29 15:10:00+00:00,2023-11-29 15:25:00+00:00,New_York,2023-11-29,opening_followthrough_30m,opening_range_breakout,short,37663.98,37751.438571428575,37489.06285714286,37751.438571428575,stop,4,1.0,0.0023220746036019513,-0.002322074603601898,2.0,0.003,-0.005322074603601898,-0.999999999999977,-2.2919481550448086
2023-11-29 21:05:00+00:00,2023-11-29 21:10:00+00:00,2023-11-29 21:25:00+00:00,New_York,2023-11-29,after_close_30m,value_area_bounce,long,37709.04,37647.60928571429,37831.90142857143,37770.33,phase_end,4,1.0,0.0016290712859758489,0.0016253397063410446,2.0,0.003,-0.0013746602936589554,0.9977093822308893,-0.8438306570700522
2023-11-30 00:05:00+00:00,2023-11-30 00:10:00+00:00,2023-11-30 00:20:00+00:00,Tokyo,2023-11-30,opening_first_30m,value_area_bounce,short,37801.64,37840.50928571429,37723.90142857143,37840.50928571429,stop,3,1.0,0.0010282433702422855,-0.001028243370242432,2.0,0.003,-0.004028243370242432,-1.0000000000001426,-3.917597221456682
2023-12-01 14:35:00+00:00,2023-12-01 14:40:00+00:00,2023-12-01 14:40:00+00:00,New_York,2023-12-01,opening_first_30m,value_area_bounce,long,38378.78,38318.07142857143,38500.19714285714,38318.07142857143,stop,1,1.0,0.0015818265048698856,-0.001581826504869932,2.0,0.003,-0.004581826504869932,-1.0000000000000293,-2.896541745105487
2023-12-01 15:00:00+00:00,2023-12-01 15:05:00+00:00,2023-12-01 15:25:00+00:00,New_York,2023-12-01,opening_followthrough_30m,opening_range_breakout,long,38403.47,38337.54571428572,38535.31857142857,38337.54571428572,stop,5,1.0,0.0017166231518736415,-0.0017166231518735975,2.0,0.003,-0.0047166231518735975,-0.9999999999999744,-2.747617114872037
2023-12-04 16:00:00+00:00,2023-12-04 16:05:00+00:00,2023-12-04 16:25:00+00:00,London,2023-12-04,closing_last_30m,value_area_bounce,long,41302.02,41173.856428571424,41558.34714285714,41446.76,phase_end,5,0.8056505358665508,0.0025,0.0028233451671692633,1.6113010717331016,0.0024169516075996525,0.0004063935595696108,1.1293380668677053,0.16255742382784433
2023-12-05 16:00:00+00:00,2023-12-05 16:05:00+00:00,2023-12-05 16:05:00+00:00,London,2023-12-05,closing_last_30m,value_area_bounce,short,42152.01,42269.74428571429,41916.541428571436,42269.74428571429,stop,1,0.8950665845608882,0.0025,-0.002500000000000145,1.7901331691217763,0.0026851997536826645,-0.0051851997536828094,-1.000000000000058,-2.074079901473124
2023-12-06 08:35:00+00:00,2023-12-06 08:40:00+00:00,2023-12-06 08:50:00+00:00,London,2023-12-06,opening_followthrough_30m,value_area_bounce,short,43743.26,43830.385714285716,43569.008571428574,43830.385714285716,stop,3,1.0,0.0019917517415417815,-0.0019917517415417585,2.0,0.003,-0.0049917517415417586,-0.9999999999999885,-2.506211812159746
2023-12-06 14:35:00+00:00,2023-12-06 14:40:00+00:00,2023-12-06 14:40:00+00:00,New_York,2023-12-06,opening_first_30m,value_area_bounce,short,43995.53,44110.773571428566,43765.04285714286,44110.773571428566,stop,1,0.9544031275373299,0.0025,-0.002499999999999986,1.9088062550746598,0.0028632093826119896,-0.005363209382611976,-0.9999999999999944,-2.14528375304479
2023-12-06 20:40:00+00:00,2023-12-06 20:45:00+00:00,2023-12-06 20:55:00+00:00,New_York,2023-12-06,closing_last_30m,value_area_bounce,short,43969.62,44047.11785714286,43814.62428571429,43814.62428571429,target,3,1.0,0.0017625318832151877,0.0035250637664303586,2.0,0.003,0.0005250637664303585,1.9999999999999905,0.29790313096211574
2023-12-07 08:00:00+00:00,2023-12-07 08:05:00+00:00,2023-12-07 08:10:00+00:00,London,2023-12-07,opening_first_30m,value_area_bounce,long,43842.57,43790.09,43947.53,43790.09,stop,2,1.0,0.0011970101205289764,-0.001197010120529085,2.0,0.003,-0.004197010120529085,-1.0000000000000908,-3.5062444740854524
2023-12-07 15:05:00+00:00,2023-12-07 15:10:00+00:00,2023-12-07 15:20:00+00:00,New_York,2023-12-07,opening_followthrough_30m,opening_range_breakout,long,43565.81,43479.606428571424,43738.21714285714,43738.21714285714,target,3,1.0,0.0019786977776511173,0.003957395555302279,2.0,0.003,0.0009573955553022788,2.000000000000022,0.48385133197995944
2023-12-11 05:45:00+00:00,2023-12-11 05:50:00+00:00,2023-12-11 05:55:00+00:00,Tokyo,2023-12-11,closing_last_30m,value_area_bounce,long,41923.99,41812.237857142856,42147.49428571428,42053.41,phase_end,2,0.9378788837542359,0.0025,0.0028952464957529363,1.8757577675084718,0.002813636651262708,8.160984449022846e-05,1.1580985983011745,0.032643937796091385
2023-12-11 16:35:00+00:00,2023-12-11 16:40:00+00:00,2023-12-11 16:45:00+00:00,London,2023-12-11,after_close_30m,value_area_bounce,long,41820.14,41665.72357142857,42128.97285714286,41665.72357142857,stop,2,0.6770675307494086,0.0025,-0.0024999999999999775,1.3541350614988172,0.002031202592248226,-0.004531202592248203,-0.999999999999991,-1.8124810368992814
2023-12-12 08:05:00+00:00,2023-12-12 08:10:00+00:00,2023-12-12 08:25:00+00:00,London,2023-12-12,opening_first_30m,value_area_bounce,short,41848.57,41930.438571428575,41684.83285714286,41811.1,phase_end,4,1.0,0.001956305112183563,0.0008953710963123251,2.0,0.003,-0.002104628903687675,0.4576847909541787,-1.075818332518979
2023-12-12 15:20:00+00:00,2023-12-12 15:25:00+00:00,2023-12-12 15:25:00+00:00,New_York,2023-12-12,opening_followthrough_30m,opening_range_breakout,short,41247.99,41383.282857142854,40977.404285714285,41252.02,phase_end,1,0.7621982207908833,0.0025,-7.446808510633668e-05,1.5243964415817666,0.00228659466237265,-0.002361062747478987,-0.029787234042534673,-0.9444250989915948
2023-12-13 08:30:00+00:00,2023-12-13 08:35:00+00:00,2023-12-13 08:35:00+00:00,London,2023-12-13,opening_followthrough_30m,opening_range_breakout,long,41272.97,41225.772142857146,41367.36571428572,41225.772142857146,stop,1,1.0,0.0011435536900508355,-0.0011435536900508136,2.0,0.003,-0.004143553690050814,-0.9999999999999808,-3.6234010926645834
2023-12-13 15:00:00+00:00,2023-12-13 15:05:00+00:00,2023-12-13 15:05:00+00:00,New_York,2023-12-13,opening_followthrough_30m,opening_range_breakout,long,41785.27,41701.08857142857,41953.63285714285,41701.08857142857,stop,1,1.0,0.002014619710999347,-0.0020146197109992547,2.0,0.003,-0.005014619710999255,-0.9999999999999541,-2.4891147860912
2023-12-13 16:30:00+00:00,2023-12-13 16:35:00+00:00,2023-12-13 16:55:00+00:00,London,2023-12-13,after_close_30m,value_area_bounce,short,41920.46,42028.4,41704.58,41870.02,phase_end,5,0.9709204187511605,0.0025,0.0011682416157125092,1.941840837502321,0.002912761256253482,-0.0017445196405409726,0.46729664628500367,-0.6978078562163891
2023-12-14 00:40:00+00:00,2023-12-14 00:45:00+00:00,2023-12-14 00:50:00+00:00,Tokyo,2023-12-14,opening_followthrough_30m,opening_range_breakout,short,42666.27,42747.26571428571,42504.27857142857,42747.26571428571,stop,2,1.0,0.001898354702337806,-0.001898354702337901,2.0,0.003,-0.004898354702337901,-1.00000000000005,-2.5803158368168093
2023-12-14 08:50:00+00:00,2023-12-14 08:55:00+00:00,2023-12-14 08:55:00+00:00,London,2023-12-14,opening_followthrough_30m,opening_range_breakout,short,42772.26,42829.07642857143,42658.62714285714,42761.82,phase_end,1,1.0,0.0013283475919071985,0.000244083431644726,2.0,0.003,-0.002755916568355274,0.18374966998982467,-2.0746953471707044
2023-12-15 00:35:00+00:00,2023-12-15 00:40:00+00:00,2023-12-15 00:45:00+00:00,Tokyo,2023-12-15,opening_followthrough_30m,opening_range_breakout,short,42920.21,42986.47285714286,42787.684285714284,42986.47285714286,stop,2,1.0,0.0015438614383027753,-0.0015438614383027627,2.0,0.003,-0.004543861438302763,-0.9999999999999919,-2.943179566229726
2023-12-15 08:30:00+00:00,2023-12-15 08:35:00+00:00,2023-12-15 08:40:00+00:00,London,2023-12-15,opening_followthrough_30m,value_area_bounce,short,42704.89,42754.24642857142,42606.177142857145,42754.24642857142,stop,2,1.0,0.001155755899884706,-0.0011557558998847028,2.0,0.003,-0.004155755899884703,-0.9999999999999972,-3.5957038162636814
2023-12-18 00:15:00+00:00,2023-12-18 00:20:00+00:00,2023-12-18 00:25:00+00:00,Tokyo,2023-12-18,opening_first_30m,value_area_bounce,long,41279.99,41168.911428571424,41502.14714285714,41396.0,phase_end,2,0.9290718603305305,0.0025,0.0026109896469681004,1.858143720661061,0.0027872155809915916,-0.00017622593402349127,1.0443958587872402,-0.0704903736093965
2023-12-18 05:50:00+00:00,2023-12-18 05:55:00+00:00,2023-12-18 05:55:00+00:00,Tokyo,2023-12-18,closing_last_30m,value_area_bounce,short,41070.17,41111.59714285714,40987.315714285716,41004.18,phase_end,1,1.0,0.0010086917793898239,0.0016067622802632409,2.0,0.003,-0.0013932377197367592,1.5929169971378183,-1.3812323528397883
2023-12-18 08:15:00+00:00,2023-12-18 08:20:00+00:00,2023-12-18 08:25:00+00:00,London,2023-12-18,opening_first_30m,value_area_bounce,long,41172.89,41114.932857142856,41288.80428571429,41215.79,phase_end,2,1.0,0.0014076530177294438,0.0010419477476564243,2.0,0.003,-0.0019580522523435758,0.7402021197930544,-1.3910049051022038
2023-12-19 00:00:00+00:00,2023-12-19 00:05:00+00:00,2023-12-19 00:05:00+00:00,Tokyo,2023-12-19,opening_first_30m,value_area_bounce,short,42610.69,42690.65785714286,42450.75428571429,42690.65785714286,stop,1,1.0,0.0018767088057681494,-0.0018767088057682901,2.0,0.003,-0.00487670880576829,-1.000000000000075,-2.598543146800135
2023-12-19 06:15:00+00:00,2023-12-19 06:20:00+00:00,2023-12-19 06:25:00+00:00,Tokyo,2023-12-19,after_close_30m,value_area_bounce,long,42904.99,42862.704999999994,42989.56,42897.46,phase_end,2,1.0,0.0009855496994638706,-0.00017550406141564334,2.0,0.003,-0.0031755040614156434,-0.17807733238731221,-3.2220638524298537
2023-12-19 15:15:00+00:00,2023-12-19 15:20:00+00:00,2023-12-19 15:25:00+00:00,New_York,2023-12-19,opening_followthrough_30m,value_area_bounce,long,42631.09,42493.922857142854,42905.42428571428,42729.98,phase_end,2,0.7769916525198676,0.0025,0.0018023631231970398,1.5539833050397351,0.0023309749575596028,-0.000528611834362563,0.7209452492788159,-0.2114447337450252
2023-12-20 00:05:00+00:00,2023-12-20 00:10:00+00:00,2023-12-20 00:25:00+00:00,Tokyo,2023-12-20,opening_first_30m,value_area_bounce,long,42335.54,42268.008571428574,42470.60285714286,42331.99,phase_end,4,1.0,0.0015951474475447516,-8.385389674969712e-05,2.0,0.003,-0.003083853896749697,-0.05256811643259995,-1.9332720003385018
2023-12-20 15:10:00+00:00,2023-12-20 15:15:00+00:00,2023-12-20 15:20:00+00:00,New_York,2023-12-20,opening_followthrough_30m,opening_range_breakout,long,44272.19,44101.12642857143,44614.317142857144,44101.12642857143,stop,2,0.6470137041784803,0.0025,-0.00250000000000002,1.2940274083569605,0.0019410411125354407,-0.004441041112535461,-1.000000000000008,-1.7764164450141842
2023-12-21 08:30:00+00:00,2023-12-21 08:35:00+00:00,2023-12-21 08:35:00+00:00,London,2023-12-21,opening_followthrough_30m,opening_range_breakout,long,43932.0,43887.49214285714,44021.01571428571,43887.49214285714,stop,1,1.0,0.0010131079200322586,-0.0010131079200322857,2.0,0.003,-0.004013107920032286,-1.0000000000000266,-3.961185023511122
2023-12-21 14:35:00+00:00,2023-12-21 14:40:00+00:00,2023-12-21 14:40:00+00:00,New_York,2023-12-21,opening_first_30m,value_area_bounce,long,43828.01,43709.09857142857,44065.83285714286,43709.09857142857,stop,1,0.9214423400370013,0.0025,-0.0025000000000000694,1.8428846800740026,0.002764327020111004,-0.0052643270201110735,-1.0000000000000278,-2.1057308080444295
2023-12-22 00:15:00+00:00,2023-12-22 00:20:00+00:00,2023-12-22 00:25:00+00:00,Tokyo,2023-12-22,opening_first_30m,value_area_bounce,long,43856.58,43811.887142857144,43945.96571428572,43930.99,phase_end,2,1.0,0.0010190684531912423,0.0016966667259508128,2.0,0.003,-0.0013033332740491873,1.6649192903947247,-1.2789457567524158
2023-12-22 12:05:00+00:00,2023-12-22 12:10:00+00:00,2023-12-22 12:25:00+00:00,London,2023-12-22,closing_last_30m,value_area_bounce,short,43648.01,43709.44285714286,43525.14428571429,43571.91,phase_end,4,1.0,0.0014074606641369788,0.001743493002315577,2.0,0.003,-0.001256506997684423,1.2387507848289636,-0.892747505987944
2023-12-22 14:50:00+00:00,2023-12-22 14:55:00+00:00,2023-12-22 14:55:00+00:00,New_York,2023-12-22,opening_first_30m,value_area_bounce,long,43672.0,43580.57142857143,43854.857142857145,43636.39,phase_end,1,1.0,0.0020935283803940946,-0.0008153965927826246,2.0,0.003,-0.0038153965927826246,-0.38948437500003263,-1.822471875000041
2023-12-25 05:30:00+00:00,2023-12-25 05:35:00+00:00,2023-12-25 05:35:00+00:00,Tokyo,2023-12-25,closing_last_30m,value_area_bounce,short,43169.93,43193.942142857144,43121.90571428571,43193.942142857144,stop,1,1.0,0.0005562238080335718,-0.0005562238080336623,2.0,0.003,-0.0035562238080336624,-1.0000000000001628,-6.393512389564995
2023-12-27 08:30:00+00:00,2023-12-27 08:35:00+00:00,2023-12-27 08:55:00+00:00,London,2023-12-27,opening_followthrough_30m,opening_range_breakout,long,42657.71,42613.25428571428,42746.62142857143,42746.62142857143,target,5,1.0,0.0010421495735639615,0.0020842991471279326,2.0,0.003,-0.0009157008528720674,2.0000000000000093,-0.8786654776823806
2023-12-27 14:40:00+00:00,2023-12-27 14:45:00+00:00,2023-12-27 14:45:00+00:00,New_York,2023-12-27,opening_first_30m,value_area_bounce,short,43030.59,43123.52785714285,42844.71428571428,43123.52785714285,stop,1,1.0,0.0021598090368469603,-0.0021598090368468714,2.0,0.003,-0.0051598090368468715,-0.9999999999999588,-2.3890116898388016
2023-12-28 00:35:00+00:00,2023-12-28 00:40:00+00:00,2023-12-28 00:40:00+00:00,Tokyo,2023-12-28,opening_followthrough_30m,opening_range_breakout,long,43743.99,43664.40214285714,43903.165714285715,43664.40214285714,stop,1,1.0,0.0018194009541163678,-0.001819400954116368,2.0,0.003,-0.004819400954116368,-1.0000000000000002,-2.648894375488011
2023-12-28 08:30:00+00:00,2023-12-28 08:35:00+00:00,2023-12-28 08:55:00+00:00,London,2023-12-28,opening_followthrough_30m,value_area_bounce,long,43045.31,42969.21142857143,43197.50714285714,42969.21142857143,stop,5,1.0,0.0017678713761980277,-0.0017678713761980491,2.0,0.003,-0.004767871376198049,-1.0000000000000122,-2.696956034466603
2023-12-28 20:35:00+00:00,2023-12-28 20:40:00+00:00,2023-12-28 20:55:00+00:00,New_York,2023-12-28,closing_last_30m,value_area_bounce,long,42516.0,42447.10214285714,42653.79571428571,42506.43,phase_end,4,1.0,0.0016205159738182594,-0.00022509173017215556,2.0,0.003,-0.0032250917301721556,-0.1389012720694104,-1.9901634925407092
2023-12-29 00:50:00+00:00,2023-12-29 00:55:00+00:00,2023-12-29 00:55:00+00:00,Tokyo,2023-12-29,opening_followthrough_30m,opening_range_breakout,short,42429.71,42511.01285714286,42267.10428571428,42407.11,phase_end,1,1.0,0.0019161775355725393,0.0005326456391051559,2.0,0.003,-0.002467354360894844,0.2779730109642505,-1.287643923952807
2023-12-29 15:10:00+00:00,2023-12-29 15:15:00+00:00,2023-12-29 15:15:00+00:00,New_York,2023-12-29,opening_followthrough_30m,value_area_bounce,short,42813.25,42892.81785714286,42654.114285714284,42654.114285714284,target,1,1.0,0.0018584867334962053,0.0037169734669925125,2.0,0.003,0.0007169734669925125,2.0000000000000546,0.38578347322594775
2024-01-02 14:30:00+00:00,2024-01-02 14:35:00+00:00,2024-01-02 14:40:00+00:00,New_York,2024-01-02,opening_first_30m,value_area_bounce,short,45531.12,45625.80928571429,45341.74142857143,45341.74142857143,target,2,1.0,0.0020796608059341906,0.004159321611868272,2.0,0.003,0.0011593216118682718,1.9999999999999474,0.557457066344769
2024-01-02 15:15:00+00:00,2024-01-02 15:20:00+00:00,2024-01-02 15:20:00+00:00,New_York,2024-01-02,opening_followthrough_30m,opening_range_breakout,short,44839.92,45030.434285714284,44458.89142857143,45030.434285714284,stop,1,0.5884062687462498,0.0025000000000000005,-0.002499999999999997,1.1768125374924996,0.0017652188062387494,-0.004265218806238746,-0.9999999999999987,-1.706087522495498
2024-01-04 06:10:00+00:00,2024-01-04 06:15:00+00:00,2024-01-04 06:25:00+00:00,Tokyo,2024-01-04,after_close_30m,value_area_bounce,short,43111.8,43178.417857142864,42978.56428571429,43131.99,phase_end,3,1.0,0.0015452348810037569,-0.0004683172588477724,2.0,0.003,-0.0034683172588477725,-0.30307189192076867,-2.2445243124429184
2024-01-04 15:10:00+00:00,2024-01-04 15:15:00+00:00,2024-01-04 15:25:00+00:00,New_York,2024-01-04,opening_followthrough_30m,opening_range_breakout,long,43820.8,43699.04928571429,44064.30142857143,44064.30142857143,target,3,0.8998058092941656,0.0025,0.005000000000000034,1.7996116185883313,0.002699417427882497,0.0023005825721175367,2.0000000000000133,0.9202330288470146
2024-01-04 20:50:00+00:00,2024-01-04 20:55:00+00:00,2024-01-04 20:55:00+00:00,New_York,2024-01-04,closing_last_30m,value_area_bounce,short,44175.8,44321.965000000004,43883.47,44113.68,phase_end,1,0.7555810214483614,0.0025,0.0010624978620053219,1.5111620428967227,0.0022667430643450843,-0.0012042452023397624,0.42499914480212875,-0.48169808093590494
2024-01-04 21:10:00+00:00,2024-01-04 21:15:00+00:00,2024-01-04 21:25:00+00:00,New_York,2024-01-04,after_close_30m,value_area_bounce,short,44302.0,44485.51357142857,43934.97285714286,44411.1,phase_end,3,0.60352484635235,0.0025,-0.0014862660994320604,1.2070496927047,0.0018105745390570502,-0.0032968406384891106,-0.5945064397728241,-1.3187362553956443
2024-01-05 08:30:00+00:00,2024-01-05 08:35:00+00:00,2024-01-05 08:55:00+00:00,London,2024-01-05,opening_followthrough_30m,value_area_bounce,short,43807.72,43882.54,43658.08,43882.54,stop,5,1.0,0.0017079181477602512,-0.001707918147760168,2.0,0.003,-0.004707918147760168,-0.9999999999999513,-2.75652445870084
2024-01-05 14:45:00+00:00,2024-01-05 14:50:00+00:00,2024-01-05 14:50:00+00:00,New_York,2024-01-05,opening_first_30m,value_area_bounce,long,43786.68,43632.25714285715,44095.525714285715,43632.25714285715,stop,1,0.7088762766429846,0.0025,-0.0024999999999999693,1.4177525532859692,0.002126628829928954,-0.004626628829928923,-0.9999999999999877,-1.8506515319715693
2024-01-05 15:05:00+00:00,2024-01-05 15:10:00+00:00,2024-01-05 15:20:00+00:00,New_York,2024-01-05,opening_followthrough_30m,value_area_bounce,long,43741.1,43563.81,44095.67999999999,43563.81,stop,3,0.6168015680523479,0.0025,-0.002500000000000014,1.2336031361046957,0.0018504047041570436,-0.004350404704157058,-1.0000000000000056,-1.740161881662823
2024-01-08 16:05:00+00:00,2024-01-08 16:10:00+00:00,2024-01-08 16:25:00+00:00,London,2024-01-08,closing_last_30m,value_area_bounce,short,45010.54,45171.81428571429,44687.99142857143,45026.0,phase_end,4,0.6977327445700326,0.0025,-0.00023965382843779123,1.3954654891400653,0.002093198233710098,-0.002332852062147889,-0.0958615313751165,-0.9331408248591556
2024-01-09 00:20:00+00:00,2024-01-09 00:25:00+00:00,2024-01-09 00:25:00+00:00,Tokyo,2024-01-09,opening_first_30m,value_area_bounce,short,46944.0,47041.21,46749.58,46900.0,phase_end,1,1.0,0.002070765167007513,0.0009372869802317663,2.0,0.003,-0.002062713019768234,0.4526283304186784,-0.9961115111613958
2024-01-09 00:35:00+00:00,2024-01-09 00:40:00+00:00,2024-01-09 00:40:00+00:00,Tokyo,2024-01-09,opening_followthrough_30m,opening_range_breakout,short,46334.88,46472.34357142857,46059.95285714285,46472.34357142857,stop,1,0.8426756179559205,0.0025,-0.0025000000000000634,1.685351235911841,0.0025280268538677617,-0.005028026853867825,-1.0000000000000253,-2.01121074154713
2024-01-09 06:05:00+00:00,2024-01-09 06:10:00+00:00,2024-01-09 06:25:00+00:00,Tokyo,2024-01-09,after_close_30m,value_area_bounce,long,46794.62,46726.520000000004,46930.82,46772.0,phase_end,4,1.0,0.0014552955019188013,-0.0004833889023995175,2.0,0.003,-0.0034833889023995175,-0.33215859030840894,-2.393595594713708
2024-01-10 08:35:00+00:00,2024-01-10 08:40:00+00:00,2024-01-10 08:45:00+00:00,London,2024-01-10,opening_followthrough_30m,opening_range_breakout,short,45643.99,45716.00785714285,45499.95428571429,45716.00785714285,stop,2,1.0,0.0015778168635751746,-0.0015778168635751655,2.0,0.003,-0.0045778168635751655,-0.9999999999999942,-2.9013613488718155
2024-01-10 16:00:00+00:00,2024-01-10 16:05:00+00:00,2024-01-10 16:25:00+00:00,London,2024-01-10,closing_last_30m,value_area_bounce,short,45323.73,45546.965000000004,44877.26,45517.99,phase_end,5,0.5075786726991758,0.0025,-0.002175510112661545,1.0151573453983516,0.0015227360180975274,-0.0036982461307590725,-0.8702040450646179,-1.479298452303629
2024-01-11 16:00:00+00:00,2024-01-11 16:05:00+00:00,2024-01-11 16:05:00+00:00,London,2024-01-11,closing_last_30m,value_area_bounce,long,46901.09,46488.10714285714,47727.055714285714,46488.10714285714,stop,1,0.2839166879981177,0.0025,-0.0025000000000000204,0.5678333759962354,0.0008517500639943531,-0.0033517500639943737,-1.0000000000000082,-1.3407000255977495
2024-01-11 20:35:00+00:00,2024-01-11 20:40:00+00:00,2024-01-11 20:45:00+00:00,New_York,2024-01-11,closing_last_30m,value_area_bounce,short,46356.76,46503.9,46062.48,46503.9,stop,2,0.7876301481582171,0.0025,-0.0025000000000000053,1.5752602963164342,0.0023628904444746514,-0.004862890444474657,-1.000000000000002,-1.9451561777898627
2024-01-12 00:35:00+00:00,2024-01-12 00:40:00+00:00,2024-01-12 00:55:00+00:00,Tokyo,2024-01-12,opening_followthrough_30m,value_area_bounce,long,46395.97,46266.639285714286,46654.63142857143,46293.43,phase_end,4,0.8968474785019592,0.0025,-0.0019821277676830653,1.7936949570039185,0.0026905424355058776,-0.004672670203188943,-0.7928511070732261,-1.8690680812755773
2024-01-12 05:40:00+00:00,2024-01-12 05:45:00+00:00,2024-01-12 05:55:00+00:00,Tokyo,2024-01-12,closing_last_30m,value_area_bounce,long,46080.7,45995.76142857142,46250.57714285714,46194.01,phase_end,3,1.0,0.001843256969372663,0.002458947021204194,2.0,0.003,-0.0005410529787958059,1.334022907311223,-0.29353095514400723
2024-01-12 08:35:00+00:00,2024-01-12 08:40:00+00:00,2024-01-12 08:45:00+00:00,London,2024-01-12,opening_followthrough_30m,opening_range_breakout,short,45669.99,45780.83571428571,45448.29857142857,45780.83571428571,stop,2,1.0,0.0024271017857834883,-0.0024271017857835364,2.0,0.003,-0.0054271017857835365,-1.0000000000000198,-2.2360421048561934
2024-01-15 06:10:00+00:00,2024-01-15 06:15:00+00:00,2024-01-15 06:15:00+00:00,Tokyo,2024-01-15,after_close_30m,value_area_bounce,short,42738.47,42794.82142857143,42625.76714285715,42794.82142857143,stop,1,1.0,0.0013185176860900244,-0.0013185176860899261,2.0,0.003,-0.004318517686089926,-0.9999999999999255,-3.2752823353444733
2024-01-15 08:35:00+00:00,2024-01-15 08:40:00+00:00,2024-01-15 08:45:00+00:00,London,2024-01-15,opening_followthrough_30m,opening_range_breakout,long,42763.02,42694.756428571425,42899.54714285714,42694.756428571425,stop,2,1.0,0.0015963225101634794,-0.001596322510163506,2.0,0.003,-0.004596322510163506,-1.0000000000000167,-2.8793194864443756
2024-01-16 08:30:00+00:00,2024-01-16 08:35:00+00:00,2024-01-16 08:55:00+00:00,London,2024-01-16,opening_followthrough_30m,opening_range_breakout,long,42920.0,42862.62071428572,43034.758571428574,43014.53,phase_end,5,1.0,0.0013368892291306046,0.0022024697110902824,2.0,0.003,-0.0007975302889097176,1.647458639877423,-0.5965567464616057
2024-01-16 15:15:00+00:00,2024-01-16 15:20:00+00:00,2024-01-16 15:25:00+00:00,New_York,2024-01-16,opening_followthrough_30m,opening_range_breakout,long,42995.03,42770.55285714286,43443.98428571429,42970.09,phase_end,2,0.4788352775338246,0.0025,-0.0002777565644609283,0.9576705550676492,0.001436505832601474,-0.0017142623970624023,-0.11110262578437131,-0.6857049588249609
2024-01-16 20:30:00+00:00,2024-01-16 20:35:00+00:00,2024-01-16 20:45:00+00:00,New_York,2024-01-16,closing_last_30m,value_area_bounce,short,43226.59,43302.79214285714,43074.18571428571,43074.18571428571,target,3,1.0,0.0017628534394488094,0.0035257068788975277,2.0,0.003,0.0005257068788975276,1.9999999999999483,0.2982136047917291
2024-01-17 08:40:00+00:00,2024-01-17 08:45:00+00:00,2024-01-17 08:55:00+00:00,London,2024-01-17,opening_followthrough_30m,value_area_bounce,long,42728.61,42657.565,42870.700000000004,42728.76,phase_end,3,1.0,0.001662703280073944,3.5105284257319624e-06,2.0,0.003,-0.002996489471574268,0.0021113378843974143,-1.8021793229643521
2024-01-17 14:40:00+00:00,2024-01-17 14:45:00+00:00,2024-01-17 14:55:00+00:00,New_York,2024-01-17,opening_first_30m,value_area_bounce,long,42733.69,42612.680714285714,42975.70857142857,42612.680714285714,stop,3,0.8828597274117113,0.0025,-0.0025000000000000703,1.7657194548234225,0.002648579182235134,-0.005148579182235205,-1.0000000000000282,-2.059431672894082
2024-01-17 15:00:00+00:00,2024-01-17 15:05:00+00:00,2024-01-17 15:25:00+00:00,New_York,2024-01-17,opening_followthrough_30m,value_area_bounce,long,42691.65,42533.65928571429,43007.63142857143,42636.0,phase_end,5,0.6755404928861114,0.0025,-0.0008805897272443912,1.3510809857722228,0.002026621478658334,-0.0029072112059027252,-0.3522358908977565,-1.16288448236109
2024-01-18 08:45:00+00:00,2024-01-18 08:50:00+00:00,2024-01-18 08:55:00+00:00,London,2024-01-18,opening_followthrough_30m,opening_range_breakout,short,42766.04,42802.54,42693.04,42742.0,phase_end,2,1.0,0.0008534809395492069,0.0005621282681305129,2.0,0.003,-0.002437871731869487,0.6586301369863267,-2.856386849315143
2024-01-19 15:00:00+00:00,2024-01-19 15:05:00+00:00,2024-01-19 15:05:00+00:00,New_York,2024-01-19,opening_followthrough_30m,value_area_bounce,long,40982.31,40866.72714285714,41213.47571428571,40866.72714285714,stop,1,0.8864270838483237,0.0025,-0.0025000000000000326,1.7728541676966474,0.002659281251544971,-0.0051592812515450035,-1.000000000000013,-2.0637125006180015
2024-01-22 00:35:00+00:00,2024-01-22 00:40:00+00:00,2024-01-22 00:40:00+00:00,Tokyo,2024-01-22,opening_followthrough_30m,opening_range_breakout,short,41476.78,41520.989285714284,41388.36142857143,41520.989285714284,stop,1,1.0,0.0010658803724466137,-0.0010658803724465926,2.0,0.003,-0.004065880372446593,-0.9999999999999802,-3.814574766128587
2024-01-22 08:10:00+00:00,2024-01-22 08:15:00+00:00,2024-01-22 08:20:00+00:00,London,2024-01-22,opening_first_30m,value_area_bounce,long,40975.87,40904.226428571434,41119.15714285715,40904.226428571434,stop,2,1.0,0.0017484331980888031,-0.0017484331980887058,2.0,0.003,-0.004748433198088706,-0.9999999999999443,-2.715821916032695
2024-01-22 14:50:00+00:00,2024-01-22 14:55:00+00:00,2024-01-22 14:55:00+00:00,New_York,2024-01-22,opening_first_30m,value_area_bounce,long,40654.15,40515.577142857146,40931.29571428571,40694.75,phase_end,1,0.7334435985196068,0.0025,0.0007324666756012326,1.4668871970392137,0.0022003307955588206,-0.0014678641199575878,0.292986670240493,-0.5871456479830351
2024-01-23 08:45:00+00:00,2024-01-23 08:50:00+00:00,2024-01-23 08:55:00+00:00,London,2024-01-23,opening_followthrough_30m,opening_range_breakout,short,39449.59,39565.297857142854,39218.17428571428,39565.297857142854,stop,2,0.8523533097517783,0.0025,-0.0025000000000000595,1.7047066195035565,0.002557059929255335,-0.005057059929255394,-1.0000000000000238,-2.0228239717021577
2024-01-23 15:00:00+00:00,2024-01-23 15:05:00+00:00,2024-01-23 15:25:00+00:00,New_York,2024-01-23,opening_followthrough_30m,opening_range_breakout,long,38983.12,38813.79928571429,39321.76142857143,39051.1,phase_end,5,0.5755810823922486,0.0025,0.001003716531181303,1.1511621647844972,0.0017267432471767459,-0.0007230267159954429,0.40148661247252115,-0.28921068639817715
2024-01-24 00:40:00+00:00,2024-01-24 00:45:00+00:00,2024-01-24 00:50:00+00:00,Tokyo,2024-01-24,opening_followthrough_30m,opening_range_breakout,long,40004.38,39926.505,40160.13,40160.13,target,2,1.0,0.0019466618405284623,0.0038933236810569927,2.0,0.003,0.0008933236810569926,2.000000000000035,0.45890028892459367
2024-01-24 06:00:00+00:00,2024-01-24 06:05:00+00:00,2024-01-24 06:10:00+00:00,Tokyo,2024-01-24,after_close_30m,value_area_bounce,short,39770.41,39815.93571428572,39679.35857142857,39679.35857142857,target,2,1.0,0.0011447132248753624,0.00228942644975072,2.0,0.003,-0.0007105735502492801,1.9999999999999958,-0.6207437241119043
2024-01-24 08:30:00+00:00,2024-01-24 08:35:00+00:00,2024-01-24 08:50:00+00:00,London,2024-01-24,opening_followthrough_30m,value_area_bounce,short,39901.1,39976.41428571429,39750.47142857143,39976.41428571429,stop,4,1.0,0.0018875240460610185,-0.0018875240460611842,2.0,0.003,-0.004887524046061184,-1.0000000000000877,-2.5893837253415226
2024-01-24 14:35:00+00:00,2024-01-24 14:40:00+00:00,2024-01-24 14:45:00+00:00,New_York,2024-01-24,opening_first_30m,value_area_bounce,long,40137.58,40030.045,40352.65,40030.045,stop,2,0.9331282838145734,0.0025,-0.0025000000000001024,1.8662565676291467,0.00279938485144372,-0.005299384851443822,-1.0000000000000409,-2.119753940577529
2024-01-25 00:50:00+00:00,2024-01-25 00:55:00+00:00,2024-01-25 00:55:00+00:00,Tokyo,2024-01-25,opening_followthrough_30m,opening_range_breakout,long,40150.01,40098.63642857143,40252.75714285715,40170.15,phase_end,1,1.0,0.0012795406882481627,0.0005016188040800618,2.0,0.003,-0.0024983811959199383,0.39203036580793316,-1.9525609610277477
2024-01-25 08:30:00+00:00,2024-01-25 08:35:00+00:00,2024-01-25 08:45:00+00:00,London,2024-01-25,opening_followthrough_30m,opening_range_breakout,short,40036.99,40076.13785714286,39958.694285714286,40076.13785714286,stop,3,1.0,0.000977792215220403,-0.000977792215220541,2.0,0.003,-0.003977792215220541,-1.000000000000141,-4.068136515408758
2024-01-26 15:20:00+00:00,2024-01-26 15:25:00+00:00,2024-01-26 15:25:00+00:00,New_York,2024-01-26,opening_followthrough_30m,value_area_bounce,short,41355.52,41483.72928571428,41099.10142857143,41303.03,phase_end,1,0.8064064893895548,0.0025,0.0010235218086499132,1.6128129787791097,0.0024192194681686647,-0.0013956976595187515,0.40940872345996526,-0.5582790638075006
2024-01-29 00:00:00+00:00,2024-01-29 00:05:00+00:00,2024-01-29 00:25:00+00:00,Tokyo,2024-01-29,opening_first_30m,value_area_bounce,short,41947.87,42015.29,41813.030000000006,41978.43,phase_end,5,1.0,0.0016072329775027865,-0.0007285232837805911,2.0,0.003,-0.003728523283780591,-0.45327795906261387,-2.3198399584693234
2024-01-29 08:45:00+00:00,2024-01-29 08:50:00+00:00,2024-01-29 08:55:00+00:00,London,2024-01-29,opening_followthrough_30m,value_area_bounce,long,42109.14,42049.585,42228.25,42122.85,phase_end,2,1.0,0.0014143010282328325,0.00032558252198922055,2.0,0.003,-0.0026744174780107795,0.2302073713373705,-1.890981781546508
2024-01-29 15:10:00+00:00,2024-01-29 15:15:00+00:00,2024-01-29 15:25:00+00:00,New_York,2024-01-29,opening_followthrough_30m,opening_range_breakout,long,42028.0,41950.29714285714,42183.40571428571,42061.1,phase_end,3,1.0,0.0018488354702307246,0.0007875701913009348,2.0,0.003,-0.0022124298086990653,0.42598176202377286,-1.1966612737167823
2024-01-30 00:00:00+00:00,2024-01-30 00:05:00+00:00,2024-01-30 00:15:00+00:00,Tokyo,2024-01-30,opening_first_30m,value_area_bounce,short,43188.25,43244.650714285715,43075.44857142857,43244.650714285715,stop,3,1.0,0.001305927290078085,-0.0013059272900781682,2.0,0.003,-0.004305927290078168,-1.0000000000000637,-3.2972182469827285
2024-01-30 08:10:00+00:00,2024-01-30 08:15:00+00:00,2024-01-30 08:20:00+00:00,London,2024-01-30,opening_first_30m,value_area_bounce,long,43358.0,43311.430714285714,43451.13857142857,43451.13857142857,target,2,1.0,0.001074064433652031,0.0021481288673042,2.0,0.003,-0.0008518711326958002,2.0000000000001283,-0.793128518183281
2024-01-30 21:00:00+00:00,2024-01-30 21:05:00+00:00,2024-01-30 21:20:00+00:00,New_York,2024-01-30,after_close_30m,value_area_bounce,short,43544.08,43635.069285714286,43362.101428571434,43635.069285714286,stop,4,1.0,0.002089590266100136,-0.0020895902661000054,2.0,0.003,-0.0050895902661000055,-0.9999999999999375,-2.435688157946322
2024-01-31 08:00:00+00:00,2024-01-31 08:05:00+00:00,2024-01-31 08:15:00+00:00,London,2024-01-31,opening_first_30m,value_area_bounce,short,43025.36,43063.767857142855,42948.544285714284,42948.544285714284,target,3,1.0,0.0008926795067573302,0.0017853590135147313,2.0,0.003,-0.0012146409864852688,2.0000000000000795,-1.3606686131929564
2024-01-31 15:15:00+00:00,2024-01-31 15:20:00+00:00,2024-01-31 15:20:00+00:00,New_York,2024-01-31,opening_followthrough_30m,value_area_bounce,short,42745.89,42852.655,42532.36,42852.655,stop,1,1.0,0.0024976670271691847,-0.002497667027169248,2.0,0.003,-0.005497667027169248,-1.0000000000000253,-2.201120872945268
2024-02-01 15:00:00+00:00,2024-02-01 15:05:00+00:00,2024-02-01 15:25:00+00:00,New_York,2024-02-01,opening_followthrough_30m,opening_range_breakout,long,42743.24,42651.82714285714,42926.065714285716,42926.065714285716,target,5,1.0,0.002138650629733687,0.004277301259467459,2.0,0.003,0.0012773012594674586,2.0000000000000395,0.5972463392146071
2024-02-02 05:45:00+00:00,2024-02-02 05:50:00+00:00,2024-02-02 05:55:00+00:00,Tokyo,2024-02-02,closing_last_30m,value_area_bounce,long,43086.58,43055.63857142857,43148.46285714286,43103.97,phase_end,2,1.0,0.0007181221756618555,0.00040360594876642786,2.0,0.003,-0.002596394051233572,0.5620296412576947,-3.6155324807239273
2024-02-02 14:30:00+00:00,2024-02-02 14:35:00+00:00,2024-02-02 14:55:00+00:00,New_York,2024-02-02,opening_first_30m,value_area_bounce,long,42768.79,42656.51714285714,42993.33571428571,42805.35,phase_end,5,0.9523403761244973,0.0025,0.0008140881271390891,1.9046807522489946,0.002857021128373492,-0.0020429330012344026,0.32563525085563566,-0.817173200493761
2024-02-02 15:00:00+00:00,2024-02-02 15:05:00+00:00,2024-02-02 15:25:00+00:00,New_York,2024-02-02,opening_followthrough_30m,opening_range_breakout,long,42925.66,42834.69500000001,43107.590000000004,43029.16,phase_end,5,1.0,0.002119128744904566,0.002411145221762556,2.0,0.003,-0.0005888547782374439,1.137800252844544,-0.27787588632986177
2024-02-05 00:20:00+00:00,2024-02-05 00:25:00+00:00,2024-02-05 00:25:00+00:00,Tokyo,2024-02-05,opening_first_30m,value_area_bounce,long,42616.51,42572.08214285714,42705.36571428571,42572.08214285714,stop,1,1.0,0.0010425034134155038,-0.0010425034134156075,2.0,0.003,-0.0040425034134156075,-1.0000000000000995,-3.8776884194281416
2024-02-05 15:00:00+00:00,2024-02-05 15:05:00+00:00,2024-02-05 15:15:00+00:00,New_York,2024-02-05,opening_followthrough_30m,opening_range_breakout,short,43035.88,43117.04214285714,42873.555714285714,42873.555714285714,target,3,1.0,0.0018859180492449927,0.003771836098489967,2.0,0.003,0.0007718360984899668,1.99999999999999,0.40926279845455804
2024-02-06 08:45:00+00:00,2024-02-06 08:50:00+00:00,2024-02-06 08:55:00+00:00,London,2024-02-06,opening_followthrough_30m,opening_range_breakout,long,43080.07,43021.627857142856,43196.95428571428,43069.02,phase_end,2,1.0,0.0013565934980407752,-0.0002564991189661914,2.0,0.003,-0.0032564991189661914,-0.18907588701894382,-2.400497366137539
2024-02-06 15:15:00+00:00,2024-02-06 15:20:00+00:00,2024-02-06 15:25:00+00:00,New_York,2024-02-06,opening_followthrough_30m,opening_range_breakout,long,43103.81,43026.11142857143,43259.20714285714,43194.0,phase_end,2,1.0,0.0018025917297930588,0.002092390440659564,2.0,0.003,-0.0009076095593404361,1.1607678023130477,-0.5035025648567862
2024-02-06 16:45:00+00:00,2024-02-06 16:50:00+00:00,2024-02-06 16:55:00+00:00,London,2024-02-06,after_close_30m,value_area_bounce,short,43190.22,43268.34642857143,43033.967142857146,43165.46,phase_end,2,1.0,0.0018088916558292212,0.0005732779319022052,2.0,0.003,-0.002426722068097795,0.3169222048511284,-1.3415519167649383
2024-02-07 00:35:00+00:00,2024-02-07 00:40:00+00:00,2024-02-07 00:55:00+00:00,Tokyo,2024-02-07,opening_followthrough_30m,value_area_bounce,long,43088.27,43047.43571428571,43169.93857142857,43096.47,phase_end,4,1.0,0.0009476891440358172,0.00019030701395084115,2.0,0.003,-0.002809692986049159,0.20081164287732797,-2.9647833403301798
2024-02-07 08:10:00+00:00,2024-02-07 08:15:00+00:00,2024-02-07 08:25:00+00:00,London,2024-02-07,opening_first_30m,value_area_bounce,long,42912.39,42880.67571428571,42975.81857142857,42952.76,phase_end,3,1.0,0.0007390472941331451,0.0009407539407617627,2.0,0.003,-0.0020592460592382374,1.2729279279280854,-2.786352207206983
2024-02-07 14:50:00+00:00,2024-02-07 14:55:00+00:00,2024-02-07 14:55:00+00:00,New_York,2024-02-07,opening_first_30m,value_area_bounce,short,43082.07,43170.45071428571,42905.30857142857,43028.6,phase_end,1,1.0,0.0020514500414142906,0.0012411195655176455,2.0,0.003,-0.0017588804344823546,0.6049962419079945,-0.8573839961853346
2024-02-08 08:40:00+00:00,2024-02-08 08:45:00+00:00,2024-02-08 08:55:00+00:00,London,2024-02-08,opening_followthrough_30m,opening_range_breakout,long,44706.0,44662.05142857143,44793.89714285714,44718.33,phase_end,3,1.0,0.0009830575633823268,0.0002758019057844674,2.0,0.003,-0.0027241980942155327,0.2805551943830614,-2.771148095176242
2024-02-08 15:00:00+00:00,2024-02-08 15:05:00+00:00,2024-02-08 15:15:00+00:00,New_York,2024-02-08,opening_followthrough_30m,value_area_bounce,short,45071.11,45201.96214285714,44809.40571428571,45201.96214285714,stop,3,0.8611076023647191,0.0025,-0.0024999999999998847,1.7222152047294381,0.0025833228070941574,-0.005083322807094042,-0.9999999999999538,-2.0333291228376167
2024-02-09 00:45:00+00:00,2024-02-09 00:50:00+00:00,2024-02-09 00:55:00+00:00,Tokyo,2024-02-09,opening_followthrough_30m,opening_range_breakout,short,45251.33,45302.29,45149.41,45289.1,phase_end,2,1.0,0.0011261547450649553,-0.0008346715997076259,2.0,0.003,-0.003834671599707626,-0.7411695447409254,-3.405101844583931
2024-02-12 15:00:00+00:00,2024-02-12 15:05:00+00:00,2024-02-12 15:10:00+00:00,New_York,2024-02-12,opening_followthrough_30m,opening_range_breakout,long,48866.8,48735.72,49128.96000000001,49128.96000000001,target,2,0.9320033567287105,0.0025,0.00500000000000004,1.864006713457421,0.0027960100701861315,0.0022039899298139085,2.000000000000016,0.8815959719255634
2024-02-13 00:30:00+00:00,2024-02-13 00:35:00+00:00,2024-02-13 00:45:00+00:00,Tokyo,2024-02-13,opening_followthrough_30m,value_area_bounce,short,50045.99,50133.89142857143,49870.18714285714,50133.89142857143,stop,3,1.0,0.0017564130227302576,-0.0017564130227303298,2.0,0.003,-0.00475641302273033,-1.000000000000041,-2.708026506964017
2024-02-13 08:30:00+00:00,2024-02-13 08:35:00+00:00,2024-02-13 08:55:00+00:00,London,2024-02-13,opening_followthrough_30m,opening_range_breakout,long,50102.29,50046.783571428576,50213.30285714286,50117.98,phase_end,5,1.0,0.0011078621071298003,0.00031315933862519074,2.0,0.003,-0.0026868406613748093,0.28266996100851394,-2.425248272400756
2024-02-14 08:50:00+00:00,2024-02-14 08:55:00+00:00,2024-02-14 08:55:00+00:00,London,2024-02-14,opening_followthrough_30m,opening_range_breakout,long,50223.38,50131.77285714285,50406.59428571428,50406.59428571428,target,1,1.0,0.0018239939816305042,0.0036479879632609347,2.0,0.003,0.0006479879632609346,1.9999999999999596,0.3552577309940932
2024-02-14 14:35:00+00:00,2024-02-14 14:40:00+00:00,2024-02-14 14:50:00+00:00,New_York,2024-02-14,opening_first_30m,value_area_bounce,short,51761.1,51898.91357142857,51485.47285714286,51898.91357142857,stop,3,0.9389695706933283,0.0025,-0.0025000000000001466,1.8779391413866566,0.002816908712079985,-0.005316908712080131,-1.0000000000000586,-2.1267634848320527
2024-02-14 15:00:00+00:00,2024-02-14 15:05:00+00:00,2024-02-14 15:10:00+00:00,New_York,2024-02-14,opening_followthrough_30m,value_area_bounce,short,51824.97,51983.408571428576,51508.09285714286,51508.09285714286,target,2,0.817745475939298,0.0025,0.004999999999999963,1.635490951878596,0.002453236427817894,0.0025467635721820687,1.9999999999999851,1.0187054288728274
2024-02-14 16:00:00+00:00,2024-02-14 16:05:00+00:00,2024-02-14 16:10:00+00:00,London,2024-02-14,closing_last_30m,value_area_bounce,long,51621.1,51421.92571428571,52019.44857142857,51421.92571428571,stop,2,0.6479388116653034,0.0025,-0.0025000000000000074,1.2958776233306069,0.0019438164349959103,-0.0044438164349959175,-1.0000000000000029,-1.777526573998367
2024-02-14 21:00:00+00:00,2024-02-14 21:05:00+00:00,2024-02-14 21:25:00+00:00,New_York,2024-02-14,after_close_30m,value_area_bounce,short,51588.0,51684.72142857143,51394.55714285714,51485.36,phase_end,5,1.0,0.0018748823092856366,0.00198960998681863,2.0,0.003,-0.00101039001318137,1.0611919356029909,-0.5389085001107864
2024-02-15 15:00:00+00:00,2024-02-15 15:05:00+00:00,2024-02-15 15:25:00+00:00,New_York,2024-02-15,opening_followthrough_30m,opening_range_breakout,short,52401.12,52575.72142857143,52051.91714285714,52221.37,phase_end,5,0.7502962665990303,0.0025,0.0025737189190073568,1.5005925331980605,0.002250888799797091,0.00032283011921026587,1.0294875676029427,0.12913204768410635
2024-02-15 16:30:00+00:00,2024-02-15 16:35:00+00:00,2024-02-15 16:55:00+00:00,London,2024-02-15,after_close_30m,value_area_bounce,short,52202.0,52401.39571428572,51803.20857142857,52265.32,phase_end,5,0.6545025326522259,0.0025,-0.0007938987082399438,1.3090050653044518,0.001963507597956678,-0.0027574063061966214,-0.3175594832959775,-1.1029625224786486
2024-02-16 14:35:00+00:00,2024-02-16 14:40:00+00:00,2024-02-16 14:45:00+00:00,New_York,2024-02-16,opening_first_30m,value_area_bounce,long,52316.45,52145.69142857143,52657.96714285714,52145.69142857143,stop,2,0.7659417849762861,0.0025,-0.002499999999999906,1.5318835699525721,0.0022978253549288583,-0.004797825354928764,-0.9999999999999624,-1.9191301419715054
2024-02-16 15:10:00+00:00,2024-02-16 15:15:00+00:00,2024-02-16 15:15:00+00:00,New_York,2024-02-16,opening_followthrough_30m,opening_range_breakout,short,51645.0,51822.22928571428,51290.54142857143,51822.22928571428,stop,1,0.7285054469391974,0.0025,-0.0024999999999999844,1.4570108938783948,0.0021855163408175922,-0.004685516340817576,-0.9999999999999938,-1.8742065363270304
2024-02-19 00:35:00+00:00,2024-02-19 00:40:00+00:00,2024-02-19 00:40:00+00:00,Tokyo,2024-02-19,opening_followthrough_30m,opening_range_breakout,long,52350.37,52267.99285714286,52515.124285714286,52267.99285714286,stop,1,1.0,0.001573573269055086,-0.0015735732690550508,2.0,0.003,-0.004573573269055051,-0.9999999999999777,-2.9064889185626757
2024-02-19 08:45:00+00:00,2024-02-19 08:50:00+00:00,2024-02-19 08:55:00+00:00,London,2024-02-19,opening_followthrough_30m,opening_range_breakout,short,52110.0,52164.947857142855,52000.10428571428,52098.5,phase_end,2,1.0,0.0010544589741480989,0.00022068700825172982,2.0,0.003,-0.0027793129917482702,0.2092893262443175,-2.635771575649671
2024-02-20 00:35:00+00:00,2024-02-20 00:40:00+00:00,2024-02-20 00:40:00+00:00,Tokyo,2024-02-20,opening_followthrough_30m,opening_range_breakout,short,51703.39,51765.05857142857,51580.05285714286,51580.05285714286,target,1,1.0,0.0011927374864311988,0.0023854749728623448,2.0,0.003,-0.0006145250271376553,1.9999999999999556,-0.5152223637880129
2024-02-20 14:45:00+00:00,2024-02-20 14:50:00+00:00,2024-02-20 14:55:00+00:00,New_York,2024-02-20,opening_first_30m,value_area_bounce,long,52033.32,51783.24428571428,52533.47142857143,52048.74,phase_end,2,0.520175661085498,0.0025,0.00015415331356781684,1.040351322170996,0.0015605269832564938,-0.001406373669688677,0.06166132542712673,-0.5625494678754708
2024-02-22 05:50:00+00:00,2024-02-22 05:55:00+00:00,2024-02-22 05:55:00+00:00,Tokyo,2024-02-22,closing_last_30m,value_area_bounce,short,51488.37,51576.44285714286,51312.224285714285,51524.88,phase_end,1,1.0,0.0017105388487314208,-0.0007090921697461283,2.0,0.003,-0.0037090921697461284,-0.4145431542066461,-2.1683764578026894
2024-02-22 20:40:00+00:00,2024-02-22 20:45:00+00:00,2024-02-22 20:55:00+00:00,New_York,2024-02-22,closing_last_30m,value_area_bounce,short,51900.59,52000.19857142857,51701.37285714286,52000.19857142857,stop,3,1.0,0.001919218479569706,-0.001919218479569773,2.0,0.003,-0.004919218479569773,-1.0000000000000349,-2.5631362619396385
2024-02-23 08:10:00+00:00,2024-02-23 08:15:00+00:00,2024-02-23 08:15:00+00:00,London,2024-02-23,opening_first_30m,value_area_bounce,long,51168.23,51087.24857142857,51330.19285714286,51087.24857142857,stop,1,1.0,0.0015826505738312311,-0.0015826505738313346,2.0,0.003,-0.004582650573831335,-1.0000000000000653,-2.895554236421118
2024-02-23 08:45:00+00:00,2024-02-23 08:50:00+00:00,2024-02-23 08:55:00+00:00,London,2024-02-23,opening_followthrough_30m,opening_range_breakout,short,50881.99,50987.307857142856,50671.35428571428,50987.307857142856,stop,2,1.0,0.0020698454825146865,-0.002069845482514765,2.0,0.003,-0.005069845482514765,-1.000000000000038,-2.4493835531893584
2024-02-23 14:30:00+00:00,2024-02-23 14:35:00+00:00,2024-02-23 14:35:00+00:00,New_York,2024-02-23,opening_first_30m,value_area_bounce,short,51133.79,51230.54571428571,50940.27857142857,50940.27857142857,target,1,1.0,0.0018922069787065245,0.0037844139574131352,2.0,0.003,0.0007844139574131352,2.0000000000000457,0.41454976450268943
2024-02-23 15:20:00+00:00,2024-02-23 15:25:00+00:00,2024-02-23 15:25:00+00:00,New_York,2024-02-23,opening_followthrough_30m,value_area_bounce,long,50992.0,50829.217142857146,51317.565714285716,50892.59,phase_end,1,0.7831291466282844,0.0025,-0.001526727103591125,1.5662582932565687,0.002349387439884853,-0.0038761145434759777,-0.6106908414364499,-1.550445817390391
2024-02-26 00:30:00+00:00,2024-02-26 00:35:00+00:00,2024-02-26 00:40:00+00:00,Tokyo,2024-02-26,opening_followthrough_30m,opening_range_breakout,long,51769.39,51722.49071428571,51863.188571428575,51722.49071428571,stop,2,1.0,0.0009059269524768692,-0.000905926952476932,2.0,0.003,-0.003905926952476932,-1.0000000000000693,-4.31152527452445
2024-02-26 15:00:00+00:00,2024-02-26 15:05:00+00:00,2024-02-26 15:05:00+00:00,New_York,2024-02-26,opening_followthrough_30m,opening_range_breakout,long,51742.56,51667.962857142855,51891.75428571428,51891.75428571428,target,1,1.0,0.0014416979534283263,0.0028833959068566006,2.0,0.003,-0.00011660409314339943,1.9999999999999638,-0.08087969665637482
2024-02-27 00:45:00+00:00,2024-02-27 00:50:00+00:00,2024-02-27 00:55:00+00:00,Tokyo,2024-02-27,opening_followthrough_30m,value_area_bounce,long,54533.99,54456.63071428571,54688.70857142857,54554.93,phase_end,2,1.0,0.0014185517273591225,0.00038398070634482195,2.0,0.003,-0.002616019293655178,0.27068502257557286,-1.8441479737403352
2024-02-27 16:45:00+00:00,2024-02-27 16:50:00+00:00,2024-02-27 16:55:00+00:00,London,2024-02-27,after_close_30m,value_area_bounce,short,56986.55,57227.54642857143,56504.55714285715,57040.01,phase_end,2,0.5911555446879775,0.0025,-0.0005545725336771187,1.182311089375955,0.0017734666340639325,-0.002328039167741051,-0.22182901347084746,-0.9312156670964205
2024-02-28 08:50:00+00:00,2024-02-28 08:55:00+00:00,2024-02-28 08:55:00+00:00,London,2024-02-28,opening_followthrough_30m,opening_range_breakout,long,59262.11,58984.43785714286,59817.45428571429,59448.42,phase_end,1,0.5335618959667238,0.0024999999999999996,0.001677427901867767,1.0671237919334475,0.0016006856879001714,7.674221396759568e-05,0.6709711607471069,0.030696885587038276
2024-02-28 15:10:00+00:00,2024-02-28 15:15:00+00:00,2024-02-28 15:25:00+00:00,New_York,2024-02-28,opening_followthrough_30m,opening_range_breakout,long,61201.4,60867.89071428571,61868.41857142858,61117.82,phase_end,3,0.458768335857,0.0025,-0.0006265192873190564,0.917536671714,0.001376305007571,-0.0020028242948900562,-0.25060771492762257,-0.8011297179560225
2024-02-29 08:30:00+00:00,2024-02-29 08:35:00+00:00,2024-02-29 08:35:00+00:00,London,2024-02-29,opening_followthrough_30m,value_area_bounce,long,62740.09,62519.134999999995,63181.99999999999,62519.134999999995,stop,1,0.7098740693806442,0.0025,-0.002500000000000015,1.4197481387612885,0.002129622208141933,-0.004629622208141948,-1.000000000000006,-1.8518488832567792
2024-02-29 14:40:00+00:00,2024-02-29 14:45:00+00:00,2024-02-29 14:55:00+00:00,New_York,2024-02-29,opening_first_30m,value_area_bounce,short,62958.32,63205.720714285715,62463.51857142857,62902.77,phase_end,3,0.6361978398260787,0.0025,0.0005613362936358466,1.2723956796521574,0.0019085935194782361,-0.0013472572258423896,0.22453451745433864,-0.5389028903369558
2024-02-29 21:00:00+00:00,2024-02-29 21:05:00+00:00,2024-02-29 21:05:00+00:00,New_York,2024-02-29,after_close_30m,value_area_bounce,short,61633.53,61842.96928571429,61214.65142857143,61214.65142857143,target,1,0.7356968606653798,0.0025,0.004999999999999946,1.4713937213307595,0.0022070905819961393,0.002792909418003807,1.9999999999999785,1.1171637672015229
2024-03-01 08:30:00+00:00,2024-03-01 08:35:00+00:00,2024-03-01 08:40:00+00:00,London,2024-03-01,opening_followthrough_30m,opening_range_breakout,long,61935.43,61787.28285714286,62231.724285714285,62231.724285714285,target,2,1.0,0.002391961157888815,0.004783922315777733,2.0,0.003,0.0017839223157777332,2.000000000000043,0.7457990318506061
2024-03-01 21:00:00+00:00,2024-03-01 21:05:00+00:00,2024-03-01 21:10:00+00:00,New_York,2024-03-01,after_close_30m,value_area_bounce,short,62381.1,62566.80428571429,62009.69142857143,62566.80428571429,stop,2,0.839790796427502,0.0025,-0.0024999999999999896,1.679581592855004,0.002519372389282506,-0.005019372389282496,-0.9999999999999959,-2.0077489557129984
2024-03-04 00:45:00+00:00,2024-03-04 00:50:00+00:00,2024-03-04 00:50:00+00:00,Tokyo,2024-03-04,opening_followthrough_30m,opening_range_breakout,short,62404.92,62725.33928571428,61764.08142857143,62725.33928571428,stop,1,0.4869004674678496,0.0025,-0.0024999999999999792,0.9738009349356992,0.0014607014024035489,-0.003960701402403528,-0.9999999999999917,-1.584280560961411
2024-03-04 05:50:00+00:00,2024-03-04 05:55:00+00:00,2024-03-04 05:55:00+00:00,Tokyo,2024-03-04,closing_last_30m,value_area_bounce,long,63425.57,63328.17928571429,63620.35142857143,63328.17928571429,stop,1,1.0,0.0015355118493332405,-0.0015355118493332043,2.0,0.003,-0.004535511849333204,-0.9999999999999765,-2.95374591300135
2024-03-04 08:35:00+00:00,2024-03-04 08:40:00+00:00,2024-03-04 08:55:00+00:00,London,2024-03-04,opening_followthrough_30m,opening_range_breakout,long,65138.03,64863.78857142857,65686.51285714285,65241.08,phase_end,4,0.5938018768655371,0.0025,0.0009394094879902351,1.1876037537310742,0.0017814056305966114,-0.0008419961426063763,0.37576379519609404,-0.3367984570425505
2024-03-05 14:30:00+00:00,2024-03-05 14:35:00+00:00,2024-03-05 14:35:00+00:00,New_York,2024-03-05,opening_first_30m,value_area_bounce,short,67411.58,67643.74642857142,66947.24714285714,67643.74642857142,stop,1,0.7258971550581113,0.0025,-0.002499999999999988,1.4517943101162225,0.0021776914651743338,-0.004677691465174322,-0.9999999999999951,-1.8710765860697287
2024-03-05 15:20:00+00:00,2024-03-05 15:25:00+00:00,2024-03-05 15:25:00+00:00,New_York,2024-03-05,opening_followthrough_30m,value_area_bounce,short,67512.96,68044.85642857144,66449.16714285714,67170.01,phase_end,1,0.31732192760405753,0.0025,0.0016119209566846852,0.6346438552081151,0.0009519657828121727,0.0006599551738725126,0.644768382673874,0.26398206954900505
2024-03-06 15:00:00+00:00,2024-03-06 15:05:00+00:00,2024-03-06 15:10:00+00:00,New_York,2024-03-06,opening_followthrough_30m,opening_range_breakout,short,65706.43,66134.79428571428,64849.701428571425,66134.79428571428,stop,2,0.38347285354588195,0.0025,-0.0024999999999999944,0.7669457070917639,0.001150418560637646,-0.0036504185606376404,-0.9999999999999978,-1.4601674242550562
2024-03-06 21:00:00+00:00,2024-03-06 21:05:00+00:00,2024-03-06 21:10:00+00:00,New_York,2024-03-06,after_close_30m,value_area_bounce,long,66824.28,66627.535,67217.77,66627.535,stop,2,0.8491229764415844,0.0025,-0.0024999999999998964,1.6982459528831688,0.0025473689293247534,-0.00504736892932465,-0.9999999999999586,-2.01894757172986
2024-03-07 06:10:00+00:00,2024-03-07 06:15:00+00:00,2024-03-07 06:25:00+00:00,Tokyo,2024-03-07,after_close_30m,value_area_bounce,long,65915.39,65766.66357142857,66212.84285714285,66125.4,phase_end,3,1.0,0.0022563232739945625,0.003186054121806725,2.0,0.003,0.00018605412180672503,1.4120556918983425,0.08245898269592258
2024-03-07 14:45:00+00:00,2024-03-07 14:50:00+00:00,2024-03-07 14:55:00+00:00,New_York,2024-03-07,opening_first_30m,value_area_bounce,long,66979.43,66704.91214285714,67528.4657142857,67024.98,phase_end,2,0.6099733428738697,0.0025,0.0004148181877318138,1.2199466857477395,0.0018299200286216093,-0.0014151018408897955,0.1659272750927255,-0.5660407363559182
2024-03-07 20:50:00+00:00,2024-03-07 20:55:00+00:00,2024-03-07 20:55:00+00:00,New_York,2024-03-07,closing_last_30m,value_area_bounce,short,67628.0,67768.71857142857,67346.56285714285,67537.67,phase_end,1,1.0,0.002080773813044468,0.0013356893594369534,2.0,0.003,-0.0016643106405630466,0.641919535445638,-0.7998517811640101
2024-03-08 15:05:00+00:00,2024-03-08 15:10:00+00:00,2024-03-08 15:25:00+00:00,New_York,2024-03-08,opening_followthrough_30m,opening_range_breakout,long,68702.79,68447.12999999999,69214.10999999999,69214.10999999999,target,4,0.6718179417977017,0.0025,0.0049999999999998735,1.3436358835954034,0.0020154538253931054,0.002984546174606768,1.9999999999999494,1.1938184698427072
2024-03-08 16:35:00+00:00,2024-03-08 16:40:00+00:00,2024-03-08 16:55:00+00:00,London,2024-03-08,after_close_30m,value_area_bounce,long,67154.1,66312.11142857143,68838.07714285715,67810.6,phase_end,4,0.19939136432119864,0.0025,0.0019492544859787701,0.3987827286423973,0.000598174092963596,0.0013510803930151742,0.779701794391508,0.5404321572060696
2024-03-11 00:35:00+00:00,2024-03-11 00:40:00+00:00,2024-03-11 00:45:00+00:00,Tokyo,2024-03-11,opening_followthrough_30m,opening_range_breakout,short,68421.11,68562.67142857143,68137.98714285714,68137.98714285714,target,2,1.0,0.0020689729905204643,0.004137945981041002,2.0,0.003,0.0011379459810410024,2.0000000000000355,0.5500052375042094
2024-03-11 13:45:00+00:00,2024-03-11 13:50:00+00:00,2024-03-11 13:55:00+00:00,New_York,2024-03-11,opening_first_30m,value_area_bounce,short,71718.56,71972.37428571428,71210.93142857142,71503.97,phase_end,2,0.7064078347498154,0.0025,0.0021136517138515085,1.4128156694996308,0.0021192235042494464,-5.57179039793786e-06,0.8454606855406034,-0.002228716159175144
2024-03-12 13:35:00+00:00,2024-03-12 13:40:00+00:00,2024-03-12 13:50:00+00:00,New_York,2024-03-12,opening_first_30m,value_area_bounce,short,71825.09,72080.04428571428,71315.18142857144,72080.04428571428,stop,3,0.7042938089741635,0.0025,-0.002499999999999974,1.408587617948327,0.0021128814269224905,-0.0046128814269224645,-0.9999999999999896,-1.8451525707689858
2024-03-12 14:00:00+00:00,2024-03-12 14:05:00+00:00,2024-03-12 14:05:00+00:00,New_York,2024-03-12,opening_followthrough_30m,opening_range_breakout,long,72536.49,72312.59714285715,72984.27571428572,72312.59714285715,stop,1,0.8099464507896035,0.0025,-0.002499999999999996,1.619892901579207,0.0024298393523688104,-0.004929839352368806,-0.9999999999999984,-1.9719357409475224
2024-03-13 14:05:00+00:00,2024-03-13 14:10:00+00:00,2024-03-13 14:25:00+00:00,New_York,2024-03-13,opening_followthrough_30m,value_area_bounce,long,72651.01,72351.69571428571,73249.63857142857,72556.48,phase_end,4,0.6068120823787694,0.0025,-0.0007895546964489888,1.2136241647575388,0.001820436247136308,-0.002609990943585297,-0.31582187857959554,-1.0439963774341188
2024-03-13 16:50:00+00:00,2024-03-13 16:55:00+00:00,2024-03-13 16:55:00+00:00,London,2024-03-13,after_close_30m,value_area_bounce,short,72810.0,72980.92357142858,72468.15285714285,72980.92357142858,stop,1,1.0,0.0023475287931406952,-0.0023475287931407074,2.0,0.003,-0.0053475287931407075,-1.000000000000005,-2.2779395970630008
2024-03-14 00:40:00+00:00,2024-03-14 00:45:00+00:00,2024-03-14 00:50:00+00:00,Tokyo,2024-03-14,opening_followthrough_30m,value_area_bounce,long,72908.61,72812.82214285714,73100.18571428572,72812.82214285714,stop,2,1.0,0.001313807205251358,-0.0013138072052513161,2.0,0.003,-0.004313807205251316,-0.9999999999999681,-3.2834400572692837
2024-03-14 14:15:00+00:00,2024-03-14 14:20:00+00:00,2024-03-14 14:25:00+00:00,New_York,2024-03-14,opening_followthrough_30m,value_area_bounce,long,72183.42,71831.74357142857,72886.77285714286,72201.1,phase_end,2,0.5131380306978613,0.0025,0.00012568371494098502,1.0262760613957227,0.001539414092093584,-0.001413730377152599,0.05027348597639401,-0.5654921508610397
2024-03-15 00:30:00+00:00,2024-03-15 00:35:00+00:00,2024-03-15 00:35:00+00:00,Tokyo,2024-03-15,opening_followthrough_30m,opening_range_breakout,long,72404.0,72218.27785714286,72775.44428571429,72218.27785714286,stop,1,0.9746279965078454,0.0025,-0.002499999999999935,1.9492559930156907,0.002923883989523536,-0.005423883989523471,-0.999999999999974,-2.1695535958093886
2024-03-15 08:50:00+00:00,2024-03-15 08:55:00+00:00,2024-03-15 08:55:00+00:00,London,2024-03-15,opening_followthrough_30m,value_area_bounce,long,67338.71,67011.61214285715,67992.90571428572,67066.26,phase_end,1,0.5146679237537063,0.0025,-0.0020823279184692305,1.0293358475074126,0.001544003771261119,-0.0036263316897303492,-0.8329311673876921,-1.4505326758921397
2024-03-18 00:35:00+00:00,2024-03-18 00:40:00+00:00,2024-03-18 00:40:00+00:00,Tokyo,2024-03-18,opening_followthrough_30m,opening_range_breakout,short,67389.86,67616.66785714286,66936.24428571429,67616.66785714286,stop,1,0.7428078203387987,0.0025,-0.00250000000000011,1.4856156406775973,0.002228423461016396,-0.004728423461016506,-1.000000000000044,-1.8913693844066024
2024-03-18 13:35:00+00:00,2024-03-18 13:40:00+00:00,2024-03-18 13:40:00+00:00,New_York,2024-03-18,opening_first_30m,value_area_bounce,short,68261.1,68481.45142857144,67820.39714285715,67820.39714285715,target,1,0.7744571982417702,0.0025,0.004999999999999987,1.5489143964835403,0.0023233715947253105,0.0026766284052746766,1.999999999999995,1.0706513621098706
2024-03-19 00:45:00+00:00,2024-03-19 00:50:00+00:00,2024-03-19 00:55:00+00:00,Tokyo,2024-03-19,opening_followthrough_30m,opening_range_breakout,short,67339.14,67538.94357142856,66939.53285714285,66939.53285714285,target,2,0.8425667709357361,0.0025,0.005000000000000004,1.6851335418714721,0.0025277003128072084,0.002472299687192795,2.0000000000000013,0.9889198748771181
2024-03-19 08:45:00+00:00,2024-03-19 08:50:00+00:00,2024-03-19 08:55:00+00:00,London,2024-03-19,opening_followthrough_30m,opening_range_breakout,short,63416.01,63747.29285714286,62753.444285714286,63464.0,phase_end,2,0.4785639268126512,0.0025,-0.00036215275681548173,0.9571278536253024,0.0014356917804379536,-0.0017978445372534354,-0.14486110272619268,-0.7191378149013742
2024-03-19 14:15:00+00:00,2024-03-19 14:20:00+00:00,2024-03-19 14:25:00+00:00,New_York,2024-03-19,opening_followthrough_30m,opening_range_breakout,short,62680.0,62985.77642857143,62068.44714285714,62581.11,phase_end,2,0.5124659239827424,0.0025,0.0008085155587532224,1.0249318479654848,0.0015373977719482272,-0.0007288822131950048,0.32340622350128895,-0.2915528852780019
2024-03-20 13:45:00+00:00,2024-03-20 13:50:00+00:00,2024-03-20 13:55:00+00:00,New_York,2024-03-20,opening_first_30m,value_area_bounce,short,63498.96,63769.459285714285,62957.96142857143,63608.83,phase_end,2,0.5868680931293733,0.0025,-0.001015437062152274,1.1737361862587465,0.0017606042793881199,-0.002776041341540394,-0.4061748248609096,-1.1104165366161576
2024-03-20 16:00:00+00:00,2024-03-20 16:05:00+00:00,2024-03-20 16:20:00+00:00,London,2024-03-20,closing_last_30m,value_area_bounce,long,63707.91,63427.725000000006,64268.280000000006,63427.725000000006,stop,4,0.5684450452379661,0.0025,-0.0024999999999999515,1.1368900904759323,0.0017053351357138983,-0.00420533513571385,-0.9999999999999806,-1.68213405428554
2024-03-21 00:00:00+00:00,2024-03-21 00:05:00+00:00,2024-03-21 00:25:00+00:00,Tokyo,2024-03-21,opening_first_30m,value_area_bounce,short,67744.61,67963.045,67307.74,67684.0,phase_end,5,0.775340604756561,0.0025,0.0006936846201387058,1.550681209513122,0.002326021814269683,-0.0016323371941309773,0.2774738480554823,-0.6529348776523909
2024-03-21 08:45:00+00:00,2024-03-21 08:50:00+00:00,2024-03-21 08:55:00+00:00,London,2024-03-21,opening_followthrough_30m,value_area_bounce,short,67356.0,67544.96714285715,66978.06571428572,67283.55,phase_end,2,0.8911072975649704,0.0025,0.0009584999659804082,1.7822145951299408,0.0026733218926949113,-0.001714821926714503,0.3833999863921633,-0.6859287706858012
2024-03-21 13:30:00+00:00,2024-03-21 13:35:00+00:00,2024-03-21 13:45:00+00:00,New_York,2024-03-21,opening_first_30m,value_area_bounce,short,67236.02,67446.07714285715,66815.90571428572,66815.90571428572,target,3,0.8002110650163213,0.0025,0.004999999999999947,1.6004221300326427,0.002400633195048964,0.002599366804950983,1.999999999999979,1.0397467219803933
2024-03-21 14:05:00+00:00,2024-03-21 14:10:00+00:00,2024-03-21 14:25:00+00:00,New_York,2024-03-21,opening_followthrough_30m,value_area_bounce,long,66945.91,66673.26857142858,67491.19285714286,67180.78,phase_end,4,0.6138640626883016,0.0025,0.0021536528878851866,1.2277281253766033,0.001841592188064905,0.00031206069982028166,0.8614611551540746,0.12482427992811267
2024-03-22 00:30:00+00:00,2024-03-22 00:35:00+00:00,2024-03-22 00:45:00+00:00,Tokyo,2024-03-22,opening_followthrough_30m,value_area_bounce,short,65573.02,65730.85785714287,65257.34428571429,65730.85785714287,stop,3,1.0,0.002407054870171572,-0.0024070548701715655,2.0,0.003,-0.0054070548701715656,-0.9999999999999973,-2.246336357835564
2024-03-22 08:50:00+00:00,2024-03-22 08:55:00+00:00,2024-03-22 08:55:00+00:00,London,2024-03-22,opening_followthrough_30m,opening_range_breakout,short,65877.06,66007.295,65616.59,65858.68,phase_end,1,1.0,0.001976940075953595,0.0002790045578840994,2.0,0.003,-0.0027209954421159007,0.14112949667911356,-1.3763671824010164
2024-03-22 16:35:00+00:00,2024-03-22 16:40:00+00:00,2024-03-22 16:50:00+00:00,London,2024-03-22,after_close_30m,value_area_bounce,long,63198.33,62895.28857142857,63804.41285714286,62895.28857142857,stop,3,0.5213670808800304,0.0025,-0.002500000000000006,1.0427341617600607,0.0015641012426400912,-0.004064101242640098,-1.0000000000000024,-1.625640497056039
2024-03-25 00:00:00+00:00,2024-03-25 00:05:00+00:00,2024-03-25 00:25:00+00:00,Tokyo,2024-03-25,opening_first_30m,value_area_bounce,short,66950.0,67161.34428571428,66527.31142857143,66891.94,phase_end,5,0.7919542249951054,0.0025,0.0006867940597941193,1.5839084499902107,0.002375862674985316,-0.0016890686151911968,0.2747176239176477,-0.6756274460764787
2024-03-25 05:40:00+00:00,2024-03-25 05:45:00+00:00,2024-03-25 05:55:00+00:00,Tokyo,2024-03-25,closing_last_30m,value_area_bounce,short,67466.0,67642.72,67112.56,67350.0,phase_end,3,0.954419420552291,0.0025,0.0016410140334993043,1.908838841104582,0.0028632582616568733,-0.001222244228157569,0.6564056133997217,-0.48889769126302757
2024-03-25 08:35:00+00:00,2024-03-25 08:40:00+00:00,2024-03-25 08:45:00+00:00,London,2024-03-25,opening_followthrough_30m,value_area_bounce,long,67111.06,66958.50857142857,67416.16285714286,66958.50857142857,stop,2,1.0,0.0022731190443337898,-0.0022731190443338045,2.0,0.003,-0.005273119044333805,-1.0000000000000064,-2.319772498267578
2024-03-26 00:30:00+00:00,2024-03-26 00:35:00+00:00,2024-03-26 00:45:00+00:00,Tokyo,2024-03-26,opening_followthrough_30m,opening_range_breakout,long,70172.18,70001.79642857143,70512.94714285714,70001.79642857143,stop,3,1.0,0.0024280786406888186,-0.0024280786406887245,2.0,0.003,-0.0054280786406887245,-0.9999999999999613,-2.2355448253310444
2024-03-26 13:45:00+00:00,2024-03-26 13:50:00+00:00,2024-03-26 13:50:00+00:00,New_York,2024-03-26,opening_first_30m,value_area_bounce,long,70824.1,70602.13071428573,71268.03857142858,70602.13071428573,stop,1,0.7976790546954714,0.0025,-0.0024999999999999077,1.5953581093909428,0.0023930371640864144,-0.004893037164086322,-0.999999999999963,-1.9572148656345287
2024-03-26 14:20:00+00:00,2024-03-26 14:25:00+00:00,2024-03-26 14:25:00+00:00,New_York,2024-03-26,opening_followthrough_30m,opening_range_breakout,short,69866.0,70179.88785714285,69238.22428571428,69586.35,phase_end,1,0.5564566963178414,0.0025,0.002227308206069951,1.112913392635683,0.0016693700889535243,0.0005579381171164266,0.8909232824279804,0.22317524684657064
2024-03-26 20:00:00+00:00,2024-03-26 20:05:00+00:00,2024-03-26 20:25:00+00:00,New_York,2024-03-26,after_close_30m,value_area_bounce,long,69635.65,69403.49714285713,70099.95571428571,69736.4,phase_end,5,0.7498900816580176,0.0025,0.0010849532635517714,1.4997801633160353,0.002249670244974053,-0.0011647169814222814,0.43398130542070856,-0.4658867925689126
2024-03-27 00:30:00+00:00,2024-03-27 00:35:00+00:00,2024-03-27 00:40:00+00:00,Tokyo,2024-03-27,opening_followthrough_30m,opening_range_breakout,long,70243.85,70127.16714285716,70477.21571428572,70477.21571428572,target,2,1.0,0.0016611113591133732,0.003322222718226797,2.0,0.003,0.0003222227182267971,2.0000000000000306,0.19398020274738542
2024-03-27 08:50:00+00:00,2024-03-27 08:55:00+00:00,2024-03-27 08:55:00+00:00,London,2024-03-27,opening_followthrough_30m,opening_range_breakout,short,69632.92,69753.50214285713,69391.75571428571,69547.91,phase_end,1,1.0,0.0017316829863969865,0.001220830607132295,2.0,0.003,-0.001779169392867705,0.7049965939045271,-1.0274221129639443
2024-03-27 13:35:00+00:00,2024-03-27 13:40:00+00:00,2024-03-27 13:45:00+00:00,New_York,2024-03-27,opening_first_30m,value_area_bounce,short,70823.72,71128.03142857143,70215.09714285715,70215.09714285715,target,2,0.5818358542470649,0.0025,0.005000000000000027,1.1636717084941297,0.0017455075627411947,0.0032544924372588323,2.0000000000000107,1.301796974903533
2024-03-28 06:00:00+00:00,2024-03-28 06:05:00+00:00,2024-03-28 06:10:00+00:00,Tokyo,2024-03-28,after_close_30m,value_area_bounce,short,69680.01,69792.47,69455.09,69792.47,stop,2,1.0,0.0016139492517294588,-0.0016139492517295295,2.0,0.003,-0.00461394925172953,-1.0000000000000437,-2.8587945047128107
2024-03-28 14:10:00+00:00,2024-03-28 14:15:00+00:00,2024-03-28 14:25:00+00:00,New_York,2024-03-28,opening_followthrough_30m,value_area_bounce,short,70790.0,71080.87142857142,70208.25714285714,71080.87142857142,stop,3,0.6084303324984064,0.0025,-0.0025000000000000183,1.2168606649968128,0.0018252909974952193,-0.004325290997495237,-1.0000000000000073,-1.730116398998095
2024-03-29 06:10:00+00:00,2024-03-29 06:15:00+00:00,2024-03-29 06:25:00+00:00,Tokyo,2024-03-29,after_close_30m,value_area_bounce,long,70296.0,70196.55642857144,70494.88714285714,70323.16,phase_end,3,1.0,0.0014146405404087123,0.0003863662228291709,2.0,0.003,-0.002613633777170829,0.27311971613477404,-1.847560353682292
2024-04-01 14:00:00+00:00,2024-04-01 14:05:00+00:00,2024-04-01 14:25:00+00:00,New_York,2024-04-01,opening_followthrough_30m,opening_range_breakout,short,69732.95,69903.9357142857,69390.97857142857,69390.97857142857,target,5,1.0,0.0024520074697214505,0.0049040149394429244,2.0,0.003,0.0019040149394429244,2.0000000000000098,0.7765126994736364
2024-04-02 00:30:00+00:00,2024-04-02 00:35:00+00:00,2024-04-02 00:50:00+00:00,Tokyo,2024-04-02,opening_followthrough_30m,opening_range_breakout,short,69228.34,69350.875,68983.27,69350.875,stop,4,1.0,0.0017700121077581414,-0.0017700121077581787,2.0,0.003,-0.004770012107758179,-1.000000000000021,-2.6949036601787837
2024-04-02 13:45:00+00:00,2024-04-02 13:50:00+00:00,2024-04-02 13:55:00+00:00,New_York,2024-04-02,opening_first_30m,value_area_bounce,long,65175.83,64873.880000000005,65779.73,65224.2,phase_end,2,0.5396243583374746,0.0025,0.000400480211955535,1.0792487166749491,0.0016188730750124238,-0.001218392863056889,0.160192084782214,-0.4873571452227556
2024-04-02 14:00:00+00:00,2024-04-02 14:05:00+00:00,2024-04-02 14:25:00+00:00,New_York,2024-04-02,opening_followthrough_30m,value_area_bounce,long,65373.17,65067.977857142854,65983.55428571429,65876.0,phase_end,5,0.5355082980511123,0.0025000000000000005,0.004118962527119976,1.0710165961022247,0.0016065248941533371,0.0025124376329666385,1.64758501084799,1.0049750531866553
2024-04-03 00:15:00+00:00,2024-04-03 00:20:00+00:00,2024-04-03 00:20:00+00:00,Tokyo,2024-04-03,opening_first_30m,value_area_bounce,long,65503.99,65368.981428571424,65774.00714285714,65368.981428571424,stop,1,1.0,0.0020610740113475618,-0.0020610740113475856,2.0,0.003,-0.005061074011347586,-1.0000000000000115,-2.4555518062345456
2024-04-03 00:30:00+00:00,2024-04-03 00:35:00+00:00,2024-04-03 00:35:00+00:00,Tokyo,2024-04-03,opening_followthrough_30m,opening_range_breakout,short,64914.42,65087.025714285715,64569.20857142857,64569.20857142857,target,1,0.9402124991723457,0.0025,0.004999999999999922,1.8804249983446915,0.002820637497517037,0.002179362502482885,1.9999999999999687,0.871745000993154
2024-04-03 07:50:00+00:00,2024-04-03 07:55:00+00:00,2024-04-03 07:55:00+00:00,London,2024-04-03,opening_followthrough_30m,opening_range_breakout,short,66139.59,66249.50714285714,65919.75571428571,66135.99,phase_end,1,1.0,0.0016618963446423333,5.44303343881225e-05,2.0,0.003,-0.0029455696656118776,0.03275194302195591,-1.7724147929609961
2024-04-03 14:00:00+00:00,2024-04-03 14:05:00+00:00,2024-04-03 14:25:00+00:00,New_York,2024-04-03,opening_followthrough_30m,opening_range_breakout,long,66412.65,66232.73714285714,66772.47571428571,66772.47571428571,target,5,0.9228446906835907,0.0025,0.005000000000000026,1.8456893813671813,0.002768534072050772,0.002231465927949254,2.00000000000001,0.8925863711797016
2024-04-04 14:05:00+00:00,2024-04-04 14:10:00+00:00,2024-04-04 14:25:00+00:00,New_York,2024-04-04,opening_followthrough_30m,opening_range_breakout,long,67592.0,67373.03428571428,68029.93142857144,67514.0,phase_end,4,0.7717189905790851,0.0025,-0.000890550379707158,1.5434379811581702,0.0023151569717372554,-0.0032057073514444134,-0.3562201518828632,-1.2822829405777654
2024-04-05 14:10:00+00:00,2024-04-05 14:15:00+00:00,2024-04-05 14:25:00+00:00,New_York,2024-04-05,opening_followthrough_30m,opening_range_breakout,long,67860.01,67621.49785714285,68337.03428571428,67621.49785714285,stop,3,0.7112846455855707,0.0025,-0.0025000000000000174,1.4225692911711414,0.002133853936756712,-0.00463385393675673,-1.0000000000000069,-1.8535415747026918
2024-04-08 00:00:00+00:00,2024-04-08 00:05:00+00:00,2024-04-08 00:10:00+00:00,Tokyo,2024-04-08,opening_first_30m,value_area_bounce,short,69268.57,69363.48642857143,69078.73714285715,69363.48642857143,stop,2,1.0,0.0013702668984133296,-0.0013702668984132416,2.0,0.003,-0.004370266898413242,-0.9999999999999357,-3.189354499823134
2024-04-08 00:30:00+00:00,2024-04-08 00:35:00+00:00,2024-04-08 00:35:00+00:00,Tokyo,2024-04-08,opening_followthrough_30m,opening_range_breakout,short,69117.99,69232.28785714286,68889.3942857143,69232.28785714286,stop,1,1.0,0.001653662919637217,-0.0016536629196370889,2.0,0.003,-0.004653662919637089,-0.9999999999999225,-2.81415448358606
2024-04-08 07:30:00+00:00,2024-04-08 07:35:00+00:00,2024-04-08 07:35:00+00:00,London,2024-04-08,opening_followthrough_30m,opening_range_breakout,long,70378.99,70267.39071428572,70602.18857142857,70602.18857142857,target,1,1.0,0.0015856903560890212,0.00317138071217804,2.0,0.003,0.00017138071217804012,1.9999999999999987,0.10807955760085278
2024-04-08 13:45:00+00:00,2024-04-08 13:50:00+00:00,2024-04-08 13:50:00+00:00,New_York,2024-04-08,opening_first_30m,value_area_bounce,long,72136.35,71949.13714285714,72510.77571428572,71949.13714285714,stop,1,0.9632932147517357,0.0025,-0.002500000000000062,1.9265864295034714,0.002889879644255207,-0.005389879644255269,-1.0000000000000249,-2.1559518577021075
2024-04-09 00:45:00+00:00,2024-04-09 00:50:00+00:00,2024-04-09 00:50:00+00:00,Tokyo,2024-04-09,opening_followthrough_30m,opening_range_breakout,short,71351.96,71456.69214285715,71142.49571428572,71456.69214285715,stop,1,1.0,0.0014678243296630525,-0.001467824329663081,2.0,0.003,-0.004467824329663081,-1.0000000000000195,-3.0438413094628944
2024-04-09 06:05:00+00:00,2024-04-09 06:10:00+00:00,2024-04-09 06:20:00+00:00,Tokyo,2024-04-09,after_close_30m,value_area_bounce,long,71089.13,70971.5792857143,71324.23142857144,70971.5792857143,stop,3,1.0,0.0016535680530302703,-0.0016535680530301855,2.0,0.003,-0.0046535680530301856,-0.9999999999999487,-2.8142585631732673
2024-04-09 07:40:00+00:00,2024-04-09 07:45:00+00:00,2024-04-09 07:55:00+00:00,London,2024-04-09,opening_followthrough_30m,opening_range_breakout,short,70472.01,70680.24357142857,70055.54285714285,70383.99,phase_end,3,0.8460692663115325,0.0025,0.001056746030384762,1.692138532623065,0.0025382077989345975,-0.0014814617685498354,0.42269841215390486,-0.5925847074199342
2024-04-10 07:05:00+00:00,2024-04-10 07:10:00+00:00,2024-04-10 07:15:00+00:00,London,2024-04-10,opening_first_30m,value_area_bounce,short,69425.02,69498.79571428572,69277.46857142857,69498.79571428572,stop,2,1.0,0.0010626675265734942,-0.0010626675265734686,2.0,0.003,-0.004062667526573469,-0.9999999999999759,-3.823084290223198
2024-04-10 13:50:00+00:00,2024-04-10 13:55:00+00:00,2024-04-10 13:55:00+00:00,New_York,2024-04-10,opening_first_30m,value_area_bounce,long,68141.0,67888.57714285715,68645.84571428571,68259.77,phase_end,1,0.6748695499615162,0.0025,0.0011762999728347704,1.3497390999230323,0.0020246086498845483,-0.0008483086770497779,0.4705199891339082,-0.33932347081991115
2024-04-10 14:20:00+00:00,2024-04-10 14:25:00+00:00,2024-04-10 14:25:00+00:00,New_York,2024-04-10,opening_followthrough_30m,opening_range_breakout,long,68792.0,68525.71928571428,69324.56142857144,68588.24,phase_end,1,0.6458597666801621,0.0025,-0.0019130187530344322,1.2917195333603242,0.0019375793000404864,-0.003850598053074919,-0.7652075012137729,-1.5402392212299676
2024-04-11 07:50:00+00:00,2024-04-11 07:55:00+00:00,2024-04-11 07:55:00+00:00,London,2024-04-11,opening_followthrough_30m,value_area_bounce,short,70868.26,71021.87142857142,70561.03714285714,70735.99,phase_end,1,1.0,0.0021675631456371225,0.0018664208772727342,2.0,0.003,-0.0011335791227272659,0.8610687448849975,-0.5229739788706674
2024-04-11 14:15:00+00:00,2024-04-11 14:20:00+00:00,2024-04-11 14:25:00+00:00,New_York,2024-04-11,opening_followthrough_30m,opening_range_breakout,short,69643.99,69952.70642857143,69026.55714285714,69828.0,phase_end,2,0.5639802708449504,0.0025,-0.0014901215401095414,1.1279605416899008,0.0016919408125348513,-0.0031820623526443927,-0.5960486160438165,-1.272824941057757
2024-04-11 19:45:00+00:00,2024-04-11 19:50:00+00:00,2024-04-11 19:55:00+00:00,New_York,2024-04-11,closing_last_30m,value_area_bounce,short,70320.74,70444.31571428572,70073.58857142858,70444.31571428572,stop,2,1.0,0.0017573153281053792,-0.0017573153281054132,2.0,0.003,-0.004757315328105413,-1.0000000000000193,-2.707149509265611
2024-04-12 07:35:00+00:00,2024-04-12 07:40:00+00:00,2024-04-12 07:55:00+00:00,London,2024-04-12,opening_followthrough_30m,opening_range_breakout,short,70639.98,70733.19642857142,70453.54714285715,70733.19642857142,stop,4,1.0,0.001319598739572512,-0.0013195987395724362,2.0,0.003,-0.004319598739572436,-0.9999999999999426,-3.273418358198632
2024-04-15 00:00:00+00:00,2024-04-15 00:05:00+00:00,2024-04-15 00:10:00+00:00,Tokyo,2024-04-15,opening_first_30m,value_area_bounce,short,65453.27,65670.34714285714,65019.11571428571,65670.34714285714,stop,2,0.7538019565131548,0.0025,-0.002499999999999979,1.5076039130263097,0.0022614058695394645,-0.004761405869539444,-0.9999999999999915,-1.9045623478157774
2024-04-15 07:00:00+00:00,2024-04-15 07:05:00+00:00,2024-04-15 07:25:00+00:00,London,2024-04-15,opening_first_30m,value_area_bounce,short,66323.4,66599.35428571427,65771.49142857142,66464.41,phase_end,5,0.6008549552720934,0.0025,-0.0012774760829952052,1.2017099105441869,0.0018025648658162804,-0.0030800409488114856,-0.510990433198082,-1.2320163795245942
2024-04-15 14:05:00+00:00,2024-04-15 14:10:00+00:00,2024-04-15 14:25:00+00:00,New_York,2024-04-15,opening_followthrough_30m,opening_range_breakout,short,65623.0,65863.48357142857,65142.032857142854,65359.21,phase_end,4,0.682198368168894,0.0025,0.0027422871179201237,1.364396736337788,0.002046595104506682,0.0006956920134134417,1.0969148471680494,0.2782768053653767
2024-04-15 15:15:00+00:00,2024-04-15 15:20:00+00:00,2024-04-15 15:25:00+00:00,London,2024-04-15,closing_last_30m,value_area_bounce,long,64758.99,64360.454999999994,65556.06,64656.65,phase_end,2,0.4062315104068647,0.0025,-0.0006419762379715572,0.8124630208137295,0.0012186945312205942,-0.0018606707691921514,-0.2567904951886229,-0.7442683076768606
2024-04-16 00:15:00+00:00,2024-04-16 00:20:00+00:00,2024-04-16 00:20:00+00:00,Tokyo,2024-04-16,opening_first_30m,value_area_bounce,short,63380.0,63546.29214285714,63047.415714285715,63546.29214285714,stop,1,0.9528411702296719,0.0025,-0.0025000000000000213,1.9056823404593437,0.0028585235106890158,-0.005358523510689037,-1.0000000000000084,-2.1434094042756144
2024-04-17 13:45:00+00:00,2024-04-17 13:50:00+00:00,2024-04-17 13:55:00+00:00,New_York,2024-04-17,opening_first_30m,value_area_bounce,short,62686.0,62898.32214285714,62261.35571428572,62635.88,phase_end,2,0.7381001241375166,0.0025,0.0005901409919563167,1.4762002482750332,0.00221430037241255,-0.001624159380456233,0.23605639678252668,-0.6496637521824932
2024-04-17 14:10:00+00:00,2024-04-17 14:15:00+00:00,2024-04-17 14:15:00+00:00,New_York,2024-04-17,opening_followthrough_30m,value_area_bounce,long,62115.22,61858.585,62628.49,61858.585,stop,1,0.6050930309583663,0.0025,-0.0024999999999999966,1.2101860619167326,0.001815279092875099,-0.004315279092875096,-0.9999999999999987,-1.7261116371500382
2024-04-17 15:40:00+00:00,2024-04-17 15:45:00+00:00,2024-04-17 15:55:00+00:00,London,2024-04-17,after_close_30m,value_area_bounce,long,60448.07,59971.922857142854,61400.364285714284,60304.95,phase_end,3,0.3173812491936768,0.0025,-0.0007514483818027714,0.6347624983873535,0.0009521437475810303,-0.0017035921293838017,-0.3005793527211086,-0.6814368517535206
2024-04-18 00:00:00+00:00,2024-04-18 00:05:00+00:00,2024-04-18 00:05:00+00:00,Tokyo,2024-04-18,opening_first_30m,value_area_bounce,long,61386.42,61263.517857142855,61632.224285714285,61263.517857142855,stop,1,1.0,0.0020021063755981164,-0.002002106375598056,2.0,0.003,-0.005002106375598056,-0.9999999999999699,-2.498421880357735
2024-04-18 14:05:00+00:00,2024-04-18 14:10:00+00:00,2024-04-18 14:25:00+00:00,New_York,2024-04-18,opening_followthrough_30m,opening_range_breakout,long,63175.31,62859.80142857143,63806.32714285714,63806.32714285714,target,4,0.5005831514652103,0.0025,0.004999999999999981,1.0011663029304205,0.0015017494543956309,0.0034982505456043504,1.9999999999999925,1.3993002182417402
2024-04-19 13:30:00+00:00,2024-04-19 13:35:00+00:00,2024-04-19 13:35:00+00:00,New_York,2024-04-19,opening_first_30m,value_area_bounce,long,64828.01,64579.985714285714,65324.05857142858,64579.985714285714,stop,1,0.653444175973549,0.0025,-0.002500000000000046,1.306888351947098,0.001960332527920647,-0.004460332527920692,-1.0000000000000184,-1.784133011168277
2024-04-19 14:20:00+00:00,2024-04-19 14:25:00+00:00,2024-04-19 14:25:00+00:00,New_York,2024-04-19,opening_followthrough_30m,opening_range_breakout,short,64339.85,64610.435,63798.68,64013.31,phase_end,1,0.5944513738751221,0.0025,0.003016981724781496,1.1889027477502443,0.0017833541216253665,0.0012336276031561294,1.2067926899125982,0.49345104126245176
2024-04-22 00:30:00+00:00,2024-04-22 00:35:00+00:00,2024-04-22 00:55:00+00:00,Tokyo,2024-04-22,opening_followthrough_30m,opening_range_breakout,short,64813.99,64908.33714285714,64625.29571428571,64908.33714285714,stop,5,1.0,0.0014556601569683325,-0.001455660156968408,2.0,0.003,-0.004455660156968408,-1.0000000000000517,-3.0609205971867097
2024-04-22 07:10:00+00:00,2024-04-22 07:15:00+00:00,2024-04-22 07:25:00+00:00,London,2024-04-22,opening_first_30m,value_area_bounce,short,66111.93,66236.22857142857,65863.33285714284,66037.79,phase_end,3,1.0,0.0018801231703350968,0.0011214314874788966,2.0,0.003,-0.0018785685125211034,0.5964670321461026,-0.9991731085289927
2024-04-22 13:30:00+00:00,2024-04-22 13:35:00+00:00,2024-04-22 13:40:00+00:00,New_York,2024-04-22,opening_first_30m,value_area_bounce,short,65769.99,65899.48285714287,65511.0042857143,65899.48285714287,stop,2,1.0,0.001968874514696667,-0.00196887451469685,2.0,0.003,-0.00496887451469685,-1.000000000000093,-2.5237131557174814
2024-04-23 00:50:00+00:00,2024-04-23 00:55:00+00:00,2024-04-23 00:55:00+00:00,Tokyo,2024-04-23,opening_followthrough_30m,opening_range_breakout,long,67023.54,66937.10714285714,67196.4057142857,67028.14,phase_end,1,1.0,0.0012895895552943774,6.86326028138673e-05,2.0,0.003,-0.0029313673971861328,0.053220501462731204,-2.2731010693685274
2024-04-23 07:30:00+00:00,2024-04-23 07:35:00+00:00,2024-04-23 07:35:00+00:00,London,2024-04-23,opening_followthrough_30m,opening_range_breakout,short,66220.03,66317.80357142857,66024.48285714287,66024.48285714287,target,1,1.0,0.0014764954263622272,0.0029529908527243798,2.0,0.003,-4.7009147275620285e-05,1.9999999999999494,-0.031838329084053374
2024-04-24 00:40:00+00:00,2024-04-24 00:45:00+00:00,2024-04-24 00:50:00+00:00,Tokyo,2024-04-24,opening_followthrough_30m,opening_range_breakout,long,66719.99,66627.80857142858,66904.35285714286,66627.80857142858,stop,2,1.0,0.0013816163427396813,-0.0013816163427395889,2.0,0.003,-0.004381616342739589,-0.9999999999999332,-3.171369798688865
2024-04-24 20:20:00+00:00,2024-04-24 20:25:00+00:00,2024-04-24 20:25:00+00:00,New_York,2024-04-24,after_close_30m,value_area_bounce,long,63778.09,63593.02571428571,64148.218571428566,63914.54,phase_end,1,0.8615666949708589,0.0025,0.0018432783974681069,1.7231333899417178,0.0025847000849125766,-0.0007414216874444698,0.7373113589872428,-0.2965686749777879
2024-04-25 00:30:00+00:00,2024-04-25 00:35:00+00:00,2024-04-25 00:55:00+00:00,Tokyo,2024-04-25,opening_followthrough_30m,opening_range_breakout,long,64597.89,64497.22357142857,64799.22285714286,64557.25,phase_end,5,1.0,0.0015583547476771872,-0.0006291227159277435,2.0,0.003,-0.0036291227159277436,-0.40370956411913606,-2.328816799472103
2024-04-25 07:35:00+00:00,2024-04-25 07:40:00+00:00,2024-04-25 07:45:00+00:00,London,2024-04-25,opening_followthrough_30m,opening_range_breakout,short,63990.99,64064.17714285714,63844.61571428571,64064.17714285714,stop,2,1.0,0.001143710120083195,-0.0011437101200830746,2.0,0.003,-0.004143710120083075,-0.9999999999998948,-3.6230422790887395
2024-04-25 13:40:00+00:00,2024-04-25 13:45:00+00:00,2024-04-25 13:55:00+00:00,New_York,2024-04-25,opening_first_30m,value_area_bounce,long,63457.76,63186.63428571429,64000.01142857143,63428.97,phase_end,3,0.5851322528294749,0.0025,-0.0002654672582038739,1.1702645056589498,0.0017553967584884246,-0.0020208640166922984,-0.10618690328154955,-0.8083456066769193
2024-04-26 00:30:00+00:00,2024-04-26 00:35:00+00:00,2024-04-26 00:40:00+00:00,Tokyo,2024-04-26,opening_followthrough_30m,value_area_bounce,long,64310.0,64213.37642857143,64503.247142857144,64213.37642857143,stop,2,1.0,0.0015024657351667102,-0.0015024657351667692,2.0,0.003,-0.004502465735166769,-1.0000000000000393,-2.996717748552972
2024-04-26 07:30:00+00:00,2024-04-26 07:35:00+00:00,2024-04-26 07:55:00+00:00,London,2024-04-26,opening_followthrough_30m,value_area_bounce,short,64346.0,64439.82428571428,64158.351428571434,64276.95,phase_end,5,1.0,0.0014581214949536063,0.0010731047772978286,2.0,0.003,-0.0019268952227021715,0.7359501804285329,-1.3214915419400497
2024-04-26 13:40:00+00:00,2024-04-26 13:45:00+00:00,2024-04-26 13:50:00+00:00,New_York,2024-04-26,opening_first_30m,value_area_bounce,long,64110.0,63935.57928571429,64458.84142857143,64458.84142857143,target,2,0.9188988856991922,0.0025,0.004999999999999983,1.8377977713983844,0.0027566966570975768,0.002243303342902406,1.9999999999999931,0.8973213371609624
2024-04-26 14:10:00+00:00,2024-04-26 14:15:00+00:00,2024-04-26 14:25:00+00:00,New_York,2024-04-26,opening_followthrough_30m,opening_range_breakout,long,64725.01,64530.45642857143,65114.11714285715,64530.45642857143,stop,3,0.8317119229004132,0.0025,-0.0024999999999999844,1.6634238458008264,0.0024951357687012397,-0.004995135768701224,-0.9999999999999938,-1.9980543074804895
2024-04-29 07:10:00+00:00,2024-04-29 07:15:00+00:00,2024-04-29 07:25:00+00:00,London,2024-04-29,opening_first_30m,value_area_bounce,long,62154.28,61992.38071428571,62478.078571428574,62273.2,phase_end,3,0.9597676686123098,0.0025,0.0018363268169364303,1.9195353372246196,0.002879303005836929,-0.001042976188900499,0.7345307267745721,-0.41719047556019956
2024-04-29 13:30:00+00:00,2024-04-29 13:35:00+00:00,2024-04-29 13:40:00+00:00,New_York,2024-04-29,opening_first_30m,value_area_bounce,short,62392.0,62548.935,62078.13,62078.13,target,2,0.9939146780514144,0.0025,0.005000000000000013,1.9878293561028288,0.0029817440341542434,0.0020182559658457697,2.0000000000000053,0.8073023863383079
2024-04-29 14:05:00+00:00,2024-04-29 14:10:00+00:00,2024-04-29 14:20:00+00:00,New_York,2024-04-29,opening_followthrough_30m,value_area_bounce,long,62189.24,62005.911428571424,62555.89714285714,62555.89714285714,target,3,0.8480571183667089,0.0025,0.004999999999999927,1.6961142367334179,0.002544171355100127,0.0024558286448998004,1.999999999999971,0.9823314579599202
2024-04-29 15:30:00+00:00,2024-04-29 15:35:00+00:00,2024-04-29 15:45:00+00:00,London,2024-04-29,after_close_30m,value_area_bounce,short,62865.99,63038.102857142854,62521.764285714286,63038.102857142854,stop,3,0.913150694311871,0.0025,-0.0024999999999998934,1.826301388623742,0.002739452082935613,-0.005239452082935506,-0.9999999999999574,-2.0957808331742025
2024-04-30 00:40:00+00:00,2024-04-30 00:45:00+00:00,2024-04-30 00:45:00+00:00,Tokyo,2024-04-30,opening_followthrough_30m,opening_range_breakout,long,64178.0,64074.15928571428,64385.68142857143,64385.68142857143,target,1,1.0,0.0016180110674329843,0.003236022134865957,2.0,0.003,0.00023602213486595674,1.9999999999999927,0.14587176788624312
2024-04-30 07:30:00+00:00,2024-04-30 07:35:00+00:00,2024-04-30 07:35:00+00:00,London,2024-04-30,opening_followthrough_30m,opening_range_breakout,short,63271.95,63324.360714285714,63167.12857142857,63324.360714285714,stop,1,1.0,0.0008283404302493413,-0.0008283404302493746,2.0,0.003,-0.0038283404302493747,-1.0000000000000404,-4.621699352640549
2024-04-30 14:10:00+00:00,2024-04-30 14:15:00+00:00,2024-04-30 14:15:00+00:00,New_York,2024-04-30,opening_followthrough_30m,opening_range_breakout,short,60573.9,60761.770000000004,60198.16,60761.770000000004,stop,1,0.8060613722254749,0.0025,-0.002500000000000102,1.6121227444509498,0.002418184116676425,-0.004918184116676527,-1.0000000000000409,-1.9672736466706107
2024-05-01 00:40:00+00:00,2024-05-01 00:45:00+00:00,2024-05-01 00:50:00+00:00,Tokyo,2024-05-01,opening_followthrough_30m,value_area_bounce,long,60354.0,60185.65571428571,60690.688571428575,60185.65571428571,stop,2,0.896288218871191,0.0025,-0.0025000000000000187,1.792576437742382,0.002688864656613573,-0.005188864656613591,-1.0000000000000075,-2.0755458626454364
2024-05-01 07:40:00+00:00,2024-05-01 07:45:00+00:00,2024-05-01 07:55:00+00:00,London,2024-05-01,opening_followthrough_30m,value_area_bounce,long,57714.53,57313.82142857143,58515.94714285714,57499.99,phase_end,3,0.3600779601135138,0.0025,-0.0013385039358849936,0.7201559202270276,0.0010802338803405415,-0.002418737816225535,-0.5354015743539975,-0.967495126490214
2024-05-01 14:15:00+00:00,2024-05-01 14:20:00+00:00,2024-05-01 14:25:00+00:00,New_York,2024-05-01,opening_followthrough_30m,value_area_bounce,long,57400.0,57174.510714285716,57850.97857142857,57436.72,phase_end,2,0.6363938736398628,0.0025,0.0004071146871089898,1.2727877472797255,0.0019091816209195883,-0.0015020669338105985,0.16284587484359592,-0.6008267735242394
2024-05-02 00:30:00+00:00,2024-05-02 00:35:00+00:00,2024-05-02 00:55:00+00:00,Tokyo,2024-05-02,opening_followthrough_30m,opening_range_breakout,short,57990.01,58185.20142857143,57599.62714285714,57767.29,phase_end,5,0.7427325372893989,0.0025,0.0028525842762416507,1.4854650745787978,0.0022281976118681966,0.000624386664373454,1.1410337104966601,0.2497546657493816
2024-05-03 07:35:00+00:00,2024-05-03 07:40:00+00:00,2024-05-03 07:50:00+00:00,London,2024-05-03,opening_followthrough_30m,opening_range_breakout,short,59220.01,59298.768571428576,59062.49285714286,59062.49285714286,target,3,1.0,0.0013299317482143554,0.0026598634964286605,2.0,0.003,-0.00034013650357133957,1.9999999999999623,-0.25575485661427877
2024-05-06 13:35:00+00:00,2024-05-06 13:40:00+00:00,2024-05-06 13:55:00+00:00,New_York,2024-05-06,opening_first_30m,value_area_bounce,long,63787.55,63566.853571428575,64228.94285714286,63870.0,phase_end,4,0.72257116271543,0.0025,0.0009339752407152652,1.44514232543086,0.00216771348814629,-0.0012337382474310247,0.37359009628610607,-0.4934952989724099
2024-05-06 19:40:00+00:00,2024-05-06 19:45:00+00:00,2024-05-06 19:55:00+00:00,New_York,2024-05-06,closing_last_30m,value_area_bounce,long,63060.01,62877.10928571429,63425.81142857143,63220.0,phase_end,3,0.8619431893181677,0.0025,0.0021868421977575335,1.7238863786363354,0.0025858295679545033,-0.0003989873701969698,0.8747368791030133,-0.15959494807878793
2024-05-07 00:30:00+00:00,2024-05-07 00:35:00+00:00,2024-05-07 00:45:00+00:00,Tokyo,2024-05-07,opening_followthrough_30m,value_area_bounce,long,63387.52,63268.364285714284,63625.83142857143,63625.83142857143,target,3,1.0,0.0018797976997004437,0.003759595399400961,2.0,0.003,0.0007595953994009612,2.000000000000039,0.4040835881020638
2024-05-07 05:45:00+00:00,2024-05-07 05:50:00+00:00,2024-05-07 05:55:00+00:00,Tokyo,2024-05-07,closing_last_30m,value_area_bounce,short,63534.01,63647.639285714286,63306.751428571435,63563.48,phase_end,2,1.0,0.0017884796774874595,-0.00046384605662397327,2.0,0.003,-0.0034638460566239733,-0.25935215393423205,-1.936754496137271
2024-05-07 13:50:00+00:00,2024-05-07 13:55:00+00:00,2024-05-07 13:55:00+00:00,New_York,2024-05-07,opening_first_30m,value_area_bounce,long,63392.0,63240.387142857144,63695.22571428571,63240.387142857144,stop,1,1.0,0.0023916717747169474,-0.002391671774716886,2.0,0.003,-0.005391671774716886,-0.9999999999999742,-2.254352721687735
2024-05-07 14:00:00+00:00,2024-05-07 14:05:00+00:00,2024-05-07 14:25:00+00:00,New_York,2024-05-07,opening_followthrough_30m,value_area_bounce,long,63363.86,63187.735714285714,63716.10857142857,63278.01,phase_end,5,0.8994196873960792,0.0025,-0.001218599690153818,1.7988393747921585,0.002698259062188238,-0.0039168587523420555,-0.4874398760615272,-1.5667435009368222
2024-05-08 00:30:00+00:00,2024-05-08 00:35:00+00:00,2024-05-08 00:55:00+00:00,Tokyo,2024-05-08,opening_followthrough_30m,value_area_bounce,long,62485.49,62350.44142857143,62755.58714285714,62586.01,phase_end,5,1.0,0.0021612789053678054,0.0016086934742769454,2.0,0.003,-0.0013913065257230546,0.7443247931960816,-0.6437422408868987
2024-05-08 14:20:00+00:00,2024-05-08 14:25:00+00:00,2024-05-08 14:25:00+00:00,New_York,2024-05-08,opening_followthrough_30m,opening_range_breakout,long,62665.97,62475.63857142857,63046.63285714286,62510.76,phase_end,1,0.8231164247327971,0.0025,-0.002038680647291968,1.6462328494655942,0.0024693492741983914,-0.00450802992149036,-0.8154722589167872,-1.8032119685961439
2024-05-08 19:40:00+00:00,2024-05-08 19:45:00+00:00,2024-05-08 19:55:00+00:00,New_York,2024-05-08,closing_last_30m,value_area_bounce,long,62340.03,62226.385714285716,62567.31857142857,62226.385714285716,stop,3,1.0,0.0018229745111493448,-0.0018229745111493223,2.0,0.003,-0.004822974511149322,-0.9999999999999877,-2.6456620658445433
2024-05-09 07:50:00+00:00,2024-05-09 07:55:00+00:00,2024-05-09 07:55:00+00:00,London,2024-05-09,opening_followthrough_30m,opening_range_breakout,short,61163.95,61264.42571428571,60962.998571428565,61253.16,phase_end,1,1.0,0.0016427276898518578,-0.001458538894234307,2.0,0.003,-0.004458538894234307,-0.8878762458590072,-2.714107104773026
2024-05-09 13:50:00+00:00,2024-05-09 13:55:00+00:00,2024-05-09 13:55:00+00:00,New_York,2024-05-09,opening_first_30m,value_area_bounce,short,61120.99,61249.307857142856,60864.35428571428,61182.33,phase_end,1,1.0,0.0020994073745019097,-0.0010035832207562212,2.0,0.003,-0.004003583220756221,-0.4780316735785136,-1.9070063625484228
2024-05-10 14:05:00+00:00,2024-05-10 14:10:00+00:00,2024-05-10 14:10:00+00:00,New_York,2024-05-10,opening_followthrough_30m,opening_range_breakout,short,62772.57,62913.453571428574,62490.80285714286,62490.80285714286,target,1,1.0,0.0022443492663845313,0.004488698532769009,2.0,0.003,0.0014886985327690087,1.999999999999976,0.6633096528541584
2024-05-10 15:10:00+00:00,2024-05-10 15:15:00+00:00,2024-05-10 15:25:00+00:00,London,2024-05-10,closing_last_30m,value_area_bounce,long,60888.0,60487.66,61688.68,61200.01,phase_end,3,0.38022680721386903,0.0025,0.0019484063545986076,0.7604536144277381,0.001140680421641607,0.0008077259329570005,0.779362541839443,0.3230903731828002
2024-05-13 07:50:00+00:00,2024-05-13 07:55:00+00:00,2024-05-13 07:55:00+00:00,London,2024-05-13,opening_followthrough_30m,opening_range_breakout,long,62312.13,62137.24714285714,62661.89571428571,62334.37,phase_end,1,0.8907695559476545,0.0025,0.00031792710222365036,1.781539111895309,0.0026723086678429636,-0.002354381565619313,0.12717084088946015,-0.9417526262477253
2024-05-14 00:20:00+00:00,2024-05-14 00:25:00+00:00,2024-05-14 00:25:00+00:00,Tokyo,2024-05-14,opening_first_30m,value_area_bounce,short,62902.41,62966.06285714286,62775.10428571429,62965.54,phase_end,1,1.0,0.0010119303400753347,-0.001003618144360452,2.0,0.003,-0.004003618144360452,-0.9917858024552718,-3.9564167470879434
2024-05-14 00:30:00+00:00,2024-05-14 00:35:00+00:00,2024-05-14 00:40:00+00:00,Tokyo,2024-05-14,opening_followthrough_30m,opening_range_breakout,long,63048.0,62977.98142857143,63188.037142857145,62977.98142857143,stop,2,1.0,0.0011105597549259626,-0.0011105597549259105,2.0,0.003,-0.004110559754925911,-0.9999999999999531,-3.701340460694029
2024-05-14 06:00:00+00:00,2024-05-14 06:05:00+00:00,2024-05-14 06:05:00+00:00,Tokyo,2024-05-14,after_close_30m,value_area_bounce,short,62607.12,62681.915,62457.530000000006,62457.530000000006,target,1,1.0,0.0011946724270338468,0.00238934485406761,2.0,0.003,-0.0006106551459323902,1.9999999999999298,-0.5111486061903473
2024-05-15 00:35:00+00:00,2024-05-15 00:40:00+00:00,2024-05-15 00:45:00+00:00,Tokyo,2024-05-15,opening_followthrough_30m,opening_range_breakout,short,61541.55,61601.33714285715,61421.97571428572,61421.97571428572,target,2,1.0,0.0009714923146580173,0.0019429846293159692,2.0,0.003,-0.001057015370684031,1.9999999999999325,-1.088032663496797
2024-05-15 05:30:00+00:00,2024-05-15 05:35:00+00:00,2024-05-15 05:55:00+00:00,Tokyo,2024-05-15,closing_last_30m,value_area_bounce,short,61909.17,61967.50571428571,61792.49857142857,61928.68,phase_end,5,1.0,0.0009422790563290478,-0.0003151390981337432,2.0,0.003,-0.0033151390981337433,-0.3344434921025086,-3.518213713726099
2024-05-15 06:10:00+00:00,2024-05-15 06:15:00+00:00,2024-05-15 06:25:00+00:00,Tokyo,2024-05-15,after_close_30m,value_area_bounce,short,61935.99,61994.835,61818.299999999996,61915.4,phase_end,3,1.0,0.0009500937984522429,0.0003324399916752041,2.0,0.003,-0.002667560008324796,0.3499022856656552,-2.8076806865494794
2024-05-16 07:30:00+00:00,2024-05-16 07:35:00+00:00,2024-05-16 07:40:00+00:00,London,2024-05-16,opening_followthrough_30m,opening_range_breakout,long,66156.0,66095.41214285714,66277.17571428571,66277.17571428571,target,2,1.0,0.0009158331389875127,0.0018316662779749304,2.0,0.003,-0.0011683337220250696,1.9999999999998963,-1.275705881659519
2024-05-16 13:30:00+00:00,2024-05-16 13:35:00+00:00,2024-05-16 13:55:00+00:00,New_York,2024-05-16,opening_first_30m,value_area_bounce,long,66125.0,65906.91428571429,66561.17142857143,66328.05,phase_end,5,0.7580161797458376,0.0025,0.002327639853268806,1.5160323594916751,0.0022740485392375126,5.359131403129356e-05,0.9310559413075224,0.021436525612517424
2024-05-16 14:20:00+00:00,2024-05-16 14:25:00+00:00,2024-05-16 14:25:00+00:00,New_York,2024-05-16,opening_followthrough_30m,opening_range_breakout,short,65831.69,66003.42071428572,65488.228571428575,66003.42071428572,stop,1,0.9583563760538676,0.0025,-0.002499999999999947,1.9167127521077352,0.002875069128161603,-0.0053750691281615505,-0.9999999999999788,-2.15002765126462
2024-05-17 00:30:00+00:00,2024-05-17 00:35:00+00:00,2024-05-17 00:55:00+00:00,Tokyo,2024-05-17,opening_followthrough_30m,value_area_bounce,short,65353.46,65417.69714285714,65224.985714285714,65417.69714285714,stop,5,1.0,0.0009829187751825583,-0.0009829187751826396,2.0,0.003,-0.00398291877518264,-1.0000000000000828,-4.052134190277207
2024-05-17 07:45:00+00:00,2024-05-17 07:50:00+00:00,2024-05-17 07:55:00+00:00,London,2024-05-17,opening_followthrough_30m,value_area_bounce,short,66130.11,66280.06,65830.20999999999,66280.06,stop,2,1.0,0.0022674996306523954,-0.0022674996306524253,2.0,0.003,-0.005267499630652425,-1.000000000000013,-2.3230432144047946
2024-05-17 13:30:00+00:00,2024-05-17 13:35:00+00:00,2024-05-17 13:40:00+00:00,New_York,2024-05-17,opening_first_30m,value_area_bounce,short,66132.0,66274.23,65847.54,65847.54,target,2,1.0,0.002150698602794428,0.004301397205588864,2.0,0.003,0.0013013972055888638,2.0000000000000036,0.6051044083526828
2024-05-20 00:35:00+00:00,2024-05-20 00:40:00+00:00,2024-05-20 00:40:00+00:00,Tokyo,2024-05-20,opening_followthrough_30m,opening_range_breakout,long,66432.93,66362.55642857142,66573.67714285714,66362.55642857142,stop,1,1.0,0.001059317591871564,-0.0010593175918716113,2.0,0.003,-0.004059317591871611,-1.0000000000000446,-3.832011875399667
2024-05-20 13:50:00+00:00,2024-05-20 13:55:00+00:00,2024-05-20 13:55:00+00:00,New_York,2024-05-20,opening_first_30m,value_area_bounce,long,67119.99,66999.07214285714,67361.82571428572,66999.07214285714,stop,1,1.0,0.0018015178062877773,-0.0018015178062879,2.0,0.003,-0.0048015178062879,-1.0000000000000682,-2.6652624745252713
2024-05-21 07:40:00+00:00,2024-05-21 07:45:00+00:00,2024-05-21 07:55:00+00:00,London,2024-05-21,opening_followthrough_30m,opening_range_breakout,short,70926.8,71021.19785714286,70738.00428571428,70878.29,phase_end,3,1.0,0.001330919442902523,0.0006839445738424654,2.0,0.003,-0.0023160554261575346,0.5138887837951269,-1.7401920443108014
2024-05-21 13:35:00+00:00,2024-05-21 13:40:00+00:00,2024-05-21 13:50:00+00:00,New_York,2024-05-21,opening_first_30m,value_area_bounce,long,71080.01,70930.17642857143,71379.67714285714,70930.17642857143,stop,3,1.0,0.002107956532765967,-0.0021079565327658534,2.0,0.003,-0.0051079565327658534,-0.999999999999946,-2.4231792512644557
2024-05-22 20:20:00+00:00,2024-05-22 20:25:00+00:00,2024-05-22 20:25:00+00:00,New_York,2024-05-22,after_close_30m,value_area_bounce,short,69655.58,69786.92928571429,69392.88142857143,69580.72,phase_end,1,1.0,0.0018856965330600166,0.0010747164835896994,2.0,0.003,-0.0019252835164103007,0.5699307734557383,-1.0209932948681006
2024-05-23 00:30:00+00:00,2024-05-23 00:35:00+00:00,2024-05-23 00:55:00+00:00,Tokyo,2024-05-23,opening_followthrough_30m,opening_range_breakout,long,69510.2,69424.09642857143,69682.40714285713,69499.81,phase_end,5,1.0,0.0012387185107879009,-0.0001494744656179714,2.0,0.003,-0.0031494744656179715,-0.12066862997219317,-2.5425263594508754
2024-05-23 07:00:00+00:00,2024-05-23 07:05:00+00:00,2024-05-23 07:05:00+00:00,London,2024-05-23,opening_first_30m,value_area_bounce,short,69485.0,69560.33142857143,69334.33714285714,69560.33142857143,stop,1,1.0,0.0010841394339991303,-0.0010841394339990984,2.0,0.003,-0.0040841394339990985,-0.9999999999999706,-3.767171736327022
2024-05-23 07:35:00+00:00,2024-05-23 07:40:00+00:00,2024-05-23 07:40:00+00:00,London,2024-05-23,opening_followthrough_30m,opening_range_breakout,long,69798.82,69713.725,69969.01000000001,69713.725,stop,1,1.0,0.0012191466847147289,-0.0012191466847147892,2.0,0.003,-0.004219146684714789,-1.0000000000000495,-3.4607375286445023
2024-05-24 13:30:00+00:00,2024-05-24 13:35:00+00:00,2024-05-24 13:35:00+00:00,New_York,2024-05-24,opening_first_30m,value_area_bounce,long,67420.44,67306.86714285714,67647.58571428571,67306.86714285714,stop,1,1.0,0.0016845463652099474,-0.0016845463652100934,2.0,0.003,-0.0046845463652100934,-1.0000000000000866,-2.7808948818255006
2024-05-24 14:20:00+00:00,2024-05-24 14:25:00+00:00,2024-05-24 14:25:00+00:00,New_York,2024-05-24,opening_followthrough_30m,opening_range_breakout,long,67609.15,67426.57928571428,67974.29142857142,67974.29142857142,target,1,0.9257940171909992,0.0025,0.004999999999999928,1.8515880343819984,0.0027773820515729977,0.0022226179484269304,1.9999999999999711,0.8890471793707722
2024-05-27 00:10:00+00:00,2024-05-27 00:15:00+00:00,2024-05-27 00:25:00+00:00,Tokyo,2024-05-27,opening_first_30m,value_area_bounce,short,68598.71,68663.68142857144,68468.76714285715,68566.19,phase_end,3,1.0,0.0009471231830952649,0.0004740613926996762,2.0,0.003,-0.002525938607300324,0.5005277044855035,-2.6669589050131575
2024-05-28 00:50:00+00:00,2024-05-28 00:55:00+00:00,2024-05-28 00:55:00+00:00,Tokyo,2024-05-28,opening_followthrough_30m,value_area_bounce,long,69202.99,69131.04214285714,69346.88571428572,69346.88571428572,target,1,1.0,0.0010396639963512616,0.0020793279927024955,2.0,0.003,-0.0009206720072975046,1.9999999999999734,-0.8855476485947732
2024-05-28 14:10:00+00:00,2024-05-28 14:15:00+00:00,2024-05-28 14:25:00+00:00,New_York,2024-05-28,opening_followthrough_30m,value_area_bounce,long,68046.74,67839.53928571429,68461.14142857143,68053.99,phase_end,3,0.8210244380018085,0.0025,8.747556716921619e-05,1.642048876003617,0.0024630733140054255,-0.0023755977468362093,0.03499022686768647,-0.9502390987344838
2024-05-28 15:10:00+00:00,2024-05-28 15:15:00+00:00,2024-05-28 15:20:00+00:00,London,2024-05-28,closing_last_30m,value_area_bounce,long,68096.75,67886.30285714286,68517.64428571428,67886.30285714286,stop,2,0.8089531304093979,0.0025,-0.0024999999999999424,1.6179062608187957,0.0024268593912281935,-0.004926859391228135,-0.9999999999999769,-1.9707437564912542
2024-05-29 00:10:00+00:00,2024-05-29 00:15:00+00:00,2024-05-29 00:25:00+00:00,Tokyo,2024-05-29,opening_first_30m,value_area_bounce,long,68374.0,68315.77928571429,68490.44142857143,68389.99,phase_end,3,1.0,0.0008515037044156264,0.00023386082428999977,2.0,0.003,-0.0027661391757100003,0.2746445177833898,-3.248534517660564
2024-05-29 00:45:00+00:00,2024-05-29 00:50:00+00:00,2024-05-29 00:55:00+00:00,Tokyo,2024-05-29,opening_followthrough_30m,value_area_bounce,short,68518.0,68582.39928571429,68389.20142857142,68496.0,phase_end,2,1.0,0.0009398885798517825,0.0003210835109022092,2.0,0.003,-0.002678916489097791,0.3416186958595061,-2.8502490045365243
2024-05-29 13:50:00+00:00,2024-05-29 13:55:00+00:00,2024-05-29 13:55:00+00:00,New_York,2024-05-29,opening_first_30m,value_area_bounce,long,67907.57,67695.62357142857,68331.46285714286,67879.99,phase_end,1,0.8009992248715102,0.0025,-0.0003253180554385937,1.6019984497430204,0.0024029976746145305,-0.002728315730053124,-0.13012722217543748,-1.0913262920212496
2024-05-30 06:00:00+00:00,2024-05-30 06:05:00+00:00,2024-05-30 06:05:00+00:00,Tokyo,2024-05-30,after_close_30m,value_area_bounce,short,68100.0,68150.22357142858,67999.55285714286,67999.55285714286,target,1,1.0,0.0007374973778057527,0.001474994755611525,2.0,0.003,-0.001525005244388475,2.0000000000000266,-2.0678110733434254
2024-05-30 07:50:00+00:00,2024-05-30 07:55:00+00:00,2024-05-30 07:55:00+00:00,London,2024-05-30,opening_followthrough_30m,opening_range_breakout,short,67586.25,67703.06642857143,67352.61714285714,67584.56,phase_end,1,1.0,0.0017284052388085896,2.5005086093710105e-05,2.0,0.003,-0.00297499491390629,0.014467143197822295,-1.7212369223996276
2024-05-30 14:15:00+00:00,2024-05-30 14:20:00+00:00,2024-05-30 14:25:00+00:00,New_York,2024-05-30,opening_followthrough_30m,opening_range_breakout,long,68696.03,68509.20928571429,69069.67142857141,68671.02,phase_end,2,0.9192774776428363,0.0025,-0.0003346791614572785,1.8385549552856726,0.002757832432928509,-0.0030925115943857876,-0.1338716645829114,-1.237004637754315
2024-05-31 07:15:00+00:00,2024-05-31 07:20:00+00:00,2024-05-31 07:25:00+00:00,London,2024-05-31,opening_first_30m,value_area_bounce,long,68368.96,68310.16785714286,68486.54428571429,68364.01,phase_end,2,1.0,0.0008599244870353676,-7.240127683694197e-05,2.0,0.003,-0.003072401276836942,-0.08419492400611706,-3.572873343134114
2024-05-31 07:40:00+00:00,2024-05-31 07:45:00+00:00,2024-05-31 07:55:00+00:00,London,2024-05-31,opening_followthrough_30m,opening_range_breakout,short,68170.0,68224.38428571429,68061.23142857144,68174.99,phase_end,3,1.0,0.0007977744713845382,-7.319935455485371e-05,2.0,0.003,-0.0030731993545548538,-0.09175444587467957,-3.8522157135729276
2024-05-31 14:10:00+00:00,2024-05-31 14:15:00+00:00,2024-05-31 14:25:00+00:00,New_York,2024-05-31,opening_followthrough_30m,opening_range_breakout,short,67821.49,68048.25214285715,67367.96571428572,67759.01,phase_end,3,0.7477161878242502,0.0025,0.0006888275001812789,1.4954323756485004,0.0022431485634727506,-0.0015543210632914717,0.2755310000725116,-0.6217284253165887
2024-06-03 00:35:00+00:00,2024-06-03 00:40:00+00:00,2024-06-03 00:40:00+00:00,Tokyo,2024-06-03,opening_followthrough_30m,opening_range_breakout,short,67634.02,67688.765,67524.53,67688.765,stop,1,1.0,0.0008094299289026673,-0.0008094299289025386,2.0,0.003,-0.0038094299289025387,-0.999999999999841,-4.706312174627554
2024-06-03 07:10:00+00:00,2024-06-03 07:15:00+00:00,2024-06-03 07:25:00+00:00,London,2024-06-03,opening_first_30m,value_area_bounce,short,69083.93,69223.49857142856,68804.79285714285,68881.41,phase_end,3,1.0,0.0020202755029797787,0.002931506647059434,2.0,0.003,-6.849335294056586e-05,1.4510430100922607,-0.03390297651956008
2024-06-03 14:15:00+00:00,2024-06-03 14:20:00+00:00,2024-06-03 14:25:00+00:00,New_York,2024-06-03,opening_followthrough_30m,value_area_bounce,short,69884.03,70084.67428571428,69482.74142857143,69815.88,phase_end,2,0.8707453311119168,0.0025,0.0008491395575680158,1.7414906622238335,0.0026122359933357505,-0.0017630964357677349,0.3396558230272063,-0.7052385743070939
2024-06-04 14:05:00+00:00,2024-06-04 14:10:00+00:00,2024-06-04 14:20:00+00:00,New_York,2024-06-04,opening_followthrough_30m,opening_range_breakout,long,69949.56,69742.19357142856,70364.29285714285,69742.19357142856,stop,3,0.8433086358516568,0.0025,-0.0025000000000000543,1.6866172717033137,0.0025299259075549706,-0.005029925907555025,-1.0000000000000218,-2.01197036302201
2024-06-05 00:30:00+00:00,2024-06-05 00:35:00+00:00,2024-06-05 00:45:00+00:00,Tokyo,2024-06-05,opening_followthrough_30m,opening_range_breakout,long,70770.0,70686.20428571428,70937.59142857144,70686.20428571428,stop,3,1.0,0.001184057005591583,-0.0011840570055916544,2.0,0.003,-0.0041840570055916545,-1.0000000000000602,-3.53366179654602
2024-06-05 07:40:00+00:00,2024-06-05 07:45:00+00:00,2024-06-05 07:50:00+00:00,London,2024-06-05,opening_followthrough_30m,opening_range_breakout,long,71346.91,71241.84857142858,71557.03285714285,71241.84857142858,stop,2,1.0,0.0014725435000818895,-0.0014725435000818576,2.0,0.003,-0.004472543500081858,-0.9999999999999784,-3.037291258175487
2024-06-05 13:35:00+00:00,2024-06-05 13:40:00+00:00,2024-06-05 13:55:00+00:00,New_York,2024-06-05,opening_first_30m,value_area_bounce,short,70770.02,70909.26857142858,70491.52285714286,70730.7,phase_end,4,1.0,0.001967620913892256,0.0005556024994766151,2.0,0.003,-0.002444397500523385,0.28237273529358264,-1.242311200935546
2024-06-06 00:15:00+00:00,2024-06-06 00:20:00+00:00,2024-06-06 00:25:00+00:00,Tokyo,2024-06-06,opening_first_30m,value_area_bounce,short,71120.0,71226.02,70907.96,71152.0,phase_end,2,1.0,0.0014907199100112473,-0.00044994375703044653,2.0,0.003,-0.0034499437570304466,-0.30182984342581953,-2.314280324467134
2024-06-06 06:05:00+00:00,2024-06-06 06:10:00+00:00,2024-06-06 06:25:00+00:00,Tokyo,2024-06-06,after_close_30m,value_area_bounce,long,70968.69,70904.93785714285,71096.19428571429,70958.19,phase_end,4,1.0,0.0008983136486969503,-0.000147952568942733,2.0,0.003,-0.003147952568942733,-0.16470034620685742,-3.504291149877327
2024-06-06 07:35:00+00:00,2024-06-06 07:40:00+00:00,2024-06-06 07:45:00+00:00,London,2024-06-06,opening_followthrough_30m,opening_range_breakout,long,70981.52,70913.09642857143,71118.36714285715,70913.09642857143,stop,2,1.0,0.0009639631756064391,-0.0009639631756064304,2.0,0.003,-0.0039639631756064305,-0.999999999999991,-4.112152077917977
2024-06-07 05:30:00+00:00,2024-06-07 05:35:00+00:00,2024-06-07 05:35:00+00:00,Tokyo,2024-06-07,closing_last_30m,value_area_bounce,short,71278.38,71354.38214285715,71126.37571428572,71354.38214285715,stop,1,1.0,0.0010662720288696478,-0.0010662720288696637,2.0,0.003,-0.004066272028869664,-1.0000000000000149,-3.8135409339962787
2024-06-10 00:45:00+00:00,2024-06-10 00:50:00+00:00,2024-06-10 00:50:00+00:00,Tokyo,2024-06-10,opening_followthrough_30m,opening_range_breakout,short,69442.0,69470.42928571429,69385.14142857143,69470.42928571429,stop,1,1.0,0.0004093961250293249,-0.00040939612502932654,2.0,0.003,-0.0034093961250293266,-1.000000000000004,-8.327866134016565
2024-06-10 07:45:00+00:00,2024-06-10 07:50:00+00:00,2024-06-10 07:55:00+00:00,London,2024-06-10,opening_followthrough_30m,opening_range_breakout,short,69336.54,69399.94428571429,69209.73142857142,69303.99,phase_end,2,1.0,0.000914442597139776,0.0004694494418092665,2.0,0.003,-0.0025305505581907336,0.5133722371175906,-2.7673148277495754
2024-06-10 13:30:00+00:00,2024-06-10 13:35:00+00:00,2024-06-10 13:45:00+00:00,New_York,2024-06-10,opening_first_30m,value_area_bounce,long,69487.71,69407.94071428572,69647.24857142857,69407.94071428572,stop,3,1.0,0.001147962506093322,-0.0011479625060932808,2.0,0.003,-0.004147962506093281,-0.9999999999999641,-3.613325769854088
2024-06-11 07:00:00+00:00,2024-06-11 07:05:00+00:00,2024-06-11 07:25:00+00:00,London,2024-06-11,opening_first_30m,value_area_bounce,long,67764.28,67626.38642857142,68040.06714285714,67841.96,phase_end,5,1.0,0.0020349005616022036,0.0011463266487892199,2.0,0.003,-0.0018536733512107802,0.5633330052681521,-0.9109405079485889
2024-06-11 14:00:00+00:00,2024-06-11 14:05:00+00:00,2024-06-11 14:25:00+00:00,New_York,2024-06-11,opening_followthrough_30m,value_area_bounce,long,66935.99,66754.63142857143,67298.70714285714,66920.62,phase_end,5,0.9227023221558067,0.0025,-0.00021187308489119947,1.8454046443116134,0.00276810696646742,-0.0029799800513586197,-0.08474923395647979,-1.1919920205434478
2024-06-11 15:05:00+00:00,2024-06-11 15:10:00+00:00,2024-06-11 15:25:00+00:00,London,2024-06-11,closing_last_30m,value_area_bounce,long,66935.47,66797.22428571428,67211.96142857143,66797.22428571428,stop,4,1.0,0.0020653580872101963,-0.0020653580872102006,2.0,0.003,-0.005065358087210201,-1.000000000000002,-2.4525326230727793
2024-06-12 00:15:00+00:00,2024-06-12 00:20:00+00:00,2024-06-12 00:25:00+00:00,Tokyo,2024-06-12,opening_first_30m,value_area_bounce,short,67341.01,67394.66357142857,67233.70285714285,67233.70285714285,target,2,1.0,0.0007967443824880413,0.0015934887649761142,2.0,0.003,-0.0014065112350238858,2.0000000000000395,-1.765323064634217
2024-06-12 14:15:00+00:00,2024-06-12 14:20:00+00:00,2024-06-12 14:25:00+00:00,New_York,2024-06-12,opening_followthrough_30m,opening_range_breakout,long,69733.07,69579.74428571429,70039.72142857143,69867.87,phase_end,2,1.0,0.0021987518158273272,0.0019330856937747054,2.0,0.003,-0.0010669143062252947,0.8791741204531266,-0.4852363502534939
2024-06-13 00:45:00+00:00,2024-06-13 00:50:00+00:00,2024-06-13 00:55:00+00:00,Tokyo,2024-06-13,opening_followthrough_30m,opening_range_breakout,long,68330.85,68246.67285714287,68499.2042857143,68330.02,phase_end,2,1.0,0.0012319053964225904,-1.2146782895294805e-05,2.0,0.003,-0.003012146782895295,-0.009860158848697823,-2.4451120935442465
2024-06-14 00:05:00+00:00,2024-06-14 00:10:00+00:00,2024-06-14 00:25:00+00:00,Tokyo,2024-06-14,opening_first_30m,value_area_bounce,short,66783.28,66854.01071428572,66641.81857142856,66784.96,phase_end,4,1.0,0.001059108122358128,-2.5155997130044128e-05,2.0,0.003,-0.003025155997130044,-0.02375205760298933,-2.85632404592882
2024-06-14 07:15:00+00:00,2024-06-14 07:20:00+00:00,2024-06-14 07:25:00+00:00,London,2024-06-14,opening_first_30m,value_area_bounce,short,66976.3,67055.59642857143,66817.70714285715,66941.28,phase_end,2,1.0,0.0011839475840174376,0.0005228715232105108,2.0,0.003,-0.0024771284767894893,0.44163401342166997,-2.0922619465837817
2024-06-14 14:00:00+00:00,2024-06-14 14:05:00+00:00,2024-06-14 14:05:00+00:00,New_York,2024-06-14,opening_followthrough_30m,opening_range_breakout,short,66968.0,67086.425,66731.15,67086.425,stop,1,1.0,0.0017683819137498476,-0.0017683819137499501,2.0,0.003,-0.00476838191374995,-1.000000000000058,-2.6964661177961347
2024-06-17 00:05:00+00:00,2024-06-17 00:10:00+00:00,2024-06-17 00:25:00+00:00,Tokyo,2024-06-17,opening_first_30m,value_area_bounce,long,66644.52,66593.37571428572,66746.80857142858,66746.80857142858,target,4,1.0,0.0007674192223799958,0.0015348384447599894,2.0,0.003,-0.0014651615552400106,1.9999999999999971,-1.9092062232896745
2024-06-17 05:50:00+00:00,2024-06-17 05:55:00+00:00,2024-06-17 05:55:00+00:00,Tokyo,2024-06-17,closing_last_30m,value_area_bounce,short,66304.58,66365.66714285714,66182.40571428572,66351.62,phase_end,1,1.0,0.000921311059615248,-0.0007094532534555054,2.0,0.003,-0.0037094532534555054,-0.7700474731647992,-4.026276700731915
2024-06-17 14:05:00+00:00,2024-06-17 14:10:00+00:00,2024-06-17 14:25:00+00:00,New_York,2024-06-17,opening_followthrough_30m,value_area_bounce,long,65440.1,65284.59071428571,65751.11857142857,65550.03,phase_end,4,1.0,0.002376360759141361,0.0016798568461844354,2.0,0.003,-0.0013201431538155646,0.7069031247559441,-0.5555314565506315
2024-06-18 00:35:00+00:00,2024-06-18 00:40:00+00:00,2024-06-18 00:45:00+00:00,Tokyo,2024-06-18,opening_followthrough_30m,opening_range_breakout,short,66176.0,66273.93357142857,65980.13285714286,65980.13285714286,target,2,1.0,0.001479895603067153,0.00295979120613421,2.0,0.003,-4.0208793865789856e-05,1.9999999999999352,-0.02717002049499657
2024-06-18 14:15:00+00:00,2024-06-18 14:20:00+00:00,2024-06-18 14:25:00+00:00,New_York,2024-06-18,opening_followthrough_30m,opening_range_breakout,long,65108.04,64853.24214285715,65617.63571428572,65086.01,phase_end,2,0.6388205215899441,0.0025,-0.00021615173933394713,1.2776410431798881,0.0019164615647698322,-0.0021326133041037793,-0.08646069573357885,-0.8530453216415117
2024-06-18 20:00:00+00:00,2024-06-18 20:05:00+00:00,2024-06-18 20:25:00+00:00,New_York,2024-06-18,after_close_30m,value_area_bounce,long,64487.73,64290.222857142864,64882.74428571429,64479.27,phase_end,5,0.8162708581968128,0.0025,-0.00010708473472940357,1.6325417163936256,0.0024488125745904385,-0.002555897309319842,-0.042833893891761426,-1.0223589237279367
2024-06-19 07:10:00+00:00,2024-06-19 07:15:00+00:00,2024-06-19 07:20:00+00:00,London,2024-06-19,opening_first_30m,value_area_bounce,short,65536.02,65606.64357142858,65394.77285714286,65394.77285714286,target,2,1.0,0.001077629850402461,0.002155259700804879,2.0,0.003,-0.000844740299195121,1.9999999999999603,-0.7838872492995966
2024-06-20 00:10:00+00:00,2024-06-20 00:15:00+00:00,2024-06-20 00:15:00+00:00,Tokyo,2024-06-20,opening_first_30m,value_area_bounce,long,65000.0,64936.072857142855,65127.85428571429,64936.072857142855,stop,1,1.0,0.000983494505494517,-0.0009834945054945088,2.0,0.003,-0.003983494505494509,-0.9999999999999917,-4.0503474937987
2024-06-20 00:50:00+00:00,2024-06-20 00:55:00+00:00,2024-06-20 00:55:00+00:00,Tokyo,2024-06-20,opening_followthrough_30m,opening_range_breakout,long,65040.0,64949.51,65220.98,65098.01,phase_end,1,1.0,0.0013912976629766383,0.0008919126691266932,2.0,0.003,-0.002108087330873307,0.6410653110840951,-1.515195049176694
2024-06-20 14:00:00+00:00,2024-06-20 14:05:00+00:00,2024-06-20 14:25:00+00:00,New_York,2024-06-20,opening_followthrough_30m,opening_range_breakout,short,64999.99,65193.21142857143,64613.54714285714,65065.0,phase_end,5,0.8410039000406689,0.0025,-0.0008411334146612357,1.6820078000813379,0.0025230117001220067,-0.0033641451147832426,-0.33645336586449426,-1.345658045913297
2024-06-21 13:30:00+00:00,2024-06-21 13:35:00+00:00,2024-06-21 13:45:00+00:00,New_York,2024-06-21,opening_first_30m,value_area_bounce,long,63819.89,63659.81214285714,64140.04571428571,63659.81214285714,stop,3,0.9967007795313838,0.0025,-0.002500000000000005,1.9934015590627676,0.0029901023385941515,-0.005490102338594156,-1.000000000000002,-2.1960409354376624
2024-06-21 14:15:00+00:00,2024-06-21 14:20:00+00:00,2024-06-21 14:25:00+00:00,New_York,2024-06-21,opening_followthrough_30m,opening_range_breakout,long,63976.42,63769.369999999995,64390.52,64028.74,phase_end,2,0.7724754890123167,0.0025,0.000631731465829545,1.5449509780246333,0.00231742646703695,-0.001685695001207405,0.252692586331818,-0.6742780004829619
2024-06-24 07:20:00+00:00,2024-06-24 07:25:00+00:00,2024-06-24 07:25:00+00:00,London,2024-06-24,opening_first_30m,value_area_bounce,long,62239.37,62156.195,62405.72,62295.02,phase_end,1,1.0,0.0013363727814082918,0.0008941285877410721,2.0,0.003,-0.002105871412258928,0.6690712353470897,-1.5758113615870908
2024-06-24 07:35:00+00:00,2024-06-24 07:40:00+00:00,2024-06-24 07:55:00+00:00,London,2024-06-24,opening_followthrough_30m,opening_range_breakout,long,62546.01,62457.999285714286,62722.031428571434,62457.999285714286,stop,4,1.0,0.0014071355516637174,-0.0014071355516637185,2.0,0.003,-0.004407135551663719,-1.0000000000000007,-3.1319907641115106
2024-06-25 00:50:00+00:00,2024-06-25 00:55:00+00:00,2024-06-25 00:55:00+00:00,Tokyo,2024-06-25,opening_followthrough_30m,opening_range_breakout,long,60650.0,60547.965000000004,60854.07,60547.965000000004,stop,1,1.0,0.0016823577906018026,-0.001682357790601774,2.0,0.003,-0.004682357790601774,-0.999999999999983,-2.7832116430636495
2024-06-25 07:40:00+00:00,2024-06-25 07:45:00+00:00,2024-06-25 07:45:00+00:00,London,2024-06-25,opening_followthrough_30m,opening_range_breakout,short,60720.0,60811.53142857143,60536.93714285714,60811.53142857143,stop,1,1.0,0.0015074345943911188,-0.001507434594391066,2.0,0.003,-0.004507434594391066,-0.999999999999965,-2.9901360968909594
2024-06-25 13:40:00+00:00,2024-06-25 13:45:00+00:00,2024-06-25 13:45:00+00:00,New_York,2024-06-25,opening_first_30m,value_area_bounce,long,61200.0,61098.279285714285,61403.44142857142,61403.44142857142,target,1,1.0,0.0016621031746031536,0.0033242063492062712,2.0,0.003,0.00032420634920627116,1.9999999999999782,0.1950578966216578
2024-06-25 14:00:00+00:00,2024-06-25 14:05:00+00:00,2024-06-25 14:15:00+00:00,New_York,2024-06-25,opening_followthrough_30m,value_area_bounce,long,61249.56,61113.375,61521.92999999999,61521.92999999999,target,3,1.0,0.0022234445439281397,0.004446889087856176,2.0,0.003,0.0014468890878561761,1.9999999999999536,0.6507421522193534
2024-06-25 15:05:00+00:00,2024-06-25 15:10:00+00:00,2024-06-25 15:15:00+00:00,London,2024-06-25,closing_last_30m,value_area_bounce,short,61442.01,61649.12071428572,61027.78857142857,61649.12071428572,stop,2,0.7416565846424438,0.0025,-0.0025000000000000738,1.4833131692848875,0.0022249697539273314,-0.004724969753927406,-1.0000000000000295,-1.8899879015709622
2024-06-26 07:40:00+00:00,2024-06-26 07:45:00+00:00,2024-06-26 07:55:00+00:00,London,2024-06-26,opening_followthrough_30m,value_area_bounce,short,61690.32,61776.78785714286,61517.38428571429,61720.02,phase_end,3,1.0,0.0014016438420623662,-0.00048143695801861064,2.0,0.003,-0.0034814369580186107,-0.3434802362561866,-2.483824245177759
2024-06-26 14:00:00+00:00,2024-06-26 14:05:00+00:00,2024-06-26 14:20:00+00:00,New_York,2024-06-26,opening_followthrough_30m,opening_range_breakout,long,61876.02,61748.64071428571,62130.778571428564,61748.64071428571,stop,4,1.0,0.002058621186596763,-0.0020586211865967208,2.0,0.003,-0.005058621186596721,-0.9999999999999796,-2.4572860803786094
2024-06-26 15:05:00+00:00,2024-06-26 15:10:00+00:00,2024-06-26 15:10:00+00:00,London,2024-06-26,closing_last_30m,value_area_bounce,short,61529.37,61675.36571428572,61237.37857142858,61237.37857142858,target,1,1.0,0.0023727809058619225,0.0047455618117238085,2.0,0.003,0.0017455618117238085,1.9999999999999847,0.7356607630360739
2024-06-26 19:50:00+00:00,2024-06-26 19:55:00+00:00,2024-06-26 19:55:00+00:00,New_York,2024-06-26,closing_last_30m,value_area_bounce,long,61056.99,60930.85785714286,61309.25428571428,61000.01,phase_end,1,1.0,0.0020658100384107,-0.0009332264823403991,2.0,0.003,-0.003933226482340399,-0.45174844975502343,-1.903963292465346
2024-06-27 00:00:00+00:00,2024-06-27 00:05:00+00:00,2024-06-27 00:05:00+00:00,Tokyo,2024-06-27,opening_first_30m,value_area_bounce,long,60878.01,60823.475000000006,60987.08,60823.475000000006,stop,1,1.0,0.0008958078623134911,-0.0008958078623134691,2.0,0.003,-0.003895807862313469,-0.9999999999999755,-4.34893242871552
2024-06-27 00:35:00+00:00,2024-06-27 00:40:00+00:00,2024-06-27 00:40:00+00:00,Tokyo,2024-06-27,opening_followthrough_30m,opening_range_breakout,long,61045.17,60969.23071428572,61197.04857142857,60969.23071428572,stop,1,1.0,0.001243985162368862,-0.001243985162368788,2.0,0.003,-0.004243985162368788,-0.9999999999999406,-3.4116043267647727
2024-06-27 05:40:00+00:00,2024-06-27 05:45:00+00:00,2024-06-27 05:50:00+00:00,Tokyo,2024-06-27,closing_last_30m,value_area_bounce,long,60992.0,60943.73714285714,61088.525714285715,60943.73714285714,stop,2,1.0,0.0007912981561984629,-0.0007912981561984944,2.0,0.003,-0.0037912981561984945,-1.00000000000004,-4.79123845607396
2024-06-28 05:50:00+00:00,2024-06-28 05:55:00+00:00,2024-06-28 05:55:00+00:00,Tokyo,2024-06-28,closing_last_30m,value_area_bounce,long,61623.84,61571.09857142856,61729.322857142855,61604.01,phase_end,1,1.0,0.0008558607930214901,-0.000321791047101172,2.0,0.003,-0.003321791047101172,-0.37598526503958224,-3.881228202280513
2024-06-28 07:45:00+00:00,2024-06-28 07:50:00+00:00,2024-06-28 07:50:00+00:00,London,2024-06-28,opening_followthrough_30m,opening_range_breakout,short,61240.01,61294.885,61130.26,61294.885,stop,1,1.0,0.0008960645172984048,-0.0008960645172984005,2.0,0.003,-0.0038960645172984006,-0.9999999999999952,-4.3479732118451295
2024-06-28 13:50:00+00:00,2024-06-28 13:55:00+00:00,2024-06-28 13:55:00+00:00,New_York,2024-06-28,opening_first_30m,value_area_bounce,short,61551.54,61682.20785714286,61290.20428571429,61290.20428571429,target,1,1.0,0.0021229015089282506,0.0042458030178564865,2.0,0.003,0.0012458030178564864,1.9999999999999931,0.5868397627572612
2024-07-01 13:30:00+00:00,2024-07-01 13:35:00+00:00,2024-07-01 13:45:00+00:00,New_York,2024-07-01,opening_first_30m,value_area_bounce,short,62861.64,62962.762142857144,62659.39571428572,62659.39571428572,target,3,1.0,0.0016086462723075995,0.0032172925446151135,2.0,0.003,0.00021729254461511343,1.999999999999947,0.13507789024582
2024-07-01 14:00:00+00:00,2024-07-01 14:05:00+00:00,2024-07-01 14:10:00+00:00,New_York,2024-07-01,opening_followthrough_30m,value_area_bounce,long,62764.0,62635.81428571429,63020.37142857143,62635.81428571429,stop,2,1.0,0.0020423445651283167,-0.0020423445651283068,2.0,0.003,-0.005042344565128307,-0.9999999999999951,-2.4689000334336364
2024-07-02 06:20:00+00:00,2024-07-02 06:25:00+00:00,2024-07-02 06:25:00+00:00,Tokyo,2024-07-02,after_close_30m,value_area_bounce,long,62975.83,62935.31642857143,63056.857142857145,62935.31642857143,stop,1,1.0,0.000643319372346059,-0.000643319372346074,2.0,0.003,-0.003643319372346074,-1.0000000000000233,-5.663313633879245
2024-07-02 07:30:00+00:00,2024-07-02 07:35:00+00:00,2024-07-02 07:55:00+00:00,London,2024-07-02,opening_followthrough_30m,opening_range_breakout,short,62598.32,62676.17785714286,62442.60428571429,62629.99,phase_end,5,1.0,0.001243769116213594,-0.0005059241206473164,2.0,0.003,-0.0035059241206473165,-0.40676691039531604,-2.8187901395400465
2024-07-02 13:30:00+00:00,2024-07-02 13:35:00+00:00,2024-07-02 13:35:00+00:00,New_York,2024-07-02,opening_first_30m,value_area_bounce,short,62796.99,62888.92642857142,62613.11714285714,62888.92642857142,stop,1,1.0,0.0014640260396466152,-0.001464026039646571,2.0,0.003,-0.004464026039646571,-0.9999999999999698,-3.0491438804763966
2024-07-03 14:00:00+00:00,2024-07-03 14:05:00+00:00,2024-07-03 14:25:00+00:00,New_York,2024-07-03,opening_followthrough_30m,value_area_bounce,short,60500.0,60668.56428571429,60162.87142857143,60382.04,phase_end,5,0.8972837832111553,0.0025,0.0017494809102080577,1.7945675664223106,0.002691851349633466,-0.0009423704394254085,0.6997923640832231,-0.3769481757701634
2024-07-04 07:45:00+00:00,2024-07-04 07:50:00+00:00,2024-07-04 07:55:00+00:00,London,2024-07-04,opening_followthrough_30m,opening_range_breakout,short,58374.01,58520.64928571429,58080.73142857143,58219.99,phase_end,2,0.9951973257994678,0.0025,0.002625831121069773,1.9903946515989357,0.0029855919773984036,-0.0003597608563286306,1.0503324484279093,-0.14390434253145223
2024-07-05 00:35:00+00:00,2024-07-05 00:40:00+00:00,2024-07-05 00:55:00+00:00,Tokyo,2024-07-05,opening_followthrough_30m,value_area_bounce,long,57095.44,56747.275,57791.770000000004,57375.99,phase_end,4,0.40997400657734084,0.0025,0.00201449025605668,0.8199480131546817,0.0012299220197320225,0.0007845682363246576,0.805796102422672,0.313827294529863
2024-07-08 00:35:00+00:00,2024-07-08 00:40:00+00:00,2024-07-08 00:55:00+00:00,Tokyo,2024-07-08,opening_followthrough_30m,opening_range_breakout,short,55329.88,55560.076428571425,54869.48714285714,55094.0,phase_end,4,0.600898549375532,0.0025,0.0025617252346597993,1.201797098751064,0.001802695648126596,0.0007590295865332033,1.0246900938639196,0.30361183461328134
2024-07-08 20:05:00+00:00,2024-07-08 20:10:00+00:00,2024-07-08 20:10:00+00:00,New_York,2024-07-08,after_close_30m,value_area_bounce,short,56295.48,56420.37071428572,56045.69857142858,56420.37071428572,stop,1,1.0,0.00221848564548547,-0.002218485645485435,2.0,0.003,-0.005218485645485435,-0.9999999999999843,-2.3522737936595832
2024-07-09 05:30:00+00:00,2024-07-09 05:35:00+00:00,2024-07-09 05:35:00+00:00,Tokyo,2024-07-09,closing_last_30m,value_area_bounce,short,57286.0,57411.60428571429,57034.79142857143,57411.60428571429,stop,1,1.0,0.002192582580635516,-0.0021925825806354826,2.0,0.003,-0.005192582580635483,-0.9999999999999848,-2.3682494910319054
2024-07-09 07:15:00+00:00,2024-07-09 07:20:00+00:00,2024-07-09 07:25:00+00:00,London,2024-07-09,opening_first_30m,value_area_bounce,short,57223.61,57359.58357142857,56951.66285714286,57270.0,phase_end,2,1.0,0.002376179542475059,-0.0008106793681839086,2.0,0.003,-0.0038106793681839087,-0.3411692398207816,-1.6037000992840196
2024-07-09 13:30:00+00:00,2024-07-09 13:35:00+00:00,2024-07-09 13:40:00+00:00,New_York,2024-07-09,opening_first_30m,value_area_bounce,long,57366.59,57246.19499999999,57607.38,57246.19499999999,stop,2,1.0,0.0020986954253338127,-0.0020986954253339185,2.0,0.003,-0.005098695425333919,-1.0000000000000504,-2.429459445990327
2024-07-10 05:30:00+00:00,2024-07-10 05:35:00+00:00,2024-07-10 05:55:00+00:00,Tokyo,2024-07-10,closing_last_30m,value_area_bounce,short,58974.01,59182.41357142857,58557.20285714286,58975.01,phase_end,5,0.7074496084177332,0.0025,-1.1995955649177523e-05,1.4148992168354664,0.0021223488252531996,-0.0021343447809023773,-0.004798382259671009,-0.8537379123609509
2024-07-11 06:05:00+00:00,2024-07-11 06:10:00+00:00,2024-07-11 06:25:00+00:00,Tokyo,2024-07-11,after_close_30m,value_area_bounce,short,57926.01,58039.88071428571,57698.268571428576,57966.19,phase_end,4,1.0,0.0019657959228628536,-0.0006936434945199466,2.0,0.003,-0.0036936434945199466,-0.3528563094737579,-1.87895572045992
2024-07-11 14:15:00+00:00,2024-07-11 14:20:00+00:00,2024-07-11 14:25:00+00:00,New_York,2024-07-11,opening_followthrough_30m,opening_range_breakout,short,57819.18,58048.84285714286,57359.85428571428,57781.7,phase_end,2,0.6293919347615112,0.0025,0.0004079893508497102,1.2587838695230225,0.0018881758042845337,-0.0014801864534348234,0.16319574033988407,-0.5920745813739293
2024-07-12 00:05:00+00:00,2024-07-12 00:10:00+00:00,2024-07-12 00:20:00+00:00,Tokyo,2024-07-12,opening_first_30m,value_area_bounce,short,57262.0,57371.93214285714,57042.135714285716,57371.93214285714,stop,3,1.0,0.0019198096967822126,-0.001919809696782293,2.0,0.003,-0.004919809696782293,-1.000000000000042,-2.562654884506715
2024-07-12 00:50:00+00:00,2024-07-12 00:55:00+00:00,2024-07-12 00:55:00+00:00,Tokyo,2024-07-12,opening_followthrough_30m,value_area_bounce,short,57384.45,57497.35357142857,57158.642857142855,57158.642857142855,target,1,1.0,0.0019674941805414453,0.003934988361082858,2.0,0.003,0.0009349883610828584,1.9999999999999838,0.47521785341471956
2024-07-12 07:30:00+00:00,2024-07-12 07:35:00+00:00,2024-07-12 07:55:00+00:00,London,2024-07-12,opening_followthrough_30m,opening_range_breakout,short,56982.91,57076.79214285714,56795.14571428572,57076.79214285714,stop,5,1.0,0.0016475491135349567,-0.0016475491135348186,2.0,0.003,-0.004647549113534819,-0.9999999999999162,-2.820886537071485
2024-07-15 07:20:00+00:00,2024-07-15 07:25:00+00:00,2024-07-15 07:25:00+00:00,London,2024-07-15,opening_first_30m,value_area_bounce,short,62800.11,62912.07071428571,62576.188571428575,62807.13,phase_end,1,1.0,0.0017828107989892705,-0.00011178324369165438,2.0,0.003,-0.0031117832436916544,-0.06270056461124629,-1.7454366136080277
2024-07-15 13:30:00+00:00,2024-07-15 13:35:00+00:00,2024-07-15 13:35:00+00:00,New_York,2024-07-15,opening_first_30m,value_area_bounce,short,62505.99,62645.422857142854,62227.124285714286,62645.422857142854,stop,1,1.0,0.0022307119228550335,-0.0022307119228550665,2.0,0.003,-0.0052307119228550665,-1.0000000000000149,-2.344862135385194
2024-07-15 19:45:00+00:00,2024-07-15 19:50:00+00:00,2024-07-15 19:55:00+00:00,New_York,2024-07-15,closing_last_30m,value_area_bounce,short,63411.0,63627.735714285714,62977.52857142857,63342.0,phase_end,2,0.7314322908084194,0.0025,0.0007959002076261181,1.4628645816168389,0.0021942968724252584,-0.0013983966647991403,0.3183600830504472,-0.5593586659196561
2024-07-16 07:45:00+00:00,2024-07-16 07:50:00+00:00,2024-07-16 07:55:00+00:00,London,2024-07-16,opening_followthrough_30m,value_area_bounce,long,62906.01,62659.64571428572,63398.73857142857,62895.01,phase_end,2,0.6383434374184573,0.0025,-0.0001116233220260293,1.2766868748369147,0.001915030312255372,-0.0020266536342814015,-0.04464932881041172,-0.8106614537125606
2024-07-16 14:00:00+00:00,2024-07-16 14:05:00+00:00,2024-07-16 14:10:00+00:00,New_York,2024-07-16,opening_followthrough_30m,opening_range_breakout,short,63184.0,63393.150714285715,62765.69857142857,63393.150714285715,stop,2,0.7552448507740449,0.0025,-0.0024999999999999333,1.5104897015480898,0.002265734552322135,-0.004765734552322068,-0.9999999999999732,-1.9062938209288272
2024-07-17 00:35:00+00:00,2024-07-17 00:40:00+00:00,2024-07-17 00:55:00+00:00,Tokyo,2024-07-17,opening_followthrough_30m,opening_range_breakout,long,65393.73,65230.06214285715,65721.06571428572,65505.41,phase_end,4,0.9988786305016637,0.0025,0.001705893905339597,1.9977572610033274,0.002996635891504991,-0.0012907419861653941,0.6823575621358388,-0.5162967944661576
2024-07-17 05:40:00+00:00,2024-07-17 05:45:00+00:00,2024-07-17 05:55:00+00:00,Tokyo,2024-07-17,closing_last_30m,value_area_bounce,short,65780.0,65882.99214285714,65574.0157142857,65624.01,phase_end,3,1.0,0.0015657060330973528,0.0023713894800851953,2.0,0.003,-0.0006286105199148047,1.5145815561520204,-0.40148693728365986
2024-07-17 13:30:00+00:00,2024-07-17 13:35:00+00:00,2024-07-17 13:40:00+00:00,New_York,2024-07-17,opening_first_30m,value_area_bounce,long,64743.0,64605.01642857143,65018.967142857146,64605.01642857143,stop,2,1.0,0.00213125081365663,-0.0021312508136566155,2.0,0.003,-0.005131250813656616,-0.9999999999999933,-2.4076240960362734
2024-07-18 00:30:00+00:00,2024-07-18 00:35:00+00:00,2024-07-18 00:50:00+00:00,Tokyo,2024-07-18,opening_followthrough_30m,opening_range_breakout,long,64305.47,64200.65357142857,64515.10285714286,64515.10285714286,target,4,1.0,0.0016299768677754726,0.00325995373555088,2.0,0.003,0.00025995373555088,1.99999999999996,0.15948308266831696
2024-07-18 13:30:00+00:00,2024-07-18 13:35:00+00:00,2024-07-18 13:35:00+00:00,New_York,2024-07-18,opening_first_30m,value_area_bounce,short,64658.87,64793.794285714284,64389.02142857143,64793.794285714284,stop,1,1.0,0.0020867096148491893,-0.002086709614849136,2.0,0.003,-0.005086709614849136,-0.9999999999999745,-2.437670090103439
2024-07-18 19:30:00+00:00,2024-07-18 19:35:00+00:00,2024-07-18 19:55:00+00:00,New_York,2024-07-18,closing_last_30m,value_area_bounce,long,63542.29,63388.49071428571,63849.88857142857,63555.0,phase_end,5,1.0,0.002420424031212683,0.00020002426730281186,2.0,0.003,-0.002799975732697188,0.0826401757392053,-1.1568120695340898
2024-07-19 07:45:00+00:00,2024-07-19 07:50:00+00:00,2024-07-19 07:55:00+00:00,London,2024-07-19,opening_followthrough_30m,opening_range_breakout,short,63725.29,63835.58142857143,63504.70714285714,63694.01,phase_end,2,1.0,0.0017307324701296646,0.0004908569266612872,2.0,0.003,-0.002509143073338713,0.2836122480700398,-1.4497579011450168
2024-07-19 14:05:00+00:00,2024-07-19 14:10:00+00:00,2024-07-19 14:20:00+00:00,New_York,2024-07-19,opening_followthrough_30m,opening_range_breakout,long,65339.98,65120.45857142857,65779.02285714286,65779.02285714286,target,3,0.7441184720007785,0.0025,0.00499999999999995,1.488236944001557,0.0022323554160023355,0.0027676445839976143,1.9999999999999798,1.1070578335990457
2024-07-19 15:05:00+00:00,2024-07-19 15:10:00+00:00,2024-07-19 15:25:00+00:00,London,2024-07-19,closing_last_30m,value_area_bounce,short,65634.3,65846.82714285715,65209.24571428572,65324.48,phase_end,4,0.7720696179983759,0.0025,0.0036444756636127423,1.5441392359967518,0.002316208853995128,0.0013282668096176145,1.457790265445097,0.5313067238470458
2024-07-22 00:05:00+00:00,2024-07-22 00:10:00+00:00,2024-07-22 00:25:00+00:00,Tokyo,2024-07-22,opening_first_30m,value_area_bounce,short,68137.28,68234.25357142856,67943.33285714286,68220.01,phase_end,4,1.0,0.001423208725510743,-0.0012141664592422163,2.0,0.003,-0.004214166459242216,-0.8531190383241163,-2.9610319159123266
2024-07-22 00:45:00+00:00,2024-07-22 00:50:00+00:00,2024-07-22 00:55:00+00:00,Tokyo,2024-07-22,opening_followthrough_30m,opening_range_breakout,long,68424.0,68316.14857142857,68639.70285714285,68316.14857142857,stop,2,1.0,0.0015762222110871538,-0.0015762222110872193,2.0,0.003,-0.004576222211087219,-1.0000000000000415,-2.903284942248658
2024-07-22 13:40:00+00:00,2024-07-22 13:45:00+00:00,2024-07-22 13:50:00+00:00,New_York,2024-07-22,opening_first_30m,value_area_bounce,short,67424.01,67567.10357142857,67137.82285714285,67137.82285714285,target,2,1.0,0.002122293993320335,0.0042445879866407354,2.0,0.003,0.0012445879866407354,2.0000000000000306,0.586435239678351
2024-07-22 15:45:00+00:00,2024-07-22 15:50:00+00:00,2024-07-22 15:55:00+00:00,London,2024-07-22,after_close_30m,value_area_bounce,long,67135.96,66955.76857142858,67496.34285714287,67063.87,phase_end,2,0.9314532957013996,0.0025,-0.0010001863097976892,1.8629065914027991,0.002794359887104199,-0.0037945461969018882,-0.40007452391907566,-1.5178184787607552
2024-07-23 06:00:00+00:00,2024-07-23 06:05:00+00:00,2024-07-23 06:25:00+00:00,Tokyo,2024-07-23,after_close_30m,value_area_bounce,long,66628.01,66456.51142857142,66971.00714285714,66684.11,phase_end,5,0.9712618805654433,0.0025,0.0008177910686471534,1.9425237611308865,0.0029137856416963297,-0.002095994573049176,0.3271164274588613,-0.8383978292196704
2024-07-23 07:30:00+00:00,2024-07-23 07:35:00+00:00,2024-07-23 07:55:00+00:00,London,2024-07-23,opening_followthrough_30m,value_area_bounce,long,66530.32,66384.205,66822.55,66576.0,phase_end,5,1.0,0.002196216702399733,0.0006866042429976016,2.0,0.003,-0.0023133957570023985,0.3126304623070082,-1.053354960134229
2024-07-23 13:30:00+00:00,2024-07-23 13:35:00+00:00,2024-07-23 13:40:00+00:00,New_York,2024-07-23,opening_first_30m,value_area_bounce,long,66571.69,66419.61285714287,66875.84428571428,66419.61285714287,stop,2,1.0,0.0022844116298855986,-0.0022844116298854633,2.0,0.003,-0.005284411629885463,-0.9999999999999407,-2.3132484359441396
2024-07-24 15:00:00+00:00,2024-07-24 15:05:00+00:00,2024-07-24 15:20:00+00:00,London,2024-07-24,closing_last_30m,value_area_bounce,short,66716.01,66907.70785714286,66332.61428571428,66332.61428571428,target,4,0.8700672375054528,0.0025,0.004999999999999967,1.7401344750109056,0.0026102017125163583,0.002389798287483609,1.999999999999987,0.9559193149934435
2024-07-24 15:50:00+00:00,2024-07-24 15:55:00+00:00,2024-07-24 15:55:00+00:00,London,2024-07-24,after_close_30m,value_area_bounce,long,66307.49,66118.06714285715,66686.33571428571,66176.0,phase_end,1,0.8751252488763009,0.0025,-0.001735403028749077,1.7502504977526019,0.002625375746628903,-0.00436077877537798,-0.6941612114996308,-1.744311510151192
2024-07-25 07:35:00+00:00,2024-07-25 07:40:00+00:00,2024-07-25 07:40:00+00:00,London,2024-07-25,opening_followthrough_30m,opening_range_breakout,long,64386.01,64309.62,64538.79,64309.62,stop,1,1.0,0.0011864378612682846,-0.0011864378612682636,2.0,0.003,-0.004186437861268264,-0.9999999999999822,-3.5285774316010308
2024-07-25 13:45:00+00:00,2024-07-25 13:50:00+00:00,2024-07-25 13:55:00+00:00,New_York,2024-07-25,opening_first_30m,value_area_bounce,short,64026.01,64181.21785714286,63715.59428571429,63715.59428571429,target,2,1.0,0.0024241375831924607,0.004848275166384974,2.0,0.003,0.0018482751663849743,2.0000000000000218,0.7624464796057053
2024-07-25 14:05:00+00:00,2024-07-25 14:10:00+00:00,2024-07-25 14:15:00+00:00,New_York,2024-07-25,opening_followthrough_30m,opening_range_breakout,short,63538.0,63735.92214285714,63142.15571428571,63735.92214285714,stop,2,0.8025630569018853,0.0025,-0.002500000000000005,1.6051261138037707,0.002407689170705656,-0.004907689170705661,-1.000000000000002,-1.9630756682822645
2024-07-26 07:30:00+00:00,2024-07-26 07:35:00+00:00,2024-07-26 07:55:00+00:00,London,2024-07-26,opening_followthrough_30m,value_area_bounce,short,67000.0,67074.04857142858,66851.90285714286,66890.56,phase_end,5,1.0,0.0011052025586353715,0.0016334328358209582,2.0,0.003,-0.0013665671641790418,1.4779488366709985,-1.2364857043639002
2024-07-26 14:15:00+00:00,2024-07-26 14:20:00+00:00,2024-07-26 14:25:00+00:00,New_York,2024-07-26,opening_followthrough_30m,value_area_bounce,short,67548.03,67752.11785714286,67139.85428571429,67220.26,phase_end,2,0.8274381306370209,0.0025,0.004015060040668842,1.6548762612740417,0.002482314391911063,0.0015327456487577796,1.606024016267537,0.6130982595031118
2024-07-29 14:00:00+00:00,2024-07-29 14:05:00+00:00,2024-07-29 14:25:00+00:00,New_York,2024-07-29,opening_followthrough_30m,opening_range_breakout,short,68908.0,69151.07928571428,68421.84142857142,68815.65,phase_end,5,0.7086988078551676,0.0025,0.0009497929834769299,1.4173976157103352,0.0021260964235655026,-0.0011763034400885729,0.37991719339077196,-0.47052137603542915
2024-07-30 13:30:00+00:00,2024-07-30 13:35:00+00:00,2024-07-30 13:35:00+00:00,New_York,2024-07-30,opening_first_30m,value_area_bounce,long,66710.0,66560.07357142857,67009.85285714286,66560.07357142857,stop,1,1.0,0.0022474355954343974,-0.0022474355954343883,2.0,0.003,-0.005247435595434388,-0.999999999999996,-2.3348547144551803
2024-07-30 20:00:00+00:00,2024-07-30 20:05:00+00:00,2024-07-30 20:05:00+00:00,New_York,2024-07-30,after_close_30m,value_area_bounce,short,65730.01,65900.53499999999,65388.96,65388.96,target,1,0.9636418413722481,0.0025,0.004999999999999982,1.9272836827444961,0.0028909255241167443,0.0021090744758832376,1.9999999999999927,0.843629790353295
2024-07-31 00:45:00+00:00,2024-07-31 00:50:00+00:00,2024-07-31 00:55:00+00:00,Tokyo,2024-07-31,opening_followthrough_30m,opening_range_breakout,long,66294.01,66194.11142857143,66493.80714285713,66344.0,phase_end,2,1.0,0.001506901927166096,0.0007540651108599583,2.0,0.003,-0.0022459348891400418,0.5004075562356373,-1.4904320239099986
2024-07-31 14:10:00+00:00,2024-07-31 14:15:00+00:00,2024-07-31 14:25:00+00:00,New_York,2024-07-31,opening_followthrough_30m,value_area_bounce,short,66480.01,66626.06642857142,66187.89714285714,66187.89714285714,target,3,1.0,0.0021969976925609387,0.004393995385121863,2.0,0.003,0.0013939953851218627,1.9999999999999933,0.634500158940516
2024-08-01 14:15:00+00:00,2024-08-01 14:20:00+00:00,2024-08-01 14:25:00+00:00,New_York,2024-08-01,opening_followthrough_30m,opening_range_breakout,short,64397.65,64551.11214285714,64090.72571428571,64188.0,phase_end,2,1.0,0.0023830394875766886,0.0032555535799831947,2.0,0.003,0.00025555357998319466,1.3661349704673862,0.10723849995581354
2024-08-01 15:40:00+00:00,2024-08-01 15:45:00+00:00,2024-08-01 15:55:00+00:00,London,2024-08-01,after_close_30m,value_area_bounce,long,62945.03,62676.690714285716,63481.70857142857,62906.6,phase_end,3,0.5864313702003061,0.0025,-0.00035803553603512464,1.1728627404006122,0.0017592941106009184,-0.002117329646636043,-0.14321421441404986,-0.8469318586544172
2024-08-02 05:45:00+00:00,2024-08-02 05:50:00+00:00,2024-08-02 05:50:00+00:00,Tokyo,2024-08-02,closing_last_30m,value_area_bounce,long,64243.98,64142.42285714286,64447.09428571429,64142.42285714286,stop,1,1.0,0.0015808040357577948,-0.0015808040357577768,2.0,0.003,-0.004580804035757777,-0.9999999999999886,-2.8977684343789414
2024-08-02 14:10:00+00:00,2024-08-02 14:15:00+00:00,2024-08-02 14:25:00+00:00,New_York,2024-08-02,opening_followthrough_30m,value_area_bounce,short,64638.01,64911.235714285714,64091.55857142857,64911.235714285714,stop,3,0.5914341753024693,0.0025,-0.0025000000000000096,1.1828683506049387,0.001774302525907408,-0.004274302525907417,-1.0000000000000038,-1.7097210103629668
2024-08-02 15:45:00+00:00,2024-08-02 15:50:00+00:00,2024-08-02 15:55:00+00:00,London,2024-08-02,after_close_30m,value_area_bounce,long,63485.99,63103.87071428571,64250.22857142857,63416.01,phase_end,2,0.415354526540889,0.0025,-0.00045784132479195343,0.830709053081778,0.001246063579622667,-0.0017039049044146205,-0.18313652991678137,-0.6815619617658482
2024-08-05 00:35:00+00:00,2024-08-05 00:40:00+00:00,2024-08-05 00:55:00+00:00,Tokyo,2024-08-05,opening_followthrough_30m,opening_range_breakout,short,56786.0,57125.09071428572,56107.81857142857,56107.81857142857,target,4,0.4186637793932088,0.0025,0.004999999999999976,0.8373275587864176,0.0012559913381796264,0.0037440086618203494,1.9999999999999902,1.4976034647281398
2024-08-05 13:30:00+00:00,2024-08-05 13:35:00+00:00,2024-08-05 13:55:00+00:00,New_York,2024-08-05,opening_first_30m,value_area_bounce,long,51273.99,50591.12285714285,52639.724285714285,51951.0,phase_end,5,0.18771583365933958,0.0025,0.0024785567993774234,0.37543166731867916,0.0005631475009780188,0.0019154092983994047,0.9914227197509694,0.7661637193597618
2024-08-05 14:00:00+00:00,2024-08-05 14:05:00+00:00,2024-08-05 14:10:00+00:00,New_York,2024-08-05,opening_followthrough_30m,opening_range_breakout,long,53618.16,52745.91,55362.66,52745.91,stop,2,0.15367773000859836,0.0025,-0.002499999999999991,0.3073554600171967,0.0004610331900257951,-0.002961033190025786,-0.9999999999999963,-1.1844132760103143
2024-08-06 05:35:00+00:00,2024-08-06 05:40:00+00:00,2024-08-06 05:55:00+00:00,Tokyo,2024-08-06,closing_last_30m,value_area_bounce,long,55770.0,55570.35571428572,56169.28857142857,55925.97,phase_end,4,0.698367095763176,0.0025,0.0019530987255905303,1.396734191526352,0.002095101287289528,-0.00014200256169899766,0.7812394902362121,-0.05680102467959906
2024-08-06 06:15:00+00:00,2024-08-06 06:20:00+00:00,2024-08-06 06:25:00+00:00,Tokyo,2024-08-06,after_close_30m,value_area_bounce,long,55704.5,55512.13,56089.24,55832.91,phase_end,2,0.7239239486406424,0.0025,0.0016687893122628737,1.4478478972812847,0.002171771845921927,-0.0005029825336590533,0.6675157249051494,-0.2011930134636213
2024-08-06 07:35:00+00:00,2024-08-06 07:40:00+00:00,2024-08-06 07:55:00+00:00,London,2024-08-06,opening_followthrough_30m,opening_range_breakout,long,55912.12,55738.540714285715,56259.27857142857,55999.99,phase_end,4,0.8052821477217079,0.0025,0.001265559995226444,1.6105642954434158,0.0024158464431651237,-0.0011502864479386796,0.5062239980905776,-0.4601145791754718
2024-08-07 05:40:00+00:00,2024-08-07 05:45:00+00:00,2024-08-07 05:55:00+00:00,Tokyo,2024-08-07,closing_last_30m,value_area_bounce,short,56830.01,57007.18214285714,56475.665714285715,56796.01,phase_end,3,0.8019038586362727,0.0025,0.00047975939461618745,1.6038077172725453,0.002405711575908818,-0.0019259521812926305,0.19190375784647498,-0.7703808725170522
2024-08-07 06:20:00+00:00,2024-08-07 06:25:00+00:00,2024-08-07 06:25:00+00:00,Tokyo,2024-08-07,after_close_30m,value_area_bounce,long,56844.01,56666.725000000006,57198.58,56874.0,phase_end,1,0.8015908001240947,0.0025,0.0004229066192852258,1.6031816002481893,0.0024047724003722843,-0.0019818657810870585,0.16916264771409031,-0.7927463124348234
2024-08-07 07:45:00+00:00,2024-08-07 07:50:00+00:00,2024-08-07 07:55:00+00:00,London,2024-08-07,opening_followthrough_30m,opening_range_breakout,long,57044.0,56910.99642857143,57310.00714285715,56910.99642857143,stop,2,1.0,0.002331596161359164,-0.0023315961613591396,2.0,0.003,-0.00533159616135914,-0.9999999999999896,-2.2866722161058877
2024-08-08 07:45:00+00:00,2024-08-08 07:50:00+00:00,2024-08-08 07:55:00+00:00,London,2024-08-08,opening_followthrough_30m,value_area_bounce,short,57312.49,57433.864285714284,57069.741428571426,57193.49,phase_end,2,1.0,0.00211776326092768,0.002076336240145915,2.0,0.003,-0.000923663759854085,0.980438313599029,-0.4361506202772999
2024-08-08 14:00:00+00:00,2024-08-08 14:05:00+00:00,2024-08-08 14:25:00+00:00,New_York,2024-08-08,opening_followthrough_30m,value_area_bounce,long,57483.25,57172.74214285714,58104.26571428571,58104.26571428571,target,5,0.4628163883591627,0.0025,0.004999999999999949,0.9256327767183254,0.0013884491650774883,0.003611550834922461,1.9999999999999796,1.4446203339689843
2024-08-09 14:00:00+00:00,2024-08-09 14:05:00+00:00,2024-08-09 14:05:00+00:00,New_York,2024-08-09,opening_followthrough_30m,opening_range_breakout,long,61085.96,60821.58571428571,61614.70857142857,60821.58571428571,stop,1,0.5776465725000296,0.0025,-0.0024999999999999953,1.1552931450000592,0.0017329397175000888,-0.004232939717500084,-0.9999999999999981,-1.6931758870000337
2024-08-12 07:30:00+00:00,2024-08-12 07:35:00+00:00,2024-08-12 07:55:00+00:00,London,2024-08-12,opening_followthrough_30m,opening_range_breakout,long,58673.89,58440.00857142857,59141.65285714286,58674.61,phase_end,5,0.6271755987466141,0.0025,7.696207480009133e-06,1.2543511974932282,0.0018815267962398424,-0.0018738305887598334,0.0030784829920036533,-0.7495322355039333
2024-08-12 14:10:00+00:00,2024-08-12 14:15:00+00:00,2024-08-12 14:25:00+00:00,New_York,2024-08-12,opening_followthrough_30m,value_area_bounce,long,59340.94,58973.54785714286,60075.72428571429,59588.94,phase_end,3,0.40379837425561144,0.0025,0.001687570112899962,0.8075967485112229,0.0012113951227668343,0.0004761749901331276,0.6750280451599847,0.19046999605325104
2024-08-12 15:20:00+00:00,2024-08-12 15:25:00+00:00,2024-08-12 15:25:00+00:00,London,2024-08-12,closing_last_30m,value_area_bounce,short,59530.01,59955.103571428575,58679.82285714286,59648.9,phase_end,1,0.35009944869280984,0.0025,-0.0006991989998840734,0.7001988973856197,0.0010502983460784297,-0.001749497345962503,-0.27967959995362934,-0.6997989383850012
2024-08-12 20:00:00+00:00,2024-08-12 20:05:00+00:00,2024-08-12 20:25:00+00:00,New_York,2024-08-12,after_close_30m,value_area_bounce,long,59196.26,59006.66428571429,59575.45142857143,59125.25,phase_end,5,0.7805590466933411,0.0025,-0.0009363344560229827,1.5611180933866822,0.0023416771400800234,-0.0032780115961030063,-0.37453378240919305,-1.3112046384412026
2024-08-13 00:30:00+00:00,2024-08-13 00:35:00+00:00,2024-08-13 00:50:00+00:00,Tokyo,2024-08-13,opening_followthrough_30m,value_area_bounce,short,59508.0,59673.8,59176.4,59673.8,stop,4,0.8972858866103721,0.0025,-0.002499999999999945,1.7945717732207442,0.0026918576598311166,-0.0051918576598310616,-0.999999999999978,-2.0767430639324247
2024-08-13 14:10:00+00:00,2024-08-13 14:15:00+00:00,2024-08-13 14:25:00+00:00,New_York,2024-08-13,opening_followthrough_30m,opening_range_breakout,long,59560.02,59357.54571428571,59964.968571428566,59443.99,phase_end,3,0.7354022733045487,0.0025,-0.0014326510597465862,1.4708045466090973,0.002206206819913646,-0.0036388578796602324,-0.5730604238986344,-1.4555431518640929
2024-08-14 15:40:00+00:00,2024-08-14 15:45:00+00:00,2024-08-14 15:55:00+00:00,London,2024-08-14,after_close_30m,value_area_bounce,long,59675.01,59432.115000000005,60160.8,59432.115000000005,stop,3,0.6142058296794914,0.0025,-0.0024999999999999623,1.2284116593589829,0.0018426174890384744,-0.0043426174890384365,-0.9999999999999849,-1.7370469956153745
2024-08-15 00:50:00+00:00,2024-08-15 00:55:00+00:00,2024-08-15 00:55:00+00:00,Tokyo,2024-08-15,opening_followthrough_30m,value_area_bounce,short,59000.01,59099.60285714286,58800.82428571429,58993.99,phase_end,1,1.0,0.0016880142417409223,0.00010203388101126531,2.0,0.003,-0.0028979661189887347,0.06044610198669494,-1.7167900882162799
2024-08-15 06:00:00+00:00,2024-08-15 06:05:00+00:00,2024-08-15 06:15:00+00:00,Tokyo,2024-08-15,after_close_30m,value_area_bounce,long,58372.9,58258.633571428574,58601.432857142856,58258.633571428574,stop,3,1.0,0.0019575252997783015,-0.001957525299778329,2.0,0.003,-0.004957525299778329,-1.000000000000014,-2.5325472423471567
2024-08-15 14:10:00+00:00,2024-08-15 14:15:00+00:00,2024-08-15 14:25:00+00:00,New_York,2024-08-15,opening_followthrough_30m,value_area_bounce,short,59383.85,59591.30857142857,58968.932857142856,59444.44,phase_end,3,0.7156109481411095,0.0025,-0.0007301457778146271,1.431221896282219,0.0021468328444233286,-0.0028769786222379557,-0.29205831112585084,-1.1507914488951823
2024-08-16 14:15:00+00:00,2024-08-16 14:20:00+00:00,2024-08-16 14:25:00+00:00,New_York,2024-08-16,opening_followthrough_30m,value_area_bounce,long,58294.88,57949.89785714285,58984.84428571428,58151.94,phase_end,2,0.42244853253274045,0.0025,-0.001035850716910767,0.8448970650654809,0.0012673455975982214,-0.0023031963145089883,-0.41434028676430673,-0.9212785258035953
2024-08-19 00:10:00+00:00,2024-08-19 00:15:00+00:00,2024-08-19 00:20:00+00:00,Tokyo,2024-08-19,opening_first_30m,value_area_bounce,long,58657.6,58459.61214285714,59053.57571428571,58459.61214285714,stop,2,0.7406716862145201,0.0025,-0.002500000000000003,1.4813433724290401,0.0022220150586435604,-0.0047220150586435635,-1.000000000000001,-1.8888060234574253
2024-08-19 05:35:00+00:00,2024-08-19 05:40:00+00:00,2024-08-19 05:45:00+00:00,Tokyo,2024-08-19,closing_last_30m,value_area_bounce,long,58558.01,58474.23785714286,58725.55428571429,58474.23785714286,stop,2,1.0,0.00143058384082966,-0.0014305838408296134,2.0,0.003,-0.0044305838408296135,-0.9999999999999674,-3.097045915365658
2024-08-19 14:10:00+00:00,2024-08-19 14:15:00+00:00,2024-08-19 14:25:00+00:00,New_York,2024-08-19,opening_followthrough_30m,value_area_bounce,short,58313.26,58538.30928571429,57863.16142857143,58247.99,phase_end,3,0.6477832157400407,0.0025,0.0007250633988110896,1.2955664314800814,0.0019433496472201221,-0.0012182862484090326,0.2900253595244358,-0.48731449936361304
2024-08-20 13:40:00+00:00,2024-08-20 13:45:00+00:00,2024-08-20 13:55:00+00:00,New_York,2024-08-20,opening_first_30m,value_area_bounce,long,60774.99,60642.49071428571,61039.98857142857,60891.99,phase_end,3,1.0,0.0021801613741817896,0.001925134006603768,2.0,0.003,-0.001074865993396232,0.8830236281597582,-0.49302129930617045
2024-08-20 14:15:00+00:00,2024-08-20 14:20:00+00:00,2024-08-20 14:25:00+00:00,New_York,2024-08-20,opening_followthrough_30m,opening_range_breakout,short,60094.98,60309.17785714286,59666.58428571429,60015.99,phase_end,2,0.7013956722256149,0.0025,0.0009219279904761543,1.4027913444512299,0.002104187016676845,-0.0011822590262006904,0.3687711961904617,-0.4729036104802762
2024-08-22 00:40:00+00:00,2024-08-22 00:45:00+00:00,2024-08-22 00:55:00+00:00,Tokyo,2024-08-22,opening_followthrough_30m,opening_range_breakout,short,60963.99,61053.64785714285,60784.67428571428,60818.15,phase_end,3,1.0,0.0014706691137318538,0.0023922318732746417,2.0,0.003,-0.0006077681267253584,1.6266282136056445,-0.41325959799559125
2024-08-22 13:30:00+00:00,2024-08-22 13:35:00+00:00,2024-08-22 13:40:00+00:00,New_York,2024-08-22,opening_first_30m,value_area_bounce,long,60851.09,60678.27214285714,61196.72571428571,60678.27214285714,stop,2,0.8802778110727683,0.0025,-0.002500000000000025,1.7605556221455365,0.002640833433218305,-0.00514083343321833,-1.00000000000001,-2.056333373287332
2024-08-23 00:35:00+00:00,2024-08-23 00:40:00+00:00,2024-08-23 00:40:00+00:00,Tokyo,2024-08-23,opening_followthrough_30m,opening_range_breakout,long,60903.62,60823.978571428575,61062.90285714286,60823.978571428575,stop,1,1.0,0.0013076632977059208,-0.00130766329770593,2.0,0.003,-0.00430766329770593,-1.0000000000000069,-3.294168541139767
2024-08-23 14:00:00+00:00,2024-08-23 14:05:00+00:00,2024-08-23 14:05:00+00:00,New_York,2024-08-23,opening_followthrough_30m,opening_range_breakout,long,61614.11,61463.325,61915.68,61463.325,stop,1,1.0,0.0024472478787732374,-0.002447247878773262,2.0,0.003,-0.005447247878773262,-1.00000000000001,-2.2258668302550015
2024-08-26 00:50:00+00:00,2024-08-26 00:55:00+00:00,2024-08-26 00:55:00+00:00,Tokyo,2024-08-26,opening_followthrough_30m,value_area_bounce,long,64105.0,63948.025714285715,64418.94857142857,64111.01,phase_end,1,1.0,0.002448705806322208,9.375243740739059e-05,2.0,0.003,-0.0029062475625926095,0.03828652554559033,-1.186850439562439
2024-08-26 06:05:00+00:00,2024-08-26 06:10:00+00:00,2024-08-26 06:10:00+00:00,Tokyo,2024-08-26,after_close_30m,value_area_bounce,long,63959.45,63910.00714285714,64058.33571428571,63910.00714285714,stop,1,1.0,0.0007730344326421966,-0.0007730344326422056,2.0,0.003,-0.0037730344326422057,-1.0000000000000115,-4.880810314937906
2024-08-26 14:00:00+00:00,2024-08-26 14:05:00+00:00,2024-08-26 14:05:00+00:00,New_York,2024-08-26,opening_followthrough_30m,value_area_bounce,long,63849.01,63699.19571428571,64148.63857142857,63699.19571428571,stop,1,1.0,0.0023463838470523706,-0.0023463838470524356,2.0,0.003,-0.005346383847052436,-1.0000000000000278,-2.2785631829884934
2024-08-27 00:35:00+00:00,2024-08-27 00:40:00+00:00,2024-08-27 00:50:00+00:00,Tokyo,2024-08-27,opening_followthrough_30m,opening_range_breakout,long,63030.0,62935.61,63218.78,62935.61,stop,3,1.0,0.0014975408535617951,-0.0014975408535617962,2.0,0.003,-0.004497540853561796,-1.0000000000000007,-3.0032842462125244
2024-08-27 07:30:00+00:00,2024-08-27 07:35:00+00:00,2024-08-27 07:40:00+00:00,London,2024-08-27,opening_followthrough_30m,opening_range_breakout,long,62941.83,62853.97357142857,63117.54285714286,62853.97357142857,stop,2,1.0,0.0013958353065271286,-0.0013958353065272044,2.0,0.003,-0.0043958353065272045,-1.0000000000000544,-3.149250693095124
2024-08-27 14:05:00+00:00,2024-08-27 14:10:00+00:00,2024-08-27 14:25:00+00:00,New_York,2024-08-27,opening_followthrough_30m,opening_range_breakout,short,61990.01,62163.04285714286,61643.944285714286,62033.8,phase_end,4,0.8956392881616213,0.0025,-0.0006326833054002562,1.7912785763232426,0.002686917864484864,-0.00331960116988512,-0.2530733221601025,-1.327840467954048
2024-08-28 07:45:00+00:00,2024-08-28 07:50:00+00:00,2024-08-28 07:55:00+00:00,London,2024-08-28,opening_followthrough_30m,opening_range_breakout,short,58737.15,58849.09785714286,58513.25428571428,58600.98,phase_end,2,1.0,0.0019059123083577931,0.002318294299263779,2.0,0.003,-0.0006817057007362211,1.2163698660728572,-0.3576794681197084
2024-08-28 13:40:00+00:00,2024-08-28 13:45:00+00:00,2024-08-28 13:55:00+00:00,New_York,2024-08-28,opening_first_30m,value_area_bounce,short,59812.25,59942.502857142856,59551.74428571429,59551.74428571429,target,3,1.0,0.002177695323998967,0.004355390647997837,2.0,0.003,0.0013553906479978365,1.9999999999999554,0.6223968215667985
2024-08-28 20:20:00+00:00,2024-08-28 20:25:00+00:00,2024-08-28 20:25:00+00:00,New_York,2024-08-28,after_close_30m,value_area_bounce,short,58668.0,58903.85428571429,58196.29142857143,58903.85428571429,stop,1,0.6218670123199556,0.0025,-0.0025000000000000044,1.2437340246399111,0.0018656010369598667,-0.004365601036959871,-1.0000000000000018,-1.7462404147839483
2024-08-29 13:35:00+00:00,2024-08-29 13:40:00+00:00,2024-08-29 13:45:00+00:00,New_York,2024-08-29,opening_first_30m,value_area_bounce,short,60345.95,60497.85714285714,60042.13571428571,60497.85714285714,stop,2,0.9931387830911754,0.0025,-0.002499999999999978,1.9862775661823509,0.0029794163492735263,-0.005479416349273504,-0.9999999999999911,-2.1917665397094015
2024-08-30 13:30:00+00:00,2024-08-30 13:35:00+00:00,2024-08-30 13:45:00+00:00,New_York,2024-08-30,opening_first_30m,value_area_bounce,long,59584.0,59432.50428571428,59886.991428571426,59432.50428571428,stop,3,0.9832621384857679,0.0025,-0.0025000000000000282,1.9665242769715359,0.002949786415457304,-0.005449786415457332,-1.0000000000000113,-2.1799145661829327
2024-09-02 00:30:00+00:00,2024-09-02 00:35:00+00:00,2024-09-02 00:40:00+00:00,Tokyo,2024-09-02,opening_followthrough_30m,opening_range_breakout,long,57629.0,57482.500714285714,57921.99857142857,57482.500714285714,stop,2,0.9834348290337812,0.0025,-0.002500000000000012,1.9668696580675624,0.0029503044871013436,-0.005450304487101355,-1.0000000000000049,-2.180121794840542
2024-09-03 00:35:00+00:00,2024-09-03 00:40:00+00:00,2024-09-03 00:55:00+00:00,Tokyo,2024-09-03,opening_followthrough_30m,value_area_bounce,long,59128.91,59060.16785714286,59266.39428571429,59257.99,phase_end,4,1.0,0.0011625809245789218,0.00218302688143579,2.0,0.003,-0.00081697311856421,1.877741871798272,-0.7027236567296266
2024-09-03 07:35:00+00:00,2024-09-03 07:40:00+00:00,2024-09-03 07:55:00+00:00,London,2024-09-03,opening_followthrough_30m,opening_range_breakout,long,59064.0,59003.95071428571,59184.09857142857,59112.0,phase_end,4,1.0,0.0010166816625065333,0.000812677773262882,2.0,0.003,-0.002187322226737118,0.7993433964957145,-2.151432751668285
2024-09-03 14:10:00+00:00,2024-09-03 14:15:00+00:00,2024-09-03 14:25:00+00:00,New_York,2024-09-03,opening_followthrough_30m,opening_range_breakout,short,57897.01,58093.39928571429,57504.23142857143,58093.39928571429,stop,3,0.7370184400516456,0.0025,-0.0024999999999999628,1.4740368801032913,0.002211055320154937,-0.0047110553201549,-0.9999999999999851,-1.8844221280619597
2024-09-04 07:40:00+00:00,2024-09-04 07:45:00+00:00,2024-09-04 07:55:00+00:00,London,2024-09-04,opening_followthrough_30m,opening_range_breakout,long,56840.01,56711.925,57096.18,56746.0,phase_end,3,1.0,0.0022534302861663847,-0.0016539405957177733,2.0,0.003,-0.004653940595717773,-0.7339657258851862,-2.06526939141979
2024-09-04 13:30:00+00:00,2024-09-04 13:35:00+00:00,2024-09-04 13:35:00+00:00,New_York,2024-09-04,opening_first_30m,value_area_bounce,long,56680.44,56567.455714285716,56906.408571428576,56567.455714285716,stop,1,1.0,0.001993355833410708,-0.0019933558334107593,2.0,0.003,-0.004993355833410759,-1.0000000000000258,-2.5049997344763764
2024-09-04 14:05:00+00:00,2024-09-04 14:10:00+00:00,2024-09-04 14:10:00+00:00,New_York,2024-09-04,opening_followthrough_30m,opening_range_breakout,long,56714.0,56521.033571428576,57099.932857142856,56521.033571428576,stop,1,0.7347651145832199,0.0025,-0.0024999999999999714,1.4695302291664398,0.0022042953437496596,-0.004704295343749631,-0.9999999999999886,-1.8817181374998524
2024-09-05 00:35:00+00:00,2024-09-05 00:40:00+00:00,2024-09-05 00:55:00+00:00,Tokyo,2024-09-05,opening_followthrough_30m,value_area_bounce,short,58123.08,58207.04785714286,57955.14428571429,57997.75,phase_end,4,1.0,0.0014446560151811871,0.0021562862807683603,2.0,0.003,-0.0008437137192316398,1.4925949555527385,-0.584023954744564
2024-09-05 13:30:00+00:00,2024-09-05 13:35:00+00:00,2024-09-05 13:35:00+00:00,New_York,2024-09-05,opening_first_30m,value_area_bounce,short,56643.05,56782.19,56364.770000000004,56782.19,stop,1,1.0,0.0024564355203330226,-0.0024564355203329225,2.0,0.003,-0.0054564355203329225,-0.9999999999999593,-2.2212818025010423
2024-09-05 14:10:00+00:00,2024-09-05 14:15:00+00:00,2024-09-05 14:15:00+00:00,New_York,2024-09-05,opening_followthrough_30m,value_area_bounce,short,56766.01,57010.295,56277.44,57010.295,stop,1,0.5809403974865428,0.0025,-0.002499999999999941,1.1618807949730856,0.0017428211924596284,-0.00424282119245957,-0.9999999999999765,-1.697128476983828
2024-09-06 00:30:00+00:00,2024-09-06 00:35:00+00:00,2024-09-06 00:50:00+00:00,Tokyo,2024-09-06,opening_followthrough_30m,opening_range_breakout,short,56150.01,56226.72571428572,55996.578571428574,55996.578571428574,target,4,1.0,0.001366263590793921,0.002732527181587785,2.0,0.003,-0.0002674728184122151,1.999999999999958,-0.19576955736395604
2024-09-06 13:35:00+00:00,2024-09-06 13:40:00+00:00,2024-09-06 13:55:00+00:00,New_York,2024-09-06,opening_first_30m,value_area_bounce,short,56270.84,56579.22928571428,55654.061428571425,55896.01,phase_end,4,0.4561672746644442,0.0025,0.003038610754033024,0.9123345493288884,0.0013685018239933326,0.0016701089300396915,1.2154443016132097,0.6680435720158766
2024-09-06 14:00:00+00:00,2024-09-06 14:05:00+00:00,2024-09-06 14:10:00+00:00,New_York,2024-09-06,opening_followthrough_30m,opening_range_breakout,short,55728.0,55980.709285714285,55222.58142857143,55222.58142857143,target,2,0.5513054243583134,0.0025,0.005000000000000035,1.1026108487166268,0.0016539162730749403,0.0033460837269250945,2.0000000000000138,1.3384334907700377
2024-09-09 07:30:00+00:00,2024-09-09 07:35:00+00:00,2024-09-09 07:55:00+00:00,London,2024-09-09,opening_followthrough_30m,value_area_bounce,long,54891.99,54808.44,55059.09,54974.01,phase_end,5,1.0,0.0015220799974640976,0.0014942070783006134,2.0,0.003,-0.0015057929216993867,0.9816876122083448,-0.9892994614002901
2024-09-09 15:00:00+00:00,2024-09-09 15:05:00+00:00,2024-09-09 15:25:00+00:00,London,2024-09-09,closing_last_30m,value_area_bounce,long,55067.18,54860.49071428571,55480.55857142857,55249.27,phase_end,5,0.6660623434071152,0.0025,0.0022024605601921525,1.3321246868142305,0.0019981870302213456,0.00020427352997080686,0.8809842240768609,0.08170941198832274
2024-09-10 07:45:00+00:00,2024-09-10 07:50:00+00:00,2024-09-10 07:50:00+00:00,London,2024-09-10,opening_followthrough_30m,opening_range_breakout,long,57282.76,57195.26928571429,57457.74142857143,57195.26928571429,stop,1,1.0,0.00152734809366229,-0.001527348093662284,2.0,0.003,-0.004527348093662284,-0.9999999999999961,-2.96418878738151
2024-09-10 14:05:00+00:00,2024-09-10 14:10:00+00:00,2024-09-10 14:10:00+00:00,New_York,2024-09-10,opening_followthrough_30m,value_area_bounce,long,56960.0,56761.877857142856,57356.24428571429,56761.877857142856,stop,1,0.7187485353551744,0.0025,-0.002499999999999987,1.4374970707103487,0.002156245606065523,-0.00465624560606551,-0.9999999999999948,-1.862498242426204
2024-09-11 13:30:00+00:00,2024-09-11 13:35:00+00:00,2024-09-11 13:50:00+00:00,New_York,2024-09-11,opening_first_30m,value_area_bounce,short,56420.0,56658.41785714286,55943.16428571429,55943.16428571429,target,4,0.5916083706577603,0.0025,0.0050000000000000235,1.1832167413155206,0.001774825111973281,0.0032251748880267423,2.0000000000000093,1.290069955210697
2024-09-12 00:40:00+00:00,2024-09-12 00:45:00+00:00,2024-09-12 00:45:00+00:00,Tokyo,2024-09-12,opening_followthrough_30m,opening_range_breakout,long,57889.38,57780.25928571428,58107.62142857142,57780.25928571428,stop,1,1.0,0.0018849867503454593,-0.0018849867503455409,2.0,0.003,-0.004884986750345541,-1.0000000000000433,-2.5915231231467675
2024-09-12 13:30:00+00:00,2024-09-12 13:35:00+00:00,2024-09-12 13:45:00+00:00,New_York,2024-09-12,opening_first_30m,value_area_bounce,long,57816.0,57669.813571428575,58108.37285714286,57669.813571428575,stop,3,0.9887374731873716,0.0025,-0.002499999999999995,1.9774749463747432,0.002966212419562115,-0.00546621241956211,-0.9999999999999979,-2.186484967824844
2024-09-12 14:00:00+00:00,2024-09-12 14:05:00+00:00,2024-09-12 14:15:00+00:00,New_York,2024-09-12,opening_followthrough_30m,value_area_bounce,long,57723.87,57556.69714285715,58058.21571428572,58058.21571428572,target,3,0.8632362781039334,0.0025,0.00500000000000001,1.7264725562078669,0.0025897088343118002,0.0024102911656882094,2.000000000000004,0.9641164662752838
2024-09-13 07:00:00+00:00,2024-09-13 07:05:00+00:00,2024-09-13 07:25:00+00:00,London,2024-09-13,opening_first_30m,value_area_bounce,long,57850.01,57797.63285714286,57954.764285714286,57954.764285714286,target,5,1.0,0.0009053955713602001,0.0018107911427203138,2.0,0.003,-0.0011892088572796862,1.9999999999999047,-1.313468825005523
2024-09-13 19:50:00+00:00,2024-09-13 19:55:00+00:00,2024-09-13 19:55:00+00:00,New_York,2024-09-13,closing_last_30m,value_area_bounce,short,59688.0,59794.262142857144,59475.47571428571,59743.99,phase_end,1,1.0,0.0017802932391291926,-0.0009380444980564562,2.0,0.003,-0.003938044498056456,-0.5269044882264949,-2.212020138874818
2024-09-16 07:30:00+00:00,2024-09-16 07:35:00+00:00,2024-09-16 07:35:00+00:00,London,2024-09-16,opening_followthrough_30m,opening_range_breakout,long,58921.07,58866.29357142857,59030.62285714286,58866.29357142857,stop,1,1.0,0.0009296577365521067,-0.0009296577365520697,2.0,0.003,-0.00392965773655207,-0.9999999999999603,-4.226994066790962
2024-09-16 13:50:00+00:00,2024-09-16 13:55:00+00:00,2024-09-16 13:55:00+00:00,New_York,2024-09-16,opening_first_30m,value_area_bounce,long,58483.71,58326.845,58797.439999999995,58497.1,phase_end,1,0.9320707296082646,0.0025,0.00021340005737425371,1.8641414592165293,0.002796212188824794,-0.0025828121314505404,0.08536002294970148,-1.0331248525802161
2024-09-17 00:35:00+00:00,2024-09-17 00:40:00+00:00,2024-09-17 00:45:00+00:00,Tokyo,2024-09-17,opening_followthrough_30m,value_area_bounce,short,58112.01,58193.71285714286,57948.60428571429,57948.60428571429,target,2,1.0,0.0014059547612078277,0.002811909522415612,2.0,0.003,-0.00018809047758438797,1.9999999999999691,-0.1337813155686483
2024-09-17 13:30:00+00:00,2024-09-17 13:35:00+00:00,2024-09-17 13:55:00+00:00,New_York,2024-09-17,opening_first_30m,value_area_bounce,short,59107.99,59228.94714285714,58866.07571428571,58966.0,phase_end,5,1.0,0.0020463755045154208,0.0024022133048340333,2.0,0.003,-0.0005977866951659668,1.1738868548482135,-0.292119747254071
2024-09-17 14:10:00+00:00,2024-09-17 14:15:00+00:00,2024-09-17 14:20:00+00:00,New_York,2024-09-17,opening_followthrough_30m,opening_range_breakout,long,59739.31,59560.317142857144,60097.29571428571,60097.29571428571,target,2,0.8343812003671354,0.0025,0.004999999999999927,1.6687624007342707,0.0025031436011014063,0.002496856398898521,1.999999999999971,0.9987425595594084
2024-09-18 00:40:00+00:00,2024-09-18 00:45:00+00:00,2024-09-18 00:55:00+00:00,Tokyo,2024-09-18,opening_followthrough_30m,value_area_bounce,long,60105.29,60009.46857142857,60296.93285714286,60240.0,phase_end,3,1.0,0.0015942262082327464,0.0022412336751058692,2.0,0.003,-0.0007587663248941308,1.405844204249002,-0.4759464629146004
2024-09-19 00:50:00+00:00,2024-09-19 00:55:00+00:00,2024-09-19 00:55:00+00:00,Tokyo,2024-09-19,opening_followthrough_30m,opening_range_breakout,long,62497.99,62272.47214285714,62949.025714285715,62272.47214285714,stop,1,0.6928275081162404,0.0025,-0.0024999999999999563,1.3856550162324808,0.002078482524348721,-0.004578482524348677,-0.9999999999999825,-1.8313930097394708
2024-09-19 07:10:00+00:00,2024-09-19 07:15:00+00:00,2024-09-19 07:15:00+00:00,London,2024-09-19,opening_first_30m,value_area_bounce,short,61966.0,62063.30642857143,61771.387142857144,62063.30642857143,stop,1,1.0,0.0015703196683895704,-0.0015703196683896081,2.0,0.003,-0.004570319668389608,-1.000000000000024,-2.91043904014567
2024-09-19 07:30:00+00:00,2024-09-19 07:35:00+00:00,2024-09-19 07:40:00+00:00,London,2024-09-19,opening_followthrough_30m,value_area_bounce,short,62014.0,62108.04142857143,61825.91714285714,62108.04142857143,stop,2,1.0,0.0015164548097434155,-0.0015164548097434949,2.0,0.003,-0.004516454809743495,-1.0000000000000524,-2.978298318370384
2024-09-20 07:45:00+00:00,2024-09-20 07:50:00+00:00,2024-09-20 07:55:00+00:00,London,2024-09-20,opening_followthrough_30m,value_area_bounce,long,63568.0,63470.022142857146,63763.955714285716,63524.8,phase_end,2,1.0,0.001541307845816398,-0.0006795872136923231,2.0,0.003,-0.003679587213692323,-0.4409159503968918,-2.3873149180936815
2024-09-20 14:10:00+00:00,2024-09-20 14:15:00+00:00,2024-09-20 14:15:00+00:00,New_York,2024-09-20,opening_followthrough_30m,opening_range_breakout,short,62616.91,62795.47142857143,62259.787142857145,62795.47142857143,stop,1,0.8766858344067292,0.0025,-0.0024999999999999927,1.7533716688134584,0.0026300575032201876,-0.00513005750322018,-0.999999999999997,-2.052023001288072
2024-09-23 13:30:00+00:00,2024-09-23 13:35:00+00:00,2024-09-23 13:35:00+00:00,New_York,2024-09-23,opening_first_30m,value_area_bounce,long,63328.01,63210.91714285714,63562.19571428571,63210.91714285714,stop,1,1.0,0.0018489899989413345,-0.0018489899989413416,2.0,0.003,-0.004848989998941342,-1.0000000000000038,-2.6225074239004535
2024-09-23 14:00:00+00:00,2024-09-23 14:05:00+00:00,2024-09-23 14:10:00+00:00,New_York,2024-09-23,opening_followthrough_30m,value_area_bounce,long,63250.61,63091.077142857146,63569.67571428572,63569.67571428572,target,2,0.9911846865401668,0.0025,0.005000000000000141,1.9823693730803336,0.0029735540596205006,0.00202644594037964,2.0000000000000564,0.810578376151856
2024-09-24 00:05:00+00:00,2024-09-24 00:10:00+00:00,2024-09-24 00:15:00+00:00,Tokyo,2024-09-24,opening_first_30m,value_area_bounce,short,63232.0,63313.275,63069.450000000004,63313.275,stop,2,1.0,0.0012853460273279172,-0.0012853460273278827,2.0,0.003,-0.004285346027327883,-0.9999999999999731,-3.3340018455859797
2024-09-24 00:35:00+00:00,2024-09-24 00:40:00+00:00,2024-09-24 00:40:00+00:00,Tokyo,2024-09-24,opening_followthrough_30m,opening_range_breakout,short,63113.97,63201.35,62939.21000000001,63201.35,stop,1,1.0,0.0013844795375730352,-0.0013844795375730357,2.0,0.003,-0.004384479537573036,-1.0000000000000002,-3.166879262989282
2024-09-24 05:30:00+00:00,2024-09-24 05:35:00+00:00,2024-09-24 05:50:00+00:00,Tokyo,2024-09-24,closing_last_30m,value_area_bounce,short,63153.57,63215.671428571426,63029.36714285714,63215.671428571426,stop,4,1.0,0.0009833399532509159,-0.0009833399532508391,2.0,0.003,-0.003983339953250839,-0.999999999999922,-4.050826919095417
2024-09-25 00:30:00+00:00,2024-09-25 00:35:00+00:00,2024-09-25 00:40:00+00:00,Tokyo,2024-09-25,opening_followthrough_30m,value_area_bounce,long,64270.0,64189.51928571429,64430.96142857143,64430.96142857143,target,2,1.0,0.0012522283224788073,0.0025044566449576866,2.0,0.003,-0.0004955433550423135,2.0000000000000573,-0.3957292341554589
2024-09-25 07:20:00+00:00,2024-09-25 07:25:00+00:00,2024-09-25 07:25:00+00:00,London,2024-09-25,opening_first_30m,value_area_bounce,long,63800.54,63705.41,63990.8,63825.99,phase_end,1,1.0,0.0014910532105214072,0.0003988994450516703,2.0,0.003,-0.0026011005549483298,0.2675286450120576,-1.7444719857038165
2024-09-25 13:45:00+00:00,2024-09-25 13:50:00+00:00,2024-09-25 13:55:00+00:00,New_York,2024-09-25,opening_first_30m,value_area_bounce,long,63647.95,63521.04285714286,63901.76428571428,63761.34,phase_end,2,1.0,0.001993892071262973,0.0017815184935257022,2.0,0.003,-0.0012184815064742978,0.8934879270557764,-0.6111070524005274
2024-09-26 00:45:00+00:00,2024-09-26 00:50:00+00:00,2024-09-26 00:50:00+00:00,Tokyo,2024-09-26,opening_followthrough_30m,opening_range_breakout,short,62853.92,62967.264285714286,62627.23142857143,62967.264285714286,stop,1,1.0,0.001803297005410087,-0.0018032970054100428,2.0,0.003,-0.004803297005410043,-0.9999999999999755,-2.663619465345769
2024-09-26 07:45:00+00:00,2024-09-26 07:50:00+00:00,2024-09-26 07:55:00+00:00,London,2024-09-26,opening_followthrough_30m,opening_range_breakout,long,63864.13,63803.78785714285,63984.81428571428,63852.07,phase_end,2,1.0,0.0009448518731429277,-0.00018883839801775437,2.0,0.003,-0.0031888383980177544,-0.19986032031625003,-3.374961185620023
2024-09-26 14:00:00+00:00,2024-09-26 14:05:00+00:00,2024-09-26 14:10:00+00:00,New_York,2024-09-26,opening_followthrough_30m,opening_range_breakout,long,64559.0,64430.00785714286,64816.98428571429,64816.98428571429,target,2,1.0,0.001998050509721987,0.003996101019444032,2.0,0.003,0.0009961010194440316,2.000000000000029,0.4985364557088354
2024-09-27 00:40:00+00:00,2024-09-27 00:45:00+00:00,2024-09-27 00:55:00+00:00,Tokyo,2024-09-27,opening_followthrough_30m,opening_range_breakout,long,65205.8,65108.71571428572,65399.96857142857,65241.98,phase_end,3,1.0,0.0014888903397287543,0.0005548586168715453,2.0,0.003,-0.002445141383128455,0.3726658720699533,-1.6422575376329664
2024-09-27 07:30:00+00:00,2024-09-27 07:35:00+00:00,2024-09-27 07:55:00+00:00,London,2024-09-27,opening_followthrough_30m,value_area_bounce,short,65431.93,65536.65285714286,65222.48428571429,65460.02,phase_end,5,1.0,0.0016004855296620065,-0.0004293011072729058,2.0,0.003,-0.003429301107272906,-0.26823179548743964,-2.1426629880228356
2024-09-27 14:00:00+00:00,2024-09-27 14:05:00+00:00,2024-09-27 14:10:00+00:00,New_York,2024-09-27,opening_followthrough_30m,opening_range_breakout,long,65841.99,65702.57500000001,66120.82,66120.82,target,2,1.0,0.002117417775495528,0.004234835550991134,2.0,0.003,0.001234835550991134,2.000000000000037,0.5831799304235802
2024-09-30 00:05:00+00:00,2024-09-30 00:10:00+00:00,2024-09-30 00:15:00+00:00,Tokyo,2024-09-30,opening_first_30m,value_area_bounce,long,65546.01,65463.08785714285,65711.85428571429,65463.08785714285,stop,2,1.0,0.0012650982547548532,-0.0012650982547548484,2.0,0.003,-0.0042650982547548484,-0.9999999999999962,-3.3713573145204645
2024-09-30 00:30:00+00:00,2024-09-30 00:35:00+00:00,2024-09-30 00:35:00+00:00,Tokyo,2024-09-30,opening_followthrough_30m,opening_range_breakout,short,65122.14,65231.85928571429,64902.701428571425,65231.85928571429,stop,1,1.0,0.0016848230987846415,-0.0016848230987847046,2.0,0.003,-0.004684823098784705,-1.0000000000000375,-2.7806023683816616
2024-09-30 19:35:00+00:00,2024-09-30 19:40:00+00:00,2024-09-30 19:55:00+00:00,New_York,2024-09-30,closing_last_30m,value_area_bounce,long,63467.99,63338.13642857142,63727.69714285714,63488.0,phase_end,4,1.0,0.0020459694946786916,0.00031527703965417153,2.0,0.003,-0.0026847229603458285,0.15409664732253697,-1.3122008746115004
2024-10-01 07:35:00+00:00,2024-10-01 07:40:00+00:00,2024-10-01 07:45:00+00:00,London,2024-10-01,opening_followthrough_30m,opening_range_breakout,long,64118.01,64044.63214285715,64264.76571428571,64044.63214285715,stop,2,1.0,0.00114441881684814,-0.001144418816848125,2.0,0.003,-0.004144418816848125,-0.9999999999999869,-3.621417924831337
2024-10-01 13:45:00+00:00,2024-10-01 13:50:00+00:00,2024-10-01 13:50:00+00:00,New_York,2024-10-01,opening_first_30m,value_area_bounce,long,62781.4,62621.194285714286,63101.81142857143,62621.194285714286,stop,1,0.9796997610215449,0.0025,-0.0025000000000000772,1.9593995220430898,0.002939099283064635,-0.005439099283064712,-1.0000000000000309,-2.1756397132258845
2024-10-01 14:10:00+00:00,2024-10-01 14:15:00+00:00,2024-10-01 14:25:00+00:00,New_York,2024-10-01,opening_followthrough_30m,value_area_bounce,long,62710.01,62487.055714285714,63155.91857142857,62808.76,phase_end,3,0.7031711657738934,0.0025,0.00110728977112542,1.4063423315477868,0.0021095134973216803,-0.0010022237261962602,0.442915908450168,-0.4008894904785041
2024-10-02 07:30:00+00:00,2024-10-02 07:35:00+00:00,2024-10-02 07:55:00+00:00,London,2024-10-02,opening_followthrough_30m,opening_range_breakout,long,61819.99,61733.084285714285,61993.80142857142,61733.084285714285,stop,5,1.0,0.0014057866118340244,-0.0014057866118339923,2.0,0.003,-0.004405786611833992,-0.9999999999999771,-3.1340365420652945
2024-10-02 13:45:00+00:00,2024-10-02 13:50:00+00:00,2024-10-02 13:55:00+00:00,New_York,2024-10-02,opening_first_30m,value_area_bounce,long,61187.98,60980.82000000001,61602.3,61350.0,phase_end,2,0.7384145105232677,0.0025,0.001955251979146568,1.4768290210465354,0.002215243531569803,-0.000259991552423235,0.7821007916586271,-0.10399662096929399
2024-10-02 14:15:00+00:00,2024-10-02 14:20:00+00:00,2024-10-02 14:20:00+00:00,New_York,2024-10-02,opening_followthrough_30m,opening_range_breakout,long,61631.32,61373.15714285714,62147.64571428571,61373.15714285714,stop,1,0.5968259791715088,0.0025,-0.002500000000000038,1.1936519583430176,0.0017904779375145265,-0.004290477937514565,-1.0000000000000153,-1.716191175005826
2024-10-03 00:30:00+00:00,2024-10-03 00:35:00+00:00,2024-10-03 00:55:00+00:00,Tokyo,2024-10-03,opening_followthrough_30m,opening_range_breakout,long,60954.0,60824.647142857146,61212.705714285716,60988.01,phase_end,5,1.0,0.0021221389431843158,0.0005579617416413551,2.0,0.003,-0.002442038258358645,0.26292422719698144,-1.150743812605556
2024-10-03 05:40:00+00:00,2024-10-03 05:45:00+00:00,2024-10-03 05:50:00+00:00,Tokyo,2024-10-03,closing_last_30m,value_area_bounce,long,61213.74,61147.41428571429,61346.39142857143,61147.41428571429,stop,2,1.0,0.001083510242728407,-0.0010835102427283472,2.0,0.003,-0.004083510242728347,-0.9999999999999447,-3.7687786249676654
2024-10-03 07:05:00+00:00,2024-10-03 07:10:00+00:00,2024-10-03 07:25:00+00:00,London,2024-10-03,opening_first_30m,value_area_bounce,short,61258.13,61328.04571428571,61118.29857142857,61212.01,phase_end,4,1.0,0.0011413295555335148,0.0007528796585856146,2.0,0.003,-0.0022471203414143855,0.6596514170122237,-1.968861956233113
2024-10-04 00:50:00+00:00,2024-10-04 00:55:00+00:00,2024-10-04 00:55:00+00:00,Tokyo,2024-10-04,opening_followthrough_30m,opening_range_breakout,short,60487.34,60586.66785714285,60288.684285714284,60504.01,phase_end,1,1.0,0.001642126387816961,-0.0002755948600154934,2.0,0.003,-0.0032755948600154934,-0.1678280442115473,-1.9947276192121006
2024-10-04 07:10:00+00:00,2024-10-04 07:15:00+00:00,2024-10-04 07:25:00+00:00,London,2024-10-04,opening_first_30m,value_area_bounce,long,61188.0,61106.195,61351.61,61351.61,target,3,1.0,0.0013369451526443056,0.0026738903052885288,2.0,0.003,-0.0003261096947114713,1.9999999999999383,-0.2439215206895124
2024-10-04 07:40:00+00:00,2024-10-04 07:45:00+00:00,2024-10-04 07:55:00+00:00,London,2024-10-04,opening_followthrough_30m,opening_range_breakout,long,61409.12,61333.07785714286,61561.20428571429,61443.64,phase_end,3,1.0,0.0012382874539993917,0.0005621314879613593,2.0,0.003,-0.002437868512038641,0.453958801040744,-1.9687419945707036
2024-10-07 00:35:00+00:00,2024-10-07 00:40:00+00:00,2024-10-07 00:45:00+00:00,Tokyo,2024-10-07,opening_followthrough_30m,opening_range_breakout,long,63213.89,63082.872142857144,63475.92571428571,63475.92571428571,target,2,1.0,0.0020726118443724333,0.004145223688744926,2.0,0.003,0.0011452236887449256,2.0000000000000284,0.552550971786851
2024-10-07 06:00:00+00:00,2024-10-07 06:05:00+00:00,2024-10-07 06:15:00+00:00,Tokyo,2024-10-07,after_close_30m,value_area_bounce,long,63407.38,63339.89428571428,63542.35142857143,63542.35142857143,target,3,1.0,0.0010643195521674916,0.0021286391043349173,2.0,0.003,-0.0008713608956650827,1.999999999999938,-0.8187023285352151
2024-10-07 07:35:00+00:00,2024-10-07 07:40:00+00:00,2024-10-07 07:50:00+00:00,London,2024-10-07,opening_followthrough_30m,opening_range_breakout,short,63479.91,63544.377857142856,63350.97428571429,63544.377857142856,stop,3,1.0,0.001015563146558585,-0.0010155631465584847,2.0,0.003,-0.004015563146558485,-0.9999999999999012,-3.954026059498052
2024-10-07 14:00:00+00:00,2024-10-07 14:05:00+00:00,2024-10-07 14:15:00+00:00,New_York,2024-10-07,opening_followthrough_30m,opening_range_breakout,long,63620.0,63465.94714285714,63928.10571428571,63928.10571428571,target,3,1.0,0.0024214532716575914,0.004842906543315095,2.0,0.003,0.0018429065433150952,1.9999999999999638,0.7610745847899615
2024-10-07 19:30:00+00:00,2024-10-07 19:35:00+00:00,2024-10-07 19:55:00+00:00,New_York,2024-10-07,closing_last_30m,value_area_bounce,long,63335.89,63148.26357142857,63711.142857142855,63382.0,phase_end,5,0.8439094972152121,0.0025,0.0006143857284803131,1.6878189944304243,0.0025317284916456365,-0.0019173427631653233,0.24575429139212526,-0.7669371052661293
2024-10-08 07:30:00+00:00,2024-10-08 07:35:00+00:00,2024-10-08 07:55:00+00:00,London,2024-10-08,opening_followthrough_30m,value_area_bounce,long,62255.55,62140.711428571434,62485.22714285715,62319.99,phase_end,5,1.0,0.001844631867015411,0.001035088437898235,2.0,0.003,-0.001964911562101765,0.5611355069849215,-1.06520525706897
2024-10-08 14:10:00+00:00,2024-10-08 14:15:00+00:00,2024-10-08 14:25:00+00:00,New_York,2024-10-08,opening_followthrough_30m,value_area_bounce,short,62656.0,62843.037142857145,62281.92571428572,62368.01,phase_end,3,0.8374807142966265,0.0025,0.003849369109267792,1.674961428593253,0.0025124421428898798,0.0013369269663779122,1.5397476437071167,0.5347707865511648
2024-10-09 00:35:00+00:00,2024-10-09 00:40:00+00:00,2024-10-09 00:45:00+00:00,Tokyo,2024-10-09,opening_followthrough_30m,opening_range_breakout,short,62025.99,62118.43,61841.11,62118.43,stop,2,1.0,0.0014903429997651027,-0.0014903429997650264,2.0,0.003,-0.0044903429997650264,-0.9999999999999488,-3.0129594331457676
2024-10-09 13:35:00+00:00,2024-10-09 13:40:00+00:00,2024-10-09 13:40:00+00:00,New_York,2024-10-09,opening_first_30m,value_area_bounce,long,61944.01,61800.95857142857,62230.112857142856,61800.95857142857,stop,1,1.0,0.0023093666130337485,-0.0023093666130338253,2.0,0.003,-0.005309366613033825,-1.0000000000000333,-2.2990574918111695
2024-10-09 15:05:00+00:00,2024-10-09 15:10:00+00:00,2024-10-09 15:20:00+00:00,London,2024-10-09,closing_last_30m,value_area_bounce,long,61975.18,61846.18142857143,62233.177142857145,62233.177142857145,target,3,1.0,0.00208145537340225,0.004162910746804416,2.0,0.003,0.0011629107468044157,1.9999999999999596,0.5587007829543691
2024-10-10 06:00:00+00:00,2024-10-10 06:05:00+00:00,2024-10-10 06:05:00+00:00,Tokyo,2024-10-10,after_close_30m,value_area_bounce,short,60909.34,60954.40714285714,60819.20571428571,60954.40714285714,stop,1,1.0,0.0007399052896837093,-0.0007399052896837066,2.0,0.003,-0.0037399052896837067,-0.9999999999999963,-5.05457298633778
2024-10-10 15:10:00+00:00,2024-10-10 15:15:00+00:00,2024-10-10 15:20:00+00:00,London,2024-10-10,closing_last_30m,value_area_bounce,long,60748.0,60611.92357142857,61020.15285714286,60611.92357142857,stop,2,1.0,0.002240014956400689,-0.0022400149564006933,2.0,0.003,-0.005240014956400693,-1.000000000000002,-2.3392767719821292
2024-10-11 07:20:00+00:00,2024-10-11 07:25:00+00:00,2024-10-11 07:25:00+00:00,London,2024-10-11,opening_first_30m,value_area_bounce,short,60791.51,60855.73357142857,60663.06285714285,60803.77,phase_end,1,1.0,0.0010564562622078773,-0.00020167289807404565,2.0,0.003,-0.0032016728980740457,-0.19089564356651312,-3.030577802987226
2024-10-11 07:40:00+00:00,2024-10-11 07:45:00+00:00,2024-10-11 07:55:00+00:00,London,2024-10-11,opening_followthrough_30m,opening_range_breakout,short,60738.08,60800.02785714286,60614.184285714284,60674.69,phase_end,3,1.0,0.0010199179352205067,0.001043661571126342,2.0,0.003,-0.001956338428873658,1.0232799474211638,-1.9181331765194392
2024-10-11 19:30:00+00:00,2024-10-11 19:35:00+00:00,2024-10-11 19:40:00+00:00,New_York,2024-10-11,closing_last_30m,value_area_bounce,short,62819.48,62956.525,62545.39000000001,62956.525,stop,2,1.0,0.0021815685198285596,-0.002181568519828536,2.0,0.003,-0.005181568519828536,-0.9999999999999892,-2.3751573570724855
2024-10-14 07:45:00+00:00,2024-10-14 07:50:00+00:00,2024-10-14 07:55:00+00:00,London,2024-10-14,opening_followthrough_30m,opening_range_breakout,long,64465.6,64349.81571428571,64697.16857142857,64620.87,phase_end,2,1.0,0.0017960631051954213,0.002408571393115233,2.0,0.003,-0.000591428606884767,1.3410282668509956,-0.32929166306793906
2024-10-14 14:05:00+00:00,2024-10-14 14:10:00+00:00,2024-10-14 14:20:00+00:00,New_York,2024-10-14,opening_followthrough_30m,opening_range_breakout,long,65370.0,65193.432857142856,65723.13428571429,65723.13428571429,target,3,0.9255685817616897,0.0025,0.005000000000000056,1.8511371635233793,0.002776705745285069,0.0022232942547149867,2.000000000000022,0.8893177018859947
2024-10-14 15:00:00+00:00,2024-10-14 15:05:00+00:00,2024-10-14 15:20:00+00:00,London,2024-10-14,closing_last_30m,value_area_bounce,short,65862.0,66107.81714285715,65370.36571428571,66107.81714285715,stop,4,0.66982716537263,0.0025,-0.0025000000000000803,1.33965433074526,0.00200948149611789,-0.004509481496117971,-1.0000000000000322,-1.803792598447188
2024-10-14 20:00:00+00:00,2024-10-14 20:05:00+00:00,2024-10-14 20:05:00+00:00,New_York,2024-10-14,after_close_30m,value_area_bounce,short,65830.0,65951.14857142858,65587.70285714285,65951.14857142858,stop,1,1.0,0.0018403246457325637,-0.0018403246457325828,2.0,0.003,-0.004840324645732583,-1.0000000000000104,-2.6301471628696427
2024-10-15 00:40:00+00:00,2024-10-15 00:45:00+00:00,2024-10-15 00:55:00+00:00,Tokyo,2024-10-15,opening_followthrough_30m,opening_range_breakout,short,65909.74,66028.02071428573,65673.17857142858,65929.99,phase_end,3,1.0,0.001794586267306073,-0.000307238353542294,2.0,0.003,-0.003307238353542294,-0.17120288901101538,-1.8428973930057568
2024-10-15 14:15:00+00:00,2024-10-15 14:20:00+00:00,2024-10-15 14:25:00+00:00,New_York,2024-10-15,opening_followthrough_30m,value_area_bounce,short,67062.01,67355.21928571428,66475.59142857142,66800.02,phase_end,2,0.5717930269212863,0.0025,0.002233813974903251,1.1435860538425726,0.0017153790807638589,0.000518434894139392,0.8935255899613004,0.20737395765575678
2024-10-16 05:35:00+00:00,2024-10-16 05:40:00+00:00,2024-10-16 05:55:00+00:00,Tokyo,2024-10-16,closing_last_30m,value_area_bounce,long,67242.64,67154.53928571429,67418.84142857142,67218.74,phase_end,4,1.0,0.0013101911865107552,-0.00035542923359332956,2.0,0.003,-0.0033554292335933296,-0.27128043391887974,-2.5610225958925614
2024-10-16 13:30:00+00:00,2024-10-16 13:35:00+00:00,2024-10-16 13:35:00+00:00,New_York,2024-10-16,opening_first_30m,value_area_bounce,long,67878.99,67741.90000000001,68153.17,67741.90000000001,stop,1,1.0,0.0020196234504962223,-0.002019623450496222,2.0,0.003,-0.005019623450496222,-0.9999999999999998,-2.4854254139616465
2024-10-16 14:00:00+00:00,2024-10-16 14:05:00+00:00,2024-10-16 14:15:00+00:00,New_York,2024-10-16,opening_followthrough_30m,value_area_bounce,long,67642.0,67421.40285714286,68083.19428571429,68083.19428571429,target,3,0.7665783781683518,0.0025,0.004999999999999967,1.5331567563367037,0.0022997351345050558,0.0027002648654949114,1.999999999999987,1.0801059461979645
2024-10-17 00:05:00+00:00,2024-10-17 00:10:00+00:00,2024-10-17 00:15:00+00:00,Tokyo,2024-10-17,opening_first_30m,value_area_bounce,short,67721.75,67791.46357142857,67582.32285714286,67582.32285714286,target,2,1.0,0.0010294118422599788,0.002058823684519928,2.0,0.003,-0.0009411763154800719,1.9999999999999714,-0.9142854947285297
2024-10-17 00:30:00+00:00,2024-10-17 00:35:00+00:00,2024-10-17 00:45:00+00:00,Tokyo,2024-10-17,opening_followthrough_30m,opening_range_breakout,long,67910.0,67825.50785714286,68078.98428571428,67825.50785714286,stop,3,1.0,0.0012441782190714594,-0.0012441782190714124,2.0,0.003,-0.004244178219071412,-0.9999999999999621,-3.411230122834716
2024-10-17 13:35:00+00:00,2024-10-17 13:40:00+00:00,2024-10-17 13:40:00+00:00,New_York,2024-10-17,opening_first_30m,value_area_bounce,long,66907.97,66777.32142857143,67169.26714285715,67169.26714285715,target,1,1.0,0.0019526608179649084,0.003905321635929937,2.0,0.003,0.0009053216359299369,2.0000000000000617,0.46363486561556366
2024-10-17 14:10:00+00:00,2024-10-17 14:15:00+00:00,2024-10-17 14:25:00+00:00,New_York,2024-10-17,opening_followthrough_30m,value_area_bounce,long,67004.0,66816.72214285714,67378.55571428571,66816.72214285714,stop,3,0.894446372654831,0.0025,-0.0025000000000000525,1.788892745309662,0.002683339117964493,-0.005183339117964546,-1.000000000000021,-2.073335647185818
2024-10-18 07:10:00+00:00,2024-10-18 07:15:00+00:00,2024-10-18 07:15:00+00:00,London,2024-10-18,opening_first_30m,value_area_bounce,short,67950.0,68059.25857142857,67731.48285714287,68059.25857142857,stop,1,1.0,0.0016079259960054308,-0.0016079259960053438,2.0,0.003,-0.004607925996005344,-0.9999999999999459,-2.8657575084007663
2024-10-18 07:30:00+00:00,2024-10-18 07:35:00+00:00,2024-10-18 07:55:00+00:00,London,2024-10-18,opening_followthrough_30m,value_area_bounce,short,67992.0,68118.5,67739.0,67969.7,phase_end,5,1.0,0.0018605130015295613,0.0003279797623250147,2.0,0.003,-0.0026720202376749854,0.176284584980259,-1.4361739130434827
2024-10-18 13:30:00+00:00,2024-10-18 13:35:00+00:00,2024-10-18 13:35:00+00:00,New_York,2024-10-18,opening_first_30m,value_area_bounce,short,67766.0,67843.65785714285,67610.68428571429,67843.65785714285,stop,1,1.0,0.001145970798672735,-0.0011459707986727352,2.0,0.003,-0.004145970798672735,-1.0000000000000002,-3.617867753239964
2024-10-21 15:40:00+00:00,2024-10-21 15:45:00+00:00,2024-10-21 15:55:00+00:00,London,2024-10-21,after_close_30m,value_area_bounce,long,66930.01,66743.6507142857,67302.72857142857,67302.72857142857,target,3,0.8978625581154586,0.0025,0.00499999999999997,1.7957251162309171,0.002693587674346376,0.002306412325653594,1.9999999999999878,0.9225649302614375
2024-10-22 07:50:00+00:00,2024-10-22 07:55:00+00:00,2024-10-22 07:55:00+00:00,London,2024-10-22,opening_followthrough_30m,opening_range_breakout,short,67389.75,67456.05142857143,67257.14714285714,67402.0,phase_end,1,1.0,0.0009838503418016637,-0.00018177838617883246,2.0,0.003,-0.0031817783861788325,-0.18476223309121698,-3.234006485531367
2024-10-22 13:30:00+00:00,2024-10-22 13:35:00+00:00,2024-10-22 13:35:00+00:00,New_York,2024-10-22,opening_first_30m,value_area_bounce,short,66832.7,66966.355,66565.39,66966.355,stop,1,1.0,0.0019998443875528134,-0.0019998443875528515,2.0,0.003,-0.004999844387552852,-1.000000000000019,-2.5001167184168285
2024-10-22 14:05:00+00:00,2024-10-22 14:10:00+00:00,2024-10-22 14:25:00+00:00,New_York,2024-10-22,opening_followthrough_30m,opening_range_breakout,long,67282.42,67084.16714285714,67678.92571428571,67084.16714285714,stop,4,0.8484419968726782,0.0025,-0.0024999999999999276,1.6968839937453564,0.0025453259906180344,-0.0050453259906179625,-0.999999999999971,-2.018130396247185
2024-10-23 14:05:00+00:00,2024-10-23 14:10:00+00:00,2024-10-23 14:10:00+00:00,New_York,2024-10-23,opening_followthrough_30m,value_area_bounce,short,66532.01,66660.96428571428,66274.10142857142,66660.96428571428,stop,1,1.0,0.0019382292180002644,-0.0019382292180001315,2.0,0.003,-0.0049382292180001315,-0.9999999999999314,-2.547804548677203
2024-10-24 00:40:00+00:00,2024-10-24 00:45:00+00:00,2024-10-24 00:45:00+00:00,Tokyo,2024-10-24,opening_followthrough_30m,opening_range_breakout,long,66769.91,66693.585,66922.56,66922.56,target,1,1.0,0.0011431047308585434,0.0022862094617170925,2.0,0.003,-0.0007137905382829076,2.000000000000005,-0.6244314444808623
2024-10-24 06:05:00+00:00,2024-10-24 06:10:00+00:00,2024-10-24 06:20:00+00:00,Tokyo,2024-10-24,after_close_30m,value_area_bounce,short,67411.45,67464.01428571428,67306.32142857143,67464.01428571428,stop,3,1.0,0.0007797530792511247,-0.0007797530792510443,2.0,0.003,-0.0037797530792510444,-0.999999999999897,-4.847371789645411
2024-10-24 14:15:00+00:00,2024-10-24 14:20:00+00:00,2024-10-24 14:25:00+00:00,New_York,2024-10-24,opening_followthrough_30m,value_area_bounce,short,67567.44,67750.575,67201.17,67750.575,stop,2,0.9223720206405114,0.0025,-0.0024999999999998405,1.8447440412810228,0.0027671160619215343,-0.005267116061921375,-0.9999999999999362,-2.1068464247685497
2024-10-25 00:30:00+00:00,2024-10-25 00:35:00+00:00,2024-10-25 00:55:00+00:00,Tokyo,2024-10-25,opening_followthrough_30m,opening_range_breakout,short,68014.0,68097.76214285714,67846.47571428571,67989.27,phase_end,5,1.0,0.00123154266558567,0.0003636016114328955,2.0,0.003,-0.0026363983885671046,0.2952407753246468,-2.1407284231710673
2024-10-25 05:35:00+00:00,2024-10-25 05:40:00+00:00,2024-10-25 05:50:00+00:00,Tokyo,2024-10-25,closing_last_30m,value_area_bounce,long,67828.49,67767.07714285715,67951.31571428572,67767.07714285715,stop,3,1.0,0.0009054138923460937,-0.0009054138923461075,2.0,0.003,-0.0039054138923461075,-1.000000000000015,-4.3134017771987825
2024-10-25 07:00:00+00:00,2024-10-25 07:05:00+00:00,2024-10-25 07:10:00+00:00,London,2024-10-25,opening_first_30m,value_area_bounce,long,67707.86,67646.06857142856,67831.44285714286,67646.06857142856,stop,2,1.0,0.0009126182480354378,-0.0009126182480355682,2.0,0.003,-0.003912618248035568,-1.000000000000143,-4.287245248994449
2024-10-28 00:40:00+00:00,2024-10-28 00:45:00+00:00,2024-10-28 00:55:00+00:00,Tokyo,2024-10-28,opening_followthrough_30m,opening_range_breakout,short,67886.01,67963.30071428571,67731.42857142857,67859.91,phase_end,3,1.0,0.0011385367071317604,0.000384468022203599,2.0,0.003,-0.002615531977796401,0.33768610163844753,-2.2972750561424906
2024-10-28 14:05:00+00:00,2024-10-28 14:10:00+00:00,2024-10-28 14:25:00+00:00,New_York,2024-10-28,opening_followthrough_30m,value_area_bounce,long,68960.63,68759.62714285715,69362.63571428572,68810.74,phase_end,4,0.857707086608579,0.0025,-0.0018642769825589155,1.715414173217158,0.002573121259825737,-0.004437398242384653,-0.7457107930235662,-1.774959296953861
2024-10-28 16:50:00+00:00,2024-10-28 16:55:00+00:00,2024-10-28 16:55:00+00:00,London,2024-10-28,after_close_30m,value_area_bounce,long,68830.87,68679.53142857143,69133.54714285715,68709.27,phase_end,1,1.0,0.002198701998515678,-0.001766649179357871,2.0,0.003,-0.004766649179357871,-0.8034964176821225,-2.167937802656198
2024-10-29 13:35:00+00:00,2024-10-29 13:40:00+00:00,2024-10-29 13:50:00+00:00,New_York,2024-10-29,opening_first_30m,value_area_bounce,long,71378.0,71254.14357142858,71625.71285714286,71625.71285714286,target,3,1.0,0.0017352185347225889,0.0034704370694451647,2.0,0.003,0.00047043706944516466,1.9999999999999925,0.27111113674242415
2024-10-29 19:30:00+00:00,2024-10-29 19:35:00+00:00,2024-10-29 19:35:00+00:00,New_York,2024-10-29,closing_last_30m,value_area_bounce,short,72692.23,72937.74571428572,72201.19857142857,72937.74571428572,stop,1,0.7401993616934612,0.0025,-0.0025000000000000183,1.4803987233869225,0.0022205980850803836,-0.004720598085080402,-1.0000000000000073,-1.8882392340321608
2024-10-30 00:00:00+00:00,2024-10-30 00:05:00+00:00,2024-10-30 00:25:00+00:00,Tokyo,2024-10-30,opening_first_30m,value_area_bounce,short,72660.38,72796.70214285715,72387.73571428572,72453.47,phase_end,5,1.0,0.0018761551048472986,0.002847631680428897,2.0,0.003,-0.00015236831957110303,1.5178018454186748,-0.08121307197759878
2024-10-30 14:05:00+00:00,2024-10-30 14:10:00+00:00,2024-10-30 14:25:00+00:00,New_York,2024-10-30,opening_followthrough_30m,opening_range_breakout,long,72171.22,71990.95071428572,72531.75857142857,72166.31,phase_end,4,1.0,0.002497800171789862,-6.803265900179323e-05,2.0,0.003,-0.0030680326590017933,-0.027237030315776904,-1.2282938778098156
2024-10-30 20:00:00+00:00,2024-10-30 20:05:00+00:00,2024-10-30 20:05:00+00:00,New_York,2024-10-30,after_close_30m,value_area_bounce,long,72370.0,72218.61928571429,72672.76142857142,72218.61928571429,stop,1,1.0,0.0020917605953532314,-0.0020917605953532092,2.0,0.003,-0.005091760595353209,-0.9999999999999895,-2.434198543879432
2024-10-31 08:10:00+00:00,2024-10-31 08:15:00+00:00,2024-10-31 08:25:00+00:00,London,2024-10-31,opening_first_30m,value_area_bounce,short,72316.0,72381.14142857143,72185.71714285715,72185.71714285715,target,3,1.0,0.000900788602403732,0.0018015772048074474,2.0,0.003,-0.0011984227951925526,1.9999999999999818,-1.330415140682943
2024-10-31 08:35:00+00:00,2024-10-31 08:40:00+00:00,2024-10-31 08:55:00+00:00,London,2024-10-31,opening_followthrough_30m,value_area_bounce,long,72202.01,72139.34571428571,72327.33857142857,72276.05,phase_end,4,1.0,0.000867902233113537,0.0010254562165237235,2.0,0.003,-0.0019745437834762765,1.1815342528212802,-2.2750762794937653
2024-10-31 14:00:00+00:00,2024-10-31 14:05:00+00:00,2024-10-31 14:05:00+00:00,New_York,2024-10-31,opening_followthrough_30m,opening_range_breakout,short,70878.0,71076.36428571428,70481.27142857143,71076.36428571428,stop,1,0.8932807605055615,0.0025,-0.0024999999999999523,1.786561521011123,0.0026798422815166845,-0.005179842281516637,-0.9999999999999809,-2.0719369126066547
2024-11-01 00:35:00+00:00,2024-11-01 00:40:00+00:00,2024-11-01 00:40:00+00:00,Tokyo,2024-11-01,opening_followthrough_30m,opening_range_breakout,short,70149.84,70249.05428571429,69951.41142857143,70249.05428571429,stop,1,1.0,0.0014143194868909848,-0.0014143194868909692,2.0,0.003,-0.004414319486890969,-0.999999999999989,-3.1211614686825166
2024-11-01 08:15:00+00:00,2024-11-01 08:20:00+00:00,2024-11-01 08:25:00+00:00,London,2024-11-01,opening_first_30m,value_area_bounce,short,69415.45,69512.92571428571,69220.49857142857,69462.0,phase_end,2,1.0,0.0014042365825722599,-0.0006705999889073944,2.0,0.003,-0.0036705999889073944,-0.47755484882682603,-2.6139469904591457
2024-11-01 14:05:00+00:00,2024-11-01 14:10:00+00:00,2024-11-01 14:25:00+00:00,New_York,2024-11-01,opening_followthrough_30m,opening_range_breakout,long,71295.99,71070.1092857143,71747.75142857143,71505.94,phase_end,4,0.7890889470738345,0.0025,0.002323682221653012,1.578177894147669,0.0023672668412215033,-4.358461956849129e-05,0.9294728886612048,-0.017433847827396515
2024-11-04 08:45:00+00:00,2024-11-04 08:50:00+00:00,2024-11-04 08:50:00+00:00,London,2024-11-04,opening_followthrough_30m,opening_range_breakout,short,68480.0,68578.19571428571,68283.60857142857,68578.19571428571,stop,1,1.0,0.0014339327436582163,-0.0014339327436581062,2.0,0.003,-0.004433932743658106,-0.9999999999999232,-3.0921483335029776
2024-11-04 16:10:00+00:00,2024-11-04 16:15:00+00:00,2024-11-04 16:20:00+00:00,London,2024-11-04,closing_last_30m,value_area_bounce,short,68651.87,68812.66428571429,68330.28142857143,68330.28142857143,target,2,1.0,0.0023421690583852474,0.004684338116770381,2.0,0.003,0.0016843381167703812,1.9999999999999516,0.7191360122960585
2024-11-05 20:30:00+00:00,2024-11-05 20:35:00+00:00,2024-11-05 20:55:00+00:00,New_York,2024-11-05,closing_last_30m,value_area_bounce,long,69615.52,69333.29785714287,70179.96428571429,69445.99,phase_end,5,0.6166730868034573,0.0025,-0.0015017425482965181,1.2333461736069147,0.0018500192604103721,-0.0033517618087068905,-0.6006970193186072,-1.3407047234827563
2024-11-06 00:30:00+00:00,2024-11-06 00:35:00+00:00,2024-11-06 00:45:00+00:00,Tokyo,2024-11-06,opening_followthrough_30m,opening_range_breakout,long,70742.01,70492.89285714286,71240.24428571427,71240.24428571427,target,3,0.7099271570460254,0.0025,0.005000000000000015,1.4198543140920508,0.0021297814711380763,0.0028702185288619385,2.0000000000000058,1.1480874115447754
2024-11-06 14:45:00+00:00,2024-11-06 14:50:00+00:00,2024-11-06 14:55:00+00:00,New_York,2024-11-06,opening_first_30m,value_area_bounce,short,74001.99,74274.70000000001,73456.57,73640.0,phase_end,2,0.6783945399875295,0.0025,0.003318451835282963,1.356789079975059,0.0020351836199625885,0.0012832682153203745,1.3273807341131851,0.5133072861281498
2024-11-07 14:30:00+00:00,2024-11-07 14:35:00+00:00,2024-11-07 14:35:00+00:00,New_York,2024-11-07,opening_first_30m,value_area_bounce,short,74664.01,74805.11642857142,74381.79714285715,74805.11642857142,stop,1,1.0,0.0018898854825963258,-0.0018898854825963873,2.0,0.003,-0.004889885482596387,-1.0000000000000326,-2.587397769667324
2024-11-07 15:05:00+00:00,2024-11-07 15:10:00+00:00,2024-11-07 15:25:00+00:00,New_York,2024-11-07,opening_followthrough_30m,opening_range_breakout,long,75095.99,74896.82214285714,75494.32571428572,75399.99,phase_end,4,0.9426218552190344,0.0025,0.0038158767730019838,1.8852437104380688,0.0028278655656571033,0.0009880112073448804,1.5263507092007935,0.3952044829379522
2024-11-07 16:20:00+00:00,2024-11-07 16:25:00+00:00,2024-11-07 16:25:00+00:00,London,2024-11-07,closing_last_30m,value_area_bounce,short,75596.75,75816.81285714285,75156.62428571428,75628.87,phase_end,1,0.8588086033860444,0.0025,-0.0003648957440731435,1.7176172067720887,0.002576425810158133,-0.0029413215542312765,-0.14595829762925738,-1.1765286216925106
2024-11-08 14:35:00+00:00,2024-11-08 14:40:00+00:00,2024-11-08 14:40:00+00:00,New_York,2024-11-08,opening_first_30m,value_area_bounce,short,76018.03,76157.10571428572,75739.87857142856,75739.87857142856,target,1,1.0,0.0018295095819467453,0.003659019163893551,2.0,0.003,0.0006590191638935509,2.000000000000033,0.36021629533762894
2024-11-08 15:10:00+00:00,2024-11-08 15:15:00+00:00,2024-11-08 15:20:00+00:00,New_York,2024-11-08,opening_followthrough_30m,value_area_bounce,long,75893.08,75705.15071428572,76268.93857142857,76268.93857142857,target,2,1.0,0.002476237434483952,0.004952474868967993,2.0,0.003,0.001952474868967993,2.000000000000036,0.7884845135518634
2024-11-11 14:40:00+00:00,2024-11-11 14:45:00+00:00,2024-11-11 14:45:00+00:00,New_York,2024-11-11,opening_first_30m,value_area_bounce,short,81941.98,82247.11,81331.71999999999,82247.11,stop,1,0.6713694163143544,0.0025,-0.00249999999999998,1.3427388326287089,0.0020141082489430633,-0.0045141082489430434,-0.999999999999992,-1.8056432995772174
2024-11-11 15:00:00+00:00,2024-11-11 15:05:00+00:00,2024-11-11 15:20:00+00:00,New_York,2024-11-11,opening_followthrough_30m,opening_range_breakout,long,82653.07,82277.36357142858,83404.48285714287,83404.48285714287,target,4,0.5499844008144629,0.0025,0.005000000000000024,1.0999688016289257,0.0016499532024433887,0.003350046797556636,2.0000000000000098,1.3400187190226542
2024-11-12 00:00:00+00:00,2024-11-12 00:05:00+00:00,2024-11-12 00:15:00+00:00,Tokyo,2024-11-12,opening_first_30m,value_area_bounce,short,88209.1,88711.50214285715,87204.29571428572,87204.29571428572,target,3,0.4389367225742608,0.0025,0.005000000000000022,0.8778734451485216,0.0013168101677227823,0.0036831898322772392,2.000000000000009,1.4732759329108958
2024-11-12 14:35:00+00:00,2024-11-12 14:40:00+00:00,2024-11-12 14:55:00+00:00,New_York,2024-11-12,opening_first_30m,value_area_bounce,long,86162.01,85637.845,87210.34,87001.51,phase_end,4,0.41094889013955455,0.0025,0.004003987294077199,0.8218977802791091,0.0012328466704186636,0.0027711406236585355,1.6015949176308795,1.1084562494634143
2024-11-13 00:35:00+00:00,2024-11-13 00:40:00+00:00,2024-11-13 00:55:00+00:00,Tokyo,2024-11-13,opening_followthrough_30m,opening_range_breakout,long,88430.79,88147.14357142856,88998.08285714286,88147.14357142856,stop,4,0.7794103952355165,0.0025,-0.0025000000000000564,1.558820790471033,0.0023382311857065496,-0.0048382311857066065,-1.0000000000000226,-1.9352924742826425
2024-11-14 16:15:00+00:00,2024-11-14 16:20:00+00:00,2024-11-14 16:25:00+00:00,London,2024-11-14,closing_last_30m,value_area_bounce,long,88294.0,87734.41928571429,89413.16142857143,88226.78,phase_end,2,0.39446498845436617,0.0025,-0.0003003141382642393,0.7889299769087323,0.0011833949653630986,-0.001483709103627338,-0.12012565530569572,-0.5934836414509351
2024-11-15 15:05:00+00:00,2024-11-15 15:10:00+00:00,2024-11-15 15:25:00+00:00,New_York,2024-11-15,opening_followthrough_30m,opening_range_breakout,short,88356.86,88813.88071428571,87442.81857142856,88235.38,phase_end,4,0.48333071805122874,0.0025,0.0006645213017853052,0.9666614361024575,0.0014499921541536863,-0.0007854708523683811,0.2658085207141221,-0.31418834094735243
2024-11-19 00:50:00+00:00,2024-11-19 00:55:00+00:00,2024-11-19 00:55:00+00:00,Tokyo,2024-11-19,opening_followthrough_30m,opening_range_breakout,long,91190.51,91010.71714285713,91550.09571428571,91010.71714285713,stop,1,1.0,0.0019716180679640745,-0.001971618067964087,2.0,0.003,-0.004971618067964087,-1.0000000000000064,-2.5215928727503814
2024-11-19 08:45:00+00:00,2024-11-19 08:50:00+00:00,2024-11-19 08:55:00+00:00,London,2024-11-19,opening_followthrough_30m,value_area_bounce,long,91622.66,91493.52,91880.94,91780.99,phase_end,2,1.0,0.0014094766513000105,0.0017280659609750781,2.0,0.003,-0.001271934039024922,1.2260337618088397,-0.90241582778386
2024-11-20 08:35:00+00:00,2024-11-20 08:40:00+00:00,2024-11-20 08:55:00+00:00,London,2024-11-20,opening_followthrough_30m,opening_range_breakout,long,93131.96,93010.97785714286,93373.92428571428,93200.0,phase_end,4,1.0,0.0012990400165221448,0.0007305762704874486,2.0,0.003,-0.0022694237295125515,0.5623970479703805,-1.7470006317344764
2024-11-20 14:35:00+00:00,2024-11-20 14:40:00+00:00,2024-11-20 14:45:00+00:00,New_York,2024-11-20,opening_first_30m,value_area_bounce,short,94048.01,94346.42285714285,93451.18428571428,94346.42285714285,stop,2,0.7879017923394696,0.0025,-0.002499999999999929,1.575803584678939,0.002363705377018409,-0.004863705377018338,-0.9999999999999716,-1.945482150807335
2024-11-20 15:05:00+00:00,2024-11-20 15:10:00+00:00,2024-11-20 15:25:00+00:00,New_York,2024-11-20,opening_followthrough_30m,value_area_bounce,short,94176.01,94566.5157142857,93394.99857142856,94566.5157142857,stop,4,0.6029105756637895,0.0025,-0.002499999999999947,1.205821151327579,0.0018087317269913684,-0.004308731726991316,-0.9999999999999788,-1.7234926907965262
2024-11-22 00:50:00+00:00,2024-11-22 00:55:00+00:00,2024-11-22 00:55:00+00:00,Tokyo,2024-11-22,opening_followthrough_30m,opening_range_breakout,short,97847.21,98056.94357142858,97427.74285714286,97987.57,phase_end,1,1.0,0.0021434803448005277,-0.001434481371517915,2.0,0.003,-0.004434481371517915,-0.6692300095018636,-2.068822969277373
2024-11-22 08:10:00+00:00,2024-11-22 08:15:00+00:00,2024-11-22 08:25:00+00:00,London,2024-11-22,opening_first_30m,value_area_bounce,short,99023.99,99201.21071428571,98669.54857142858,99138.75,phase_end,3,1.0,0.0017896745453875775,-0.0011589110881109477,2.0,0.003,-0.004158911088110948,-0.6475540992063282,-2.3238365315243845
2024-11-22 08:40:00+00:00,2024-11-22 08:45:00+00:00,2024-11-22 08:50:00+00:00,London,2024-11-22,opening_followthrough_30m,opening_range_breakout,short,98785.5,98952.98,98450.54,98952.98,stop,2,1.0,0.001695390517839168,-0.0016953905178391793,2.0,0.003,-0.004695390517839179,-1.0000000000000067,-2.769503821351798
2024-11-25 08:00:00+00:00,2024-11-25 08:05:00+00:00,2024-11-25 08:25:00+00:00,London,2024-11-25,opening_first_30m,value_area_bounce,long,98051.9,97910.42428571428,98334.85142857143,98250.83,phase_end,5,1.0,0.0014428656077619772,0.002028823510814348,2.0,0.003,-0.0009711764891856519,1.406107055224116,-0.6730886674137584
2024-11-25 15:05:00+00:00,2024-11-25 15:10:00+00:00,2024-11-25 15:15:00+00:00,New_York,2024-11-25,opening_followthrough_30m,opening_range_breakout,short,95073.69,95467.89071428572,94285.28857142857,95467.89071428572,stop,2,0.6029522940633929,0.0025,-0.002499999999999979,1.2059045881267858,0.0018088568821901787,-0.0043088568821901575,-0.9999999999999915,-1.723542752876063
2024-11-25 21:00:00+00:00,2024-11-25 21:05:00+00:00,2024-11-25 21:15:00+00:00,New_York,2024-11-25,after_close_30m,value_area_bounce,long,95018.89,94721.72285714286,95613.22428571428,94721.72285714286,stop,3,0.7993724431176304,0.0025,-0.0024999999999999606,1.598744886235261,0.0023981173293528913,-0.004898117329352852,-0.9999999999999842,-1.9592469317411407
2024-11-26 00:05:00+00:00,2024-11-26 00:10:00+00:00,2024-11-26 00:25:00+00:00,Tokyo,2024-11-26,opening_first_30m,value_area_bounce,long,93295.96,92944.85785714287,93998.16428571429,93998.16428571429,target,4,0.664307822509932,0.0025,0.004999999999999955,1.328615645019864,0.0019929234675297963,0.0030070765324701587,1.999999999999982,1.2028306129880635
2024-11-26 08:30:00+00:00,2024-11-26 08:35:00+00:00,2024-11-26 08:40:00+00:00,London,2024-11-26,opening_followthrough_30m,opening_range_breakout,short,92400.08,92713.83928571429,91772.56142857143,92713.83928571429,stop,2,0.736233828025576,0.0025,-0.002499999999999968,1.472467656051152,0.002208701484076728,-0.004708701484076696,-0.9999999999999871,-1.8834805936306784
2024-11-26 14:30:00+00:00,2024-11-26 14:35:00+00:00,2024-11-26 14:40:00+00:00,New_York,2024-11-26,opening_first_30m,value_area_bounce,long,92402.98,92110.01,92988.92,92988.92,target,2,0.7885020650578554,0.0025,0.00500000000000004,1.5770041301157107,0.002365506195173566,0.002634493804826474,2.000000000000016,1.0537975219305895
2024-11-27 06:50:00+00:00,2024-11-27 06:55:00+00:00,2024-11-27 06:55:00+00:00,Tokyo,2024-11-27,after_close_30m,value_area_bounce,short,93048.03,93191.98714285714,92760.11571428571,93068.16,phase_end,1,1.0,0.0015471272509169987,-0.00021633988382130376,2.0,0.003,-0.003216339883821304,-0.13983328371540016,-2.0789110151831047
2024-11-27 08:10:00+00:00,2024-11-27 08:15:00+00:00,2024-11-27 08:20:00+00:00,London,2024-11-27,opening_first_30m,value_area_bounce,short,93334.0,93472.84285714285,93056.31428571428,93472.84285714285,stop,2,1.0,0.0014875914151633635,-0.001487591415163303,2.0,0.003,-0.004487591415163303,-0.9999999999999594,-3.0166827862948424
2024-11-28 00:05:00+00:00,2024-11-28 00:10:00+00:00,2024-11-28 00:10:00+00:00,Tokyo,2024-11-28,opening_first_30m,value_area_bounce,long,95999.99,95824.99285714286,96349.9842857143,95824.99285714286,stop,1,1.0,0.0018228870946459927,-0.001822887094645953,2.0,0.003,-0.004822887094645953,-0.9999999999999782,-2.6457409835262258
2024-11-29 08:05:00+00:00,2024-11-29 08:10:00+00:00,2024-11-29 08:20:00+00:00,London,2024-11-29,opening_first_30m,value_area_bounce,long,95894.09,95761.61928571429,96159.03142857143,95761.61928571429,stop,3,1.0,0.0013814273047036783,-0.0013814273047035863,2.0,0.003,-0.004381427304703586,-0.9999999999999335,-3.1716669344706636
2024-11-29 15:00:00+00:00,2024-11-29 15:05:00+00:00,2024-11-29 15:10:00+00:00,New_York,2024-11-29,opening_followthrough_30m,opening_range_breakout,long,98086.88,97879.28714285715,98502.06571428572,98502.06571428572,target,2,1.0,0.002116418191126656,0.004232836382253247,2.0,0.003,0.0012328363822532466,1.9999999999999694,0.5825107662663576
2024-11-29 16:30:00+00:00,2024-11-29 16:35:00+00:00,2024-11-29 16:55:00+00:00,London,2024-11-29,after_close_30m,value_area_bounce,short,98135.92,98460.10642857142,97487.54714285715,97779.99,phase_end,5,0.7567861525885701,0.0025,0.0027447941109722184,1.5135723051771401,0.0022703584577657104,0.00047443565320650803,1.0979176443888874,0.18977426128260322
2024-12-02 00:30:00+00:00,2024-12-02 00:35:00+00:00,2024-12-02 00:45:00+00:00,Tokyo,2024-12-02,opening_followthrough_30m,opening_range_breakout,long,97517.34,97338.85642857142,97874.30714285714,97338.85642857142,stop,3,1.0,0.001830275225191466,-0.0018302752251914134,2.0,0.003,-0.0048302752251914135,-0.9999999999999712,-2.6390977480920204
2024-12-02 08:35:00+00:00,2024-12-02 08:40:00+00:00,2024-12-02 08:50:00+00:00,London,2024-12-02,opening_followthrough_30m,opening_range_breakout,short,95015.44,95216.15857142858,94614.00285714286,95216.15857142858,stop,3,1.0,0.0021124837334707937,-0.002112483733470727,2.0,0.003,-0.005112483733470727,-0.9999999999999684,-2.4201292783783748
2024-12-02 15:20:00+00:00,2024-12-02 15:25:00+00:00,2024-12-02 15:25:00+00:00,New_York,2024-12-02,opening_followthrough_30m,opening_range_breakout,long,96934.54,96578.47642857142,97646.66714285714,96670.26,phase_end,1,0.6805985488145175,0.0025,-0.001855567525060757,1.361197097629035,0.0020417956464435527,-0.00389736317150431,-0.7422270100243028,-1.558945268601724
2024-12-03 15:00:00+00:00,2024-12-03 15:05:00+00:00,2024-12-03 15:25:00+00:00,New_York,2024-12-03,opening_followthrough_30m,opening_range_breakout,long,95541.25,95118.81571428571,96386.11857142857,95879.99,phase_end,5,0.5654207839596379,0.0025,0.002004690501312169,1.1308415679192758,0.0016962623518789138,0.00030842814943325496,0.8018762005248675,0.12337125977330199
2024-12-04 15:10:00+00:00,2024-12-04 15:15:00+00:00,2024-12-04 15:25:00+00:00,New_York,2024-12-04,opening_followthrough_30m,value_area_bounce,short,96044.01,96346.08714285714,95439.8557142857,96094.73,phase_end,3,0.7948632681339646,0.0025,-0.00041976032612293994,1.5897265362679291,0.002384589804401894,-0.0028043501305248337,-0.16790413044917596,-1.1217400522099334
2024-12-05 14:30:00+00:00,2024-12-05 14:35:00+00:00,2024-12-05 14:35:00+00:00,New_York,2024-12-05,opening_first_30m,value_area_bounce,long,103199.0,102948.45071428572,103700.09857142856,102948.45071428572,stop,1,1.0,0.0024278266815985017,-0.002427826681598466,2.0,0.003,-0.005427826681598466,-0.9999999999999853,-2.235673049784896
2024-12-05 15:20:00+00:00,2024-12-05 15:25:00+00:00,2024-12-05 15:25:00+00:00,New_York,2024-12-05,opening_followthrough_30m,opening_range_breakout,short,102192.37,102634.24071428571,101308.62857142856,102097.78,phase_end,1,0.5781802611946917,0.0025,0.0005351678496780746,1.1563605223893834,0.0017345407835840751,-0.0011993729339060005,0.21406713987122983,-0.47974917356240016
2024-12-06 15:10:00+00:00,2024-12-06 15:15:00+00:00,2024-12-06 15:25:00+00:00,New_York,2024-12-06,opening_followthrough_30m,value_area_bounce,short,98832.73,99203.72571428571,98090.73857142856,99051.43,phase_end,3,0.6659964400820972,0.0025,-0.001473736700847539,1.3319928801641945,0.0019979893202462917,-0.0034717260210938307,-0.5894946803390156,-1.3886904084375322
2024-12-09 00:15:00+00:00,2024-12-09 00:20:00+00:00,2024-12-09 00:25:00+00:00,Tokyo,2024-12-09,opening_first_30m,value_area_bounce,short,100476.45,100741.92357142858,99945.50285714286,100044.37,phase_end,2,0.9462001194630645,0.0025,0.004068954940362712,1.892400238926129,0.0028386003583891935,0.0012303545819735183,1.6275819761450847,0.4921418327894073
2024-12-09 00:30:00+00:00,2024-12-09 00:35:00+00:00,2024-12-09 00:45:00+00:00,Tokyo,2024-12-09,opening_followthrough_30m,opening_range_breakout,short,99499.99,99817.44642857143,98865.07714285715,99817.44642857143,stop,3,0.7835720200072452,0.0025,-0.0025000000000000066,1.5671440400144905,0.002350716060021736,-0.0048507160600217425,-1.0000000000000027,-1.940286424008697
2024-12-09 08:30:00+00:00,2024-12-09 08:35:00+00:00,2024-12-09 08:40:00+00:00,London,2024-12-09,opening_followthrough_30m,opening_range_breakout,short,99100.01,99329.59357142857,98640.84285714285,99329.59357142857,stop,2,1.0,0.0023166856534986673,-0.002316685653498629,2.0,0.003,-0.005316685653498629,-0.9999999999999836,-2.294953415656263
2024-12-09 15:15:00+00:00,2024-12-09 15:20:00+00:00,2024-12-09 15:25:00+00:00,New_York,2024-12-09,opening_followthrough_30m,opening_range_breakout,short,98617.25,98979.55142857143,97892.64714285714,98283.72,phase_end,2,0.680491727488155,0.0025,0.0023014676019573075,1.36098345497631,0.002041475182464465,0.0002599924194928425,0.920587040782923,0.10399696779713699
2024-12-10 14:30:00+00:00,2024-12-10 14:35:00+00:00,2024-12-10 14:35:00+00:00,New_York,2024-12-10,opening_first_30m,value_area_bounce,short,97695.98,97935.76285714285,97216.41428571427,97216.41428571427,target,1,1.0,0.002454377929806924,0.0049087558596139225,2.0,0.003,0.0019087558596139224,2.00000000000003,0.7776943544159381
2024-12-10 15:10:00+00:00,2024-12-10 15:15:00+00:00,2024-12-10 15:25:00+00:00,New_York,2024-12-10,opening_followthrough_30m,value_area_bounce,short,97648.0,98070.61428571428,96802.77142857143,96812.24,phase_end,3,0.5776425649866486,0.0025,0.004943988101274339,1.1552851299732971,0.0017329276949599457,0.0032110604063143927,1.9775952405097355,1.284424162525757
2024-12-11 00:30:00+00:00,2024-12-11 00:35:00+00:00,2024-12-11 00:50:00+00:00,Tokyo,2024-12-11,opening_followthrough_30m,opening_range_breakout,short,96152.01,96378.88428571429,95698.26142857142,96378.88428571429,stop,4,1.0,0.002359537629159153,-0.002359537629159192,2.0,0.003,-0.005359537629159192,-1.0000000000000164,-2.271435540135515
2024-12-11 08:35:00+00:00,2024-12-11 08:40:00+00:00,2024-12-11 08:45:00+00:00,London,2024-12-11,opening_followthrough_30m,opening_range_breakout,long,98189.99,98037.78142857143,98494.40714285715,98037.78142857143,stop,2,1.0,0.0015501434660353196,-0.0015501434660353253,2.0,0.003,-0.004550143466035325,-1.0000000000000036,-2.9353047416139297
2024-12-11 15:10:00+00:00,2024-12-11 15:15:00+00:00,2024-12-11 15:20:00+00:00,New_York,2024-12-11,opening_followthrough_30m,opening_range_breakout,long,99863.37,99589.63928571428,100410.83142857142,100410.83142857142,target,2,0.9120585011860013,0.0025,0.004999999999999948,1.8241170023720026,0.002736175503558004,0.002263824496441944,1.9999999999999791,0.9055297985767776
2024-12-12 14:35:00+00:00,2024-12-12 14:40:00+00:00,2024-12-12 14:55:00+00:00,New_York,2024-12-12,opening_first_30m,value_area_bounce,long,100926.4,100565.19571428571,101648.80857142857,101648.80857142857,target,4,0.6985409918407864,0.0025,0.005000000000000093,1.3970819836815729,0.002095622975522359,0.0029043770244777337,2.0000000000000373,1.1617508097910936
2024-12-12 15:15:00+00:00,2024-12-12 15:20:00+00:00,2024-12-12 15:25:00+00:00,New_York,2024-12-12,opening_followthrough_30m,value_area_bounce,long,101101.0,100714.235,101874.53,101499.99,phase_end,2,0.6535040657763733,0.0025,0.0025790208524555784,1.3070081315527466,0.00196051219732912,0.0006185086551264585,1.0316083409822314,0.24740346205058342
2024-12-16 00:30:00+00:00,2024-12-16 00:35:00+00:00,2024-12-16 00:45:00+00:00,Tokyo,2024-12-16,opening_followthrough_30m,opening_range_breakout,long,106223.75,105798.91642857144,107073.41714285714,105798.91642857144,stop,3,0.625090371523642,0.0025,-0.0024999999999999693,1.250180743047284,0.001875271114570926,-0.004375271114570895,-0.9999999999999877,-1.750108445828358
2024-12-16 15:15:00+00:00,2024-12-16 15:20:00+00:00,2024-12-16 15:25:00+00:00,New_York,2024-12-16,opening_followthrough_30m,opening_range_breakout,long,106295.99,105889.5942857143,107108.78142857143,106306.03,phase_end,2,0.6538946294428079,0.0025,6.176246234311332e-05,1.3077892588856157,0.0019616838883284235,-0.0018999214259853101,0.02470498493724533,-0.759968570394124
2024-12-17 00:10:00+00:00,2024-12-17 00:15:00+00:00,2024-12-17 00:25:00+00:00,Tokyo,2024-12-17,opening_first_30m,value_area_bounce,long,105976.93,105800.86428571428,106329.06142857143,106135.99,phase_end,3,1.0,0.0016613588852377038,0.0015008926942874368,2.0,0.003,-0.0014991073057125633,0.9034126868215425,-0.9023380312545017
2024-12-17 15:15:00+00:00,2024-12-17 15:20:00+00:00,2024-12-17 15:25:00+00:00,New_York,2024-12-17,opening_followthrough_30m,opening_range_breakout,short,106358.02,106769.89714285715,105534.26571428572,106042.22,phase_end,2,0.6455688416101875,0.0025,0.0019168337298917002,1.291137683220375,0.0019367065248305623,-1.987279493886212e-05,0.7667334919566801,-0.007949117975544848
2024-12-18 00:35:00+00:00,2024-12-18 00:40:00+00:00,2024-12-18 00:40:00+00:00,Tokyo,2024-12-18,opening_followthrough_30m,opening_range_breakout,short,105643.9,105874.19071428571,105183.31857142856,105874.19071428571,stop,1,1.0,0.002179877061389382,-0.002179877061389446,2.0,0.003,-0.005179877061389446,-1.0000000000000293,-2.376224399594334
2024-12-18 06:45:00+00:00,2024-12-18 06:50:00+00:00,2024-12-18 06:55:00+00:00,Tokyo,2024-12-18,after_close_30m,value_area_bounce,long,103472.22,103206.25142857143,104004.15714285715,103794.65,phase_end,2,0.9725981856073228,0.0025,0.0030307152295115784,1.9451963712146456,0.0029177945568219683,0.00011292067268961004,1.2122860918046314,0.045168269075844016
2024-12-18 15:00:00+00:00,2024-12-18 15:05:00+00:00,2024-12-18 15:10:00+00:00,New_York,2024-12-18,opening_followthrough_30m,opening_range_breakout,short,103708.33,104069.93857142857,102985.11285714286,104069.93857142857,stop,2,0.716993029163341,0.0025,-0.0024999999999999463,1.433986058326682,0.002150979087490023,-0.00465097908748997,-0.9999999999999785,-1.860391634995988
2024-12-19 14:40:00+00:00,2024-12-19 14:45:00+00:00,2024-12-19 14:45:00+00:00,New_York,2024-12-19,opening_first_30m,value_area_bounce,short,101720.34,102006.16142857143,101148.69714285713,101148.69714285713,target,1,0.8897193302511461,0.0025,0.00500000000000003,1.7794386605022923,0.0026691579907534386,0.002330842009246591,2.000000000000012,0.9323368036986364
2024-12-19 15:05:00+00:00,2024-12-19 15:10:00+00:00,2024-12-19 15:10:00+00:00,New_York,2024-12-19,opening_followthrough_30m,opening_range_breakout,short,100480.79,100914.905,99612.56,100914.905,stop,1,0.5786530642802007,0.0025,-0.0025000000000000586,1.1573061285604014,0.001735959192840602,-0.004235959192840661,-1.0000000000000233,-1.6943836771362644
2024-12-20 00:35:00+00:00,2024-12-20 00:40:00+00:00,2024-12-20 00:55:00+00:00,Tokyo,2024-12-20,opening_followthrough_30m,value_area_bounce,long,97383.67,97015.675,98119.66,97248.22,phase_end,4,0.6615828340058959,0.0025,-0.0009201891330045262,1.3231656680117918,0.0019847485020176876,-0.002904937635022214,-0.36807565320181046,-1.1619750540088856
2024-12-20 08:35:00+00:00,2024-12-20 08:40:00+00:00,2024-12-20 08:50:00+00:00,London,2024-12-20,opening_followthrough_30m,opening_range_breakout,short,96170.44,96486.19785714286,95538.9242857143,95538.9242857143,target,3,0.7614255498675571,0.0025,0.004999999999999963,1.5228510997351141,0.002284276649602671,0.0027157233503972917,1.9999999999999851,1.0862893401589166
2024-12-20 16:50:00+00:00,2024-12-20 16:55:00+00:00,2024-12-20 16:55:00+00:00,London,2024-12-20,after_close_30m,value_area_bounce,short,96564.15,96980.78857142857,95730.87285714285,96727.99,phase_end,1,0.5794239697305316,0.0024999999999999996,-0.0009831062894526939,1.1588479394610631,0.0017382719091915946,-0.0027213781986442885,-0.3932425157810776,-1.0885512794577155
2024-12-20 20:35:00+00:00,2024-12-20 20:40:00+00:00,2024-12-20 20:55:00+00:00,New_York,2024-12-20,closing_last_30m,value_area_bounce,long,96816.18,96544.45428571428,97359.63142857142,96544.45428571428,stop,4,0.8907528337399083,0.0025,-0.0025000000000000005,1.7815056674798166,0.002672258501219725,-0.005172258501219725,-1.0000000000000002,-2.06890340048789
2024-12-23 00:05:00+00:00,2024-12-23 00:10:00+00:00,2024-12-23 00:25:00+00:00,Tokyo,2024-12-23,opening_first_30m,value_area_bounce,short,95079.23,95303.33928571428,94631.01142857142,94705.01,phase_end,4,1.0,0.0023570793086385494,0.003935875374674325,2.0,0.003,0.0009358753746743246,1.669810328506803,0.39704874216340513
2024-12-23 15:10:00+00:00,2024-12-23 15:15:00+00:00,2024-12-23 15:25:00+00:00,New_York,2024-12-23,opening_followthrough_30m,value_area_bounce,long,93837.87,93418.95214285713,94675.70571428571,93418.95214285713,stop,3,0.5600016112944073,0.0025,-0.0025000000000000417,1.1200032225888146,0.001680004833883222,-0.004180004833883264,-1.0000000000000167,-1.6720019335533054
2024-12-24 06:10:00+00:00,2024-12-24 06:15:00+00:00,2024-12-24 06:15:00+00:00,Tokyo,2024-12-24,closing_last_30m,value_area_bounce,short,94430.92,94529.435,94233.89,94233.89,target,1,1.0,0.0010432493933131273,0.0020864987866262563,2.0,0.003,-0.0009135012133737437,2.0000000000000018,-0.8756307161345838
2024-12-24 08:00:00+00:00,2024-12-24 08:05:00+00:00,2024-12-24 08:15:00+00:00,London,2024-12-24,opening_first_30m,value_area_bounce,long,94454.54,94319.98928571428,94723.64142857143,94319.98928571428,stop,3,1.0,0.0014245023509268779,-0.0014245023509268373,2.0,0.003,-0.004424502350926837,-0.9999999999999716,-3.105998630362355
2024-12-24 12:40:00+00:00,2024-12-24 12:45:00+00:00,2024-12-24 12:45:00+00:00,London,2024-12-24,after_close_30m,value_area_bounce,short,94111.48,94221.76785714286,93890.90428571428,94221.76785714286,stop,1,1.0,0.0011718852699251683,-0.001171885269925177,2.0,0.003,-0.004171885269925177,-1.0000000000000073,-3.559977565202758
2024-12-25 06:05:00+00:00,2024-12-25 06:10:00+00:00,2024-12-25 06:10:00+00:00,Tokyo,2024-12-25,closing_last_30m,value_area_bounce,short,98222.09,98301.34714285714,98063.5757142857,98301.34714285714,stop,1,1.0,0.0008069176990343447,-0.000806917699034182,2.0,0.003,-0.003806917699034182,-0.9999999999997983,-4.717851279740176
2024-12-26 06:40:00+00:00,2024-12-26 06:45:00+00:00,2024-12-26 06:55:00+00:00,Tokyo,2024-12-26,after_close_30m,value_area_bounce,long,98157.8,98043.36928571429,98386.66142857143,98121.2,phase_end,3,1.0,0.0011657832009856794,-0.0003728689925813766,2.0,0.003,-0.0033728689925813767,-0.31984419767424405,-2.8932214752533643
2024-12-26 14:30:00+00:00,2024-12-26 14:35:00+00:00,2024-12-26 14:35:00+00:00,New_York,2024-12-26,opening_first_30m,value_area_bounce,short,95465.67,95736.92857142857,94923.15285714286,95736.92857142857,stop,1,0.8798401235510706,0.0025,-0.0024999999999999237,1.759680247102141,0.002639520370653212,-0.005139520370653136,-0.9999999999999695,-2.0558081482612542
2024-12-26 15:15:00+00:00,2024-12-26 15:20:00+00:00,2024-12-26 15:25:00+00:00,New_York,2024-12-26,opening_followthrough_30m,value_area_bounce,long,95621.76,95290.50857142857,96284.26285714285,96129.13,phase_end,2,0.7216705480515464,0.0025,0.0038291910331384425,1.4433410961030928,0.0021650116441546395,0.001664179388983803,1.531676413255377,0.6656717555935212
2024-12-26 20:50:00+00:00,2024-12-26 20:55:00+00:00,2024-12-26 20:55:00+00:00,New_York,2024-12-26,closing_last_30m,value_area_bounce,long,95586.8,95401.79071428571,95956.81857142858,95589.6,phase_end,1,1.0,0.0019355108206811722,2.9292747534270802e-05,2.0,0.003,-0.0029707072524657293,0.015134375494713942,-1.5348440425769545
2024-12-27 08:45:00+00:00,2024-12-27 08:50:00+00:00,2024-12-27 08:55:00+00:00,London,2024-12-27,opening_followthrough_30m,value_area_bounce,short,95820.01,96129.305,95201.41999999998,95724.02,phase_end,2,0.7745033867343414,0.0025,0.0007758773985999595,1.5490067734686828,0.002323510160203024,-0.0015476327616030646,0.3103509594399838,-0.6190531046412259
2024-12-27 15:15:00+00:00,2024-12-27 15:20:00+00:00,2024-12-27 15:25:00+00:00,New_York,2024-12-27,opening_followthrough_30m,opening_range_breakout,short,94650.41,95013.20214285715,93924.82571428572,94680.02,phase_end,2,0.6522358040515155,0.0025,-0.0002040424564243293,1.304471608103031,0.0019567074121545464,-0.0021607498685788755,-0.08161698256973172,-0.8642999474315501
2024-12-30 00:00:00+00:00,2024-12-30 00:05:00+00:00,2024-12-30 00:05:00+00:00,Tokyo,2024-12-30,opening_first_30m,value_area_bounce,short,93564.15,93749.55142857142,93193.34714285714,93749.55142857142,stop,1,1.0,0.001981543449830178,-0.0019815434498300366,2.0,0.003,-0.004981543449830037,-0.9999999999999286,-2.5139713440333415
2024-12-30 06:50:00+00:00,2024-12-30 06:55:00+00:00,2024-12-30 06:55:00+00:00,Tokyo,2024-12-30,after_close_30m,value_area_bounce,short,93832.23,93966.06857142856,93564.55285714286,93901.29,phase_end,1,1.0,0.0014263603393905244,-0.0007359944445528566,2.0,0.003,-0.0037359944445528566,-0.515994748471023,-2.619250088059253
2024-12-30 08:00:00+00:00,2024-12-30 08:05:00+00:00,2024-12-30 08:25:00+00:00,London,2024-12-30,opening_first_30m,value_area_bounce,short,93774.85,93924.49357142858,93475.56285714285,93835.7,phase_end,5,1.0,0.001595775108449367,-0.0006488946663203432,2.0,0.003,-0.0036488946663203433,-0.4066329039001502,-2.286597056815867
2024-12-31 14:35:00+00:00,2024-12-31 14:40:00+00:00,2024-12-31 14:40:00+00:00,New_York,2024-12-31,opening_first_30m,value_area_bounce,short,95409.98,95702.20857142856,94825.52285714285,95702.20857142856,stop,1,0.8162273416112609,0.0025,-0.0025000000000000334,1.6324546832225217,0.002448682024833783,-0.004948682024833817,-1.0000000000000133,-1.9794728099335266
2024-12-31 15:05:00+00:00,2024-12-31 15:10:00+00:00,2024-12-31 15:10:00+00:00,New_York,2024-12-31,opening_followthrough_30m,opening_range_breakout,short,94996.96,95326.70214285715,94337.47571428573,95326.70214285715,stop,1,0.7202367217674418,0.0025,-0.0025000000000000465,1.4404734435348836,0.0021607101653023254,-0.004660710165302372,-1.0000000000000187,-1.8642840661209488
2025-01-02 08:20:00+00:00,2025-01-02 08:25:00+00:00,2025-01-02 08:25:00+00:00,London,2025-01-02,opening_first_30m,value_area_bounce,short,95693.55,95800.15000000001,95480.35,95721.42,phase_end,1,1.0,0.0011139726763193505,-0.00029124219970944054,2.0,0.003,-0.0032912421997094406,-0.2614446529081186,-2.954508911819949
2025-01-02 08:50:00+00:00,2025-01-02 08:55:00+00:00,2025-01-02 08:55:00+00:00,London,2025-01-02,opening_followthrough_30m,opening_range_breakout,long,96149.99,96026.70000000001,96396.57,96150.0,phase_end,1,1.0,0.0012822674240527833,1.040041708311179e-07,2.0,0.003,-0.002999895995829169,8.110957892262315e-05,-2.339524454538183
2025-01-02 14:30:00+00:00,2025-01-02 14:35:00+00:00,2025-01-02 14:45:00+00:00,New_York,2025-01-02,opening_first_30m,value_area_bounce,short,96667.99,96944.7042857143,96114.56142857144,96944.7042857143,stop,3,0.8733556143520942,0.0025,-0.0025000000000000707,1.7467112287041884,0.0026200668430562827,-0.005120066843056353,-1.0000000000000282,-2.0480267372225414
2025-01-03 08:00:00+00:00,2025-01-03 08:05:00+00:00,2025-01-03 08:25:00+00:00,London,2025-01-03,opening_first_30m,value_area_bounce,long,96388.0,96296.66428571429,96570.67142857144,96341.01,phase_end,5,1.0,0.0009475838723255824,-0.00048750881852521744,2.0,0.003,-0.0034875088185252175,-0.5144756393212581,-3.6804223039023363
2025-01-03 08:30:00+00:00,2025-01-03 08:35:00+00:00,2025-01-03 08:40:00+00:00,London,2025-01-03,opening_followthrough_30m,opening_range_breakout,short,96125.79,96225.35357142857,95926.66285714284,96225.35357142857,stop,2,1.0,0.001035763362033981,-0.0010357633620339257,2.0,0.003,-0.004035763362033926,-0.9999999999999466,-3.896414480339112
2025-01-03 14:30:00+00:00,2025-01-03 14:35:00+00:00,2025-01-03 14:35:00+00:00,New_York,2025-01-03,opening_first_30m,value_area_bounce,short,96845.01,96994.77142857142,96545.48714285714,96994.77142857142,stop,1,1.0,0.001546403150471344,-0.001546403150471276,2.0,0.003,-0.004546403150471276,-0.9999999999999561,-2.939985701067365
2025-01-06 08:40:00+00:00,2025-01-06 08:45:00+00:00,2025-01-06 08:55:00+00:00,London,2025-01-06,opening_followthrough_30m,opening_range_breakout,short,99046.64,99163.485,98812.95,99163.485,stop,3,1.0,0.001179696757002561,-0.0011796967570025796,2.0,0.003,-0.00417969675700258,-1.0000000000000158,-3.5430264024990503
2025-01-06 15:15:00+00:00,2025-01-06 15:20:00+00:00,2025-01-06 15:25:00+00:00,New_York,2025-01-06,opening_followthrough_30m,opening_range_breakout,long,101483.88,100984.96642857144,102481.70714285714,101678.1,phase_end,2,0.5085243507678854,0.0025,0.0009732146564177432,1.0170487015357708,0.001525573052303656,-0.0005523583958859129,0.3892858625670973,-0.22094335835436515
2025-01-07 00:00:00+00:00,2025-01-07 00:05:00+00:00,2025-01-07 00:25:00+00:00,Tokyo,2025-01-07,opening_first_30m,value_area_bounce,short,102109.38,102223.39357142858,101881.35285714286,102223.39357142858,stop,5,1.0,0.0011165827412581745,-0.001116582741258254,2.0,0.003,-0.004116582741258254,-1.0000000000000713,-3.6867690939049043
2025-01-07 00:40:00+00:00,2025-01-07 00:45:00+00:00,2025-01-07 00:55:00+00:00,Tokyo,2025-01-07,opening_followthrough_30m,value_area_bounce,short,102056.5,102217.38785714286,101734.72428571428,102042.46,phase_end,3,1.0,0.001576458698298087,0.00013757085535948121,2.0,0.003,-0.002862429144640519,0.08726575298674169,-1.8157336742984382
2025-01-07 06:05:00+00:00,2025-01-07 06:10:00+00:00,2025-01-07 06:15:00+00:00,Tokyo,2025-01-07,closing_last_30m,value_area_bounce,long,101691.77,101613.94571428571,101847.41857142857,101847.41857142857,target,2,1.0,0.0007652958121811262,0.0015305916243621986,2.0,0.003,-0.0014694083756378014,1.9999999999999298,-1.9200528112781956
2025-01-08 00:00:00+00:00,2025-01-08 00:05:00+00:00,2025-01-08 00:05:00+00:00,Tokyo,2025-01-08,opening_first_30m,value_area_bounce,short,96707.77,96856.30142857143,96410.70714285715,96856.30142857143,stop,1,1.0,0.0015358789533811781,-0.0015358789533812534,2.0,0.003,-0.004535878953381253,-1.000000000000049,-2.953278930866063
2025-01-08 14:35:00+00:00,2025-01-08 14:40:00+00:00,2025-01-08 14:45:00+00:00,New_York,2025-01-08,opening_first_30m,value_area_bounce,short,95125.54,95408.25571428571,94560.10857142857,95408.25571428571,stop,2,0.8411766236653703,0.0025,-0.0025000000000000825,1.6823532473307405,0.002523529870996111,-0.005023529870996193,-1.0000000000000329,-2.009411948398477
2025-01-08 15:10:00+00:00,2025-01-08 15:15:00+00:00,2025-01-08 15:25:00+00:00,New_York,2025-01-08,opening_followthrough_30m,value_area_bounce,short,95154.56,95573.33,94317.02,94797.37,phase_end,3,0.5680597941590879,0.0025,0.0021323757671275648,1.1361195883181758,0.0017041793824772637,0.000428196384650301,0.8529503068510259,0.1712785538601204
2025-01-09 08:35:00+00:00,2025-01-09 08:40:00+00:00,2025-01-09 08:45:00+00:00,London,2025-01-09,opening_followthrough_30m,opening_range_breakout,long,93367.34,93085.77142857142,93930.47714285714,93085.77142857142,stop,2,0.8289929121553702,0.0025,-0.002500000000000021,1.6579858243107404,0.0024869787364661107,-0.0049869787364661316,-1.0000000000000082,-1.9947914945864527
2025-01-10 15:00:00+00:00,2025-01-10 15:05:00+00:00,2025-01-10 15:10:00+00:00,New_York,2025-01-10,opening_followthrough_30m,opening_range_breakout,short,93483.99,93983.93785714287,92484.09428571428,92484.09428571428,target,2,0.46746870030731563,0.0025,0.005000000000000009,0.9349374006146313,0.001402406100921947,0.0035975938990780616,2.0000000000000036,1.4390375596312246
2025-01-13 14:40:00+00:00,2025-01-13 14:45:00+00:00,2025-01-13 14:50:00+00:00,New_York,2025-01-13,opening_first_30m,value_area_bounce,long,91245.67,90795.1557142857,92146.69857142857,92146.69857142857,target,2,0.5063417126458629,0.0025,0.005000000000000011,1.0126834252917258,0.0015190251379375889,0.0034809748620624227,2.0000000000000044,1.392389944824969
2025-01-14 00:40:00+00:00,2025-01-14 00:45:00+00:00,2025-01-14 00:50:00+00:00,Tokyo,2025-01-14,opening_followthrough_30m,opening_range_breakout,short,94354.8,94517.42785714286,94029.54428571429,94517.42785714286,stop,2,1.0,0.0017235779964862063,-0.0017235779964861475,2.0,0.003,-0.004723577996486148,-0.9999999999999659,-2.7405652695241693
2025-01-15 08:20:00+00:00,2025-01-15 08:25:00+00:00,2025-01-15 08:25:00+00:00,London,2025-01-15,opening_first_30m,value_area_bounce,short,97180.47,97318.57785714285,96904.25428571428,97318.57785714285,stop,1,1.0,0.0014211482733398673,-0.001421148273339723,2.0,0.003,-0.004421148273339723,-0.9999999999998984,-3.110969035588031
2025-01-15 20:40:00+00:00,2025-01-15 20:45:00+00:00,2025-01-15 20:55:00+00:00,New_York,2025-01-15,closing_last_30m,value_area_bounce,short,99755.3,100054.67285714285,99156.55428571429,99566.4,phase_end,3,0.8330356077705325,0.0025,0.0015774643182654101,1.666071215541065,0.002499106823311598,-0.0009216425050461877,0.630985727306164,-0.36865700201847507
2025-01-16 00:30:00+00:00,2025-01-16 00:35:00+00:00,2025-01-16 00:55:00+00:00,Tokyo,2025-01-16,opening_followthrough_30m,value_area_bounce,short,100171.92,100434.26642857143,99647.22714285714,99869.26,phase_end,5,0.9545767455790525,0.0025,0.002884163524238713,1.909153491158105,0.0028637302367371573,2.0433287501555805e-05,1.1536654096954853,0.008173315000622322
2025-01-16 08:15:00+00:00,2025-01-16 08:20:00+00:00,2025-01-16 08:25:00+00:00,London,2025-01-16,opening_first_30m,value_area_bounce,short,99572.0,99660.78642857143,99394.42714285714,99549.99,phase_end,2,1.0,0.0008916806790205001,0.00022104607721040725,2.0,0.003,-0.002778953922789593,0.2478982469971465,-3.1165348629536735
2025-01-16 08:40:00+00:00,2025-01-16 08:45:00+00:00,2025-01-16 08:45:00+00:00,London,2025-01-16,opening_followthrough_30m,opening_range_breakout,short,99052.08,99182.69142857143,98790.85714285714,98790.85714285714,target,1,1.0,0.0013186136885911881,0.002637227377182305,2.0,0.003,-0.0003627726228176949,1.999999999999946,-0.27511668197930095
2025-01-17 08:30:00+00:00,2025-01-17 08:35:00+00:00,2025-01-17 08:40:00+00:00,London,2025-01-17,opening_followthrough_30m,opening_range_breakout,long,102044.51,101893.80428571429,102345.92142857143,101893.80428571429,stop,2,1.0,0.0014768625405297512,-0.0014768625405296998,2.0,0.003,-0.0044768625405297,-0.9999999999999653,-3.0313332606593484
2025-01-17 14:30:00+00:00,2025-01-17 14:35:00+00:00,2025-01-17 14:35:00+00:00,New_York,2025-01-17,opening_first_30m,value_area_bounce,long,102875.29,102634.72428571428,103356.42142857143,102634.72428571428,stop,1,1.0,0.002338420764458726,-0.0023384207644586708,2.0,0.003,-0.005338420764458671,-0.9999999999999765,-2.2829171061070164
2025-01-17 15:00:00+00:00,2025-01-17 15:05:00+00:00,2025-01-17 15:25:00+00:00,New_York,2025-01-17,opening_followthrough_30m,opening_range_breakout,long,103600.0,103271.46714285715,104257.06571428571,103963.32,phase_end,5,0.7883534154009397,0.0025,0.0027647158579485144,1.5767068308018795,0.0023650602462028194,0.00039965561174569496,1.1058863431794057,0.15986224469827798
2025-01-17 20:30:00+00:00,2025-01-17 20:35:00+00:00,2025-01-17 20:55:00+00:00,New_York,2025-01-17,closing_last_30m,value_area_bounce,short,105178.01,105434.51928571428,104664.99142857142,104664.99142857142,target,5,1.0,0.002438810980682046,0.004877621961364098,2.0,0.003,0.001877621961364098,2.0000000000000027,0.7698923681403944
2025-01-17 21:00:00+00:00,2025-01-17 21:05:00+00:00,2025-01-17 21:25:00+00:00,New_York,2025-01-17,after_close_30m,value_area_bounce,long,104699.99,104467.70071428572,105164.56857142858,104988.67,phase_end,5,1.0,0.0022186180315230974,0.002757211342617971,2.0,0.003,-0.00024278865738202888,1.242760720161066,-0.1094323826509932
2025-01-20 00:35:00+00:00,2025-01-20 00:40:00+00:00,2025-01-20 00:40:00+00:00,Tokyo,2025-01-20,opening_followthrough_30m,opening_range_breakout,short,99860.0,100713.26928571428,98153.46142857143,100713.26928571428,stop,1,0.2925805536185611,0.0025,-0.002499999999999975,0.5851611072371222,0.0008777416608556834,-0.0033777416608556585,-0.9999999999999899,-1.3510966643422633
2025-01-20 16:35:00+00:00,2025-01-20 16:40:00+00:00,2025-01-20 16:55:00+00:00,London,2025-01-20,after_close_30m,value_area_bounce,long,106079.91,105316.67,107606.39,106670.38,phase_end,4,0.34746577092395625,0.0025,0.0019340901944342895,0.6949315418479125,0.0010423973127718688,0.0008916928816624207,0.7736360777737158,0.3566771526649683
2025-01-21 00:30:00+00:00,2025-01-21 00:35:00+00:00,2025-01-21 00:50:00+00:00,Tokyo,2025-01-21,opening_followthrough_30m,value_area_bounce,long,102126.0,101572.60857142857,103232.78285714285,101572.60857142857,stop,4,0.4613642113306515,0.0025,-0.0025000000000000165,0.922728422661303,0.0013840926339919544,-0.003884092633991971,-1.0000000000000067,-1.5536370535967883
2025-01-21 06:00:00+00:00,2025-01-21 06:05:00+00:00,2025-01-21 06:25:00+00:00,Tokyo,2025-01-21,closing_last_30m,value_area_bounce,long,101488.43,101181.52071428571,102102.24857142857,101824.0,phase_end,5,0.8266972907303849,0.0025,0.002733462423750232,1.6533945814607698,0.0024800918721911546,0.0002533705515590772,1.0933849695000928,0.10134822062363089
2025-01-21 14:30:00+00:00,2025-01-21 14:35:00+00:00,2025-01-21 14:35:00+00:00,New_York,2025-01-21,opening_first_30m,value_area_bounce,short,104246.36,104560.43142857144,103618.21714285715,103618.21714285715,target,1,0.8297981805776666,0.0025,0.005000000000000014,1.6595963611553333,0.002489394541733,0.002510605458267014,2.0000000000000053,1.0042421833068056
2025-01-21 15:00:00+00:00,2025-01-21 15:05:00+00:00,2025-01-21 15:20:00+00:00,New_York,2025-01-21,opening_followthrough_30m,opening_range_breakout,short,102941.71,103465.84214285715,101893.44571428571,103465.84214285715,stop,4,0.4910102891173841,0.0025,-0.0024999999999999684,0.9820205782347682,0.0014730308673521523,-0.0039730308673521205,-0.9999999999999873,-1.5892123469408481
2025-01-22 06:00:00+00:00,2025-01-22 06:05:00+00:00,2025-01-22 06:25:00+00:00,Tokyo,2025-01-22,closing_last_30m,value_area_bounce,long,105804.45,105674.175,106065.0,105674.175,stop,5,1.0,0.0012312809149331659,-0.001231280914933075,2.0,0.003,-0.004231280914933075,-0.9999999999999262,-3.436487046632043
2025-01-22 08:45:00+00:00,2025-01-22 08:50:00+00:00,2025-01-22 08:55:00+00:00,London,2025-01-22,opening_followthrough_30m,opening_range_breakout,long,105263.3,105080.87357142857,105628.15285714286,105270.03,phase_end,2,1.0,0.0017330487318127743,6.39349136877243e-05,2.0,0.003,-0.0029360650863122758,0.03689158447428549,-1.694161873475504
2025-01-22 14:45:00+00:00,2025-01-22 14:50:00+00:00,2025-01-22 14:55:00+00:00,New_York,2025-01-22,opening_first_30m,value_area_bounce,long,104076.0,103693.18285714286,104841.63428571429,104393.66,phase_end,2,0.679671756750705,0.0025,0.0020744891257296117,1.35934351350141,0.002039015270252115,3.547385547749684e-05,0.8297956502918447,0.014189542190998737
2025-01-23 08:00:00+00:00,2025-01-23 08:05:00+00:00,2025-01-23 08:20:00+00:00,London,2025-01-23,opening_first_30m,value_area_bounce,short,102623.6,102788.1392857143,102294.52142857143,102294.52142857143,target,4,1.0,0.0016033279451733028,0.0032066558903466325,2.0,0.003,0.0002066558903466324,2.000000000000017,0.12889184085436436
2025-01-23 20:30:00+00:00,2025-01-23 20:35:00+00:00,2025-01-23 20:45:00+00:00,New_York,2025-01-23,closing_last_30m,value_area_bounce,long,105300.0,104416.19428571429,107067.61142857143,104416.19428571429,stop,3,0.29785958129129836,0.0025,-0.002500000000000005,0.5957191625825967,0.0008935787438738951,-0.0033935787438739,-1.000000000000002,-1.35743149754956
2025-01-24 14:35:00+00:00,2025-01-24 14:40:00+00:00,2025-01-24 14:40:00+00:00,New_York,2025-01-24,opening_first_30m,value_area_bounce,long,105393.43,105146.26642857143,105887.75714285714,105887.75714285714,target,1,1.0,0.002345151604123455,0.0046903032082468155,2.0,0.003,0.0016903032082468154,1.9999999999999596,0.7207650052451933
2025-01-24 15:15:00+00:00,2025-01-24 15:20:00+00:00,2025-01-24 15:25:00+00:00,New_York,2025-01-24,opening_followthrough_30m,value_area_bounce,long,105837.83,105409.80357142858,106693.88285714286,105665.03,phase_end,2,0.6181734522401007,0.0025,-0.0010092834721487649,1.2363469044802013,0.001854520356720302,-0.002863803828869067,-0.403713388859506,-1.1455215315476268
2025-01-24 16:00:00+00:00,2025-01-24 16:05:00+00:00,2025-01-24 16:20:00+00:00,London,2025-01-24,closing_last_30m,value_area_bounce,short,105757.96,106108.19857142857,105057.48285714287,106108.19857142857,stop,4,0.7548994358947195,0.0025,-0.0024999999999999354,1.509798871789439,0.0022646983076841584,-0.004764698307684094,-0.9999999999999741,-1.9058793230736375
2025-01-27 00:00:00+00:00,2025-01-27 00:05:00+00:00,2025-01-27 00:25:00+00:00,Tokyo,2025-01-27,opening_first_30m,value_area_bounce,long,102819.99,102435.54285714286,103588.88428571429,102840.03,phase_end,5,0.6686224095454314,0.0025,0.00013031700438096618,1.3372448190908628,0.002005867228636294,-0.001875550224255328,0.05212680175238647,-0.7502200897021312
2025-01-27 00:50:00+00:00,2025-01-27 00:55:00+00:00,2025-01-27 00:55:00+00:00,Tokyo,2025-01-27,opening_followthrough_30m,opening_range_breakout,short,101940.0,102276.82,101266.36,101728.0,phase_end,1,0.7566355917107067,0.0025,0.001573540763612582,1.5132711834214134,0.0022699067751321203,-0.0006963660115195383,0.6294163054450328,-0.2785464046078153
2025-01-27 14:30:00+00:00,2025-01-27 14:35:00+00:00,2025-01-27 14:35:00+00:00,New_York,2025-01-27,opening_first_30m,value_area_bounce,short,100750.01,101168.50214285713,99913.0257142857,101168.50214285713,stop,1,0.6018632112908744,0.0025,-0.0024999999999999523,1.2037264225817488,0.0018055896338726232,-0.004305589633872575,-0.9999999999999809,-1.72223585354903
2025-01-28 08:05:00+00:00,2025-01-28 08:10:00+00:00,2025-01-28 08:25:00+00:00,London,2025-01-28,opening_first_30m,value_area_bounce,long,102826.97,102646.68214285714,103187.54571428572,102832.99,phase_end,4,1.0,0.0017533129405919192,5.854495177670671e-05,2.0,0.003,-0.0029414550482232934,0.03339104527280903,-1.6776554716069436
2025-01-28 14:30:00+00:00,2025-01-28 14:35:00+00:00,2025-01-28 14:40:00+00:00,New_York,2025-01-28,opening_first_30m,value_area_bounce,long,102652.04,102414.81714285714,103126.4857142857,102414.81714285714,stop,2,1.0,0.00231094147902814,-0.0023109414790281058,2.0,0.003,-0.005310941479028106,-0.9999999999999851,-2.298172206966317
2025-01-28 15:00:00+00:00,2025-01-28 15:05:00+00:00,2025-01-28 15:10:00+00:00,New_York,2025-01-28,opening_followthrough_30m,opening_range_breakout,long,103160.54,102786.025,103909.56999999999,102786.025,stop,2,0.688627558308747,0.0025,-0.002500000000000028,1.377255116617494,0.002065882674926241,-0.004565882674926269,-1.000000000000011,-1.8263530699705075
2025-01-30 00:00:00+00:00,2025-01-30 00:05:00+00:00,2025-01-30 00:25:00+00:00,Tokyo,2025-01-30,opening_first_30m,value_area_bounce,long,103722.0,103516.26785714286,104133.46428571429,103516.26785714286,stop,5,1.0,0.0019834957179493537,-0.001983495717949424,2.0,0.003,-0.004983495717949424,-1.0000000000000355,-2.512481208228488
2025-01-30 14:35:00+00:00,2025-01-30 14:40:00+00:00,2025-01-30 14:45:00+00:00,New_York,2025-01-30,opening_first_30m,value_area_bounce,short,105065.86,105285.06857142856,104627.44285714286,105285.06857142856,stop,2,1.0,0.0020863920157182386,-0.0020863920157181415,2.0,0.003,-0.0050863920157181415,-0.9999999999999535,-2.437888938128032
2025-01-30 15:15:00+00:00,2025-01-30 15:20:00+00:00,2025-01-30 15:25:00+00:00,New_York,2025-01-30,opening_followthrough_30m,value_area_bounce,short,106038.01,106361.0757142857,105391.87857142856,105391.87857142856,target,2,0.8205606886701514,0.0025,0.005000000000000064,1.6411213773403028,0.0024616820660104542,0.00253831793398961,2.0000000000000258,1.015327173595844
2025-01-31 08:15:00+00:00,2025-01-31 08:20:00+00:00,2025-01-31 08:25:00+00:00,London,2025-01-31,opening_first_30m,value_area_bounce,long,104248.5,104109.67428571428,104526.15142857144,104109.67428571428,stop,2,1.0,0.001331680688793749,-0.001331680688793746,2.0,0.003,-0.004331680688793746,-0.9999999999999977,-3.252792298668407
2025-01-31 14:30:00+00:00,2025-01-31 14:35:00+00:00,2025-01-31 14:40:00+00:00,New_York,2025-01-31,opening_first_30m,value_area_bounce,short,104391.99,104576.72928571429,104022.51142857144,104576.72928571429,stop,2,1.0,0.0017696691644089471,-0.0017696691644089046,2.0,0.003,-0.004769669164408905,-0.999999999999976,-2.6952321147562794
2025-01-31 15:00:00+00:00,2025-01-31 15:05:00+00:00,2025-01-31 15:25:00+00:00,New_York,2025-01-31,opening_followthrough_30m,value_area_bounce,long,104684.0,104455.40214285714,105141.19571428571,105141.19571428571,target,5,1.0,0.0021836943290556234,0.00436738865811126,2.0,0.003,0.0013673886581112597,2.0000000000000058,0.6261813477816791
2025-02-03 00:00:00+00:00,2025-02-03 00:05:00+00:00,2025-02-03 00:20:00+00:00,Tokyo,2025-02-03,opening_first_30m,value_area_bounce,short,97311.2,97832.14499999999,96269.31,96269.31,target,4,0.4669936365643209,0.0025,0.005000000000000026,0.9339872731286418,0.0014009809096929627,0.0035990190903070632,2.00000000000001,1.4396076361228252
2025-02-03 00:30:00+00:00,2025-02-03 00:35:00+00:00,2025-02-03 00:40:00+00:00,Tokyo,2025-02-03,opening_followthrough_30m,value_area_bounce,long,97026.93,96485.32428571428,98110.14142857141,96485.32428571428,stop,2,0.44786699734124036,0.0025,-0.0025000000000000165,0.8957339946824807,0.0013436009920237211,-0.0038436009920237374,-1.0000000000000067,-1.537440396809495
2025-02-03 14:30:00+00:00,2025-02-03 14:35:00+00:00,2025-02-03 14:35:00+00:00,New_York,2025-02-03,opening_first_30m,value_area_bounce,long,96089.76,95593.075,97083.13,95593.075,stop,1,0.48365543553761264,0.0025,-0.002499999999999986,0.9673108710752253,0.001450966306612838,-0.003950966306612824,-0.9999999999999944,-1.5803865226451295
2025-02-03 15:05:00+00:00,2025-02-03 15:10:00+00:00,2025-02-03 15:25:00+00:00,New_York,2025-02-03,opening_followthrough_30m,opening_range_breakout,long,96800.99,96122.39285714287,98158.18428571429,98158.18428571429,target,4,0.35662171222985234,0.0025,0.0050000000000000235,0.7132434244597047,0.001069865136689557,0.003930134863310467,2.0000000000000093,1.5720539453241866
2025-02-04 08:35:00+00:00,2025-02-04 08:40:00+00:00,2025-02-04 08:55:00+00:00,London,2025-02-04,opening_followthrough_30m,opening_range_breakout,short,98071.43,98393.35071428571,97427.58857142857,98304.34,phase_end,4,0.7616116767882041,0.0025,-0.0018087528206812986,1.5232233535764081,0.002284835030364612,-0.004093587851045911,-0.7235011282725194,-1.6374351404183642
2025-02-04 14:30:00+00:00,2025-02-04 14:35:00+00:00,2025-02-04 14:35:00+00:00,New_York,2025-02-04,opening_first_30m,value_area_bounce,long,100049.93,99714.5857142857,100720.61857142857,99714.5857142857,stop,1,0.7458747193715592,0.0025,-0.002500000000000014,1.4917494387431185,0.0022376241581146777,-0.004737624158114692,-1.0000000000000056,-1.8950496632458766
2025-02-04 15:00:00+00:00,2025-02-04 15:05:00+00:00,2025-02-04 15:15:00+00:00,New_York,2025-02-04,opening_followthrough_30m,value_area_bounce,short,99712.0,100200.87857142858,98734.24285714285,98734.24285714285,target,3,0.5099016700027726,0.0025,0.005000000000000001,1.0198033400055453,0.0015297050100083179,0.003470294989991683,2.0000000000000004,1.3881179959966732
2025-02-04 16:10:00+00:00,2025-02-04 16:15:00+00:00,2025-02-04 16:25:00+00:00,London,2025-02-04,closing_last_30m,value_area_bounce,long,99861.99,99346.235,100893.50000000001,99754.58,phase_end,3,0.48405730434023664,0.0025,-0.0005206444920553522,0.9681146086804733,0.00145217191302071,-0.001972816405076062,-0.20825779682214088,-0.7891265620304249
2025-02-05 14:50:00+00:00,2025-02-05 14:55:00+00:00,2025-02-05 14:55:00+00:00,New_York,2025-02-05,opening_first_30m,value_area_bounce,short,98507.99,98755.02142857143,98013.92714285715,98292.27,phase_end,1,0.9969175842287268,0.0025,0.002183123026566942,1.9938351684574536,0.0029907527526861805,-0.0008076297261192383,0.8732492106267769,-0.32305189044769533
2025-02-05 15:00:00+00:00,2025-02-05 15:05:00+00:00,2025-02-05 15:10:00+00:00,New_York,2025-02-05,opening_followthrough_30m,opening_range_breakout,short,97914.24,98215.47857142858,97311.76285714286,98215.47857142858,stop,2,0.812597134686794,0.0025,-0.002500000000000122,1.625194269373588,0.002437791404060382,-0.004937791404060504,-1.0000000000000488,-1.9751165616242017
2025-02-05 20:40:00+00:00,2025-02-05 20:45:00+00:00,2025-02-05 20:45:00+00:00,New_York,2025-02-05,closing_last_30m,value_area_bounce,short,96903.7,97134.66857142857,96441.76285714285,97134.66857142857,stop,1,1.0,0.0023834855782449097,-0.0023834855782449704,2.0,0.003,-0.0053834855782449705,-1.0000000000000255,-2.2586608567647066
2025-02-06 06:00:00+00:00,2025-02-06 06:05:00+00:00,2025-02-06 06:10:00+00:00,Tokyo,2025-02-06,closing_last_30m,value_area_bounce,short,97753.51,97850.205,97560.12,97850.205,stop,2,1.0,0.0009891716420208415,-0.0009891716420209473,2.0,0.003,-0.003989171642020947,-1.000000000000107,-4.032840684627003
2025-02-06 14:30:00+00:00,2025-02-06 14:35:00+00:00,2025-02-06 14:40:00+00:00,New_York,2025-02-06,opening_first_30m,value_area_bounce,long,98652.01,98379.49071428571,99197.04857142856,98379.49071428571,stop,2,0.9050002621046469,0.0025,-0.0024999999999999437,1.8100005242092938,0.0027150007863139406,-0.005215000786313885,-0.9999999999999775,-2.086000314525554
2025-02-06 21:15:00+00:00,2025-02-06 21:20:00+00:00,2025-02-06 21:25:00+00:00,New_York,2025-02-06,after_close_30m,value_area_bounce,short,96451.98,96672.20785714286,96011.52428571429,96508.76,phase_end,2,1.0,0.0022832901630724044,-0.0005886867226572168,2.0,0.003,-0.003588686722657217,-0.2578238772180744,-1.5717173317246134
2025-02-07 15:00:00+00:00,2025-02-07 15:05:00+00:00,2025-02-07 15:15:00+00:00,New_York,2025-02-07,opening_followthrough_30m,opening_range_breakout,short,98875.0,99264.28714285714,98096.42571428571,98096.42571428571,target,3,0.6349747340376745,0.0025,0.005000000000000023,1.269949468075349,0.0019049242021130235,0.003095075797886999,2.000000000000009,1.2380303191547997
2025-02-10 06:00:00+00:00,2025-02-10 06:05:00+00:00,2025-02-10 06:25:00+00:00,Tokyo,2025-02-10,closing_last_30m,value_area_bounce,short,97008.0,97208.67571428571,96606.64857142858,97008.68,phase_end,5,1.0,0.0020686511863528025,-7.009731156193411e-06,2.0,0.003,-0.0030070097311561935,-0.0033885515365943,-1.4536088785745422
2025-02-10 14:35:00+00:00,2025-02-10 14:40:00+00:00,2025-02-10 14:55:00+00:00,New_York,2025-02-10,opening_first_30m,value_area_bounce,short,97434.01,97695.13571428572,96911.75857142857,97270.64,phase_end,4,0.9328266489047434,0.0025,0.001564093375932742,1.8656532978094869,0.0027984799467142304,-0.0012343865707814883,0.6256373503730969,-0.4937546283125953
2025-02-12 08:40:00+00:00,2025-02-12 08:45:00+00:00,2025-02-12 08:55:00+00:00,London,2025-02-12,opening_followthrough_30m,opening_range_breakout,long,96339.57,96247.04785714287,96524.6142857143,96358.46,phase_end,3,1.0,0.0009603752939435454,0.00019607727126036423,2.0,0.003,-0.002803922728739636,0.204167342180598,-2.919611475245282
2025-02-12 15:00:00+00:00,2025-02-12 15:05:00+00:00,2025-02-12 15:20:00+00:00,New_York,2025-02-12,opening_followthrough_30m,value_area_bounce,short,95133.2,95510.65285714285,94378.29428571428,95510.65285714285,stop,4,0.6300998800228587,0.0025,-0.0024999999999999844,1.2601997600457173,0.001890299640068576,-0.004390299640068561,-0.9999999999999938,-1.7561198560274243
2025-02-13 06:10:00+00:00,2025-02-13 06:15:00+00:00,2025-02-13 06:25:00+00:00,Tokyo,2025-02-13,closing_last_30m,value_area_bounce,long,96572.66,96418.11714285714,96881.74571428572,96526.58,phase_end,3,1.0,0.001600275452108895,-0.0004771536788983344,2.0,0.003,-0.0034771536788983344,-0.29816971713808754,-2.1728469772600887
2025-02-13 08:15:00+00:00,2025-02-13 08:20:00+00:00,2025-02-13 08:25:00+00:00,London,2025-02-13,opening_first_30m,value_area_bounce,long,96028.17,95883.17857142857,96318.15285714286,96046.26,phase_end,2,1.0,0.001509884324270992,0.0001883822215917874,2.0,0.003,-0.0028116177784082126,0.12476599601942541,-1.8621411807594788
2025-02-13 14:45:00+00:00,2025-02-13 14:50:00+00:00,2025-02-13 14:55:00+00:00,New_York,2025-02-13,opening_first_30m,value_area_bounce,short,95937.48,96174.13571428572,95464.16857142857,95857.03,phase_end,2,1.0,0.0024667701745523735,0.0008385669500595716,2.0,0.003,-0.0021614330499404285,0.33994530934027534,-0.8762198733542932
2025-02-14 00:00:00+00:00,2025-02-14 00:05:00+00:00,2025-02-14 00:20:00+00:00,Tokyo,2025-02-14,opening_first_30m,value_area_bounce,short,96633.04,96737.5157142857,96424.08857142857,96737.5157142857,stop,4,1.0,0.0010811593455583247,-0.0010811593455584134,2.0,0.003,-0.0040811593455584135,-1.000000000000082,-3.7747991194127355
2025-02-14 08:05:00+00:00,2025-02-14 08:10:00+00:00,2025-02-14 08:25:00+00:00,London,2025-02-14,opening_first_30m,value_area_bounce,short,96852.23,96933.86571428571,96688.95857142856,96933.86571428571,stop,4,1.0,0.000842889361305505,-0.0008428893613054989,2.0,0.003,-0.003842889361305499,-0.9999999999999927,-4.559185983025647
2025-02-14 15:05:00+00:00,2025-02-14 15:10:00+00:00,2025-02-14 15:15:00+00:00,New_York,2025-02-14,opening_followthrough_30m,value_area_bounce,short,96992.39,97217.295,96542.58,96542.58,target,2,1.0,0.002318790164877904,0.004637580329755697,2.0,0.003,0.0016375803297556972,1.999999999999952,0.7062218714568008
2025-02-14 16:00:00+00:00,2025-02-14 16:05:00+00:00,2025-02-14 16:25:00+00:00,London,2025-02-14,closing_last_30m,value_area_bounce,short,96845.23,97128.89642857143,96277.89714285714,96763.8,phase_end,5,0.8535133192154765,0.0025,0.0007176563015411937,1.707026638430953,0.0025605399576464293,-0.0018428836561052357,0.28706252061647747,-0.7371534624420942
2025-02-17 06:40:00+00:00,2025-02-17 06:45:00+00:00,2025-02-17 06:55:00+00:00,Tokyo,2025-02-17,after_close_30m,value_area_bounce,short,96348.84,96435.35214285714,96175.81571428571,96376.77,phase_end,3,1.0,0.0008979053910471965,-0.00028988413352992737,2.0,0.003,-0.0032898841335299274,-0.3228448524981517,-3.6639540939753656
2025-02-17 08:45:00+00:00,2025-02-17 08:50:00+00:00,2025-02-17 08:50:00+00:00,London,2025-02-17,opening_followthrough_30m,opening_range_breakout,long,96287.4,96163.50928571427,96535.18142857142,96163.50928571427,stop,1,1.0,0.001286676286676309,-0.001286676286676336,2.0,0.003,-0.004286676286676336,-1.0000000000000209,-3.3315887850467094
2025-02-17 16:20:00+00:00,2025-02-17 16:25:00+00:00,2025-02-17 16:25:00+00:00,London,2025-02-17,closing_last_30m,value_area_bounce,long,95693.28,95473.43785714285,96132.96428571429,95499.99,phase_end,1,1.0,0.002297362394278297,-0.002019891051910805,2.0,0.003,-0.005019891051910805,-0.8792217792636681,-2.1850671293362818
2025-02-18 00:00:00+00:00,2025-02-18 00:05:00+00:00,2025-02-18 00:05:00+00:00,Tokyo,2025-02-18,opening_first_30m,value_area_bounce,long,95872.11,95780.74857142857,96054.83285714286,96054.83285714286,target,1,1.0,0.0009529510571054335,0.0019059021142109334,2.0,0.003,-0.0010940978857890667,2.0000000000000697,-1.1481155067001692
2025-02-18 14:30:00+00:00,2025-02-18 14:35:00+00:00,2025-02-18 14:35:00+00:00,New_York,2025-02-18,opening_first_30m,value_area_bounce,short,96322.0,96474.15785714285,96017.68428571429,96017.68428571429,target,1,1.0,0.0015796791713508606,0.003159358342701646,2.0,0.003,0.00015935834270164578,1.9999999999999523,0.10088019491031884
2025-02-18 15:15:00+00:00,2025-02-18 15:20:00+00:00,2025-02-18 15:25:00+00:00,New_York,2025-02-18,opening_followthrough_30m,opening_range_breakout,short,95359.57,95647.91571428571,94782.87857142858,95647.91571428571,stop,2,0.8267815791559713,0.0025,-0.0024999999999999025,1.6535631583119426,0.0024803447374679138,-0.004980344737467816,-0.9999999999999609,-1.9921378949871265
2025-02-18 16:15:00+00:00,2025-02-18 16:20:00+00:00,2025-02-18 16:20:00+00:00,London,2025-02-18,closing_last_30m,value_area_bounce,long,95630.0,95393.47928571429,96103.04142857142,95393.47928571429,stop,1,1.0,0.0024732899120120328,-0.002473289912012011,2.0,0.003,-0.005473289912012011,-0.9999999999999912,-2.212959299849917
2025-02-19 20:50:00+00:00,2025-02-19 20:55:00+00:00,2025-02-19 20:55:00+00:00,New_York,2025-02-19,closing_last_30m,value_area_bounce,short,96239.58,96397.05571428571,95924.62857142858,96180.72,phase_end,1,1.0,0.001636288461418011,0.0006115986790465877,2.0,0.003,-0.0023884013209534124,0.3737719194796344,-1.4596456415048107
2025-02-20 08:50:00+00:00,2025-02-20 08:55:00+00:00,2025-02-20 08:55:00+00:00,London,2025-02-20,opening_followthrough_30m,opening_range_breakout,long,97187.85,97127.36642857143,97308.81714285715,97150.01,phase_end,1,1.0,0.0006223367574092,-0.0003893490801577526,2.0,0.003,-0.0033893490801577527,-0.6256244316640084,-5.446165664820569
2025-02-20 14:40:00+00:00,2025-02-20 14:45:00+00:00,2025-02-20 14:45:00+00:00,New_York,2025-02-20,opening_first_30m,value_area_bounce,short,97729.11,97878.71785714285,97429.89428571428,97429.89428571428,target,1,1.0,0.0015308423165099712,0.0030616846330199232,2.0,0.003,6.168463301992316e-05,1.9999999999999876,0.04029457009037506
2025-02-20 16:05:00+00:00,2025-02-20 16:10:00+00:00,2025-02-20 16:25:00+00:00,London,2025-02-20,closing_last_30m,value_area_bounce,long,97258.31,97040.305,97694.32,97694.32,target,4,1.0,0.002241505121773158,0.00448301024354647,2.0,0.003,0.0014830102435464702,2.000000000000069,0.6616135868444167
2025-02-21 08:35:00+00:00,2025-02-21 08:40:00+00:00,2025-02-21 08:55:00+00:00,London,2025-02-21,opening_followthrough_30m,value_area_bounce,long,98233.3,98165.92571428571,98368.04857142858,98213.41,phase_end,4,1.0,0.0006858599447874307,-0.000202477164057413,2.0,0.003,-0.003202477164057413,-0.2952164878503977,-4.669287349985076
2025-02-21 15:00:00+00:00,2025-02-21 15:05:00+00:00,2025-02-21 15:20:00+00:00,New_York,2025-02-21,opening_followthrough_30m,opening_range_breakout,long,99142.26,98875.30642857142,99676.16714285713,98875.30642857142,stop,4,0.9284597642714815,0.0025,-0.0025000000000000074,1.856919528542963,0.0027853792928144443,-0.005285379292814451,-1.0000000000000029,-2.1141517171257806
2025-02-21 20:40:00+00:00,2025-02-21 20:45:00+00:00,2025-02-21 20:50:00+00:00,New_York,2025-02-21,closing_last_30m,value_area_bounce,long,95357.85,95053.66642857144,95966.21714285715,95053.66642857144,stop,2,0.7837195936664146,0.0025,-0.0024999999999999896,1.5674391873328293,0.002351158780999244,-0.0048511587809992335,-0.9999999999999959,-1.9404635123996934
2025-02-24 14:30:00+00:00,2025-02-24 14:35:00+00:00,2025-02-24 14:40:00+00:00,New_York,2025-02-24,opening_first_30m,value_area_bounce,short,95504.0,95671.17357142858,95169.65285714285,95169.65285714285,target,2,1.0,0.0017504352846851646,0.003500870569370429,2.0,0.003,0.0005008705693704289,2.000000000000057,0.28614058100440776
2025-02-24 15:00:00+00:00,2025-02-24 15:05:00+00:00,2025-02-24 15:05:00+00:00,New_York,2025-02-24,opening_followthrough_30m,opening_range_breakout,short,94416.21,94648.25071428572,93952.12857142858,94648.25071428572,stop,1,1.0,0.002457636398301889,-0.0024576363983019878,2.0,0.003,-0.005457636398301988,-1.0000000000000402,-2.220685046035678
2025-02-24 16:05:00+00:00,2025-02-24 16:10:00+00:00,2025-02-24 16:25:00+00:00,London,2025-02-24,closing_last_30m,value_area_bounce,long,94670.0,94327.16285714286,95355.67428571428,94783.79,phase_end,4,0.6903423533039426,0.0025,0.0008297671530838609,1.3806847066078851,0.0020710270599118277,-0.0012412599068279666,0.33190686123354435,-0.49650396273118663
2025-02-25 15:10:00+00:00,2025-02-25 15:15:00+00:00,2025-02-25 15:25:00+00:00,New_York,2025-02-25,opening_followthrough_30m,opening_range_breakout,short,86828.15,87364.81214285713,85754.82571428572,86620.21,phase_end,3,0.40448236919477276,0.0025,0.000968672761660295,0.8089647383895455,0.0012134471075843183,-0.00024477434592402327,0.387469104664118,-0.09790973836960931
2025-02-26 06:15:00+00:00,2025-02-26 06:20:00+00:00,2025-02-26 06:25:00+00:00,Tokyo,2025-02-26,closing_last_30m,value_area_bounce,long,88797.95,88651.41357142857,89091.02285714286,88727.59,phase_end,2,1.0,0.001650223102801689,-0.0007923606344515388,2.0,0.003,-0.003792360634451539,-0.48015364292640045,-2.298089651037491
2025-02-26 15:05:00+00:00,2025-02-26 15:10:00+00:00,2025-02-26 15:25:00+00:00,New_York,2025-02-26,opening_followthrough_30m,opening_range_breakout,long,87956.32,87388.16714285716,89092.62571428572,87684.33,phase_end,4,0.3870275353463732,0.0025,-0.0011968170034724163,0.7740550706927464,0.0011610826060391196,-0.002357899609511536,-0.4787268013889665,-0.9431598438046144
2025-02-27 00:40:00+00:00,2025-02-27 00:45:00+00:00,2025-02-27 00:55:00+00:00,Tokyo,2025-02-27,opening_followthrough_30m,opening_range_breakout,long,84678.24,84390.28285714287,85254.15428571429,84742.39,phase_end,3,0.7351635660068527,0.0025,0.0005569405169419961,1.4703271320137055,0.002205490698020558,-0.001648550181078562,0.2227762067767984,-0.6594200724314248
2025-02-27 15:20:00+00:00,2025-02-27 15:25:00+00:00,2025-02-27 15:25:00+00:00,New_York,2025-02-27,opening_followthrough_30m,value_area_bounce,long,85628.01,85168.71071428571,86546.60857142857,85672.07,phase_end,1,0.4660795948486735,0.0025,0.00023982184041228963,0.932159189697347,0.0013982387845460206,-0.001158416944133731,0.09592873616491585,-0.46336677765349243
2025-02-27 21:05:00+00:00,2025-02-27 21:10:00+00:00,2025-02-27 21:25:00+00:00,New_York,2025-02-27,after_close_30m,value_area_bounce,long,83723.07,83326.62285714287,84515.96428571429,83943.39,phase_end,4,0.5279585911290647,0.0025,0.001389340319192209,1.0559171822581295,0.0015838757733871943,-0.00019453545419498524,0.5557361276768836,-0.0778141816779941
2025-02-28 00:50:00+00:00,2025-02-28 00:55:00+00:00,2025-02-28 00:55:00+00:00,Tokyo,2025-02-28,opening_followthrough_30m,value_area_bounce,short,84295.31,84472.01,83941.91,84258.65,phase_end,1,1.0,0.002096202030694237,0.00043489964032406014,2.0,0.003,-0.00256510035967594,0.20747028862481667,-1.22368947368418
2025-02-28 14:30:00+00:00,2025-02-28 14:35:00+00:00,2025-02-28 14:35:00+00:00,New_York,2025-02-28,opening_first_30m,value_area_bounce,short,81119.22,81544.36357142858,80268.93285714286,81544.36357142858,stop,1,0.47701074090937273,0.0025,-0.002500000000000075,0.9540214818187455,0.0014310322227281183,-0.003931032222728194,-1.00000000000003,-1.5724128890912774
2025-02-28 15:05:00+00:00,2025-02-28 15:10:00+00:00,2025-02-28 15:20:00+00:00,New_York,2025-02-28,opening_followthrough_30m,opening_range_breakout,long,82913.6,82413.835,83913.13,83913.13,target,3,0.4147629385811319,0.0025,0.005000000000000022,0.8295258771622638,0.0012442888157433957,0.003755711184256626,2.000000000000009,1.5022844737026504
2025-02-28 20:50:00+00:00,2025-02-28 20:55:00+00:00,2025-02-28 20:55:00+00:00,New_York,2025-02-28,closing_last_30m,value_area_bounce,long,84184.58,83868.69642857143,84816.34714285715,84191.27,phase_end,1,0.6662627279038126,0.0025,5.2946723137129886e-05,1.3325254558076252,0.0019987881837114376,-0.0019458414605743077,0.021178689254851953,-0.7783365842297231
2025-03-03 00:00:00+00:00,2025-03-03 00:05:00+00:00,2025-03-03 00:25:00+00:00,Tokyo,2025-03-03,opening_first_30m,value_area_bounce,short,93981.12,94372.40857142856,93198.54285714285,93843.86,phase_end,5,0.6004591423209769,0.0025,0.0008769742462632319,1.2009182846419537,0.0018013774269629306,-0.0009244031806996987,0.35078969850529274,-0.3697612722798795
2025-03-03 08:45:00+00:00,2025-03-03 08:50:00+00:00,2025-03-03 08:55:00+00:00,London,2025-03-03,opening_followthrough_30m,opening_range_breakout,short,91594.0,91858.05214285714,91065.89571428571,91477.54,phase_end,2,0.8671961436188174,0.0025,0.0011026231290898131,1.7343922872376347,0.0026015884308564522,-0.0014989653017666391,0.44104925163592523,-0.5995861207066556
2025-03-03 15:20:00+00:00,2025-03-03 15:25:00+00:00,2025-03-03 15:25:00+00:00,New_York,2025-03-03,opening_followthrough_30m,value_area_bounce,long,90977.25,90110.36571428571,92711.01857142858,91083.99,phase_end,1,0.26236849455933337,0.0025,0.00030782655124511236,0.5247369891186667,0.0007871054836780001,-0.0004792789324328877,0.12313062049804493,-0.19171157297315508
2025-03-04 08:15:00+00:00,2025-03-04 08:20:00+00:00,2025-03-04 08:25:00+00:00,London,2025-03-04,opening_first_30m,value_area_bounce,long,83423.97,83169.28285714285,83933.3442857143,83601.34,phase_end,2,0.8188867433994627,0.0025,0.0017410576561718697,1.6377734867989253,0.002456660230198388,-0.0007156025740265182,0.6964230624687479,-0.28624102961060727
2025-03-04 14:30:00+00:00,2025-03-04 14:35:00+00:00,2025-03-04 14:35:00+00:00,New_York,2025-03-04,opening_first_30m,value_area_bounce,long,83015.11,82519.89714285714,84005.53571428572,84005.53571428572,target,1,0.41908801842785987,0.0025,0.005000000000000061,0.8381760368557197,0.0012572640552835797,0.003742735944716481,2.0000000000000244,1.4970943778865924
2025-03-06 00:05:00+00:00,2025-03-06 00:10:00+00:00,2025-03-06 00:25:00+00:00,Tokyo,2025-03-06,opening_first_30m,value_area_bounce,short,90504.01,90713.50857142857,90085.01285714285,90370.0,phase_end,4,1.0,0.0023147987744252677,0.0014807078713969801,2.0,0.003,-0.00151929212860302,0.639670233005294,-0.6563387476219132
2025-03-06 06:20:00+00:00,2025-03-06 06:25:00+00:00,2025-03-06 06:25:00+00:00,Tokyo,2025-03-06,closing_last_30m,value_area_bounce,short,92088.57,92278.82714285715,91708.05571428573,92198.17,phase_end,1,1.0,0.002066023425677488,-0.0011901585614804144,2.0,0.003,-0.0041901585614804145,-0.5760624718425634,-2.028127323922468
2025-03-06 14:35:00+00:00,2025-03-06 14:40:00+00:00,2025-03-06 14:40:00+00:00,New_York,2025-03-06,opening_first_30m,value_area_bounce,long,89712.23,89322.11,90492.47,89322.11,stop,1,0.5749015046652288,0.0025,-0.0024999999999999766,1.1498030093304576,0.0017247045139956866,-0.004224704513995663,-0.9999999999999907,-1.6898818055982652
2025-03-07 00:10:00+00:00,2025-03-07 00:15:00+00:00,2025-03-07 00:15:00+00:00,Tokyo,2025-03-07,opening_first_30m,value_area_bounce,short,90218.0,90527.07857142857,89599.84285714285,89599.84285714285,target,1,0.7297335397841428,0.0025,0.0049999999999999585,1.4594670795682856,0.0021892006193524284,0.00281079938064753,1.9999999999999833,1.124319752259012
2025-03-07 00:35:00+00:00,2025-03-07 00:40:00+00:00,2025-03-07 00:55:00+00:00,Tokyo,2025-03-07,opening_followthrough_30m,opening_range_breakout,short,85893.16,86617.68357142858,84444.11285714286,85529.22,phase_end,4,0.2963780730785636,0.0025,0.0012557907511635909,0.5927561461571272,0.0008891342192356909,0.0003666565319279,0.5023163004654363,0.14666261277116
2025-03-07 06:35:00+00:00,2025-03-07 06:40:00+00:00,2025-03-07 06:45:00+00:00,Tokyo,2025-03-07,after_close_30m,value_area_bounce,short,87961.99,88121.37142857144,87643.22714285714,88121.37142857144,stop,2,1.0,0.0018119352298808762,-0.0018119352298808789,2.0,0.003,-0.004811935229880879,-1.0000000000000013,-2.655688321815584
2025-03-07 14:30:00+00:00,2025-03-07 14:35:00+00:00,2025-03-07 14:40:00+00:00,New_York,2025-03-07,opening_first_30m,value_area_bounce,long,89068.83,88561.46142857143,90083.56714285715,90083.56714285715,target,2,0.4388763662933106,0.0025,0.0050000000000000044,0.8777527325866212,0.001316629098879932,0.0036833709011200727,2.0000000000000018,1.473348360448029
2025-03-07 15:10:00+00:00,2025-03-07 15:15:00+00:00,2025-03-07 15:25:00+00:00,New_York,2025-03-07,opening_followthrough_30m,value_area_bounce,short,90022.05,90600.27142857143,88865.60714285714,89211.47,phase_end,3,0.38921962051117315,0.0025,0.0035046262553890878,0.7784392410223463,0.0011676588615335195,0.0023369673938555685,1.4018505021556351,0.9347869575422274
2025-03-07 16:00:00+00:00,2025-03-07 16:05:00+00:00,2025-03-07 16:20:00+00:00,London,2025-03-07,closing_last_30m,value_area_bounce,long,88459.81,87814.77785714285,89749.87428571428,87814.77785714285,stop,4,0.3428503950522954,0.0025,-0.002500000000000024,0.6857007901045908,0.0010285511851568863,-0.00352855118515691,-1.0000000000000095,-1.411420474062764
2025-03-10 00:30:00+00:00,2025-03-10 00:35:00+00:00,2025-03-10 00:40:00+00:00,Tokyo,2025-03-10,opening_followthrough_30m,opening_range_breakout,short,80133.35,80510.61857142858,79378.81285714287,80510.61857142858,stop,2,0.5310099758413868,0.0025,-0.002500000000000032,1.0620199516827735,0.0015930299275241603,-0.004093029927524193,-1.0000000000000129,-1.637211971009677
2025-03-10 06:40:00+00:00,2025-03-10 06:45:00+00:00,2025-03-10 06:55:00+00:00,Tokyo,2025-03-10,after_close_30m,value_area_bounce,long,82133.98,81985.60928571428,82430.72142857143,82332.67,phase_end,3,1.0,0.0018064473958976956,0.0024190962132846217,2.0,0.003,-0.0005809037867153784,1.3391456727598074,-0.3215724897578344
2025-03-10 08:35:00+00:00,2025-03-10 08:40:00+00:00,2025-03-10 08:40:00+00:00,London,2025-03-10,opening_followthrough_30m,opening_range_breakout,short,81301.99,81518.16071428572,80869.64857142858,81518.16071428572,stop,1,0.9402521320781483,0.0025,-0.002499999999999981,1.8805042641562966,0.0028207563962344448,-0.005320756396234426,-0.9999999999999923,-2.12830255849377
2025-03-11 00:30:00+00:00,2025-03-11 00:35:00+00:00,2025-03-11 00:35:00+00:00,Tokyo,2025-03-11,opening_followthrough_30m,opening_range_breakout,short,77065.9,77468.99928571428,76259.70142857142,77468.99928571428,stop,1,0.4779585497369477,0.0025,-0.00249999999999995,0.9559170994738954,0.001433875649210843,-0.0039338756492107935,-0.99999999999998,-1.5735502596843174
2025-03-11 08:45:00+00:00,2025-03-11 08:50:00+00:00,2025-03-11 08:50:00+00:00,London,2025-03-11,opening_followthrough_30m,opening_range_breakout,long,81350.52,81158.935,81733.69000000002,81158.935,stop,1,1.0,0.0023550556284090535,-0.0023550556284090973,2.0,0.003,-0.005355055628409097,-1.0000000000000187,-2.27385526006733
2025-03-11 13:35:00+00:00,2025-03-11 13:40:00+00:00,2025-03-11 13:45:00+00:00,New_York,2025-03-11,opening_first_30m,value_area_bounce,long,81410.18,80941.045,82348.45,80941.045,stop,2,0.4338313065535517,0.0025,-0.002499999999999979,0.8676626131071034,0.001301493919660655,-0.0038014939196606336,-0.9999999999999915,-1.5205975678642534
2025-03-12 00:30:00+00:00,2025-03-12 00:35:00+00:00,2025-03-12 00:35:00+00:00,Tokyo,2025-03-12,opening_followthrough_30m,opening_range_breakout,long,83123.62,82933.59999999999,83503.65999999999,82933.59999999999,stop,1,1.0,0.0022859928381367156,-0.0022859928381367967,2.0,0.003,-0.005285992838136797,-1.0000000000000355,-2.3123400694664222
2025-03-12 19:35:00+00:00,2025-03-12 19:40:00+00:00,2025-03-12 19:45:00+00:00,New_York,2025-03-12,closing_last_30m,value_area_bounce,short,82643.51,82864.63928571428,82201.25142857143,82864.63928571428,stop,2,0.93433474599539,0.0025,-0.0025000000000000456,1.86866949199078,0.0028030042379861703,-0.005303004237986216,-1.0000000000000182,-2.121201695194486
2025-03-14 00:40:00+00:00,2025-03-14 00:45:00+00:00,2025-03-14 00:55:00+00:00,Tokyo,2025-03-14,opening_followthrough_30m,opening_range_breakout,long,81537.35,81389.03142857144,81833.98714285715,81503.31,phase_end,3,1.0,0.0018190261448105532,-0.0004174773891966188,2.0,0.003,-0.003417477389196619,-0.22950598614958226,-1.878740115388798
2025-03-14 13:40:00+00:00,2025-03-14 13:45:00+00:00,2025-03-14 13:45:00+00:00,New_York,2025-03-14,opening_first_30m,value_area_bounce,short,83266.56,83462.33714285714,82875.00571428571,83462.33714285714,stop,1,1.0,0.002351209691587406,-0.002351209691587419,2.0,0.003,-0.005351209691587419,-1.0000000000000056,-2.2759389393187552
2025-03-14 14:00:00+00:00,2025-03-14 14:05:00+00:00,2025-03-14 14:05:00+00:00,New_York,2025-03-14,opening_followthrough_30m,value_area_bounce,long,83357.01,83073.11142857143,83924.80714285714,83073.11142857143,stop,1,0.7340386531407035,0.0025,-0.0024999999999999493,1.468077306281407,0.0022021159594221105,-0.00470211595942206,-0.9999999999999797,-1.8808463837688238
2025-03-17 06:50:00+00:00,2025-03-17 06:55:00+00:00,2025-03-17 06:55:00+00:00,Tokyo,2025-03-17,after_close_30m,value_area_bounce,long,83266.34,83124.87999999999,83549.26,83220.91,phase_end,1,1.0,0.0016988857682468112,-0.0005455986176405858,2.0,0.003,-0.003545598617640586,-0.3211508553654104,-2.0870141382722367
2025-03-17 08:15:00+00:00,2025-03-17 08:20:00+00:00,2025-03-17 08:20:00+00:00,London,2025-03-17,opening_first_30m,value_area_bounce,short,83275.87,83397.44785714285,83032.71428571429,83397.44785714285,stop,1,1.0,0.0014599410026320452,-0.0014599410026319148,2.0,0.003,-0.004459941002631915,-0.9999999999999107,-3.0548775564158683
2025-03-17 13:35:00+00:00,2025-03-17 13:40:00+00:00,2025-03-17 13:40:00+00:00,New_York,2025-03-17,opening_first_30m,value_area_bounce,long,83675.61,83368.49,84289.85,83368.49,stop,1,0.681131235347748,0.0025,-0.002499999999999985,1.362262470695496,0.002043393706043244,-0.004543393706043229,-0.9999999999999939,-1.8173574824172916
2025-03-18 08:30:00+00:00,2025-03-18 08:35:00+00:00,2025-03-18 08:40:00+00:00,London,2025-03-18,opening_followthrough_30m,opening_range_breakout,long,83373.2,83241.93071428571,83635.73857142858,83241.93071428571,stop,2,1.0,0.001574478198201425,-0.0015744781982013345,2.0,0.003,-0.0045744781982013346,-0.9999999999999426,-2.9053931667182833
2025-03-18 14:20:00+00:00,2025-03-18 14:25:00+00:00,2025-03-18 14:25:00+00:00,New_York,2025-03-18,opening_followthrough_30m,value_area_bounce,long,81449.55,81172.01071428572,82004.62857142858,81624.11,phase_end,1,0.7336758631339215,0.0025,0.0015723900091364094,1.467351726267843,0.0022010275894017647,-0.0006286375802653553,0.6289560036545637,-0.2514550321061421
2025-03-19 14:00:00+00:00,2025-03-19 14:05:00+00:00,2025-03-19 14:05:00+00:00,New_York,2025-03-19,opening_followthrough_30m,opening_range_breakout,long,84365.38,84116.42142857144,84863.29714285715,84116.42142857144,stop,1,0.8471829220007959,0.0025,-0.002499999999999937,1.6943658440015918,0.0025415487660023876,-0.005041548766002325,-0.9999999999999748,-2.01661950640093
2025-03-20 08:40:00+00:00,2025-03-20 08:45:00+00:00,2025-03-20 08:45:00+00:00,London,2025-03-20,opening_followthrough_30m,opening_range_breakout,long,86053.16,85968.26714285715,86222.94571428571,86222.94571428571,target,1,1.0,0.0009865164410331727,0.0019730328820661835,2.0,0.003,-0.0010269671179338165,1.9999999999998361,-1.0410035506942794
2025-03-20 13:30:00+00:00,2025-03-20 13:35:00+00:00,2025-03-20 13:40:00+00:00,New_York,2025-03-20,opening_first_30m,value_area_bounce,long,85316.86,85195.89571428571,85558.78857142857,85558.78857142857,target,2,1.0,0.0014178239296932132,0.002835647859386281,2.0,0.003,-0.000164352140613719,1.9999999999998976,-0.11591858281675448
2025-03-20 14:05:00+00:00,2025-03-20 14:10:00+00:00,2025-03-20 14:25:00+00:00,New_York,2025-03-20,opening_followthrough_30m,opening_range_breakout,long,86063.91,85848.33,86495.07,86495.07,target,4,0.9980507236292856,0.0025,0.005000000000000011,1.9961014472585712,0.0029941521708878567,0.0020058478291121546,2.0000000000000044,0.8023391316448618
2025-03-21 14:20:00+00:00,2025-03-21 14:25:00+00:00,2025-03-21 14:25:00+00:00,New_York,2025-03-21,opening_followthrough_30m,opening_range_breakout,long,84164.57,83868.5142857143,84756.68142857144,84084.49,phase_end,1,0.710715635087983,0.0025,-0.000676224069793818,1.421431270175966,0.002132146905263949,-0.002808370975057767,-0.2704896279175272,-1.1233483900231067
2025-03-21 16:05:00+00:00,2025-03-21 16:10:00+00:00,2025-03-21 16:20:00+00:00,London,2025-03-21,closing_last_30m,value_area_bounce,long,83640.01,83459.42285714285,84001.18428571428,84001.18428571428,target,3,1.0,0.0021590999673139913,0.004318199934628009,2.0,0.003,0.0013181999346280086,2.000000000000012,0.6105321451456012
2025-03-24 00:30:00+00:00,2025-03-24 00:35:00+00:00,2025-03-24 00:35:00+00:00,Tokyo,2025-03-24,opening_followthrough_30m,opening_range_breakout,long,86605.82,86429.17214285715,86959.11571428573,86429.17214285715,stop,1,1.0,0.0020396765153064497,-0.0020396765153064544,2.0,0.003,-0.0050396765153064545,-1.0000000000000024,-2.470821464819029
2025-03-24 08:00:00+00:00,2025-03-24 08:05:00+00:00,2025-03-24 08:20:00+00:00,London,2025-03-24,opening_first_30m,value_area_bounce,long,87046.62,86919.3407142857,87301.17857142857,87301.17857142857,target,4,1.0,0.0014621967597855839,0.002924393519571078,2.0,0.003,-7.56064804289221e-05,1.9999999999999387,-0.0517074599727666
2025-03-24 14:00:00+00:00,2025-03-24 14:05:00+00:00,2025-03-24 14:15:00+00:00,New_York,2025-03-24,opening_followthrough_30m,opening_range_breakout,long,88090.83,87885.82785714287,88500.83428571429,88500.83428571429,target,3,1.0,0.0023271677977962143,0.004654335595592363,2.0,0.003,0.0016543355955923626,1.9999999999999716,0.7108793775674399
2025-03-24 16:30:00+00:00,2025-03-24 16:35:00+00:00,2025-03-24 16:55:00+00:00,London,2025-03-24,after_close_30m,value_area_bounce,long,87867.92,87685.75,88232.26,88057.54,phase_end,5,1.0,0.002073225359152684,0.0021580117066615223,2.0,0.003,-0.0008419882933384778,1.0408958664983194,-0.4061248284569478
2025-03-25 06:15:00+00:00,2025-03-25 06:20:00+00:00,2025-03-25 06:25:00+00:00,Tokyo,2025-03-25,closing_last_30m,value_area_bounce,short,86719.99,86825.3292857143,86509.31142857144,86764.01,phase_end,2,1.0,0.0012147059255228892,-0.0005076107596413415,2.0,0.003,-0.0035076107596413416,-0.4178877775893227,-2.8876213459907474
2025-03-25 06:40:00+00:00,2025-03-25 06:45:00+00:00,2025-03-25 06:55:00+00:00,Tokyo,2025-03-25,after_close_30m,value_area_bounce,short,86617.0,86725.69,86399.62,86534.5,phase_end,3,1.0,0.0012548345013103572,0.0009524689148781018,2.0,0.003,-0.0020475310851218982,0.7590394700524165,-1.6317140491305986
2025-03-25 08:20:00+00:00,2025-03-25 08:25:00+00:00,2025-03-25 08:25:00+00:00,London,2025-03-25,opening_first_30m,value_area_bounce,long,86624.13,86520.88571428572,86830.61857142858,86619.56,phase_end,1,1.0,0.0011918651963868227,-5.275666260662337e-05,2.0,0.003,-0.0030527566626066234,-0.04426395096237131,-2.5613271298307496
2025-03-26 08:45:00+00:00,2025-03-26 08:50:00+00:00,2025-03-26 08:55:00+00:00,London,2025-03-26,opening_followthrough_30m,opening_range_breakout,short,87918.48,88005.51714285713,87744.4057142857,87959.73,phase_end,2,1.0,0.0009899755188800374,-0.00046918463558509593,2.0,0.003,-0.003469184635585096,-0.47393559399921936,-3.5043135607128915
2025-03-26 14:20:00+00:00,2025-03-26 14:25:00+00:00,2025-03-26 14:25:00+00:00,New_York,2025-03-26,opening_followthrough_30m,opening_range_breakout,short,86502.0,86800.34428571428,85905.31142857143,86699.51,phase_end,1,0.7248504843397596,0.0025,-0.001655050971791866,1.4497009686795193,0.002174551453019279,-0.003829602424811145,-0.6620203887167464,-1.531840969924458
2025-03-27 00:35:00+00:00,2025-03-27 00:40:00+00:00,2025-03-27 00:55:00+00:00,Tokyo,2025-03-27,opening_followthrough_30m,value_area_bounce,short,87154.0,87262.40071428572,86937.19857142857,87262.40071428572,stop,4,1.0,0.0012437835817714997,-0.0012437835817715737,2.0,0.003,-0.004243783581771574,-1.0000000000000595,-3.4119951766264878
2025-03-27 06:20:00+00:00,2025-03-27 06:25:00+00:00,2025-03-27 06:25:00+00:00,Tokyo,2025-03-27,closing_last_30m,value_area_bounce,long,87496.4,87420.22357142856,87648.75285714286,87482.52,phase_end,1,1.0,0.0008706235750434388,-0.0001586350981296336,2.0,0.003,-0.0031586350981296337,-0.18220859470950884,-3.6280146652036582
2025-03-27 08:10:00+00:00,2025-03-27 08:15:00+00:00,2025-03-27 08:25:00+00:00,London,2025-03-27,opening_first_30m,value_area_bounce,long,87360.0,87274.43357142857,87531.13285714286,87410.74,phase_end,3,1.0,0.0009794691915227572,0.000580815018315084,2.0,0.003,-0.002419184981684916,0.5929895736813373,-2.469893900311318
2025-03-28 00:45:00+00:00,2025-03-28 00:50:00+00:00,2025-03-28 00:55:00+00:00,Tokyo,2025-03-28,opening_followthrough_30m,opening_range_breakout,long,87318.79,87218.11499999999,87520.14,87354.01,phase_end,2,1.0,0.0011529591740792656,0.0004033496112347823,2.0,0.003,-0.0025966503887652178,0.34983858952064867,-2.252161609138381
2025-03-28 06:45:00+00:00,2025-03-28 06:50:00+00:00,2025-03-28 06:50:00+00:00,Tokyo,2025-03-28,after_close_30m,value_area_bounce,long,85908.0,85764.46214285714,86195.07571428572,85764.46214285714,stop,1,1.0,0.0016708322524427994,-0.0016708322524427999,2.0,0.003,-0.0046708322524428,-1.0000000000000002,-2.795512383492672
2025-03-28 13:50:00+00:00,2025-03-28 13:55:00+00:00,2025-03-28 13:55:00+00:00,New_York,2025-03-28,opening_first_30m,value_area_bounce,short,84984.2,85182.53071428572,84587.53857142857,84994.0,phase_end,1,1.0,0.0023337363214069994,-0.00011531555277333183,2.0,0.003,-0.003115315552773332,-0.049412417210787804,-1.3349046866164904
2025-03-31 00:30:00+00:00,2025-03-31 00:35:00+00:00,2025-03-31 00:40:00+00:00,Tokyo,2025-03-31,opening_followthrough_30m,opening_range_breakout,short,81789.98,81970.48214285714,81428.9757142857,81428.9757142857,target,2,1.0,0.0022068979948050593,0.004413795989610225,2.0,0.003,0.0014137959896102252,2.0000000000000484,0.6406258888893999
2025-03-31 07:35:00+00:00,2025-03-31 07:40:00+00:00,2025-03-31 07:55:00+00:00,London,2025-03-31,opening_followthrough_30m,opening_range_breakout,short,81795.22,81932.80285714286,81520.05428571429,81932.80285714286,stop,4,1.0,0.0016820403092363885,-0.0016820403092363545,2.0,0.003,-0.0046820403092363546,-0.9999999999999798,-2.783548220293189
2025-03-31 14:00:00+00:00,2025-03-31 14:05:00+00:00,2025-03-31 14:15:00+00:00,New_York,2025-03-31,opening_followthrough_30m,opening_range_breakout,long,82815.13,82496.50857142858,83452.37285714287,83452.37285714287,target,3,0.6497925325621544,0.0025,0.005000000000000065,1.2995850651243088,0.0019493775976864632,0.003050622402313602,2.000000000000026,1.2202489609254408
2025-04-01 00:15:00+00:00,2025-04-01 00:20:00+00:00,2025-04-01 00:25:00+00:00,Tokyo,2025-04-01,opening_first_30m,value_area_bounce,long,82596.35,82459.05714285714,82870.93571428572,82640.0,phase_end,2,1.0,0.0016622145790081478,0.0005284737158481878,2.0,0.003,-0.0024715262841518123,0.3179335102231692,-1.486887622912431
2025-04-01 00:30:00+00:00,2025-04-01 00:35:00+00:00,2025-04-01 00:35:00+00:00,Tokyo,2025-04-01,opening_followthrough_30m,value_area_bounce,short,82597.65,82715.265,82362.42,82715.265,stop,1,1.0,0.0014239509235432373,-0.0014239509235431935,2.0,0.003,-0.004423950923543194,-0.9999999999999692,-3.1068141818645083
2025-04-01 07:50:00+00:00,2025-04-01 07:55:00+00:00,2025-04-01 07:55:00+00:00,London,2025-04-01,opening_followthrough_30m,value_area_bounce,short,83498.18,83592.81428571428,83308.91142857142,83445.5,phase_end,1,1.0,0.0011333694424751062,0.0006309119552065923,2.0,0.003,-0.002369088044793408,0.5566692832557553,-2.0903052049997752
2025-04-02 06:35:00+00:00,2025-04-02 06:40:00+00:00,2025-04-02 06:55:00+00:00,Tokyo,2025-04-02,after_close_30m,value_area_bounce,long,84238.0,84123.96785714285,84466.0642857143,84123.96785714285,stop,4,1.0,0.0013536900550481343,-0.0013536900550481512,2.0,0.003,-0.004353690055048151,-1.0000000000000124,-3.21616461524004
2025-04-02 07:30:00+00:00,2025-04-02 07:35:00+00:00,2025-04-02 07:40:00+00:00,London,2025-04-02,opening_followthrough_30m,opening_range_breakout,long,84409.29,84275.06642857142,84677.73714285714,84275.06642857142,stop,2,1.0,0.0015901516459689781,-0.0015901516459689846,2.0,0.003,-0.004590151645968985,-1.000000000000004,-2.886612517494783
2025-04-02 13:30:00+00:00,2025-04-02 13:35:00+00:00,2025-04-02 13:35:00+00:00,New_York,2025-04-02,opening_first_30m,value_area_bounce,long,85120.89,84939.81714285714,85483.03571428571,85483.03571428571,target,1,1.0,0.002127243466825341,0.004254486933650714,2.0,0.003,0.001254486933650714,2.000000000000015,0.5897241915251418
2025-04-02 20:05:00+00:00,2025-04-02 20:10:00+00:00,2025-04-02 20:10:00+00:00,New_York,2025-04-02,after_close_30m,value_area_bounce,short,86637.68,86839.22357142856,86234.59285714285,86839.22357142856,stop,1,1.0,0.0023262807987075775,-0.0023262807987076695,2.0,0.003,-0.0053262807987076695,-1.0000000000000395,-2.289612157598006
2025-04-03 15:15:00+00:00,2025-04-03 15:20:00+00:00,2025-04-03 15:25:00+00:00,London,2025-04-03,closing_last_30m,value_area_bounce,long,81817.34,81517.21071428571,82417.59857142856,81714.71,phase_end,2,0.6815174650924295,0.0025,-0.0008548815867446749,1.363034930184859,0.0020445523952772886,-0.0028994339820219636,-0.34195263469786996,-1.1597735928087853
2025-04-03 15:35:00+00:00,2025-04-03 15:40:00+00:00,2025-04-03 15:55:00+00:00,London,2025-04-03,after_close_30m,value_area_bounce,long,81880.0,81609.26285714286,82421.47428571428,82039.31,phase_end,4,0.7560839190358641,0.0025,0.0014710763207327591,1.5121678380717283,0.0022682517571075925,-0.0007971754363748334,0.5884305282931036,-0.3188701745499334
2025-04-03 20:10:00+00:00,2025-04-03 20:15:00+00:00,2025-04-03 20:25:00+00:00,New_York,2025-04-03,after_close_30m,value_area_bounce,long,82031.72,81826.09571428571,82442.96857142857,81826.09571428571,stop,3,0.9973496043407811,0.0025,-0.0025000000000000478,1.9946992086815623,0.0029920488130223436,-0.005492048813022392,-1.000000000000019,-2.196819525208957
2025-04-04 07:40:00+00:00,2025-04-04 07:45:00+00:00,2025-04-04 07:45:00+00:00,London,2025-04-04,opening_followthrough_30m,opening_range_breakout,long,83720.01,83595.05928571428,83969.91142857142,83969.91142857142,target,1,1.0,0.0014924832699579722,0.0029849665399159786,2.0,0.003,-1.5033460084021462e-05,2.000000000000023,-0.010072782982984325
2025-04-04 15:35:00+00:00,2025-04-04 15:40:00+00:00,2025-04-04 15:45:00+00:00,London,2025-04-04,after_close_30m,value_area_bounce,short,82738.0,83231.27928571428,81751.44142857143,83231.27928571428,stop,2,0.4193263451159964,0.0025,-0.0024999999999999805,0.8386526902319928,0.0012579790353479893,-0.00375797903534797,-0.9999999999999922,-1.503191614139188
2025-04-07 13:50:00+00:00,2025-04-07 13:55:00+00:00,2025-04-07 13:55:00+00:00,New_York,2025-04-07,opening_first_30m,value_area_bounce,long,77773.31,77245.135,78829.66,78365.47,phase_end,1,0.3681228286079411,0.0025,0.0028028589009324863,0.7362456572158822,0.0011043684858238233,0.001698490415108663,1.1211435603729945,0.6793961660434652
2025-04-08 07:20:00+00:00,2025-04-08 07:25:00+00:00,2025-04-08 07:25:00+00:00,London,2025-04-08,opening_first_30m,value_area_bounce,long,79624.73,79474.61785714285,79924.95428571428,79571.05,phase_end,1,1.0,0.0018852452354581849,-0.0006741624116024525,2.0,0.003,-0.0036741624116024526,-0.3575993186046196,-1.948904228743214
2025-04-08 07:40:00+00:00,2025-04-08 07:45:00+00:00,2025-04-08 07:50:00+00:00,London,2025-04-08,opening_followthrough_30m,value_area_bounce,long,79471.67,79322.18785714285,79770.63428571429,79322.18785714285,stop,2,1.0,0.0018809488067527075,-0.0018809488067527136,2.0,0.003,-0.004880948806752714,-1.0000000000000033,-2.5949397395770926
2025-04-08 13:30:00+00:00,2025-04-08 13:35:00+00:00,2025-04-08 13:35:00+00:00,New_York,2025-04-08,opening_first_30m,value_area_bounce,short,80035.99,80281.58,79544.81,79544.81,target,1,0.8147317683944765,0.0025,0.005000000000000105,1.629463536788953,0.0024441953051834294,0.0025558046948166756,2.000000000000042,1.0223218779266703
2025-04-08 14:00:00+00:00,2025-04-08 14:05:00+00:00,2025-04-08 14:20:00+00:00,New_York,2025-04-08,opening_followthrough_30m,value_area_bounce,long,79999.71,79651.56571428572,80695.99857142857,79651.56571428572,stop,4,0.5744723759853293,0.0025,-0.0024999999999999792,1.1489447519706586,0.001723417127955988,-0.004223417127955967,-0.9999999999999917,-1.6893668511823867
2025-04-10 06:00:00+00:00,2025-04-10 06:05:00+00:00,2025-04-10 06:05:00+00:00,Tokyo,2025-04-10,closing_last_30m,value_area_bounce,short,82160.58,82284.66714285714,81912.40571428572,82284.66714285714,stop,1,1.0,0.0015103002298321522,-0.0015103002298322288,2.0,0.003,-0.004510300229832229,-1.0000000000000506,-2.9863600234858487
2025-04-10 07:30:00+00:00,2025-04-10 07:35:00+00:00,2025-04-10 07:40:00+00:00,London,2025-04-10,opening_followthrough_30m,opening_range_breakout,short,81376.56,81540.62357142857,81048.43285714285,81540.62357142857,stop,2,1.0,0.002016103549087998,-0.0020161035490879886,2.0,0.003,-0.005016103549087989,-0.9999999999999952,-2.4880188080404237
2025-04-11 00:45:00+00:00,2025-04-11 00:50:00+00:00,2025-04-11 00:55:00+00:00,Tokyo,2025-04-11,opening_followthrough_30m,opening_range_breakout,short,79313.79,79472.85071428571,78995.66857142856,78995.66857142856,target,2,1.0,0.0020054610211631143,0.004010922042326226,2.0,0.003,0.001010922042326226,1.9999999999999987,0.5040846127938792
2025-04-11 07:05:00+00:00,2025-04-11 07:10:00+00:00,2025-04-11 07:25:00+00:00,London,2025-04-11,opening_first_30m,value_area_bounce,short,80975.17,81109.94499999999,80705.62,80892.53,phase_end,4,1.0,0.0016643990991312317,0.0010205597592447546,2.0,0.003,-0.0019794402407552454,0.6131700983120318,-1.1892822110925536
2025-04-11 14:20:00+00:00,2025-04-11 14:25:00+00:00,2025-04-11 14:25:00+00:00,New_York,2025-04-11,opening_followthrough_30m,opening_range_breakout,short,81754.16,82152.19714285714,80958.08571428571,81461.03,phase_end,1,0.5134832355917979,0.0025,0.0018410970261210505,1.0269664711835957,0.0015404497067753936,0.00030064731934565693,0.7364388104484202,0.12025892773826277
2025-04-14 07:15:00+00:00,2025-04-14 07:20:00+00:00,2025-04-14 07:25:00+00:00,London,2025-04-14,opening_first_30m,value_area_bounce,long,84472.52,84300.73285714287,84816.0942857143,84477.48,phase_end,2,1.0,0.0020336452950278287,5.87173201413993e-05,2.0,0.003,-0.0029412826798586008,0.028872940765511324,-1.4463105670639342
2025-04-14 13:50:00+00:00,2025-04-14 13:55:00+00:00,2025-04-14 13:55:00+00:00,New_York,2025-04-14,opening_first_30m,value_area_bounce,long,84644.89,84398.37714285715,85137.91571428571,84398.37714285715,stop,1,0.858422669927389,0.0025,-0.0024999999999999667,1.716845339854778,0.002575268009782167,-0.005075268009782134,-0.9999999999999867,-2.030107203912854
2025-04-14 14:00:00+00:00,2025-04-14 14:05:00+00:00,2025-04-14 14:25:00+00:00,New_York,2025-04-14,opening_followthrough_30m,value_area_bounce,long,84534.37,84258.83785714285,85085.43428571428,85085.43428571428,target,5,0.7670100584583115,0.0025,0.004999999999999998,1.534020116916623,0.0023010301753749345,0.002698969824625064,1.9999999999999993,1.0795879298500255
2025-04-14 15:00:00+00:00,2025-04-14 15:05:00+00:00,2025-04-14 15:25:00+00:00,London,2025-04-14,closing_last_30m,value_area_bounce,short,84801.89,85096.83,84212.01,84540.7,phase_end,5,0.718806282633758,0.0025,0.0022139248660744907,1.437612565267516,0.002156418847901274,5.750601817321654e-05,0.8855699464297963,0.023002407269286616
2025-04-15 00:30:00+00:00,2025-04-15 00:35:00+00:00,2025-04-15 00:55:00+00:00,Tokyo,2025-04-15,opening_followthrough_30m,opening_range_breakout,long,84727.04,84601.0257142857,84979.06857142856,84930.7,phase_end,5,1.0,0.001487297157014874,0.002403719048841957,2.0,0.003,-0.0005962809511580432,1.6161659675773306,-0.40091581453354447
2025-04-15 07:30:00+00:00,2025-04-15 07:35:00+00:00,2025-04-15 07:55:00+00:00,London,2025-04-15,opening_followthrough_30m,value_area_bounce,short,85691.12,85790.92857142857,85491.50285714286,85716.77,phase_end,5,1.0,0.0011647481259268275,-0.00029933089916434064,2.0,0.003,-0.0032993308991643407,-0.2569919560301103,-2.83265611313086
2025-04-15 14:10:00+00:00,2025-04-15 14:15:00+00:00,2025-04-15 14:15:00+00:00,New_York,2025-04-15,opening_followthrough_30m,value_area_bounce,short,85774.5,86075.10642857142,85173.28714285714,85173.28714285714,target,1,0.713345522978552,0.0025,0.005000000000000043,1.426691045957104,0.002140036568935656,0.0028599634310643865,2.000000000000017,1.1439853724257545
2025-04-16 13:30:00+00:00,2025-04-16 13:35:00+00:00,2025-04-16 13:40:00+00:00,New_York,2025-04-16,opening_first_30m,value_area_bounce,long,83933.99,83809.94428571429,84182.08142857144,84182.08142857144,target,2,1.0,0.0014778960738756415,0.002955792147751435,2.0,0.003,-4.420785224856522e-05,2.0000000000001026,-0.029912693476906223
2025-04-16 14:20:00+00:00,2025-04-16 14:25:00+00:00,2025-04-16 14:25:00+00:00,New_York,2025-04-16,opening_followthrough_30m,opening_range_breakout,long,84415.55,84170.08785714286,84906.47428571428,84357.99,phase_end,1,0.859761397596956,0.0025,-0.0005862411137009291,1.719522795193912,0.002579284192790868,-0.0031655253064917974,-0.23449644548037166,-1.2662101225967188
2025-04-17 07:05:00+00:00,2025-04-17 07:10:00+00:00,2025-04-17 07:20:00+00:00,London,2025-04-17,opening_first_30m,value_area_bounce,short,84673.92,84788.02357142857,84445.71285714286,84788.02357142857,stop,3,1.0,0.0013475645326042685,-0.0013475645326042063,2.0,0.003,-0.004347564532604206,-0.9999999999999538,-3.226238467557628
2025-04-17 07:40:00+00:00,2025-04-17 07:45:00+00:00,2025-04-17 07:55:00+00:00,London,2025-04-17,opening_followthrough_30m,value_area_bounce,short,84714.01,84836.18642857143,84469.65714285713,84669.98,phase_end,3,1.0,0.001442222231853158,0.0005197487404975387,2.0,0.003,-0.0024802512595024613,0.3603804802188473,-1.7197427724543577
2025-04-17 13:30:00+00:00,2025-04-17 13:35:00+00:00,2025-04-17 13:40:00+00:00,New_York,2025-04-17,opening_first_30m,value_area_bounce,short,84446.01,84563.58071428571,84210.86857142857,84563.58071428571,stop,2,1.0,0.0013922589626876698,-0.0013922589626875759,2.0,0.003,-0.004392258962687576,-0.9999999999999326,-3.154771547822247
2025-04-18 00:45:00+00:00,2025-04-18 00:50:00+00:00,2025-04-18 00:55:00+00:00,Tokyo,2025-04-18,opening_followthrough_30m,opening_range_breakout,short,84764.99,84836.15642857143,84622.65714285715,84817.09,phase_end,2,1.0,0.0008395733730568082,-0.0006146405491227469,2.0,0.003,-0.003614640549122747,-0.7320867584031376,-4.30533014161964
2025-04-21 00:30:00+00:00,2025-04-21 00:35:00+00:00,2025-04-21 00:35:00+00:00,Tokyo,2025-04-21,opening_followthrough_30m,opening_range_breakout,long,86775.54,86585.46857142856,87155.68285714285,86585.46857142856,stop,1,1.0,0.002190380245071682,-0.002190380245071788,2.0,0.003,-0.005190380245071788,-1.0000000000000484,-2.369625208568263
2025-04-21 13:35:00+00:00,2025-04-21 13:40:00+00:00,2025-04-21 13:45:00+00:00,New_York,2025-04-21,opening_first_30m,value_area_bounce,long,87516.48,87336.76357142857,87875.91285714284,87336.76357142857,stop,2,1.0,0.0020535152758820677,-0.002053515275882045,2.0,0.003,-0.005053515275882045,-0.999999999999989,-2.460909512207722
2025-04-21 14:00:00+00:00,2025-04-21 14:05:00+00:00,2025-04-21 14:15:00+00:00,New_York,2025-04-21,opening_followthrough_30m,value_area_bounce,long,87242.79,87003.49785714285,87721.37428571428,87721.37428571428,target,3,0.9114673486383956,0.0025,0.0050000000000000105,1.8229346972767912,0.002734402045915187,0.0022655979540848236,2.000000000000004,0.9062391816339294
2025-04-22 00:30:00+00:00,2025-04-22 00:35:00+00:00,2025-04-22 00:40:00+00:00,Tokyo,2025-04-22,opening_followthrough_30m,opening_range_breakout,short,87301.27,87426.60214285715,87050.60571428572,87426.60214285715,stop,2,1.0,0.0014356279451277567,-0.0014356279451277487,2.0,0.003,-0.004435627945127749,-0.9999999999999944,-3.089677907274939
2025-04-22 06:10:00+00:00,2025-04-22 06:15:00+00:00,2025-04-22 06:20:00+00:00,Tokyo,2025-04-22,closing_last_30m,value_area_bounce,short,88165.25,88277.99642857142,87939.75714285714,88277.99642857142,stop,2,1.0,0.0012788080175741392,-0.0012788080175740735,2.0,0.003,-0.0042788080175740735,-0.9999999999999486,-3.345934619405065
2025-04-22 07:30:00+00:00,2025-04-22 07:35:00+00:00,2025-04-22 07:35:00+00:00,London,2025-04-22,opening_followthrough_30m,opening_range_breakout,long,88446.1,88353.41142857143,88631.47714285715,88353.41142857143,stop,1,1.0,0.0010479667439103864,-0.001047966743910389,2.0,0.003,-0.004047966743910389,-1.0000000000000024,-3.8626862612126347
2025-04-23 13:35:00+00:00,2025-04-23 13:40:00+00:00,2025-04-23 13:40:00+00:00,New_York,2025-04-23,opening_first_30m,value_area_bounce,short,93533.81,93763.07642857142,93075.27714285714,93763.07642857142,stop,1,1.0,0.0024511610140913677,-0.002451161014091374,2.0,0.003,-0.005451161014091374,-1.0000000000000027,-2.2239098054976574
2025-04-23 14:15:00+00:00,2025-04-23 14:20:00+00:00,2025-04-23 14:25:00+00:00,New_York,2025-04-23,opening_followthrough_30m,opening_range_breakout,short,92747.99,93210.90642857144,91822.15714285715,93210.90642857144,stop,2,0.5008894925495653,0.0025,-0.0025000000000000014,1.0017789850991305,0.001502668477648696,-0.0040026684776486975,-1.0000000000000004,-1.601067391059479
2025-04-24 06:20:00+00:00,2025-04-24 06:25:00+00:00,2025-04-24 06:25:00+00:00,Tokyo,2025-04-24,closing_last_30m,value_area_bounce,long,92556.09,92427.0,92814.26999999999,92624.97,phase_end,1,1.0,0.0013947218384009051,0.0007441973834461102,2.0,0.003,-0.00225580261655389,0.533581222402997,-1.6173853125726076
2025-04-24 07:35:00+00:00,2025-04-24 07:40:00+00:00,2025-04-24 07:55:00+00:00,London,2025-04-24,opening_followthrough_30m,opening_range_breakout,short,92219.99,92360.75285714286,91938.46428571429,92203.55,phase_end,4,1.0,0.0015263811798597636,0.0001782693752190312,2.0,0.003,-0.002821730624780969,0.11679217326003043,-1.8486408650820862
2025-04-24 14:00:00+00:00,2025-04-24 14:05:00+00:00,2025-04-24 14:10:00+00:00,New_York,2025-04-24,opening_followthrough_30m,opening_range_breakout,long,93181.89,93000.66071428571,93544.34857142856,93000.66071428571,stop,2,1.0,0.0019448981525732644,-0.00194489815257326,2.0,0.003,-0.00494489815257326,-0.9999999999999978,-2.542497223327989
2025-04-25 00:05:00+00:00,2025-04-25 00:10:00+00:00,2025-04-25 00:25:00+00:00,Tokyo,2025-04-25,opening_first_30m,value_area_bounce,short,93740.07,93882.89000000001,93454.43000000001,93645.99,phase_end,4,1.0,0.0015235747103666635,0.0010036263040981153,2.0,0.003,-0.001996373695901885,0.6587312701302206,-1.3103221537599803
2025-04-25 07:30:00+00:00,2025-04-25 07:35:00+00:00,2025-04-25 07:35:00+00:00,London,2025-04-25,opening_followthrough_30m,opening_range_breakout,short,93501.15,93613.665,93276.12,93613.665,stop,1,1.0,0.001203354183344274,-0.001203354183344274,2.0,0.003,-0.004203354183344274,-1.0,-3.493031595787218
2025-04-25 13:30:00+00:00,2025-04-25 13:35:00+00:00,2025-04-25 13:55:00+00:00,New_York,2025-04-25,opening_first_30m,value_area_bounce,long,94292.98,94060.32642857142,94758.28714285714,94400.01,phase_end,5,1.0,0.002467347743475422,0.0011350791967759122,2.0,0.003,-0.0018649208032240879,0.4600402192100731,-0.7558402775432149
2025-04-29 14:00:00+00:00,2025-04-29 14:05:00+00:00,2025-04-29 14:20:00+00:00,New_York,2025-04-29,opening_followthrough_30m,value_area_bounce,long,94886.23,94707.21428571429,95244.26142857142,94707.21428571429,stop,4,1.0,0.0018866353346076905,-0.0018866353346076448,2.0,0.003,-0.004886635334607645,-0.9999999999999758,-2.5901324145525866
2025-04-30 14:10:00+00:00,2025-04-30 14:15:00+00:00,2025-04-30 14:25:00+00:00,New_York,2025-04-30,opening_followthrough_30m,value_area_bounce,long,93443.61,93124.56357142857,94081.70285714285,94081.70285714285,target,3,0.7322101239183786,0.0025,0.004999999999999984,1.4644202478367572,0.002196630371755136,0.0028033696282448476,1.9999999999999933,1.1213478512979391
2025-05-01 00:05:00+00:00,2025-05-01 00:10:00+00:00,2025-05-01 00:20:00+00:00,Tokyo,2025-05-01,opening_first_30m,value_area_bounce,long,94303.99,94192.43571428572,94527.09857142858,94192.43571428572,stop,3,1.0,0.001182922225393478,-0.0011829222253935123,2.0,0.003,-0.004182922225393512,-1.0000000000000289,-3.5360923445344326
2025-05-01 07:50:00+00:00,2025-05-01 07:55:00+00:00,2025-05-01 07:55:00+00:00,London,2025-05-01,opening_followthrough_30m,value_area_bounce,short,95033.71,95090.72571428571,94919.67857142858,95025.84,phase_end,1,1.0,0.0005999525251167432,8.281271982346627e-05,2.0,0.003,-0.002917187280176534,0.1380321214705313,-4.8623635338627595
2025-05-01 13:30:00+00:00,2025-05-01 13:35:00+00:00,2025-05-01 13:35:00+00:00,New_York,2025-05-01,opening_first_30m,value_area_bounce,short,96296.09,96449.07928571428,95990.11142857143,96449.07928571428,stop,1,1.0,0.0015887382936761406,-0.0015887382936761174,2.0,0.003,-0.0045887382936761175,-0.9999999999999853,-2.888290860704537
2025-05-02 13:30:00+00:00,2025-05-02 13:35:00+00:00,2025-05-02 13:55:00+00:00,New_York,2025-05-02,opening_first_30m,value_area_bounce,short,96865.07,97036.89714285715,96521.41571428573,96772.08,phase_end,5,1.0,0.0017738813677328667,0.0009599951767960135,2.0,0.003,-0.0020400048232039865,0.5411834152263229,-1.1500232542671343
2025-05-02 14:00:00+00:00,2025-05-02 14:05:00+00:00,2025-05-02 14:10:00+00:00,New_York,2025-05-02,opening_followthrough_30m,value_area_bounce,long,96973.89,96810.49571428572,97300.67857142857,96810.49571428572,stop,2,1.0,0.0016849307139714098,-0.0016849307139713554,2.0,0.003,-0.0046849307139713555,-0.9999999999999677,-2.7804886427222253
2025-05-05 13:30:00+00:00,2025-05-05 13:35:00+00:00,2025-05-05 13:35:00+00:00,New_York,2025-05-05,opening_first_30m,value_area_bounce,long,94108.0,93994.06428571428,94335.87142857144,93994.06428571428,stop,1,1.0,0.001210691060119392,-0.0012106910601193954,2.0,0.003,-0.0042106910601193955,-1.0000000000000029,-3.4779236411509964
2025-05-06 07:35:00+00:00,2025-05-06 07:40:00+00:00,2025-05-06 07:45:00+00:00,London,2025-05-06,opening_followthrough_30m,opening_range_breakout,short,94367.43,94434.52428571427,94233.24142857142,94434.52428571427,stop,2,1.0,0.000710989858622675,-0.0007109898586226127,2.0,0.003,-0.0037109898586226127,-0.9999999999999123,-5.219469467274144
2025-05-06 13:35:00+00:00,2025-05-06 13:40:00+00:00,2025-05-06 13:50:00+00:00,New_York,2025-05-06,opening_first_30m,value_area_bounce,long,93832.01,93732.90142857142,94030.22714285714,93732.90142857142,stop,3,1.0,0.0010562341297876037,-0.0010562341297876143,2.0,0.003,-0.004056234129787614,-1.00000000000001,-3.8402793617389315
2025-05-06 14:15:00+00:00,2025-05-06 14:20:00+00:00,2025-05-06 14:25:00+00:00,New_York,2025-05-06,opening_followthrough_30m,opening_range_breakout,long,94383.38,94162.73285714287,94824.6742857143,94317.72,phase_end,2,1.0,0.0023377753886027787,-0.0006956733272319715,2.0,0.003,-0.0036956733272319716,-0.2975791988501323,-1.580850472311957
2025-05-07 13:35:00+00:00,2025-05-07 13:40:00+00:00,2025-05-07 13:40:00+00:00,New_York,2025-05-07,opening_first_30m,value_area_bounce,long,97003.33,96913.28214285715,97183.42571428571,97183.42571428571,target,1,1.0,0.0009282965558281041,0.0018565931116560908,2.0,0.003,-0.0011434068883439093,1.9999999999998734,-1.2317258759232517
2025-05-07 14:20:00+00:00,2025-05-07 14:25:00+00:00,2025-05-07 14:25:00+00:00,New_York,2025-05-07,opening_followthrough_30m,opening_range_breakout,long,97369.62,97197.38857142857,97714.08285714286,97447.29,phase_end,1,1.0,0.0017688415398091207,0.0007976820696229403,2.0,0.003,-0.0022023179303770598,0.45096298999684264,-1.2450623081899785
2025-05-08 00:50:00+00:00,2025-05-08 00:55:00+00:00,2025-05-08 00:55:00+00:00,Tokyo,2025-05-08,opening_followthrough_30m,opening_range_breakout,long,97179.99,97079.80071428572,97380.36857142858,97380.36857142858,target,1,1.0,0.0010309662072849296,0.002061932414569867,2.0,0.003,-0.0009380675854301331,2.0000000000000075,-0.9098916907282083
2025-05-08 07:30:00+00:00,2025-05-08 07:35:00+00:00,2025-05-08 07:35:00+00:00,London,2025-05-08,opening_followthrough_30m,opening_range_breakout,long,99332.02,99247.54714285715,99500.96571428572,99247.54714285715,stop,1,1.0,0.0008504091343643052,-0.0008504091343642939,2.0,0.003,-0.003850409134364294,-0.9999999999999868,-4.527713754206719
2025-05-08 13:30:00+00:00,2025-05-08 13:35:00+00:00,2025-05-08 13:35:00+00:00,New_York,2025-05-08,opening_first_30m,value_area_bounce,long,99480.79,99370.05714285714,99702.25571428571,99370.05714285714,stop,1,1.0,0.0011131079391594777,-0.001113107939159419,2.0,0.003,-0.004113107939159419,-0.9999999999999472,-3.6951564124727025
2025-05-09 07:50:00+00:00,2025-05-09 07:55:00+00:00,2025-05-09 07:55:00+00:00,London,2025-05-09,opening_followthrough_30m,value_area_bounce,short,103819.45,104039.45785714286,103379.43428571429,103628.77,phase_end,1,1.0,0.0021191391125926417,0.0018366500689417364,2.0,0.003,-0.0011633499310582636,0.8666963192872711,-0.5489728938252542
2025-05-09 14:20:00+00:00,2025-05-09 14:25:00+00:00,2025-05-09 14:25:00+00:00,New_York,2025-05-09,opening_followthrough_30m,value_area_bounce,short,102998.52,103265.55571428571,102464.44857142857,102658.94,phase_end,1,0.964276635014043,0.0025,0.0031791627658151775,1.928553270028086,0.0028928299050421293,0.00028633286077304814,1.2716651063260709,0.11453314430921925
2025-05-12 00:50:00+00:00,2025-05-12 00:55:00+00:00,2025-05-12 00:55:00+00:00,Tokyo,2025-05-12,opening_followthrough_30m,opening_range_breakout,long,104627.29,104470.91642857142,104940.03714285714,104587.31,phase_end,1,1.0,0.0014945772888562074,-0.00038211827908374296,2.0,0.003,-0.003382118279083743,-0.25566980171107523,-2.262926316558752
2025-05-12 07:30:00+00:00,2025-05-12 07:35:00+00:00,2025-05-12 07:40:00+00:00,London,2025-05-12,opening_followthrough_30m,value_area_bounce,short,105313.61,105622.42642857143,104695.97714285715,104695.97714285715,target,2,0.8525583506614061,0.0025,0.004999999999999938,1.7051167013228121,0.0025576750519842183,0.0024423249480157194,1.9999999999999751,0.9769299792062878
2025-05-13 00:40:00+00:00,2025-05-13 00:45:00+00:00,2025-05-13 00:45:00+00:00,Tokyo,2025-05-13,opening_followthrough_30m,opening_range_breakout,short,102246.64,102374.91214285714,101990.09571428571,102374.91214285714,stop,1,1.0,0.0012545365095336506,-0.0012545365095335548,2.0,0.003,-0.004254536509533555,-0.9999999999999236,-3.391321398143363
2025-05-13 13:35:00+00:00,2025-05-13 13:40:00+00:00,2025-05-13 13:55:00+00:00,New_York,2025-05-13,opening_first_30m,value_area_bounce,short,103651.99,103876.52214285715,103202.92571428572,103715.87,phase_end,4,1.0,0.002166211597646545,-0.0006162930398152522,2.0,0.003,-0.0036162930398152522,-0.28450269608232936,-1.669408955128913
2025-05-13 15:05:00+00:00,2025-05-13 15:10:00+00:00,2025-05-13 15:25:00+00:00,London,2025-05-13,closing_last_30m,value_area_bounce,long,103471.8,103226.89,103961.62000000001,103672.69,phase_end,4,1.0,0.0023669250945668324,0.0019414951706648864,2.0,0.003,-0.0010585048293351136,0.8202605038585713,-0.4472067290024778
2025-05-14 07:30:00+00:00,2025-05-14 07:35:00+00:00,2025-05-14 07:50:00+00:00,London,2025-05-14,opening_followthrough_30m,value_area_bounce,long,103529.6,103437.01500000001,103714.77,103714.77,target,4,1.0,0.0008942853058448699,0.0017885706116897993,2.0,0.003,-0.0012114293883102008,2.0000000000000666,-1.3546341199978806
2025-05-14 13:40:00+00:00,2025-05-14 13:45:00+00:00,2025-05-14 13:55:00+00:00,New_York,2025-05-14,opening_first_30m,value_area_bounce,short,103712.8,103906.52571428572,103325.34857142858,103906.52571428572,stop,3,1.0,0.0018679055457543768,-0.0018679055457544447,2.0,0.003,-0.004867905545754445,-1.0000000000000364,-2.6060769276149243
2025-05-14 14:20:00+00:00,2025-05-14 14:25:00+00:00,2025-05-14 14:25:00+00:00,New_York,2025-05-14,opening_followthrough_30m,opening_range_breakout,short,103125.87,103402.62642857143,102572.35714285713,103081.2,phase_end,1,0.9315580358179772,0.0025,0.0004035136620906806,1.8631160716359545,0.0027946741074539316,-0.002391160445363251,0.16140546483627224,-0.9564641781453004
2025-05-15 07:30:00+00:00,2025-05-15 07:35:00+00:00,2025-05-15 07:35:00+00:00,London,2025-05-15,opening_followthrough_30m,opening_range_breakout,short,101790.2,101925.73357142857,101519.13285714285,101925.73357142857,stop,1,1.0,0.0013314992153328474,-0.001331499215332821,2.0,0.003,-0.004331499215332821,-0.9999999999999801,-3.2530993375388775
2025-05-15 13:35:00+00:00,2025-05-15 13:40:00+00:00,2025-05-15 13:45:00+00:00,New_York,2025-05-15,opening_first_30m,value_area_bounce,short,102172.0,102378.71571428572,101758.56857142858,101758.56857142858,target,2,1.0,0.0020232129574219208,0.004046425914843832,2.0,0.003,0.001046425914843832,1.9999999999999953,0.5172099709055048
2025-05-15 15:00:00+00:00,2025-05-15 15:05:00+00:00,2025-05-15 15:25:00+00:00,London,2025-05-15,closing_last_30m,value_area_bounce,long,102142.86,101870.68357142857,102687.21285714285,102492.84,phase_end,5,0.9382044997073921,0.0025,0.003214642813091282,1.8764089994147841,0.0028146134991221764,0.0004000293139691056,1.2858571252365127,0.16001172558764223
2025-05-15 20:15:00+00:00,2025-05-15 20:20:00+00:00,2025-05-15 20:25:00+00:00,New_York,2025-05-15,after_close_30m,value_area_bounce,long,103245.64,102993.48357142857,103749.95285714285,103333.33,phase_end,2,1.0,0.002442296145110145,0.0008493336861488121,2.0,0.003,-0.002150666313851188,0.3477603188496652,-0.8805919454760451
2025-05-16 07:00:00+00:00,2025-05-16 07:05:00+00:00,2025-05-16 07:20:00+00:00,London,2025-05-16,opening_first_30m,value_area_bounce,long,103966.3,103862.78142857143,104173.33714285714,104173.33714285714,target,4,1.0,0.0009956935221179463,0.0019913870442358483,2.0,0.003,-0.0010086129557641517,1.9999999999999556,-1.0129753115383582
2025-05-16 07:30:00+00:00,2025-05-16 07:35:00+00:00,2025-05-16 07:55:00+00:00,London,2025-05-16,opening_followthrough_30m,value_area_bounce,short,103915.45,104026.62928571428,103693.09142857142,103710.17,phase_end,5,1.0,0.001069901402671955,0.0019754521584615103,2.0,0.003,-0.0010245478415384897,1.8463871096234166,-0.9576095881169984
2025-05-16 13:30:00+00:00,2025-05-16 13:35:00+00:00,2025-05-16 13:35:00+00:00,New_York,2025-05-16,opening_first_30m,value_area_bounce,long,103635.0,103527.315,103850.37,103850.37,target,1,1.0,0.0010390794615718502,0.0020781589231437803,2.0,0.003,-0.0009218410768562198,2.000000000000077,-0.8871709151692018
2025-05-19 00:20:00+00:00,2025-05-19 00:25:00+00:00,2025-05-19 00:25:00+00:00,Tokyo,2025-05-19,opening_first_30m,value_area_bounce,short,106216.34,106523.57714285715,105601.86571428571,106109.5,phase_end,1,0.8642862888601566,0.0025,0.0008693610333571612,1.7285725777203131,0.0025928588665804697,-0.0017234978332233085,0.3477444133428645,-0.6893991332893235
2025-05-19 06:35:00+00:00,2025-05-19 06:40:00+00:00,2025-05-19 06:55:00+00:00,Tokyo,2025-05-19,after_close_30m,value_area_bounce,long,102403.18,102158.45857142856,102892.62285714285,102208.0,phase_end,4,1.0,0.002389783486913493,-0.0019059954974053328,2.0,0.003,-0.004905995497405333,-0.797559907766794,-2.052903756457718
2025-05-19 07:00:00+00:00,2025-05-19 07:05:00+00:00,2025-05-19 07:25:00+00:00,London,2025-05-19,opening_first_30m,value_area_bounce,long,102463.19,102227.88142857143,102933.80714285714,102820.03,phase_end,5,1.0,0.0022965181098555678,0.0034826165377048746,2.0,0.003,0.0004826165377048745,1.5164768449937904,0.210151418198582
2025-05-19 13:30:00+00:00,2025-05-19 13:35:00+00:00,2025-05-19 13:40:00+00:00,New_York,2025-05-19,opening_first_30m,value_area_bounce,long,102695.65,102527.71071428571,103031.52857142857,103031.52857142857,target,2,1.0,0.0016353106067714192,0.0032706212135429347,2.0,0.003,0.0002706212135429346,2.000000000000059,0.16548612381180597
2025-05-20 07:35:00+00:00,2025-05-20 07:40:00+00:00,2025-05-20 07:55:00+00:00,London,2025-05-20,opening_followthrough_30m,opening_range_breakout,short,105136.37,105292.21357142857,104824.68285714285,105021.71,phase_end,4,1.0,0.0014822993358870227,0.00109058359157721,2.0,0.003,-0.00190941640842279,0.7357377590165308,-1.2881449530436282
2025-05-20 13:45:00+00:00,2025-05-20 13:50:00+00:00,2025-05-20 13:50:00+00:00,New_York,2025-05-20,opening_first_30m,value_area_bounce,long,104284.09,104138.49142857142,104575.28714285714,104575.28714285714,target,1,1.0,0.001396172430795271,0.0027923448615905233,2.0,0.003,-0.00020765513840947675,1.9999999999999867,-0.14873172813704302
2025-05-20 14:15:00+00:00,2025-05-20 14:20:00+00:00,2025-05-20 14:25:00+00:00,New_York,2025-05-20,opening_followthrough_30m,opening_range_breakout,long,104782.6,104577.66142857143,105192.47714285715,104700.02,phase_end,2,1.0,0.0019558454498034257,-0.0007881079492205734,2.0,0.003,-0.0037881079492205734,-0.40295001289584664,-1.9368135399457564
2025-05-21 00:15:00+00:00,2025-05-21 00:20:00+00:00,2025-05-21 00:25:00+00:00,Tokyo,2025-05-21,opening_first_30m,value_area_bounce,short,106833.69,107018.91357142858,106463.24285714286,106600.01,phase_end,2,1.0,0.0017337561908473981,0.002187324990833961,2.0,0.003,-0.0008126750091660391,1.261610486169266,-0.4687366155957791
2025-05-21 07:35:00+00:00,2025-05-21 07:40:00+00:00,2025-05-21 07:50:00+00:00,London,2025-05-21,opening_followthrough_30m,opening_range_breakout,short,106533.0,106787.3757142857,106024.24857142857,106787.3757142857,stop,3,1.0,0.00238776448880359,-0.002387764488803512,2.0,0.003,-0.005387764488803512,-0.9999999999999674,-2.2564053172191607
2025-05-22 13:30:00+00:00,2025-05-22 13:35:00+00:00,2025-05-22 13:35:00+00:00,New_York,2025-05-22,opening_first_30m,value_area_bounce,short,111069.45,111277.63071428571,110653.08857142857,111277.63071428571,stop,1,1.0,0.0018743292083080736,-0.001874329208308101,2.0,0.003,-0.004874329208308101,-1.0000000000000147,-2.6005726137662224
2025-05-22 15:00:00+00:00,2025-05-22 15:05:00+00:00,2025-05-22 15:25:00+00:00,London,2025-05-22,closing_last_30m,value_area_bounce,long,110940.01,110586.14,111647.75,111128.4,phase_end,5,0.7837624692683719,0.0025,0.001330926611467554,1.5675249385367438,0.0023512874078051157,-0.0010203607963375618,0.5323706445870215,-0.4081443185350247
2025-05-22 19:30:00+00:00,2025-05-22 19:35:00+00:00,2025-05-22 19:45:00+00:00,New_York,2025-05-22,closing_last_30m,value_area_bounce,short,111612.51,111804.90214285714,111227.72571428571,111227.72571428571,target,3,1.0,0.0017237507055180754,0.0034475014110361135,2.0,0.003,0.00044750141103611345,1.9999999999999785,0.2596091242217165
2025-05-23 06:35:00+00:00,2025-05-23 06:40:00+00:00,2025-05-23 06:45:00+00:00,Tokyo,2025-05-23,after_close_30m,value_area_bounce,long,110703.82,110590.64785714286,110930.1642857143,110590.64785714286,stop,2,1.0,0.0010222966367117606,-0.001022296636711828,2.0,0.003,-0.004022296636711828,-1.000000000000066,-3.934568981513656
2025-05-27 00:00:00+00:00,2025-05-27 00:05:00+00:00,2025-05-27 00:10:00+00:00,Tokyo,2025-05-27,opening_first_30m,value_area_bounce,short,109347.86,109456.205,109131.17,109456.205,stop,2,1.0,0.0009908287185501402,-0.000990828718550052,2.0,0.003,-0.003990828718550052,-0.999999999999911,-4.027768517236512
2025-05-27 00:45:00+00:00,2025-05-27 00:50:00+00:00,2025-05-27 00:55:00+00:00,Tokyo,2025-05-27,opening_followthrough_30m,opening_range_breakout,short,109209.85,109313.50642857143,109002.53714285715,109136.37,phase_end,2,1.0,0.0009491490792398914,0.0006728330823639883,2.0,0.003,-0.0023271669176360118,0.7088802982380958,-2.451845519883642
2025-05-27 06:50:00+00:00,2025-05-27 06:55:00+00:00,2025-05-27 06:55:00+00:00,Tokyo,2025-05-27,after_close_30m,value_area_bounce,short,108942.66,109096.69214285715,108634.59571428571,108828.19,phase_end,1,1.0,0.0014138827054263657,0.0010507362313348922,2.0,0.003,-0.0019492637686651078,0.7431565767812655,-1.3786601683322057
2025-05-28 00:50:00+00:00,2025-05-28 00:55:00+00:00,2025-05-28 00:55:00+00:00,Tokyo,2025-05-28,opening_followthrough_30m,value_area_bounce,long,109043.48,108914.54071428571,109301.35857142856,109205.39,phase_end,1,1.0,0.0011824575455064738,0.0014848205504813805,2.0,0.003,-0.0015151794495186196,1.2557072819433848,-1.281381691272166
2025-05-28 06:00:00+00:00,2025-05-28 06:05:00+00:00,2025-05-28 06:10:00+00:00,Tokyo,2025-05-28,closing_last_30m,value_area_bounce,short,108893.65,108967.59999999999,108745.75,108745.75,target,2,1.0,0.0006791029596307881,0.0013582059192615015,2.0,0.003,-0.0016417940807384986,1.9999999999998899,-2.417592292089409
2025-05-28 06:35:00+00:00,2025-05-28 06:40:00+00:00,2025-05-28 06:55:00+00:00,Tokyo,2025-05-28,after_close_30m,value_area_bounce,long,108719.91,108616.3742857143,108926.98142857144,108727.27,phase_end,4,1.0,0.0009523160411530352,6.769689194929818e-05,2.0,0.003,-0.002932303108050702,0.07108658157992681,-3.079128126940253
2025-05-29 00:50:00+00:00,2025-05-29 00:55:00+00:00,2025-05-29 00:55:00+00:00,Tokyo,2025-05-29,opening_followthrough_30m,value_area_bounce,short,107986.53,108151.68857142857,107656.21285714285,108151.68857142857,stop,1,1.0,0.0015294367865008125,-0.0015294367865008596,2.0,0.003,-0.00452943678650086,-1.0000000000000309,-2.9615063705010822
2025-05-29 14:05:00+00:00,2025-05-29 14:10:00+00:00,2025-05-29 14:25:00+00:00,New_York,2025-05-29,opening_followthrough_30m,opening_range_breakout,short,107310.0,107567.30285714286,106795.39428571428,107045.56,phase_end,4,1.0,0.002397752838904665,0.002464262417295693,2.0,0.003,-0.0005357375827043072,1.0277382961712644,-0.2234331971217857
2025-05-30 00:05:00+00:00,2025-05-30 00:10:00+00:00,2025-05-30 00:25:00+00:00,Tokyo,2025-05-30,opening_first_30m,value_area_bounce,long,105885.41,105708.72,106238.79000000001,106062.85,phase_end,4,1.0,0.0016686907100798897,0.0016757738389074905,2.0,0.003,-0.0013242261610925095,1.0042447223951176,-0.7935719621937077
2025-05-30 00:30:00+00:00,2025-05-30 00:35:00+00:00,2025-05-30 00:45:00+00:00,Tokyo,2025-05-30,opening_followthrough_30m,value_area_bounce,short,105867.1,106061.86928571429,105477.56142857144,105477.56142857144,target,3,1.0,0.0018397527250135779,0.003679505450027154,2.0,0.003,0.000679505450027154,1.9999999999999991,0.36934607612669196
2025-05-30 06:30:00+00:00,2025-05-30 06:35:00+00:00,2025-05-30 06:35:00+00:00,Tokyo,2025-05-30,after_close_30m,value_area_bounce,long,105971.96,105884.6242857143,106146.63142857143,105884.6242857143,stop,1,1.0,0.0008241398411967943,-0.0008241398411967804,2.0,0.003,-0.0038241398411967805,-0.9999999999999831,-4.640158926964949
2025-05-30 07:30:00+00:00,2025-05-30 07:35:00+00:00,2025-05-30 07:45:00+00:00,London,2025-05-30,opening_followthrough_30m,opening_range_breakout,short,105213.97,105414.06642857143,104813.77714285714,104813.77714285714,target,3,1.0,0.0019018047562640963,0.0038036095125282277,2.0,0.003,0.0008036095125282276,2.0000000000000187,0.42255100576509097
2025-05-30 13:35:00+00:00,2025-05-30 13:40:00+00:00,2025-05-30 13:55:00+00:00,New_York,2025-05-30,opening_first_30m,value_area_bounce,long,105677.62,105480.12857142856,106072.60285714285,105480.12857142856,stop,4,1.0,0.0018688103362985264,-0.0018688103362985986,2.0,0.003,-0.004868810336298599,-1.0000000000000386,-2.6052993402969107
2025-06-02 06:00:00+00:00,2025-06-02 06:05:00+00:00,2025-06-02 06:10:00+00:00,Tokyo,2025-06-02,closing_last_30m,value_area_bounce,long,104931.43,104835.00928571429,105124.27142857142,104835.00928571429,stop,2,1.0,0.0009188925976298154,-0.0009188925976297835,2.0,0.003,-0.0039188925976297835,-0.9999999999999654,-4.264799398469577
2025-06-02 07:40:00+00:00,2025-06-02 07:45:00+00:00,2025-06-02 07:45:00+00:00,London,2025-06-02,opening_followthrough_30m,opening_range_breakout,long,105433.96,105327.79714285715,105646.28571428572,105327.79714285715,stop,1,1.0,0.0010069133051898945,-0.0010069133051898715,2.0,0.003,-0.004006913305189872,-0.9999999999999771,-3.9794024813627873
2025-06-02 13:30:00+00:00,2025-06-02 13:35:00+00:00,2025-06-02 13:40:00+00:00,New_York,2025-06-02,opening_first_30m,value_area_bounce,long,104275.44,104125.39214285715,104575.53571428571,104125.39214285715,stop,2,1.0,0.0014389568353090237,-0.0014389568353090354,2.0,0.003,-0.0044389568353090355,-1.0000000000000082,-3.084843635601999
2025-06-03 13:30:00+00:00,2025-06-03 13:35:00+00:00,2025-06-03 13:35:00+00:00,New_York,2025-06-03,opening_first_30m,value_area_bounce,short,105175.25,105253.46,105018.83,105253.46,stop,1,1.0,0.0007436160123223119,-0.0007436160123224234,2.0,0.003,-0.0037436160123224234,-1.0000000000001499,-5.034340237821286
2025-06-03 15:30:00+00:00,2025-06-03 15:35:00+00:00,2025-06-03 15:55:00+00:00,London,2025-06-03,after_close_30m,value_area_bounce,short,106569.31,106797.24642857142,106113.43714285715,106610.66,phase_end,5,1.0,0.0021388561920071417,-0.0003880103943620927,2.0,0.003,-0.003388010394362093,-0.1814102302960241,-1.584029074522641
2025-06-04 00:35:00+00:00,2025-06-04 00:40:00+00:00,2025-06-04 00:45:00+00:00,Tokyo,2025-06-04,opening_followthrough_30m,opening_range_breakout,short,105229.22,105334.90357142857,105017.85285714286,105334.90357142857,stop,2,1.0,0.0010043177306509725,-0.0010043177306509055,2.0,0.003,-0.0040043177306509055,-0.9999999999999333,-3.9871024959953774
2025-06-04 14:00:00+00:00,2025-06-04 14:05:00+00:00,2025-06-04 14:15:00+00:00,New_York,2025-06-04,opening_followthrough_30m,opening_range_breakout,short,104409.7,104577.60571428572,104073.88857142857,104577.60571428572,stop,3,1.0,0.0016081428668573304,-0.0016081428668572872,2.0,0.003,-0.004608142866857287,-0.9999999999999731,-2.8655058961661943
2025-06-05 00:40:00+00:00,2025-06-05 00:45:00+00:00,2025-06-05 00:50:00+00:00,Tokyo,2025-06-05,opening_followthrough_30m,opening_range_breakout,long,104931.01,104847.47071428571,105098.08857142857,104847.47071428571,stop,2,1.0,0.0007961353437300085,-0.00079613534373002,2.0,0.003,-0.00379613534373002,-1.0000000000000144,-4.768203514172075
2025-06-05 06:20:00+00:00,2025-06-05 06:25:00+00:00,2025-06-05 06:25:00+00:00,Tokyo,2025-06-05,closing_last_30m,value_area_bounce,long,104625.79,104536.77714285714,104803.81571428571,104685.91,phase_end,1,1.0,0.0008507735725852841,0.0005746193170919067,2.0,0.003,-0.0024253806829080933,0.6754080469916162,-2.8507945722126506
2025-06-05 14:15:00+00:00,2025-06-05 14:20:00+00:00,2025-06-05 14:25:00+00:00,New_York,2025-06-05,opening_followthrough_30m,opening_range_breakout,short,104018.63,104260.56071428572,103534.76857142858,104260.56071428572,stop,2,1.0,0.002325840229636875,-0.0023258402296368885,2.0,0.003,-0.005325840229636889,-1.0000000000000058,-2.2898564405984123
2025-06-06 07:30:00+00:00,2025-06-06 07:35:00+00:00,2025-06-06 07:55:00+00:00,London,2025-06-06,opening_followthrough_30m,opening_range_breakout,short,103116.41,103215.13500000001,102918.96,103150.44,phase_end,5,1.0,0.0009574130829418865,-0.0003300153680678708,2.0,0.003,-0.003330015368067871,-0.34469485945796524,-3.4781385667256415
2025-06-09 00:20:00+00:00,2025-06-09 00:25:00+00:00,2025-06-09 00:25:00+00:00,Tokyo,2025-06-09,opening_first_30m,value_area_bounce,long,105700.01,105578.35642857142,105943.31714285714,105775.53,phase_end,1,1.0,0.0011509324495671384,0.0007144748614498209,2.0,0.003,-0.002285525138550179,0.6207791445262772,-1.985803023808875
2025-06-09 00:30:00+00:00,2025-06-09 00:35:00+00:00,2025-06-09 00:35:00+00:00,Tokyo,2025-06-09,opening_followthrough_30m,opening_range_breakout,long,105941.75,105812.855,106199.54000000001,105812.855,stop,1,1.0,0.0012166591546769895,-0.0012166591546770578,2.0,0.003,-0.004216659154677058,-1.0000000000000562,-3.4657686489003057
2025-06-09 15:10:00+00:00,2025-06-09 15:15:00+00:00,2025-06-09 15:25:00+00:00,London,2025-06-09,closing_last_30m,value_area_bounce,short,107852.0,108034.985,107486.03,107941.3,phase_end,3,1.0,0.0016966305678151692,-0.0008279865000184738,2.0,0.003,-0.003827986500018474,-0.48801814356363443,-2.256228652621738
2025-06-10 00:30:00+00:00,2025-06-10 00:35:00+00:00,2025-06-10 00:35:00+00:00,Tokyo,2025-06-10,opening_followthrough_30m,value_area_bounce,short,110098.99,110244.83857142858,109807.29285714286,110244.83857142858,stop,1,1.0,0.0013247039907320836,-0.0013247039907320346,2.0,0.003,-0.004324703990732035,-0.999999999999963,-3.264656875036689
2025-06-10 07:30:00+00:00,2025-06-10 07:35:00+00:00,2025-06-10 07:55:00+00:00,London,2025-06-10,opening_followthrough_30m,opening_range_breakout,short,109260.16,109358.43142857144,109063.61714285715,109205.14,phase_end,5,1.0,0.0008994259991146421,0.0005035687299012048,2.0,0.003,-0.0024964312700987952,0.5598778892281268,-2.77558273004803
2025-06-10 15:00:00+00:00,2025-06-10 15:05:00+00:00,2025-06-10 15:10:00+00:00,London,2025-06-10,closing_last_30m,value_area_bounce,long,108638.48,108408.71428571428,109098.01142857142,109098.01142857142,target,2,1.0,0.0021149570049738766,0.004229914009947766,2.0,0.003,0.001229914009947766,2.000000000000006,0.5815314481832493
2025-06-10 19:50:00+00:00,2025-06-10 19:55:00+00:00,2025-06-10 19:55:00+00:00,New_York,2025-06-10,closing_last_30m,value_area_bounce,short,109490.9,109722.50642857142,109027.68714285713,109526.3,phase_end,1,1.0,0.0021153029938691613,-0.00032331454029521645,2.0,0.003,-0.0033233145402952165,-0.15284549836703656,-1.5710820388035507
2025-06-11 00:10:00+00:00,2025-06-11 00:15:00+00:00,2025-06-11 00:15:00+00:00,Tokyo,2025-06-11,opening_first_30m,value_area_bounce,short,109987.28,110120.64428571428,109720.55142857143,110120.64428571428,stop,1,1.0,0.0012125428114440606,-0.0012125428114440062,2.0,0.003,-0.004212542811444006,-0.9999999999999551,-3.4741394461999557
2025-06-11 06:00:00+00:00,2025-06-11 06:05:00+00:00,2025-06-11 06:15:00+00:00,Tokyo,2025-06-11,closing_last_30m,value_area_bounce,long,109564.3,109495.22857142857,109702.44285714286,109495.22857142857,stop,3,1.0,0.000630419110708767,-0.0006304191107088242,2.0,0.003,-0.0036304191107088242,-1.0000000000000906,-5.758738986556451
2025-06-11 07:05:00+00:00,2025-06-11 07:10:00+00:00,2025-06-11 07:10:00+00:00,London,2025-06-11,opening_first_30m,value_area_bounce,short,109603.78,109697.09214285715,109417.1557142857,109697.09214285715,stop,1,1.0,0.0008513588021977494,-0.0008513588021976659,2.0,0.003,-0.003851358802197666,-0.999999999999902,-4.52377868444601
2025-06-12 00:30:00+00:00,2025-06-12 00:35:00+00:00,2025-06-12 00:35:00+00:00,Tokyo,2025-06-12,opening_followthrough_30m,opening_range_breakout,short,108435.67,108530.55857142857,108245.89285714286,108530.55857142857,stop,1,1.0,0.0008750678759911169,-0.0008750678759910091,2.0,0.003,-0.003875067875991009,-0.9999999999998769,-4.428305486133908
2025-06-12 07:35:00+00:00,2025-06-12 07:40:00+00:00,2025-06-12 07:45:00+00:00,London,2025-06-12,opening_followthrough_30m,opening_range_breakout,short,107582.76,107664.31928571427,107419.64142857143,107664.31928571427,stop,2,1.0,0.000758107392990129,-0.0007581073929900928,2.0,0.003,-0.003758107392990093,-0.9999999999999523,-4.9572229841571085
2025-06-12 14:10:00+00:00,2025-06-12 14:15:00+00:00,2025-06-12 14:25:00+00:00,New_York,2025-06-12,opening_followthrough_30m,opening_range_breakout,long,107479.18,107290.48857142856,107856.56285714284,107477.93,phase_end,3,1.0,0.0017556091195655382,-1.1630159441167187e-05,2.0,0.003,-0.0030116301594411672,-0.006624572241938064,-1.7154331940280974
2025-06-13 00:30:00+00:00,2025-06-13 00:35:00+00:00,2025-06-13 00:35:00+00:00,Tokyo,2025-06-13,opening_followthrough_30m,opening_range_breakout,short,103389.99,103778.155,102613.66000000002,103778.155,stop,1,0.6658894413458251,0.0025,-0.0024999999999999467,1.3317788826916501,0.0019976683240374754,-0.004497668324037422,-0.9999999999999787,-1.7990673296149686
2025-06-13 06:45:00+00:00,2025-06-13 06:50:00+00:00,2025-06-13 06:55:00+00:00,Tokyo,2025-06-13,after_close_30m,value_area_bounce,long,104230.23,104067.06857142856,104556.55285714284,104556.55285714284,target,2,1.0,0.001565394498039821,0.0031307889960796587,2.0,0.003,0.0001307889960796586,2.0000000000000107,0.08355018255361948
2025-06-13 07:45:00+00:00,2025-06-13 07:50:00+00:00,2025-06-13 07:50:00+00:00,London,2025-06-13,opening_followthrough_30m,value_area_bounce,short,104657.23,104863.89,104243.90999999999,104863.89,stop,1,1.0,0.0019746366304554735,-0.001974636630455384,2.0,0.003,-0.004974636630455384,-0.9999999999999547,-2.519266863447137
2025-06-13 13:30:00+00:00,2025-06-13 13:35:00+00:00,2025-06-13 13:35:00+00:00,New_York,2025-06-13,opening_first_30m,value_area_bounce,short,104815.98,104958.16714285714,104531.60571428572,104958.16714285714,stop,1,1.0,0.0013565406997782252,-0.001356540699778197,2.0,0.003,-0.004356540699778197,-0.9999999999999792,-3.2115075504114463
2025-06-16 07:30:00+00:00,2025-06-16 07:35:00+00:00,2025-06-16 07:35:00+00:00,London,2025-06-16,opening_followthrough_30m,opening_range_breakout,long,107216.66,107100.07714285715,107449.82571428572,107100.07714285715,stop,1,1.0,0.0010873576657103136,-0.0010873576657103312,2.0,0.003,-0.004087357665710331,-1.0000000000000162,-3.758981791000917
2025-06-16 13:40:00+00:00,2025-06-16 13:45:00+00:00,2025-06-16 13:45:00+00:00,New_York,2025-06-16,opening_first_30m,value_area_bounce,long,106758.64,106655.06285714285,106965.79428571429,106655.06285714285,stop,1,1.0,0.0009701991600599636,-0.0009701991600600257,2.0,0.003,-0.003970199160060026,-1.000000000000064,-4.092148626282717
2025-06-16 14:15:00+00:00,2025-06-16 14:20:00+00:00,2025-06-16 14:25:00+00:00,New_York,2025-06-16,opening_followthrough_30m,opening_range_breakout,long,107219.99,107005.57428571429,107648.82142857143,107356.0,phase_end,2,1.0,0.0019997736829271743,0.0012685134553733768,2.0,0.003,-0.0017314865446266233,0.6343285073721876,-0.865841249641887
2025-06-17 14:05:00+00:00,2025-06-17 14:10:00+00:00,2025-06-17 14:25:00+00:00,New_York,2025-06-17,opening_followthrough_30m,value_area_bounce,long,105472.0,105264.495,105887.01,105264.495,stop,4,1.0,0.0019673941899271694,-0.0019673941899271963,2.0,0.003,-0.004967394189927196,-1.0000000000000138,-2.5248596419363643
2025-06-18 14:00:00+00:00,2025-06-18 14:05:00+00:00,2025-06-18 14:25:00+00:00,New_York,2025-06-18,opening_followthrough_30m,opening_range_breakout,long,104782.66,104525.595,105296.79000000001,105296.79000000001,target,5,1.0,0.0024533162261771296,0.0049066324523543425,2.0,0.003,0.0019066324523543425,2.0000000000000338,0.7771653861864131
2025-06-19 07:15:00+00:00,2025-06-19 07:20:00+00:00,2025-06-19 07:20:00+00:00,London,2025-06-19,opening_first_30m,value_area_bounce,long,104829.42,104764.97571428571,104958.30857142857,104764.97571428571,stop,1,1.0,0.00061475381352188,-0.0006147538135218289,2.0,0.003,-0.003614753813521829,-0.999999999999917,-5.880002261089145
2025-06-20 07:30:00+00:00,2025-06-20 07:35:00+00:00,2025-06-20 07:35:00+00:00,London,2025-06-20,opening_followthrough_30m,opening_range_breakout,long,105333.41,105255.94214285715,105488.34571428571,105488.34571428571,target,1,1.0,0.0007354538046651605,0.0014709076093302187,2.0,0.003,-0.0015290923906697814,1.9999999999998608,-2.079114121064274
2025-06-20 13:30:00+00:00,2025-06-20 13:35:00+00:00,2025-06-20 13:35:00+00:00,New_York,2025-06-20,opening_first_30m,value_area_bounce,short,105928.42,106033.19285714286,105718.87428571428,105718.87428571428,target,1,1.0,0.0009890910970149244,0.0019781821940298983,2.0,0.003,-0.0010218178059701018,2.00000000000005,-1.0330876590174014
2025-06-20 14:20:00+00:00,2025-06-20 14:25:00+00:00,2025-06-20 14:25:00+00:00,New_York,2025-06-20,opening_followthrough_30m,opening_range_breakout,short,105195.98,105422.25,104743.43999999999,105300.38,phase_end,1,1.0,0.002150937706935208,-0.0009924333610467073,2.0,0.003,-0.003992433361046707,-0.461395677730151,-1.8561362089538977
2025-06-23 00:40:00+00:00,2025-06-23 00:45:00+00:00,2025-06-23 00:45:00+00:00,Tokyo,2025-06-23,opening_followthrough_30m,opening_range_breakout,long,101198.28,101009.93214285714,101574.97571428571,101574.97571428571,target,1,1.0,0.001861176466070923,0.003722352932141959,2.0,0.003,0.000722352932141959,2.000000000000061,0.38811630455810453
2025-06-23 06:40:00+00:00,2025-06-23 06:45:00+00:00,2025-06-23 06:50:00+00:00,Tokyo,2025-06-23,after_close_30m,value_area_bounce,short,101756.73,101896.71642857142,101476.75714285714,101896.71642857142,stop,2,1.0,0.0013756970037404944,-0.001375697003740406,2.0,0.003,-0.004375697003740406,-0.9999999999999357,-3.180712752766756
2025-06-23 13:35:00+00:00,2025-06-23 13:40:00+00:00,2025-06-23 13:40:00+00:00,New_York,2025-06-23,opening_first_30m,value_area_bounce,long,101682.6,101494.62571428572,102058.54857142858,102058.54857142858,target,1,1.0,0.0018486376795467815,0.003697275359093588,2.0,0.003,0.000697275359093588,2.0000000000000138,0.37718335334619735
2025-06-23 14:20:00+00:00,2025-06-23 14:25:00+00:00,2025-06-23 14:25:00+00:00,New_York,2025-06-23,opening_followthrough_30m,value_area_bounce,short,101920.0,102296.10642857142,101167.78714285714,101823.53,phase_end,1,0.6774678140116108,0.0025,0.0006412413659507307,1.3549356280232216,0.0020324034420348327,-0.001391162076084102,0.2564965463802923,-0.5564648304336408
2025-06-24 07:10:00+00:00,2025-06-24 07:15:00+00:00,2025-06-24 07:15:00+00:00,London,2025-06-24,opening_first_30m,value_area_bounce,short,105486.26,105623.92428571428,105210.93142857142,105623.92428571428,stop,1,1.0,0.0013050447111717094,-0.0013050447111717656,2.0,0.003,-0.004305044711171766,-1.000000000000043,-3.2987718154932515
2025-06-24 07:30:00+00:00,2025-06-24 07:35:00+00:00,2025-06-24 07:50:00+00:00,London,2025-06-24,opening_followthrough_30m,opening_range_breakout,short,105280.0,105448.19428571429,104943.61142857143,104943.61142857143,target,4,1.0,0.0015975900998697163,0.0031951801997395224,2.0,0.003,0.00019518019973952232,2.0000000000000564,0.12217163824152347
2025-06-24 13:40:00+00:00,2025-06-24 13:45:00+00:00,2025-06-24 13:45:00+00:00,New_York,2025-06-24,opening_first_30m,value_area_bounce,short,105059.99,105250.45857142858,104679.05285714286,105250.45857142858,stop,1,1.0,0.0018129505954509735,-0.0018129505954509462,2.0,0.003,-0.004812950595450946,-0.9999999999999849,-2.6547610329412863
2025-06-24 14:00:00+00:00,2025-06-24 14:05:00+00:00,2025-06-24 14:05:00+00:00,New_York,2025-06-24,opening_followthrough_30m,value_area_bounce,long,105167.89,104953.31071428572,105597.04857142858,104953.31071428572,stop,1,1.0,0.002040349822690992,-0.0020403498226909678,2.0,0.003,-0.005040349822690968,-0.9999999999999881,-2.470336099543613
2025-06-25 14:10:00+00:00,2025-06-25 14:15:00+00:00,2025-06-25 14:20:00+00:00,New_York,2025-06-25,opening_followthrough_30m,value_area_bounce,short,107906.0,108140.07357142857,107437.85285714286,107437.85285714286,target,2,1.0,0.0021692359222709513,0.004338471844541947,2.0,0.003,0.0013384718445419467,2.0000000000000204,0.6170245618746318
2025-06-25 15:45:00+00:00,2025-06-25 15:50:00+00:00,2025-06-25 15:55:00+00:00,London,2025-06-25,after_close_30m,value_area_bounce,long,107179.97,106954.64714285714,107630.61571428571,107028.0,phase_end,2,1.0,0.002102285129794834,-0.0014178955265615745,2.0,0.003,-0.0044178955265615745,-0.6744544336381001,-2.101473041857422
2025-06-26 06:00:00+00:00,2025-06-26 06:05:00+00:00,2025-06-26 06:25:00+00:00,Tokyo,2025-06-26,closing_last_30m,value_area_bounce,long,107653.2,107579.00142857143,107801.59714285714,107698.91,phase_end,5,1.0,0.0006892370261967896,0.00042460419197953847,2.0,0.003,-0.0025753958080204616,0.6160495966423984,-3.7365894607135335
2025-06-26 07:45:00+00:00,2025-06-26 07:50:00+00:00,2025-06-26 07:55:00+00:00,London,2025-06-26,opening_followthrough_30m,value_area_bounce,short,107973.6,108066.45357142857,107787.89285714287,107813.99,phase_end,2,1.0,0.00085996550479535,0.0014782317159008906,2.0,0.003,-0.0015217682840991094,1.7189430362705913,-1.7695689834224824
2025-06-26 13:35:00+00:00,2025-06-26 13:40:00+00:00,2025-06-26 13:45:00+00:00,New_York,2025-06-26,opening_first_30m,value_area_bounce,long,107184.7,107074.39142857143,107405.31714285714,107074.39142857143,stop,2,1.0,0.0010291447513364397,-0.0010291447513364194,2.0,0.003,-0.004029144751336419,-0.9999999999999802,-3.9150418307086556
2025-06-27 00:40:00+00:00,2025-06-27 00:45:00+00:00,2025-06-27 00:50:00+00:00,Tokyo,2025-06-27,opening_followthrough_30m,opening_range_breakout,short,106912.9,107015.75214285713,106707.19571428571,106707.19571428571,target,2,1.0,0.0009620180806725972,0.0019240361613451773,2.0,0.003,-0.0010759638386548228,1.9999999999999822,-1.1184445077191898
2025-06-27 07:30:00+00:00,2025-06-27 07:35:00+00:00,2025-06-27 07:40:00+00:00,London,2025-06-27,opening_followthrough_30m,opening_range_breakout,short,107236.64,107335.71214285714,107038.49571428572,107038.49571428572,target,2,1.0,0.000923864668429965,0.001847729336859838,2.0,0.003,-0.001152270663140162,1.9999999999999005,-1.247228844781298
2025-06-27 14:00:00+00:00,2025-06-27 14:05:00+00:00,2025-06-27 14:10:00+00:00,New_York,2025-06-27,opening_followthrough_30m,opening_range_breakout,long,107043.82,106868.27214285715,107394.91571428571,106868.27214285715,stop,2,1.0,0.0016399625605929785,-0.0016399625605929558,2.0,0.003,-0.004639962560592956,-0.9999999999999861,-2.829310053831495
2025-06-30 00:00:00+00:00,2025-06-30 00:05:00+00:00,2025-06-30 00:05:00+00:00,Tokyo,2025-06-30,opening_first_30m,value_area_bounce,short,108283.0,108412.85,108023.3,108412.85,stop,1,1.0,0.0011991725386256442,-0.0011991725386257812,2.0,0.003,-0.004199172538625781,-1.0000000000001144,-3.501725067385547
2025-06-30 14:05:00+00:00,2025-06-30 14:10:00+00:00,2025-06-30 14:10:00+00:00,New_York,2025-06-30,opening_followthrough_30m,opening_range_breakout,short,107169.33,107310.11428571428,106887.76142857144,107310.11428571428,stop,1,1.0,0.0013136620870381793,-0.0013136620870382032,2.0,0.003,-0.004313662087038203,-1.0000000000000182,-3.283692305350694
2025-07-01 00:30:00+00:00,2025-07-01 00:35:00+00:00,2025-07-01 00:45:00+00:00,Tokyo,2025-07-01,opening_followthrough_30m,value_area_bounce,long,107144.99,107047.26000000001,107340.45000000001,107340.45000000001,target,3,1.0,0.0009121285092284964,0.0018242570184570095,2.0,0.003,-0.0011757429815429906,2.000000000000018,-1.289010232272497
2025-07-01 07:20:00+00:00,2025-07-01 07:25:00+00:00,2025-07-01 07:25:00+00:00,London,2025-07-01,opening_first_30m,value_area_bounce,long,106694.12,106625.20928571429,106831.94142857142,106831.94142857142,target,1,1.0,0.0006458717151958534,0.001291743430391623,2.0,0.003,-0.001708256569608377,1.9999999999998703,-2.6448852448823637
2025-07-01 07:50:00+00:00,2025-07-01 07:55:00+00:00,2025-07-01 07:55:00+00:00,London,2025-07-01,opening_followthrough_30m,opening_range_breakout,long,107146.25,107042.63571428572,107353.47857142857,107178.99,phase_end,1,1.0,0.0009670360438586053,0.00030556365715095346,2.0,0.003,-0.0026944363428490466,0.3159795946505912,-2.786283262098359
2025-07-02 00:45:00+00:00,2025-07-02 00:50:00+00:00,2025-07-02 00:55:00+00:00,Tokyo,2025-07-02,opening_followthrough_30m,opening_range_breakout,short,105466.0,105558.43142857144,105281.13714285714,105392.3,phase_end,2,1.0,0.0008764097298791,0.0006988034058369452,2.0,0.003,-0.002301196594163055,0.7973478408704392,-2.625708633427088
2025-07-02 07:35:00+00:00,2025-07-02 07:40:00+00:00,2025-07-02 07:55:00+00:00,London,2025-07-02,opening_followthrough_30m,opening_range_breakout,long,107113.2,107032.30642857142,107274.98714285714,107080.0,phase_end,4,1.0,0.000755215710375295,-0.0003099524615080007,2.0,0.003,-0.0033099524615080008,-0.4104158020679598,-4.3827907921342915
2025-07-02 13:35:00+00:00,2025-07-02 13:40:00+00:00,2025-07-02 13:45:00+00:00,New_York,2025-07-02,opening_first_30m,value_area_bounce,long,107683.34,107560.42714285714,107929.16571428571,107929.16571428571,target,2,1.0,0.0011414287218696792,0.002282857443739461,2.0,0.003,-0.000717142556260539,2.00000000000009,-0.6282850102859227
2025-07-03 13:30:00+00:00,2025-07-03 13:35:00+00:00,2025-07-03 13:45:00+00:00,New_York,2025-07-03,opening_first_30m,value_area_bounce,long,109811.72,109553.68285714286,110327.79428571429,110327.79428571429,target,3,1.0,0.0023498142352851243,0.004699628470570261,2.0,0.003,0.0016996284705702606,2.0000000000000053,0.7233033339607926
2025-07-03 14:05:00+00:00,2025-07-03 14:10:00+00:00,2025-07-03 14:25:00+00:00,New_York,2025-07-03,opening_followthrough_30m,value_area_bounce,short,110124.06,110405.43785714285,109561.30428571429,109905.99,phase_end,4,0.9784357333428049,0.0025,0.0019375191976218219,1.9568714666856097,0.0029353072000284147,-0.0009977880024065928,0.7750076790487287,-0.39911520096263714
2025-07-04 07:35:00+00:00,2025-07-04 07:40:00+00:00,2025-07-04 07:45:00+00:00,London,2025-07-04,opening_followthrough_30m,value_area_bounce,long,108922.01,108834.3107142857,109097.40857142858,108834.3107142857,stop,2,1.0,0.0008051566961928755,-0.0008051566961928547,2.0,0.003,-0.0038051566961928547,-0.9999999999999741,-4.725982798361188
2025-07-07 06:20:00+00:00,2025-07-07 06:25:00+00:00,2025-07-07 06:25:00+00:00,Tokyo,2025-07-07,closing_last_30m,value_area_bounce,long,109169.76,109109.92499999999,109289.43,109150.01,phase_end,1,1.0,0.0005480913395797438,-0.00018091090426508583,2.0,0.003,-0.003180910904265086,-0.33007437118747696,-5.8036146068355885
2025-07-08 00:40:00+00:00,2025-07-08 00:45:00+00:00,2025-07-08 00:45:00+00:00,Tokyo,2025-07-08,opening_followthrough_30m,opening_range_breakout,long,108522.35,108441.53214285715,108683.98571428572,108441.53214285715,stop,1,1.0,0.0007447116390573832,-0.0007447116390574271,2.0,0.003,-0.003744711639057427,-1.000000000000059,-5.028404878695445
2025-07-08 13:40:00+00:00,2025-07-08 13:45:00+00:00,2025-07-08 13:50:00+00:00,New_York,2025-07-08,opening_first_30m,value_area_bounce,long,109033.0,108941.11142857143,109216.77714285714,108941.11142857143,stop,2,1.0,0.0008427592694741188,-0.0008427592694740804,2.0,0.003,-0.0038427592694740805,-0.9999999999999545,-4.559735393799892
2025-07-08 14:00:00+00:00,2025-07-08 14:05:00+00:00,2025-07-08 14:10:00+00:00,New_York,2025-07-08,opening_followthrough_30m,value_area_bounce,short,108865.38,108991.64071428572,108612.85857142857,108612.85857142857,target,2,1.0,0.0011597875677806285,0.002319575135561247,2.0,0.003,-0.000680424864438753,1.9999999999999913,-0.5866805985347948
2025-07-09 00:00:00+00:00,2025-07-09 00:05:00+00:00,2025-07-09 00:05:00+00:00,Tokyo,2025-07-09,opening_first_30m,value_area_bounce,short,108860.0,108913.69642857142,108752.60714285714,108913.69642857142,stop,1,1.0,0.0004932613317235577,-0.0004932613317234491,2.0,0.003,-0.003493261331723449,-0.9999999999997797,-7.081968739607597
2025-07-09 13:30:00+00:00,2025-07-09 13:35:00+00:00,2025-07-09 13:55:00+00:00,New_York,2025-07-09,opening_first_30m,value_area_bounce,short,109466.76,109573.39428571428,109253.49142857142,109253.49142857142,target,5,1.0,0.000974124800206803,0.0019482496004136207,2.0,0.003,-0.0010517503995863793,2.000000000000015,-1.0796875301430542
2025-07-10 06:35:00+00:00,2025-07-10 06:40:00+00:00,2025-07-10 06:50:00+00:00,Tokyo,2025-07-10,after_close_30m,value_area_bounce,short,111159.2,111224.14214285713,111029.31571428571,111224.14214285713,stop,3,1.0,0.0005842264325142951,-0.0005842264325142121,2.0,0.003,-0.003584226432514212,-0.999999999999858,-6.134995325509364
2025-07-10 13:50:00+00:00,2025-07-10 13:55:00+00:00,2025-07-10 13:55:00+00:00,New_York,2025-07-10,opening_first_30m,value_area_bounce,long,110829.13,110679.07642857144,111129.23714285715,110679.07642857144,stop,1,1.0,0.0013539181569734455,-0.0013539181569733882,2.0,0.003,-0.004353918156973388,-0.9999999999999577,-3.2157912459835503
2025-07-10 14:00:00+00:00,2025-07-10 14:05:00+00:00,2025-07-10 14:15:00+00:00,New_York,2025-07-10,opening_followthrough_30m,value_area_bounce,long,110840.0,110666.62714285715,111186.74571428572,111186.74571428572,target,3,1.0,0.0015641722946847457,0.0031283445893695028,2.0,0.003,0.0001283445893695027,2.000000000000007,0.08205271874820554
2025-07-10 15:10:00+00:00,2025-07-10 15:15:00+00:00,2025-07-10 15:15:00+00:00,London,2025-07-10,closing_last_30m,value_area_bounce,short,110994.83,111177.26642857143,110629.95714285715,111177.26642857143,stop,1,1.0,0.0016436479840676239,-0.0016436479840675755,2.0,0.003,-0.004643647984067576,-0.9999999999999706,-2.825208334801525
2025-07-11 06:45:00+00:00,2025-07-11 06:50:00+00:00,2025-07-11 06:55:00+00:00,Tokyo,2025-07-11,after_close_30m,value_area_bounce,short,117848.03,118140.33071428571,117263.42857142858,117648.33,phase_end,2,1.0,0.0024803190540029618,0.0016945552674915154,2.0,0.003,-0.0013054447325084846,0.6832005200124113,-0.5263212933842687
2025-07-14 00:15:00+00:00,2025-07-14 00:20:00+00:00,2025-07-14 00:20:00+00:00,Tokyo,2025-07-14,opening_first_30m,value_area_bounce,short,119051.89,119207.41857142857,118740.83285714286,119207.41857142857,stop,1,1.0,0.0013063931318400075,-0.0013063931318400002,2.0,0.003,-0.00430639313184,-0.9999999999999943,-3.2963990906585683
2025-07-14 13:40:00+00:00,2025-07-14 13:45:00+00:00,2025-07-14 13:55:00+00:00,New_York,2025-07-14,opening_first_30m,value_area_bounce,long,121811.68,121618.50571428571,122198.02857142857,121618.50571428571,stop,3,1.0,0.001585843703282698,-0.00158584370328263,2.0,0.003,-0.00458584370328263,-0.9999999999999573,-2.8917374983360147
2025-07-15 07:45:00+00:00,2025-07-15 07:50:00+00:00,2025-07-15 07:50:00+00:00,London,2025-07-15,opening_followthrough_30m,opening_range_breakout,short,116541.26,116713.91642857142,116195.94714285714,116713.91642857142,stop,1,1.0,0.0014815047355025057,-0.0014815047355025701,2.0,0.003,-0.00448150473550257,-1.0000000000000435,-3.0249682151589656
2025-07-15 14:00:00+00:00,2025-07-15 14:05:00+00:00,2025-07-15 14:10:00+00:00,New_York,2025-07-15,opening_followthrough_30m,value_area_bounce,short,118046.72,118436.71571428572,117266.72857142857,118436.71571428572,stop,2,0.7567180591728112,0.0025,-0.0025000000000000087,1.5134361183456224,0.0022701541775184335,-0.004770154177518442,-1.0000000000000036,-1.9080616710073768
2025-07-16 00:35:00+00:00,2025-07-16 00:40:00+00:00,2025-07-16 00:45:00+00:00,Tokyo,2025-07-16,opening_followthrough_30m,opening_range_breakout,long,117844.99,117717.39857142858,118100.17285714287,118100.17285714287,target,2,1.0,0.0010827055827441496,0.0021654111654882957,2.0,0.003,-0.0008345888345117044,1.999999999999997,-0.7708363638399407
2025-07-16 07:10:00+00:00,2025-07-16 07:15:00+00:00,2025-07-16 07:20:00+00:00,London,2025-07-16,opening_first_30m,value_area_bounce,short,118075.49,118174.99357142858,117876.48285714287,118174.99357142858,stop,2,1.0,0.0008427114842256474,-0.0008427114842257666,2.0,0.003,-0.0038427114842257666,-1.0000000000001414,-4.559937245612318
2025-07-16 13:30:00+00:00,2025-07-16 13:35:00+00:00,2025-07-16 13:35:00+00:00,New_York,2025-07-16,opening_first_30m,value_area_bounce,long,118906.0,118738.96928571428,119240.06142857144,118738.96928571428,stop,1,1.0,0.0014047290656965833,-0.0014047290656965528,2.0,0.003,-0.004404729065696553,-0.9999999999999782,-3.135643145187087
2025-07-17 06:30:00+00:00,2025-07-17 06:35:00+00:00,2025-07-17 06:55:00+00:00,Tokyo,2025-07-17,after_close_30m,value_area_bounce,short,118549.25,118709.69642857143,118228.35714285714,118452.51,phase_end,5,1.0,0.0013534158045827333,0.0008160321554122607,2.0,0.003,-0.0021839678445877394,0.6029426822482309,-1.6136710072342257
2025-07-17 07:30:00+00:00,2025-07-17 07:35:00+00:00,2025-07-17 07:40:00+00:00,London,2025-07-17,opening_followthrough_30m,value_area_bounce,long,118150.86,117992.42428571428,118467.73142857142,118467.73142857142,target,2,1.0,0.001340961160043301,0.0026819223200864606,2.0,0.003,-0.0003180776799135395,1.9999999999998945,-0.23720126234175823
2025-07-17 13:45:00+00:00,2025-07-17 13:50:00+00:00,2025-07-17 13:55:00+00:00,New_York,2025-07-17,opening_first_30m,value_area_bounce,long,117902.0,117650.98857142858,118404.02285714285,118404.02285714285,target,2,1.0,0.0021289836353193814,0.004257967270638652,2.0,0.003,0.0012579672706386517,1.9999999999999478,0.5908769094178296
2025-07-17 20:20:00+00:00,2025-07-17 20:25:00+00:00,2025-07-17 20:25:00+00:00,New_York,2025-07-17,after_close_30m,value_area_bounce,long,118914.09,118692.01,119358.25,119039.46,phase_end,1,1.0,0.0018675667450341557,0.0010542905386570212,2.0,0.003,-0.001945709461342979,0.5645262968300174,-1.0418419938760444
2025-07-18 06:00:00+00:00,2025-07-18 06:05:00+00:00,2025-07-18 06:25:00+00:00,Tokyo,2025-07-18,closing_last_30m,value_area_bounce,short,120461.11,120639.93928571428,120103.45142857144,120151.97,phase_end,5,1.0,0.0014845395805690624,0.0025663054242153205,2.0,0.003,-0.0004336945757846796,1.7286877748531226,-0.29214079668959264
2025-07-18 07:50:00+00:00,2025-07-18 07:55:00+00:00,2025-07-18 07:55:00+00:00,London,2025-07-18,opening_followthrough_30m,opening_range_breakout,short,119478.0,119648.97214285715,119136.05571428571,119339.51,phase_end,1,1.0,0.001430992675280327,0.0011591255293862401,2.0,0.003,-0.00184087447061376,0.8100149982662708,-1.2864317913109782
2025-07-18 13:35:00+00:00,2025-07-18 13:40:00+00:00,2025-07-18 13:40:00+00:00,New_York,2025-07-18,opening_first_30m,value_area_bounce,long,118810.68,118628.09285714285,119175.85428571429,118628.09285714285,stop,1,1.0,0.0015367906560011695,-0.0015367906560010969,2.0,0.003,-0.004536790656001097,-0.9999999999999527,-2.952120146153234
2025-07-21 14:05:00+00:00,2025-07-21 14:10:00+00:00,2025-07-21 14:15:00+00:00,New_York,2025-07-21,opening_followthrough_30m,value_area_bounce,short,118555.55,118782.45142857142,118101.74714285714,118782.45142857142,stop,2,1.0,0.0019138828049081573,-0.001913882804908118,2.0,0.003,-0.004913882804908118,-0.9999999999999795,-2.567494097499833
2025-07-22 00:35:00+00:00,2025-07-22 00:40:00+00:00,2025-07-22 00:40:00+00:00,Tokyo,2025-07-22,opening_followthrough_30m,value_area_bounce,long,117235.27,117112.10857142857,117481.59285714287,117112.10857142857,stop,1,1.0,0.0010505492807022265,-0.001050549280702251,2.0,0.003,-0.004050549280702251,-1.0000000000000233,-3.8556489972509547
2025-07-22 14:00:00+00:00,2025-07-22 14:05:00+00:00,2025-07-22 14:05:00+00:00,New_York,2025-07-22,opening_followthrough_30m,opening_range_breakout,short,117689.56,118005.02,117058.64,118005.02,stop,1,0.9326821150066564,0.0025,-0.0024999999999999706,1.8653642300133129,0.0027980463450199694,-0.00529804634501994,-0.9999999999999882,-2.119218538007976
2025-07-23 00:50:00+00:00,2025-07-23 00:55:00+00:00,2025-07-23 00:55:00+00:00,Tokyo,2025-07-23,opening_followthrough_30m,opening_range_breakout,short,119558.01,119711.10642857142,119251.81714285714,119546.56,phase_end,1,1.0,0.0012805200468912611,9.576940934363787e-05,2.0,0.003,-0.002904230590656362,0.07478946508970226,-2.2680086873352816
2025-07-24 00:30:00+00:00,2025-07-24 00:35:00+00:00,2025-07-24 00:45:00+00:00,Tokyo,2025-07-24,opening_followthrough_30m,opening_range_breakout,long,119087.01,118940.37285714285,119380.28428571428,118940.37285714285,stop,3,1.0,0.0012313445677840586,-0.001231344567784065,2.0,0.003,-0.004231344567784065,-1.0000000000000053,-3.436361095415266
2025-07-24 14:05:00+00:00,2025-07-24 14:10:00+00:00,2025-07-24 14:25:00+00:00,New_York,2025-07-24,opening_followthrough_30m,opening_range_breakout,short,117982.04,118185.21642857142,117575.68714285713,118185.21642857142,stop,4,1.0,0.0017220962493225975,-0.0017220962493225134,2.0,0.003,-0.0047220962493225134,-0.9999999999999512,-2.742062908028511
2025-07-24 15:30:00+00:00,2025-07-24 15:35:00+00:00,2025-07-24 15:40:00+00:00,London,2025-07-24,after_close_30m,value_area_bounce,short,118727.52,118966.91928571429,118248.72142857143,118966.91928571429,stop,2,1.0,0.0020163756954940646,-0.002016375695494066,2.0,0.003,-0.005016375695494066,-1.0000000000000007,-2.487817972962089
2025-07-25 00:35:00+00:00,2025-07-25 00:40:00+00:00,2025-07-25 00:55:00+00:00,Tokyo,2025-07-25,opening_followthrough_30m,opening_range_breakout,short,117728.0,117865.60785714285,117452.78428571428,117664.56,phase_end,4,1.0,0.0011688626082398137,0.0005388692579505472,2.0,0.003,-0.002461130742049453,0.4610201867626073,-2.105577443148482
2025-07-25 07:10:00+00:00,2025-07-25 07:15:00+00:00,2025-07-25 07:15:00+00:00,London,2025-07-25,opening_first_30m,value_area_bounce,long,115509.5,115349.42928571429,115829.64142857143,115829.64142857143,target,1,1.0,0.0013857796483035133,0.0027715592966071068,2.0,0.003,-0.0002284407033928933,2.0000000000000577,-0.1648463402334945
2025-07-25 07:50:00+00:00,2025-07-25 07:55:00+00:00,2025-07-25 07:55:00+00:00,London,2025-07-25,opening_followthrough_30m,opening_range_breakout,short,114766.0,115019.94642857143,114258.10714285714,115019.94642857143,stop,1,1.0,0.002212732242749844,-0.002212732242749871,2.0,0.003,-0.005212732242749871,-1.0000000000000122,-2.3557898881935286
2025-07-28 07:30:00+00:00,2025-07-28 07:35:00+00:00,2025-07-28 07:35:00+00:00,London,2025-07-28,opening_followthrough_30m,opening_range_breakout,short,118811.36,118925.47285714286,118583.13428571429,118925.47285714286,stop,1,1.0,0.0009604540941443503,-0.0009604540941443585,2.0,0.003,-0.0039604540941443585,-1.0000000000000084,-4.12352252782331
2025-07-28 13:40:00+00:00,2025-07-28 13:45:00+00:00,2025-07-28 13:55:00+00:00,New_York,2025-07-28,opening_first_30m,value_area_bounce,short,118664.26,118858.13928571428,118276.50142857143,118276.50142857143,target,3,1.0,0.0016338473413501633,0.003267694682700273,2.0,0.003,0.0002676946827002728,1.9999999999999671,0.16384314245604967
2025-07-29 00:30:00+00:00,2025-07-29 00:35:00+00:00,2025-07-29 00:55:00+00:00,Tokyo,2025-07-29,opening_followthrough_30m,opening_range_breakout,short,117820.01,118005.08,117449.87,117979.8,phase_end,5,1.0,0.0015707858113405595,-0.0013562212394993,2.0,0.003,-0.0043562212394993,-0.8634030366889149,-2.773275139136608
2025-07-29 07:40:00+00:00,2025-07-29 07:45:00+00:00,2025-07-29 07:45:00+00:00,London,2025-07-29,opening_followthrough_30m,opening_range_breakout,long,118971.39,118873.87857142858,119166.41285714286,119166.41285714286,target,1,1.0,0.0008196208228837769,0.001639241645767564,2.0,0.003,-0.001360758354232436,2.0000000000000124,-1.660229116001111
2025-07-29 14:00:00+00:00,2025-07-29 14:05:00+00:00,2025-07-29 14:05:00+00:00,New_York,2025-07-29,opening_followthrough_30m,opening_range_breakout,short,118373.39,118522.63857142857,118074.89285714286,118074.89285714286,target,1,1.0,0.0012608287337937457,0.0025216574675874792,2.0,0.003,-0.00047834253241252084,1.9999999999999905,-0.37938739782144837
2025-07-30 00:30:00+00:00,2025-07-30 00:35:00+00:00,2025-07-30 00:50:00+00:00,Tokyo,2025-07-30,opening_followthrough_30m,value_area_bounce,short,117617.9,117722.51999999999,117408.65999999999,117722.51999999999,stop,4,1.0,0.0008894904602105591,-0.0008894904602105846,2.0,0.003,-0.0038894904602105847,-1.0000000000000289,-4.372717453641796
2025-07-30 06:30:00+00:00,2025-07-30 06:35:00+00:00,2025-07-30 06:40:00+00:00,Tokyo,2025-07-30,after_close_30m,value_area_bounce,short,118149.48,118230.61,117987.21999999999,118230.61,stop,2,1.0,0.00068667251011178,-0.0006866725101117854,2.0,0.003,-0.0036866725101117855,-1.000000000000008,-5.368894860100997
2025-07-30 07:30:00+00:00,2025-07-30 07:35:00+00:00,2025-07-30 07:55:00+00:00,London,2025-07-30,opening_followthrough_30m,value_area_bounce,short,118271.82,118352.83214285715,118109.79571428572,118123.01,phase_end,5,1.0,0.0006849657243554951,0.0012582033488620636,2.0,0.003,-0.0017417966511379364,1.8368851230416603,-2.542896073780692
2025-07-31 00:35:00+00:00,2025-07-31 00:40:00+00:00,2025-07-31 00:45:00+00:00,Tokyo,2025-07-31,opening_followthrough_30m,opening_range_breakout,long,118197.52,118105.39785714286,118381.7642857143,118381.7642857143,target,2,1.0,0.0007793915037908013,0.00155878300758161,2.0,0.003,-0.00144121699241839,2.0000000000000093,-1.8491566631257905
2025-07-31 13:35:00+00:00,2025-07-31 13:40:00+00:00,2025-07-31 13:55:00+00:00,New_York,2025-07-31,opening_first_30m,value_area_bounce,long,118400.0,118220.35928571428,118759.28142857143,118557.01,phase_end,4,1.0,0.0015172357625482544,0.001326097972973006,2.0,0.003,-0.001673902027026994,0.8740223541434159,-1.1032576929346911
2025-07-31 14:00:00+00:00,2025-07-31 14:05:00+00:00,2025-07-31 14:25:00+00:00,New_York,2025-07-31,opening_followthrough_30m,value_area_bounce,short,118437.73,118657.39142857143,117998.40714285713,117998.40714285713,target,5,1.0,0.001854657536677115,0.003709315073354258,2.0,0.003,0.0007093150733542579,2.000000000000015,0.38245070010342586
2025-07-31 15:00:00+00:00,2025-07-31 15:05:00+00:00,2025-07-31 15:10:00+00:00,London,2025-07-31,closing_last_30m,value_area_bounce,long,118127.91,117912.43428571429,118558.86142857144,117912.43428571429,stop,2,1.0,0.0018240880947247488,-0.001824088094724674,2.0,0.003,-0.004824088094724674,-0.999999999999959,-2.644657409187586
2025-08-01 00:45:00+00:00,2025-08-01 00:50:00+00:00,2025-08-01 00:50:00+00:00,Tokyo,2025-08-01,opening_followthrough_30m,opening_range_breakout,short,115250.01,115526.62,114696.79,114696.79,target,1,1.0,0.0024000865596454143,0.004800173119290818,2.0,0.003,0.001800173119290818,1.9999999999999956,0.7500450815227153
2025-08-01 06:50:00+00:00,2025-08-01 06:55:00+00:00,2025-08-01 06:55:00+00:00,Tokyo,2025-08-01,after_close_30m,value_area_bounce,long,115175.29,115033.71785714285,115458.43428571428,115156.51,phase_end,1,1.0,0.0012291885078573928,-0.0001630558082380551,2.0,0.003,-0.003163055808238055,-0.13265321567501379,-2.573287813885927
2025-08-01 07:30:00+00:00,2025-08-01 07:35:00+00:00,2025-08-01 07:45:00+00:00,London,2025-08-01,opening_followthrough_30m,opening_range_breakout,short,114686.16,114843.7842857143,114370.91142857143,114843.7842857143,stop,3,1.0,0.0013743967512234007,-0.0013743967512234168,2.0,0.003,-0.004374396751223417,-1.0000000000000118,-3.1827758231599477
2025-08-01 13:30:00+00:00,2025-08-01 13:35:00+00:00,2025-08-01 13:45:00+00:00,New_York,2025-08-01,opening_first_30m,value_area_bounce,short,115409.94,115664.49428571429,114900.83142857143,114900.83142857143,target,3,1.0,0.0022056530461265758,0.004411306092253153,2.0,0.003,0.0014113060922531532,2.000000000000001,0.6398586100074066
2025-08-01 19:50:00+00:00,2025-08-01 19:55:00+00:00,2025-08-01 19:55:00+00:00,New_York,2025-08-01,closing_last_30m,value_area_bounce,long,113466.01,113156.07357142857,114085.88285714285,113328.68,phase_end,1,0.9152361544187662,0.0025,-0.001107727160638992,1.8304723088375323,0.0027457084632562987,-0.003853435623895291,-0.44309086425559685,-1.5413742495581164
2025-08-04 00:45:00+00:00,2025-08-04 00:50:00+00:00,2025-08-04 00:55:00+00:00,Tokyo,2025-08-04,opening_followthrough_30m,opening_range_breakout,long,114804.62,114696.20928571429,115021.44142857142,114899.87,phase_end,2,1.0,0.0009443061985285369,0.0008296704435761804,2.0,0.003,-0.0021703295564238197,0.8786031955196445,-2.2983324262889844
2025-08-04 07:30:00+00:00,2025-08-04 07:35:00+00:00,2025-08-04 07:45:00+00:00,London,2025-08-04,opening_followthrough_30m,opening_range_breakout,long,114555.93,114478.82714285713,114710.13571428572,114710.13571428572,target,3,1.0,0.000673058628591801,0.0013461172571835878,2.0,0.003,-0.0016538827428164123,1.9999999999999787,-2.4572640072629763
2025-08-04 13:35:00+00:00,2025-08-04 13:40:00+00:00,2025-08-04 13:40:00+00:00,New_York,2025-08-04,opening_first_30m,value_area_bounce,long,114484.34,114375.34714285714,114702.3257142857,114702.3257142857,target,1,1.0,0.0009520328906368917,0.0019040657812736672,2.0,0.003,-0.0010959342187263328,1.9999999999998779,-1.1511516351007305
2025-08-05 07:10:00+00:00,2025-08-05 07:15:00+00:00,2025-08-05 07:25:00+00:00,London,2025-08-05,opening_first_30m,value_area_bounce,long,114283.8,114207.85285714286,114435.69428571429,114213.73,phase_end,3,1.0,0.0006645486311895691,-0.0006131227698064068,2.0,0.003,-0.003613122769806407,-0.922615352782974,-5.43695765852195
2025-08-05 14:15:00+00:00,2025-08-05 14:20:00+00:00,2025-08-05 14:25:00+00:00,New_York,2025-08-05,opening_followthrough_30m,opening_range_breakout,short,113612.39,113844.66428571429,113147.84142857142,113248.66,phase_end,2,1.0,0.0020444450267641276,0.0032014994139283326,2.0,0.003,0.00020149941392833253,1.5659503542609547,0.09855946787048532
2025-08-05 15:05:00+00:00,2025-08-05 15:10:00+00:00,2025-08-05 15:20:00+00:00,London,2025-08-05,closing_last_30m,value_area_bounce,long,113240.01,112937.25714285714,113845.5157142857,112937.25714285714,stop,3,0.9350862207269498,0.0025,-0.002499999999999977,1.8701724414538996,0.0028052586621808494,-0.005305258662180826,-0.9999999999999908,-2.1221034648723305
2025-08-06 00:45:00+00:00,2025-08-06 00:50:00+00:00,2025-08-06 00:50:00+00:00,Tokyo,2025-08-06,opening_followthrough_30m,opening_range_breakout,short,113760.2,113850.13571428572,113580.32857142856,113850.13571428572,stop,1,1.0,0.0007905727511530021,-0.0007905727511530181,2.0,0.003,-0.003790572751153018,-1.0000000000000202,-4.794717178937295
2025-08-06 06:05:00+00:00,2025-08-06 06:10:00+00:00,2025-08-06 06:25:00+00:00,Tokyo,2025-08-06,closing_last_30m,value_area_bounce,short,113933.23,114114.95571428571,113569.77857142856,113988.01,phase_end,4,1.0,0.0015950194187044167,-0.0004808079258351583,2.0,0.003,-0.0034808079258351584,-0.3014433054524836,-2.182298149487426
2025-08-06 13:35:00+00:00,2025-08-06 13:40:00+00:00,2025-08-06 13:45:00+00:00,New_York,2025-08-06,opening_first_30m,value_area_bounce,long,114047.99,113911.13714285714,114321.69571428571,114321.69571428571,target,2,1.0,0.0011999585187152815,0.002399917037430477,2.0,0.003,-0.0006000829625695233,1.999999999999928,-0.5000864223306598
2025-08-07 00:30:00+00:00,2025-08-07 00:35:00+00:00,2025-08-07 00:35:00+00:00,Tokyo,2025-08-07,opening_followthrough_30m,opening_range_breakout,long,115004.57,114966.32285714286,115081.0642857143,114966.32285714286,stop,1,1.0,0.0003325706348638434,-0.00033257063486380467,2.0,0.003,-0.0033325706348638047,-0.9999999999998836,-10.020640085160199
2025-08-08 14:00:00+00:00,2025-08-08 14:05:00+00:00,2025-08-08 14:05:00+00:00,New_York,2025-08-08,opening_followthrough_30m,opening_range_breakout,long,117125.0,116989.305,117396.39,116989.305,stop,1,1.0,0.0011585485592315967,-0.001158548559231698,2.0,0.003,-0.004158548559231698,-1.0000000000000875,-3.5894469214046936
2025-08-12 00:30:00+00:00,2025-08-12 00:35:00+00:00,2025-08-12 00:50:00+00:00,Tokyo,2025-08-12,opening_followthrough_30m,value_area_bounce,short,118776.79,118903.49357142857,118523.38285714285,118903.49357142857,stop,4,1.0,0.0010667367877897009,-0.0010667367877896794,2.0,0.003,-0.0040667367877896795,-0.9999999999999799,-3.8123151224736858
2025-08-12 13:40:00+00:00,2025-08-12 13:45:00+00:00,2025-08-12 13:45:00+00:00,New_York,2025-08-12,opening_first_30m,value_area_bounce,short,118742.52,119005.86714285715,118215.82571428572,119005.86714285715,stop,1,1.0,0.0022177998484211375,-0.002217799848421187,2.0,0.003,-0.005217799848421187,-1.0000000000000222,-2.3526919492468017
2025-08-13 13:45:00+00:00,2025-08-13 13:50:00+00:00,2025-08-13 13:50:00+00:00,New_York,2025-08-13,opening_first_30m,value_area_bounce,long,121056.21,120836.95571428572,121494.71857142859,121494.71857142859,target,1,1.0,0.001811177515918338,0.0036223550318366105,2.0,0.003,0.0006223550318366104,1.9999999999999638,0.34361901380000953
2025-08-13 14:05:00+00:00,2025-08-13 14:10:00+00:00,2025-08-13 14:15:00+00:00,New_York,2025-08-13,opening_followthrough_30m,opening_range_breakout,long,122116.54,121802.30714285714,122745.00571428571,121802.30714285714,stop,2,0.9715449643803677,0.0025,-0.002499999999999933,1.9430899287607355,0.0029146348931411033,-0.005414634893141037,-0.9999999999999731,-2.1658539572564144
2025-08-14 07:35:00+00:00,2025-08-14 07:40:00+00:00,2025-08-14 07:45:00+00:00,London,2025-08-14,opening_followthrough_30m,opening_range_breakout,long,122002.39,121824.32857142857,122358.51285714285,121824.32857142857,stop,2,1.0,0.001459491314649062,-0.001459491314649064,2.0,0.003,-0.004459491314649064,-1.0000000000000013,-3.0555106905321727
2025-08-15 14:15:00+00:00,2025-08-15 14:20:00+00:00,2025-08-15 14:20:00+00:00,New_York,2025-08-15,opening_followthrough_30m,value_area_bounce,long,118184.0,117951.03142857143,118649.93714285715,117951.03142857143,stop,1,1.0,0.0019712361354207865,-0.0019712361354208285,2.0,0.003,-0.004971236135420829,-1.0000000000000213,-2.521887685647388
2025-08-18 13:50:00+00:00,2025-08-18 13:55:00+00:00,2025-08-18 13:55:00+00:00,New_York,2025-08-18,opening_first_30m,value_area_bounce,short,115069.77,115239.32714285715,114730.65571428572,114839.13,phase_end,1,1.0,0.001473515962160549,0.0020043491874538466,2.0,0.003,-0.0009956508125461535,1.360249389165056,-0.67569733760215
2025-08-19 00:45:00+00:00,2025-08-19 00:50:00+00:00,2025-08-19 00:55:00+00:00,Tokyo,2025-08-19,opening_followthrough_30m,opening_range_breakout,long,116333.73,116149.45785714286,116702.27428571429,116563.13,phase_end,2,1.0,0.0015839958269810894,0.001971913047058793,2.0,0.003,-0.001028086952941207,1.2448978800765078,-0.649046503424583
2025-08-19 14:10:00+00:00,2025-08-19 14:15:00+00:00,2025-08-19 14:25:00+00:00,New_York,2025-08-19,opening_followthrough_30m,opening_range_breakout,short,114797.23,115047.075,114297.54,114297.54,target,3,1.0,0.0021764026884620925,0.004352805376924174,2.0,0.003,0.0013528053769241736,1.999999999999995,0.6215786187436223
2025-08-20 00:00:00+00:00,2025-08-20 00:05:00+00:00,2025-08-20 00:25:00+00:00,Tokyo,2025-08-20,opening_first_30m,value_area_bounce,long,113176.0,112999.65714285715,113528.68571428572,112999.65714285715,stop,5,1.0,0.001558129436831646,-0.0015581294368316456,2.0,0.003,-0.004558129436831646,-0.9999999999999997,-2.9253856124432787
2025-08-20 00:30:00+00:00,2025-08-20 00:35:00+00:00,2025-08-20 00:55:00+00:00,Tokyo,2025-08-20,opening_followthrough_30m,value_area_bounce,long,113114.49,112930.17642857143,113483.11714285715,113215.5,phase_end,5,1.0,0.0016294426242700769,0.0008929890414570707,2.0,0.003,-0.0021070109585429294,0.5480334368060937,-1.2930869287200484
2025-08-20 07:30:00+00:00,2025-08-20 07:35:00+00:00,2025-08-20 07:55:00+00:00,London,2025-08-20,opening_followthrough_30m,value_area_bounce,short,113640.4,113711.87357142857,113497.45285714285,113497.45285714285,target,5,1.0,0.0006289450884418901,0.0012578901768837136,2.0,0.003,-0.0017421098231162864,1.999999999999894,-2.769891768186126
2025-08-21 00:40:00+00:00,2025-08-21 00:45:00+00:00,2025-08-21 00:45:00+00:00,Tokyo,2025-08-21,opening_followthrough_30m,opening_range_breakout,long,114420.01,114332.32642857142,114595.37714285713,114332.32642857142,stop,1,1.0,0.0007663307443214775,-0.0007663307443214196,2.0,0.003,-0.0037663307443214196,-0.9999999999999245,-4.914758767320753
2025-08-21 07:20:00+00:00,2025-08-21 07:25:00+00:00,2025-08-21 07:25:00+00:00,London,2025-08-21,opening_first_30m,value_area_bounce,long,113709.64,113616.86571428571,113895.18857142857,113719.32,phase_end,1,1.0,0.0008158876038503552,8.512910602842538e-05,2.0,0.003,-0.0029148708939715747,0.10433925656754948,-3.5726377998827905
2025-08-22 00:30:00+00:00,2025-08-22 00:35:00+00:00,2025-08-22 00:35:00+00:00,Tokyo,2025-08-22,opening_followthrough_30m,opening_range_breakout,long,112808.01,112697.94714285714,113028.1357142857,112697.94714285714,stop,1,1.0,0.0009756652665254571,-0.0009756652665254828,2.0,0.003,-0.003975665266525483,-1.0000000000000264,-4.074825048024552
2025-08-22 07:30:00+00:00,2025-08-22 07:35:00+00:00,2025-08-22 07:55:00+00:00,London,2025-08-22,opening_followthrough_30m,value_area_bounce,short,113125.42,113272.83642857142,112830.58714285714,113094.83,phase_end,5,1.0,0.0013031238122380153,0.0002704078358338746,2.0,0.003,-0.0027295921641661254,0.20750740128788675,-2.094652970448188
2025-08-22 14:00:00+00:00,2025-08-22 14:05:00+00:00,2025-08-22 14:05:00+00:00,New_York,2025-08-22,opening_followthrough_30m,opening_range_breakout,long,114172.24,113827.93142857144,114860.85714285716,114860.85714285716,target,1,0.8289964981577925,0.0025,0.005000000000000106,1.657992996315585,0.002486989494473378,0.002513010505526728,2.000000000000042,1.0052042022106913
2025-08-25 00:35:00+00:00,2025-08-25 00:40:00+00:00,2025-08-25 00:40:00+00:00,Tokyo,2025-08-25,opening_followthrough_30m,opening_range_breakout,short,112621.11,112794.57857142857,112274.17285714285,112274.17285714285,target,1,1.0,0.0015402846893319668,0.0030805693786639665,2.0,0.003,8.056937866396646e-05,2.0000000000000213,0.052308108508765355
2025-08-25 13:30:00+00:00,2025-08-25 13:35:00+00:00,2025-08-25 13:35:00+00:00,New_York,2025-08-25,opening_first_30m,value_area_bounce,short,111200.0,111402.91285714286,110794.17428571428,111402.91285714286,stop,1,1.0,0.0018247559095580764,-0.0018247559095581067,2.0,0.003,-0.004824755909558107,-1.0000000000000167,-2.6440555058821964
2025-08-25 14:05:00+00:00,2025-08-25 14:10:00+00:00,2025-08-25 14:25:00+00:00,New_York,2025-08-25,opening_followthrough_30m,opening_range_breakout,long,111918.31,111615.675,112523.58,111910.32,phase_end,4,0.9245321096370217,0.0025,-6.600360169830586e-05,1.8490642192740434,0.002773596328911065,-0.002839599930609371,-0.026401440679322343,-1.1358399722437484
2025-08-26 00:30:00+00:00,2025-08-26 00:35:00+00:00,2025-08-26 00:35:00+00:00,Tokyo,2025-08-26,opening_followthrough_30m,value_area_bounce,long,109845.19,109594.6742857143,110346.22142857143,109594.6742857143,stop,1,1.0,0.002280625253465466,-0.002280625253465396,2.0,0.003,-0.005280625253465396,-0.9999999999999692,-2.3154287384309877
2025-08-26 07:05:00+00:00,2025-08-26 07:10:00+00:00,2025-08-26 07:10:00+00:00,London,2025-08-26,opening_first_30m,value_area_bounce,long,109980.0,109846.47642857142,110247.04714285715,109846.47642857142,stop,1,1.0,0.0012140713896033246,-0.0012140713896033883,2.0,0.003,-0.004214071389603388,-1.0000000000000524,-3.4710243777182317
2025-08-26 07:30:00+00:00,2025-08-26 07:35:00+00:00,2025-08-26 07:35:00+00:00,London,2025-08-26,opening_followthrough_30m,opening_range_breakout,long,110438.56,110272.07642857142,110771.52714285714,110272.07642857142,stop,1,1.0,0.0015074768398698228,-0.001507476839869848,2.0,0.003,-0.004507476839869848,-1.0000000000000167,-2.9900803253860193
2025-08-27 00:50:00+00:00,2025-08-27 00:55:00+00:00,2025-08-27 00:55:00+00:00,Tokyo,2025-08-27,opening_followthrough_30m,opening_range_breakout,short,111369.34,111492.96857142857,111122.08285714286,111356.37,phase_end,1,1.0,0.0011100772567079202,0.00011645934150283921,2.0,0.003,-0.002883540658497161,0.10491102380406808,-2.597603582158488
2025-08-27 07:45:00+00:00,2025-08-27 07:50:00+00:00,2025-08-27 07:50:00+00:00,London,2025-08-27,opening_followthrough_30m,opening_range_breakout,short,110703.73,110803.75428571428,110503.68142857142,110803.75428571428,stop,1,1.0,0.0009035313057137681,-0.0009035313057137451,2.0,0.003,-0.003903531305713745,-0.9999999999999746,-4.320305540083139
2025-08-27 13:30:00+00:00,2025-08-27 13:35:00+00:00,2025-08-27 13:35:00+00:00,New_York,2025-08-27,opening_first_30m,value_area_bounce,short,111118.6,111245.79714285715,110864.20571428572,111245.79714285715,stop,1,1.0,0.0011446971331275095,-0.0011446971331274813,2.0,0.003,-0.004144697133127481,-0.9999999999999754,-3.620780565601187
2025-08-28 06:30:00+00:00,2025-08-28 06:35:00+00:00,2025-08-28 06:40:00+00:00,Tokyo,2025-08-28,after_close_30m,value_area_bounce,short,112969.06,113074.53142857143,112758.11714285714,113074.53142857143,stop,2,1.0,0.0009336311072379375,-0.0009336311072378756,2.0,0.003,-0.003933631107237876,-0.9999999999999337,-4.213260544494029
2025-08-28 13:30:00+00:00,2025-08-28 13:35:00+00:00,2025-08-28 13:35:00+00:00,New_York,2025-08-28,opening_first_30m,value_area_bounce,short,112962.98,113122.73071428572,112643.47857142857,113122.73071428572,stop,1,1.0,0.001414186437766726,-0.0014141864377668067,2.0,0.003,-0.004414186437766807,-1.000000000000057,-3.1213610312496427
2025-08-28 14:15:00+00:00,2025-08-28 14:20:00+00:00,2025-08-28 14:25:00+00:00,New_York,2025-08-28,opening_followthrough_30m,value_area_bounce,short,112876.14,113106.12071428572,112416.17857142857,112634.67,phase_end,2,1.0,0.0020374608334916135,0.002139247497300989,2.0,0.003,-0.0008607525026990111,1.0499576051407784,-0.42246333698789806
2025-08-29 00:40:00+00:00,2025-08-29 00:45:00+00:00,2025-08-29 00:55:00+00:00,Tokyo,2025-08-29,opening_followthrough_30m,opening_range_breakout,short,112236.45,112372.57642857142,111964.19714285714,112200.94,phase_end,3,1.0,0.001212854011075991,0.00031638563051483715,2.0,0.003,-0.002683614369485163,0.26086043961231054,-2.212644180567435
2025-08-29 07:00:00+00:00,2025-08-29 07:05:00+00:00,2025-08-29 07:05:00+00:00,London,2025-08-29,opening_first_30m,value_area_bounce,long,111172.56,111047.65928571428,111422.36142857141,111047.65928571428,stop,1,1.0,0.0011234850963737024,-0.001123485096373722,2.0,0.003,-0.004123485096373722,-1.0000000000000173,-3.670262391270864
2025-08-29 15:30:00+00:00,2025-08-29 15:35:00+00:00,2025-08-29 15:55:00+00:00,London,2025-08-29,after_close_30m,value_area_bounce,long,108457.53,108170.63571428572,109031.31857142858,108386.23,phase_end,5,0.9451001239879255,0.0025,-0.0006213089938554364,1.890200247975851,0.002835300371963777,-0.0034566093658192133,-0.24852359754217457,-1.3826437463276853
2025-09-01 07:40:00+00:00,2025-09-01 07:45:00+00:00,2025-09-01 07:50:00+00:00,London,2025-09-01,opening_followthrough_30m,opening_range_breakout,long,108823.54,108656.73785714286,109157.14428571428,109157.14428571428,target,2,1.0,0.0015327762987414444,0.003065552597482979,2.0,0.003,6.555259748297886e-05,2.000000000000059,0.04276723063685405
2025-09-02 06:40:00+00:00,2025-09-02 06:45:00+00:00,2025-09-02 06:55:00+00:00,Tokyo,2025-09-02,after_close_30m,value_area_bounce,short,110424.03,110528.52928571428,110215.03142857143,110376.63,phase_end,3,1.0,0.0009463455165898489,0.00042925439326924053,2.0,0.003,-0.0025707456067307595,0.4535916171675399,-2.716497898140235
2025-09-02 07:45:00+00:00,2025-09-02 07:50:00+00:00,2025-09-02 07:55:00+00:00,London,2025-09-02,opening_followthrough_30m,opening_range_breakout,short,110156.08,110271.41,109925.42,110233.92,phase_end,2,1.0,0.0010469689916344314,-0.0007066337146346413,2.0,0.003,-0.0037066337146346414,-0.6749328015259649,-3.54034717766396
2025-09-02 15:15:00+00:00,2025-09-02 15:20:00+00:00,2025-09-02 15:25:00+00:00,London,2025-09-02,closing_last_30m,value_area_bounce,short,111150.32,111448.62142857144,110553.71714285715,111260.77,phase_end,2,0.9315268831622854,0.0025,-0.0009256576521351528,1.8630537663245708,0.0027945806494868563,-0.0037202383016220093,-0.37026306085406113,-1.4880953206488037
2025-09-03 00:40:00+00:00,2025-09-03 00:45:00+00:00,2025-09-03 00:55:00+00:00,Tokyo,2025-09-03,opening_followthrough_30m,value_area_bounce,short,111417.72,111547.905,111157.35,111339.98,phase_end,3,1.0,0.0011684407112261832,0.0006977346152838848,2.0,0.003,-0.0023022653847161153,0.5971502093175692,-1.9703741598493907
2025-09-03 07:20:00+00:00,2025-09-03 07:25:00+00:00,2025-09-03 07:25:00+00:00,London,2025-09-03,opening_first_30m,value_area_bounce,long,110696.66,110572.30142857143,110945.37714285715,110779.99,phase_end,1,1.0,0.0011234175577526067,0.0007527779067588725,2.0,0.003,-0.0022472220932411276,0.6700784597534707,-2.0003444647390847
2025-09-03 13:35:00+00:00,2025-09-03 13:40:00+00:00,2025-09-03 13:45:00+00:00,New_York,2025-09-03,opening_first_30m,value_area_bounce,long,111408.54,111206.52071428571,111812.57857142857,111812.57857142857,target,2,1.0,0.0018133195688076345,0.003626639137615406,2.0,0.003,0.0006266391376154061,2.0000000000000755,0.34557567700405867
2025-09-03 14:10:00+00:00,2025-09-03 14:15:00+00:00,2025-09-03 14:15:00+00:00,New_York,2025-09-03,opening_followthrough_30m,value_area_bounce,short,111222.25,111484.18142857144,110698.38714285714,111484.18142857144,stop,1,1.0,0.002355027241144907,-0.0023550272411450024,2.0,0.003,-0.0053550272411450025,-1.0000000000000404,-2.273870614991966
2025-09-04 13:30:00+00:00,2025-09-04 13:35:00+00:00,2025-09-04 13:35:00+00:00,New_York,2025-09-04,opening_first_30m,value_area_bounce,long,110798.48,110644.37785714286,111106.68428571429,110644.37785714286,stop,1,1.0,0.0013908326437072462,-0.0013908326437072072,2.0,0.003,-0.004390832643707207,-0.9999999999999719,-3.156981297191516
2025-09-04 14:00:00+00:00,2025-09-04 14:05:00+00:00,2025-09-04 14:25:00+00:00,New_York,2025-09-04,opening_followthrough_30m,opening_range_breakout,short,110071.77,110276.2192857143,109662.87142857144,109946.28,phase_end,5,1.0,0.0018574179893199251,0.0011400743351360765,2.0,0.003,-0.0018599256648639236,0.6137952478609854,-1.0013500868185932
2025-09-04 19:35:00+00:00,2025-09-04 19:40:00+00:00,2025-09-04 19:55:00+00:00,New_York,2025-09-04,closing_last_30m,value_area_bounce,short,109848.67,109982.98714285714,109580.03571428571,109799.99,phase_end,4,1.0,0.0012227471016002657,0.00044315511512327266,2.0,0.003,-0.0025568448848767274,0.3624258152346426,-2.0910659951926824
2025-09-05 14:10:00+00:00,2025-09-05 14:15:00+00:00,2025-09-05 14:15:00+00:00,New_York,2025-09-05,opening_followthrough_30m,opening_range_breakout,short,112235.55,112531.97714285715,111642.69571428571,111642.69571428571,target,1,0.9465694412985066,0.0025,0.005000000000000014,1.8931388825970132,0.00283970832389552,0.002160291676104494,2.0000000000000053,0.8641166704417975
2025-09-08 00:35:00+00:00,2025-09-08 00:40:00+00:00,2025-09-08 00:45:00+00:00,Tokyo,2025-09-08,opening_followthrough_30m,value_area_bounce,long,111219.99,111082.03571428572,111495.89857142858,111082.03571428572,stop,2,1.0,0.0012403731174071026,-0.0012403731174071009,2.0,0.003,-0.004240373117407101,-0.9999999999999986,-3.4186270710794266
2025-09-08 07:05:00+00:00,2025-09-08 07:10:00+00:00,2025-09-08 07:10:00+00:00,London,2025-09-08,opening_first_30m,value_area_bounce,short,111189.52,111250.25285714286,111068.05428571429,111250.25285714286,stop,1,1.0,0.0005462102646261788,-0.0005462102646260902,2.0,0.003,-0.0035462102646260903,-0.9999999999998378,-6.492390374708691
2025-09-08 13:35:00+00:00,2025-09-08 13:40:00+00:00,2025-09-08 13:40:00+00:00,New_York,2025-09-08,opening_first_30m,value_area_bounce,short,112022.0,112150.37142857142,111765.25714285715,112150.37142857142,stop,1,1.0,0.001145948372386016,-0.0011459483723859076,2.0,0.003,-0.004145948372385908,-0.9999999999999054,-3.6179189850878664
2025-09-09 07:10:00+00:00,2025-09-09 07:15:00+00:00,2025-09-09 07:15:00+00:00,London,2025-09-09,opening_first_30m,value_area_bounce,short,113001.9,113173.77428571427,112658.15142857142,113173.77428571427,stop,1,1.0,0.0015209858039049258,-0.0015209858039049173,2.0,0.003,-0.004520985803904917,-0.9999999999999944,-2.9724049970077937
2025-09-09 07:35:00+00:00,2025-09-09 07:40:00+00:00,2025-09-09 07:55:00+00:00,London,2025-09-09,opening_followthrough_30m,value_area_bounce,short,113075.05,113242.68571428572,112739.77857142859,112991.11,phase_end,4,1.0,0.0014825172687141133,0.0007423388271772247,2.0,0.003,-0.0022576611728227754,0.5007286207337773,-1.5228565767608202
2025-09-09 13:45:00+00:00,2025-09-09 13:50:00+00:00,2025-09-09 13:55:00+00:00,New_York,2025-09-09,opening_first_30m,value_area_bounce,short,112831.65,112995.47357142856,112504.00285714286,112760.58,phase_end,2,1.0,0.0014519292364205461,0.0006298764575364268,2.0,0.003,-0.002370123542463573,0.4338203555217793,-1.6323960445253238
2025-09-10 00:50:00+00:00,2025-09-10 00:55:00+00:00,2025-09-10 00:55:00+00:00,Tokyo,2025-09-10,opening_followthrough_30m,opening_range_breakout,short,111045.42,111145.10285714286,110846.05428571429,111010.46,phase_end,1,1.0,0.0008976764385497122,0.00031482613150535244,2.0,0.003,-0.0026851738684946476,0.35071225887802754,-2.991249132964679
2025-09-10 06:05:00+00:00,2025-09-10 06:10:00+00:00,2025-09-10 06:15:00+00:00,Tokyo,2025-09-10,closing_last_30m,value_area_bounce,short,111470.0,111590.60714285714,111228.78571428571,111590.60714285714,stop,2,1.0,0.0010819695241512772,-0.0010819695241512939,2.0,0.003,-0.004081969524151294,-1.0000000000000153,-3.7727213503109422
2025-09-10 07:50:00+00:00,2025-09-10 07:55:00+00:00,2025-09-10 07:55:00+00:00,London,2025-09-10,opening_followthrough_30m,opening_range_breakout,long,112576.42,112445.47071428571,112838.31857142856,112553.65,phase_end,1,1.0,0.001163203499580874,-0.00020226260525968431,2.0,0.003,-0.0032022626052596844,-0.17388410998811785,-2.7529685101648376
2025-09-11 07:00:00+00:00,2025-09-11 07:05:00+00:00,2025-09-11 07:25:00+00:00,London,2025-09-11,opening_first_30m,value_area_bounce,short,114074.16,114159.98928571428,113902.50142857143,114070.77,phase_end,5,1.0,0.0007523990158181996,2.971751008296053e-05,2.0,0.003,-0.0029702824899170395,0.039497008180751136,-3.947749036708924
2025-09-12 00:45:00+00:00,2025-09-12 00:50:00+00:00,2025-09-12 00:50:00+00:00,Tokyo,2025-09-12,opening_followthrough_30m,opening_range_breakout,long,116282.19,116123.67214285715,116599.22571428571,116123.67214285715,stop,1,1.0,0.0013632169908638298,-0.0013632169908638359,2.0,0.003,-0.004363216990863836,-1.0000000000000044,-3.2006767962149563
2025-09-12 13:30:00+00:00,2025-09-12 13:35:00+00:00,2025-09-12 13:35:00+00:00,New_York,2025-09-12,opening_first_30m,value_area_bounce,long,115045.99,114934.72214285715,115268.52571428572,114934.72214285715,stop,1,1.0,0.0009671598040301721,-0.000967159804030171,2.0,0.003,-0.003967159804030171,-0.9999999999999989,-4.101865883485796
2025-09-12 14:00:00+00:00,2025-09-12 14:05:00+00:00,2025-09-12 14:10:00+00:00,New_York,2025-09-12,opening_followthrough_30m,opening_range_breakout,long,115369.79,115223.08214285714,115663.20571428571,115223.08214285714,stop,2,1.0,0.0012716314829285583,-0.0012716314829285258,2.0,0.003,-0.004271631482928526,-0.9999999999999745,-3.3591740533908365
2025-09-15 07:30:00+00:00,2025-09-15 07:35:00+00:00,2025-09-15 07:40:00+00:00,London,2025-09-15,opening_followthrough_30m,opening_range_breakout,short,115909.75,116034.275,115660.7,115660.7,target,2,1.0,0.0010743272244138344,0.002148654448827614,2.0,0.003,-0.0008513455511723863,1.9999999999999487,-0.792445292110037
2025-09-16 13:30:00+00:00,2025-09-16 13:35:00+00:00,2025-09-16 13:35:00+00:00,New_York,2025-09-16,opening_first_30m,value_area_bounce,short,115350.96,115446.93000000001,115159.02,115159.02,target,1,1.0,0.000831982672705958,0.0016639653454120218,2.0,0.003,-0.0013360346545879783,2.000000000000127,-1.605844326351931
2025-09-16 14:20:00+00:00,2025-09-16 14:25:00+00:00,2025-09-16 14:25:00+00:00,New_York,2025-09-16,opening_followthrough_30m,value_area_bounce,long,115152.81,114950.215,115558.0,115004.0,phase_end,1,1.0,0.0017593578480629359,-0.001292282837040637,2.0,0.003,-0.004292282837040637,-0.7345196080851025,-2.4396872084701062
2025-09-16 15:15:00+00:00,2025-09-16 15:20:00+00:00,2025-09-16 15:25:00+00:00,London,2025-09-16,closing_last_30m,value_area_bounce,long,115108.76,114962.2157142857,115401.84857142856,115117.08,phase_end,2,1.0,0.0012730941217183424,7.227946856525058e-05,2.0,0.003,-0.0029277205314347495,0.056774646377042645,-2.299688987239291
2025-09-17 14:00:00+00:00,2025-09-17 14:05:00+00:00,2025-09-17 14:15:00+00:00,New_York,2025-09-17,opening_followthrough_30m,value_area_bounce,long,116201.54,116064.23,116476.15999999999,116064.23,stop,3,1.0,0.0011816538748109513,-0.0011816538748109506,2.0,0.003,-0.004181653874810951,-0.9999999999999994,-3.5388145073192088
2025-09-18 13:40:00+00:00,2025-09-18 13:45:00+00:00,2025-09-18 13:45:00+00:00,New_York,2025-09-18,opening_first_30m,value_area_bounce,short,117171.07,117297.92071428572,116917.36857142857,117297.92071428572,stop,1,1.0,0.0010826112135505514,-0.0010826112135504662,2.0,0.003,-0.004082611213550466,-0.9999999999999213,-3.7710778924606374
2025-09-18 14:15:00+00:00,2025-09-18 14:20:00+00:00,2025-09-18 14:25:00+00:00,New_York,2025-09-18,opening_followthrough_30m,opening_range_breakout,long,117719.11,117539.435,118078.46,117706.4,phase_end,2,1.0,0.0015263027387821897,-0.00010796887608144345,2.0,0.003,-0.0031079688760814435,-0.07073883400588662,-2.036272881591785
2025-09-19 00:15:00+00:00,2025-09-19 00:20:00+00:00,2025-09-19 00:20:00+00:00,Tokyo,2025-09-19,opening_first_30m,value_area_bounce,short,117154.04,117254.53928571427,116953.04142857142,117254.53928571427,stop,1,1.0,0.0008578388394824975,-0.0008578388394824277,2.0,0.003,-0.0038578388394824277,-0.9999999999999186,-4.4971603778277505
2025-09-19 07:35:00+00:00,2025-09-19 07:40:00+00:00,2025-09-19 07:55:00+00:00,London,2025-09-19,opening_followthrough_30m,opening_range_breakout,long,116962.65,116859.45428571428,117169.04142857142,116909.97,phase_end,4,1.0,0.0008822963081437934,-0.0004504001918560485,2.0,0.003,-0.0034504001918560486,-0.5104863158768244,-3.910704555836943
2025-09-19 13:45:00+00:00,2025-09-19 13:50:00+00:00,2025-09-19 13:55:00+00:00,New_York,2025-09-19,opening_first_30m,value_area_bounce,long,116426.9,116320.51714285713,116639.6657142857,116320.51714285713,stop,2,1.0,0.000913730908774992,-0.0009137309087750012,2.0,0.003,-0.003913730908775001,-1.00000000000001,-4.283242332277024
2025-09-22 00:05:00+00:00,2025-09-22 00:10:00+00:00,2025-09-22 00:10:00+00:00,Tokyo,2025-09-22,opening_first_30m,value_area_bounce,short,115280.0,115365.77571428572,115108.44857142857,115365.77571428572,stop,1,1.0,0.0007440641419648877,-0.0007440641419649285,2.0,0.003,-0.0037440641419649286,-1.0000000000000548,-5.031910464167497
2025-09-22 00:35:00+00:00,2025-09-22 00:40:00+00:00,2025-09-22 00:40:00+00:00,Tokyo,2025-09-22,opening_followthrough_30m,opening_range_breakout,short,114764.01,114888.93142857142,114514.16714285714,114888.93142857142,stop,1,1.0,0.001088507002948286,-0.001088507002948269,2.0,0.003,-0.004088507002948269,-0.9999999999999845,-3.756068625993498
2025-09-22 14:00:00+00:00,2025-09-22 14:05:00+00:00,2025-09-22 14:25:00+00:00,New_York,2025-09-22,opening_followthrough_30m,opening_range_breakout,long,113208.73,113025.56285714285,113575.06428571428,113382.53,phase_end,5,1.0,0.0016179595235909859,0.001535217292871316,2.0,0.003,-0.0014647827071286841,0.9488601355514584,-0.9053271641046169
2025-09-23 13:30:00+00:00,2025-09-23 13:35:00+00:00,2025-09-23 13:35:00+00:00,New_York,2025-09-23,opening_first_30m,value_area_bounce,long,112977.92,112898.0,113137.76,112898.0,stop,1,1.0,0.0007073948608718959,-0.0007073948608719016,2.0,0.003,-0.0037073948608719017,-1.0000000000000082,-5.2409129129131236
2025-09-23 14:05:00+00:00,2025-09-23 14:10:00+00:00,2025-09-23 14:10:00+00:00,New_York,2025-09-23,opening_followthrough_30m,opening_range_breakout,long,113193.02,113063.52357142858,113452.01285714285,113063.52357142858,stop,1,1.0,0.0011440319250376502,-0.0011440319250376474,2.0,0.003,-0.0041440319250376475,-0.9999999999999976,-3.622304443034898
2025-09-24 13:45:00+00:00,2025-09-24 13:50:00+00:00,2025-09-24 13:55:00+00:00,New_York,2025-09-24,opening_first_30m,value_area_bounce,short,113008.01,113099.45357142857,112825.12285714285,112825.12285714285,target,2,1.0,0.0008091777868539843,0.0016183555737079303,2.0,0.003,-0.0013816444262920698,1.9999999999999525,-1.707467071808518
2025-09-25 00:45:00+00:00,2025-09-25 00:50:00+00:00,2025-09-25 00:55:00+00:00,Tokyo,2025-09-25,opening_followthrough_30m,opening_range_breakout,short,113095.77,113210.13714285714,112867.03571428572,113062.35,phase_end,2,1.0,0.0010112415597607297,0.0002955017681032235,2.0,0.003,-0.0027044982318967766,0.29221679553314867,-2.674433428682153
2025-09-25 07:05:00+00:00,2025-09-25 07:10:00+00:00,2025-09-25 07:25:00+00:00,London,2025-09-25,opening_first_30m,value_area_bounce,long,111656.83,111543.76071428572,111882.96857142857,111860.41,phase_end,4,1.0,0.0010126499714731715,0.0018232650882172852,2.0,0.003,-0.001176734911782715,1.8004889543075346,-1.1620351996562424
2025-09-26 00:40:00+00:00,2025-09-26 00:45:00+00:00,2025-09-26 00:50:00+00:00,Tokyo,2025-09-26,opening_followthrough_30m,opening_range_breakout,short,108809.25,109008.70285714285,108410.3442857143,109008.70285714285,stop,2,1.0,0.0018330505645692426,-0.001833050564569172,2.0,0.003,-0.004833050564569172,-0.9999999999999615,-2.6366160639463394
2025-09-26 07:30:00+00:00,2025-09-26 07:35:00+00:00,2025-09-26 07:55:00+00:00,London,2025-09-26,opening_followthrough_30m,opening_range_breakout,short,108990.62,109136.37,108699.12,109136.37,stop,5,1.0,0.0013372710422236526,-0.0013372710422236977,2.0,0.003,-0.004337271042223698,-1.0000000000000338,-3.2433746826758165
2025-09-26 14:10:00+00:00,2025-09-26 14:15:00+00:00,2025-09-26 14:25:00+00:00,New_York,2025-09-26,opening_followthrough_30m,value_area_bounce,short,109309.0,109529.38,108868.24,109083.45,phase_end,3,1.0,0.002016119441217076,0.002063416553074293,2.0,0.003,-0.0009365834469257069,1.023459479081589,-0.46454759960070474
2025-09-29 00:10:00+00:00,2025-09-29 00:15:00+00:00,2025-09-29 00:20:00+00:00,Tokyo,2025-09-29,opening_first_30m,value_area_bounce,short,112109.18,112258.66999999998,111810.2,112258.66999999998,stop,2,1.0,0.0013334322844926524,-0.001333432284492675,2.0,0.003,-0.004333432284492675,-1.0000000000000169,-3.249833032309901
2025-09-29 06:05:00+00:00,2025-09-29 06:10:00+00:00,2025-09-29 06:25:00+00:00,Tokyo,2025-09-29,closing_last_30m,value_area_bounce,long,111767.44,111695.52500000001,111911.27,111800.94,phase_end,4,1.0,0.0006434342595661026,0.0002997295097748598,2.0,0.003,-0.0027002704902251403,0.46582771327249695,-4.196653271223166
2025-09-29 06:45:00+00:00,2025-09-29 06:50:00+00:00,2025-09-29 06:50:00+00:00,Tokyo,2025-09-29,after_close_30m,value_area_bounce,long,111726.63,111653.41714285714,111873.05571428571,111653.41714285714,stop,1,1.0,0.0006552856480398255,-0.0006552856480398495,2.0,0.003,-0.0036552856480398495,-1.0000000000000366,-5.578156120119537
2025-09-30 00:10:00+00:00,2025-09-30 00:15:00+00:00,2025-09-30 00:15:00+00:00,Tokyo,2025-09-30,opening_first_30m,value_area_bounce,short,114307.89,114393.27714285714,114137.11571428571,114137.11571428571,target,1,1.0,0.0007469925554320334,0.0014939851108640712,2.0,0.003,-0.001506014889135929,2.0000000000000058,-2.0161042813404
2025-09-30 00:45:00+00:00,2025-09-30 00:50:00+00:00,2025-09-30 00:50:00+00:00,Tokyo,2025-09-30,opening_followthrough_30m,opening_range_breakout,long,114500.0,114391.875,114716.25,114391.875,stop,1,1.0,0.0009443231441048035,-0.0009443231441047528,2.0,0.003,-0.003944323144104753,-0.9999999999999464,-4.17687861271671
2025-09-30 07:30:00+00:00,2025-09-30 07:35:00+00:00,2025-09-30 07:35:00+00:00,London,2025-09-30,opening_followthrough_30m,opening_range_breakout,short,113815.85,113887.35714285714,113672.83571428573,113672.83571428573,target,1,1.0,0.0006282705164275646,0.0012565410328551074,2.0,0.003,-0.0017434589671448926,1.9999999999999656,-2.7750131854960314
2025-10-01 06:15:00+00:00,2025-10-01 06:20:00+00:00,2025-10-01 06:25:00+00:00,Tokyo,2025-10-01,closing_last_30m,value_area_bounce,short,114474.21,114574.57571428572,114273.47857142858,114388.46,phase_end,2,1.0,0.0008767539368536717,0.0007490770191819207,2.0,0.003,-0.0022509229808180794,0.8543754270098476,-2.567337181165978
2025-10-01 13:30:00+00:00,2025-10-01 13:35:00+00:00,2025-10-01 13:35:00+00:00,New_York,2025-10-01,opening_first_30m,value_area_bounce,short,116497.14,116608.68428571429,116274.05142857143,116608.68428571429,stop,1,1.0,0.000957485185595856,-0.0009574851855957967,2.0,0.003,-0.003957485185595797,-0.999999999999938,-4.133207745802355
2025-10-01 14:00:00+00:00,2025-10-01 14:05:00+00:00,2025-10-01 14:05:00+00:00,New_York,2025-10-01,opening_followthrough_30m,opening_range_breakout,long,117206.68,117041.16857142856,117537.70285714285,117041.16857142856,stop,1,1.0,0.0014121330675984588,-0.0014121330675984645,2.0,0.003,-0.0044121330675984645,-1.000000000000004,-3.124445683509097
2025-10-02 06:30:00+00:00,2025-10-02 06:35:00+00:00,2025-10-02 06:55:00+00:00,Tokyo,2025-10-02,after_close_30m,value_area_bounce,long,118566.77,118463.39571428573,118773.51857142858,118649.06,phase_end,5,1.0,0.0008718655801645355,0.0006940393164120984,2.0,0.003,-0.0023059606835879017,0.7960393576738304,-2.6448580332219658
2025-10-02 07:30:00+00:00,2025-10-02 07:35:00+00:00,2025-10-02 07:45:00+00:00,London,2025-10-02,opening_followthrough_30m,opening_range_breakout,short,118430.41,118520.87071428572,118249.48857142858,118520.87071428572,stop,3,1.0,0.0007638301200317722,-0.0007638301200316722,2.0,0.003,-0.0037638301200316722,-0.999999999999869,-4.927574890441754
2025-10-02 15:05:00+00:00,2025-10-02 15:10:00+00:00,2025-10-02 15:25:00+00:00,London,2025-10-02,closing_last_30m,value_area_bounce,long,119035.94,118757.32928571428,119593.16142857143,119428.12,phase_end,4,1.0,0.0023405596182607914,0.003294635216893216,2.0,0.003,0.00029463521689321575,1.4076271295073326,0.12588238068985888
2025-10-03 07:35:00+00:00,2025-10-03 07:40:00+00:00,2025-10-03 07:45:00+00:00,London,2025-10-03,opening_followthrough_30m,opening_range_breakout,short,119658.84,119736.07357142857,119504.37285714285,119736.07357142857,stop,2,1.0,0.0006454481041983335,-0.0006454481041984206,2.0,0.003,-0.0036454481041984206,-1.0000000000001348,-5.647933707584717
2025-10-03 13:35:00+00:00,2025-10-03 13:40:00+00:00,2025-10-03 13:40:00+00:00,New_York,2025-10-03,opening_first_30m,value_area_bounce,long,120437.17,120294.30285714286,120722.90428571428,120294.30285714286,stop,1,1.0,0.001186237960067833,-0.001186237960067782,2.0,0.003,-0.004186237960067782,-0.9999999999999568,-3.529003539752175
2025-10-03 14:00:00+00:00,2025-10-03 14:05:00+00:00,2025-10-03 14:05:00+00:00,New_York,2025-10-03,opening_followthrough_30m,value_area_bounce,long,120393.99,120212.96500000001,120756.04000000001,120212.96500000001,stop,1,1.0,0.0015036049556958816,-0.001503604955695792,2.0,0.003,-0.004503604955695792,-0.9999999999999405,-2.9952049164479404
2025-10-06 00:50:00+00:00,2025-10-06 00:55:00+00:00,2025-10-06 00:55:00+00:00,Tokyo,2025-10-06,opening_followthrough_30m,opening_range_breakout,short,123171.99,123462.23928571428,122591.49142857143,123347.29,phase_end,1,1.0,0.002356455276189692,-0.0014232131834517325,2.0,0.003,-0.004423213183451733,-0.6039635879502113,-1.8770622248362454
2025-10-06 06:00:00+00:00,2025-10-06 06:05:00+00:00,2025-10-06 06:25:00+00:00,Tokyo,2025-10-06,closing_last_30m,value_area_bounce,long,123749.99,123602.10571428572,124045.75857142858,123861.88,phase_end,5,1.0,0.0011950246275921719,0.0009041616892251358,2.0,0.003,-0.0020958383107748642,0.7566050676686981,-1.7538034467103172
2025-10-06 07:15:00+00:00,2025-10-06 07:20:00+00:00,2025-10-06 07:25:00+00:00,London,2025-10-06,opening_first_30m,value_area_bounce,short,123903.57,124046.80500000001,123617.1,123841.14,phase_end,2,1.0,0.0011560199597154678,0.000503859574021992,2.0,0.003,-0.002496140425978008,0.4358571578175929,-2.1592537438474553
2025-10-07 06:45:00+00:00,2025-10-07 06:50:00+00:00,2025-10-07 06:55:00+00:00,Tokyo,2025-10-07,after_close_30m,value_area_bounce,long,123973.56,123831.34142857142,124257.99714285714,123890.84,phase_end,2,1.0,0.0011471685690769167,-0.0006672390467774569,2.0,0.003,-0.003667239046777457,-0.581639930489343,-3.196774341305695
2025-10-07 07:40:00+00:00,2025-10-07 07:45:00+00:00,2025-10-07 07:55:00+00:00,London,2025-10-07,opening_followthrough_30m,value_area_bounce,long,123688.97,123553.79642857143,123959.31714285714,123667.99,phase_end,3,1.0,0.00109285065134402,-0.00016961900483114523,2.0,0.003,-0.0031696190048311453,-0.1552078544516058,-2.9003221995000454
2025-10-07 14:05:00+00:00,2025-10-07 14:10:00+00:00,2025-10-07 14:25:00+00:00,New_York,2025-10-07,opening_followthrough_30m,opening_range_breakout,short,123088.36,123428.93285714285,122407.21428571429,122887.64,phase_end,4,0.9035391210607385,0.0025,0.0014733998598999785,1.807078242121477,0.0027106173631822154,-0.001237217503282237,0.5893599439599914,-0.49488700131289476
2025-10-08 00:15:00+00:00,2025-10-08 00:20:00+00:00,2025-10-08 00:25:00+00:00,Tokyo,2025-10-08,opening_first_30m,value_area_bounce,long,121785.32,121616.18785714287,122123.5842857143,121616.18785714287,stop,2,1.0,0.001388772824648679,-0.0013887728246486652,2.0,0.003,-0.004388772824648665,-0.9999999999999901,-3.1601805181915936
2025-10-08 00:35:00+00:00,2025-10-08 00:40:00+00:00,2025-10-08 00:50:00+00:00,Tokyo,2025-10-08,opening_followthrough_30m,value_area_bounce,long,121663.4,121457.36785714285,122075.46428571428,122075.46428571428,target,3,1.0,0.0016934603410486855,0.0033869206820973385,2.0,0.003,0.0003869206820973385,1.9999999999999807,0.22847932881483102
2025-10-08 14:05:00+00:00,2025-10-08 14:10:00+00:00,2025-10-08 14:25:00+00:00,New_York,2025-10-08,opening_followthrough_30m,value_area_bounce,short,122886.21,123221.82714285715,122214.97571428571,122590.73,phase_end,4,0.9153749489213816,0.0025,0.0022010198695792908,1.8307498978427632,0.002746124846764145,-0.0005451049771848541,0.8804079478317163,-0.21804199087394163
2025-10-09 00:50:00+00:00,2025-10-09 00:55:00+00:00,2025-10-09 00:55:00+00:00,Tokyo,2025-10-09,opening_followthrough_30m,opening_range_breakout,short,122950.69,123075.56857142858,122700.93285714285,122839.15,phase_end,1,1.0,0.0010156801188230316,0.0009071929567862069,2.0,0.003,-0.002092807043213793,0.8931876680203809,-2.0604981868099714
2025-10-09 07:20:00+00:00,2025-10-09 07:25:00+00:00,2025-10-09 07:25:00+00:00,London,2025-10-09,opening_first_30m,value_area_bounce,short,121904.09,122004.245,121703.78,121876.39,phase_end,1,1.0,0.0008215885127398094,0.00022722781491579802,2.0,0.003,-0.002772772185084202,0.2765713144625712,-3.3748916179921284
2025-10-09 07:35:00+00:00,2025-10-09 07:40:00+00:00,2025-10-09 07:45:00+00:00,London,2025-10-09,opening_followthrough_30m,opening_range_breakout,short,121768.17,121863.40785714285,121577.69428571429,121863.40785714285,stop,2,1.0,0.0007821244019915568,-0.0007821244019916573,2.0,0.003,-0.0037821244019916574,-1.0000000000001286,-4.835706944267526
2025-10-10 07:30:00+00:00,2025-10-10 07:35:00+00:00,2025-10-10 07:55:00+00:00,London,2025-10-10,opening_followthrough_30m,opening_range_breakout,short,121137.29,121277.75928571429,120856.3514285714,120856.3514285714,target,5,1.0,0.0011595874871750177,0.00231917497435008,2.0,0.003,-0.00068082502564992,2.0000000000000386,-0.5871269164076125
2025-10-10 13:45:00+00:00,2025-10-10 13:50:00+00:00,2025-10-10 13:55:00+00:00,New_York,2025-10-10,opening_first_30m,value_area_bounce,short,121775.36,122003.86642857143,121318.34714285715,121684.2,phase_end,2,1.0,0.0018764586577401893,0.0007485915048824898,2.0,0.003,-0.0022514084951175102,0.3989384481212153,-1.19981779818633
2025-10-10 14:10:00+00:00,2025-10-10 14:15:00+00:00,2025-10-10 14:25:00+00:00,New_York,2025-10-10,opening_followthrough_30m,value_area_bounce,short,121678.2,121992.63714285714,121049.32571428572,121215.01,phase_end,3,0.9674286480150484,0.0025,0.0036826915213579105,1.9348572960300967,0.002902285944045145,0.0007804055773127654,1.4730766085431641,0.31216223092510614
2025-10-14 13:40:00+00:00,2025-10-14 13:45:00+00:00,2025-10-14 13:45:00+00:00,New_York,2025-10-14,opening_first_30m,value_area_bounce,long,110680.0,110369.22428571428,111301.55142857143,111301.55142857143,target,1,0.8903527118776486,0.0025,0.004999999999999907,1.7807054237552973,0.002671058135632946,0.0023289418643669614,1.999999999999963,0.9315767457467845
2025-10-14 14:10:00+00:00,2025-10-14 14:15:00+00:00,2025-10-14 14:25:00+00:00,New_York,2025-10-14,opening_followthrough_30m,opening_range_breakout,long,111670.15,111266.99428571427,112476.46142857142,111818.85,phase_end,3,0.6924753019924922,0.0025,0.0009221002873756962,1.3849506039849844,0.0020774259059774766,-0.0011553256186017805,0.36884011495027846,-0.4621302474407122
2025-10-14 19:35:00+00:00,2025-10-14 19:40:00+00:00,2025-10-14 19:40:00+00:00,New_York,2025-10-14,closing_last_30m,value_area_bounce,short,112702.18,112989.05071428571,112128.43857142856,112128.43857142856,target,1,0.9821687469965272,0.0025,0.005000000000000032,1.9643374939930545,0.002946506240989582,0.0020534937590104504,2.000000000000013,0.8213975036041802
2025-10-15 07:15:00+00:00,2025-10-15 07:20:00+00:00,2025-10-15 07:25:00+00:00,London,2025-10-15,opening_first_30m,value_area_bounce,short,112407.32,112596.85071428573,112028.25857142858,112349.24,phase_end,2,1.0,0.0016861065123313572,0.0005166923292896364,2.0,0.003,-0.0024833076707103637,0.3064410969952383,-1.4728059304371746
2025-10-15 14:05:00+00:00,2025-10-15 14:10:00+00:00,2025-10-15 14:25:00+00:00,New_York,2025-10-15,opening_followthrough_30m,opening_range_breakout,long,112031.77,111680.51857142858,112734.27285714286,111918.76,phase_end,4,0.7973759028941364,0.0025,-0.0008043383656803081,1.5947518057882728,0.002392127708682409,-0.003196466074362717,-0.32173534627212325,-1.2785864297450868
2025-10-15 19:35:00+00:00,2025-10-15 19:40:00+00:00,2025-10-15 19:55:00+00:00,New_York,2025-10-15,closing_last_30m,value_area_bounce,short,111213.7,111394.49785714285,110852.10428571429,111271.73,phase_end,4,1.0,0.0016256797241963534,-0.0005217882329244805,2.0,0.003,-0.0035217882329244806,-0.32096619349941385,-2.1663481314964783
2025-10-16 00:40:00+00:00,2025-10-16 00:45:00+00:00,2025-10-16 00:50:00+00:00,Tokyo,2025-10-16,opening_followthrough_30m,opening_range_breakout,short,110368.05,110541.21785714287,110021.71428571429,110541.21785714287,stop,2,1.0,0.0015690035036666733,-0.0015690035036666217,2.0,0.003,-0.004569003503666622,-0.9999999999999671,-2.9120416194030905
2025-10-16 13:30:00+00:00,2025-10-16 13:35:00+00:00,2025-10-16 13:40:00+00:00,New_York,2025-10-16,opening_first_30m,value_area_bounce,long,111364.0,111168.12214285714,111755.75571428571,111168.12214285714,stop,2,1.0,0.0017588974636584237,-0.0017588974636584265,2.0,0.003,-0.0047588974636584265,-1.0000000000000016,-2.7056139212118393
2025-10-16 14:05:00+00:00,2025-10-16 14:10:00+00:00,2025-10-16 14:15:00+00:00,New_York,2025-10-16,opening_followthrough_30m,opening_range_breakout,short,110419.53,110695.19571428571,109868.19857142857,109868.19857142857,target,2,1.0,0.002496530408033034,0.004993060816066097,2.0,0.003,0.001993060816066097,2.000000000000012,0.7983322813345541
2025-10-17 00:30:00+00:00,2025-10-17 00:35:00+00:00,2025-10-17 00:55:00+00:00,Tokyo,2025-10-17,opening_followthrough_30m,opening_range_breakout,long,108526.67,108357.45214285715,108865.10571428572,108800.0,phase_end,5,1.0,0.0015592283181899557,0.0025185514307219936,2.0,0.003,-0.00048144856927800645,1.6152550600451363,-0.3087736181170057
2025-10-17 07:40:00+00:00,2025-10-17 07:45:00+00:00,2025-10-17 07:55:00+00:00,London,2025-10-17,opening_followthrough_30m,opening_range_breakout,short,105759.74,106149.37714285715,104980.46571428572,105633.75,phase_end,3,0.6785784026163504,0.0025,0.000808380324551051,1.3571568052327008,0.0020357352078490512,-0.0012273548832980002,0.3233521298204204,-0.4909419533192001
2025-10-20 00:35:00+00:00,2025-10-20 00:40:00+00:00,2025-10-20 00:55:00+00:00,Tokyo,2025-10-20,opening_followthrough_30m,value_area_bounce,long,107851.0,107639.14642857143,108274.70714285715,108047.46,phase_end,4,1.0,0.0019643171730310545,0.0018215871897340197,2.0,0.003,-0.0011784128102659804,0.9273386267469249,-0.599909641093053
2025-10-20 13:30:00+00:00,2025-10-20 13:35:00+00:00,2025-10-20 13:40:00+00:00,New_York,2025-10-20,opening_first_30m,value_area_bounce,short,110694.23,110826.51285714285,110429.66428571427,110826.51285714285,stop,2,1.0,0.0011950293808706978,-0.0011950293808706824,2.0,0.003,-0.0041950293808706825,-0.9999999999999871,-3.510398529125858
2025-10-20 14:15:00+00:00,2025-10-20 14:20:00+00:00,2025-10-20 14:25:00+00:00,New_York,2025-10-20,opening_followthrough_30m,value_area_bounce,short,110813.03,110994.71357142857,110449.66285714286,110994.71357142857,stop,2,1.0,0.001639550614477133,-0.00163955061447707,2.0,0.003,-0.00463955061447707,-0.9999999999999615,-2.8297696780508743
2025-10-21 14:05:00+00:00,2025-10-21 14:10:00+00:00,2025-10-21 14:15:00+00:00,New_York,2025-10-21,opening_followthrough_30m,opening_range_breakout,long,109181.9,108790.73999999999,109964.22,109964.22,target,2,0.697808441558439,0.0025,0.0050000000000000825,1.395616883116878,0.002093425324675317,0.0029065746753247656,2.000000000000033,1.1626298701299063
2025-10-22 00:00:00+00:00,2025-10-22 00:05:00+00:00,2025-10-22 00:20:00+00:00,Tokyo,2025-10-22,opening_first_30m,value_area_bounce,long,108454.25,108160.15428571429,109042.44142857143,108160.15428571429,stop,4,0.9219298746277944,0.0025,-0.0024999999999999714,1.8438597492555888,0.002765789623883383,-0.005265789623883355,-0.9999999999999886,-2.106315849553342
2025-10-22 07:40:00+00:00,2025-10-22 07:45:00+00:00,2025-10-22 07:55:00+00:00,London,2025-10-22,opening_followthrough_30m,value_area_bounce,short,108158.15,108320.65714285713,107833.1357142857,108320.65714285713,stop,3,1.0,0.0015024955850034818,-0.0015024955850033717,2.0,0.003,-0.004502495585003372,-0.9999999999999267,-2.9966780800843003
2025-10-22 13:35:00+00:00,2025-10-22 13:40:00+00:00,2025-10-22 13:40:00+00:00,New_York,2025-10-22,opening_first_30m,value_area_bounce,long,108457.98,108219.71928571428,108934.50142857143,108219.71928571428,stop,1,1.0,0.0021968020636721794,-0.002196802063672232,2.0,0.003,-0.005196802063672232,-1.000000000000024,-2.365621441098451
2025-10-23 07:10:00+00:00,2025-10-23 07:15:00+00:00,2025-10-23 07:25:00+00:00,London,2025-10-23,opening_first_30m,value_area_bounce,short,109795.04,110079.89357142856,109225.33285714286,109546.35,phase_end,3,0.9636094735390441,0.0025,0.0021826126205191834,1.9272189470780883,0.0028908284206171325,-0.0007082158000979492,0.8730450482076734,-0.28328632003917964
2025-10-23 14:10:00+00:00,2025-10-23 14:15:00+00:00,2025-10-23 14:20:00+00:00,New_York,2025-10-23,opening_followthrough_30m,opening_range_breakout,short,108902.05,109180.76214285714,108344.62571428572,109180.76214285714,stop,2,0.9768326640133095,0.0025,-0.002499999999999986,1.953665328026619,0.0029304979920399283,-0.005430497992039915,-0.9999999999999944,-2.1721991968159657
2025-10-24 07:05:00+00:00,2025-10-24 07:10:00+00:00,2025-10-24 07:15:00+00:00,London,2025-10-24,opening_first_30m,value_area_bounce,short,111301.54,111403.11499999999,111098.38999999998,111098.38999999998,target,2,1.0,0.000912610912661247,0.0018252218253225205,2.0,0.003,-0.0011747781746774795,2.000000000000029,-1.2872716711788286
2025-10-24 07:40:00+00:00,2025-10-24 07:45:00+00:00,2025-10-24 07:50:00+00:00,London,2025-10-24,opening_followthrough_30m,opening_range_breakout,short,110943.65,111054.30357142857,110722.34285714285,111054.30357142857,stop,2,1.0,0.000997385352190712,-0.0009973853521907383,2.0,0.003,-0.003997385352190738,-1.0000000000000262,-4.007864506342169
2025-10-27 00:00:00+00:00,2025-10-27 00:05:00+00:00,2025-10-27 00:25:00+00:00,Tokyo,2025-10-27,opening_first_30m,value_area_bounce,long,114753.51,114557.24571428572,115146.03857142857,114867.66,phase_end,5,1.0,0.001710311830237563,0.0009947408144641567,2.0,0.003,-0.0020052591855358433,0.5816137132875863,-1.1724523856315208
2025-10-27 00:45:00+00:00,2025-10-27 00:50:00+00:00,2025-10-27 00:55:00+00:00,Tokyo,2025-10-27,opening_followthrough_30m,value_area_bounce,short,114717.58,114898.49428571429,114355.75142857143,114767.29,phase_end,2,1.0,0.001577040639405799,-0.0004333250405037514,2.0,0.003,-0.0034333250405037515,-0.27477100442194097,-2.1770682090966074
2025-10-27 06:20:00+00:00,2025-10-27 06:25:00+00:00,2025-10-27 06:25:00+00:00,Tokyo,2025-10-27,closing_last_30m,value_area_bounce,short,115555.0,115688.29571428572,115288.40857142858,115688.29571428572,stop,1,1.0,0.001153526150194403,-0.0011535261501944838,2.0,0.003,-0.004153526150194484,-1.0000000000000702,-3.6007212749312125
2025-10-28 14:10:00+00:00,2025-10-28 14:15:00+00:00,2025-10-28 14:25:00+00:00,New_York,2025-10-28,opening_followthrough_30m,opening_range_breakout,long,115783.5,115552.61785714286,116245.2642857143,115923.99,phase_end,3,1.0,0.001994085019516117,0.0012133853269249428,2.0,0.003,-0.0017866146730750572,0.6084922734234179,-0.895957120980025
2025-10-28 19:50:00+00:00,2025-10-28 19:55:00+00:00,2025-10-28 19:55:00+00:00,New_York,2025-10-28,closing_last_30m,value_area_bounce,long,113787.08,113523.86714285714,114313.50571428571,113689.99,phase_end,1,1.0,0.002313205129640886,-0.0008532603174279396,2.0,0.003,-0.0038532603174279397,-0.36886495991836404,-1.6657668047044922
2025-10-29 08:20:00+00:00,2025-10-29 08:25:00+00:00,2025-10-29 08:25:00+00:00,London,2025-10-29,opening_first_30m,value_area_bounce,short,113348.54,113461.81999999999,113121.98,113311.24,phase_end,1,1.0,0.000999395316428424,0.0003290734931388206,2.0,0.003,-0.0026709265068611794,0.3292725988699274,-2.672542549435161
2025-10-29 08:35:00+00:00,2025-10-29 08:40:00+00:00,2025-10-29 08:45:00+00:00,London,2025-10-29,opening_followthrough_30m,opening_range_breakout,short,113057.61,113182.53,112807.77,113182.53,stop,2,1.0,0.001104923410286121,-0.0011049234102862293,2.0,0.003,-0.004104923410286229,-1.0000000000000981,-3.7151203170030183
2025-10-29 13:35:00+00:00,2025-10-29 13:40:00+00:00,2025-10-29 13:50:00+00:00,New_York,2025-10-29,opening_first_30m,value_area_bounce,short,112997.17,113139.58785714285,112712.33428571429,112712.33428571429,target,3,1.0,0.001260366583896353,0.002520733167792777,2.0,0.003,-0.00047926683220722317,2.000000000000056,-0.3802598690974466
2025-10-30 19:40:00+00:00,2025-10-30 19:45:00+00:00,2025-10-30 19:55:00+00:00,New_York,2025-10-30,closing_last_30m,value_area_bounce,long,106742.86,106453.84,107320.9,106453.84,stop,3,0.9233172444813578,0.0025,-0.002500000000000039,1.8466344889627155,0.0027699517334440734,-0.005269951733444113,-1.0000000000000155,-2.107980693377645
2025-10-31 00:45:00+00:00,2025-10-31 00:50:00+00:00,2025-10-31 00:50:00+00:00,Tokyo,2025-10-31,opening_followthrough_30m,opening_range_breakout,long,108906.19,108733.88642857144,109250.79714285715,109250.79714285715,target,1,1.0,0.0015821283567864363,0.0031642567135727884,2.0,0.003,0.0001642567135727883,1.999999999999947,0.10382009327386103
2025-10-31 13:45:00+00:00,2025-10-31 13:50:00+00:00,2025-10-31 13:55:00+00:00,New_York,2025-10-31,opening_first_30m,value_area_bounce,long,109987.83,109757.71785714285,110448.05428571429,110157.54,phase_end,2,1.0,0.0020921600404075922,0.0015429888924982649,2.0,0.003,-0.0014570111075017352,0.7375099718459691,-0.6964147480887178
2025-10-31 14:05:00+00:00,2025-10-31 14:10:00+00:00,2025-10-31 14:10:00+00:00,New_York,2025-10-31,opening_followthrough_30m,opening_range_breakout,long,110315.86,110043.62357142857,110860.33285714286,110043.62357142857,stop,1,1.0,0.0024677904751993812,-0.002467790475199405,2.0,0.003,-0.005467790475199405,-1.0000000000000098,-2.215662362809648
2025-10-31 20:00:00+00:00,2025-10-31 20:05:00+00:00,2025-10-31 20:25:00+00:00,New_York,2025-10-31,after_close_30m,value_area_bounce,short,109631.23,109860.13285714286,109173.42428571428,109687.91,phase_end,5,1.0,0.002087934771349899,-0.0005170059662744642,2.0,0.003,-0.0035170059662744642,-0.24761595686258323,-1.6844424521943457
2025-11-03 08:50:00+00:00,2025-11-03 08:55:00+00:00,2025-11-03 08:55:00+00:00,London,2025-11-03,opening_followthrough_30m,value_area_bounce,long,107533.1,107344.74500000001,107909.81,107586.97,phase_end,1,1.0,0.0017516002049601383,0.0005009620293658923,2.0,0.003,-0.0024990379706341078,0.28600249528818295,-1.4267171033420718
2025-11-03 15:20:00+00:00,2025-11-03 15:25:00+00:00,2025-11-03 15:25:00+00:00,New_York,2025-11-03,opening_followthrough_30m,opening_range_breakout,short,107119.01,107388.62642857141,106579.77714285714,106579.77714285714,target,1,0.9932537361277897,0.0025,0.00499999999999996,1.9865074722555793,0.002979761208383369,0.002020238791616591,1.999999999999984,0.8080955166466364
2025-11-04 00:30:00+00:00,2025-11-04 00:35:00+00:00,2025-11-04 00:35:00+00:00,Tokyo,2025-11-04,opening_followthrough_30m,value_area_bounce,long,106269.08,106074.295,106658.65000000001,106658.65000000001,target,1,1.0,0.00183294143508161,0.0036658828701632284,2.0,0.003,0.0006658828701632284,2.0000000000000044,0.3632864953667112
2025-11-04 15:10:00+00:00,2025-11-04 15:15:00+00:00,2025-11-04 15:15:00+00:00,New_York,2025-11-04,opening_followthrough_30m,value_area_bounce,short,104084.68,104486.20428571428,103281.63142857142,104486.20428571428,stop,1,0.6480596797204942,0.0025,-0.002500000000000055,1.2961193594409883,0.0019441790391614825,-0.004444179039161538,-1.000000000000022,-1.7776716156646153
2025-11-04 21:00:00+00:00,2025-11-04 21:05:00+00:00,2025-11-04 21:10:00+00:00,New_York,2025-11-04,after_close_30m,value_area_bounce,long,100792.01,100310.93642857143,101754.15714285713,100310.93642857143,stop,2,0.5237868799396588,0.0024999999999999996,-0.0024999999999999827,1.0475737598793176,0.0015713606398189764,-0.0040713606398189595,-0.9999999999999932,-1.628544255927584
2025-11-05 15:00:00+00:00,2025-11-05 15:05:00+00:00,2025-11-05 15:05:00+00:00,New_York,2025-11-05,opening_followthrough_30m,value_area_bounce,short,102860.22,103197.04357142857,102186.57285714285,103197.04357142857,stop,1,0.7634577025275963,0.0025,-0.0024999999999999246,1.5269154050551925,0.0022903731075827887,-0.004790373107582713,-0.9999999999999698,-1.9161492430330853
2025-11-05 20:45:00+00:00,2025-11-05 20:50:00+00:00,2025-11-05 20:55:00+00:00,New_York,2025-11-05,closing_last_30m,value_area_bounce,long,103843.0,103627.05071428572,104274.89857142857,103831.22,phase_end,2,1.0,0.0020795747976684337,-0.00011344048226646919,2.0,0.003,-0.0031134404822664693,-0.05454984470558874,-1.497152439891645
2025-11-06 00:05:00+00:00,2025-11-06 00:10:00+00:00,2025-11-06 00:20:00+00:00,Tokyo,2025-11-06,opening_first_30m,value_area_bounce,long,103657.99,103521.95071428572,103930.06857142858,103521.95071428572,stop,3,1.0,0.0013123859117303743,-0.0013123859117303294,2.0,0.003,-0.004312385911730329,-0.9999999999999658,-3.2859129873197666
2025-11-07 00:15:00+00:00,2025-11-07 00:20:00+00:00,2025-11-07 00:25:00+00:00,Tokyo,2025-11-07,opening_first_30m,value_area_bounce,short,101042.3,101255.14285714286,100616.61428571428,100929.61,phase_end,2,1.0,0.002106472805378107,0.001115275483634104,2.0,0.003,-0.0018847245163658962,0.5294516410497474,-0.8947300489965702
2025-11-07 00:35:00+00:00,2025-11-07 00:40:00+00:00,2025-11-07 00:45:00+00:00,Tokyo,2025-11-07,opening_followthrough_30m,value_area_bounce,short,101288.37,101509.25214285713,100846.60571428572,101509.25214285713,stop,2,1.0,0.0021807256139786063,-0.002180725613978529,2.0,0.003,-0.005180725613978529,-0.9999999999999646,-2.3756888903260958
2025-11-07 14:40:00+00:00,2025-11-07 14:45:00+00:00,2025-11-07 14:45:00+00:00,New_York,2025-11-07,opening_first_30m,value_area_bounce,long,100793.65,100457.345,101466.26,100457.345,stop,1,0.7492726096846628,0.0025,-0.002499999999999964,1.4985452193693256,0.0022478178290539883,-0.004747817829053952,-0.9999999999999856,-1.8991271316215808
2025-11-10 00:35:00+00:00,2025-11-10 00:40:00+00:00,2025-11-10 00:55:00+00:00,Tokyo,2025-11-10,opening_followthrough_30m,opening_range_breakout,long,106030.43,105761.33214285714,106568.6257142857,106314.96,phase_end,4,0.9850545738804574,0.0025,0.0026433692469814787,1.9701091477609147,0.0029551637216413723,-0.00031179447465989364,1.0573476987925914,-0.12471778986395746
2025-11-10 08:10:00+00:00,2025-11-10 08:15:00+00:00,2025-11-10 08:25:00+00:00,London,2025-11-10,opening_first_30m,value_area_bounce,short,106255.78,106379.51357142857,106008.31285714285,106245.14,phase_end,3,1.0,0.0011644879123617524,0.00010013572908695867,2.0,0.003,-0.0028998642709130414,0.08599121384082786,-2.4902484947496717
2025-11-11 00:45:00+00:00,2025-11-11 00:50:00+00:00,2025-11-11 00:55:00+00:00,Tokyo,2025-11-11,opening_followthrough_30m,value_area_bounce,long,105751.41,105576.84142857142,106100.54714285715,106100.54714285715,target,2,1.0,0.0016507446229660102,0.0033014892459319878,2.0,0.003,0.0003014892459319877,1.9999999999999802,0.18263833286961165
2025-11-12 00:10:00+00:00,2025-11-12 00:15:00+00:00,2025-11-12 00:15:00+00:00,Tokyo,2025-11-12,opening_first_30m,value_area_bounce,short,102928.01,103107.63071428571,102568.76857142856,103107.63071428571,stop,1,1.0,0.0017451101433488753,-0.0017451101433489935,2.0,0.003,-0.0047451101433489936,-1.0000000000000677,-2.719089199861679
2025-11-12 00:50:00+00:00,2025-11-12 00:55:00+00:00,2025-11-12 00:55:00+00:00,Tokyo,2025-11-12,opening_followthrough_30m,value_area_bounce,short,102926.78,103118.14142857143,102544.05714285714,102885.99,phase_end,1,1.0,0.0018591996035573002,0.0003963011375658354,2.0,0.003,-0.0026036988624341647,0.21315685352318947,-1.4004407366763507
2025-11-12 08:30:00+00:00,2025-11-12 08:35:00+00:00,2025-11-12 08:55:00+00:00,London,2025-11-12,opening_followthrough_30m,opening_range_breakout,long,103944.0,103796.42285714285,104239.15428571429,104147.24,phase_end,5,1.0,0.0014197754835021067,0.001955283614253789,2.0,0.003,-0.0010447163857462112,1.3771780376364609,-0.7358321071788397
2025-11-13 14:35:00+00:00,2025-11-13 14:40:00+00:00,2025-11-13 14:40:00+00:00,New_York,2025-11-13,opening_first_30m,value_area_bounce,long,102314.51,102027.06214285713,102889.4057142857,102027.06214285713,stop,1,0.8898527807527848,0.0025,-0.0025000000000000334,1.7797055615055697,0.0026695583422583547,-0.005169558342258388,-1.0000000000000133,-2.067823336903355
2025-11-13 15:05:00+00:00,2025-11-13 15:10:00+00:00,2025-11-13 15:25:00+00:00,New_York,2025-11-13,opening_followthrough_30m,value_area_bounce,long,102611.15,102118.605,103596.23999999999,102118.605,stop,4,0.5208211940025781,0.0025,-0.002499999999999967,1.0416423880051562,0.0015624635820077344,-0.004062463582007701,-0.9999999999999868,-1.6249854328030804
2025-11-14 00:05:00+00:00,2025-11-14 00:10:00+00:00,2025-11-14 00:25:00+00:00,Tokyo,2025-11-14,opening_first_30m,value_area_bounce,short,99220.01,99507.61,98644.81,99507.61,stop,4,0.862482701668986,0.0025,-0.002500000000000106,1.724965403337972,0.002587448105006958,-0.005087448105007063,-1.0000000000000424,-2.034979242002825
2025-11-14 06:50:00+00:00,2025-11-14 06:55:00+00:00,2025-11-14 06:55:00+00:00,Tokyo,2025-11-14,after_close_30m,value_area_bounce,long,96690.01,96366.42357142856,97337.18285714285,97337.18285714285,target,1,0.7470184274018216,0.0025,0.00499999999999994,1.4940368548036431,0.0022410552822054648,0.0027589447177944755,1.999999999999976,1.1035778871177901
2025-11-17 00:15:00+00:00,2025-11-17 00:20:00+00:00,2025-11-17 00:25:00+00:00,Tokyo,2025-11-17,opening_first_30m,value_area_bounce,short,93857.5,94167.75428571428,93236.99142857143,94167.75428571428,stop,2,0.7562949516065166,0.0025,-0.0024999999999999116,1.5125899032130332,0.00226888485481955,-0.004768884854819461,-0.9999999999999646,-1.9075539419277843
2025-11-17 00:50:00+00:00,2025-11-17 00:55:00+00:00,2025-11-17 00:55:00+00:00,Tokyo,2025-11-17,opening_followthrough_30m,opening_range_breakout,long,95048.54,94731.22357142856,95683.17285714285,95290.01,phase_end,1,0.7488466672519306,0.0025,0.0019024385302638222,1.4976933345038612,0.0022465400017557917,-0.00034410147149196947,0.7609754121055289,-0.1376405885967878
2025-11-18 00:40:00+00:00,2025-11-18 00:45:00+00:00,2025-11-18 00:45:00+00:00,Tokyo,2025-11-18,opening_followthrough_30m,opening_range_breakout,short,91426.0,91621.18785714285,91035.62428571428,91621.18785714285,stop,1,1.0,0.0021349272323284356,-0.002134927232328332,2.0,0.003,-0.005134927232328332,-0.9999999999999515,-2.405200118567029
2025-11-18 14:40:00+00:00,2025-11-18 14:45:00+00:00,2025-11-18 14:45:00+00:00,New_York,2025-11-18,opening_first_30m,value_area_bounce,short,91471.23,91823.88071428571,90765.92857142857,91823.88071428571,stop,1,0.6484548754230712,0.0025,-0.0025000000000000772,1.2969097508461425,0.0019453646262692138,-0.004445364626269291,-1.0000000000000309,-1.7781458505077163
2025-11-18 15:00:00+00:00,2025-11-18 15:05:00+00:00,2025-11-18 15:05:00+00:00,New_York,2025-11-18,opening_followthrough_30m,opening_range_breakout,short,91109.0,91495.34714285715,90336.30571428571,91495.34714285715,stop,1,0.5895539910443219,0.0025,-0.002500000000000099,1.1791079820886439,0.0017686619731329659,-0.0042686619731330646,-1.0000000000000395,-1.7074647892532258
2025-11-19 15:05:00+00:00,2025-11-19 15:10:00+00:00,2025-11-19 15:20:00+00:00,New_York,2025-11-19,opening_followthrough_30m,opening_range_breakout,long,92218.81,91910.59999999999,92835.23,91910.59999999999,stop,3,0.7480192887965993,0.0025,-0.0025000000000000525,1.4960385775931986,0.002244057866389798,-0.00474405786638985,-1.000000000000021,-1.8976231465559399
2025-11-24 14:30:00+00:00,2025-11-24 14:35:00+00:00,2025-11-24 14:35:00+00:00,New_York,2025-11-24,opening_first_30m,value_area_bounce,long,86482.43,86287.27714285714,86872.7357142857,86287.27714285714,stop,1,1.0,0.0022565607504652346,-0.0022565607504650975,2.0,0.003,-0.005256560750465098,-0.9999999999999393,-2.3294567847913483
2025-11-25 08:45:00+00:00,2025-11-25 08:50:00+00:00,2025-11-25 08:55:00+00:00,London,2025-11-25,opening_followthrough_30m,opening_range_breakout,short,87236.15,87387.83357142856,86932.78285714285,87009.82,phase_end,2,1.0,0.0017387696663432755,0.0025944519559837342,2.0,0.003,-0.0004055480440162658,1.4921194027038691,-0.23323850873770693
2025-11-25 14:30:00+00:00,2025-11-25 14:35:00+00:00,2025-11-25 14:35:00+00:00,New_York,2025-11-25,opening_first_30m,value_area_bounce,long,87200.0,86977.10428571429,87645.79142857144,86977.10428571429,stop,1,0.9780358527690604,0.0025,-0.0024999999999999337,1.9560717055381207,0.0029341075583071813,-0.005434107558307115,-0.9999999999999735,-2.1736430233228456
2025-11-26 14:50:00+00:00,2025-11-26 14:55:00+00:00,2025-11-26 14:55:00+00:00,New_York,2025-11-26,opening_first_30m,value_area_bounce,short,87190.54,87422.05571428571,86727.50857142857,86899.73,phase_end,1,0.9415185948500784,0.0025,0.003140283596917191,1.8830371897001568,0.0028245557845502354,0.0003157278123669554,1.2561134387668762,0.12629112494678216
2025-11-27 00:10:00+00:00,2025-11-27 00:15:00+00:00,2025-11-27 00:25:00+00:00,Tokyo,2025-11-27,opening_first_30m,value_area_bounce,short,90179.01,90293.0107142857,89951.00857142857,90218.01,phase_end,3,1.0,0.0012641601885595311,-0.0004324731442493235,2.0,0.003,-0.0034324731442493235,-0.34210311965456874,-2.715220092605917
2025-11-27 06:10:00+00:00,2025-11-27 06:15:00+00:00,2025-11-27 06:25:00+00:00,Tokyo,2025-11-27,closing_last_30m,value_area_bounce,long,91287.72,91135.23071428572,91592.69857142857,91382.0,phase_end,3,1.0,0.0016704249565471139,0.0010327785599202333,2.0,0.003,-0.001967221440079767,0.6182729465770551,-1.177677232592449
2025-11-27 08:00:00+00:00,2025-11-27 08:05:00+00:00,2025-11-27 08:25:00+00:00,London,2025-11-27,opening_first_30m,value_area_bounce,short,91377.76,91468.40642857143,91196.46714285713,91368.81,phase_end,5,1.0,0.0009919966146185767,9.794505796589803e-05,2.0,0.003,-0.002902054942034102,0.0987352744178043,-2.9254685946180814
2025-11-28 06:15:00+00:00,2025-11-28 06:20:00+00:00,2025-11-28 06:25:00+00:00,Tokyo,2025-11-28,closing_last_30m,value_area_bounce,short,91368.0,91467.16214285714,91169.67571428571,91303.25,phase_end,2,1.0,0.0010853049520307349,0.0007086726206111393,2.0,0.003,-0.0022913273793888607,0.6529709638614736,-2.1112290836796737
2025-11-28 14:35:00+00:00,2025-11-28 14:40:00+00:00,2025-11-28 14:55:00+00:00,New_York,2025-11-28,opening_first_30m,value_area_bounce,short,92348.29,92660.78571428571,91723.29857142858,92250.01,phase_end,4,0.7387964520656328,0.0025,0.000786250782867844,1.4775929041312656,0.0022163893561968984,-0.0014301385733290544,0.31450031314713756,-0.5720554293316218
2025-12-01 00:40:00+00:00,2025-12-01 00:45:00+00:00,2025-12-01 00:55:00+00:00,Tokyo,2025-12-01,opening_followthrough_30m,opening_range_breakout,short,87737.65,88158.46428571428,86896.02142857142,87000.0,phase_end,3,0.5212373544488581,0.0025,0.0043822775571171445,1.0424747088977162,0.0015637120633465744,0.00281856549377057,1.7529110228468578,1.127426197508228
2025-12-01 15:00:00+00:00,2025-12-01 15:05:00+00:00,2025-12-01 15:25:00+00:00,New_York,2025-12-01,opening_followthrough_30m,opening_range_breakout,short,85765.01,86064.58499999999,85165.85999999999,85165.85999999999,target,5,0.715722356671949,0.0025,0.005000000000000035,1.431444713343898,0.002147167070015847,0.0028528329299841878,2.0000000000000138,1.141133171993675
2025-12-02 00:50:00+00:00,2025-12-02 00:55:00+00:00,2025-12-02 00:55:00+00:00,Tokyo,2025-12-02,opening_followthrough_30m,value_area_bounce,short,86507.38,86663.36,86195.42,86513.33,phase_end,1,1.0,0.0018030831589166158,-6.878025897893991e-05,2.0,0.003,-0.00306878025897894,-0.03814591614302836,-1.701962687523974
2025-12-02 08:50:00+00:00,2025-12-02 08:55:00+00:00,2025-12-02 08:55:00+00:00,London,2025-12-02,opening_followthrough_30m,opening_range_breakout,short,86430.31,86590.37714285715,86110.17571428571,86471.89,phase_end,1,1.0,0.001851979275061551,-0.0004810812318039037,2.0,0.003,-0.0034810812318039038,-0.2597659910572784,-1.879654528902981
2025-12-02 15:00:00+00:00,2025-12-02 15:05:00+00:00,2025-12-02 15:10:00+00:00,New_York,2025-12-02,opening_followthrough_30m,opening_range_breakout,long,90017.21,89626.86785714286,90797.8942857143,90797.8942857143,target,2,0.5765276158827671,0.0025,0.00500000000000003,1.1530552317655343,0.0017295828476483015,0.003270417152351728,2.000000000000012,1.3081668609406911
2025-12-03 00:45:00+00:00,2025-12-03 00:50:00+00:00,2025-12-03 00:55:00+00:00,Tokyo,2025-12-03,opening_followthrough_30m,opening_range_breakout,long,91623.53,91437.77642857142,91995.03714285714,91437.77642857142,stop,2,1.0,0.002027356634573812,-0.0020273566345738736,2.0,0.003,-0.005027356634573874,-1.0000000000000304,-2.4797593816692824
2025-12-03 06:40:00+00:00,2025-12-03 06:45:00+00:00,2025-12-03 06:55:00+00:00,Tokyo,2025-12-03,after_close_30m,value_area_bounce,short,93309.38,93532.36785714286,92863.40428571429,93431.8,phase_end,3,1.0,0.0023897689293708663,-0.001311979567327537,2.0,0.003,-0.004311979567327537,-0.5489985040825393,-1.8043499998398231
2025-12-03 08:50:00+00:00,2025-12-03 08:55:00+00:00,2025-12-03 08:55:00+00:00,London,2025-12-03,opening_followthrough_30m,opening_range_breakout,short,92715.62,92863.90714285713,92419.0457142857,92765.65,phase_end,1,1.0,0.0015993760582859943,-0.0005396070263026242,2.0,0.003,-0.0035396070263026243,-0.337385959672865,-2.2131174266144265
2025-12-04 15:15:00+00:00,2025-12-04 15:20:00+00:00,2025-12-04 15:25:00+00:00,New_York,2025-12-04,opening_followthrough_30m,value_area_bounce,long,92788.24,92514.12142857144,93336.47714285714,92514.12142857144,stop,2,0.846241824445107,0.0025,-0.0025000000000000152,1.692483648890214,0.002538725473335321,-0.005038725473335336,-1.000000000000006,-2.0154901893341344
2025-12-04 16:00:00+00:00,2025-12-04 16:05:00+00:00,2025-12-04 16:10:00+00:00,London,2025-12-04,closing_last_30m,value_area_bounce,short,92575.43,92912.56642857142,91901.15714285713,92912.56642857142,stop,2,0.6864834393028718,0.0025,-0.0024999999999999393,1.3729668786057436,0.0020594503179086157,-0.004559450317908555,-0.9999999999999757,-1.823780127163422
2025-12-04 21:10:00+00:00,2025-12-04 21:15:00+00:00,2025-12-04 21:25:00+00:00,New_York,2025-12-04,after_close_30m,value_area_bounce,short,92446.38,92646.48357142857,92046.17285714285,92300.0,phase_end,3,1.0,0.0021645365824878404,0.0015834043474715065,2.0,0.003,-0.0014165956525284936,0.7315211765335925,-0.6544567848792417
2025-12-05 06:00:00+00:00,2025-12-05 06:05:00+00:00,2025-12-05 06:25:00+00:00,Tokyo,2025-12-05,closing_last_30m,value_area_bounce,long,91992.09,91902.21285714285,92171.84428571428,92029.25,phase_end,5,1.0,0.000977009467413381,0.0004039477742054931,2.0,0.003,-0.002596052225794507,0.413453285437386,-2.657141319896847
2025-12-05 15:00:00+00:00,2025-12-05 15:05:00+00:00,2025-12-05 15:15:00+00:00,New_York,2025-12-05,opening_followthrough_30m,opening_range_breakout,long,91186.44,90870.08071428572,91819.15857142858,90870.08071428572,stop,3,0.7205924096246786,0.0025,-0.002499999999999967,1.4411848192493573,0.0021617772288740358,-0.004661777228874003,-0.9999999999999868,-1.8647108915496011
2025-12-08 06:00:00+00:00,2025-12-08 06:05:00+00:00,2025-12-08 06:05:00+00:00,Tokyo,2025-12-08,closing_last_30m,value_area_bounce,short,91280.84,91395.73142857142,91051.05714285714,91395.73142857142,stop,1,1.0,0.0012586587565520569,-0.0012586587565519558,2.0,0.003,-0.004258658756551956,-0.9999999999999197,-3.383489555356557
2025-12-08 08:40:00+00:00,2025-12-08 08:45:00+00:00,2025-12-08 08:55:00+00:00,London,2025-12-08,opening_followthrough_30m,opening_range_breakout,long,91818.31,91706.995,92040.93999999999,91833.9,phase_end,3,1.0,0.0012123398916838936,0.00016979184217169596,2.0,0.003,-0.002830208157828304,0.14005300273990126,-2.334500561469815
2025-12-08 14:40:00+00:00,2025-12-08 14:45:00+00:00,2025-12-08 14:55:00+00:00,New_York,2025-12-08,opening_first_30m,value_area_bounce,long,91516.67,91238.78714285714,92072.4357142857,91238.78714285714,stop,3,0.8233385727798999,0.0025,-0.0025000000000000534,1.6466771455597997,0.0024700157183396997,-0.0049700157183397535,-1.0000000000000213,-1.9880062873359015
2025-12-09 06:45:00+00:00,2025-12-09 06:50:00+00:00,2025-12-09 06:55:00+00:00,Tokyo,2025-12-09,after_close_30m,value_area_bounce,long,90051.6,89924.3592857143,90306.08142857143,90166.84,phase_end,2,1.0,0.0014129756082703136,0.00127971074361799,2.0,0.003,-0.00172028925638201,0.9056849503471195,-1.2174939512847591
2025-12-09 15:15:00+00:00,2025-12-09 15:20:00+00:00,2025-12-09 15:25:00+00:00,New_York,2025-12-09,opening_followthrough_30m,opening_range_breakout,long,90884.71,90558.66857142857,91536.79285714286,91148.57,phase_end,2,0.6968800743989587,0.0025,0.002023209145200609,1.3937601487979174,0.0020906402231968763,-6.743107799626717e-05,0.8092836580802436,-0.02697243119850687
2025-12-10 06:30:00+00:00,2025-12-10 06:35:00+00:00,2025-12-10 06:40:00+00:00,Tokyo,2025-12-10,after_close_30m,value_area_bounce,short,92592.24,92670.95357142857,92434.81285714287,92670.95357142857,stop,2,1.0,0.0008501098086467267,-0.0008501098086466374,2.0,0.003,-0.0038501098086466375,-0.9999999999998951,-4.5289558707428075
2025-12-10 08:30:00+00:00,2025-12-10 08:35:00+00:00,2025-12-10 08:35:00+00:00,London,2025-12-10,opening_followthrough_30m,opening_range_breakout,short,92550.8,92635.9992857143,92380.40142857144,92635.9992857143,stop,1,1.0,0.0009205677931934052,-0.0009205677931933831,2.0,0.003,-0.003920567793193383,-0.999999999999976,-4.258858306994559
2025-12-10 15:00:00+00:00,2025-12-10 15:05:00+00:00,2025-12-10 15:25:00+00:00,New_York,2025-12-10,opening_followthrough_30m,value_area_bounce,long,92024.06,91844.23714285714,92383.70571428571,91944.75,phase_end,5,1.0,0.0019540852375221802,-0.0008618398275407335,2.0,0.003,-0.0038618398275407336,-0.44104515554990015,-1.9762903651212396
2025-12-11 00:30:00+00:00,2025-12-11 00:35:00+00:00,2025-12-11 00:35:00+00:00,Tokyo,2025-12-11,opening_followthrough_30m,opening_range_breakout,short,91489.47,91613.35785714285,91241.69428571429,91613.35785714285,stop,1,1.0,0.0013541214867990453,-0.0013541214867989204,2.0,0.003,-0.0043541214867989205,-0.9999999999999077,-3.215458531044698
2025-12-11 08:50:00+00:00,2025-12-11 08:55:00+00:00,2025-12-11 08:55:00+00:00,London,2025-12-11,opening_followthrough_30m,value_area_bounce,long,90164.57,90054.35214285715,90385.00571428573,90183.71,phase_end,1,1.0,0.0012224076169038164,0.00021227850362959266,2.0,0.003,-0.0027877214963704074,0.1736560707689827,-2.2805171186934414
2025-12-11 14:35:00+00:00,2025-12-11 14:40:00+00:00,2025-12-11 14:40:00+00:00,New_York,2025-12-11,opening_first_30m,value_area_bounce,long,90377.63,90209.23285714287,90714.42428571428,90209.23285714287,stop,1,1.0,0.0018632613275778712,-0.0018632613275778587,2.0,0.003,-0.004863261327577859,-0.9999999999999932,-2.610080108247515
2025-12-12 08:45:00+00:00,2025-12-12 08:50:00+00:00,2025-12-12 08:55:00+00:00,London,2025-12-12,opening_followthrough_30m,value_area_bounce,long,92245.5,92153.52928571429,92429.44142857143,92342.39,phase_end,2,1.0,0.0009970211477602167,0.0010503493395341845,2.0,0.003,-0.0019496506604658155,1.0534875232022594,-1.9554757337350943
2025-12-12 14:30:00+00:00,2025-12-12 14:35:00+00:00,2025-12-12 14:45:00+00:00,New_York,2025-12-12,opening_first_30m,value_area_bounce,long,92345.08,92216.22785714286,92602.7842857143,92602.7842857143,target,3,1.0,0.0013953330578861855,0.002790666115772389,2.0,0.003,-0.00020933388422761118,2.000000000000013,-0.15002431358197357
2025-12-12 15:00:00+00:00,2025-12-12 15:05:00+00:00,2025-12-12 15:15:00+00:00,New_York,2025-12-12,opening_followthrough_30m,value_area_bounce,short,92164.22,92374.18928571428,91744.28142857143,91744.28142857143,target,3,1.0,0.0022782082430067353,0.004556416486013459,2.0,0.003,0.0015564164860134592,1.9999999999999951,0.6831756889613088
2025-12-12 16:40:00+00:00,2025-12-12 16:45:00+00:00,2025-12-12 16:55:00+00:00,London,2025-12-12,after_close_30m,value_area_bounce,long,89652.01,89233.91214285714,90488.20571428571,90046.54,phase_end,3,0.5360707336115768,0.0025,0.0023590769078325625,1.0721414672231535,0.0016082122008347303,0.0007508647069978322,0.943630763133025,0.3003458827991329
2025-12-15 15:00:00+00:00,2025-12-15 15:05:00+00:00,2025-12-15 15:05:00+00:00,New_York,2025-12-15,opening_followthrough_30m,opening_range_breakout,short,87503.22,87856.85,86795.96,87856.85,stop,1,0.618607160026015,0.0025,-0.0025000000000000838,1.23721432005203,0.0018558214800780451,-0.004355821480078129,-1.0000000000000335,-1.7423285920312517
2025-12-16 14:45:00+00:00,2025-12-16 14:50:00+00:00,2025-12-16 14:55:00+00:00,New_York,2025-12-16,opening_first_30m,value_area_bounce,long,87222.72,86852.82214285714,87962.51571428572,87297.99,phase_end,2,0.5895054426221904,0.0025,0.0005087215196472886,1.1790108852443808,0.0017685163278665713,-0.0012597948082192826,0.20348860785891543,-0.503917923287713
2025-12-16 15:05:00+00:00,2025-12-16 15:10:00+00:00,2025-12-16 15:25:00+00:00,New_York,2025-12-16,opening_followthrough_30m,value_area_bounce,short,87195.4,87576.58285714286,86433.03428571428,87163.39,phase_end,4,0.5718738288335543,0.0025,0.00020993861213963028,1.1437476576671086,0.001715621486500663,-0.0015056828743610327,0.08397544485585211,-0.602273149744413
2025-12-17 00:00:00+00:00,2025-12-17 00:05:00+00:00,2025-12-17 00:05:00+00:00,Tokyo,2025-12-17,opening_first_30m,value_area_bounce,short,87614.9,87716.5,87411.7,87716.5,stop,1,1.0,0.0011596201102780535,-0.0011596201102781478,2.0,0.003,-0.004159620110278148,-1.0000000000000813,-3.587054133858333
2025-12-17 06:00:00+00:00,2025-12-17 06:05:00+00:00,2025-12-17 06:25:00+00:00,Tokyo,2025-12-17,closing_last_30m,value_area_bounce,long,86829.34,86647.42285714285,87193.17428571428,86872.42,phase_end,5,1.0,0.0020951114318863264,0.0004961456576775269,2.0,0.003,-0.002503854342322473,0.2368111070974511,-1.1950936376057748
2025-12-17 15:10:00+00:00,2025-12-17 15:15:00+00:00,2025-12-17 15:25:00+00:00,New_York,2025-12-17,opening_followthrough_30m,opening_range_breakout,long,90196.49,89702.74642857144,91183.97714285714,89702.74642857144,stop,3,0.4566970347534369,0.0025,-0.0024999999999999905,0.9133940695068739,0.0013700911042603108,-0.0038700911042603013,-0.9999999999999962,-1.5480364417041206
2025-12-18 00:00:00+00:00,2025-12-18 00:05:00+00:00,2025-12-18 00:25:00+00:00,Tokyo,2025-12-18,opening_first_30m,value_area_bounce,short,86197.26,86302.27857142857,85987.22285714284,86247.99,phase_end,5,1.0,0.0012183516207890269,-0.0005885337886610831,2.0,0.003,-0.003588533788661083,-0.48305741841582467,-2.945400759049414
2025-12-18 08:00:00+00:00,2025-12-18 08:05:00+00:00,2025-12-18 08:15:00+00:00,London,2025-12-18,opening_first_30m,value_area_bounce,short,86706.34,86808.51785714286,86501.98428571428,86808.51785714286,stop,3,1.0,0.0011784358230650198,-0.0011784358230650938,2.0,0.003,-0.004178435823065094,-1.0000000000000628,-3.5457474571651324
2025-12-18 14:30:00+00:00,2025-12-18 14:35:00+00:00,2025-12-18 14:55:00+00:00,New_York,2025-12-18,opening_first_30m,value_area_bounce,short,88489.5,88985.825,87496.85,88345.2,phase_end,5,0.44572356822646525,0.0025,0.0007268422908376865,0.8914471364529305,0.0013371707046793957,-0.0006103284138417092,0.2907369163350746,-0.2441313655366837
2025-12-19 14:30:00+00:00,2025-12-19 14:35:00+00:00,2025-12-19 14:40:00+00:00,New_York,2025-12-19,opening_first_30m,value_area_bounce,short,87758.81,87949.85642857142,87376.71714285713,87949.85642857142,stop,2,1.0,0.002176948713997264,-0.0021769487139973176,2.0,0.003,-0.005176948713997318,-1.0000000000000246,-2.3780756435421586
2025-12-19 15:10:00+00:00,2025-12-19 15:15:00+00:00,2025-12-19 15:20:00+00:00,New_York,2025-12-19,opening_followthrough_30m,opening_range_breakout,long,88762.42,88402.30571428571,89482.64857142857,88402.30571428571,stop,2,0.616210072199303,0.0025,-0.0024999999999999758,1.232420144398606,0.001848630216597909,-0.004348630216597885,-0.9999999999999903,-1.7394520866391538
2025-12-22 06:45:00+00:00,2025-12-22 06:50:00+00:00,2025-12-22 06:55:00+00:00,Tokyo,2025-12-22,after_close_30m,value_area_bounce,short,88920.23,89006.20642857143,88748.27714285714,88909.26,phase_end,2,1.0,0.0009668939067232332,0.00012336900163212317,2.0,0.003,-0.002876630998367877,0.12759311106863425,-2.975125790291378
2025-12-22 15:10:00+00:00,2025-12-22 15:15:00+00:00,2025-12-22 15:25:00+00:00,New_York,2025-12-22,opening_followthrough_30m,value_area_bounce,short,89614.86,89957.40142857142,88929.77714285714,89608.96,phase_end,3,0.6540439529733647,0.0025,4.306048486307582e-05,1.3080879059467294,0.001962131858920094,-0.0019190713740570183,0.017224193945230327,-0.7676285496228072
2025-12-22 16:00:00+00:00,2025-12-22 16:05:00+00:00,2025-12-22 16:25:00+00:00,London,2025-12-22,closing_last_30m,value_area_bounce,long,89858.67,89517.43714285715,90541.13571428572,90084.06,phase_end,5,0.6583383466673353,0.0025,0.0016512917446401805,1.3166766933346705,0.0019750150400020057,-0.0003237232953618252,0.6605166978560721,-0.12948931814473008
2025-12-23 08:45:00+00:00,2025-12-23 08:50:00+00:00,2025-12-23 08:55:00+00:00,London,2025-12-23,opening_followthrough_30m,opening_range_breakout,short,87482.75,87569.1,87310.05,87477.15,phase_end,2,1.0,0.0009870517330559524,6.401261963084881e-05,2.0,0.003,-0.0029359873803691513,0.06485234510724491,-2.97450202663564
2025-12-23 14:30:00+00:00,2025-12-23 14:35:00+00:00,2025-12-23 14:35:00+00:00,New_York,2025-12-23,opening_first_30m,value_area_bounce,long,87729.5,87549.62928571428,88089.24142857143,87549.62928571428,stop,1,1.0,0.0020502876943982863,-0.0020502876943983006,2.0,0.003,-0.005050287694398301,-1.0000000000000069,-2.4632092892117012
2025-12-23 15:15:00+00:00,2025-12-23 15:20:00+00:00,2025-12-23 15:25:00+00:00,New_York,2025-12-23,opening_followthrough_30m,value_area_bounce,long,87365.77,87089.16642857144,87918.97714285714,87292.51,phase_end,2,0.7896298080026862,0.0025,-0.0006621389559581744,1.5792596160053725,0.0023688894240080586,-0.003031028379966233,-0.2648555823832698,-1.2124113519864932
2025-12-24 08:35:00+00:00,2025-12-24 08:40:00+00:00,2025-12-24 08:55:00+00:00,London,2025-12-24,opening_followthrough_30m,value_area_bounce,long,86878.02,86773.22785714286,87087.60428571429,86773.22785714286,stop,4,1.0,0.001206198562733619,-0.0012061985627336291,2.0,0.003,-0.004206198562733629,-1.0000000000000084,-3.4871526900190317
2025-12-25 00:00:00+00:00,2025-12-25 00:05:00+00:00,2025-12-25 00:25:00+00:00,Tokyo,2025-12-25,opening_first_30m,value_area_bounce,long,87628.2,87541.47357142856,87801.65285714285,87626.61,phase_end,5,1.0,0.0009897091184279303,-1.8144843783152176e-05,2.0,0.003,-0.0030181448437831522,-0.018333511781697773,-3.0495271667065387
2025-12-26 14:30:00+00:00,2025-12-26 14:35:00+00:00,2025-12-26 14:35:00+00:00,New_York,2025-12-26,opening_first_30m,value_area_bounce,short,88822.01,88919.41214285714,88627.20571428571,88627.20571428571,target,1,1.0,0.0010965991746543578,0.002193198349308756,2.0,0.003,-0.0008068016506912442,2.000000000000037,-0.735730674743161
2025-12-26 15:10:00+00:00,2025-12-26 15:15:00+00:00,2025-12-26 15:20:00+00:00,New_York,2025-12-26,opening_followthrough_30m,opening_range_breakout,short,86776.12,87031.57285714285,86265.21428571429,87031.57285714285,stop,2,0.8492381037597139,0.0025,-0.0024999999999999007,1.6984762075194277,0.0025477143112791418,-0.0050477143112790425,-0.9999999999999603,-2.019085724511617
2025-12-29 00:45:00+00:00,2025-12-29 00:50:00+00:00,2025-12-29 00:50:00+00:00,Tokyo,2025-12-29,opening_followthrough_30m,opening_range_breakout,long,88350.0,88224.54857142858,88600.90285714286,88224.54857142858,stop,1,1.0,0.0014199369391220042,-0.0014199369391219019,2.0,0.003,-0.004419936939121902,-0.999999999999928,-3.112769882481472
2025-12-29 08:50:00+00:00,2025-12-29 08:55:00+00:00,2025-12-29 08:55:00+00:00,London,2025-12-29,opening_followthrough_30m,opening_range_breakout,short,89471.02,89592.65714285715,89227.74571428572,89555.1,phase_end,1,1.0,0.001359514431121303,-0.0009397456293669393,2.0,0.003,-0.003939745629366939,-0.6912362295351687,-2.8979064430507795
2025-12-30 00:30:00+00:00,2025-12-30 00:35:00+00:00,2025-12-30 00:55:00+00:00,Tokyo,2025-12-30,opening_followthrough_30m,value_area_bounce,short,87176.99,87244.47714285714,87042.01571428572,87244.47714285714,stop,5,1.0,0.000774139401430828,-0.0007741394014306735,2.0,0.003,-0.0037741394014306736,-0.9999999999998004,-4.875271035752733
2025-12-30 14:30:00+00:00,2025-12-30 14:35:00+00:00,2025-12-30 14:35:00+00:00,New_York,2025-12-30,opening_first_30m,value_area_bounce,short,87980.43,88117.17499999999,87706.93999999999,88117.17499999999,stop,1,1.0,0.001554266102132061,-0.0015542661021319404,2.0,0.003,-0.0045542661021319404,-0.9999999999999224,-2.9301714139455504
2025-12-30 16:35:00+00:00,2025-12-30 16:40:00+00:00,2025-12-30 16:55:00+00:00,London,2025-12-30,after_close_30m,value_area_bounce,short,88838.56,89078.60642857142,88358.46714285715,88742.63,phase_end,4,0.9252226801362847,0.0025,0.0009990775594006596,1.8504453602725695,0.0027756680404088544,-0.0017765904810081948,0.3996310237602638,-0.7106361924032779
2025-12-31 08:35:00+00:00,2025-12-31 08:40:00+00:00,2025-12-31 08:55:00+00:00,London,2025-12-31,opening_followthrough_30m,opening_range_breakout,short,88461.54,88514.73,88355.15999999999,88434.65,phase_end,4,1.0,0.0006012782504125903,0.0003039739077569381,2.0,0.003,-0.002696026092243062,0.5055461552922539,-4.483824403083064
2025-12-31 12:40:00+00:00,2025-12-31 12:45:00+00:00,2025-12-31 12:50:00+00:00,London,2025-12-31,after_close_30m,value_area_bounce,long,88821.98,88735.27142857143,88995.39714285714,88735.27142857143,stop,2,1.0,0.0009762062434160025,-0.000976206243415878,2.0,0.003,-0.003976206243415878,-0.9999999999998725,-4.07312109529446
2025-12-31 15:20:00+00:00,2025-12-31 15:25:00+00:00,2025-12-31 15:25:00+00:00,New_York,2025-12-31,opening_followthrough_30m,opening_range_breakout,short,87945.98,88140.94857142857,87556.04285714286,87983.57,phase_end,1,1.0,0.002216912830223385,-0.0004274214694066636,2.0,0.003,-0.0034274214694066637,-0.1928003048110804,-1.546033485250434
2026-01-02 14:45:00+00:00,2026-01-02 14:50:00+00:00,2026-01-02 14:55:00+00:00,New_York,2026-01-02,opening_first_30m,value_area_bounce,long,89794.85,89531.31714285715,90321.91571428573,89531.31714285715,stop,2,0.8518373284979326,0.0025,-0.0024999999999999385,1.7036746569958652,0.002555511985493798,-0.0050555119854937365,-0.9999999999999754,-2.0222047941974943
2026-01-02 15:00:00+00:00,2026-01-02 15:05:00+00:00,2026-01-02 15:25:00+00:00,New_York,2026-01-02,opening_followthrough_30m,value_area_bounce,short,89312.6,89667.29428571429,88603.21142857143,89128.64,phase_end,5,0.6295040799722899,0.0025,0.001296609555109894,1.2590081599445797,0.0018885122399168695,-0.0005919026848069755,0.5186438220439576,-0.2367610739227902
2026-01-02 16:15:00+00:00,2026-01-02 16:20:00+00:00,2026-01-02 16:20:00+00:00,London,2026-01-02,closing_last_30m,value_area_bounce,short,89760.02,90068.51714285715,89143.02571428572,90068.51714285715,stop,1,0.7273974984718532,0.0025,-0.0024999999999999536,1.4547949969437064,0.0021821924954155596,-0.004682192495415513,-0.9999999999999815,-1.8728769981662052
2026-01-05 00:45:00+00:00,2026-01-05 00:50:00+00:00,2026-01-05 00:55:00+00:00,Tokyo,2026-01-05,opening_followthrough_30m,opening_range_breakout,long,92288.85,92095.58428571429,92675.38142857143,92405.46,phase_end,2,1.0,0.002094139370961014,0.0012635329186569955,2.0,0.003,-0.0017364670813430046,0.6033662019721028,-0.829203206540226
2026-01-05 08:35:00+00:00,2026-01-05 08:40:00+00:00,2026-01-05 08:55:00+00:00,London,2026-01-05,opening_followthrough_30m,opening_range_breakout,short,92500.0,92564.25571428571,92371.48857142858,92564.25571428571,stop,4,1.0,0.0006946563706563495,-0.0006946563706562436,2.0,0.003,-0.0036946563706562437,-0.9999999999998477,-5.318682051624071
2026-01-06 06:10:00+00:00,2026-01-06 06:15:00+00:00,2026-01-06 06:15:00+00:00,Tokyo,2026-01-06,closing_last_30m,value_area_bounce,long,93756.87,93679.69,93911.23,93679.69,stop,1,1.0,0.0008231930097495599,-0.0008231930097495344,2.0,0.003,-0.0038231930097495344,-0.9999999999999689,-4.644345814978027
2026-01-06 14:40:00+00:00,2026-01-06 14:45:00+00:00,2026-01-06 14:45:00+00:00,New_York,2026-01-06,opening_first_30m,value_area_bounce,short,94087.11,94251.16785714286,93758.99428571429,93758.99428571429,target,1,1.0,0.0017436804801726725,0.003487360960345298,2.0,0.003,0.0004873609603452981,1.9999999999999731,0.27950129962860853
2026-01-06 15:05:00+00:00,2026-01-06 15:10:00+00:00,2026-01-06 15:25:00+00:00,New_York,2026-01-06,opening_followthrough_30m,value_area_bounce,long,93906.49,93636.29357142857,94446.88285714286,94130.53,phase_end,4,0.8688724208578349,0.0025,0.0020729363558257825,1.7377448417156698,0.002606617262573505,-0.0005336809067477224,0.829174542330313,-0.21347236269908895
2026-01-07 08:30:00+00:00,2026-01-07 08:35:00+00:00,2026-01-07 08:55:00+00:00,London,2026-01-07,opening_followthrough_30m,value_area_bounce,short,92789.9,92861.47071428571,92646.75857142857,92718.9,phase_end,5,1.0,0.0007713200928734237,0.0007651694850409063,2.0,0.003,-0.0022348305149590937,0.9920258685215831,-2.897409954191142
2026-01-07 15:00:00+00:00,2026-01-07 15:05:00+00:00,2026-01-07 15:15:00+00:00,New_York,2026-01-07,opening_followthrough_30m,value_area_bounce,short,91597.75,91837.63500000001,91117.98,91117.98,target,3,0.954600641974263,0.0025,0.004999999999999914,1.909201283948526,0.002863801925922789,0.0021361980740771253,1.9999999999999656,0.8544792296308501
2026-01-07 16:35:00+00:00,2026-01-07 16:40:00+00:00,2026-01-07 16:55:00+00:00,London,2026-01-07,after_close_30m,value_area_bounce,long,91320.13,91123.85785714287,91712.67428571428,91264.54,phase_end,4,1.0,0.002149275771477117,-0.0006087376353933749,2.0,0.003,-0.003608737635393375,-0.28322918979122547,-1.679048209301324
2026-01-08 08:05:00+00:00,2026-01-08 08:10:00+00:00,2026-01-08 08:15:00+00:00,London,2026-01-08,opening_first_30m,value_area_bounce,short,90535.23,90680.95785714286,90243.77428571429,90680.95785714286,stop,2,1.0,0.0016096259670722245,-0.00160962596707237,2.0,0.003,-0.00460962596707237,-1.0000000000000904,-2.863787029639498
2026-01-08 08:35:00+00:00,2026-01-08 08:40:00+00:00,2026-01-08 08:55:00+00:00,London,2026-01-08,opening_followthrough_30m,opening_range_breakout,short,90402.77,90538.92785714286,90130.4542857143,90227.25,phase_end,4,1.0,0.0015061248360294217,0.0019415334286770891,2.0,0.003,-0.001058466571322911,1.2890919678315178,-0.7027747939628519
2026-01-08 14:45:00+00:00,2026-01-08 14:50:00+00:00,2026-01-08 14:55:00+00:00,New_York,2026-01-08,opening_first_30m,value_area_bounce,long,89919.82,89680.65071428573,90398.15857142858,90024.01,phase_end,2,0.9399181392737458,0.0025,0.0010890821504192644,1.8798362785474916,0.0028197544178212375,-0.0017306722674019731,0.43563286016770575,-0.6922689069607892
2026-01-09 08:35:00+00:00,2026-01-09 08:40:00+00:00,2026-01-09 08:45:00+00:00,London,2026-01-09,opening_followthrough_30m,opening_range_breakout,short,90415.76,90552.52285714285,90142.23428571428,90142.23428571428,target,2,1.0,0.0015125997629490443,0.0030251995258980813,2.0,0.003,2.5199525898081214e-05,1.9999999999999951,0.01665974470930161
2026-01-09 14:30:00+00:00,2026-01-09 14:35:00+00:00,2026-01-09 14:35:00+00:00,New_York,2026-01-09,opening_first_30m,value_area_bounce,short,90223.1,90415.7492857143,89837.80142857145,90415.7492857143,stop,1,1.0,0.002135254560243257,-0.002135254560243327,2.0,0.003,-0.005135254560243327,-1.0000000000000329,-2.404984705738457
2026-01-09 15:20:00+00:00,2026-01-09 15:25:00+00:00,2026-01-09 15:25:00+00:00,New_York,2026-01-09,opening_followthrough_30m,opening_range_breakout,long,90907.39,90616.30285714286,91489.56428571428,91489.56428571428,target,1,0.7807575173855614,0.0025,0.004999999999999864,1.5615150347711229,0.0023422725521566844,0.0026577274478431796,1.9999999999999456,1.0630909791372718
2026-01-12 08:30:00+00:00,2026-01-12 08:35:00+00:00,2026-01-12 08:35:00+00:00,London,2026-01-12,opening_followthrough_30m,opening_range_breakout,short,91144.57,91290.0342857143,90853.64142857143,90853.64142857143,target,1,1.0,0.001595973141507923,0.0031919462830158896,2.0,0.003,0.0001919462830158895,2.000000000000027,0.12026911858587602
2026-01-12 14:30:00+00:00,2026-01-12 14:35:00+00:00,2026-01-12 14:35:00+00:00,New_York,2026-01-12,opening_first_30m,value_area_bounce,long,90668.45,90520.68142857144,90963.98714285714,90963.98714285714,target,1,1.0,0.0016297683640623501,0.0032595367281247345,2.0,0.003,0.00025953672812473443,2.000000000000021,0.15924761692993897
2026-01-12 15:15:00+00:00,2026-01-12 15:20:00+00:00,2026-01-12 15:25:00+00:00,New_York,2026-01-12,opening_followthrough_30m,opening_range_breakout,long,91225.42,90943.25571428571,91789.74857142857,91320.0,phase_end,2,0.8082651191048835,0.0025,0.0008379869883299839,1.616530238209767,0.0024247953573146505,-0.0015868083689846665,0.33519479533199353,-0.6347233475938666
2026-01-12 16:45:00+00:00,2026-01-12 16:50:00+00:00,2026-01-12 16:55:00+00:00,London,2026-01-12,after_close_30m,value_area_bounce,short,92040.54,92257.57642857142,91606.46714285713,92123.52,phase_end,2,1.0,0.002358052533931573,-0.0009015592476968592,2.0,0.003,-0.0039015592476968593,-0.38233212989266724,-1.6545684167569428
2026-01-13 00:35:00+00:00,2026-01-13 00:40:00+00:00,2026-01-13 00:55:00+00:00,Tokyo,2026-01-13,opening_followthrough_30m,value_area_bounce,short,91403.97,91492.31142857143,91227.28714285714,91492.31142857143,stop,4,1.0,0.0009664944375110902,-0.0009664944375109563,2.0,0.003,-0.003966494437510956,-0.9999999999998614,-4.104001309852797
2026-01-13 06:40:00+00:00,2026-01-13 06:45:00+00:00,2026-01-13 06:50:00+00:00,Tokyo,2026-01-13,after_close_30m,value_area_bounce,short,91991.31,92125.17357142858,91723.58285714286,92125.17357142858,stop,2,1.0,0.0014551762707648275,-0.0014551762707648574,2.0,0.003,-0.0044551762707648575,-1.0000000000000207,-3.0616059100683777
2026-01-13 15:00:00+00:00,2026-01-13 15:05:00+00:00,2026-01-13 15:05:00+00:00,New_York,2026-01-13,opening_followthrough_30m,value_area_bounce,short,92258.32,92475.89571428573,91823.16857142857,92475.89571428573,stop,1,1.0,0.0023583316310736542,-0.0023583316310737956,2.0,0.003,-0.005358331631073796,-1.00000000000006,-2.2720857238531638
2026-01-14 15:10:00+00:00,2026-01-14 15:15:00+00:00,2026-01-14 15:25:00+00:00,New_York,2026-01-14,opening_followthrough_30m,opening_range_breakout,long,96943.0,96585.54357142857,97657.91285714286,96745.76,phase_end,3,0.6780057109857586,0.0025,-0.001379468826370529,1.3560114219715171,0.0020340171329572758,-0.0034134859593278047,-0.5517875305482116,-1.3653943837311218
2026-01-15 00:30:00+00:00,2026-01-15 00:35:00+00:00,2026-01-15 00:55:00+00:00,Tokyo,2026-01-15,opening_followthrough_30m,opening_range_breakout,short,96558.13,96691.71285714286,96290.96428571429,96658.03,phase_end,5,1.0,0.0013834449480624295,-0.001034609928754815,2.0,0.003,-0.004034609928754815,-0.7478504512982811,-2.916350183941507
2026-01-15 08:05:00+00:00,2026-01-15 08:10:00+00:00,2026-01-15 08:25:00+00:00,London,2026-01-15,opening_first_30m,value_area_bounce,short,96518.01,96634.71428571428,96284.60142857142,96370.14,phase_end,4,1.0,0.0012091451710855498,0.0015320456772781599,2.0,0.003,-0.0014679543227218402,1.2670485843339352,-1.2140430759062089
2026-01-15 15:05:00+00:00,2026-01-15 15:10:00+00:00,2026-01-15 15:25:00+00:00,New_York,2026-01-15,opening_followthrough_30m,value_area_bounce,long,96320.07,96022.92714285715,96914.35571428572,96022.92714285715,stop,4,0.8103852043269287,0.0025,-0.002500000000000014,1.6207704086538575,0.0024311556129807863,-0.0049311556129808,-1.0000000000000056,-1.9724622451923202
2026-01-16 14:35:00+00:00,2026-01-16 14:40:00+00:00,2026-01-16 14:45:00+00:00,New_York,2026-01-16,opening_first_30m,value_area_bounce,short,95289.78,95438.84214285715,94991.6557142857,95438.84214285715,stop,2,1.0,0.001564303568096637,-0.001564303568096559,2.0,0.003,-0.004564303568096559,-0.9999999999999502,-2.9177863307249026
2026-01-16 15:05:00+00:00,2026-01-16 15:10:00+00:00,2026-01-16 15:15:00+00:00,New_York,2026-01-16,opening_followthrough_30m,value_area_bounce,long,95581.96,95379.67000000001,95986.54000000001,95379.67000000001,stop,2,1.0,0.0021164035556500284,-0.002116403555650015,2.0,0.003,-0.005116403555650015,-0.9999999999999937,-2.4174990360373743
2026-01-19 06:30:00+00:00,2026-01-19 06:35:00+00:00,2026-01-19 06:35:00+00:00,Tokyo,2026-01-19,after_close_30m,value_area_bounce,long,92606.88,92511.93071428571,92796.77857142857,92511.93071428571,stop,1,1.0,0.0010252940787367553,-0.0010252940787368603,2.0,0.003,-0.00402529407873686,-1.0000000000001024,-3.925989784020157
2026-01-20 08:35:00+00:00,2026-01-20 08:40:00+00:00,2026-01-20 08:45:00+00:00,London,2026-01-20,opening_followthrough_30m,opening_range_breakout,short,90752.37,90905.52571428572,90446.05857142856,90905.52571428572,stop,2,1.0,0.001687622199681583,-0.0016876221996815488,2.0,0.003,-0.004687622199681549,-0.9999999999999797,-2.777649049986424
2026-01-20 14:35:00+00:00,2026-01-20 14:40:00+00:00,2026-01-20 14:40:00+00:00,New_York,2026-01-20,opening_first_30m,value_area_bounce,long,91268.75,91061.46714285715,91683.31571428571,91061.46714285715,stop,1,1.0,0.0022711262852055892,-0.002271126285205538,2.0,0.003,-0.005271126285205538,-0.9999999999999775,-2.320930509035247
2026-01-20 15:05:00+00:00,2026-01-20 15:10:00+00:00,2026-01-20 15:10:00+00:00,New_York,2026-01-20,opening_followthrough_30m,opening_range_breakout,short,89957.0,90307.55071428571,89255.89857142857,90307.55071428571,stop,1,0.6415405555747988,0.0025,-0.002499999999999965,1.2830811111495977,0.0019246216667243965,-0.004424621666724362,-0.9999999999999859,-1.7698486666897446
2026-01-21 00:35:00+00:00,2026-01-21 00:40:00+00:00,2026-01-21 00:55:00+00:00,Tokyo,2026-01-21,opening_followthrough_30m,opening_range_breakout,long,88904.35,88727.10500000001,89258.84,88936.01,phase_end,4,1.0,0.0019936594778545533,0.0003561130585847394,2.0,0.003,-0.0026438869414152607,0.17862281023435614,-1.3261477051539614
2026-01-21 15:05:00+00:00,2026-01-21 15:10:00+00:00,2026-01-21 15:25:00+00:00,New_York,2026-01-21,opening_followthrough_30m,opening_range_breakout,long,90142.64,89768.35142857143,90891.21714285715,90013.52,phase_end,4,0.6020931901283187,0.0025,-0.0008624361646094136,1.2041863802566375,0.0018062795703849563,-0.00266871573499437,-0.34497446584376545,-1.0674862939977479
2026-01-22 15:20:00+00:00,2026-01-22 15:25:00+00:00,2026-01-22 15:25:00+00:00,New_York,2026-01-22,opening_followthrough_30m,opening_range_breakout,short,88842.49,89151.0842857143,88225.30142857143,88658.05,phase_end,1,0.7197353783978906,0.0025,0.0014941948744537162,1.4394707567957812,0.0021592061351936717,-0.0006650112607399555,0.5976779497814865,-0.2660045042959822
2026-01-23 06:00:00+00:00,2026-01-23 06:05:00+00:00,2026-01-23 06:25:00+00:00,Tokyo,2026-01-23,closing_last_30m,value_area_bounce,long,89676.0,89582.33357142856,89863.33285714286,89582.33357142856,stop,5,1.0,0.0010444982890788035,-0.0010444982890788213,2.0,0.003,-0.004044498289078821,-1.000000000000017,-3.872192354327235
2026-01-23 08:30:00+00:00,2026-01-23 08:35:00+00:00,2026-01-23 08:40:00+00:00,London,2026-01-23,opening_followthrough_30m,opening_range_breakout,short,89214.0,89309.035,89023.93000000001,89309.035,stop,2,1.0,0.0010652476068778367,-0.0010652476068779837,2.0,0.003,-0.004065247606877984,-1.0000000000001381,-3.8162466459726945
2026-01-23 15:15:00+00:00,2026-01-23 15:20:00+00:00,2026-01-23 15:25:00+00:00,New_York,2026-01-23,opening_followthrough_30m,value_area_bounce,long,88804.32,88528.88785714286,89355.18428571429,88979.61,phase_end,2,0.8060453572956837,0.0025,0.0015910452405958299,1.6120907145913674,0.0024181360718870514,-0.0008270908312912216,0.6364180962383319,-0.33083633251648864
2026-01-26 06:05:00+00:00,2026-01-26 06:10:00+00:00,2026-01-26 06:15:00+00:00,Tokyo,2026-01-26,closing_last_30m,value_area_bounce,short,87820.13,87909.08285714287,87642.22428571428,87909.08285714287,stop,2,1.0,0.0010128982631073427,-0.0010128982631074646,2.0,0.003,-0.004012898263107465,-1.0000000000001203,-3.9617979507604257
2026-01-26 14:50:00+00:00,2026-01-26 14:55:00+00:00,2026-01-26 14:55:00+00:00,New_York,2026-01-26,opening_first_30m,value_area_bounce,short,87861.41,88066.18785714285,87451.85428571429,88066.18785714285,stop,1,1.0,0.002330691678438293,-0.002330691678438246,2.0,0.003,-0.005330691678438246,-0.9999999999999797,-2.287171541286893
2026-01-26 15:10:00+00:00,2026-01-26 15:15:00+00:00,2026-01-26 15:25:00+00:00,New_York,2026-01-26,opening_followthrough_30m,opening_range_breakout,long,88721.45,88437.14785714286,89290.05428571429,88437.14785714286,stop,3,0.7801686711571981,0.0025,-0.0025000000000000035,1.5603373423143962,0.0023405060134715945,-0.0048405060134715985,-1.0000000000000013,-1.9362024053886393
2026-01-27 00:05:00+00:00,2026-01-27 00:10:00+00:00,2026-01-27 00:15:00+00:00,Tokyo,2026-01-27,opening_first_30m,value_area_bounce,short,88210.07,88316.535,87997.14000000001,88316.535,stop,2,1.0,0.0012069483676863371,-0.0012069483676864223,2.0,0.003,-0.004206948367686422,-1.0000000000000706,-3.485607570563224
2026-01-27 08:45:00+00:00,2026-01-27 08:50:00+00:00,2026-01-27 08:50:00+00:00,London,2026-01-27,opening_followthrough_30m,opening_range_breakout,short,88124.21,88197.36571428573,87977.89857142858,88197.36571428573,stop,1,1.0,0.0008301432067954286,-0.0008301432067954195,2.0,0.003,-0.0038301432067954196,-0.999999999999989,-4.61383430646958
2026-01-27 14:35:00+00:00,2026-01-27 14:40:00+00:00,2026-01-27 14:40:00+00:00,New_York,2026-01-27,opening_first_30m,value_area_bounce,short,87835.38,87994.92357142858,87516.29285714286,87994.92357142858,stop,1,1.0,0.0018163930232734519,-0.0018163930232735215,2.0,0.003,-0.0048163930232735215,-1.0000000000000384,-2.651624930046007
2026-01-28 06:35:00+00:00,2026-01-28 06:40:00+00:00,2026-01-28 06:50:00+00:00,Tokyo,2026-01-28,after_close_30m,value_area_bounce,short,89202.91,89308.54785714287,88991.63428571429,89308.54785714287,stop,3,1.0,0.0011842422757604844,-0.0011842422757606386,2.0,0.003,-0.004184242275760639,-1.0000000000001301,-3.5332654148608613
2026-01-28 08:50:00+00:00,2026-01-28 08:55:00+00:00,2026-01-28 08:55:00+00:00,London,2026-01-28,opening_followthrough_30m,opening_range_breakout,short,88975.42,89065.42428571428,88795.41142857143,88925.47,phase_end,1,1.0,0.00101156348252455,0.0005613909998963829,2.0,0.003,-0.002438609000103617,0.5549735726870293,-2.4107325365459045
2026-01-28 15:10:00+00:00,2026-01-28 15:15:00+00:00,2026-01-28 15:25:00+00:00,New_York,2026-01-28,opening_followthrough_30m,opening_range_breakout,short,89100.0,89314.69714285714,88670.60571428572,89314.69714285714,stop,3,1.0,0.002409620009620017,-0.0024096200096199727,2.0,0.003,-0.005409620009619973,-0.9999999999999817,-2.2450095816032993
2026-01-29 00:40:00+00:00,2026-01-29 00:45:00+00:00,2026-01-29 00:45:00+00:00,Tokyo,2026-01-29,opening_followthrough_30m,opening_range_breakout,short,88969.85,89078.74071428573,88752.06857142858,89078.74071428573,stop,1,1.0,0.0012239057870246537,-0.0012239057870246928,2.0,0.003,-0.004223905787024693,-1.000000000000032,-3.4511690620346815
2026-01-29 08:30:00+00:00,2026-01-29 08:35:00+00:00,2026-01-29 08:50:00+00:00,London,2026-01-29,opening_followthrough_30m,value_area_bounce,short,88290.31,88427.40214285714,88016.1257142857,88016.1257142857,target,4,1.0,0.0015527427965440765,0.0031054855930882086,2.0,0.003,0.00010548559308820853,2.000000000000036,0.06793500721625417
2026-01-29 15:00:00+00:00,2026-01-29 15:05:00+00:00,2026-01-29 15:10:00+00:00,New_York,2026-01-29,opening_followthrough_30m,opening_range_breakout,short,86540.0,86781.93071428571,86056.13857142857,86056.13857142857,target,2,0.8942642964485075,0.0025,0.004999999999999979,1.788528592897015,0.0026827928893455224,0.002317207110654457,1.9999999999999918,0.9268828442617827
2026-01-29 16:10:00+00:00,2026-01-29 16:15:00+00:00,2026-01-29 16:25:00+00:00,London,2026-01-29,closing_last_30m,value_area_bounce,long,84769.56,84325.775,85657.13,84504.71,phase_end,3,0.4775373210000311,0.0025,-0.0014919949975775815,0.9550746420000622,0.0014326119630000934,-0.002924606960577675,-0.5967979990310326,-1.16984278423107
2026-01-30 00:50:00+00:00,2026-01-30 00:55:00+00:00,2026-01-30 00:55:00+00:00,Tokyo,2026-01-30,opening_followthrough_30m,opening_range_breakout,short,84195.91,84309.72142857143,83968.28714285714,84192.0,phase_end,1,1.0,0.0013517453350338474,4.643931041314886e-05,2.0,0.003,-0.002953560689586851,0.03435507355532026,-2.1849978786965036
2026-02-03 00:50:00+00:00,2026-02-03 00:55:00+00:00,2026-02-03 00:55:00+00:00,Tokyo,2026-02-03,opening_followthrough_30m,opening_range_breakout,long,78939.8,78782.85785714287,79253.68428571429,79065.24,phase_end,1,1.0,0.0019881244043833783,0.0015890590044564945,2.0,0.003,-0.0014109409955435056,0.7992754381732692,-0.7096844606065346
2026-02-03 08:45:00+00:00,2026-02-03 08:50:00+00:00,2026-02-03 08:55:00+00:00,London,2026-02-03,opening_followthrough_30m,value_area_bounce,short,78891.75,79047.145,78580.96,78747.96,phase_end,2,1.0,0.001969724337462408,0.00182262403863509,2.0,0.003,-0.00117737596136491,0.9253193474692876,-0.5977364136555886
2026-02-03 14:30:00+00:00,2026-02-03 14:35:00+00:00,2026-02-03 14:35:00+00:00,New_York,2026-02-03,opening_first_30m,value_area_bounce,short,78117.09,78291.74142857143,77767.78714285714,77767.78714285714,target,1,1.0,0.0022357646524138225,0.004471529304827637,2.0,0.003,0.0014715293048276372,1.9999999999999964,0.6581771937573636
2026-02-03 16:45:00+00:00,2026-02-03 16:50:00+00:00,2026-02-03 16:55:00+00:00,London,2026-02-03,after_close_30m,value_area_bounce,long,76742.84,76378.02071428571,77472.47857142857,76488.08,phase_end,2,0.5258962656657796,0.0025,-0.0017457958637054868,1.0517925313315593,0.0015776887969973388,-0.0033234846607028256,-0.6983183454821947,-1.3293938642811303
2026-02-04 15:20:00+00:00,2026-02-04 15:25:00+00:00,2026-02-04 15:25:00+00:00,New_York,2026-02-04,opening_followthrough_30m,value_area_bounce,long,75064.09,74510.10071428571,76172.06857142856,74911.68,phase_end,1,0.33874341948335684,0.0025,-0.000687784059774252,0.6774868389667137,0.0010162302584500705,-0.0017040143182243226,-0.2751136239097008,-0.681605727289729
2026-02-05 15:00:00+00:00,2026-02-05 15:05:00+00:00,2026-02-05 15:10:00+00:00,New_York,2026-02-05,opening_followthrough_30m,opening_range_breakout,short,68981.36,69442.79071428571,68058.49857142857,68058.49857142857,target,2,0.37373628295843914,0.0025,0.00500000000000003,0.7474725659168783,0.0011212088488753175,0.003878791151124712,2.000000000000012,1.5515164604498848
2026-02-06 00:35:00+00:00,2026-02-06 00:40:00+00:00,2026-02-06 00:55:00+00:00,Tokyo,2026-02-06,opening_followthrough_30m,opening_range_breakout,long,63225.85,62388.494999999995,64900.56,63509.39,phase_end,4,0.18876656256904167,0.0025,0.000846534623905054,0.37753312513808335,0.000566299687707125,0.00028023493619792894,0.33861384956202156,0.11209397447917158
2026-02-06 06:40:00+00:00,2026-02-06 06:45:00+00:00,2026-02-06 06:55:00+00:00,Tokyo,2026-02-06,after_close_30m,value_area_bounce,short,65082.62,65465.118571428575,64317.62285714286,64988.26,phase_end,3,0.4253781900212493,0.0025,0.000616734329539986,0.8507563800424986,0.0012761345700637481,-0.0006594002405237621,0.24669373181599438,-0.26376009620950486
2026-02-09 08:00:00+00:00,2026-02-09 08:05:00+00:00,2026-02-09 08:20:00+00:00,London,2026-02-09,opening_first_30m,value_area_bounce,long,70481.24,70316.47071428572,70810.77857142859,70316.47071428572,stop,4,1.0,0.0023377750691430375,-0.002337775069143011,2.0,0.003,-0.005337775069143011,-0.9999999999999887,-2.283271448822358
2026-02-09 14:35:00+00:00,2026-02-09 14:40:00+00:00,2026-02-09 14:45:00+00:00,New_York,2026-02-09,opening_first_30m,value_area_bounce,long,69350.0,69043.035,69963.93000000001,69043.035,stop,2,0.5648038049940535,0.0025,-0.0024999999999999536,1.129607609988107,0.0016944114149821604,-0.004194411414982114,-0.9999999999999815,-1.6777645659928455
2026-02-09 15:15:00+00:00,2026-02-09 15:20:00+00:00,2026-02-09 15:25:00+00:00,New_York,2026-02-09,opening_followthrough_30m,value_area_bounce,short,69390.8,69778.55714285714,68615.28571428571,68921.04,phase_end,2,0.4473856979700078,0.0025,0.0030286998489481897,0.8947713959400156,0.0013421570939100235,0.0016865427550381662,1.211479939579276,0.6746171020152665
2026-02-10 00:40:00+00:00,2026-02-10 00:45:00+00:00,2026-02-10 00:55:00+00:00,Tokyo,2026-02-10,opening_followthrough_30m,opening_range_breakout,short,69784.22,69928.62142857142,69495.41714285714,69827.33,phase_end,3,1.0,0.002069256181002326,-0.0006177614366114081,2.0,0.003,-0.003617761436611408,-0.2985427528418308,-1.7483390746036105
2026-02-10 08:20:00+00:00,2026-02-10 08:25:00+00:00,2026-02-10 08:25:00+00:00,London,2026-02-10,opening_first_30m,value_area_bounce,long,69095.71,68955.52142857143,69376.08714285714,69034.96,phase_end,1,1.0,0.0020289041306409514,-0.0008792152219001537,2.0,0.003,-0.0038792152219001537,-0.4333448824032906,-1.9119756144784772
2026-02-10 14:35:00+00:00,2026-02-10 14:40:00+00:00,2026-02-10 14:40:00+00:00,New_York,2026-02-10,opening_first_30m,value_area_bounce,short,68584.36,68840.05142857143,68072.97714285714,68072.97714285714,target,1,0.670577425915167,0.0025,0.005000000000000066,1.341154851830334,0.002011732277745501,0.002988267722254565,2.000000000000026,1.195307088901826
2026-02-11 14:35:00+00:00,2026-02-11 14:40:00+00:00,2026-02-11 14:55:00+00:00,New_York,2026-02-11,opening_first_30m,value_area_bounce,short,67252.99,67685.32714285715,66388.31571428572,66584.6,phase_end,4,0.38889204357710344,0.0025,0.0038649813637505063,0.7777840871542069,0.0011666761307313103,0.0026983052330191958,1.5459925455002024,1.0793220932076784
2026-02-11 15:00:00+00:00,2026-02-11 15:05:00+00:00,2026-02-11 15:25:00+00:00,New_York,2026-02-11,opening_followthrough_30m,opening_range_breakout,short,66428.97,66896.65714285715,65493.595714285715,66191.99,phase_end,5,0.35509298798647476,0.0025,0.0012667656339249832,0.7101859759729495,0.0010652789639594242,0.000201486669965559,0.5067062535699933,0.0805946679862236
2026-02-12 08:00:00+00:00,2026-02-12 08:05:00+00:00,2026-02-12 08:05:00+00:00,London,2026-02-12,opening_first_30m,value_area_bounce,short,67169.77,67279.6,66950.11,67279.6,stop,1,1.0,0.0016351105564303963,-0.001635110556430286,2.0,0.003,-0.004635110556430286,-0.9999999999999325,-2.8347383228625094
2026-02-12 14:40:00+00:00,2026-02-12 14:45:00+00:00,2026-02-12 14:50:00+00:00,New_York,2026-02-12,opening_first_30m,value_area_bounce,short,67625.01,67872.21642857142,67130.59714285714,67872.21642857142,stop,2,0.6838921057878234,0.0025,-0.002500000000000052,1.367784211575647,0.0020516763173634702,-0.004551676317363522,-1.0000000000000209,-1.8206705269454087
2026-02-12 15:00:00+00:00,2026-02-12 15:05:00+00:00,2026-02-12 15:15:00+00:00,New_York,2026-02-12,opening_followthrough_30m,opening_range_breakout,short,67292.99,67610.99357142858,66656.98285714287,67610.99357142858,stop,3,0.5290269987983095,0.0025,-0.002499999999999999,1.058053997596619,0.0015870809963949286,-0.004087080996394928,-0.9999999999999997,-1.6348323985579714
2026-02-13 08:35:00+00:00,2026-02-13 08:40:00+00:00,2026-02-13 08:45:00+00:00,London,2026-02-13,opening_followthrough_30m,value_area_bounce,short,66429.27,66581.15142857144,66125.50714285715,66581.15142857144,stop,2,1.0,0.0022863630530853087,-0.002286363053085383,2.0,0.003,-0.005286363053085383,-1.0000000000000324,-2.3121275713197673
2026-02-13 14:40:00+00:00,2026-02-13 14:45:00+00:00,2026-02-13 14:45:00+00:00,New_York,2026-02-13,opening_first_30m,value_area_bounce,long,67331.48,67103.55071428571,67787.33857142857,67787.33857142857,target,1,0.7385128219591928,0.0025,0.0049999999999999455,1.4770256439183855,0.0022155384658775782,0.0027844615341223672,1.9999999999999782,1.1137846136489469
2026-02-13 15:05:00+00:00,2026-02-13 15:10:00+00:00,2026-02-13 15:25:00+00:00,New_York,2026-02-13,opening_followthrough_30m,opening_range_breakout,long,68258.08,67945.49642857144,68883.24714285714,68883.24714285714,target,4,0.5459186457564493,0.0025,0.004999999999999964,1.0918372915128987,0.001637755937269348,0.0033622440627306158,1.9999999999999853,1.3448976250922462
2026-02-16 00:20:00+00:00,2026-02-16 00:25:00+00:00,2026-02-16 00:25:00+00:00,Tokyo,2026-02-16,opening_first_30m,value_area_bounce,short,68794.01,68927.4,68527.23,68850.96,phase_end,1,1.0,0.0019389769545342752,-0.0008278337023821525,2.0,0.003,-0.0038278337023821525,-0.42694354899178816,-1.9741512107355417
2026-02-16 06:20:00+00:00,2026-02-16 06:25:00+00:00,2026-02-16 06:25:00+00:00,Tokyo,2026-02-16,closing_last_30m,value_area_bounce,long,68313.14,68240.67142857143,68458.07714285715,68348.37,phase_end,1,1.0,0.0010608291673984288,0.0005157133752011767,2.0,0.003,-0.0024842866247988234,0.48614177574501377,-2.341834765809912
2026-02-17 08:35:00+00:00,2026-02-17 08:40:00+00:00,2026-02-17 08:55:00+00:00,London,2026-02-17,opening_followthrough_30m,opening_range_breakout,short,68175.56,68274.19571428571,67978.28857142857,68177.53,phase_end,4,1.0,0.0014467899388829785,-2.889598559963069e-05,2.0,0.003,-0.0030288959855996308,-0.019972481714892475,-2.093528510391873
2026-02-18 00:50:00+00:00,2026-02-18 00:55:00+00:00,2026-02-18 00:55:00+00:00,Tokyo,2026-02-18,opening_followthrough_30m,opening_range_breakout,short,67306.12,67385.94714285714,67146.46571428572,67302.65,phase_end,1,1.0,0.0011860309709895757,5.155549005053661e-05,2.0,0.003,-0.0029484445099494635,0.04346892392491304,-2.4859759838222453
2026-02-18 08:50:00+00:00,2026-02-18 08:55:00+00:00,2026-02-18 08:55:00+00:00,London,2026-02-18,opening_followthrough_30m,value_area_bounce,short,68107.27,68219.54857142858,67882.71285714286,68132.82,phase_end,1,1.0,0.001648554866882376,-0.0003751435052381513,2.0,0.003,-0.0033751435052381514,-0.22755900502577434,-2.0473346523315725
2026-02-18 15:00:00+00:00,2026-02-18 15:05:00+00:00,2026-02-18 15:25:00+00:00,New_York,2026-02-18,opening_followthrough_30m,opening_range_breakout,long,67480.49,67253.90214285714,67933.66571428571,67320.87,phase_end,5,0.7445289748851764,0.0025,-0.0017611270305117478,1.4890579497703529,0.0022335869246555293,-0.003994713955167277,-0.7044508122046991,-1.597885582066911
2026-02-19 14:35:00+00:00,2026-02-19 14:40:00+00:00,2026-02-19 14:50:00+00:00,New_York,2026-02-19,opening_first_30m,value_area_bounce,long,66105.0,65896.11785714286,66522.7642857143,66522.7642857143,target,3,0.7911758168481869,0.0025,0.0049999999999999906,1.5823516336963739,0.0023735274505445607,0.00262647254945543,1.9999999999999962,1.050589019782172
2026-02-19 15:05:00+00:00,2026-02-19 15:10:00+00:00,2026-02-19 15:25:00+00:00,New_York,2026-02-19,opening_followthrough_30m,value_area_bounce,short,66381.0,66654.03,65834.94,66048.01,phase_end,4,0.6078178222173344,0.0025,0.0030490239167857355,1.2156356444346688,0.0018234534666520031,0.0012255704501337324,1.219609566714294,0.49022818005349295
2026-02-20 14:30:00+00:00,2026-02-20 14:35:00+00:00,2026-02-20 14:55:00+00:00,New_York,2026-02-20,opening_first_30m,value_area_bounce,long,67051.11,66744.28285714285,67664.76428571428,67069.65,phase_end,5,0.546326421577532,0.0025,0.00015106225468960343,1.092652843155064,0.001638979264732596,-0.0014879170100429925,0.06042490187584137,-0.595166804017197
2026-02-24 14:35:00+00:00,2026-02-24 14:40:00+00:00,2026-02-24 14:45:00+00:00,New_York,2026-02-24,opening_first_30m,value_area_bounce,long,63174.81,62957.42214285714,63609.58571428571,63609.58571428571,target,2,0.7265218355605353,0.0025,0.004999999999999989,1.4530436711210706,0.002179565506681606,0.002820434493318383,1.9999999999999956,1.1281737973273531
2026-02-25 00:40:00+00:00,2026-02-25 00:45:00+00:00,2026-02-25 00:45:00+00:00,Tokyo,2026-02-25,opening_followthrough_30m,opening_range_breakout,long,64257.59,64158.40142857142,64455.96714285714,64158.40142857142,stop,1,1.0,0.0015436086449643136,-0.0015436086449643893,2.0,0.003,-0.004543608644964389,-1.000000000000049,-2.943497796405145
