date,open,high,low,close,adjclose,volume
2002-12-11,11.5,12.0,11.25,11.5,5.271398067474365,36719700
2002-12-12,11.5,11.59000015258789,11.020000457763672,11.180000305175781,5.1247172355651855,9195600
2002-12-13,11.100000381469727,11.5,10.949999809265137,11.420000076293945,5.234729290008545,7739400
2002-12-16,11.319999694824219,11.619999885559082,11.130000114440918,11.609999656677246,5.321821212768555,3836400
2002-12-17,11.600000381469727,11.779999732971191,11.449999809265137,11.5,5.271398067474365,2729900
2002-12-18,11.420000076293945,11.430000305175781,11.130000114440918,11.199999809265137,5.13388204574585,2152800
2002-12-19,11.149999618530273,11.199999809265137,10.710000038146973,10.760000228881836,4.932194232940674,6450800
2002-12-20,10.850000381469727,10.9399995803833,10.5600004196167,10.8100004196167,4.955116271972656,2930900
2002-12-23,10.710000038146973,10.710000038146973,10.199999809265137,10.399999618530273,4.767178058624268,3455900
2002-12-24,10.399999618530273,10.449999809265137,10.0,10.239999771118164,4.693837642669678,3302500
2002-12-26,10.050000190734863,10.199999809265137,10.0,10.029999732971191,4.597576141357422,2019200
2002-12-27,10.0,10.130000114440918,9.859999656677246,10.130000114440918,4.643414497375488,1639400
2002-12-30,10.220000267028809,10.550000190734863,10.0,10.470000267028809,4.799265384674072,2742800
2002-12-31,10.300000190734863,10.960000038146973,10.300000190734863,10.729999542236328,4.918445110321045,3730800
2003-01-02,10.75,10.760000228881836,10.25,10.5,4.813017845153809,3473000
2003-01-03,10.5,10.75,10.329999923706055,10.75,4.927611827850342,1716600
2003-01-06,10.899999618530273,11.569999694824219,10.850000381469727,11.430000305175781,5.239310264587402,4041400
2003-01-07,11.5,12.25,11.399999618530273,12.25,5.615185737609863,6823500
2003-01-08,12.050000190734863,12.239999771118164,11.949999809265137,12.199999809265137,5.592265605926514,4623100
2003-01-09,12.300000190734863,12.949999809265137,12.25,12.600000381469727,5.775619983673096,9553400
2003-01-10,11.5,11.949999809265137,10.699999809265137,11.100000381469727,5.088044166564941,7554700
2003-01-13,11.149999618530273,11.279999732971191,10.149999618530273,10.229999542236328,4.689251899719238,2834700
2003-01-14,10.229999542236328,10.350000381469727,10.0,10.25,4.698420524597168,1629200
2003-01-15,10.359999656677246,10.880000114440918,10.1899995803833,10.770000457763672,4.93678092956543,2588100
2003-01-16,10.979999542236328,11.100000381469727,10.779999732971191,11.010000228881836,5.046790599822998,1443400
2003-01-17,10.979999542236328,11.0,10.399999618530273,10.800000190734863,4.950531005859375,2000000
2003-01-21,10.899999618530273,10.979999542236328,10.210000038146973,10.239999771118164,4.693837642669678,1165700
2003-01-22,10.34000015258789,10.34000015258789,9.300000190734863,9.520000457763672,4.363801002502441,3488500
2003-01-23,9.75,10.149999618530273,9.609999656677246,10.0,4.58382511138916,2498200
2003-01-24,10.170000076293945,10.430000305175781,9.800000190734863,9.949999809265137,4.560906887054443,2772100
2003-01-27,9.800000190734863,9.899999618530273,9.319999694824219,9.350000381469727,4.285876274108887,1150600
2003-01-28,9.430000305175781,9.710000038146973,9.399999618530273,9.399999618530273,4.3087944984436035,1267000
2003-01-29,9.420000076293945,9.920000076293945,9.399999618530273,9.729999542236328,4.460061073303223,1174400
2003-01-30,9.789999961853027,9.890000343322754,9.399999618530273,9.399999618530273,4.3087944984436035,720700
2003-01-31,9.300000190734863,9.34000015258789,8.989999771118164,9.180000305175781,4.207948684692383,1402500
2003-02-03,9.229999542236328,9.449999809265137,9.15999984741211,9.170000076293945,4.203366279602051,1002400
2003-02-04,9.180000305175781,9.180000305175781,8.949999809265137,9.050000190734863,4.1483612060546875,1087700
2003-02-05,9.119999885559082,9.210000038146973,8.979999542236328,9.050000190734863,4.1483612060546875,1233500
2003-02-06,9.100000381469727,9.34000015258789,9.029999732971191,9.050000190734863,4.1483612060546875,923500
2003-02-07,9.149999618530273,9.170000076293945,8.960000038146973,9.0,4.125442028045654,1069500
2003-02-10,8.75,8.75,7.78000020980835,8.699999809265137,3.9879274368286133,10046400
2003-02-11,8.699999809265137,8.930000305175781,8.229999542236328,8.930000305175781,4.093354225158691,2238900
2003-02-12,8.949999809265137,8.949999809265137,8.180000305175781,8.34000015258789,3.835797071456909,1726000
2003-02-13,8.350000381469727,8.449999809265137,8.0,8.0600004196167,3.7070159912109375,2111000
2003-02-14,8.0600004196167,8.399999618530273,8.0600004196167,8.399999618530273,3.8633909225463867,881000
2003-02-18,8.399999618530273,8.739999771118164,8.390000343322754,8.739999771118164,4.019766807556152,2049100
2003-02-19,8.8100004196167,9.0,8.739999771118164,8.989999771118164,4.134748458862305,1506300
2003-02-20,8.890000343322754,9.149999618530273,8.869999885559082,9.010000228881836,4.143946647644043,760000
2003-02-21,9.029999732971191,9.359999656677246,9.029999732971191,9.199999809265137,4.231334686279297,1519300
2003-02-24,9.25,9.399999618530273,8.880000114440918,9.0,4.139348983764648,1055600
2003-02-25,9.0,9.75,8.970000267028809,9.680000305175781,4.452101230621338,3049400
2003-02-26,9.649999618530273,9.739999771118164,9.420000076293945,9.520000457763672,4.37851095199585,782300
2003-02-27,9.420000076293945,9.6899995803833,9.319999694824219,9.449999809265137,4.346316337585449,387000
2003-02-28,9.5,9.5,9.180000305175781,9.270000457763672,4.263530254364014,808500
2003-03-03,9.25,9.520000457763672,9.220000267028809,9.300000190734863,4.277328014373779,575800
2003-03-04,9.329999923706055,9.390000343322754,9.199999809265137,9.270000457763672,4.263530254364014,517600
2003-03-05,9.229999542236328,9.420000076293945,9.140000343322754,9.289999961853027,4.272727966308594,1017700
2003-03-06,9.1899995803833,9.75,9.1899995803833,9.579999923706055,4.4061055183410645,1481100
2003-03-07,9.479999542236328,9.84000015258789,9.390000343322754,9.699999809265137,4.461297988891602,898800
2003-03-10,9.449999809265137,9.760000228881836,9.449999809265137,9.760000228881836,4.488893032073975,1837100
2003-03-11,9.699999809265137,9.75,9.449999809265137,9.550000190734863,4.392307758331299,1960400
2003-03-12,9.350000381469727,9.399999618530273,8.949999809265137,9.029999732971191,4.153146266937256,4556400
2003-03-13,9.029999732971191,9.149999618530273,8.880000114440918,9.050000190734863,4.1623454093933105,4223600
2003-03-14,9.020000457763672,9.100000381469727,8.75,8.960000038146973,4.120950698852539,2401400
2003-03-17,8.960000038146973,9.430000305175781,8.850000381469727,9.350000381469727,4.300323963165283,994400
2003-03-18,9.350000381469727,9.5600004196167,9.350000381469727,9.539999961853027,4.387709140777588,782500
2003-03-19,9.449999809265137,9.510000228881836,9.180000305175781,9.34000015258789,4.295724391937256,874000
2003-03-20,9.25,9.449999809265137,9.199999809265137,9.4399995803833,4.341716766357422,1609600
2003-03-21,9.5,9.989999771118164,9.399999618530273,9.800000190734863,4.507290363311768,2559900
2003-03-24,9.449999809265137,9.760000228881836,9.430000305175781,9.550000190734863,4.392307758331299,1945600
2003-03-25,9.5,10.220000267028809,9.449999809265137,10.0,4.5992751121521,4664700
2003-03-26,9.850000381469727,10.1899995803833,9.75,10.100000381469727,4.645267963409424,2908700
2003-03-27,9.949999809265137,10.890000343322754,9.9399995803833,10.880000114440918,5.004011154174805,4410700
2003-03-28,10.6899995803833,10.800000190734863,10.350000381469727,10.350000381469727,4.760253429412842,2628000
2003-03-31,10.0,10.4399995803833,9.979999542236328,10.319999694824219,4.746452808380127,1127600
2003-04-01,10.420000076293945,10.680000305175781,10.329999923706055,10.569999694824219,4.8614325523376465,1558200
2003-04-02,10.75,10.949999809265137,10.5600004196167,10.739999771118164,4.939621448516846,4117900
2003-04-03,10.84000015258789,10.850000381469727,10.40999984741211,10.720000267028809,4.930421352386475,1517100
2003-04-04,10.619999885559082,10.630000114440918,10.149999618530273,10.270000457763672,4.723456382751465,4553400
2003-04-07,10.300000190734863,10.479999542236328,10.199999809265137,10.3100004196167,4.741852283477783,3600200
2003-04-08,10.350000381469727,10.65999984741211,10.25,10.520000457763672,4.838438510894775,2169200
2003-04-09,10.619999885559082,10.800000190734863,10.5,10.720000267028809,4.930421352386475,1889300
2003-04-10,10.720000267028809,10.899999618530273,10.5600004196167,10.829999923706055,4.981014251708984,1988500
2003-04-11,10.850000381469727,10.949999809265137,10.819999694824219,10.949999809265137,5.036207675933838,1500200
2003-04-14,10.899999618530273,11.050000190734863,10.65999984741211,11.050000190734863,5.082199573516846,991300
2003-04-15,11.0,11.449999809265137,10.899999618530273,11.449999809265137,5.266171932220459,2470200
2003-04-16,11.600000381469727,12.350000381469727,11.600000381469727,11.899999618530273,5.473138809204102,8202400
2003-04-17,11.869999885559082,12.25,11.800000190734863,12.25,5.63411283493042,2437600
2003-04-21,12.100000381469727,12.300000190734863,12.0,12.260000228881836,5.6387104988098145,1866600
2003-04-22,12.1899995803833,12.449999809265137,12.0,12.350000381469727,5.6801042556762695,1270200
2003-04-23,12.350000381469727,12.350000381469727,11.449999809265137,11.75,5.404148101806641,2737800
2003-04-24,11.649999618530273,11.729999542236328,11.460000038146973,11.5,5.289167881011963,1244800
2003-04-25,11.5,11.5,11.100000381469727,11.359999656677246,5.224778652191162,1543400
2003-04-28,11.329999923706055,11.699999809265137,11.300000190734863,11.479999542236328,5.279967784881592,1635800
2003-04-29,11.600000381469727,12.119999885559082,11.600000381469727,12.039999961853027,5.537528991699219,1513300
2003-04-30,11.90999984741211,12.09000015258789,11.579999923706055,12.09000015258789,5.56052303314209,3005000
2003-05-01,12.029999732971191,12.300000190734863,11.949999809265137,12.25,5.63411283493042,1312200
2003-05-02,12.180000305175781,12.319999694824219,11.850000381469727,12.289999961853027,5.652509689331055,1900900
2003-05-05,12.229999542236328,12.579999923706055,12.199999809265137,12.539999961853027,5.767494201660156,2176000
2003-05-06,12.25,12.539999961853027,12.25,12.5,5.749094009399414,758600
2003-05-07,12.420000076293945,12.800000190734863,12.399999618530273,12.699999809265137,5.855132102966309,990300
2003-05-08,12.600000381469727,12.75,12.5,12.720000267028809,5.864353656768799,815300
2003-05-09,12.75,12.770000457763672,12.449999809265137,12.59000015258789,5.80441951751709,1157400
2003-05-12,12.5,13.449999809265137,12.25,13.359999656677246,6.159414291381836,3123000
2003-05-13,13.300000190734863,14.220000267028809,13.25,13.930000305175781,6.422205448150635,4718700
2003-05-14,13.970000267028809,14.0,13.359999656677246,13.649999618530273,6.293111801147461,1354100
2003-05-15,13.649999618530273,13.75,13.15999984741211,13.399999618530273,6.177855968475342,797300
2003-05-16,13.329999923706055,13.550000190734863,12.829999923706055,13.550000190734863,6.247011184692383,1493800
2003-05-19,13.449999809265137,13.579999923706055,13.300000190734863,13.350000381469727,6.154805660247803,1102300
2003-05-20,13.300000190734863,13.350000381469727,12.880000114440918,13.100000381469727,6.039545059204102,2152900
2003-05-21,13.0,13.569999694824219,13.0,13.279999732971191,6.122534275054932,930600
2003-05-22,13.180000305175781,13.489999771118164,13.149999618530273,13.430000305175781,6.191687107086182,1116600
2003-05-23,13.430000305175781,13.640000343322754,13.300000190734863,13.319999694824219,6.14097261428833,1287900
2003-05-27,13.420000076293945,14.039999961853027,13.329999923706055,13.949999809265137,6.431424617767334,2212300
2003-05-28,13.850000381469727,15.010000228881836,13.779999732971191,14.84000015258789,6.8417463302612305,3516100
2003-05-29,15.300000190734863,15.899999618530273,15.109999656677246,15.149999618530273,6.984664440155029,5121900
2003-05-30,14.699999809265137,15.460000038146973,14.600000381469727,15.149999618530273,6.984664440155029,2465500
2003-06-02,15.5,15.75,15.479999542236328,15.539999961853027,7.164468288421631,1695100
2003-06-03,15.0,15.199999809265137,14.600000381469727,14.859999656677246,6.8509650230407715,2191600
2003-06-04,14.960000038146973,15.140000343322754,14.59000015258789,14.970000267028809,6.901679039001465,2222300
2003-06-05,14.970000267028809,16.040000915527344,14.760000228881836,15.970000267028809,7.362711429595947,2316300
2003-06-06,15.970000267028809,16.530000686645508,15.300000190734863,15.399999618530273,7.099924564361572,3287000
2003-06-09,14.5,15.380000114440918,14.5,15.350000381469727,7.076873302459717,4232800
2003-06-10,15.380000114440918,15.600000381469727,14.850000381469727,15.020000457763672,6.924732685089111,4167600
2003-06-11,14.920000076293945,15.399999618530273,14.859999656677246,15.25,7.030770301818848,2929900
2003-06-12,15.180000305175781,15.600000381469727,15.0,15.600000381469727,7.192132949829102,2549600
2003-06-13,15.640000343322754,16.0,15.399999618530273,15.960000038146973,7.358101844787598,2168700
2003-06-16,16.0,17.100000381469727,15.779999732971191,17.0,7.837582588195801,3809400
2003-06-17,17.350000381469727,18.0,17.25,17.25,7.952837944030762,5949600
2003-06-18,17.25,17.6200008392334,17.100000381469727,17.6200008392334,8.123421669006348,2986600
2003-06-19,17.549999237060547,17.899999618530273,17.229999542236328,17.34000015258789,7.994329452514648,4029900
2003-06-20,17.389999389648438,17.6200008392334,17.15999984741211,17.309999465942383,7.980499744415283,1869100
2003-06-23,17.149999618530273,17.299999237060547,16.6200008392334,16.969999313354492,7.8237457275390625,1968000
2003-06-24,16.93000030517578,17.040000915527344,16.59000015258789,16.850000381469727,7.768421173095703,1435300
2003-06-25,16.75,17.450000762939453,16.75,17.239999771118164,7.948229789733887,1392400
2003-06-26,17.149999618530273,18.389999389648438,17.139999389648438,18.3799991607666,8.47380542755127,3683100
2003-06-27,18.389999389648438,18.489999771118164,18.020000457763672,18.18000030517578,8.381599426269531,2616700
2003-06-30,17.75,18.149999618530273,17.600000381469727,17.649999618530273,8.137250900268555,3029600
2003-07-01,17.649999618530273,18.190000534057617,17.450000762939453,18.190000534057617,8.386209487915039,2752100
2003-07-02,18.190000534057617,19.989999771118164,18.190000534057617,19.6200008392334,9.045490264892578,4669600
2003-07-03,19.399999618530273,19.6299991607666,19.0,19.5,8.990161895751953,2010300
2003-07-07,19.899999618530273,20.469999313354492,19.760000228881836,20.350000381469727,9.38204574584961,2287100
2003-07-08,20.34000015258789,20.5,20.020000457763672,20.440000534057617,9.423538208007812,2139300
2003-07-09,20.3799991607666,20.389999389648438,19.950000762939453,20.229999542236328,9.326717376708984,3511700
2003-07-10,20.049999237060547,20.149999618530273,19.6200008392334,19.799999237060547,9.12847900390625,2334100
2003-07-11,19.81999969482422,20.350000381469727,19.81999969482422,20.350000381469727,9.38204574584961,772300
2003-07-14,20.5,21.200000762939453,20.5,21.0,9.681713104248047,2268000
2003-07-15,21.149999618530273,21.5,20.399999618530273,20.649999618530273,9.520353317260742,3263400
2003-07-16,21.190000534057617,22.260000228881836,20.790000915527344,21.559999465942383,9.939895629882812,6581500
2003-07-17,21.350000381469727,21.450000762939453,20.93000030517578,21.020000457763672,9.690937995910645,3200900
2003-07-18,20.600000381469727,20.700000762939453,20.0,20.030000686645508,9.234512329101562,5181800
2003-07-21,19.700000762939453,19.799999237060547,19.350000381469727,19.75,9.105423927307129,3294100
2003-07-22,19.850000381469727,20.0,19.770000457763672,19.920000076293945,9.183797836303711,3103400
2003-07-23,20.0,20.0,19.350000381469727,19.5,8.990161895751953,5494300
2003-07-24,19.5,19.549999237060547,18.90999984741211,18.93000030517578,8.727368354797363,8414400
2003-07-25,18.75,19.06999969482422,18.670000076293945,18.889999389648438,8.708932876586914,20462400
2003-07-28,19.020000457763672,20.479999542236328,19.020000457763672,20.479999542236328,9.441973686218262,6768500
2003-07-29,20.25,20.68000030517578,19.8700008392334,20.5,9.45119857788086,3675800
2003-07-30,20.5,20.860000610351562,20.209999084472656,20.860000610351562,9.617173194885254,2897800
2003-07-31,20.899999618530273,21.93000030517578,20.719999313354492,21.799999237060547,10.050544738769531,4230900
2003-08-01,21.780000686645508,21.790000915527344,21.049999237060547,21.18000030517578,9.764703750610352,2013700
2003-08-04,20.75,21.209999084472656,20.1299991607666,21.049999237060547,9.704766273498535,3195700
2003-08-05,21.020000457763672,21.5,20.899999618530273,21.0,9.681713104248047,2491200
2003-08-06,21.010000228881836,21.829999923706055,21.010000228881836,21.639999389648438,9.995817184448242,3584700
2003-08-07,21.450000762939453,21.6299991607666,20.920000076293945,21.469999313354492,9.917287826538086,2566500
2003-08-08,21.469999313354492,21.860000610351562,21.25,21.799999237060547,10.069723129272461,2030700
2003-08-11,22.149999618530273,22.700000762939453,22.0,22.170000076293945,10.240629196166992,3732800
2003-08-12,22.25,22.399999618530273,21.719999313354492,22.299999237060547,10.30068588256836,1907800
2003-08-13,22.299999237060547,22.549999237060547,21.68000030517578,21.700000762939453,10.023529052734375,2248700
2003-08-14,21.5,21.5,20.239999771118164,20.700000762939453,9.561617851257324,9273500
2003-08-15,20.700000762939453,20.739999771118164,20.350000381469727,20.700000762939453,9.561617851257324,1899500
2003-08-18,20.81999969482422,21.5,20.81999969482422,21.450000762939453,9.908053398132324,3658900
2003-08-19,21.850000381469727,22.100000381469727,21.610000610351562,21.989999771118164,10.157489776611328,2322500
2003-08-20,21.989999771118164,22.149999618530273,21.739999771118164,21.780000686645508,10.0604829788208,1531100
2003-08-21,21.850000381469727,22.350000381469727,21.760000228881836,22.06999969482422,10.194436073303223,1904300
2003-08-22,23.399999618530273,23.520000457763672,21.940000534057617,21.940000534057617,10.134389877319336,3989500
2003-08-25,22.040000915527344,22.200000762939453,21.700000762939453,21.799999237060547,10.069723129272461,1633700
2003-08-26,21.799999237060547,22.079999923706055,21.200000762939453,22.010000228881836,10.166725158691406,1522900
2003-08-27,21.940000534057617,23.850000381469727,21.90999984741211,23.719999313354492,10.956597328186035,3329700
2003-08-28,23.899999618530273,24.709999084472656,23.559999465942383,23.760000228881836,10.975071907043457,2760100
2003-08-29,23.600000381469727,23.600000381469727,22.850000381469727,23.010000228881836,10.628639221191406,2123300
2003-09-02,23.600000381469727,24.790000915527344,23.420000076293945,24.549999237060547,11.339988708496094,3011400
2003-09-03,24.709999084472656,25.0,24.270000457763672,24.399999618530273,11.270700454711914,2943500
2003-09-04,24.350000381469727,24.950000762939453,24.049999237060547,24.600000381469727,11.363081932067871,1593800
2003-09-05,24.479999542236328,24.799999237060547,23.899999618530273,23.959999084472656,11.067459106445312,2343300
2003-09-08,24.049999237060547,25.25,24.0,25.25,11.663324356079102,3117300
2003-09-09,25.25,25.25,24.579999923706055,25.15999984741211,11.62175464630127,2622500
2003-09-10,25.079999923706055,25.079999923706055,24.350000381469727,24.780000686645508,11.446231842041016,3210800
2003-09-11,24.799999237060547,24.989999771118164,23.649999618530273,23.729999542236328,10.961216926574707,3690900
2003-09-12,23.5,23.639999389648438,23.030000686645508,23.450000762939453,10.83188247680664,1964800
2003-09-15,23.25,23.600000381469727,23.040000915527344,23.290000915527344,10.757975578308105,1201500
2003-09-16,23.700000762939453,25.0,23.700000762939453,24.950000762939453,11.524746894836426,1996800
2003-09-17,24.799999237060547,25.739999771118164,24.770000457763672,25.510000228881836,11.783426284790039,2868600
2003-09-18,25.520000457763672,26.399999618530273,25.049999237060547,26.280000686645508,12.1390962600708,2747700
2003-09-19,26.350000381469727,27.25,26.25,26.809999465942383,12.383907318115234,3578400
2003-09-22,25.0,26.56999969482422,25.0,26.489999771118164,12.236100196838379,2723700
2003-09-23,27.18000030517578,27.600000381469727,26.989999771118164,27.34000015258789,12.62872314453125,3344900
2003-09-24,27.3799991607666,27.90999984741211,26.479999542236328,26.479999542236328,12.231480598449707,3289000
2003-09-25,26.649999618530273,27.25,25.700000762939453,25.899999618530273,11.963569641113281,2546000
2003-09-26,26.0,26.799999237060547,25.559999465942383,25.950000762939453,11.986671447753906,2629900
2003-09-29,26.049999237060547,27.600000381469727,26.049999237060547,27.15999984741211,12.54558277130127,3068700
2003-09-30,27.15999984741211,27.799999237060547,26.59000015258789,27.200000762939453,12.564057350158691,2637100
2003-10-01,27.75,28.190000534057617,27.600000381469727,28.100000381469727,12.979778289794922,2794800
2003-10-02,28.25,28.299999237060547,27.479999542236328,27.920000076293945,12.896637916564941,2785300
2003-10-03,28.389999389648438,28.600000381469727,27.649999618530273,27.719999313354492,12.804258346557617,2627900
2003-10-06,28.479999542236328,28.479999542236328,27.799999237060547,28.0,12.933589935302734,920700
2003-10-07,27.850000381469727,29.0,27.200000762939453,29.0,13.395500183105469,1607500
2003-10-08,28.799999237060547,29.0,28.399999618530273,28.639999389648438,13.229216575622559,2986100
2003-10-09,28.950000762939453,30.0,28.719999313354492,29.270000457763672,13.520224571228027,5021000
2003-10-10,29.450000762939453,29.889999389648438,29.389999389648438,29.780000686645508,13.755791664123535,2127400
2003-10-13,29.799999237060547,30.100000381469727,29.600000381469727,29.950000762939453,13.834318161010742,2010400
2003-10-14,29.700000762939453,30.860000610351562,29.649999618530273,30.600000381469727,14.134563446044922,2554700
2003-10-15,31.200000762939453,31.350000381469727,30.450000762939453,30.5,14.088372230529785,4247700
2003-10-16,30.5,30.700000762939453,30.079999923706055,30.350000381469727,14.019089698791504,2184100
2003-10-17,30.350000381469727,30.350000381469727,29.399999618530273,29.6200008392334,13.681885719299316,2074800
2003-10-20,29.850000381469727,29.8799991607666,29.040000915527344,29.299999237060547,13.534072875976562,1417500
2003-10-21,29.75,29.969999313354492,29.200000762939453,29.5,13.626460075378418,1755200
2003-10-22,26.5,26.5,20.610000610351562,22.280000686645508,10.291444778442383,39972200
2003-10-23,22.0,22.200000762939453,21.100000381469727,22.200000762939453,10.254488945007324,14097100
2003-10-24,22.799999237060547,22.899999618530273,21.860000610351562,22.25,10.277581214904785,5759400
2003-10-27,22.0,22.110000610351562,20.329999923706055,21.0,9.700194358825684,10237200
2003-10-28,21.0,22.950000762939453,21.0,22.899999618530273,10.577829360961914,10074400
2003-10-29,22.899999618530273,24.969999313354492,22.399999618530273,24.799999237060547,11.455462455749512,13081300
2003-10-30,25.25,25.350000381469727,23.399999618530273,23.399999618530273,10.808783531188965,8280300
2003-10-31,23.520000457763672,23.899999618530273,22.299999237060547,22.979999542236328,10.614781379699707,5380000
2003-11-03,23.139999389648438,23.450000762939453,22.760000228881836,23.149999618530273,10.693309783935547,4503700
2003-11-04,23.149999618530273,23.25,22.34000015258789,22.479999542236328,10.383825302124023,4262700
2003-11-05,22.200000762939453,22.899999618530273,21.989999771118164,22.700000762939453,10.504131317138672,3802500
2003-11-06,22.850000381469727,23.5,22.399999618530273,23.389999389648438,10.823426246643066,2932900
2003-11-07,22.639999389648438,23.25,20.3799991607666,21.739999771118164,10.059907913208008,8552500
2003-11-10,21.700000762939453,22.0,20.200000762939453,20.260000228881836,9.375060081481934,7844000
2003-11-11,20.260000228881836,20.549999237060547,18.959999084472656,19.479999542236328,9.014124870300293,9425400
2003-11-12,19.579999923706055,21.049999237060547,19.579999923706055,20.950000762939453,9.69434642791748,7714300
2003-11-13,20.899999618530273,21.510000228881836,20.649999618530273,21.260000228881836,9.837799072265625,5757500
2003-11-14,21.25,21.489999771118164,19.90999984741211,19.90999984741211,9.213103294372559,3840400
2003-11-17,20.0,20.270000457763672,19.75,20.0,9.254744529724121,4419200
2003-11-18,20.149999618530273,20.600000381469727,19.540000915527344,19.579999923706055,9.060393333435059,5328800
2003-11-19,19.600000381469727,19.8700008392334,19.09000015258789,19.440000534057617,8.995612144470215,3607800
2003-11-20,19.440000534057617,19.75,19.0,19.0,8.792006492614746,4579700
2003-11-21,19.25,19.299999237060547,18.489999771118164,19.0,8.792006492614746,3614600
2003-11-24,19.399999618530273,19.709999084472656,19.25,19.639999389648438,9.088162422180176,5258400
2003-11-25,19.850000381469727,19.950000762939453,19.25,19.31999969482422,8.94008731842041,3894300
2003-11-26,19.600000381469727,19.950000762939453,19.579999923706055,19.760000228881836,9.143686294555664,5187900
2003-11-28,19.760000228881836,19.799999237060547,19.510000228881836,19.75,9.139065742492676,1133300
2003-12-01,20.149999618530273,20.149999618530273,19.59000015258789,19.809999465942383,9.166826248168945,2156500
2003-12-02,19.809999465942383,19.809999465942383,19.459999084472656,19.700000762939453,9.115926742553711,1614100
2003-12-03,19.700000762939453,19.700000762939453,18.719999313354492,18.959999084472656,8.7734956741333,9605300
2003-12-04,19.239999771118164,19.239999771118164,18.489999771118164,18.799999237060547,8.699461936950684,4951000
2003-12-05,18.700000762939453,19.850000381469727,18.610000610351562,19.600000381469727,9.069645881652832,6491500
2003-12-08,19.649999618530273,19.780000686645508,19.350000381469727,19.600000381469727,9.069645881652832,3253600
2003-12-09,19.68000030517578,19.75,18.65999984741211,18.700000762939453,8.653185844421387,3792600
2003-12-10,18.700000762939453,18.950000762939453,17.600000381469727,17.8799991607666,8.27374267578125,6240800
2003-12-11,17.8799991607666,19.149999618530273,17.8799991607666,19.149999618530273,8.861419677734375,7747200
2003-12-12,19.110000610351562,19.25,18.40999984741211,18.75,8.67632007598877,3587200
2003-12-15,19.100000381469727,19.110000610351562,17.239999771118164,17.459999084472656,8.079394340515137,8005400
2003-12-16,17.25,17.65999984741211,16.700000762939453,17.610000610351562,8.148801803588867,5544200
2003-12-17,17.31999969482422,17.56999969482422,16.899999618530273,17.5,8.097904205322266,3761100
2003-12-18,17.5,17.899999618530273,17.299999237060547,17.75,8.213586807250977,3038500
2003-12-19,17.25,17.700000762939453,16.950000762939453,17.6299991607666,8.158059120178223,6127300
2003-12-22,17.450000762939453,17.899999618530273,17.350000381469727,17.770000457763672,8.2228422164917,2195000
2003-12-23,17.600000381469727,18.450000762939453,17.600000381469727,18.299999237060547,8.46808910369873,2516300
2003-12-24,18.329999923706055,18.610000610351562,18.149999618530273,18.549999237060547,8.58377742767334,1454600
2003-12-26,18.75,18.799999237060547,18.299999237060547,18.5,8.56064224243164,788900
2003-12-29,18.700000762939453,18.989999771118164,18.700000762939453,18.979999542236328,8.78275203704834,1730800
2003-12-30,18.979999542236328,19.100000381469727,18.709999084472656,18.850000381469727,8.722596168518066,2884500
2003-12-31,18.8700008392334,19.270000457763672,18.75,18.899999618530273,8.745733261108398,2258700
2004-01-02,19.149999618530273,19.600000381469727,18.899999618530273,19.309999465942383,8.935454368591309,3099800
2004-01-05,19.549999237060547,19.989999771118164,19.479999542236328,19.93000030517578,9.222358703613281,2896700
2004-01-06,20.030000686645508,20.790000915527344,20.030000686645508,20.299999237060547,9.393571853637695,5727100
2004-01-07,20.299999237060547,20.81999969482422,19.989999771118164,20.6299991607666,9.546271324157715,5283600
2004-01-08,21.0,21.700000762939453,20.899999618530273,21.510000228881836,9.953479766845703,4224500
2004-01-09,21.299999237060547,21.700000762939453,20.299999237060547,20.43000030517578,9.453721046447754,4679200
2004-01-12,20.68000030517578,20.899999618530273,20.34000015258789,20.899999618530273,9.671208381652832,2393000
2004-01-13,21.25,21.360000610351562,20.59000015258789,20.950000762939453,9.69434642791748,2426400
2004-01-14,21.0,21.100000381469727,19.8799991607666,20.0,9.254744529724121,3586600
2004-01-15,20.010000228881836,20.010000228881836,18.799999237060547,19.270000457763672,8.916945457458496,7121600
2004-01-16,19.299999237060547,20.219999313354492,19.200000762939453,19.920000076293945,9.217724800109863,4419200
2004-01-20,20.200000762939453,20.6200008392334,19.950000762939453,20.31999969482422,9.40282154083252,6992000
2004-01-21,16.399999618530273,16.700000762939453,15.34000015258789,16.100000381469727,7.450071334838867,40762300
2004-01-22,16.5,16.5,15.890000343322754,16.260000228881836,7.524109840393066,10196500
2004-01-23,16.260000228881836,16.360000610351562,15.979999542236328,16.079999923706055,7.44081449508667,8611700
2004-01-26,16.100000381469727,16.309999465942383,16.020000457763672,16.25,7.5194830894470215,3872500
2004-01-27,16.25,16.649999618530273,16.100000381469727,16.510000228881836,7.639795303344727,6862600
2004-01-28,16.799999237060547,16.940000534057617,16.450000762939453,16.549999237060547,7.65830135345459,4703800
2004-01-29,16.75,16.81999969482422,16.280000686645508,16.43000030517578,7.6027750968933105,5084700
2004-01-30,16.43000030517578,16.5,16.299999237060547,16.299999237060547,7.542612075805664,2714100
2004-02-02,16.299999237060547,16.549999237060547,16.059999465942383,16.100000381469727,7.450071334838867,2664900
2004-02-03,16.06999969482422,16.34000015258789,16.040000915527344,16.299999237060547,7.542612075805664,2549100
2004-02-04,16.290000915527344,16.3700008392334,15.970000267028809,16.100000381469727,7.450071334838867,6814800
2004-02-05,16.3799991607666,16.860000610351562,16.049999237060547,16.84000015258789,7.792494773864746,4547500
2004-02-06,16.950000762939453,17.479999542236328,16.850000381469727,17.31999969482422,8.014610290527344,5220400
2004-02-09,17.200000762939453,17.440000534057617,16.600000381469727,16.649999618530273,7.704577445983887,3592700
2004-02-10,16.649999618530273,16.93000030517578,16.510000228881836,16.600000381469727,7.681438446044922,2832400
2004-02-11,16.540000915527344,17.1299991607666,16.469999313354492,16.940000534057617,7.867208003997803,3126500
2004-02-12,16.850000381469727,17.149999618530273,16.5,16.899999618530273,7.848627090454102,1970900
2004-02-13,17.0,17.780000686645508,16.989999771118164,17.549999237060547,8.150496482849121,4755300
2004-02-17,18.079999923706055,18.079999923706055,17.25,17.25,8.011174201965332,3245600
2004-02-18,17.290000915527344,17.649999618530273,17.190000534057617,17.270000457763672,8.020462036132812,2593300
2004-02-19,17.399999618530273,18.100000381469727,17.3799991607666,17.809999465942383,8.271245956420898,4391600
2004-02-20,17.809999465942383,17.809999465942383,17.299999237060547,17.5,8.127277374267578,3176300
2004-02-23,17.5,17.889999389648438,16.34000015258789,16.610000610351562,7.713952541351318,5473200
2004-02-24,16.520000457763672,16.809999465942383,16.239999771118164,16.700000762939453,7.755743980407715,3030100
2004-02-25,16.75,17.450000762939453,16.719999313354492,16.899999618530273,7.848627090454102,3630000
2004-02-26,16.84000015258789,17.3799991607666,16.700000762939453,17.309999465942383,8.039039611816406,4419500
2004-02-27,17.309999465942383,17.530000686645508,17.209999084472656,17.299999237060547,8.03439712524414,2704900
2004-03-01,17.0,17.489999771118164,16.600000381469727,17.3799991607666,8.071549415588379,3757000
2004-03-02,17.299999237060547,17.350000381469727,16.719999313354492,16.729999542236328,7.769678592681885,5026100
2004-03-03,17.100000381469727,17.25,16.600000381469727,16.670000076293945,7.741811275482178,5687900
2004-03-04,16.68000030517578,16.81999969482422,16.5,16.59000015258789,7.704662322998047,3241600
2004-03-05,16.549999237060547,16.739999771118164,16.3799991607666,16.399999618530273,7.616421699523926,2625800
2004-03-08,16.399999618530273,16.450000762939453,15.90999984741211,15.949999809265137,7.407433032989502,4932800
2004-03-09,15.970000267028809,16.0,15.579999923706055,15.670000076293945,7.2773942947387695,3245400
2004-03-10,15.75,15.84000015258789,15.579999923706055,15.640000343322754,7.263465404510498,3027300
2004-03-11,15.630000114440918,15.739999771118164,15.329999923706055,15.369999885559082,7.138073921203613,3436600
2004-03-12,15.399999618530273,16.0,15.350000381469727,15.800000190734863,7.337769508361816,2546100
2004-03-15,15.770000457763672,15.8100004196167,15.40999984741211,15.550000190734863,7.221665859222412,2881000
2004-03-16,15.59000015258789,16.0,15.59000015258789,15.800000190734863,7.337769508361816,2205300
2004-03-17,15.979999542236328,16.360000610351562,15.899999618530273,16.170000076293945,7.509607791900635,1848200
2004-03-18,16.170000076293945,16.290000915527344,16.040000915527344,16.100000381469727,7.477097511291504,1775500
2004-03-19,16.149999618530273,16.200000762939453,15.760000228881836,15.9399995803833,7.402786731719971,3157000
2004-03-22,15.850000381469727,15.850000381469727,15.399999618530273,15.420000076293945,7.161293029785156,1891300
2004-03-23,15.520000457763672,15.699999809265137,15.289999961853027,15.300000190734863,7.105562686920166,3249500
2004-03-24,15.25,15.779999732971191,14.989999771118164,15.729999542236328,7.30526065826416,3273400
2004-03-25,15.710000038146973,16.200000762939453,15.649999618530273,15.979999542236328,7.4213666915893555,3593600
2004-03-26,15.979999542236328,16.149999618530273,15.850000381469727,16.0,7.430655002593994,1050100
2004-03-29,16.200000762939453,16.440000534057617,16.18000030517578,16.34000015258789,7.58855676651001,1360500
2004-03-30,16.200000762939453,16.479999542236328,16.190000534057617,16.420000076293945,7.625710964202881,999100
2004-03-31,16.299999237060547,16.3700008392334,16.030000686645508,16.1299991607666,7.491027355194092,2050800
2004-04-01,16.149999618530273,16.389999389648438,16.139999389648438,16.239999771118164,7.542113780975342,820000
2004-04-02,16.350000381469727,16.479999542236328,15.899999618530273,16.110000610351562,7.4817399978637695,2383200
2004-04-05,16.25,16.260000228881836,15.5,15.65999984741211,7.27275276184082,6177800
2004-04-06,15.65999984741211,15.739999771118164,15.460000038146973,15.59000015258789,7.240246772766113,2994000
2004-04-07,13.100000381469727,15.3100004196167,13.0,14.979999542236328,6.956948757171631,28530600
2004-04-08,15.050000190734863,15.199999809265137,14.760000228881836,15.199999809265137,7.059120178222656,3698900
2004-04-12,15.100000381469727,15.149999618530273,14.899999618530273,15.149999618530273,7.035900592803955,2269400
2004-04-13,15.279999732971191,15.649999618530273,15.210000038146973,15.420000076293945,7.161293029785156,3843200
2004-04-14,15.319999694824219,15.449999809265137,15.25,15.300000190734863,7.105562686920166,1391600
2004-04-15,15.220000267028809,15.300000190734863,14.8100004196167,15.130000114440918,7.026611804962158,1845000
2004-04-16,15.130000114440918,15.130000114440918,14.850000381469727,14.930000305175781,6.933726787567139,1143500
2004-04-19,14.930000305175781,14.9399995803833,14.699999809265137,14.789999961853027,6.868714809417725,1447800
2004-04-20,14.75,14.779999732971191,14.329999923706055,14.520000457763672,6.743319988250732,5004000
2004-04-21,14.0,14.399999618530273,13.550000190734863,13.829999923706055,6.422873497009277,8011300
2004-04-22,13.649999618530273,13.649999618530273,12.5,12.699999809265137,5.898081302642822,11342300
2004-04-23,12.600000381469727,12.949999809265137,12.350000381469727,12.729999542236328,5.91201114654541,6650100
2004-04-26,12.710000038146973,12.850000381469727,12.5,12.5600004196167,5.83306360244751,2491900
2004-04-27,12.600000381469727,12.649999618530273,12.470000267028809,12.539999961853027,5.823775768280029,2794000
2004-04-28,12.539999961853027,12.850000381469727,12.449999809265137,12.84000015258789,5.963101387023926,3474500
2004-04-29,12.850000381469727,13.0,12.510000228881836,12.670000076293945,5.884149551391602,3824900
2004-04-30,12.609999656677246,12.75,12.5,12.510000228881836,5.809842109680176,2485100
2004-05-03,12.470000267028809,12.800000190734863,12.25,12.399999618530273,5.758756637573242,2380800
2004-05-04,12.479999542236328,12.59000015258789,12.149999618530273,12.289999961853027,5.70767068862915,1844400
2004-05-05,12.329999923706055,12.5,12.109999656677246,12.170000076293945,5.679670333862305,1862800
2004-05-06,12.100000381469727,12.15999984741211,11.5,11.729999542236328,5.474326133728027,4196700
2004-05-07,11.729999542236328,12.170000076293945,11.729999542236328,12.039999961853027,5.619001388549805,2711700
2004-05-10,11.9399995803833,12.069999694824219,11.800000190734863,11.989999771118164,5.595664024353027,1689300
2004-05-11,12.25,12.579999923706055,12.210000038146973,12.399999618530273,5.787009239196777,2956200
2004-05-12,12.460000038146973,12.460000038146973,12.210000038146973,12.3100004196167,5.745006561279297,1112000
2004-05-13,12.3100004196167,12.329999923706055,12.0600004196167,12.329999923706055,5.754342079162598,1890500
2004-05-14,12.25,12.300000190734863,11.699999809265137,12.0,5.6003336906433105,1976800
2004-05-17,11.800000190734863,12.0,11.699999809265137,11.800000190734863,5.506993293762207,1691300
2004-05-18,11.899999618530273,12.0600004196167,11.890000343322754,12.039999961853027,5.619001388549805,1610000
2004-05-19,12.039999961853027,12.300000190734863,12.039999961853027,12.079999923706055,5.637669086456299,2905200
2004-05-20,12.079999923706055,12.210000038146973,12.0,12.0600004196167,5.628331184387207,1988200
2004-05-21,12.010000228881836,12.210000038146973,12.010000228881836,12.199999809265137,5.693669319152832,930400
2004-05-24,12.399999618530273,12.539999961853027,12.289999961853027,12.529999732971191,5.847679615020752,1289500
2004-05-25,12.449999809265137,13.100000381469727,12.380000114440918,13.010000228881836,6.07169246673584,2288700
2004-05-26,13.0600004196167,13.699999809265137,13.0,13.34000015258789,6.22570276260376,2635600
2004-05-27,13.34000015258789,13.34000015258789,12.319999694824219,12.84000015258789,5.992354393005371,4248100
2004-05-28,12.829999923706055,12.949999809265137,12.300000190734863,12.300000190734863,5.740339279174805,4191200
2004-06-01,12.350000381469727,12.760000228881836,12.350000381469727,12.680000305175781,5.91768217086792,3016100
2004-06-02,12.600000381469727,12.600000381469727,12.15999984741211,12.210000038146973,5.698338508605957,4410500
2004-06-03,12.520000457763672,13.300000190734863,12.25,12.600000381469727,5.88034725189209,5288800
2004-06-04,12.960000038146973,13.100000381469727,12.75,12.8100004196167,5.978354454040527,2070800
2004-06-07,12.949999809265137,13.100000381469727,12.850000381469727,13.050000190734863,6.090360164642334,1230000
2004-06-08,13.0600004196167,13.1899995803833,12.930000305175781,13.079999923706055,6.104361534118652,1517000
2004-06-09,13.140000343322754,13.149999618530273,12.869999885559082,13.039999961853027,6.085696697235107,1394800
2004-06-10,13.449999809265137,13.920000076293945,13.420000076293945,13.569999694824219,6.333041667938232,4299300
2004-06-14,13.569999694824219,13.789999961853027,13.40999984741211,13.609999656677246,6.351707935333252,3003600
2004-06-15,13.729999542236328,13.979999542236328,13.710000038146973,13.899999618530273,6.487050533294678,2198500
2004-06-16,13.850000381469727,13.979999542236328,13.8100004196167,13.850000381469727,6.463719367980957,1713200
2004-06-17,13.850000381469727,14.0,13.619999885559082,13.949999809265137,6.510384559631348,3064400
2004-06-18,13.890000343322754,14.09000015258789,13.800000190734863,14.020000457763672,6.543055057525635,2242300
2004-06-21,13.989999771118164,14.010000228881836,13.800000190734863,14.0,6.533721446990967,1326900
2004-06-22,14.0,14.0,13.75,13.9399995803833,6.505716323852539,2938600
2004-06-23,13.880000114440918,14.3100004196167,13.850000381469727,14.3100004196167,6.678396224975586,1318500
2004-06-24,14.25,14.4399995803833,14.010000228881836,14.029999732971191,6.547721862792969,1491400
2004-06-25,14.039999961853027,14.09000015258789,13.9399995803833,13.979999542236328,6.524386882781982,633200
2004-06-28,13.930000305175781,14.050000190734863,13.800000190734863,13.8100004196167,6.445050239562988,1647600
2004-06-29,13.8100004196167,14.020000457763672,13.800000190734863,14.010000228881836,6.538388252258301,1792000
2004-06-30,14.010000228881836,14.449999809265137,14.010000228881836,14.430000305175781,6.734396457672119,1955400
2004-07-01,14.399999618530273,14.430000305175781,14.170000076293945,14.25,6.650395393371582,3028600
2004-07-02,14.25,14.40999984741211,13.989999771118164,14.210000038146973,6.6317291259765625,2457300
2004-07-06,14.149999618530273,14.149999618530273,13.319999694824219,13.670000076293945,6.37971305847168,3386100
2004-07-07,13.569999694824219,13.920000076293945,13.569999694824219,13.779999732971191,6.431046009063721,2823600
2004-07-08,13.699999809265137,13.739999771118164,13.300000190734863,13.369999885559082,6.239705562591553,1380900
2004-07-09,13.399999618530273,13.739999771118164,13.399999618530273,13.539999961853027,6.319039821624756,874600
2004-07-12,13.4399995803833,13.510000228881836,13.149999618530273,13.510000228881836,6.305044651031494,926100
2004-07-13,13.479999542236328,13.649999618530273,13.25,13.319999694824219,6.216366767883301,628700
2004-07-14,13.260000228881836,13.260000228881836,12.449999809265137,12.5,5.833678722381592,3909700
2004-07-15,12.600000381469727,12.75,12.460000038146973,12.649999618530273,5.903683662414551,2253800
2004-07-16,12.640000343322754,12.800000190734863,12.239999771118164,12.699999809265137,5.9270172119140625,1892300
2004-07-19,12.699999809265137,14.050000190734863,12.699999809265137,13.850000381469727,6.463719367980957,5065000
2004-07-20,13.800000190734863,14.59000015258789,13.65999984741211,14.300000190734863,6.67372989654541,3522100
2004-07-21,13.75,14.0,11.670000076293945,11.90999984741211,5.558328628540039,12096400
2004-07-22,11.949999809265137,12.140000343322754,11.869999885559082,11.930000305175781,5.567662239074707,2784000
2004-07-23,11.930000305175781,11.960000038146973,11.8100004196167,11.920000076293945,5.562994480133057,2219000
2004-07-26,11.899999618530273,11.970000267028809,11.380000114440918,11.539999961853027,5.385651588439941,3165800
2004-07-27,11.5,11.760000228881836,11.399999618530273,11.649999618530273,5.43698787689209,2018200
2004-07-28,11.649999618530273,11.75,11.260000228881836,11.40999984741211,5.32498025894165,1865700
2004-07-29,11.420000076293945,11.729999542236328,11.300000190734863,11.579999923706055,5.404322147369385,1620500
2004-07-30,11.479999542236328,11.550000190734863,11.319999694824219,11.470000267028809,5.352982521057129,1624300
2004-08-02,11.399999618530273,11.539999961853027,11.300000190734863,11.430000305175781,5.334315299987793,1336100
2004-08-03,11.220000267028809,11.34000015258789,10.800000190734863,10.989999771118164,5.128971099853516,2276300
2004-08-04,10.930000305175781,11.140000343322754,10.930000305175781,11.079999923706055,5.199358940124512,1193700
2004-08-05,11.079999923706055,11.140000343322754,10.960000038146973,11.09000015258789,5.204052448272705,913600
2004-08-06,11.020000457763672,11.079999923706055,10.800000190734863,10.800000190734863,5.067968845367432,1632100
2004-08-09,10.800000190734863,10.920000076293945,10.529999732971191,10.529999732971191,4.941267967224121,1311800
2004-08-10,10.550000190734863,10.949999809265137,10.550000190734863,10.9399995803833,5.133663177490234,1659500
2004-08-11,10.850000381469727,10.899999618530273,10.4399995803833,10.729999542236328,5.03511905670166,1280100
2004-08-12,10.649999618530273,10.649999618530273,10.109999656677246,10.3100004196167,4.838030815124512,1547700
2004-08-13,10.3100004196167,10.539999961853027,10.1899995803833,10.279999732971191,4.823954105377197,1362200
2004-08-16,10.260000228881836,10.739999771118164,10.149999618530273,10.699999809265137,5.021040439605713,1179700
2004-08-17,10.699999809265137,10.890000343322754,10.579999923706055,10.720000267028809,5.0304274559021,1380000
2004-08-18,10.699999809265137,11.300000190734863,10.25,11.140000343322754,5.22751522064209,2141000
2004-08-19,11.100000381469727,11.420000076293945,11.0,11.229999542236328,5.269749164581299,3440600
2004-08-20,11.199999809265137,11.800000190734863,11.199999809265137,11.670000076293945,5.476221084594727,3170900
2004-08-23,11.670000076293945,11.75,11.350000381469727,11.380000114440918,5.340137004852295,1085500
2004-08-24,11.40999984741211,11.40999984741211,11.119999885559082,11.199999809265137,5.2556681632995605,1287000
2004-08-25,11.210000038146973,11.34000015258789,11.149999618530273,11.279999732971191,5.293210506439209,1192900
2004-08-26,11.279999732971191,11.449999809265137,10.970000267028809,11.069999694824219,5.194666862487793,1179800
2004-08-27,11.130000114440918,11.170000076293945,11.020000457763672,11.050000190734863,5.1852803230285645,1048800
2004-08-30,11.050000190734863,11.140000343322754,10.630000114440918,10.949999809265137,5.138355255126953,1292800
2004-08-31,10.949999809265137,10.979999542236328,10.800000190734863,10.930000305175781,5.128973007202148,920400
2004-09-01,10.899999618530273,11.600000381469727,10.899999618530273,11.5,5.396445274353027,2377800
2004-09-02,11.510000228881836,11.9399995803833,11.479999542236328,11.9399995803833,5.6029181480407715,1234400
2004-09-03,11.979999542236328,12.0,11.680000305175781,11.869999885559082,5.570072174072266,1430200
2004-09-07,13.0,13.260000228881836,12.199999809265137,12.319999694824219,5.7812347412109375,7839900
2004-09-08,12.399999618530273,12.65999984741211,12.300000190734863,12.460000038146973,5.846932411193848,1863500
2004-09-09,12.5,12.600000381469727,12.34000015258789,12.479999542236328,5.85631799697876,888100
2004-09-10,12.40999984741211,13.3100004196167,12.369999885559082,13.279999732971191,6.231722831726074,3382800
2004-09-13,13.25,13.770000457763672,13.220000267028809,13.369999885559082,6.2739577293396,2418100
2004-09-14,13.289999961853027,13.630000114440918,13.069999694824219,13.5600004196167,6.36311674118042,2416400
2004-09-15,13.5,13.5,13.289999961853027,13.34000015258789,6.2598795890808105,1623200
2004-09-16,13.5,13.739999771118164,13.5,13.609999656677246,6.386577129364014,1758200
2004-09-17,13.670000076293945,13.789999961853027,13.619999885559082,13.789999961853027,6.471043109893799,2434700
2004-09-20,13.789999961853027,14.229999542236328,13.600000381469727,14.029999732971191,6.5836639404296875,2447900
2004-09-21,13.800000190734863,13.800000190734863,13.489999771118164,13.649999618530273,6.4053473472595215,4015500
2004-09-22,13.600000381469727,13.600000381469727,13.149999618530273,13.199999809265137,6.194179534912109,3052500
2004-09-23,13.220000267028809,13.390000343322754,13.149999618530273,13.359999656677246,6.269262313842773,1711200
2004-09-24,13.350000381469727,13.420000076293945,12.9399995803833,13.020000457763672,6.109715938568115,2299700
2004-09-27,12.920000076293945,12.949999809265137,12.75,12.84000015258789,6.025249004364014,2057600
2004-09-28,12.84000015258789,13.119999885559082,12.760000228881836,13.100000381469727,6.147258758544922,1752300
2004-09-29,13.0,13.479999542236328,13.0,13.460000038146973,6.316186904907227,3325300
2004-09-30,13.460000038146973,13.640000343322754,13.199999809265137,13.520000457763672,6.344343185424805,2278000
2004-10-01,13.75,13.899999618530273,13.630000114440918,13.880000114440918,6.513275146484375,3041100
2004-10-04,14.229999542236328,14.279999732971191,13.979999542236328,14.220000267028809,6.672823429107666,7608700
2004-10-05,14.199999809265137,14.25,14.039999961853027,14.199999809265137,6.663437843322754,2527800
2004-10-06,14.319999694824219,14.510000228881836,14.199999809265137,14.300000190734863,6.710365295410156,5280700
2004-10-07,14.3100004196167,14.4399995803833,13.989999771118164,14.0,6.5695881843566895,2228900
2004-10-08,13.960000038146973,14.15999984741211,13.619999885559082,13.949999809265137,6.546123504638672,2875200
2004-10-11,14.010000228881836,14.100000381469727,13.960000038146973,14.050000190734863,6.593048572540283,1701900
2004-10-12,13.850000381469727,13.920000076293945,13.5,13.65999984741211,6.410040378570557,3828200
2004-10-13,13.850000381469727,13.9399995803833,13.520000457763672,13.65999984741211,6.410040378570557,3135200
2004-10-14,13.520000457763672,13.600000381469727,13.229999542236328,13.229999542236328,6.208259582519531,1704200
2004-10-15,13.319999694824219,13.550000190734863,13.0,13.229999542236328,6.208259582519531,2524000
2004-10-18,13.239999771118164,14.0,13.239999771118164,14.0,6.5695881843566895,5266000
2004-10-19,14.100000381469727,14.470000267028809,14.050000190734863,14.229999542236328,6.67751407623291,3546200
2004-10-20,14.5,14.5,13.380000114440918,13.710000038146973,6.433503150939941,5662900
2004-10-21,13.699999809265137,13.699999809265137,12.75,13.239999771118164,6.212953567504883,6470700
2004-10-22,13.220000267028809,13.289999961853027,12.880000114440918,12.899999618530273,6.053402423858643,3101200
2004-10-25,12.869999885559082,12.869999885559082,12.449999809265137,12.609999656677246,5.9173197746276855,2776800
2004-10-26,12.850000381469727,12.890000343322754,12.510000228881836,12.609999656677246,5.9173197746276855,2260900
2004-10-27,12.569999694824219,12.899999618530273,12.529999732971191,12.899999618530273,6.053402423858643,2524500
2004-10-28,12.899999618530273,12.970000267028809,12.5,12.5600004196167,5.893858909606934,1971000
2004-10-29,12.65999984741211,12.739999771118164,12.5,12.640000343322754,5.931400299072266,880400
2004-11-01,12.710000038146973,12.970000267028809,12.520000457763672,12.699999809265137,5.959553241729736,986300
2004-11-02,12.350000381469727,12.8100004196167,12.300000190734863,12.699999809265137,5.959553241729736,1926000
2004-11-03,13.100000381469727,13.149999618530273,12.460000038146973,12.640000343322754,5.959553241729736,1452500
2004-11-04,12.569999694824219,12.880000114440918,12.470000267028809,12.829999923706055,6.049137592315674,1624600
2004-11-05,12.8100004196167,13.3100004196167,12.75,13.300000190734863,6.270730972290039,1907200
2004-11-08,13.5,13.649999618530273,13.420000076293945,13.579999923706055,6.402750015258789,2318700
2004-11-09,13.59000015258789,13.710000038146973,13.470000267028809,13.670000076293945,6.445181369781494,1363200
2004-11-10,13.600000381469727,13.600000381469727,13.119999885559082,13.180000305175781,6.214156150817871,1588600
2004-11-11,13.329999923706055,13.739999771118164,13.300000190734863,13.65999984741211,6.440464973449707,1385000
2004-11-12,13.800000190734863,14.1899995803833,13.75,14.1899995803833,6.6903533935546875,2960900
2004-11-15,14.1899995803833,14.489999771118164,14.170000076293945,14.390000343322754,6.78464937210083,1466900
2004-11-16,14.050000190734863,14.180000305175781,13.819999694824219,14.0,6.600773334503174,3536900
2004-11-17,14.300000190734863,14.5,14.100000381469727,14.1899995803833,6.6903533935546875,2891900
2004-11-18,14.199999809265137,14.399999618530273,13.989999771118164,14.050000190734863,6.624346733093262,1419500
2004-11-19,14.229999542236328,14.25,13.800000190734863,13.890000343322754,6.5489044189453125,1295600
2004-11-22,13.640000343322754,14.050000190734863,13.5600004196167,14.010000228881836,6.605484962463379,1624900
2004-11-23,14.0,14.170000076293945,13.9399995803833,14.079999923706055,6.638493061065674,1408700
2004-11-24,14.149999618530273,14.6899995803833,14.130000114440918,14.670000076293945,6.916664123535156,2611500
2004-11-26,14.699999809265137,14.779999732971191,14.569999694824219,14.779999732971191,6.968528747558594,594000
2004-11-29,14.949999809265137,15.079999923706055,14.5,14.65999984741211,6.91195011138916,3735000
2004-11-30,14.699999809265137,14.989999771118164,14.680000305175781,14.979999542236328,7.062823295593262,2944800
2004-12-01,15.600000381469727,16.520000457763672,15.539999961853027,16.469999313354492,7.7653350830078125,9219100
2004-12-02,16.270000457763672,17.0,16.110000610351562,16.8799991607666,7.958644866943359,5392800
2004-12-03,17.1299991607666,17.270000457763672,16.40999984741211,16.549999237060547,7.803058624267578,2940700
2004-12-06,16.700000762939453,17.149999618530273,16.399999618530273,17.0,8.015223503112793,2485500
2004-12-07,16.950000762939453,17.0,16.389999389648438,16.459999084472656,7.760619163513184,3774500
2004-12-08,18.200000762939453,18.209999084472656,16.799999237060547,17.0,8.015223503112793,13827400
2004-12-09,16.850000381469727,17.200000762939453,16.600000381469727,16.940000534057617,7.9869303703308105,4100700
2004-12-10,16.690000534057617,16.81999969482422,16.549999237060547,16.700000762939453,7.873776912689209,11533100
2004-12-13,16.729999542236328,17.0,16.549999237060547,16.780000686645508,7.911494731903076,3152800
2004-12-14,16.780000686645508,16.989999771118164,16.709999084472656,16.809999465942383,7.925634860992432,3186100
2004-12-15,17.0,17.139999389648438,16.75,16.850000381469727,7.944502353668213,3530300
2004-12-16,16.899999618530273,16.950000762939453,16.649999618530273,16.760000228881836,7.902067184448242,2409300
2004-12-17,16.760000228881836,16.799999237060547,16.309999465942383,16.729999542236328,7.887922763824463,3206000
2004-12-20,16.729999542236328,16.899999618530273,16.25,16.290000915527344,7.6804704666137695,2632200
2004-12-21,16.440000534057617,16.549999237060547,16.270000457763672,16.420000076293945,7.741761207580566,2169000
2004-12-22,16.399999618530273,16.75,16.399999618530273,16.520000457763672,7.788912296295166,1625900
2004-12-23,16.450000762939453,16.65999984741211,16.31999969482422,16.59000015258789,7.821916103363037,880600
2004-12-27,16.84000015258789,16.84000015258789,16.399999618530273,16.6200008392334,7.836059093475342,1310200
2004-12-28,16.600000381469727,16.65999984741211,16.40999984741211,16.6200008392334,7.836059093475342,1352500
2004-12-29,16.540000915527344,16.979999542236328,16.5,16.940000534057617,7.9869303703308105,3321300
2004-12-30,17.0,17.389999389648438,17.0,17.190000534057617,8.104806900024414,3068300
2004-12-31,17.25,17.31999969482422,17.149999618530273,17.270000457763672,8.142521858215332,2682700
2005-01-03,17.440000534057617,17.65999984741211,17.0,17.389999389648438,8.199103355407715,3579500
2005-01-04,17.950000762939453,17.950000762939453,16.59000015258789,17.06999969482422,8.048224449157715,3965600
2005-01-05,16.899999618530273,17.149999618530273,16.860000610351562,16.899999618530273,7.968077659606934,2697200
2005-01-06,17.049999237060547,17.299999237060547,16.59000015258789,16.809999465942383,7.925634860992432,4173300
2005-01-07,17.0,17.079999923706055,16.649999618530273,16.65999984741211,7.854917526245117,3411000
2005-01-10,16.760000228881836,17.389999389648438,16.719999313354492,17.190000534057617,8.104806900024414,6546800
2005-01-11,17.190000534057617,17.299999237060547,17.020000457763672,17.18000030517578,8.100090026855469,5080800
2005-01-12,17.299999237060547,17.5,17.229999542236328,17.479999542236328,8.241536140441895,4444700
2005-01-13,17.799999237060547,18.149999618530273,17.549999237060547,17.899999618530273,8.439558982849121,6700900
2005-01-14,17.639999389648438,17.899999618530273,17.5,17.81999969482422,8.401839256286621,6567500
2005-01-18,17.850000381469727,18.389999389648438,17.809999465942383,18.350000381469727,8.651723861694336,9240600
2005-01-19,18.049999237060547,18.100000381469727,17.100000381469727,17.219999313354492,8.118947982788086,12638700
2005-01-20,16.850000381469727,17.459999084472656,16.760000228881836,17.350000381469727,8.180243492126465,5692600
2005-01-21,17.450000762939453,17.600000381469727,17.260000228881836,17.350000381469727,8.180243492126465,8427400
2005-01-24,17.3700008392334,17.5,16.770000457763672,16.8799991607666,7.958644866943359,3568300
2005-01-25,17.0,17.1200008392334,16.799999237060547,16.989999771118164,8.010509490966797,3702600
2005-01-26,17.079999923706055,17.110000610351562,16.600000381469727,17.010000228881836,8.019937515258789,3236700
2005-01-27,16.799999237060547,17.40999984741211,16.799999237060547,17.239999771118164,8.128381729125977,3279000
2005-01-28,17.399999618530273,17.40999984741211,16.799999237060547,17.0,8.015223503112793,2994600
2005-01-31,17.219999313354492,17.219999313354492,16.719999313354492,16.920000076293945,7.977505683898926,3217300
2005-02-01,16.719999313354492,17.040000915527344,16.600000381469727,16.959999084472656,7.996361255645752,3264600
2005-02-02,17.049999237060547,17.149999618530273,16.950000762939453,17.040000915527344,8.062604904174805,4368600
2005-02-03,17.100000381469727,17.1200008392334,16.850000381469727,17.06999969482422,8.076800346374512,1786300
2005-02-04,17.079999923706055,17.709999084472656,17.040000915527344,17.68000030517578,8.365427017211914,5083300
2005-02-07,17.5,17.81999969482422,17.399999618530273,17.479999542236328,8.270795822143555,2622200
2005-02-08,17.530000686645508,17.729999542236328,17.190000534057617,17.31999969482422,8.195088386535645,4204600
2005-02-09,17.549999237060547,17.649999618530273,17.18000030517578,17.25,8.161968231201172,3403300
2005-02-10,17.25,17.3799991607666,16.959999084472656,17.25,8.161968231201172,3695900
2005-02-11,17.290000915527344,17.5,17.020000457763672,17.280000686645508,8.176161766052246,2514300
2005-02-14,17.299999237060547,17.299999237060547,17.049999237060547,17.059999465942383,8.072065353393555,2310400
2005-02-15,17.100000381469727,17.719999313354492,17.049999237060547,17.489999771118164,8.275527954101562,4225900
2005-02-16,17.299999237060547,17.549999237060547,17.0,17.350000381469727,8.209283828735352,3371800
2005-02-17,17.5,17.75,17.299999237060547,17.68000030517578,8.365427017211914,3726500
2005-02-18,17.950000762939453,18.170000076293945,17.549999237060547,17.549999237060547,8.303913116455078,6542700
2005-02-22,17.40999984741211,17.549999237060547,17.1200008392334,17.170000076293945,8.124120712280273,2913300
2005-02-23,17.1299991607666,17.450000762939453,16.350000381469727,16.75,7.9253926277160645,5868900
2005-02-24,16.649999618530273,17.299999237060547,16.5,17.25,8.161968231201172,4661500
2005-02-25,17.450000762939453,17.75,17.239999771118164,17.700000762939453,8.374890327453613,4384200
2005-02-28,17.850000381469727,18.079999923706055,17.149999618530273,17.969999313354492,8.502640724182129,5276500
2005-03-01,17.989999771118164,18.100000381469727,17.8799991607666,18.020000457763672,8.526301383972168,3840700
2005-03-02,17.920000076293945,18.510000228881836,17.700000762939453,18.40999984741211,8.710834503173828,4109100
2005-03-03,18.350000381469727,18.56999969482422,18.059999465942383,18.3799991607666,8.696636199951172,2814000
2005-03-04,18.59000015258789,19.0,18.520000457763672,18.959999084472656,8.9710693359375,4812700
2005-03-07,18.950000762939453,19.170000076293945,18.639999389648438,18.829999923706055,8.909557342529297,4328500
2005-03-08,19.350000381469727,19.549999237060547,19.049999237060547,19.149999618530273,9.060967445373535,5654000
2005-03-09,19.149999618530273,19.309999465942383,18.829999923706055,19.200000762939453,9.084624290466309,3247900
2005-03-10,19.149999618530273,19.18000030517578,18.799999237060547,19.079999923706055,9.027849197387695,2677500
2005-03-11,18.899999618530273,19.049999237060547,18.229999542236328,18.469999313354492,8.739219665527344,3677800
2005-03-14,18.5,18.899999618530273,18.399999618530273,18.829999923706055,8.909557342529297,1988300
2005-03-15,18.979999542236328,19.0,18.450000762939453,18.559999465942383,8.781805038452148,2072200
2005-03-16,18.399999618530273,19.09000015258789,18.350000381469727,19.010000228881836,8.994726181030273,4383800
2005-03-17,19.059999465942383,19.3799991607666,19.030000686645508,19.209999084472656,9.089354515075684,3470600
2005-03-18,19.1299991607666,19.760000228881836,18.8700008392334,19.729999542236328,9.33539867401123,3768600
2005-03-21,19.75,19.93000030517578,19.290000915527344,19.829999923706055,9.38271713256836,2957500
2005-03-22,19.790000915527344,19.899999618530273,19.40999984741211,19.469999313354492,9.212379455566406,1689800
2005-03-23,19.420000076293945,19.75,19.399999618530273,19.459999084472656,9.207648277282715,1708000
2005-03-24,19.850000381469727,20.200000762939453,19.68000030517578,19.829999923706055,9.38271713256836,4551500
2005-03-28,19.799999237060547,19.889999389648438,19.06999969482422,19.06999969482422,9.023116111755371,3560000
2005-03-29,19.100000381469727,19.200000762939453,18.350000381469727,18.479999542236328,8.743953704833984,5312600
2005-03-30,18.700000762939453,19.059999465942383,18.649999618530273,18.920000076293945,8.952142715454102,3843900
2005-03-31,19.700000762939453,19.829999923706055,19.299999237060547,19.549999237060547,9.250231742858887,4200500
2005-04-01,19.65999984741211,19.790000915527344,19.25,19.399999618530273,9.179259300231934,2361400
2005-04-04,19.459999084472656,19.459999084472656,19.0,19.15999984741211,9.065702438354492,2238400
2005-04-05,19.229999542236328,19.280000686645508,18.799999237060547,18.8799991607666,8.93321418762207,3556600
2005-04-06,18.899999618530273,19.25,18.780000686645508,18.829999923706055,8.909557342529297,2155000
2005-04-07,18.829999923706055,19.239999771118164,18.790000915527344,19.200000762939453,9.084624290466309,2693300
2005-04-08,19.25,19.299999237060547,19.020000457763672,19.149999618530273,9.060967445373535,1486000
2005-04-11,19.190000534057617,19.190000534057617,18.649999618530273,18.899999618530273,8.942676544189453,1709100
2005-04-12,18.850000381469727,19.18000030517578,18.610000610351562,18.989999771118164,8.985260009765625,2041500
2005-04-13,18.899999618530273,18.920000076293945,18.459999084472656,18.520000457763672,8.762879371643066,2642000
2005-04-14,18.270000457763672,18.270000457763672,17.34000015258789,17.3799991607666,8.223477363586426,5134800
2005-04-15,17.0,17.200000762939453,16.420000076293945,16.56999969482422,7.840222358703613,6358500
2005-04-18,16.75,16.850000381469727,16.450000762939453,16.770000457763672,7.9348530769348145,3969100
2005-04-19,17.450000762939453,17.479999542236328,17.100000381469727,17.34000015258789,8.20455265045166,6892800
2005-04-20,18.100000381469727,18.350000381469727,17.799999237060547,17.979999542236328,8.507375717163086,11025300
2005-04-21,18.229999542236328,18.950000762939453,18.149999618530273,18.889999389648438,8.937946319580078,4850200
2005-04-22,18.399999618530273,18.5,17.899999618530273,18.25,8.63512897491455,6370400
2005-04-25,18.3700008392334,18.600000381469727,18.329999923706055,18.549999237060547,8.777070045471191,5510300
2005-04-26,18.520000457763672,18.780000686645508,18.40999984741211,18.68000030517578,8.838582038879395,4343100
2005-04-27,18.600000381469727,18.700000762939453,18.260000228881836,18.350000381469727,8.682442665100098,3001100
2005-04-28,18.170000076293945,18.350000381469727,17.520000457763672,17.59000015258789,8.322842597961426,3463400
2005-04-29,17.75,17.899999618530273,17.299999237060547,17.579999923706055,8.318111419677734,2951200
2005-05-02,17.579999923706055,17.84000015258789,17.459999084472656,17.68000030517578,8.365427017211914,1749500
2005-05-03,17.719999313354492,17.959999084472656,17.549999237060547,17.6200008392334,8.337034225463867,2827100
2005-05-04,17.540000915527344,17.719999313354492,17.290000915527344,17.450000762939453,8.294256210327148,4505000
2005-05-05,17.469999313354492,17.549999237060547,16.979999542236328,17.1299991607666,8.142157554626465,3945800
2005-05-06,17.350000381469727,18.06999969482422,17.280000686645508,18.059999465942383,8.584198951721191,3939900
2005-05-09,18.0,18.139999389648438,17.920000076293945,18.040000915527344,8.574694633483887,1805000
2005-05-10,18.0,18.030000686645508,17.59000015258789,17.809999465942383,8.46536922454834,1339400
2005-05-11,17.809999465942383,17.969999313354492,17.600000381469727,17.860000610351562,8.489139556884766,1173600
2005-05-12,17.799999237060547,18.18000030517578,17.559999465942383,17.649999618530273,8.389322280883789,1917500
2005-05-13,17.799999237060547,18.520000457763672,17.799999237060547,18.489999771118164,8.788585662841797,5552000
2005-05-16,18.479999542236328,19.209999084472656,18.440000534057617,19.18000030517578,9.116554260253906,4851600
2005-05-17,19.0,19.75,18.950000762939453,19.420000076293945,9.23062801361084,5969900
2005-05-18,19.600000381469727,20.260000228881836,19.600000381469727,20.18000030517578,9.59187126159668,9117500
2005-05-19,20.399999618530273,20.479999542236328,20.040000915527344,20.270000457763672,9.634653091430664,4357800
2005-05-20,20.270000457763672,20.329999923706055,19.899999618530273,20.15999984741211,9.582366943359375,2832900
2005-05-23,20.299999237060547,20.600000381469727,20.270000457763672,20.540000915527344,9.762982368469238,2763300
2005-05-24,20.5,20.920000076293945,20.399999618530273,20.809999465942383,9.891318321228027,2669000
2005-05-25,20.950000762939453,21.149999618530273,20.540000915527344,21.059999465942383,10.01014518737793,3783800
2005-05-26,21.059999465942383,21.209999084472656,20.770000457763672,21.0,9.981629371643066,2833100
2005-05-27,20.940000534057617,21.1299991607666,20.850000381469727,20.950000762939453,9.95786190032959,2387500
2005-05-31,20.979999542236328,21.25,20.690000534057617,21.219999313354492,10.086196899414062,4454900
2005-06-01,21.049999237060547,21.290000915527344,20.93000030517578,21.049999237060547,10.00539493560791,3569900
2005-06-02,21.040000915527344,21.350000381469727,21.0,21.299999237060547,10.124222755432129,2571300
2005-06-03,21.200000762939453,21.200000762939453,20.530000686645508,20.6200008392334,9.80101203918457,2796400
2005-06-06,20.600000381469727,20.8799991607666,20.540000915527344,20.799999237060547,9.88656997680664,1348800
2005-06-07,21.299999237060547,21.5,20.8700008392334,21.170000076293945,10.0624361038208,2738200
2005-06-08,21.020000457763672,21.020000457763672,20.170000076293945,20.8799991607666,9.924590110778809,4976600
2005-06-09,20.950000762939453,21.329999923706055,20.34000015258789,20.420000076293945,9.70594596862793,5443000
2005-06-10,20.479999542236328,20.700000762939453,19.809999465942383,20.420000076293945,9.70594596862793,4524400
2005-06-13,20.299999237060547,20.790000915527344,20.299999237060547,20.530000686645508,9.758232116699219,3218300
2005-06-14,20.43000030517578,20.489999771118164,19.700000762939453,20.139999389648438,9.572855949401855,5676500
2005-06-15,20.100000381469727,20.200000762939453,19.75,19.959999084472656,9.487298965454102,2568200
2005-06-16,20.09000015258789,20.700000762939453,20.0,20.290000915527344,9.64415454864502,2956900
2005-06-17,19.670000076293945,19.850000381469727,18.600000381469727,19.0,9.030997276306152,13605400
2005-06-20,19.149999618530273,19.899999618530273,18.899999618530273,19.579999923706055,9.306680679321289,6386500
2005-06-21,19.5,19.700000762939453,19.350000381469727,19.520000457763672,9.278162002563477,3600400
2005-06-22,19.649999618530273,19.670000076293945,19.030000686645508,19.43000030517578,9.235382080078125,2460200
2005-06-23,19.5,19.540000915527344,18.600000381469727,18.899999618530273,8.983465194702148,6464400
2005-06-24,19.0,19.0,18.25,18.360000610351562,8.726797103881836,5087500
2005-06-27,18.43000030517578,18.43000030517578,17.899999618530273,18.100000381469727,8.603214263916016,3412500
2005-06-28,17.25,17.729999542236328,17.040000915527344,17.450000762939453,8.294256210327148,7600100
2005-06-29,18.09000015258789,18.389999389648438,17.350000381469727,17.469999313354492,8.303765296936035,3788900
2005-06-30,17.479999542236328,17.56999969482422,17.200000762939453,17.549999237060547,8.341788291931152,3529700
2005-07-01,17.559999465942383,17.75,17.31999969482422,17.350000381469727,8.246726036071777,1560500
2005-07-05,17.299999237060547,17.68000030517578,17.239999771118164,17.440000534057617,8.289505958557129,3318500
2005-07-06,17.56999969482422,18.209999084472656,17.549999237060547,17.90999984741211,8.512903213500977,4771300
2005-07-07,17.90999984741211,18.15999984741211,17.690000534057617,17.790000915527344,8.455864906311035,3303400
2005-07-08,18.0,18.450000762939453,17.899999618530273,18.239999771118164,8.669756889343262,3031300
2005-07-11,18.700000762939453,19.100000381469727,18.350000381469727,19.09000015258789,9.07377815246582,5951000
2005-07-12,19.09000015258789,19.100000381469727,18.5,18.860000610351562,8.964456558227539,4080700
2005-07-13,19.5,19.6299991607666,19.25,19.530000686645508,9.282915115356445,6603100
2005-07-14,20.0,20.079999923706055,19.149999618530273,19.219999313354492,9.135567665100098,5502100
2005-07-15,19.100000381469727,19.43000030517578,18.549999237060547,19.139999389648438,9.097541809082031,5596700
2005-07-18,19.18000030517578,19.40999984741211,19.0,19.0,9.030997276306152,3250100
2005-07-19,19.25,19.75,19.110000610351562,19.450000762939453,9.244887351989746,6299800
2005-07-20,18.399999618530273,19.139999389648438,18.0,19.06999969482422,9.064270973205566,11945200
2005-07-21,18.93000030517578,18.989999771118164,18.31999969482422,18.31999969482422,8.707785606384277,4891000
2005-07-22,18.200000762939453,18.559999465942383,18.149999618530273,18.309999465942383,8.703030586242676,2500300
2005-07-25,18.600000381469727,18.68000030517578,18.34000015258789,18.520000457763672,8.802847862243652,2447400
2005-07-26,18.520000457763672,18.739999771118164,18.260000228881836,18.739999771118164,8.9074125289917,2547200
2005-07-27,18.729999542236328,18.75,18.260000228881836,18.68000030517578,8.87889575958252,2267000
2005-07-28,19.0,19.43000030517578,18.799999237060547,19.350000381469727,9.197360038757324,4404500
2005-07-29,19.350000381469727,19.420000076293945,19.049999237060547,19.3700008392334,9.206862449645996,3373100
2005-08-01,19.3700008392334,19.3700008392334,18.979999542236328,19.079999923706055,9.069026947021484,2633000
2005-08-02,19.079999923706055,19.1299991607666,18.739999771118164,18.920000076293945,8.992974281311035,4552300
2005-08-03,18.68000030517578,18.969999313354492,18.540000915527344,18.670000076293945,8.91182804107666,5692700
2005-08-04,18.65999984741211,18.899999618530273,18.639999389648438,18.84000015258789,8.992976188659668,4485600
2005-08-05,18.920000076293945,19.030000686645508,18.75,18.850000381469727,8.997749328613281,4353100
2005-08-08,19.049999237060547,19.059999465942383,18.670000076293945,18.799999237060547,8.973875999450684,2360200
2005-08-09,18.950000762939453,18.959999084472656,18.670000076293945,18.739999771118164,8.945237159729004,3376000
2005-08-10,18.850000381469727,18.899999618530273,18.639999389648438,18.639999389648438,8.897509574890137,3051200
2005-08-11,18.6299991607666,18.850000381469727,18.459999084472656,18.799999237060547,8.973875999450684,4795200
2005-08-12,18.809999465942383,18.809999465942383,18.010000228881836,18.219999313354492,8.697027206420898,4977900
2005-08-15,18.299999237060547,18.469999313354492,18.25,18.450000762939453,8.80681037902832,2691900
2005-08-16,18.420000076293945,18.43000030517578,17.969999313354492,18.040000915527344,8.611102104187012,2919400
2005-08-17,18.149999618530273,18.59000015258789,18.149999618530273,18.479999542236328,8.821131706237793,4211400
2005-08-18,18.479999542236328,18.56999969482422,18.0,18.079999923706055,8.630196571350098,3809400
2005-08-19,18.139999389648438,18.459999084472656,18.139999389648438,18.420000076293945,8.792492866516113,3060400
2005-08-22,18.59000015258789,18.639999389648438,18.290000915527344,18.350000381469727,8.759078979492188,2821100
2005-08-23,18.5,18.520000457763672,18.270000457763672,18.34000015258789,8.754307746887207,2686500
2005-08-24,18.34000015258789,18.700000762939453,18.239999771118164,18.25,8.711344718933105,4094600
2005-08-25,18.420000076293945,18.489999771118164,18.149999618530273,18.149999618530273,8.663610458374023,2011700
2005-08-26,17.600000381469727,17.610000610351562,17.1299991607666,17.270000457763672,8.243560791015625,10158700
2005-08-29,17.270000457763672,17.549999237060547,17.209999084472656,17.469999313354492,8.33902645111084,3206400
2005-08-30,16.829999923706055,17.1299991607666,16.329999923706055,16.520000457763672,7.885558605194092,12490300
2005-08-31,16.520000457763672,16.799999237060547,16.459999084472656,16.59000015258789,7.91897439956665,7693000
2005-09-01,16.59000015258789,16.6299991607666,15.819999694824219,16.049999237060547,7.66121244430542,11456300
2005-09-02,16.049999237060547,16.40999984741211,15.949999809265137,15.960000038146973,7.618250370025635,5490400
2005-09-06,15.960000038146973,16.010000228881836,15.699999809265137,15.75,7.518013000488281,4114300
2005-09-07,15.770000457763672,16.75,15.770000457763672,16.56999969482422,7.909425258636475,9923800
2005-09-08,16.399999618530273,16.5,16.200000762939453,16.360000610351562,7.809185981750488,6250200
2005-09-09,16.350000381469727,16.3700008392334,16.100000381469727,16.170000076293945,7.718489170074463,4257900
2005-09-12,16.18000030517578,16.270000457763672,16.010000228881836,16.219999313354492,7.742359161376953,5506200
2005-09-13,16.209999084472656,16.34000015258789,16.030000686645508,16.219999313354492,7.742359161376953,4905000
2005-09-14,16.200000762939453,16.209999084472656,15.350000381469727,15.430000305175781,7.365264892578125,7266300
2005-09-15,15.329999923706055,15.600000381469727,15.0,15.039999961853027,7.179103374481201,7498800
2005-09-16,15.100000381469727,15.1899995803833,14.979999542236328,15.029999732971191,7.174332618713379,9107400
2005-09-19,15.050000190734863,15.100000381469727,14.8100004196167,15.010000228881836,7.164783477783203,8610800
2005-09-20,15.010000228881836,15.170000076293945,14.84000015258789,15.039999961853027,7.179103374481201,6867500
2005-09-21,15.050000190734863,15.149999618530273,14.609999656677246,14.670000076293945,7.002488613128662,5943300
2005-09-22,14.5,15.09000015258789,14.5,14.989999771118164,7.155238151550293,6279700
2005-09-23,14.989999771118164,15.210000038146973,14.779999732971191,15.130000114440918,7.2220635414123535,3151700
2005-09-26,15.100000381469727,15.239999771118164,14.890000343322754,15.100000381469727,7.207744121551514,3033100
2005-09-27,15.069999694824219,15.149999618530273,14.899999618530273,14.899999618530273,7.112277030944824,3468100
2005-09-28,14.90999984741211,15.25,14.90999984741211,15.119999885559082,7.217291355133057,2957500
2005-09-29,15.350000381469727,15.65999984741211,15.149999618530273,15.579999923706055,7.436863899230957,4265600
2005-09-30,15.579999923706055,15.979999542236328,15.5,15.850000381469727,7.565743923187256,5377800
2005-10-03,16.0,16.510000228881836,15.850000381469727,16.170000076293945,7.718489170074463,6668700
2005-10-04,16.200000762939453,16.43000030517578,15.859999656677246,15.880000114440918,7.58006477355957,5096600
2005-10-05,16.200000762939453,16.200000762939453,15.649999618530273,15.859999656677246,7.570516109466553,3851500
2005-10-06,15.859999656677246,16.020000457763672,15.420000076293945,15.720000267028809,7.503689289093018,3917500
2005-10-07,15.789999961853027,15.949999809265137,15.729999542236328,15.789999961853027,7.537102699279785,2456400
2005-10-10,15.789999961853027,16.219999313354492,15.760000228881836,15.8100004196167,7.546648979187012,4633400
2005-10-11,15.9399995803833,15.949999809265137,15.489999771118164,15.670000076293945,7.479824066162109,3783200
2005-10-12,15.449999809265137,15.569999694824219,15.010000228881836,15.470000267028809,7.384356498718262,4537800
2005-10-13,15.289999961853027,15.289999961853027,14.489999771118164,14.989999771118164,7.155238151550293,6357200
2005-10-14,15.100000381469727,15.380000114440918,15.020000457763672,15.239999771118164,7.274569988250732,6199600
2005-10-17,15.399999618530273,15.890000343322754,15.399999618530273,15.670000076293945,7.479824066162109,5026300
2005-10-18,15.699999809265137,15.899999618530273,15.050000190734863,15.050000190734863,7.183877944946289,7548200
2005-10-19,14.800000190734863,14.859999656677246,14.350000381469727,14.699999809265137,7.016810417175293,14988900
2005-10-20,14.729999542236328,15.0600004196167,14.25,14.300000190734863,6.825877666473389,7909500
2005-10-21,14.300000190734863,14.420000076293945,14.140000343322754,14.270000457763672,6.811557769775391,4950000
2005-10-24,14.279999732971191,14.510000228881836,14.239999771118164,14.279999732971191,6.816328525543213,3984900
2005-10-25,14.380000114440918,14.520000457763672,14.260000228881836,14.479999542236328,6.911797046661377,3119700
2005-10-26,14.449999809265137,14.470000267028809,14.149999618530273,14.180000305175781,6.768599033355713,3220300
2005-10-27,14.09000015258789,14.100000381469727,13.819999694824219,13.960000038146973,6.663583278656006,6888700
2005-10-28,13.949999809265137,14.199999809265137,13.949999809265137,14.100000381469727,6.730409622192383,4829400
2005-10-31,14.100000381469727,14.5,13.970000267028809,14.489999771118164,6.91657018661499,5905600
2005-11-01,14.479999542236328,14.699999809265137,14.380000114440918,14.619999885559082,6.978623390197754,3440100
2005-11-02,14.800000190734863,15.069999694824219,14.539999961853027,15.010000228881836,7.20420503616333,4024900
2005-11-03,15.010000228881836,15.6899995803833,15.010000228881836,15.600000381469727,7.487382888793945,5885500
2005-11-04,15.600000381469727,15.640000343322754,15.329999923706055,15.569999694824219,7.472982883453369,2174800
2005-11-07,15.569999694824219,15.699999809265137,15.430000305175781,15.670000076293945,7.5209808349609375,3250000
2005-11-08,15.630000114440918,15.789999961853027,15.399999618530273,15.4399995803833,7.410587310791016,2570000
2005-11-09,15.460000038146973,15.720000267028809,15.420000076293945,15.640000343322754,7.506581783294678,2575100
2005-11-10,15.569999694824219,15.600000381469727,15.430000305175781,15.529999732971191,7.453781604766846,2442900
2005-11-11,15.550000190734863,16.170000076293945,15.550000190734863,15.920000076293945,7.640969276428223,3956800
2005-11-14,15.920000076293945,15.920000076293945,15.550000190734863,15.630000114440918,7.501779079437256,2937000
2005-11-15,15.640000343322754,15.850000381469727,15.5600004196167,15.729999542236328,7.549777507781982,2127800
2005-11-16,15.789999961853027,16.239999771118164,15.65999984741211,16.190000534057617,7.770556449890137,5092000
2005-11-17,16.190000534057617,17.15999984741211,16.190000534057617,16.860000610351562,8.092131614685059,5513900
2005-11-18,17.0,17.09000015258789,16.8799991607666,16.979999542236328,8.149727821350098,3268200
2005-11-21,16.90999984741211,17.100000381469727,16.899999618530273,17.030000686645508,8.173725128173828,3009900
2005-11-22,16.93000030517578,17.93000030517578,16.850000381469727,17.93000030517578,8.605687141418457,5005900
2005-11-23,17.829999923706055,17.979999542236328,17.6299991607666,17.959999084472656,8.620088577270508,3109100
2005-11-25,17.989999771118164,17.989999771118164,17.809999465942383,17.850000381469727,8.567289352416992,986000
2005-11-28,17.81999969482422,17.8799991607666,17.5,17.610000610351562,8.452103614807129,1822100
2005-11-29,18.0,18.510000228881836,18.0,18.510000228881836,8.884072303771973,9043200
2005-11-30,18.399999618530273,18.93000030517578,18.309999465942383,18.920000076293945,9.08084774017334,5538600
2005-12-01,19.0,19.950000762939453,18.700000762939453,19.010000228881836,9.12404727935791,9916900
2005-12-02,18.5,18.75,18.3799991607666,18.549999237060547,8.903263092041016,6451700
2005-12-05,19.010000228881836,19.09000015258789,18.809999465942383,18.989999771118164,9.114447593688965,8172100
2005-12-06,19.190000534057617,19.329999923706055,19.049999237060547,19.049999237060547,9.143240928649902,3521500
2005-12-07,18.899999618530273,19.0,18.719999313354492,18.899999618530273,9.07125186920166,5269900
2005-12-08,18.90999984741211,19.15999984741211,18.81999969482422,19.010000228881836,9.12404727935791,5445600
2005-12-09,19.1200008392334,19.399999618530273,19.0,19.209999084472656,9.220038414001465,9617500
2005-12-12,19.350000381469727,19.489999771118164,19.219999313354492,19.459999084472656,9.340027809143066,2260600
2005-12-13,19.399999618530273,19.459999084472656,19.1299991607666,19.200000762939453,9.215237617492676,3530400
2005-12-14,19.219999313354492,19.329999923706055,19.1299991607666,19.329999923706055,9.277632713317871,3198000
2005-12-15,19.40999984741211,19.5,19.139999389648438,19.40999984741211,9.316028594970703,2925400
2005-12-16,19.43000030517578,19.68000030517578,19.209999084472656,19.59000015258789,9.402424812316895,3608200
2005-12-19,19.59000015258789,19.639999389648438,19.360000610351562,19.559999465942383,9.388020515441895,2524000
2005-12-20,19.5,19.65999984741211,19.40999984741211,19.600000381469727,9.407225608825684,2644000
2005-12-21,19.06999969482422,20.299999237060547,19.010000228881836,20.229999542236328,9.709596633911133,35742800
2005-12-22,20.450000762939453,20.510000228881836,20.079999923706055,20.360000610351562,9.771992683410645,13423400
2005-12-23,20.360000610351562,20.540000915527344,20.290000915527344,20.329999923706055,9.757594108581543,4079000
2005-12-27,20.420000076293945,20.420000076293945,20.0,20.020000457763672,9.608804702758789,2942700
2005-12-28,20.100000381469727,20.18000030517578,19.579999923706055,19.68000030517578,9.445618629455566,3735900
2005-12-29,19.719999313354492,19.860000610351562,19.600000381469727,19.739999771118164,9.474419593811035,3123200
2005-12-30,19.770000457763672,20.079999923706055,19.549999237060547,19.989999771118164,9.594409942626953,2693300
2006-01-03,20.100000381469727,20.1299991607666,19.690000534057617,20.06999969482422,9.632801055908203,8194000
2006-01-04,20.239999771118164,21.1200008392334,20.200000762939453,21.040000915527344,10.098362922668457,12653000
2006-01-05,21.010000228881836,21.1200008392334,20.850000381469727,20.850000381469727,10.007169723510742,9026600
2006-01-06,21.079999923706055,21.450000762939453,20.8799991607666,21.389999389648438,10.266350746154785,9870500
2006-01-09,21.520000457763672,22.350000381469727,21.450000762939453,22.290000915527344,10.698314666748047,9621700
2006-01-10,22.290000915527344,23.3700008392334,22.100000381469727,23.31999969482422,11.19267463684082,13427100
2006-01-11,23.229999542236328,23.530000686645508,22.8700008392334,23.18000030517578,11.125479698181152,7482500
2006-01-12,22.950000762939453,23.420000076293945,22.90999984741211,23.0,11.039088249206543,5149000
2006-01-13,23.75,24.34000015258789,23.43000030517578,24.229999542236328,11.629440307617188,10311700
2006-01-17,24.239999771118164,24.260000228881836,23.920000076293945,24.1299991607666,11.581438064575195,7569000
2006-01-18,24.0,24.920000076293945,23.6200008392334,24.600000381469727,11.807028770446777,11934400
2006-01-19,26.25,26.719999313354492,25.549999237060547,25.59000015258789,12.282183647155762,23340200
2006-01-20,25.799999237060547,26.0,24.90999984741211,25.0,11.99901294708252,10017300
2006-01-23,25.09000015258789,25.90999984741211,24.93000030517578,25.56999969482422,12.272586822509766,7284400
2006-01-24,25.950000762939453,26.469999313354492,25.950000762939453,26.389999389648438,12.666152954101562,8623800
2006-01-25,25.989999771118164,26.049999237060547,25.299999237060547,25.6299991607666,12.301376342773438,9562500
2006-01-26,26.06999969482422,26.549999237060547,25.709999084472656,26.200000762939453,12.574959754943848,7092200
2006-01-27,26.549999237060547,26.739999771118164,25.899999618530273,26.1200008392334,12.536567687988281,5896600
2006-01-30,26.149999618530273,26.229999542236328,25.520000457763672,25.65999984741211,12.315784454345703,5581800
2006-01-31,25.600000381469727,26.219999313354492,25.5,26.079999923706055,12.517366409301758,7977900
2006-02-01,25.649999618530273,26.1299991607666,25.639999389648438,26.020000457763672,12.526993751525879,4343200
2006-02-02,25.899999618530273,25.90999984741211,25.5,25.6299991607666,12.339229583740234,3766800
2006-02-03,25.6299991607666,25.81999969482422,25.209999084472656,25.510000228881836,12.281466484069824,3853600
2006-02-06,25.56999969482422,25.780000686645508,24.600000381469727,24.950000762939453,12.011859893798828,4932700
2006-02-07,25.0,25.059999465942383,24.229999542236328,24.350000381469727,11.72299575805664,6219600
2006-02-08,24.700000762939453,24.959999084472656,24.600000381469727,24.889999389648438,11.9829683303833,4647100
2006-02-09,25.149999618530273,25.649999618530273,25.040000915527344,25.059999465942383,12.0648193359375,5370700
2006-02-10,25.059999465942383,25.170000076293945,24.520000457763672,25.170000076293945,12.117776870727539,3880500
2006-02-13,25.170000076293945,26.149999618530273,25.06999969482422,25.959999084472656,12.49810791015625,6892200
2006-02-14,26.049999237060547,26.399999618530273,25.989999771118164,26.040000915527344,12.536624908447266,9410400
2006-02-15,26.450000762939453,26.90999984741211,26.100000381469727,26.5,12.758084297180176,16248900
2006-02-16,26.56999969482422,26.979999542236328,26.5,26.799999237060547,12.902517318725586,6444700
2006-02-17,26.799999237060547,27.399999618530273,26.709999084472656,27.290000915527344,13.138422966003418,6619100
2006-02-21,27.450000762939453,27.459999084472656,27.0,27.200000762939453,13.095091819763184,4725500
2006-02-22,27.100000381469727,27.200000762939453,26.290000915527344,26.40999984741211,12.714755058288574,6432200
2006-02-23,26.15999984741211,26.780000686645508,25.209999084472656,25.389999389648438,12.223687171936035,7259300
2006-02-24,25.450000762939453,25.8700008392334,25.399999618530273,25.549999237060547,12.300719261169434,6911300
2006-02-27,25.75,26.59000015258789,25.75,26.0,12.517370223999023,3656500
2006-02-28,26.15999984741211,26.84000015258789,26.09000015258789,26.56999969482422,12.791784286499023,6227200
2006-03-01,26.719999313354492,27.299999237060547,26.360000610351562,27.25,13.119163513183594,4916600
2006-03-02,27.290000915527344,27.739999771118164,27.0,27.700000762939453,13.335808753967285,5289300
2006-03-03,27.600000381469727,28.110000610351562,27.459999084472656,28.079999923706055,13.51875114440918,7448100
2006-03-06,28.079999923706055,28.100000381469727,27.25,27.520000457763672,13.2491455078125,6549000
2006-03-07,27.049999237060547,27.049999237060547,25.540000915527344,26.149999618530273,12.589580535888672,14855800
2006-03-08,25.899999618530273,25.979999542236328,24.649999618530273,24.860000610351562,11.968528747558594,13960900
2006-03-09,25.200000762939453,25.520000457763672,24.5,24.5,11.795209884643555,12248200
2006-03-10,24.559999465942383,24.700000762939453,23.489999771118164,24.280000686645508,11.689295768737793,11674800
2006-03-13,24.350000381469727,24.93000030517578,23.290000915527344,23.920000076293945,11.515973091125488,9938800
2006-03-14,23.920000076293945,24.8700008392334,23.700000762939453,24.700000762939453,11.891497611999512,6503000
2006-03-15,25.18000030517578,25.549999237060547,25.049999237060547,25.459999084472656,12.257390975952148,7958600
2006-03-16,25.75,25.75,24.639999389648438,24.65999984741211,11.87224292755127,4624800
2006-03-17,24.639999389648438,25.0,24.030000686645508,24.729999542236328,11.9059419631958,7693400
2006-03-20,24.729999542236328,25.219999313354492,24.719999313354492,25.0,12.035929679870605,4904300
2006-03-21,25.010000228881836,25.489999771118164,24.75,24.940000534057617,12.007040977478027,5417400
2006-03-22,24.5,24.5,23.700000762939453,24.010000228881836,11.559308052062988,11559700
2006-03-23,24.450000762939453,24.5,23.899999618530273,24.219999313354492,11.660407066345215,5696000
2006-03-24,24.260000228881836,24.479999542236328,24.200000762939453,24.469999313354492,11.780766487121582,3435100
2006-03-27,24.549999237060547,24.610000610351562,24.049999237060547,24.139999389648438,11.621891021728516,4367100
2006-03-28,24.100000381469727,24.489999771118164,23.989999771118164,24.079999923706055,11.59300708770752,4898200
2006-03-29,24.280000686645508,25.690000534057617,24.270000457763672,25.489999771118164,12.271830558776855,7525200
2006-03-30,25.549999237060547,26.479999542236328,25.43000030517578,26.329999923706055,12.676239013671875,7953400
2006-03-31,26.5,26.899999618530273,26.110000610351562,26.329999923706055,12.676239013671875,6576700
2006-04-03,26.329999923706055,26.600000381469727,26.0,26.219999313354492,12.62328052520752,4206000
2006-04-04,26.8799991607666,27.739999771118164,26.8799991607666,27.690000534057617,13.3309965133667,16068000
2006-04-05,27.149999618530273,27.6200008392334,26.709999084472656,27.25,13.119163513183594,14192500
2006-04-06,27.25,27.360000610351562,26.780000686645508,27.1200008392334,13.056573867797852,4833900
2006-04-07,27.299999237060547,27.479999542236328,26.8799991607666,27.200000762939453,13.095091819763184,4581400
2006-04-10,27.0,27.170000076293945,26.18000030517578,26.450000762939453,12.734012603759766,4191900
2006-04-11,26.299999237060547,26.450000762939453,25.90999984741211,26.399999618530273,12.709939002990723,4053100
2006-04-12,26.450000762939453,27.209999084472656,26.399999618530273,26.690000534057617,12.849554061889648,5912200
2006-04-13,26.700000762939453,26.700000762939453,25.950000762939453,26.200000762939453,12.613654136657715,5230000
2006-04-17,26.260000228881836,26.899999618530273,26.25,26.850000381469727,12.926592826843262,4491800
2006-04-18,26.950000762939453,27.68000030517578,26.950000762939453,27.520000457763672,13.2491455078125,8368400
2006-04-19,25.899999618530273,26.049999237060547,25.239999771118164,25.75,12.39700984954834,20167000
2006-04-20,25.520000457763672,25.899999618530273,25.1200008392334,25.399999618530273,12.228506088256836,7328900
2006-04-21,25.299999237060547,25.510000228881836,24.799999237060547,25.100000381469727,12.084066390991211,7372300
2006-04-24,24.950000762939453,24.979999542236328,24.770000457763672,24.969999313354492,12.021486282348633,4457300
2006-04-25,24.989999771118164,25.5,24.829999923706055,25.329999923706055,12.194801330566406,4077900
2006-04-26,25.43000030517578,25.479999542236328,24.799999237060547,24.8799991607666,11.978151321411133,2783500
2006-04-27,24.8799991607666,26.34000015258789,24.6200008392334,25.969999313354492,12.502922058105469,6324100
2006-04-28,26.389999389648438,27.100000381469727,26.149999618530273,26.559999465942383,12.786974906921387,5882400
2006-05-01,26.559999465942383,26.899999618530273,26.209999084472656,26.700000762939453,12.8543701171875,5439200
2006-05-02,26.920000076293945,26.950000762939453,26.399999618530273,26.75,12.878445625305176,3619800
2006-05-03,26.959999084472656,27.25,26.100000381469727,26.5,12.796354293823242,5737000
2006-05-04,26.5,26.65999984741211,26.239999771118164,26.329999923706055,12.714262962341309,4291400
2006-05-05,26.5,26.6299991607666,26.360000610351562,26.479999542236328,12.786690711975098,2872400
2006-05-08,26.399999618530273,26.739999771118164,26.270000457763672,26.600000381469727,12.84464168548584,3683500
2006-05-09,26.729999542236328,26.75,26.209999084472656,26.479999542236328,12.786690711975098,3027500
2006-05-10,26.010000228881836,26.479999542236328,25.719999313354492,25.729999542236328,12.424539566040039,5386100
2006-05-11,25.719999313354492,25.729999542236328,24.360000610351562,24.600000381469727,11.87888240814209,8219600
2006-05-12,24.299999237060547,24.610000610351562,23.719999313354492,24.09000015258789,11.632615089416504,8487600
2006-05-15,24.09000015258789,24.56999969482422,23.68000030517578,23.799999237060547,11.492575645446777,5350200
2006-05-16,23.799999237060547,23.799999237060547,23.110000610351562,23.25,11.226988792419434,7129800
2006-05-17,23.25,23.670000076293945,22.6200008392334,23.579999923706055,11.386340141296387,6506000
2006-05-18,23.649999618530273,24.510000228881836,23.649999618530273,24.059999465942383,11.61812686920166,6931400
2006-05-19,24.06999969482422,25.360000610351562,24.030000686645508,24.950000762939453,12.047890663146973,10821500
2006-05-22,24.950000762939453,25.149999618530273,24.170000076293945,24.90999984741211,12.028573989868164,8784000
2006-05-23,25.479999542236328,26.030000686645508,23.639999389648438,23.68000030517578,11.434629440307617,14500000
2006-05-24,23.75,23.809999465942383,22.510000228881836,23.25,11.226988792419434,10811400
2006-05-25,23.25,24.059999465942383,23.25,23.920000076293945,11.550517082214355,7534500
2006-05-26,24.170000076293945,24.360000610351562,23.799999237060547,24.209999084472656,11.690558433532715,4408200
2006-05-30,24.079999923706055,24.09000015258789,23.399999618530273,23.510000228881836,11.35254192352295,10466700
2006-05-31,23.5,23.600000381469727,23.049999237060547,23.350000381469727,11.275279998779297,15905100
2006-06-01,23.549999237060547,24.010000228881836,23.100000381469727,23.950000762939453,11.565009117126465,7183200
2006-06-02,24.049999237060547,24.450000762939453,23.75,24.1200008392334,11.64709758758545,7480000
2006-06-05,24.1200008392334,24.1200008392334,22.940000534057617,23.0,11.10627269744873,8988100
2006-06-06,23.049999237060547,23.25,22.280000686645508,22.719999313354492,10.971064567565918,5400400
2006-06-07,22.739999771118164,22.889999389648438,21.93000030517578,22.3799991607666,10.806879043579102,15621600
2006-06-08,22.100000381469727,23.219999313354492,21.510000228881836,23.059999465942383,11.13524341583252,12950400
2006-06-09,23.149999618530273,23.760000228881836,22.149999618530273,23.110000610351562,11.159387588500977,8744800
2006-06-12,23.110000610351562,23.280000686645508,22.059999465942383,22.239999771118164,10.739280700683594,5233200
2006-06-13,22.0,22.149999618530273,21.06999969482422,21.06999969482422,10.174304962158203,11035800
2006-06-14,21.149999618530273,21.510000228881836,21.030000686645508,21.139999389648438,10.208109855651855,5405400
2006-06-15,21.450000762939453,22.5,21.450000762939453,22.219999313354492,10.729618072509766,6025700
2006-06-16,22.299999237060547,22.469999313354492,21.719999313354492,21.780000686645508,10.517154693603516,4922900
2006-06-19,22.049999237060547,22.149999618530273,21.450000762939453,21.6200008392334,10.439892768859863,3652100
2006-06-20,21.450000762939453,21.610000610351562,21.030000686645508,21.09000015258789,10.183966636657715,5064900
2006-06-21,21.09000015258789,21.700000762939453,21.0,21.280000686645508,10.275714874267578,7391000
2006-06-22,21.350000381469727,21.420000076293945,21.049999237060547,21.09000015258789,10.183966636657715,3111600
2006-06-23,21.1200008392334,21.420000076293945,20.940000534057617,20.989999771118164,10.135679244995117,5586800
2006-06-26,21.149999618530273,21.399999618530273,21.049999237060547,21.290000915527344,10.280539512634277,3277800
2006-06-27,21.260000228881836,21.43000030517578,20.940000534057617,21.079999923706055,10.179136276245117,3858000
2006-06-28,21.09000015258789,21.5,20.979999542236328,21.270000457763672,10.270886421203613,4237100
2006-06-29,21.549999237060547,22.209999084472656,21.31999969482422,22.09000015258789,10.666842460632324,5337100
2006-06-30,22.5,23.049999237060547,22.459999084472656,22.639999389648438,10.932427406311035,4946200
2006-07-03,22.690000534057617,23.06999969482422,22.469999313354492,22.530000686645508,10.879316329956055,1811500
2006-07-05,22.530000686645508,22.809999465942383,22.0,22.75,10.98554801940918,3999900
2006-07-06,22.649999618530273,23.1200008392334,22.639999389648438,22.979999542236328,11.096607208251953,4703000
2006-07-07,22.979999542236328,22.979999542236328,22.399999618530273,22.579999923706055,10.903459548950195,3234800
2006-07-10,22.799999237060547,22.81999969482422,21.84000015258789,21.969999313354492,10.608901977539062,4318300
2006-07-11,22.0,22.940000534057617,22.0,22.799999237060547,11.009693145751953,5204700
2006-07-12,22.899999618530273,23.190000534057617,22.6200008392334,22.780000686645508,11.00003433227539,5624400
2006-07-13,22.459999084472656,23.469999313354492,22.280000686645508,22.450000762939453,10.840686798095703,5751300
2006-07-14,22.700000762939453,22.75,22.299999237060547,22.43000030517578,10.831027030944824,4830100
2006-07-17,22.5,23.200000762939453,22.5,22.899999618530273,11.057984352111816,4006000
2006-07-18,23.100000381469727,23.65999984741211,22.860000610351562,23.440000534057617,11.318735122680664,6835700
2006-07-19,23.5,24.799999237060547,23.479999542236328,24.270000457763672,11.719525337219238,7365800
2006-07-20,25.0,25.200000762939453,23.770000457763672,23.940000534057617,11.560176849365234,5949200
2006-07-21,23.690000534057617,23.690000534057617,22.469999313354492,22.790000915527344,11.004862785339355,10545200
2006-07-24,22.899999618530273,23.510000228881836,22.829999923706055,23.510000228881836,11.35254192352295,4705600
2006-07-25,23.510000228881836,23.59000015258789,22.940000534057617,23.190000534057617,11.198019981384277,4411200
2006-07-26,22.899999618530273,23.049999237060547,22.270000457763672,22.84000015258789,11.02900505065918,6820900
2006-07-27,22.84000015258789,22.940000534057617,22.3700008392334,22.649999618530273,10.937261581420898,4521000
2006-07-28,23.0,24.0,23.0,23.440000534057617,11.318735122680664,6166300
2006-07-31,23.25,23.3799991607666,22.8799991607666,23.200000762939453,11.202847480773926,6208200
2006-08-01,22.950000762939453,23.079999923706055,22.450000762939453,22.459999084472656,10.845515251159668,4488900
2006-08-02,22.5,22.860000610351562,22.389999389648438,22.399999618530273,10.816542625427246,6100900
2006-08-03,22.200000762939453,22.459999084472656,22.100000381469727,22.200000762939453,10.719965934753418,6040800
2006-08-04,22.25,22.600000381469727,21.760000228881836,21.760000228881836,10.50749397277832,7517000
2006-08-07,21.770000457763672,21.989999771118164,21.440000534057617,21.450000762939453,10.357802391052246,6313100
2006-08-08,21.520000457763672,21.59000015258789,20.700000762939453,20.700000762939453,9.99564266204834,11980800
2006-08-09,19.200000762939453,20.350000381469727,19.149999618530273,19.950000762939453,9.633480072021484,20232400
2006-08-10,19.899999618530273,20.229999542236328,19.700000762939453,20.170000076293945,9.739713668823242,9490700
2006-08-11,20.010000228881836,20.299999237060547,19.93000030517578,19.950000762939453,9.633480072021484,5041200
2006-08-14,20.200000762939453,20.739999771118164,20.06999969482422,20.31999969482422,9.81214714050293,6488100
2006-08-15,20.549999237060547,20.770000457763672,19.950000762939453,20.75,10.019786834716797,12690700
2006-08-16,20.719999313354492,21.739999771118164,20.719999313354492,21.729999542236328,10.533620834350586,8404400
2006-08-17,21.729999542236328,21.790000915527344,21.15999984741211,21.389999389648438,10.368806838989258,7810100
2006-08-18,21.299999237060547,21.399999618530273,20.90999984741211,21.34000015258789,10.344571113586426,5489000
2006-08-21,21.0,21.270000457763672,20.979999542236328,21.25,10.300942420959473,3945300
2006-08-22,21.280000686645508,21.299999237060547,20.809999465942383,20.920000076293945,10.140973091125488,3735800
2006-08-23,20.920000076293945,21.31999969482422,20.25,20.520000457763672,9.947075843811035,7069700
2006-08-24,20.530000686645508,20.6200008392334,20.1299991607666,20.40999984741211,9.893752098083496,4246900
2006-08-25,20.459999084472656,20.81999969482422,20.209999084472656,20.559999465942383,9.966461181640625,2835300
2006-08-28,20.559999465942383,20.90999984741211,20.540000915527344,20.90999984741211,10.136126518249512,3755500
2006-08-29,21.0,21.170000076293945,20.889999389648438,21.170000076293945,10.262161254882812,5467400
2006-08-30,21.25,22.020000457763672,21.030000686645508,22.0,10.664504051208496,5699900
2006-08-31,21.899999618530273,22.329999923706055,21.829999923706055,22.25,10.785694122314453,5246900
2006-09-01,22.75,22.899999618530273,22.200000762939453,22.59000015258789,10.950508117675781,6618600
2006-09-05,22.5,22.5,21.639999389648438,22.229999542236328,10.7760009765625,9036800
2006-09-06,21.399999618530273,21.399999618530273,20.420000076293945,20.420000076293945,9.898599624633789,9870000
2006-09-07,20.399999618530273,20.469999313354492,19.690000534057617,20.059999465942383,9.724088668823242,8912700
2006-09-08,20.270000457763672,20.440000534057617,19.969999313354492,20.049999237060547,9.71924114227295,5418300
2006-09-11,20.100000381469727,20.489999771118164,20.020000457763672,20.3799991607666,9.879206657409668,3738800
2006-09-12,20.459999084472656,21.0,20.420000076293945,20.920000076293945,10.140973091125488,5639900
2006-09-13,21.020000457763672,21.350000381469727,21.0,21.139999389648438,10.2476167678833,4777800
2006-09-14,21.190000534057617,22.200000762939453,20.75,22.18000030517578,10.751757621765137,7677500
2006-09-15,22.030000686645508,22.399999618530273,21.399999618530273,22.09000015258789,10.7081298828125,11202800
2006-09-18,22.100000381469727,22.8700008392334,21.920000076293945,22.209999084472656,10.766302108764648,9754200
2006-09-19,22.649999618530273,22.799999237060547,22.1200008392334,22.469999313354492,10.892333984375,8099200
2006-09-20,22.719999313354492,23.0,22.670000076293945,22.989999771118164,11.14440631866455,6503200
2006-09-21,22.829999923706055,22.93000030517578,22.5,22.81999969482422,11.062003135681152,7096900
2006-09-22,22.770000457763672,22.790000915527344,22.299999237060547,22.520000457763672,10.91657543182373,5659600
2006-09-25,22.450000762939453,22.670000076293945,22.290000915527344,22.600000381469727,10.955354690551758,5374500
2006-09-26,22.489999771118164,22.639999389648438,22.280000686645508,22.489999771118164,10.902030944824219,6778000
2006-09-27,22.520000457763672,23.459999084472656,22.5,23.049999237060547,11.173490524291992,7917100
2006-09-28,23.25,23.290000915527344,22.739999771118164,23.0,11.149255752563477,5703400
2006-09-29,22.899999618530273,23.440000534057617,22.860000610351562,23.09000015258789,11.192883491516113,5014500
2006-10-02,22.889999389648438,23.200000762939453,22.709999084472656,22.93000030517578,11.115324020385742,5116700
2006-10-03,22.5,23.149999618530273,22.389999389648438,22.81999969482422,11.062003135681152,8359900
2006-10-04,22.729999542236328,22.959999084472656,22.530000686645508,22.809999465942383,11.057151794433594,5173100
2006-10-05,22.559999465942383,22.81999969482422,22.450000762939453,22.649999618530273,10.979592323303223,4715000
2006-10-06,22.530000686645508,22.610000610351562,22.229999542236328,22.3799991607666,10.848705291748047,5012100
2006-10-09,22.3700008392334,22.3700008392334,21.540000915527344,21.65999984741211,10.499687194824219,8849700
2006-10-10,21.68000030517578,21.68000030517578,20.809999465942383,20.959999084472656,10.160365104675293,20633600
2006-10-11,20.959999084472656,21.31999969482422,20.860000610351562,20.93000030517578,10.145821571350098,10030900
2006-10-12,21.399999618530273,21.399999618530273,20.729999542236328,20.90999984741211,10.136126518249512,7189400
2006-10-13,20.90999984741211,21.65999984741211,20.770000457763672,21.649999618530273,10.494842529296875,8097800
2006-10-16,21.700000762939453,22.229999542236328,21.68000030517578,22.0,10.664504051208496,5902200
2006-10-17,21.989999771118164,21.989999771118164,21.540000915527344,21.889999389648438,10.611180305480957,4319700
2006-10-18,21.950000762939453,22.079999923706055,21.200000762939453,21.520000457763672,10.431821823120117,3547100
2006-10-19,21.350000381469727,21.719999313354492,21.15999984741211,21.649999618530273,10.494842529296875,4524400
2006-10-20,21.510000228881836,22.06999969482422,21.510000228881836,22.06999969482422,10.698437690734863,7684700
2006-10-23,22.049999237060547,22.06999969482422,21.040000915527344,21.450000762939453,10.397894859313965,7999000
2006-10-24,21.579999923706055,21.600000381469727,21.020000457763672,21.1299991607666,10.24277114868164,8581400
2006-10-25,21.399999618530273,22.75,21.389999389648438,22.43000030517578,10.872945785522461,16426100
2006-10-26,22.43000030517578,22.989999771118164,22.399999618530273,22.950000762939453,11.125019073486328,6405300
2006-10-27,22.649999618530273,22.709999084472656,21.959999084472656,22.170000076293945,10.74691104888916,7450900
2006-10-30,21.899999618530273,22.700000762939453,21.8700008392334,22.68000030517578,10.994133949279785,5784700
2006-10-31,22.649999618530273,22.920000076293945,22.450000762939453,22.579999923706055,10.945662498474121,3480400
2006-11-01,22.700000762939453,22.75,22.0,22.260000228881836,10.838542938232422,9928500
2006-11-02,22.399999618530273,22.450000762939453,22.09000015258789,22.299999237060547,10.85801887512207,4688000
2006-11-03,22.84000015258789,22.93000030517578,22.5,22.780000686645508,11.091724395751953,7961000
2006-11-06,22.780000686645508,23.209999084472656,22.600000381469727,23.100000381469727,11.247544288635254,6624400
2006-11-07,22.899999618530273,23.139999389648438,22.649999618530273,22.770000457763672,11.086860656738281,8243400
2006-11-08,22.700000762939453,23.18000030517578,22.309999465942383,23.09000015258789,11.24267292022705,9357300
2006-11-09,23.329999923706055,24.0,23.139999389648438,23.639999389648438,11.510465621948242,9317600
2006-11-10,23.399999618530273,23.760000228881836,23.209999084472656,23.450000762939453,11.417963027954102,4568600
2006-11-13,23.25,23.739999771118164,23.0,23.149999618530273,11.271889686584473,4503800
2006-11-14,23.100000381469727,23.799999237060547,22.899999618530273,23.770000457763672,11.573765754699707,7464700
2006-11-15,23.600000381469727,24.829999923706055,23.549999237060547,24.729999542236328,12.041196823120117,10323200
2006-11-16,24.93000030517578,25.510000228881836,24.8700008392334,25.34000015258789,12.338212966918945,13436100
2006-11-17,25.34000015258789,25.360000610351562,25.06999969482422,25.350000381469727,12.343085289001465,5958800
2006-11-20,25.149999618530273,26.049999237060547,24.959999084472656,25.829999923706055,12.57679271697998,9192700
2006-11-21,25.43000030517578,26.020000457763672,25.399999618530273,25.670000076293945,12.49889087677002,5648200
2006-11-22,25.56999969482422,26.3799991607666,25.530000686645508,26.309999465942383,12.810510635375977,5206000
2006-11-24,26.329999923706055,26.700000762939453,26.190000534057617,26.690000534057617,12.995535850524902,1975500
2006-11-27,26.690000534057617,26.690000534057617,25.079999923706055,25.479999542236328,12.406376838684082,9268800
2006-11-28,25.270000457763672,26.0,25.219999313354492,25.829999923706055,12.57679271697998,6732500
2006-11-29,25.979999542236328,26.0,25.559999465942383,25.65999984741211,12.494023323059082,6778900
2006-11-30,25.549999237060547,26.020000457763672,25.299999237060547,25.760000228881836,12.54271125793457,6888700
2006-12-01,25.760000228881836,25.950000762939453,25.450000762939453,25.81999969482422,12.571928977966309,5119700
2006-12-04,25.950000762939453,26.100000381469727,25.65999984741211,26.020000457763672,12.66930866241455,3824600
2006-12-05,26.020000457763672,26.389999389648438,25.809999465942383,26.25,12.78129768371582,3704200
2006-12-06,26.25,26.920000076293945,26.110000610351562,26.3700008392334,12.839729309082031,6412100
2006-12-07,26.3700008392334,26.690000534057617,26.299999237060547,26.360000610351562,12.834859848022461,4605300
2006-12-08,26.399999618530273,26.639999389648438,26.170000076293945,26.399999618530273,12.854329109191895,5129000
2006-12-11,26.260000228881836,26.43000030517578,26.09000015258789,26.170000076293945,12.742341995239258,3455700
2006-12-12,26.0,26.350000381469727,25.469999313354492,25.770000457763672,12.547581672668457,7598600
2006-12-13,25.899999618530273,26.25,25.59000015258789,26.100000381469727,12.70826244354248,4520400
2006-12-14,26.010000228881836,26.5,25.899999618530273,26.350000381469727,12.829988479614258,5479600
2006-12-15,26.479999542236328,26.790000915527344,26.299999237060547,26.729999542236328,13.015012741088867,6054300
2006-12-18,26.700000762939453,26.979999542236328,26.59000015258789,26.700000762939453,13.000405311584473,3269200
2006-12-19,26.600000381469727,26.81999969482422,25.989999771118164,26.81999969482422,13.058829307556152,4365500
2006-12-20,26.81999969482422,27.270000457763672,26.739999771118164,26.899999618530273,13.09778881072998,6978000
2006-12-21,26.770000457763672,27.049999237060547,26.15999984741211,26.34000015258789,12.825119972229004,3976500
2006-12-22,26.25,26.670000076293945,26.1299991607666,26.540000915527344,12.922501564025879,2782300
2006-12-26,26.510000228881836,27.030000686645508,26.510000228881836,26.850000381469727,13.073442459106445,2001200
2006-12-27,26.899999618530273,27.209999084472656,26.770000457763672,26.829999923706055,13.063702583312988,3157600
2006-12-28,26.75,26.889999389648438,26.450000762939453,26.469999313354492,12.88841438293457,4321400
2006-12-29,26.530000686645508,26.729999542236328,26.5,26.5,12.903024673461914,2374000
2007-01-03,25.75,26.209999084472656,25.700000762939453,26.06999969482422,12.693653106689453,6390900
2007-01-04,25.81999969482422,26.479999542236328,25.6299991607666,26.399999618530273,12.854329109191895,5827400
2007-01-05,26.200000762939453,26.25,25.709999084472656,26.010000228881836,12.66443920135498,7942400
2007-01-08,26.040000915527344,26.100000381469727,25.690000534057617,25.860000610351562,12.591403007507324,7234000
2007-01-09,25.979999542236328,26.950000762939453,25.899999618530273,26.68000030517578,12.990666389465332,9921500
2007-01-10,26.68000030517578,27.280000686645508,26.510000228881836,26.809999465942383,13.05396556854248,9854800
2007-01-11,26.600000381469727,27.31999969482422,26.56999969482422,26.809999465942383,13.05396556854248,6449000
2007-01-12,26.75,26.93000030517578,26.6299991607666,26.81999969482422,13.058829307556152,4890400
2007-01-16,26.739999771118164,27.170000076293945,26.739999771118164,26.969999313354492,13.131871223449707,5875500
2007-01-17,27.139999389648438,27.5,26.899999618530273,27.3799991607666,13.331500053405762,6293200
2007-01-18,27.010000228881836,27.020000457763672,26.190000534057617,26.290000915527344,12.800769805908203,9520000
2007-01-19,26.0,26.420000076293945,25.850000381469727,25.950000762939453,12.635224342346191,6398200
2007-01-22,26.059999465942383,26.600000381469727,25.709999084472656,26.479999542236328,12.893287658691406,6028900
2007-01-23,26.489999771118164,26.770000457763672,25.969999313354492,26.18000030517578,12.747215270996094,8228200
2007-01-24,27.420000076293945,28.489999771118164,27.309999465942383,28.350000381469727,13.803801536560059,15901200
2007-01-25,28.3799991607666,28.510000228881836,27.540000915527344,27.709999084472656,13.492182731628418,7679800
2007-01-26,27.06999969482422,27.6200008392334,27.0,27.350000381469727,13.31689167022705,9010900
2007-01-29,27.790000915527344,27.790000915527344,27.170000076293945,27.459999084472656,13.370454788208008,5326200
2007-01-30,27.68000030517578,27.770000457763672,27.389999389648438,27.610000610351562,13.443488121032715,3648800
2007-01-31,27.020000457763672,27.209999084472656,26.8700008392334,27.09000015258789,13.238245010375977,5398700
2007-02-01,27.110000610351562,27.290000915527344,26.649999618530273,26.75,13.072097778320312,5659800
2007-02-02,26.6200008392334,26.8799991607666,26.139999389648438,26.34000015258789,12.871740341186523,8359100
2007-02-05,26.170000076293945,26.719999313354492,25.979999542236328,26.399999618530273,12.9010591506958,5855100
2007-02-06,26.100000381469727,26.25,25.729999542236328,26.079999923706055,12.744680404663086,4629600
2007-02-07,26.1200008392334,26.459999084472656,26.040000915527344,26.34000015258789,12.871740341186523,4933900
2007-02-08,26.299999237060547,26.5,26.139999389648438,26.329999923706055,12.866851806640625,2714200
2007-02-09,26.329999923706055,26.700000762939453,26.040000915527344,26.059999465942383,12.734905242919922,3778800
2007-02-12,25.950000762939453,26.290000915527344,25.850000381469727,26.030000686645508,12.720250129699707,1829400
2007-02-13,26.100000381469727,26.190000534057617,25.690000534057617,26.06999969482422,12.73979377746582,4252900
2007-02-14,26.049999237060547,26.760000228881836,25.639999389648438,26.600000381469727,12.998793601989746,5176200
2007-02-15,26.68000030517578,26.799999237060547,26.469999313354492,26.65999984741211,13.028107643127441,2543700
2007-02-16,26.5,26.770000457763672,26.399999618530273,26.540000915527344,12.969472885131836,5742700
2007-02-20,26.350000381469727,26.940000534057617,25.90999984741211,26.829999923706055,13.111186981201172,4059500
2007-02-21,26.700000762939453,27.139999389648438,26.59000015258789,27.040000915527344,13.213810920715332,4732900
2007-02-22,27.469999313354492,27.790000915527344,27.190000534057617,27.530000686645508,13.453262329101562,9034800
2007-02-23,27.600000381469727,28.139999389648438,27.420000076293945,28.0,13.68294620513916,5895000
2007-02-26,28.0,28.219999313354492,27.780000686645508,28.15999984741211,13.761131286621094,6487200
2007-02-27,27.8799991607666,27.8799991607666,26.399999618530273,26.610000610351562,13.003673553466797,7339000
2007-02-28,26.8799991607666,27.190000534057617,26.25,26.899999618530273,13.145395278930664,7576000
2007-03-01,26.200000762939453,26.90999984741211,25.799999237060547,26.43000030517578,12.915719985961914,7888900
2007-03-02,26.43000030517578,26.43000030517578,24.530000686645508,24.639999389648438,12.040983200073242,15056700
2007-03-05,24.75,25.25,24.6200008392334,24.6299991607666,12.036102294921875,9396800
2007-03-06,25.059999465942383,25.25,24.549999237060547,24.790000915527344,12.114290237426758,7794900
2007-03-07,24.760000228881836,25.110000610351562,24.510000228881836,24.700000762939453,12.070307731628418,4882200
2007-03-08,24.989999771118164,25.1200008392334,24.18000030517578,24.299999237060547,11.874839782714844,6565700
2007-03-09,24.479999542236328,24.5,23.899999618530273,24.260000228881836,11.85529613494873,8848700
2007-03-12,24.079999923706055,24.719999313354492,24.020000457763672,24.639999389648438,12.040983200073242,4311500
2007-03-13,24.25,24.459999084472656,23.84000015258789,24.049999237060547,11.752663612365723,3846700
2007-03-14,23.8700008392334,24.360000610351562,23.719999313354492,24.31999969482422,11.884615898132324,4457400
2007-03-15,24.459999084472656,24.979999542236328,24.389999389648438,24.600000381469727,12.021440505981445,6021600
2007-03-16,24.709999084472656,24.709999084472656,24.139999389648438,24.450000762939453,11.948141098022461,2926200
2007-03-19,24.6200008392334,24.700000762939453,24.139999389648438,24.479999542236328,11.962800025939941,3432800
2007-03-20,24.6200008392334,24.709999084472656,24.3799991607666,24.6200008392334,12.031210899353027,5573600
2007-03-21,24.739999771118164,25.34000015258789,24.600000381469727,25.25,12.339081764221191,3471100
2007-03-22,24.5,25.350000381469727,24.399999618530273,25.110000610351562,12.27066421508789,3038500
2007-03-23,25.020000457763672,25.489999771118164,24.889999389648438,25.040000915527344,12.236457824707031,5030200
2007-03-26,25.030000686645508,25.030000686645508,24.399999618530273,24.770000457763672,12.104514122009277,4225500
2007-03-27,24.780000686645508,24.93000030517578,24.350000381469727,24.510000228881836,11.977460861206055,3550600
2007-03-28,24.350000381469727,24.3700008392334,23.6299991607666,23.799999237060547,11.630501747131348,5775700
2007-03-29,23.979999542236328,24.040000915527344,23.1200008392334,23.420000076293945,11.444802284240723,7285300
2007-03-30,23.25,23.309999465942383,22.940000534057617,23.299999237060547,11.386160850524902,7137700
2007-04-02,23.25,23.31999969482422,22.579999923706055,22.93000030517578,11.205351829528809,5701200
2007-04-03,22.959999084472656,23.31999969482422,22.809999465942383,23.229999542236328,11.351951599121094,5063300
2007-04-04,23.1299991607666,23.190000534057617,22.760000228881836,22.860000610351562,11.171142578125,5277900
2007-04-05,22.799999237060547,23.399999618530273,22.579999923706055,23.270000457763672,11.371499061584473,5313000
2007-04-09,23.270000457763672,23.469999313354492,23.049999237060547,23.459999084472656,11.464347839355469,3161400
2007-04-10,22.0,22.010000228881836,21.270000457763672,22.0,10.75088119506836,34892000
2007-04-11,22.040000915527344,22.079999923706055,21.399999618530273,21.5,10.506545066833496,11765100
2007-04-12,21.5,21.889999389648438,21.450000762939453,21.739999771118164,10.623822212219238,6502500
2007-04-13,21.989999771118164,22.030000686645508,21.610000610351562,22.010000228881836,10.755764961242676,8135800
2007-04-16,22.18000030517578,22.59000015258789,22.1299991607666,22.540000915527344,11.014768600463867,7862000
2007-04-17,22.670000076293945,22.790000915527344,22.020000457763672,22.149999618530273,10.82418441772461,15125900
2007-04-18,20.899999618530273,21.389999389648438,20.200000762939453,21.299999237060547,10.408806800842285,31896900
2007-04-19,21.25,21.850000381469727,21.100000381469727,21.329999923706055,10.423469543457031,9374000
2007-04-20,21.559999465942383,21.6299991607666,21.020000457763672,21.579999923706055,10.545639038085938,12126800
2007-04-23,21.559999465942383,21.850000381469727,21.5,21.549999237060547,10.530981063842773,5308700
2007-04-24,21.59000015258789,22.149999618530273,21.549999237060547,22.09000015258789,10.794861793518066,7264800
2007-04-25,22.0,22.290000915527344,21.969999313354492,22.06999969482422,10.785088539123535,4075000
2007-04-26,21.969999313354492,22.700000762939453,21.610000610351562,22.450000762939453,10.97078800201416,10130300
2007-04-27,22.450000762939453,22.450000762939453,21.959999084472656,22.100000381469727,10.799747467041016,6853500
2007-04-30,22.059999465942383,22.479999542236328,21.969999313354492,22.149999618530273,10.82418441772461,4461200
2007-05-01,22.040000915527344,22.06999969482422,21.59000015258789,21.600000381469727,10.555413246154785,6474800
2007-05-02,21.520000457763672,21.68000030517578,21.399999618530273,21.649999618530273,10.62905502319336,6260900
2007-05-03,21.809999465942383,22.25,21.790000915527344,22.18000030517578,10.88925552368164,5285300
2007-05-04,22.229999542236328,22.399999618530273,21.950000762939453,22.06999969482422,10.835253715515137,3797100
2007-05-07,22.06999969482422,22.469999313354492,21.809999465942383,22.34000015258789,10.96780776977539,7360900
2007-05-08,22.34000015258789,22.649999618530273,22.1299991607666,22.5,11.046363830566406,4015300
2007-05-09,22.399999618530273,22.399999618530273,22.0,22.280000686645508,10.93835163116455,3731800
2007-05-10,22.149999618530273,22.190000534057617,21.549999237060547,21.700000762939453,10.653605461120605,3612900
2007-05-11,21.75,22.139999389648438,21.729999542236328,22.110000610351562,10.854891777038574,2863800
2007-05-14,21.8700008392334,22.010000228881836,21.610000610351562,21.709999084472656,10.658510208129883,2653800
2007-05-15,21.780000686645508,21.969999313354492,21.40999984741211,21.43000030517578,10.521044731140137,3660500
2007-05-16,21.700000762939453,21.700000762939453,21.190000534057617,21.280000686645508,10.447402000427246,4754900
2007-05-17,21.510000228881836,21.700000762939453,20.639999389648438,20.709999084472656,10.167559623718262,8626000
2007-05-18,20.75,20.93000030517578,20.579999923706055,20.8799991607666,10.251021385192871,7149800
2007-05-21,20.84000015258789,20.959999084472656,20.780000686645508,20.860000610351562,10.241205215454102,6437400
2007-05-22,20.860000610351562,21.40999984741211,20.829999923706055,21.350000381469727,10.481769561767578,8334700
2007-05-23,21.670000076293945,21.670000076293945,21.100000381469727,21.149999618530273,10.383581161499023,8502600
2007-05-24,20.920000076293945,21.149999618530273,20.510000228881836,20.690000534057617,10.157744407653809,11676200
2007-05-25,20.6200008392334,20.799999237060547,20.270000457763672,20.299999237060547,9.966273307800293,9789800
2007-05-29,20.309999465942383,20.81999969482422,20.309999465942383,20.760000228881836,10.192111015319824,4927700
2007-05-30,20.760000228881836,20.829999923706055,20.5,20.690000534057617,10.157744407653809,9866300
2007-05-31,20.549999237060547,20.639999389648438,20.389999389648438,20.59000015258789,10.108649253845215,8135500
2007-06-01,20.799999237060547,20.93000030517578,20.68000030517578,20.729999542236328,10.17738151550293,6930800
2007-06-04,20.729999542236328,20.940000534057617,20.649999618530273,20.75,10.1871976852417,6450100
2007-06-05,20.68000030517578,20.719999313354492,20.389999389648438,20.399999618530273,10.015369415283203,7706400
2007-06-06,20.25,20.6299991607666,20.100000381469727,20.579999923706055,10.103737831115723,7323200
2007-06-07,20.5,20.84000015258789,20.329999923706055,20.360000610351562,9.995729446411133,5696000
2007-06-08,20.389999389648438,20.90999984741211,20.360000610351562,20.899999618530273,10.260845184326172,6260500
2007-06-11,21.0,21.190000534057617,20.770000457763672,20.860000610351562,10.241205215454102,4745000
2007-06-12,20.75,21.15999984741211,20.65999984741211,20.829999923706055,10.226475715637207,11882600
2007-06-13,21.010000228881836,21.010000228881836,20.399999618530273,20.700000762939453,10.162652015686035,6629000
2007-06-14,20.790000915527344,21.0,20.700000762939453,20.770000457763672,10.197014808654785,4138700
2007-06-15,20.81999969482422,21.260000228881836,20.799999237060547,20.959999084472656,10.290301322937012,5775500
2007-06-18,20.969999313354492,21.270000457763672,20.850000381469727,21.010000228881836,10.314844131469727,4824300
2007-06-19,20.979999542236328,21.739999771118164,20.979999542236328,21.670000076293945,10.638871192932129,5468000
2007-06-20,21.709999084472656,21.709999084472656,21.34000015258789,21.3799991607666,10.496500015258789,4516800
2007-06-21,21.329999923706055,22.25,21.25,22.229999542236328,10.913805961608887,6812200
2007-06-22,21.979999542236328,22.3700008392334,21.56999969482422,22.190000534057617,10.894165992736816,26721800
2007-06-25,22.1299991607666,22.209999084472656,21.639999389648438,21.829999923706055,10.717425346374512,5152700
2007-06-26,21.899999618530273,22.100000381469727,21.729999542236328,22.0,10.800888061523438,3370800
2007-06-27,21.700000762939453,22.34000015258789,21.610000610351562,22.309999465942383,10.953079223632812,3907100
2007-06-28,22.219999313354492,22.309999465942383,21.5,21.549999237060547,10.579962730407715,7538600
2007-06-29,21.780000686645508,22.06999969482422,21.600000381469727,21.770000457763672,10.687972068786621,7783000
2007-07-02,22.100000381469727,22.34000015258789,21.8799991607666,22.34000015258789,10.96780776977539,5056200
2007-07-03,22.5,22.8799991607666,22.5,22.739999771118164,11.16418743133545,2951600
2007-07-05,22.75,23.350000381469727,22.610000610351562,23.1200008392334,11.350749015808105,4780300
2007-07-06,23.219999313354492,23.760000228881836,23.049999237060547,23.56999969482422,11.571680068969727,5731700
2007-07-09,23.510000228881836,23.75,23.290000915527344,23.520000457763672,11.547128677368164,3506100
2007-07-10,23.299999237060547,23.530000686645508,22.90999984741211,23.0,11.291836738586426,4654700
2007-07-11,22.969999313354492,22.969999313354492,22.549999237060547,22.68000030517578,11.134730339050293,6083800
2007-07-12,22.90999984741211,23.18000030517578,22.84000015258789,23.049999237060547,11.316384315490723,6510800
2007-07-13,23.100000381469727,23.100000381469727,22.690000534057617,22.799999237060547,11.193644523620605,13817600
2007-07-16,22.770000457763672,23.059999465942383,22.700000762939453,22.780000686645508,11.183826446533203,5855300
2007-07-17,22.84000015258789,23.459999084472656,22.6299991607666,23.200000762939453,11.39002799987793,7692300
2007-07-18,23.100000381469727,23.65999984741211,23.0,23.40999984741211,11.493124961853027,11852400
2007-07-19,23.600000381469727,24.219999313354492,23.5,24.1200008392334,11.841696739196777,10931200
2007-07-20,24.75,25.0,24.520000457763672,24.6299991607666,12.092085838317871,10743400
2007-07-23,24.68000030517578,25.0,24.68000030517578,24.8799991607666,12.214818954467773,5129700
2007-07-24,24.610000610351562,24.829999923706055,24.139999389648438,24.329999923706055,11.944796562194824,6325300
2007-07-25,24.950000762939453,25.190000534057617,24.75,24.959999084472656,12.2540922164917,5239300
2007-07-26,24.510000228881836,24.969999313354492,24.110000610351562,24.610000610351562,12.08226490020752,9845800
2007-07-27,25.0,25.0,23.799999237060547,23.809999465942383,11.689505577087402,4878400
2007-07-30,23.8700008392334,24.299999237060547,23.809999465942383,24.15999984741211,11.861339569091797,4292800
2007-07-31,24.209999084472656,24.389999389648438,23.469999313354492,23.510000228881836,11.542221069335938,4524800
2007-08-01,23.299999237060547,24.06999969482422,23.059999465942383,23.780000686645508,11.724644660949707,6752300
2007-08-02,23.799999237060547,24.239999771118164,23.6200008392334,24.149999618530273,11.907075881958008,4902900
2007-08-03,24.0,24.110000610351562,23.450000762939453,23.479999542236328,11.576729774475098,5090700
2007-08-06,23.5,23.979999542236328,23.280000686645508,23.93000030517578,11.798602104187012,5434600
2007-08-07,24.09000015258789,24.09000015258789,22.670000076293945,23.0,11.340066909790039,7449200
2007-08-08,23.200000762939453,23.90999984741211,23.020000457763672,23.860000610351562,11.76408863067627,8682800
2007-08-09,23.3700008392334,24.5,23.040000915527344,23.219999313354492,11.448538780212402,9490700
2007-08-10,23.3799991607666,24.3700008392334,22.920000076293945,23.850000381469727,11.759160041809082,7006100
2007-08-13,23.899999618530273,24.540000915527344,23.899999618530273,24.299999237060547,11.981032371520996,5374700
2007-08-14,24.489999771118164,24.790000915527344,23.989999771118164,24.299999237060547,11.981032371520996,6160900
2007-08-15,24.15999984741211,24.59000015258789,23.200000762939453,23.360000610351562,11.517560958862305,6467400
2007-08-16,23.25,23.25,21.6299991607666,22.670000076293945,11.177364349365234,13356700
2007-08-17,23.5,23.8799991607666,22.579999923706055,23.75,11.709855079650879,9573200
2007-08-20,23.719999313354492,24.399999618530273,23.68000030517578,24.229999542236328,11.946518898010254,5812000
2007-08-21,24.09000015258789,24.729999542236328,24.079999923706055,24.25,11.956377029418945,6069600
2007-08-22,24.420000076293945,24.68000030517578,24.350000381469727,24.469999313354492,12.064847946166992,4925700
2007-08-23,24.649999618530273,24.8799991607666,24.09000015258789,24.700000762939453,12.17824935913086,7439400
2007-08-24,24.700000762939453,25.0,24.3700008392334,24.959999084472656,12.306445121765137,3849200
2007-08-27,25.290000915527344,25.440000534057617,24.809999465942383,24.889999389648438,12.271926879882812,8291300
2007-08-28,24.700000762939453,24.899999618530273,24.350000381469727,24.459999084472656,12.059921264648438,8206300
2007-08-29,25.579999923706055,25.950000762939453,25.209999084472656,25.389999389648438,12.518450736999512,14751600
2007-08-30,25.34000015258789,25.940000534057617,25.149999618530273,25.399999618530273,12.523382186889648,6966400
2007-08-31,25.75,25.93000030517578,25.360000610351562,25.81999969482422,12.730463027954102,4818000
2007-09-04,25.520000457763672,26.25,25.520000457763672,25.950000762939453,12.794557571411133,4861000
2007-09-05,25.610000610351562,25.850000381469727,25.270000457763672,25.479999542236328,12.562821388244629,7859200
2007-09-06,25.6200008392334,26.040000915527344,25.18000030517578,25.989999771118164,12.814276695251465,5397800
2007-09-07,25.350000381469727,25.530000686645508,24.6299991607666,25.139999389648438,12.395185470581055,7489600
2007-09-10,25.350000381469727,25.479999542236328,24.440000534057617,24.850000381469727,12.252204895019531,5679800
2007-09-11,25.110000610351562,25.68000030517578,25.059999465942383,25.40999984741211,12.528318405151367,5491600
2007-09-12,25.1299991607666,25.56999969482422,24.6299991607666,24.690000534057617,12.173317909240723,4262000
2007-09-13,24.920000076293945,24.989999771118164,24.270000457763672,24.760000228881836,12.207834243774414,3931300
2007-09-14,24.600000381469727,24.719999313354492,24.139999389648438,24.670000076293945,12.163459777832031,4824000
2007-09-17,24.520000457763672,24.969999313354492,24.479999542236328,24.65999984741211,12.158529281616211,3379200
2007-09-18,24.65999984741211,25.18000030517578,24.350000381469727,25.030000686645508,12.340957641601562,6487900
2007-09-19,25.399999618530273,25.690000534057617,25.18000030517578,25.40999984741211,12.528318405151367,6360600
2007-09-20,25.479999542236328,26.149999618530273,25.200000762939453,25.399999618530273,12.523382186889648,6344800
2007-09-21,25.40999984741211,25.75,25.280000686645508,25.3799991607666,12.513521194458008,4992600
2007-09-24,25.6200008392334,26.15999984741211,25.520000457763672,25.90999984741211,12.774832725524902,6764800
2007-09-25,25.75,26.6299991607666,25.610000610351562,26.559999465942383,13.095320701599121,6183000
2007-09-26,26.549999237060547,26.84000015258789,26.110000610351562,26.350000381469727,12.991776466369629,5398300
2007-09-27,26.579999923706055,26.75,25.739999771118164,25.760000228881836,12.700879096984863,5830800
2007-09-28,25.719999313354492,26.06999969482422,25.43000030517578,25.579999923706055,12.612130165100098,4305200
2007-10-01,25.65999984741211,26.65999984741211,25.600000381469727,26.6299991607666,13.129825592041016,6131200
2007-10-02,26.719999313354492,26.719999313354492,26.030000686645508,26.65999984741211,13.14461612701416,5523200
2007-10-03,26.299999237060547,26.350000381469727,25.6299991607666,25.920000076293945,12.779763221740723,6573800
2007-10-04,25.93000030517578,25.959999084472656,25.200000762939453,25.530000686645508,12.587479591369629,5679400
2007-10-05,25.850000381469727,26.110000610351562,25.649999618530273,25.809999465942383,12.725531578063965,4004100
2007-10-08,25.93000030517578,26.34000015258789,25.799999237060547,26.309999465942383,12.972051620483398,2724100
2007-10-09,26.40999984741211,26.75,26.030000686645508,26.75,13.188998222351074,6583100
2007-10-10,26.450000762939453,27.100000381469727,26.450000762939453,27.09000015258789,13.356632232666016,7461600
2007-10-11,27.350000381469727,27.43000030517578,26.1200008392334,26.209999084472656,12.922746658325195,5906200
2007-10-12,26.34000015258789,26.719999313354492,26.0,26.719999313354492,13.174202919006348,4790600
2007-10-15,26.719999313354492,27.1200008392334,26.530000686645508,26.889999389648438,13.25801944732666,6817600
2007-10-16,26.600000381469727,27.040000915527344,26.329999923706055,26.450000762939453,13.041080474853516,7625300
2007-10-17,27.399999618530273,27.510000228881836,26.3700008392334,27.010000228881836,13.317188262939453,14726300
2007-10-18,26.860000610351562,27.5,26.760000228881836,27.399999618530273,13.509477615356445,6394200
2007-10-19,26.989999771118164,27.489999771118164,26.549999237060547,26.8700008392334,13.248161315917969,8069500
2007-10-22,26.639999389648438,27.770000457763672,26.440000534057617,27.770000457763672,13.69189739227295,7915200
2007-10-23,27.790000915527344,27.950000762939453,27.190000534057617,27.770000457763672,13.69189739227295,6772500
2007-10-24,27.34000015258789,27.670000076293945,23.6200008392334,27.049999237060547,13.336915016174316,8496600
2007-10-25,26.979999542236328,27.209999084472656,25.719999313354492,26.209999084472656,12.922746658325195,9139100
2007-10-26,26.75,27.040000915527344,25.850000381469727,26.950000762939453,13.287609100341797,6529900
2007-10-29,27.299999237060547,27.75,27.219999313354492,27.299999237060547,13.460168838500977,7765600
2007-10-30,27.299999237060547,27.34000015258789,26.81999969482422,26.979999542236328,13.302398681640625,5131900
2007-10-31,27.1299991607666,27.940000534057617,26.979999542236328,27.84000015258789,13.777483940124512,13377200
2007-11-01,27.540000915527344,27.969999313354492,27.350000381469727,27.600000381469727,13.65870475769043,9536300
2007-11-02,27.709999084472656,28.90999984741211,27.3700008392334,28.600000381469727,14.153595924377441,21170200
2007-11-05,27.899999618530273,28.709999084472656,27.899999618530273,28.290000915527344,14.000177383422852,7477400
2007-11-06,28.8799991607666,28.8799991607666,27.690000534057617,27.979999542236328,13.846765518188477,6764300
2007-11-07,27.5,28.5,27.5,27.809999465942383,13.76263427734375,8141000
2007-11-08,27.530000686645508,28.100000381469727,26.5,27.770000457763672,13.742834091186523,10642700
2007-11-09,27.219999313354492,27.950000762939453,26.84000015258789,27.100000381469727,13.411267280578613,11321800
2007-11-12,27.049999237060547,27.190000534057617,25.81999969482422,25.920000076293945,12.827309608459473,8491300
2007-11-13,26.1299991607666,26.5,26.100000381469727,26.270000457763672,13.000517845153809,12240600
2007-11-14,26.399999618530273,26.989999771118164,26.239999771118164,26.290000915527344,13.010420799255371,9348000
2007-11-15,26.18000030517578,26.469999313354492,25.6299991607666,25.950000762939453,12.842155456542969,5173200
2007-11-16,26.149999618530273,26.68000030517578,25.959999084472656,26.6299991607666,13.178671836853027,6968100
2007-11-19,26.6299991607666,27.270000457763672,26.0,26.149999618530273,12.941130638122559,7384100
2007-11-20,26.360000610351562,26.559999465942383,25.059999465942383,25.56999969482422,12.654099464416504,6824100
2007-11-21,25.219999313354492,25.8700008392334,25.010000228881836,25.149999618530273,12.446249008178711,6102800
2007-11-23,25.899999618530273,25.899999618530273,24.84000015258789,25.0,12.372018814086914,3005200
2007-11-26,25.049999237060547,26.110000610351562,25.049999237060547,25.31999969482422,12.530380249023438,7616500
2007-11-27,25.5,26.219999313354492,25.209999084472656,26.020000457763672,12.876798629760742,7183700
2007-11-28,26.280000686645508,27.90999984741211,26.280000686645508,26.969999313354492,13.346933364868164,12604900
2007-11-29,27.0,27.43000030517578,26.75,27.09000015258789,13.406319618225098,6870800
2007-11-30,27.270000457763672,27.540000915527344,25.65999984741211,25.790000915527344,12.76297664642334,14398100
2007-12-03,25.469999313354492,26.09000015258789,25.3700008392334,25.520000457763672,12.629359245300293,5663000
2007-12-04,25.450000762939453,25.709999084472656,25.100000381469727,25.600000381469727,12.66894817352295,6675500
2007-12-05,26.3700008392334,27.5,26.299999237060547,27.190000534057617,13.455810546875,11110800
2007-12-06,27.43000030517578,27.760000228881836,26.780000686645508,27.559999465942383,13.638914108276367,9686200
2007-12-07,27.799999237060547,27.889999389648438,27.06999969482422,27.8700008392334,13.792328834533691,4753300
2007-12-10,28.0,28.0,27.3799991607666,27.979999542236328,13.846765518188477,4116900
2007-12-11,28.18000030517578,28.239999771118164,27.520000457763672,27.8700008392334,13.792328834533691,7354700
2007-12-12,28.15999984741211,28.299999237060547,27.450000762939453,27.739999771118164,13.727997779846191,10515400
2007-12-13,27.799999237060547,27.799999237060547,27.030000686645508,27.6299991607666,13.673555374145508,6256400
2007-12-14,27.3700008392334,27.670000076293945,26.799999237060547,27.520000457763672,13.619121551513672,7098300
2007-12-17,27.639999389648438,27.90999984741211,27.139999389648438,27.239999771118164,13.480555534362793,6969500
2007-12-18,27.700000762939453,27.809999465942383,26.0,26.329999923706055,13.030208587646484,7511200
2007-12-19,26.309999465942383,26.559999465942383,25.709999084472656,26.290000915527344,13.010420799255371,6262900
2007-12-20,26.59000015258789,26.6200008392334,25.700000762939453,26.389999389648438,13.059901237487793,4973100
2007-12-21,26.440000534057617,26.950000762939453,25.8700008392334,25.969999313354492,12.852051734924316,4463800
2007-12-24,26.309999465942383,26.31999969482422,26.0,26.06999969482422,12.901542663574219,1198100
2007-12-26,26.229999542236328,26.229999542236328,25.68000030517578,26.200000762939453,12.965877532958984,2307200
2007-12-27,26.309999465942383,26.350000381469727,25.979999542236328,26.06999969482422,12.901542663574219,2450900
2007-12-28,26.270000457763672,26.270000457763672,25.739999771118164,25.850000381469727,12.792667388916016,2424500
2007-12-31,26.06999969482422,26.100000381469727,25.25,25.5,12.619461059570312,2801100
2008-01-02,25.75,25.75,24.329999923706055,24.440000534057617,12.094889640808105,5685900
2008-01-03,24.739999771118164,25.459999084472656,23.739999771118164,24.510000228881836,12.129528999328613,9964900
2008-01-04,23.760000228881836,24.399999618530273,23.079999923706055,23.309999465942383,11.535676956176758,7540800
2008-01-07,23.219999313354492,23.579999923706055,22.600000381469727,23.030000686645508,11.397107124328613,7601800
2008-01-08,22.709999084472656,22.81999969482422,22.079999923706055,22.170000076293945,10.971508026123047,9703500
2008-01-09,22.440000534057617,23.56999969482422,22.209999084472656,23.510000228881836,11.634649276733398,14544000
2008-01-10,23.280000686645508,24.100000381469727,23.0,23.739999771118164,11.748470306396484,7797500
2008-01-11,23.700000762939453,23.709999084472656,22.739999771118164,22.90999984741211,11.337719917297363,4875000
2008-01-14,23.020000457763672,23.93000030517578,22.950000762939453,23.760000228881836,11.758367538452148,7834600
2008-01-15,23.56999969482422,23.75,22.81999969482422,23.31999969482422,11.54061508178711,8344900
2008-01-16,22.1299991607666,23.309999465942383,22.1299991607666,22.979999542236328,11.372360229492188,8852000
2008-01-17,23.0,23.010000228881836,21.290000915527344,21.600000381469727,10.689422607421875,13349400
2008-01-18,21.260000228881836,21.979999542236328,19.440000534057617,19.700000762939453,9.749154090881348,23784800
2008-01-22,18.600000381469727,20.200000762939453,18.600000381469727,20.059999465942383,9.927313804626465,12247100
2008-01-23,19.600000381469727,19.979999542236328,18.84000015258789,19.709999084472656,9.754098892211914,18244800
2008-01-24,20.260000228881836,21.030000686645508,20.200000762939453,20.989999771118164,10.387547492980957,14545700
2008-01-25,21.639999389648438,21.639999389648438,20.75,20.989999771118164,10.387547492980957,10647800
2008-01-28,21.010000228881836,21.020000457763672,20.389999389648438,20.850000381469727,10.318268775939941,7809200
2008-01-29,20.940000534057617,20.940000534057617,20.059999465942383,20.40999984741211,10.100515365600586,8452500
2008-01-30,20.149999618530273,20.969999313354492,20.079999923706055,20.399999618530273,10.145278930664062,7720300
2008-01-31,20.469999313354492,20.6200008392334,20.139999389648438,20.270000457763672,10.080623626708984,10869600
2008-02-01,20.549999237060547,21.09000015258789,20.170000076293945,20.93000030517578,10.408855438232422,10243400
2008-02-04,21.0,21.100000381469727,20.440000534057617,20.739999771118164,10.314361572265625,5211300
2008-02-05,20.989999771118164,21.540000915527344,20.770000457763672,21.229999542236328,10.558049201965332,8446300
2008-02-06,21.34000015258789,21.549999237060547,21.040000915527344,21.1200008392334,10.50334644317627,5821400
2008-02-07,20.84000015258789,21.709999084472656,20.700000762939453,21.520000457763672,10.70227336883545,6465400
2008-02-08,21.670000076293945,22.100000381469727,21.540000915527344,21.950000762939453,10.916120529174805,6192500
2008-02-11,22.0,22.5,21.549999237060547,22.34000015258789,11.11007308959961,5448600
2008-02-12,22.5,22.920000076293945,22.229999542236328,22.760000228881836,11.318943977355957,6068200
2008-02-13,22.709999084472656,23.440000534057617,22.68000030517578,23.260000228881836,11.567605972290039,6097000
2008-02-14,23.440000534057617,23.440000534057617,22.479999542236328,22.489999771118164,11.184670448303223,6999300
2008-02-15,22.280000686645508,22.8700008392334,22.149999618530273,22.68000030517578,11.279158592224121,6346700
2008-02-19,22.979999542236328,23.540000915527344,22.8799991607666,23.290000915527344,11.58252239227295,5483200
2008-02-20,23.1299991607666,23.3799991607666,22.56999969482422,23.190000534057617,11.532792091369629,6058600
2008-02-21,23.209999084472656,23.81999969482422,23.200000762939453,23.469999313354492,11.672043800354004,6168700
2008-02-22,23.579999923706055,23.770000457763672,23.030000686645508,23.770000457763672,11.82123851776123,4295300
2008-02-25,23.799999237060547,24.110000610351562,23.100000381469727,23.860000610351562,11.86599349975586,4754300
2008-02-26,23.850000381469727,23.989999771118164,23.170000076293945,23.709999084472656,11.79139518737793,8007800
2008-02-27,23.700000762939453,23.950000762939453,23.020000457763672,23.59000015258789,11.731721878051758,7444400
2008-02-28,22.899999618530273,23.270000457763672,22.1200008392334,22.350000381469727,11.115046501159668,11165900
2008-02-29,22.18000030517578,22.43000030517578,21.459999084472656,21.56999969482422,10.727137565612793,8521700
2008-03-03,21.979999542236328,22.0,21.31999969482422,21.81999969482422,10.851462364196777,4705900
2008-03-04,22.270000457763672,23.040000915527344,21.739999771118164,22.90999984741211,11.39354133605957,8633700
2008-03-05,23.010000228881836,23.75,22.799999237060547,22.809999465942383,11.343810081481934,7808800
2008-03-06,22.729999542236328,22.860000610351562,21.729999542236328,21.780000686645508,10.831572532653809,8036000
2008-03-07,21.770000457763672,22.34000015258789,21.299999237060547,21.75,10.816657066345215,7848700
2008-03-10,21.540000915527344,21.899999618530273,21.170000076293945,21.25,10.567996978759766,5551500
2008-03-11,21.850000381469727,22.0,21.059999465942383,21.84000015258789,10.86141586303711,8594800
2008-03-12,21.84000015258789,22.100000381469727,21.6299991607666,21.760000228881836,10.821626663208008,4169300
2008-03-13,21.479999542236328,22.229999542236328,21.299999237060547,22.1299991607666,11.005634307861328,5507200
2008-03-14,22.209999084472656,22.5,21.639999389648438,22.209999084472656,11.04542064666748,7926200
2008-03-17,21.75,21.979999542236328,20.510000228881836,21.280000686645508,10.582914352416992,5539800
2008-03-18,21.510000228881836,21.860000610351562,21.229999542236328,21.729999542236328,10.806705474853516,5273600
2008-03-19,21.75,21.90999984741211,20.610000610351562,20.649999618530273,10.269601821899414,8480800
2008-03-20,20.600000381469727,21.350000381469727,20.06999969482422,21.280000686645508,10.582914352416992,6443900
2008-03-24,21.489999771118164,22.3700008392334,21.200000762939453,22.0,10.940983772277832,6558000
2008-03-25,21.799999237060547,21.8700008392334,21.18000030517578,21.6299991607666,10.756975173950195,5425500
2008-03-26,21.350000381469727,21.860000610351562,21.229999542236328,21.81999969482422,10.851462364196777,4664200
2008-03-27,21.18000030517578,21.229999542236328,20.450000762939453,20.469999313354492,10.180085182189941,10147200
2008-03-28,20.719999313354492,20.799999237060547,20.229999542236328,20.299999237060547,10.09554386138916,6450900
2008-03-31,20.299999237060547,21.079999923706055,20.190000534057617,20.940000534057617,10.413826942443848,7066400
2008-04-01,21.209999084472656,21.780000686645508,21.079999923706055,21.610000610351562,10.747031211853027,8868800
2008-04-02,21.790000915527344,22.0,21.43000030517578,21.8799991607666,10.881302833557129,6608700
2008-04-03,21.889999389648438,22.510000228881836,21.729999542236328,22.09000015258789,10.98574161529541,6821400
2008-04-04,22.010000228881836,22.219999313354492,21.56999969482422,21.6200008392334,10.752002716064453,6570200
2008-04-07,21.579999923706055,22.09000015258789,21.520000457763672,21.739999771118164,10.811680793762207,5826300
2008-04-08,21.530000686645508,21.899999618530273,21.25,21.280000686645508,10.582914352416992,6183300
2008-04-09,21.229999542236328,21.479999542236328,21.0,21.06999969482422,10.47847843170166,5765600
2008-04-10,21.0,21.989999771118164,20.889999389648438,21.6299991607666,10.756975173950195,9104800
2008-04-11,21.049999237060547,21.459999084472656,20.360000610351562,20.540000915527344,10.214902877807617,9447900
2008-04-14,20.489999771118164,20.579999923706055,19.790000915527344,19.969999313354492,9.931428909301758,11495000
2008-04-15,20.290000915527344,20.489999771118164,19.719999313354492,20.170000076293945,10.03089427947998,13432300
2008-04-16,19.649999618530273,19.690000534057617,18.690000534057617,19.059999465942383,9.478870391845703,31730600
2008-04-17,19.0,19.989999771118164,19.0,19.770000457763672,9.831968307495117,13795800
2008-04-18,19.93000030517578,20.020000457763672,19.200000762939453,19.479999542236328,9.68774127960205,10799600
2008-04-21,19.5,20.190000534057617,19.31999969482422,19.959999084472656,9.926456451416016,7639800
2008-04-22,19.950000762939453,19.989999771118164,19.299999237060547,19.479999542236328,9.68774127960205,5214500
2008-04-23,19.579999923706055,19.579999923706055,19.1200008392334,19.219999313354492,9.558444023132324,5549400
2008-04-24,19.299999237060547,19.709999084472656,19.030000686645508,19.6200008392334,9.757368087768555,5961000
2008-04-25,19.399999618530273,19.549999237060547,18.799999237060547,19.389999389648438,9.642987251281738,5965200
2008-04-28,19.290000915527344,19.399999618530273,18.950000762939453,19.190000534057617,9.5435209274292,9115700
2008-04-29,19.270000457763672,19.290000915527344,19.030000686645508,19.200000762939453,9.548498153686523,4515100
2008-04-30,19.059999465942383,19.219999313354492,18.809999465942383,18.8700008392334,9.443400382995605,4962300
2008-05-01,18.799999237060547,19.649999618530273,18.799999237060547,19.5,9.758681297302246,7752500
2008-05-02,19.34000015258789,19.829999923706055,19.110000610351562,19.450000762939453,9.733659744262695,4781200
2008-05-05,19.40999984741211,19.84000015258789,19.229999542236328,19.700000762939453,9.858770370483398,8625400
2008-05-06,19.56999969482422,20.040000915527344,19.56999969482422,19.8700008392334,9.94384479522705,3896200
2008-05-07,19.979999542236328,20.15999984741211,19.690000534057617,19.84000015258789,9.928833961486816,5948800
2008-05-08,19.8700008392334,20.399999618530273,19.799999237060547,20.299999237060547,10.15903377532959,6397600
2008-05-09,20.020000457763672,20.600000381469727,20.0,20.229999542236328,10.124007225036621,4536300
2008-05-12,20.3799991607666,20.3799991607666,19.889999389648438,20.1299991607666,10.073963165283203,3827500
2008-05-13,20.040000915527344,20.229999542236328,19.8700008392334,20.049999237060547,10.033929824829102,5102000
2008-05-14,20.15999984741211,22.18000030517578,20.09000015258789,21.239999771118164,10.629457473754883,15036700
2008-05-15,21.25,21.469999313354492,20.940000534057617,21.329999923706055,10.674495697021484,5842700
2008-05-16,21.239999771118164,21.979999542236328,21.1299991607666,21.90999984741211,10.96475601196289,5776200
2008-05-19,21.979999542236328,21.979999542236328,20.700000762939453,20.84000015258789,10.429279327392578,7441200
2008-05-20,20.860000610351562,20.959999084472656,20.209999084472656,20.520000457763672,10.269139289855957,5420900
2008-05-21,20.530000686645508,21.059999465942383,20.25,20.459999084472656,10.23911190032959,6376300
2008-05-22,20.329999923706055,21.139999389648438,20.329999923706055,20.889999389648438,10.454304695129395,4948800
2008-05-23,20.579999923706055,20.989999771118164,20.510000228881836,20.670000076293945,10.344199180603027,2920300
2008-05-27,20.81999969482422,20.920000076293945,20.520000457763672,20.649999618530273,10.334187507629395,3767200
2008-05-28,20.770000457763672,21.110000610351562,20.43000030517578,20.559999465942383,10.289149284362793,5941400
2008-05-29,20.65999984741211,20.739999771118164,20.209999084472656,20.709999084472656,10.36422061920166,5216700
2008-05-30,20.8700008392334,21.790000915527344,20.729999542236328,21.420000076293945,10.719536781311035,10170100
2008-06-02,21.469999313354492,21.56999969482422,21.100000381469727,21.309999465942383,10.664487838745117,4105500
2008-06-03,21.239999771118164,21.8799991607666,21.040000915527344,21.68000030517578,10.849650382995605,5590600
2008-06-04,21.790000915527344,22.010000228881836,21.440000534057617,21.81999969482422,10.919710159301758,6400700
2008-06-05,21.860000610351562,22.260000228881836,21.700000762939453,22.100000381469727,11.05983829498291,7691600
2008-06-06,21.899999618530273,22.780000686645508,21.8799991607666,22.270000457763672,11.144913673400879,8981900
2008-06-09,22.309999465942383,22.469999313354492,21.290000915527344,21.690000534057617,10.854660034179688,5073300
2008-06-10,21.440000534057617,21.549999237060547,20.8700008392334,20.989999771118164,10.50434398651123,7109300
2008-06-11,20.959999084472656,21.25,20.149999618530273,20.510000228881836,10.264129638671875,7330900
2008-06-12,20.540000915527344,20.81999969482422,20.06999969482422,20.25,10.13401985168457,5538700
2008-06-13,20.459999084472656,20.65999984741211,20.1200008392334,20.270000457763672,10.144023895263672,3850500
2008-06-16,20.020000457763672,21.309999465942383,20.020000457763672,21.020000457763672,10.519362449645996,6715900
2008-06-17,21.059999465942383,21.59000015258789,20.809999465942383,20.809999465942383,10.414266586303711,5110400
2008-06-18,20.799999237060547,21.079999923706055,20.5,20.700000762939453,10.359214782714844,4658300
2008-06-19,20.549999237060547,21.1200008392334,20.139999389648438,20.950000762939453,10.484325408935547,7223500
2008-06-20,20.739999771118164,20.799999237060547,20.030000686645508,20.18000030517578,10.098984718322754,7382300
2008-06-23,20.329999923706055,20.329999923706055,19.450000762939453,19.81999969482422,9.918827056884766,8367700
2008-06-24,19.75,19.969999313354492,19.40999984741211,19.65999984741211,9.838753700256348,6829700
2008-06-25,19.90999984741211,20.290000915527344,19.670000076293945,20.040000915527344,10.028922080993652,5624500
2008-06-26,19.850000381469727,19.8799991607666,19.18000030517578,19.5,9.758681297302246,7042700
2008-06-27,19.40999984741211,19.6200008392334,18.81999969482422,19.479999542236328,9.748672485351562,8128700
2008-06-30,19.290000915527344,19.440000534057617,18.90999984741211,19.1299991607666,9.573514938354492,4255900
2008-07-01,19.100000381469727,19.450000762939453,18.770000457763672,19.43000030517578,9.723652839660645,5475800
2008-07-02,19.34000015258789,19.540000915527344,18.790000915527344,18.809999465942383,9.413373947143555,4052000
2008-07-03,18.809999465942383,18.989999771118164,17.829999923706055,17.940000534057617,8.977986335754395,6181400
2008-07-07,18.09000015258789,18.34000015258789,17.360000610351562,17.56999969482422,8.792821884155273,10189300
2008-07-08,17.729999542236328,18.09000015258789,17.25,17.709999084472656,8.862884521484375,7048500
2008-07-09,17.700000762939453,17.729999542236328,16.920000076293945,17.040000915527344,8.527585983276367,5924400
2008-07-10,17.18000030517578,17.530000686645508,16.729999542236328,17.030000686645508,8.52258014678955,6885800
2008-07-11,16.950000762939453,17.290000915527344,16.5,17.0,8.507568359375,7315000
2008-07-14,17.079999923706055,17.329999923706055,16.899999618530273,17.06999969482422,8.542597770690918,5395200
2008-07-15,16.889999389648438,17.579999923706055,16.520000457763672,17.299999237060547,8.65770435333252,9549900
2008-07-16,15.5600004196167,15.600000381469727,14.270000457763672,14.619999885559082,7.316508769989014,25231100
2008-07-17,14.699999809265137,15.329999923706055,14.470000267028809,15.3100004196167,7.66181755065918,10830400
2008-07-18,15.380000114440918,15.65999984741211,14.65999984741211,14.850000381469727,7.431610584259033,6419100
2008-07-21,14.859999656677246,15.15999984741211,14.75,14.9399995803833,7.4766526222229,4235500
2008-07-22,14.770000457763672,14.770000457763672,14.350000381469727,14.449999809265137,7.2314348220825195,9845200
2008-07-23,14.539999961853027,15.25,14.430000305175781,15.140000343322754,7.576740264892578,10249200
2008-07-24,15.210000038146973,15.239999771118164,14.649999618530273,14.859999656677246,7.436614990234375,6181800
2008-07-25,14.710000038146973,15.220000267028809,14.710000038146973,14.970000267028809,7.491663932800293,7652500
2008-07-28,15.079999923706055,15.289999961853027,14.979999542236328,14.979999542236328,7.496669292449951,4230300
2008-07-29,14.989999771118164,15.350000381469727,14.979999542236328,15.100000381469727,7.556723594665527,7496000
2008-07-30,15.149999618530273,15.149999618530273,14.8100004196167,14.970000267028809,7.5516791343688965,5150300
2008-07-31,14.529999732971191,15.170000076293945,14.529999732971191,14.970000267028809,7.5516791343688965,5058700
2008-08-01,15.100000381469727,15.100000381469727,14.649999618530273,15.029999732971191,7.581945419311523,5254700
2008-08-04,15.010000228881836,15.050000190734863,14.65999984741211,14.779999732971191,7.4558305740356445,4091000
2008-08-05,14.84000015258789,14.880000114440918,14.5,14.729999542236328,7.430610179901123,4490500
2008-08-06,14.59000015258789,15.119999885559082,14.300000190734863,15.050000190734863,7.592034339904785,4635500
2008-08-07,15.0,15.149999618530273,14.699999809265137,14.890000343322754,7.511318206787109,3846000
2008-08-08,14.770000457763672,15.109999656677246,14.75,15.0,7.566812038421631,4386700
2008-08-11,15.050000190734863,15.699999809265137,15.0,15.479999542236328,7.808949947357178,3701300
2008-08-12,15.399999618530273,16.290000915527344,15.399999618530273,16.09000015258789,8.116667747497559,5647900
2008-08-13,15.989999771118164,16.200000762939453,15.739999771118164,15.770000457763672,7.95524263381958,6510800
2008-08-14,15.84000015258789,16.25,15.680000305175781,16.09000015258789,8.116667747497559,5744200
2008-08-15,16.149999618530273,16.75,16.1200008392334,16.75,8.449604034423828,4883700
2008-08-18,16.75,16.75,15.989999771118164,16.1200008392334,8.131799697875977,4455500
2008-08-19,15.90999984741211,16.15999984741211,15.649999618530273,15.899999618530273,8.020821571350098,4143900
2008-08-20,15.899999618530273,16.200000762939453,15.850000381469727,15.949999809265137,8.046042442321777,5394600
2008-08-21,15.819999694824219,16.420000076293945,15.819999694824219,16.360000610351562,8.2528715133667,5152200
2008-08-22,16.3700008392334,16.389999389648438,16.049999237060547,16.229999542236328,8.187291145324707,4693300
2008-08-25,15.779999732971191,16.239999771118164,15.59000015258789,15.649999618530273,7.894708156585693,4728400
2008-08-26,15.579999923706055,15.779999732971191,15.460000038146973,15.619999885559082,7.879573822021484,3277300
2008-08-27,15.510000228881836,15.960000038146973,15.510000228881836,15.6899995803833,7.9148850440979,4138000
2008-08-28,15.609999656677246,15.84000015258789,15.279999732971191,15.369999885559082,7.753462314605713,4941200
2008-08-29,15.109999656677246,15.170000076293945,14.8100004196167,14.90999984741211,7.52140998840332,5884600
2008-09-02,15.09000015258789,15.170000076293945,14.829999923706055,14.960000038146973,7.546632289886475,5608700
2008-09-03,14.869999885559082,15.1899995803833,14.65999984741211,14.720000267028809,7.425565242767334,6236100
2008-09-04,14.710000038146973,15.0,14.569999694824219,14.739999771118164,7.435654163360596,7487700
2008-09-05,14.800000190734863,14.880000114440918,14.460000038146973,14.729999542236328,7.430610179901123,4353500
2008-09-08,14.930000305175781,14.930000305175781,14.149999618530273,14.579999923706055,7.35494327545166,4201900
2008-09-09,14.5,14.9399995803833,14.069999694824219,14.09000015258789,7.107758522033691,5192200
2008-09-10,14.270000457763672,14.449999809265137,14.0,14.350000381469727,7.238914489746094,4453900
2008-09-11,14.15999984741211,14.25,13.819999694824219,13.989999771118164,7.057312488555908,5535900
2008-09-12,13.960000038146973,13.960000038146973,13.5,13.579999923706055,6.850490570068359,5105800
2008-09-15,13.270000457763672,13.710000038146973,13.0600004196167,13.170000076293945,6.643660545349121,3859700
2008-09-16,12.770000457763672,12.890000343322754,11.0,12.09000015258789,6.098851203918457,8012000
2008-09-17,12.0,12.359999656677246,11.710000038146973,11.770000457763672,5.93742561340332,7091700
2008-09-18,11.789999961853027,12.199999809265137,11.520000457763672,11.930000305175781,6.0181379318237305,7246000
2008-09-19,12.479999542236328,13.430000305175781,12.420000076293945,12.850000381469727,6.482235431671143,9330700
2008-09-22,12.640000343322754,12.869999885559082,12.1899995803833,12.1899995803833,6.149296760559082,5658000
2008-09-23,12.199999809265137,12.510000228881836,12.020000457763672,12.170000076293945,6.139207363128662,6353000
2008-09-24,12.5,12.649999618530273,12.149999618530273,12.319999694824219,6.214877128601074,5154000
2008-09-25,12.279999732971191,12.739999771118164,12.100000381469727,12.470000267028809,6.290544509887695,3880200
2008-09-26,12.329999923706055,12.520000457763672,12.220000267028809,12.420000076293945,6.265321731567383,3666500
2008-09-29,12.1899995803833,12.390000343322754,10.789999961853027,11.739999771118164,5.922288417816162,6722200
2008-09-30,11.449999809265137,12.220000267028809,11.050000190734863,12.119999885559082,6.113986015319824,5887600
2008-10-01,12.170000076293945,12.170000076293945,11.279999732971191,11.550000190734863,5.826447010040283,9972600
2008-10-02,11.350000381469727,11.520000457763672,11.119999885559082,11.210000038146973,5.654930591583252,5701700
2008-10-03,11.34000015258789,11.529999732971191,10.789999961853027,10.930000305175781,5.513683319091797,8420500
2008-10-06,11.0,11.0,10.350000381469727,10.819999694824219,5.458192348480225,9001200
2008-10-07,10.829999923706055,11.0,9.869999885559082,9.899999618530273,4.9940948486328125,9980100
2008-10-08,9.550000190734863,10.15999984741211,9.4399995803833,9.680000305175781,4.883114814758301,9847800
2008-10-09,9.600000381469727,10.119999885559082,9.1899995803833,9.319999694824219,4.701511383056641,6770000
2008-10-10,8.84000015258789,9.319999694824219,8.289999961853027,8.65999984741211,4.3685736656188965,11414800
2008-10-13,9.050000190734863,9.369999885559082,8.75,9.300000190734863,4.691423416137695,6083600
2008-10-14,9.600000381469727,9.699999809265137,8.789999961853027,8.8100004196167,4.444240093231201,7363200
2008-10-15,8.8100004196167,9.010000228881836,8.40999984741211,8.449999809265137,4.262636661529541,6393800
2008-10-16,8.8100004196167,8.949999809265137,8.069999694824219,8.529999732971191,4.302994728088379,7016800
2008-10-17,8.5,8.9399995803833,8.350000381469727,8.789999961853027,4.434150695800781,5628900
2008-10-20,8.9399995803833,8.9399995803833,8.390000343322754,8.529999732971191,4.302994728088379,3695000
2008-10-21,8.520000457763672,8.529999732971191,8.0600004196167,8.109999656677246,4.091121673583984,3159900
2008-10-22,8.050000190734863,8.149999618530273,7.71999979019165,8.0,4.035632610321045,6150400
2008-10-23,7.400000095367432,7.730000019073486,6.639999866485596,7.050000190734863,3.556400775909424,10704000
2008-10-24,6.739999771118164,7.179999828338623,6.650000095367432,7.039999961853027,3.5513575077056885,10904900
2008-10-27,7.050000190734863,7.210000038146973,6.670000076293945,6.690000057220459,3.3747997283935547,6684400
2008-10-28,6.809999942779541,6.880000114440918,6.21999979019165,6.610000133514404,3.334442615509033,9121800
2008-10-29,6.289999961853027,6.739999771118164,6.289999961853027,6.449999809265137,3.2537295818328857,10397400
2008-10-30,6.630000114440918,6.75,6.300000190734863,6.409999847412109,3.233551263809204,8661900
2008-10-31,6.53000020980835,7.110000133514404,6.179999828338623,6.769999980926514,3.4151532649993896,15470400
2008-11-03,6.929999828338623,7.239999771118164,6.699999809265137,7.070000171661377,3.5664901733398438,9899800
2008-11-04,7.420000076293945,8.109999656677246,7.349999904632568,7.53000020980835,3.7985405921936035,15831400
2008-11-05,7.400000095367432,7.5,7.0,7.010000228881836,3.593489408493042,10183800
2008-11-06,6.869999885559082,7.03000020980835,6.329999923706055,6.429999828338623,3.2961695194244385,11119000
2008-11-07,6.519999980926514,6.650000095367432,6.340000152587891,6.599999904632568,3.3833155632019043,23948000
2008-11-10,6.760000228881836,6.789999961853027,6.059999942779541,6.199999809265137,3.178265333175659,9115800
2008-11-11,6.150000095367432,6.269999980926514,5.460000038146973,5.489999771118164,2.814302682876587,10246600
2008-11-12,5.539999961853027,5.599999904632568,4.800000190734863,4.809999942779541,2.4657180309295654,12883600
2008-11-13,4.75,5.179999828338623,4.349999904632568,5.019999980926514,2.5733695030212402,12879100
2008-11-14,4.940000057220459,5.199999809265137,4.75,4.869999885559082,2.4964756965637207,10876100
2008-11-17,4.78000020980835,5.03000020980835,4.610000133514404,4.769999980926514,2.44521427154541,9415200
2008-11-18,4.940000057220459,4.96999979019165,4.159999847412109,4.320000171661377,2.2145333290100098,10347400
2008-11-19,4.170000076293945,4.400000095367432,3.9000000953674316,3.9100000858306885,2.00435733795166,9017300
2008-11-20,3.799999952316284,4.199999809265137,3.680000066757202,3.8299999237060547,1.9633474349975586,12045800
2008-11-21,3.9100000858306885,4.409999847412109,3.6700000762939453,4.400000095367432,2.2555437088012695,13533600
2008-11-24,4.510000228881836,4.789999961853027,4.230000019073486,4.460000038146973,2.2863004207611084,8887100
2008-11-25,4.260000228881836,4.78000020980835,4.25,4.420000076293945,2.2657954692840576,7946700
2008-11-26,4.619999885559082,4.619999885559082,4.309999942779541,4.510000228881836,2.311931848526001,8635400
2008-11-28,4.519999980926514,4.519999980926514,4.139999866485596,4.210000038146973,2.158144235610962,4686300
2008-12-01,4.21999979019165,4.25,3.8499999046325684,3.8499999046325684,1.973600149154663,8367400
2008-12-02,3.880000114440918,4.369999885559082,3.8499999046325684,4.309999942779541,2.209406852722168,14028300
2008-12-03,4.210000038146973,4.579999923706055,4.130000114440918,4.400000095367432,2.2555437088012695,8884700
2008-12-04,4.25,4.489999771118164,4.190000057220459,4.300000190734863,2.204279899597168,9017600
2008-12-05,4.170000076293945,4.519999980926514,4.070000171661377,4.519999980926514,2.3170583248138428,9300900
2008-12-08,4.769999980926514,5.199999809265137,4.710000038146973,5.159999847412109,2.645136833190918,12067600
2008-12-09,4.96999979019165,5.550000190734863,4.920000076293945,5.090000152587891,2.6092543601989746,12301500
2008-12-10,5.0,5.610000133514404,5.0,5.489999771118164,2.814302682876587,12454200
2008-12-11,5.340000152587891,5.389999866485596,4.730000019073486,4.760000228881836,2.4400875568389893,8516100
2008-12-12,4.71999979019165,5.320000171661377,4.599999904632568,5.269999980926514,2.7015256881713867,9274200
2008-12-15,5.239999771118164,5.329999923706055,4.639999866485596,4.760000228881836,2.4400875568389893,8323600
2008-12-16,4.449999809265137,4.900000095367432,4.389999866485596,4.449999809265137,2.281174659729004,14482200
2008-12-17,4.340000152587891,4.900000095367432,4.340000152587891,4.769999980926514,2.44521427154541,14071200
2008-12-18,5.0,5.0,4.420000076293945,4.539999961853027,2.3273110389709473,8723000
2008-12-19,4.679999828338623,4.730000019073486,4.429999828338623,4.550000190734863,2.332437753677368,6138900
2008-12-22,4.510000228881836,4.699999809265137,4.320000171661377,4.409999847412109,2.260668992996216,5264400
2008-12-23,4.409999847412109,4.519999980926514,4.269999980926514,4.349999904632568,2.229912042617798,5162200
2008-12-24,4.28000020980835,4.289999961853027,4.090000152587891,4.139999866485596,2.1222617626190186,3176600
2008-12-26,4.139999866485596,4.190000057220459,4.010000228881836,4.159999847412109,2.132514715194702,3174400
2008-12-29,4.309999942779541,4.369999885559082,3.990000009536743,4.090000152587891,2.096630096435547,4081800
2008-12-30,4.099999904632568,4.239999771118164,4.010000228881836,4.139999866485596,2.1222617626190186,4326400
2008-12-31,4.099999904632568,4.53000020980835,4.050000190734863,4.429999828338623,2.2709217071533203,5248300
2009-01-02,4.550000190734863,5.139999866485596,4.510000228881836,5.079999923706055,2.6041269302368164,9355100
2009-01-05,5.110000133514404,5.389999866485596,4.960000038146973,5.139999866485596,2.6348836421966553,8915700
2009-01-06,5.309999942779541,5.900000095367432,5.289999961853027,5.78000020980835,2.962963581085205,13248300
2009-01-07,5.389999866485596,5.599999904632568,5.329999923706055,5.369999885559082,2.7527875900268555,10925400
2009-01-08,5.159999847412109,5.599999904632568,5.110000133514404,5.599999904632568,2.870692014694214,5103500
2009-01-09,5.650000095367432,5.760000228881836,5.300000190734863,5.639999866485596,2.89119553565979,8476800
2009-01-12,5.550000190734863,5.550000190734863,4.590000152587891,4.760000228881836,2.4400875568389893,21754900
2009-01-13,4.610000133514404,4.809999942779541,4.389999866485596,4.579999923706055,2.347816228866577,10439100
2009-01-14,4.610000133514404,4.610000133514404,4.21999979019165,4.289999961853027,2.1991543769836426,12343400
2009-01-15,4.320000171661377,4.440000057220459,4.010000228881836,4.329999923706055,2.2196598052978516,11680200
2009-01-16,4.480000019073486,4.5,4.179999828338623,4.389999866485596,2.2504162788391113,10174400
2009-01-20,4.480000019073486,4.480000019073486,3.8499999046325684,3.880000114440918,1.9889793395996094,10049200
2009-01-21,4.0,4.25,3.990000009536743,4.25,2.178649663925171,6378600
2009-01-22,3.890000104904175,3.940000057220459,3.130000114440918,3.2300000190734863,1.6557731628417969,30637400
2009-01-23,3.130000114440918,3.259999990463257,2.9800000190734863,3.109999895095825,1.5942586660385132,34796600
2009-01-26,3.140000104904175,3.490000009536743,3.119999885559082,3.4200000762939453,1.7531723976135254,27431100
2009-01-27,3.5,3.700000047683716,3.369999885559082,3.619999885559082,1.855696678161621,22355300
2009-01-28,3.8499999046325684,4.119999885559082,3.7300000190734863,3.950000047683716,2.024862051010132,12289000
2009-01-29,3.9000000953674316,4.46999979019165,3.819999933242798,4.039999961853027,2.0709991455078125,20359600
2009-01-30,4.25,4.320000171661377,3.7699999809265137,3.7899999618530273,1.9428433179855347,10775800
2009-02-02,3.6500000953674316,4.019999980926514,3.569999933242798,3.9700000286102295,2.0351150035858154,10416600
2009-02-03,3.8399999141693115,3.9600000381469727,3.6500000953674316,3.8299999237060547,1.9633474349975586,9607100
2009-02-04,3.9000000953674316,4.46999979019165,3.880000114440918,4.28000020980835,2.2113497257232666,17445200
2009-02-05,4.239999771118164,4.550000190734863,4.090000152587891,4.389999866485596,2.2681832313537598,16163700
2009-02-06,4.449999809265137,4.679999828338623,4.21999979019165,4.510000228881836,2.3301842212677,16722700
2009-02-09,4.5,4.550000190734863,4.300000190734863,4.360000133514404,2.2526824474334717,8861100
2009-02-10,4.579999923706055,4.75,4.050000190734863,4.099999904632568,2.1183485984802246,19198500
2009-02-11,4.300000190734863,4.329999923706055,4.059999942779541,4.199999809265137,2.170015811920166,7614600
2009-02-12,4.099999904632568,4.550000190734863,4.039999961853027,4.480000019073486,2.3146839141845703,10387100
2009-02-13,4.409999847412109,4.480000019073486,4.289999961853027,4.369999885559082,2.257850408554077,6433500
2009-02-17,4.28000020980835,4.619999885559082,4.210000038146973,4.289999961853027,2.2165164947509766,12870600
2009-02-18,4.460000038146973,4.679999828338623,4.260000228881836,4.449999809265137,2.2991833686828613,10620500
2009-02-19,4.550000190734863,4.619999885559082,4.130000114440918,4.260000228881836,2.2010159492492676,13103800
2009-02-20,4.139999866485596,4.239999771118164,3.700000047683716,4.190000057220459,2.164849281311035,18865300
2009-02-23,4.21999979019165,4.21999979019165,3.9100000858306885,4.010000228881836,2.0718483924865723,9720700
2009-02-24,4.050000190734863,4.050000190734863,3.809999942779541,3.9600000381469727,2.0460147857666016,19504800
2009-02-25,4.099999904632568,4.389999866485596,4.039999961853027,4.309999942779541,2.2268495559692383,12892400
2009-02-26,4.260000228881836,4.380000114440918,4.099999904632568,4.099999904632568,2.1183485984802246,7637400
2009-02-27,4.110000133514404,4.340000152587891,4.0,4.300000190734863,2.2216827869415283,15044400
2009-03-02,4.099999904632568,4.320000171661377,3.630000114440918,3.680000066757202,1.9013475179672241,16256000
2009-03-03,3.809999942779541,4.050000190734863,3.640000104904175,3.759999990463257,1.9426805973052979,10057100
2009-03-04,3.799999952316284,4.0,3.6700000762939453,3.759999990463257,1.9426805973052979,12727200
2009-03-05,3.6700000762939453,3.8399999141693115,3.380000114440918,3.4200000762939453,1.7670131921768188,11936100
2009-03-06,3.509999990463257,3.6500000953674316,3.0399999618530273,3.109999895095825,1.6068447828292847,14962800
2009-03-09,3.1500000953674316,3.3499999046325684,3.0899999141693115,3.140000104904175,1.622344732284546,8072800
2009-03-10,3.25,3.740000009536743,3.25,3.609999895095825,1.8651800155639648,10463400
2009-03-11,3.6700000762939453,3.7799999713897705,3.430000066757202,3.7200000286102295,1.9220142364501953,11094000
2009-03-12,3.7899999618530273,3.9600000381469727,3.700000047683716,3.880000114440918,2.004681348800659,7195100
2009-03-13,3.890000104904175,4.300000190734863,3.8499999046325684,4.260000228881836,2.2010159492492676,14125600
2009-03-16,4.269999980926514,4.5,4.210000038146973,4.300000190734863,2.2216827869415283,12288000
2009-03-17,4.210000038146973,4.510000228881836,4.170000076293945,4.460000038146973,2.3043503761291504,5783400
2009-03-18,4.5,4.809999942779541,4.400000095367432,4.699999809265137,2.428351879119873,9077000
2009-03-19,4.659999847412109,4.820000171661377,4.579999923706055,4.650000095367432,2.4025168418884277,6882200
2009-03-20,4.760000228881836,4.78000020980835,4.389999866485596,4.599999904632568,2.3766846656799316,8326800
2009-03-23,4.789999961853027,5.170000076293945,4.730000019073486,5.159999847412109,2.6660196781158447,12508400
2009-03-24,5.0,5.789999961853027,4.869999885559082,5.78000020980835,2.986355781555176,28225000
2009-03-25,5.849999904632568,6.119999885559082,5.670000076293945,5.960000038146973,3.0793561935424805,29216900
2009-03-26,6.239999771118164,6.559999942779541,5.730000019073486,6.559999942779541,3.3893580436706543,23248300
2009-03-27,6.179999828338623,6.539999961853027,6.050000190734863,6.090000152587891,3.1465225219726562,12375500
2009-03-30,5.820000171661377,6.010000228881836,5.579999923706055,5.909999847412109,3.0535237789154053,13425300
2009-03-31,6.110000133514404,6.199999809265137,5.920000076293945,6.010000228881836,3.105191707611084,8937000
2009-04-01,5.559999942779541,6.019999980926514,5.510000228881836,5.980000019073486,3.0896899700164795,13729100
2009-04-02,6.099999904632568,6.440000057220459,6.050000190734863,6.199999809265137,3.203356981277466,12028600
2009-04-03,6.090000152587891,6.800000190734863,5.96999979019165,6.730000019073486,3.4771926403045654,14186200
2009-04-06,6.760000228881836,6.800000190734863,6.309999942779541,6.400000095367432,3.306689977645874,13135600
2009-04-07,6.199999809265137,6.349999904632568,6.099999904632568,6.150000095367432,3.177523612976074,6666400
2009-04-08,5.960000038146973,6.389999866485596,5.940000057220459,6.349999904632568,3.2808585166931152,8796500
2009-04-09,6.599999904632568,6.789999961853027,6.409999847412109,6.650000095367432,3.4358580112457275,10464000
2009-04-13,6.300000190734863,6.489999771118164,5.869999885559082,6.340000152587891,3.2756917476654053,16267100
2009-04-14,6.179999828338623,6.300000190734863,5.679999828338623,6.050000190734863,3.1258561611175537,14846000
2009-04-15,5.809999942779541,6.03000020980835,5.610000133514404,5.849999904632568,3.0225234031677246,13835800
2009-04-16,5.96999979019165,6.489999771118164,5.909999847412109,6.349999904632568,3.2808585166931152,14255300
2009-04-17,6.300000190734863,6.980000019073486,6.150000095367432,6.829999923706055,3.5288593769073486,14858600
2009-04-20,6.300000190734863,6.71999979019165,6.300000190734863,6.460000038146973,3.3376893997192383,9185100
2009-04-21,6.369999885559082,6.75,6.309999942779541,6.670000076293945,3.4461920261383057,11757200
2009-04-22,6.570000171661377,7.349999904632568,6.570000171661377,7.150000095367432,3.6941945552825928,23113500
2009-04-23,7.260000228881836,7.260000228881836,6.869999885559082,7.019999980926514,3.6270265579223633,18314500
2009-04-24,7.199999809265137,7.300000190734863,6.889999866485596,7.28000020980835,3.761361837387085,14603500
2009-04-27,7.119999885559082,7.5,6.940000057220459,7.019999980926514,3.6270265579223633,13049400
2009-04-28,6.949999809265137,7.150000095367432,6.929999828338623,7.019999980926514,3.6270265579223633,8095400
2009-04-29,7.050000190734863,7.570000171661377,7.039999961853027,7.440000057220459,3.8440284729003906,10543800
2009-04-30,7.800000190734863,8.369999885559082,7.699999809265137,8.15999984741211,4.216031551361084,19682200
2009-05-01,8.15999984741211,8.630000114440918,8.0600004196167,8.449999809265137,4.365864276885986,13016600
2009-05-04,8.75,9.109999656677246,8.720000267028809,9.09000015258789,4.696534633636475,12887300
2009-05-05,9.069999694824219,9.069999694824219,8.390000343322754,8.460000038146973,4.371033668518066,16786200
2009-05-06,8.460000038146973,8.640000343322754,8.109999656677246,8.40999984741211,4.345199108123779,14482100
2009-05-07,8.5,8.579999923706055,7.550000190734863,7.699999809265137,3.9783620834350586,15354200
2009-05-08,7.989999771118164,7.989999771118164,7.170000076293945,7.789999961853027,4.024863243103027,16932500
2009-05-11,7.679999828338623,7.840000152587891,7.46999979019165,7.570000171661377,3.911194086074829,11357900
2009-05-12,7.650000095367432,7.889999866485596,7.0,7.340000152587891,3.7923600673675537,15147200
2009-05-13,7.25,7.28000020980835,6.78000020980835,6.980000019073486,3.6063597202301025,19403500
2009-05-14,7.0,7.349999904632568,6.829999923706055,7.289999961853027,3.7665281295776367,13707100
2009-05-15,7.170000076293945,7.590000152587891,7.159999847412109,7.25,3.745861053466797,8781100
2009-05-18,7.170000076293945,7.650000095367432,7.130000114440918,7.619999885559082,3.937027931213379,8637300
2009-05-19,7.670000076293945,8.319999694824219,7.599999904632568,8.109999656677246,4.190196990966797,11984400
2009-05-20,8.300000190734863,8.40999984741211,7.820000171661377,7.909999847412109,4.0868635177612305,15830400
2009-05-21,7.820000171661377,8.029999732971191,7.599999904632568,8.010000228881836,4.13853120803833,10178600
2009-05-22,8.15999984741211,8.529999732971191,7.980000019073486,8.4399995803833,4.360698223114014,13414800
2009-05-26,8.220000267028809,8.800000190734863,8.199999809265137,8.779999732971191,4.5363664627075195,12889300
2009-05-27,8.800000190734863,8.960000038146973,8.569999694824219,8.579999923706055,4.433032989501953,12595100
2009-05-28,8.770000457763672,8.850000381469727,8.289999961853027,8.680000305175781,4.484700679779053,12409300
2009-05-29,8.640000343322754,8.930000305175781,8.5600004196167,8.710000038146973,4.5002007484436035,23409900
2009-06-01,9.0,9.489999771118164,8.880000114440918,9.460000038146973,4.887701511383057,13236200
2009-06-02,9.300000190734863,9.300000190734863,8.600000381469727,8.779999732971191,4.5363664627075195,18511900
2009-06-03,8.59000015258789,8.720000267028809,8.3100004196167,8.460000038146973,4.371033668518066,11261200
2009-06-04,8.479999542236328,8.979999542236328,8.460000038146973,8.930000305175781,4.613867282867432,9990400
2009-06-05,8.84000015258789,9.0,8.520000457763672,8.8100004196167,4.551865100860596,7685900
2009-06-08,8.770000457763672,9.020000457763672,8.510000228881836,8.859999656677246,4.577700614929199,10070900
2009-06-09,9.0600004196167,9.59000015258789,8.989999771118164,9.460000038146973,4.887701511383057,12761300
2009-06-10,9.600000381469727,9.65999984741211,8.989999771118164,9.329999923706055,4.820535182952881,15217200
2009-06-11,9.359999656677246,9.779999732971191,9.350000381469727,9.649999618530273,4.985869407653809,9746000
2009-06-12,9.520000457763672,9.640000343322754,9.260000228881836,9.539999961853027,4.929037570953369,7349700
2009-06-15,9.489999771118164,9.489999771118164,9.180000305175781,9.34000015258789,4.825704097747803,8384800
2009-06-16,9.25,9.510000228881836,9.109999656677246,9.119999885559082,4.712033748626709,11454800
2009-06-17,9.399999618530273,9.579999923706055,9.130000114440918,9.390000343322754,4.851536273956299,10065400
2009-06-18,9.380000114440918,9.520000457763672,9.020000457763672,9.260000228881836,4.7843708992004395,10791000
2009-06-19,9.380000114440918,9.75,9.34000015258789,9.6899995803833,5.00653600692749,12308800
2009-06-22,9.630000114440918,9.829999923706055,9.399999618530273,9.420000076293945,4.86703634262085,9948500
2009-06-23,9.279999732971191,9.649999618530273,9.09000015258789,9.600000381469727,4.960036277770996,17378200
2009-06-24,9.699999809265137,10.069999694824219,9.5600004196167,9.869999885559082,5.0995378494262695,16099200
2009-06-25,9.949999809265137,9.949999809265137,9.430000305175781,9.5,4.908370494842529,24517500
2009-06-26,9.640000343322754,10.279999732971191,9.479999542236328,10.270000457763672,5.306205749511719,22205900
2009-06-29,10.130000114440918,10.40999984741211,10.039999961853027,10.289999961853027,5.316539287567139,11389100
2009-06-30,10.34000015258789,10.630000114440918,10.270000457763672,10.460000038146973,5.4043731689453125,17993800
2009-07-01,10.369999885559082,10.850000381469727,10.369999885559082,10.600000381469727,5.476707458496094,10796700
2009-07-02,10.5,10.5,10.220000267028809,10.279999732971191,5.311370849609375,6634200
2009-07-06,10.3100004196167,10.600000381469727,9.869999885559082,10.050000190734863,5.1925368309021,16179300
2009-07-07,10.029999732971191,10.170000076293945,9.3100004196167,9.5,4.908370494842529,24742200
2009-07-08,9.5,9.609999656677246,9.25,9.5,4.908370494842529,11077400
2009-07-09,9.520000457763672,9.649999618530273,9.270000457763672,9.529999732971191,4.9238691329956055,9163600
2009-07-10,9.699999809265137,10.050000190734863,9.460000038146973,10.0,5.1667046546936035,18845400
2009-07-13,10.010000228881836,10.399999618530273,9.65999984741211,10.369999885559082,5.357872009277344,11206800
2009-07-14,10.229999542236328,10.65999984741211,10.1899995803833,10.609999656677246,5.481873512268066,11796900
2009-07-15,10.829999923706055,11.050000190734863,10.720000267028809,10.869999885559082,5.616207122802734,13337200
2009-07-16,10.869999885559082,11.199999809265137,10.800000190734863,10.920000076293945,5.64204216003418,12018600
2009-07-17,10.920000076293945,11.210000038146973,10.819999694824219,11.149999618530273,5.7608747482299805,10185700
2009-07-20,11.239999771118164,11.34000015258789,10.869999885559082,11.039999961853027,5.704042434692383,11840700
2009-07-21,11.039999961853027,11.229999542236328,10.720000267028809,11.199999809265137,5.786708831787109,14016800
2009-07-22,11.670000076293945,12.25,11.3100004196167,11.850000381469727,6.122546195983887,31871900
2009-07-23,11.880000114440918,12.149999618530273,11.59000015258789,11.65999984741211,6.02437686920166,18534900
2009-07-24,11.430000305175781,11.579999923706055,11.279999732971191,11.529999732971191,5.957210063934326,14599900
2009-07-27,11.630000114440918,12.25,11.5600004196167,12.220000267028809,6.313714504241943,13372900
2009-07-28,12.229999542236328,12.760000228881836,12.220000267028809,12.609999656677246,6.515214443206787,17526100
2009-07-29,12.34000015258789,12.449999809265137,11.960000038146973,12.109999656677246,6.256877422332764,14061100
2009-07-30,12.380000114440918,12.420000076293945,12.15999984741211,12.210000038146973,6.30854606628418,13182000
2009-07-31,12.329999923706055,12.34000015258789,12.0,12.039999961853027,6.220713138580322,8552800
2009-08-03,12.15999984741211,12.40999984741211,12.149999618530273,12.329999923706055,6.370545864105225,9839600
2009-08-04,12.149999618530273,12.380000114440918,12.149999618530273,12.260000228881836,6.334377765655518,11930300
2009-08-05,12.210000038146973,12.300000190734863,11.739999771118164,11.970000267028809,6.184544086456299,14173100
2009-08-06,11.970000267028809,12.140000343322754,11.6899995803833,11.84000015258789,6.1173787117004395,10945700
2009-08-07,12.199999809265137,12.479999542236328,11.899999618530273,12.359999656677246,6.38604736328125,10794600
2009-08-10,12.239999771118164,12.369999885559082,12.0,12.079999923706055,6.241380214691162,6240200
2009-08-11,12.069999694824219,12.220000267028809,11.8100004196167,12.140000343322754,6.2723798751831055,7038900
2009-08-12,12.039999961853027,12.630000114440918,12.0,12.5,6.458379745483398,10574200
2009-08-13,12.640000343322754,12.699999809265137,12.289999961853027,12.529999732971191,6.473878383636475,9109800
2009-08-14,12.449999809265137,12.479999542236328,12.0,12.199999809265137,6.303381443023682,7853200
2009-08-17,12.0,12.0,11.5600004196167,11.779999732971191,6.086379528045654,9223500
2009-08-18,11.800000190734863,12.180000305175781,11.770000457763672,12.140000343322754,6.2723798751831055,8312700
2009-08-19,11.770000457763672,12.279999732971191,11.720000267028809,12.220000267028809,6.313714504241943,8904200
2009-08-20,12.25,12.350000381469727,12.069999694824219,12.300000190734863,6.355047225952148,4968200
2009-08-21,12.479999542236328,12.65999984741211,12.289999961853027,12.630000114440918,6.525547504425049,5560400
2009-08-24,12.739999771118164,12.779999732971191,12.210000038146973,12.279999732971191,6.344711780548096,6910200
2009-08-25,12.279999732971191,12.520000457763672,12.210000038146973,12.34000015258789,6.375712871551514,5688700
2009-08-26,12.369999885559082,12.369999885559082,11.949999809265137,12.130000114440918,6.267212390899658,9743600
2009-08-27,12.3100004196167,13.640000343322754,12.270000457763672,13.59000015258789,7.021552085876465,26277800
2009-08-28,13.920000076293945,14.199999809265137,13.770000457763672,14.020000457763672,7.243720054626465,13801700
2009-08-31,13.649999618530273,13.930000305175781,13.470000267028809,13.850000381469727,7.155886173248291,6228700
2009-09-01,13.739999771118164,14.300000190734863,13.279999732971191,13.399999618530273,6.923384666442871,11448900
2009-09-02,13.279999732971191,13.5,13.09000015258789,13.119999885559082,6.778716087341309,7493300
2009-09-03,13.229999542236328,13.380000114440918,13.130000114440918,13.239999771118164,6.840716361999512,11006800
2009-09-04,13.199999809265137,13.90999984741211,13.1899995803833,13.680000305175781,7.068052768707275,11377500
2009-09-08,13.989999771118164,14.84000015258789,13.850000381469727,14.770000457763672,7.6312255859375,16346000
2009-09-09,14.800000190734863,15.0600004196167,14.600000381469727,14.930000305175781,7.713889122009277,12280200
2009-09-10,14.9399995803833,15.229999542236328,14.75,14.949999809265137,7.7242231369018555,12114800
2009-09-11,14.970000267028809,15.050000190734863,14.720000267028809,14.869999885559082,7.682888984680176,10658100
2009-09-14,14.699999809265137,15.100000381469727,14.630000114440918,15.079999923706055,7.791390419006348,8919400
2009-09-15,15.09000015258789,15.640000343322754,15.069999694824219,15.369999885559082,7.941226482391357,10323900
2009-09-16,15.359999656677246,15.550000190734863,15.270000457763672,15.369999885559082,7.941226482391357,7085000
2009-09-17,15.399999618530273,15.460000038146973,14.710000038146973,14.989999771118164,7.744891166687012,10984900
2009-09-18,14.989999771118164,15.34000015258789,14.829999923706055,15.260000228881836,7.8843889236450195,9265500
2009-09-21,15.359999656677246,15.479999542236328,15.0,15.449999809265137,7.982562065124512,8263600
2009-09-22,15.649999618530273,15.800000190734863,15.40999984741211,15.680000305175781,8.10139274597168,8712300
2009-09-23,16.1299991607666,16.15999984741211,15.4399995803833,15.460000038146973,7.987726211547852,20374200
2009-09-24,15.5,15.649999618530273,15.039999961853027,15.180000305175781,7.8430562019348145,10464000
2009-09-25,15.319999694824219,15.319999694824219,14.720000267028809,14.899999618530273,7.698389530181885,13589400
2009-09-28,15.069999694824219,15.699999809265137,15.029999732971191,15.5,8.008393287658691,7066400
2009-09-29,15.529999732971191,15.609999656677246,15.100000381469727,15.15999984741211,7.832724094390869,8704100
2009-09-30,15.279999732971191,15.640000343322754,15.0,15.210000038146973,7.85855770111084,8738300
2009-10-01,15.25,15.319999694824219,14.479999542236328,14.510000228881836,7.496888637542725,18577300
2009-10-02,14.270000457763672,14.680000305175781,14.170000076293945,14.399999618530273,7.440052509307861,13798200
2009-10-05,14.489999771118164,15.010000228881836,14.34000015258789,14.970000267028809,7.734556198120117,9380700
2009-10-06,14.979999542236328,15.3100004196167,14.829999923706055,15.079999923706055,7.791390419006348,15035000
2009-10-07,15.09000015258789,15.289999961853027,14.5600004196167,14.65999984741211,7.57438850402832,11701700
2009-10-08,14.979999542236328,15.039999961853027,14.640000343322754,14.819999694824219,7.657054901123047,12048100
2009-10-09,14.779999732971191,15.510000228881836,14.75,15.460000038146973,7.987726211547852,10353900
2009-10-12,16.389999389648438,16.399999618530273,15.649999618530273,15.84000015258789,8.184059143066406,13361900
2009-10-13,15.930000305175781,16.040000915527344,15.529999732971191,15.640000343322754,8.080723762512207,8232900
2009-10-14,16.010000228881836,16.25,15.9399995803833,16.110000610351562,8.32356071472168,13660200
2009-10-15,15.890000343322754,15.989999771118164,15.270000457763672,15.539999961853027,8.029058456420898,10946800
2009-10-16,15.520000457763672,15.520000457763672,14.920000076293945,15.270000457763672,7.889555931091309,11589300
2009-10-19,15.399999618530273,15.649999618530273,15.130000114440918,15.550000190734863,8.034224510192871,9495500
2009-10-20,15.600000381469727,15.90999984741211,15.460000038146973,15.550000190734863,8.034224510192871,13341500
2009-10-21,15.199999809265137,15.479999542236328,14.210000038146973,15.1899995803833,7.848221778869629,26622700
2009-10-22,15.100000381469727,15.979999542236328,15.069999694824219,15.920000076293945,8.225391387939453,18320400
2009-10-23,16.1200008392334,16.1200008392334,15.65999984741211,15.729999542236328,8.12722396850586,14369800
2009-10-26,15.970000267028809,16.5,15.739999771118164,15.819999694824219,8.173727035522461,10868900
2009-10-27,15.829999923706055,15.979999542236328,15.3100004196167,15.319999694824219,7.915390968322754,8128600
2009-10-28,15.260000228881836,15.3100004196167,14.34000015258789,14.4399995803833,7.460720062255859,14264300
2009-10-29,14.770000457763672,14.84000015258789,14.34000015258789,14.579999923706055,7.533056259155273,13944600
2009-10-30,14.510000228881836,14.670000076293945,13.779999732971191,13.949999809265137,7.207552909851074,14099700
2009-11-02,14.0,14.359999656677246,13.899999618530273,14.15999984741211,7.316053867340088,9465500
2009-11-03,14.029999732971191,14.350000381469727,13.8100004196167,14.34000015258789,7.409055709838867,12391400
2009-11-04,14.300000190734863,15.140000343322754,14.270000457763672,14.720000267028809,7.6053900718688965,16225400
2009-11-05,14.960000038146973,15.510000228881836,14.960000038146973,15.369999885559082,7.941226482391357,10418500
2009-11-06,15.239999771118164,15.520000457763672,15.119999885559082,15.3100004196167,7.910225868225098,6496900
2009-11-09,15.449999809265137,15.84000015258789,15.399999618530273,15.739999771118164,8.13239574432373,6013700
2009-11-10,15.630000114440918,16.0,15.609999656677246,15.920000076293945,8.225391387939453,7884200
2009-11-11,15.949999809265137,16.309999465942383,15.930000305175781,16.299999237060547,8.421725273132324,9332600
2009-11-12,16.31999969482422,17.030000686645508,16.299999237060547,16.799999237060547,8.680063247680664,20111800
2009-11-13,16.8700008392334,16.899999618530273,16.549999237060547,16.719999313354492,8.638726234436035,8340100
2009-11-16,16.75,17.059999465942383,16.729999542236328,17.010000228881836,8.788564682006836,9744600
2009-11-17,16.850000381469727,17.229999542236328,16.6200008392334,17.18000030517578,8.876399040222168,12775000
2009-11-18,16.520000457763672,16.610000610351562,16.209999084472656,16.469999313354492,8.509561538696289,13470500
2009-11-19,16.170000076293945,16.600000381469727,15.930000305175781,16.049999237060547,8.292560577392578,9454100
2009-11-20,15.819999694824219,16.0,15.510000228881836,15.59000015258789,8.054889678955078,10166600
2009-11-23,15.859999656677246,16.229999542236328,15.800000190734863,15.920000076293945,8.225391387939453,9164800
2009-11-24,16.030000686645508,16.030000686645508,15.609999656677246,15.670000076293945,8.096226692199707,6249900
2009-11-25,15.760000228881836,15.979999542236328,15.520000457763672,15.890000343322754,8.209893226623535,8269600
2009-11-27,15.520000457763672,15.649999618530273,15.319999694824219,15.539999961853027,8.029058456420898,4101600
2009-11-30,15.5,15.539999961853027,15.0,15.130000114440918,7.817222595214844,8216800
2009-12-01,15.40999984741211,15.90999984741211,15.130000114440918,15.739999771118164,8.13239574432373,8698000
2009-12-02,15.770000457763672,16.549999237060547,15.739999771118164,16.479999542236328,8.514728546142578,15599800
2009-12-03,16.5,16.700000762939453,16.15999984741211,16.350000381469727,8.447559356689453,9672300
2009-12-04,16.889999389648438,17.1200008392334,16.15999984741211,16.690000534057617,8.623231887817383,12827300
2009-12-07,16.600000381469727,16.979999542236328,16.59000015258789,16.6200008392334,8.58706283569336,6184200
2009-12-08,16.450000762939453,16.719999313354492,16.350000381469727,16.389999389648438,8.468229293823242,5646900
2009-12-09,16.34000015258789,16.75,16.110000610351562,16.709999084472656,8.633562088012695,6300900
2009-12-10,16.739999771118164,16.829999923706055,16.479999542236328,16.510000228881836,8.530227661132812,8940000
2009-12-11,16.579999923706055,16.68000030517578,16.200000762939453,16.43000030517578,8.488896369934082,5672700
2009-12-14,16.40999984741211,16.690000534057617,16.309999465942383,16.56999969482422,8.561229705810547,4614900
2009-12-15,16.5,16.600000381469727,16.270000457763672,16.399999618530273,8.473394393920898,4423200
2009-12-16,16.549999237060547,17.3700008392334,16.549999237060547,17.260000228881836,8.917737007141113,13206300
2009-12-17,17.149999618530273,17.43000030517578,16.93000030517578,17.270000457763672,8.92289924621582,9060200
2009-12-18,17.360000610351562,17.459999084472656,17.030000686645508,17.459999084472656,9.021063804626465,10122700
2009-12-21,17.829999923706055,17.8799991607666,17.530000686645508,17.68000030517578,9.134734153747559,10066500
2009-12-22,17.739999771118164,17.860000610351562,17.610000610351562,17.829999923706055,9.21223258972168,7103800
2009-12-23,18.0,18.049999237060547,17.889999389648438,17.950000762939453,9.274234771728516,5651400
2009-12-24,18.0,18.110000610351562,17.93000030517578,18.06999969482422,9.336235046386719,1995200
2009-12-28,18.18000030517578,18.350000381469727,17.770000457763672,17.969999313354492,9.284570693969727,4939700
2009-12-29,17.979999542236328,17.989999771118164,17.459999084472656,17.809999465942383,9.201899528503418,7119700
2009-12-30,17.84000015258789,18.459999084472656,17.770000457763672,18.440000534057617,9.527402877807617,9471900
2009-12-31,18.43000030517578,18.59000015258789,18.190000534057617,18.190000534057617,9.398238182067871,6022500
2010-01-04,18.56999969482422,18.969999313354492,18.399999618530273,18.889999389648438,9.759907722473145,11116900
2010-01-05,18.860000610351562,19.040000915527344,18.43000030517578,18.520000457763672,9.568741798400879,14536200
2010-01-06,18.43000030517578,18.639999389648438,18.219999313354492,18.389999389648438,9.501571655273438,7171200
2010-01-07,18.399999618530273,18.40999984741211,17.940000534057617,18.040000915527344,9.3207368850708,8556300
2010-01-08,17.579999923706055,18.079999923706055,17.479999542236328,17.889999389648438,9.243234634399414,11329000
2010-01-11,18.260000228881836,18.649999618530273,18.219999313354492,18.350000381469727,9.480904579162598,11497500
2010-01-12,18.270000457763672,18.440000534057617,17.56999969482422,17.719999313354492,9.155401229858398,11522800
2010-01-13,17.950000762939453,18.299999237060547,17.59000015258789,18.190000534057617,9.398238182067871,8800200
2010-01-14,18.15999984741211,18.489999771118164,18.010000228881836,18.34000015258789,9.475737571716309,6398700
2010-01-15,18.309999465942383,18.600000381469727,17.530000686645508,17.770000457763672,9.18123722076416,13716200
2010-01-19,17.8799991607666,18.270000457763672,17.770000457763672,18.15999984741211,9.382733345031738,7802900
2010-01-20,18.149999618530273,18.18000030517578,17.459999084472656,17.760000228881836,9.176065444946289,16283900
2010-01-21,19.84000015258789,20.299999237060547,19.34000015258789,19.489999771118164,10.069907188415527,35144100
2010-01-22,19.3700008392334,19.6200008392334,18.270000457763672,18.399999618530273,9.506738662719727,20111600
2010-01-25,18.790000915527344,19.059999465942383,18.59000015258789,18.920000076293945,9.775403022766113,15582000
2010-01-26,18.889999389648438,19.6200008392334,18.760000228881836,19.309999465942383,9.976908683776855,16018200
2010-01-27,19.219999313354492,19.43000030517578,18.68000030517578,19.079999923706055,9.858075141906738,15416200
2010-01-28,19.190000534057617,19.280000686645508,18.139999389648438,18.360000610351562,9.486071586608887,14128500
2010-01-29,18.350000381469727,18.510000228881836,16.469999313354492,16.709999084472656,8.633562088012695,28653200
2010-02-01,17.229999542236328,17.979999542236328,17.059999465942383,17.899999618530273,9.248401641845703,18205800
2010-02-02,17.8799991607666,18.600000381469727,17.780000686645508,18.579999923706055,9.599733352661133,17569900
2010-02-03,18.3700008392334,18.8700008392334,18.260000228881836,18.84000015258789,9.7340726852417,16905200
2010-02-04,18.170000076293945,18.479999542236328,17.780000686645508,18.020000457763672,9.31040096282959,21505800
2010-02-05,18.100000381469727,18.190000534057617,17.469999313354492,18.020000457763672,9.31040096282959,23836800
2010-02-08,18.049999237060547,18.739999771118164,17.84000015258789,18.18000030517578,9.39306926727295,14937100
2010-02-09,18.559999465942383,18.739999771118164,18.219999313354492,18.329999923706055,9.470568656921387,12415000
2010-02-10,18.360000610351562,18.65999984741211,18.170000076293945,18.479999542236328,9.548066139221191,9770100
2010-02-11,18.489999771118164,18.829999923706055,18.190000534057617,18.760000228881836,9.692741394042969,8142000
2010-02-12,18.549999237060547,18.8700008392334,18.149999618530273,18.700000762939453,9.661738395690918,11482500
2010-02-16,18.799999237060547,19.84000015258789,18.799999237060547,19.729999542236328,10.1939058303833,19036400
2010-02-17,19.940000534057617,20.049999237060547,19.549999237060547,20.0,10.333409309387207,13328300
2010-02-18,19.8799991607666,20.809999465942383,19.719999313354492,20.729999542236328,10.710577011108398,17442500
2010-02-19,20.549999237060547,20.940000534057617,20.399999618530273,20.510000228881836,10.596909523010254,15071300
2010-02-22,20.530000686645508,20.8700008392334,20.3799991607666,20.729999542236328,10.710577011108398,10665100
2010-02-23,20.639999389648438,20.719999313354492,20.030000686645508,20.329999923706055,10.503905296325684,11630800
2010-02-24,20.3799991607666,20.729999542236328,19.399999618530273,19.5,10.075071334838867,27780900
2010-02-25,19.15999984741211,19.540000915527344,18.610000610351562,19.489999771118164,10.069907188415527,28118900
2010-02-26,19.670000076293945,20.0,19.399999618530273,19.90999984741211,10.286908149719238,9090300
2010-03-01,20.100000381469727,21.450000762939453,20.0,21.350000381469727,11.030914306640625,20620200
2010-03-02,21.5,21.579999923706055,20.90999984741211,21.010000228881836,10.855247497558594,13412000
2010-03-03,20.75,20.84000015258789,19.610000610351562,19.6299991607666,10.14223861694336,25207200
2010-03-04,19.809999465942383,19.81999969482422,19.139999389648438,19.729999542236328,10.1939058303833,15528100
2010-03-05,19.84000015258789,20.100000381469727,19.510000228881836,19.920000076293945,10.292076110839844,10340300
2010-03-08,20.190000534057617,20.239999771118164,19.639999389648438,19.889999389648438,10.276575088500977,9933400
2010-03-09,19.8799991607666,20.139999389648438,19.5,19.600000381469727,10.126738548278809,12782500
2010-03-10,19.719999313354492,19.899999618530273,19.0,19.170000076293945,9.904571533203125,25708800
2010-03-11,18.799999237060547,19.270000457763672,18.389999389648438,19.229999542236328,9.93557357788086,26402500
2010-03-12,19.350000381469727,19.350000381469727,18.850000381469727,19.270000457763672,9.956236839294434,14388000
2010-03-15,19.139999389648438,19.15999984741211,18.579999923706055,18.780000686645508,9.703072547912598,11815100
2010-03-16,18.979999542236328,19.25,18.670000076293945,19.1299991607666,9.883902549743652,11810000
2010-03-17,19.209999084472656,19.59000015258789,19.020000457763672,19.31999969482422,9.982070922851562,11421100
2010-03-18,19.40999984741211,19.520000457763672,19.200000762939453,19.31999969482422,9.982070922851562,6879500
2010-03-19,19.399999618530273,19.469999313354492,18.770000457763672,18.93000030517578,9.78056812286377,12289900
2010-03-22,18.790000915527344,19.940000534057617,18.670000076293945,19.709999084472656,10.183574676513672,15350900
2010-03-23,19.760000228881836,20.610000610351562,19.690000534057617,20.450000762939453,10.565911293029785,20338400
2010-03-24,20.25,20.299999237060547,20.0,20.030000686645508,10.348905563354492,10619300
2010-03-25,20.170000076293945,20.270000457763672,19.6200008392334,19.6200008392334,10.137075424194336,10167400
2010-03-26,19.209999084472656,19.360000610351562,18.799999237060547,18.93000030517578,9.78056812286377,21547800
2010-03-29,19.1200008392334,19.3799991607666,18.829999923706055,18.899999618530273,9.765071868896484,10719000
2010-03-30,18.829999923706055,18.93000030517578,18.1299991607666,18.170000076293945,9.387901306152344,25804100
2010-03-31,17.969999313354492,18.610000610351562,17.8799991607666,18.260000228881836,9.434399604797363,12664100
2010-04-01,18.520000457763672,18.600000381469727,17.8799991607666,18.110000610351562,9.356902122497559,11090900
2010-04-05,18.31999969482422,18.600000381469727,18.18000030517578,18.479999542236328,9.548066139221191,14810100
2010-04-06,18.40999984741211,19.229999542236328,18.299999237060547,19.059999465942383,9.847738265991211,15020600
2010-04-07,18.84000015258789,19.0,18.440000534057617,18.850000381469727,9.739240646362305,15168200
2010-04-08,18.84000015258789,18.8700008392334,18.389999389648438,18.68000030517578,9.651408195495605,9454200
2010-04-09,18.829999923706055,19.170000076293945,18.690000534057617,19.139999389648438,9.889074325561523,7965900
2010-04-12,19.100000381469727,19.450000762939453,19.030000686645508,19.079999923706055,9.858075141906738,10932500
2010-04-13,18.8799991607666,19.139999389648438,18.31999969482422,18.3799991607666,9.496402740478516,21400400
2010-04-14,18.600000381469727,19.579999923706055,18.579999923706055,19.270000457763672,9.956236839294434,25927400
2010-04-15,19.110000610351562,19.90999984741211,19.079999923706055,19.690000534057617,10.17324161529541,13541700
2010-04-16,19.59000015258789,19.950000762939453,19.020000457763672,19.25,9.945905685424805,14669500
2010-04-19,19.0,19.100000381469727,18.579999923706055,19.09000015258789,9.863240242004395,11932900
2010-04-20,19.239999771118164,19.440000534057617,18.84000015258789,19.329999923706055,9.987238883972168,13691300
2010-04-21,20.06999969482422,20.31999969482422,19.299999237060547,19.540000915527344,10.095744132995605,28733300
2010-04-22,19.399999618530273,19.8700008392334,19.030000686645508,19.690000534057617,10.17324161529541,11872000
2010-04-23,19.81999969482422,20.899999618530273,19.81999969482422,20.770000457763672,10.731245994567871,24285900
2010-04-26,20.809999465942383,20.829999923706055,20.270000457763672,20.459999084472656,10.571080207824707,10002200
2010-04-27,20.229999542236328,20.329999923706055,19.520000457763672,19.6299991607666,10.14223861694336,15216000
2010-04-28,19.719999313354492,19.84000015258789,19.110000610351562,19.469999313354492,10.059574127197266,16226500
2010-04-29,19.459999084472656,19.540000915527344,18.979999542236328,19.139999389648438,9.889074325561523,18822600
2010-04-30,19.18000030517578,19.209999084472656,18.299999237060547,18.350000381469727,9.480904579162598,15765500
2010-05-03,18.540000915527344,19.15999984741211,18.510000228881836,18.950000762939453,9.79090690612793,14079600
2010-05-04,18.920000076293945,18.950000762939453,18.3700008392334,18.899999618530273,9.765071868896484,18722100
2010-05-05,18.65999984741211,19.030000686645508,18.139999389648438,18.360000610351562,9.486071586608887,23427400
2010-05-06,18.229999542236328,18.670000076293945,16.010000228881836,17.850000381469727,9.222569465637207,28243000
2010-05-07,17.760000228881836,18.329999923706055,17.229999542236328,17.75,9.17089557647705,27272200
2010-05-10,18.540000915527344,18.799999237060547,18.299999237060547,18.479999542236328,9.548066139221191,15719900
2010-05-11,18.399999618530273,18.860000610351562,18.239999771118164,18.399999618530273,9.506738662719727,12584800
2010-05-12,18.420000076293945,19.100000381469727,18.420000076293945,18.989999771118164,9.811573028564453,10215300
2010-05-13,18.790000915527344,19.200000762939453,18.399999618530273,18.530000686645508,9.573904037475586,11340100
2010-05-14,18.25,18.31999969482422,17.729999542236328,17.979999542236328,9.2897367477417,12244100
2010-05-17,18.1200008392334,18.469999313354492,17.43000030517578,17.84000015258789,9.217401504516602,15089400
2010-05-18,18.020000457763672,18.139999389648438,16.75,17.059999465942383,8.814400672912598,25750900
2010-05-19,17.0,17.420000076293945,16.450000762939453,16.6200008392334,8.58706283569336,23430600
2010-05-20,16.110000610351562,16.540000915527344,15.829999923706055,16.100000381469727,8.318390846252441,18181500
2010-05-21,15.970000267028809,17.479999542236328,15.640000343322754,16.350000381469727,8.447559356689453,19087900
2010-05-24,16.170000076293945,16.489999771118164,16.059999465942383,16.139999389648438,8.339061737060547,11175200
2010-05-25,15.489999771118164,15.59000015258789,14.920000076293945,15.520000457763672,8.018725395202637,31640500
2010-05-26,15.779999732971191,16.040000915527344,14.800000190734863,14.859999656677246,7.677721977233887,26563700
2010-05-27,15.369999885559082,15.880000114440918,14.859999656677246,15.680000305175781,8.10139274597168,20741300
2010-05-28,15.670000076293945,15.680000305175781,15.0600004196167,15.359999656677246,7.936058521270752,13729100
2010-06-01,15.210000038146973,15.460000038146973,14.4399995803833,14.460000038146973,7.47105598449707,18220800
2010-06-02,14.539999961853027,15.430000305175781,14.539999961853027,15.380000114440918,7.946390628814697,17530400
2010-06-03,15.40999984741211,16.040000915527344,15.220000267028809,15.9399995803833,8.235727310180664,21297100
2010-06-04,15.420000076293945,15.770000457763672,15.050000190734863,15.149999618530273,7.827556133270264,13224900
2010-06-07,15.130000114440918,15.279999732971191,14.5,14.520000457763672,7.502056121826172,13745600
2010-06-08,14.380000114440918,14.850000381469727,14.1899995803833,14.40999984741211,7.445220470428467,18049200
2010-06-09,14.550000190734863,15.100000381469727,14.449999809265137,14.489999771118164,7.48655366897583,18944900
2010-06-10,14.880000114440918,14.949999809265137,14.5,14.880000114440918,7.688056945800781,11341200
2010-06-11,14.779999732971191,15.0,14.460000038146973,14.75,7.620889663696289,14204800
2010-06-14,15.0,15.3100004196167,14.819999694824219,14.899999618530273,7.698389530181885,12525500
2010-06-15,15.239999771118164,15.65999984741211,15.029999732971191,15.619999885559082,8.070390701293945,11074900
2010-06-16,15.569999694824219,15.710000038146973,15.34000015258789,15.470000267028809,7.992893218994141,8879600
2010-06-17,15.529999732971191,15.630000114440918,15.25,15.529999732971191,8.023892402648926,7557800
2010-06-18,15.510000228881836,15.5600004196167,15.239999771118164,15.350000381469727,7.930893898010254,8109100
2010-06-21,15.5600004196167,15.630000114440918,14.65999984741211,14.869999885559082,7.682888984680176,12772300
2010-06-22,14.930000305175781,15.0,14.40999984741211,14.449999809265137,7.465888500213623,10019400
2010-06-23,14.40999984741211,14.59000015258789,14.229999542236328,14.3100004196167,7.393555641174316,13071000
2010-06-24,14.210000038146973,14.239999771118164,13.3100004196167,13.65999984741211,7.057718753814697,22789000
2010-06-25,13.699999809265137,13.9399995803833,13.420000076293945,13.680000305175781,7.068052768707275,16681800
2010-06-28,14.010000228881836,14.239999771118164,13.850000381469727,13.880000114440918,7.171385288238525,13067000
2010-06-29,13.600000381469727,13.800000190734863,13.289999961853027,13.380000114440918,6.913052082061768,15202500
2010-06-30,13.399999618530273,13.619999885559082,13.0,13.039999961853027,6.737381935119629,10643800
2010-07-01,13.0,13.470000267028809,12.6899995803833,13.289999961853027,6.866551876068115,16280400
2010-07-02,13.520000457763672,13.529999732971191,13.050000190734863,13.170000076293945,6.804549217224121,7621200
2010-07-06,13.34000015258789,13.59000015258789,12.5,12.75,6.587551116943359,17837100
2010-07-07,13.319999694824219,13.600000381469727,12.979999542236328,13.460000038146973,6.954385280609131,12131000
2010-07-08,13.569999694824219,13.8100004196167,13.359999656677246,13.6899995803833,7.073216915130615,12346300
2010-07-09,13.75,13.84000015258789,13.579999923706055,13.8100004196167,7.135218143463135,6378800
2010-07-12,13.899999618530273,14.3100004196167,13.880000114440918,14.069999694824219,7.2695536613464355,11352400
2010-07-13,14.319999694824219,14.600000381469727,13.960000038146973,14.460000038146973,7.47105598449707,11722600
2010-07-14,14.8100004196167,15.279999732971191,14.739999771118164,14.979999542236328,7.739719390869141,20972800
2010-07-15,14.920000076293945,14.989999771118164,14.5,14.770000457763672,7.6312255859375,12874100
2010-07-16,14.779999732971191,14.970000267028809,14.069999694824219,14.15999984741211,7.316053867340088,9453000
2010-07-19,14.15999984741211,14.430000305175781,13.970000267028809,14.270000457763672,7.372885704040527,6073800
2010-07-20,13.930000305175781,14.5600004196167,13.729999542236328,14.529999732971191,7.507221698760986,14726500
2010-07-21,14.609999656677246,14.649999618530273,13.010000228881836,13.140000343322754,6.789048194885254,43121200
2010-07-22,13.15999984741211,13.510000228881836,13.010000228881836,13.180000305175781,6.809718132019043,15607600
2010-07-23,13.130000114440918,13.199999809265137,12.670000076293945,12.789999961853027,6.608214378356934,26418700
2010-07-26,12.800000190734863,13.359999656677246,12.720000267028809,13.3100004196167,6.876884460449219,17461000
2010-07-27,13.300000190734863,13.550000190734863,13.079999923706055,13.229999542236328,6.835549831390381,14705100
2010-07-28,13.130000114440918,13.279999732971191,12.75,12.84000015258789,6.634047985076904,10250100
2010-07-29,12.989999771118164,12.989999771118164,12.380000114440918,12.600000381469727,6.5100483894348145,12129400
2010-07-30,12.449999809265137,12.699999809265137,12.279999732971191,12.550000190734863,6.4842143058776855,9686000
2010-08-02,12.850000381469727,13.039999961853027,12.600000381469727,12.930000305175781,6.680549621582031,7746500
2010-08-03,12.920000076293945,12.920000076293945,12.449999809265137,12.470000267028809,6.442880630493164,12469800
2010-08-04,12.4399995803833,12.600000381469727,12.180000305175781,12.550000190734863,6.4842143058776855,10880500
2010-08-05,12.399999618530273,12.739999771118164,12.399999618530273,12.5,6.458379745483398,5987900
2010-08-06,12.430000305175781,12.4399995803833,12.170000076293945,12.210000038146973,6.30854606628418,19607800
2010-08-09,12.210000038146973,12.329999923706055,11.819999694824219,11.869999885559082,6.132879734039307,19702300
2010-08-10,11.619999885559082,11.699999809265137,10.960000038146973,11.100000381469727,5.735042572021484,30586000
2010-08-11,10.75,11.489999771118164,10.65999984741211,11.279999732971191,5.8280415534973145,30970200
2010-08-12,11.0,11.289999961853027,10.850000381469727,10.989999771118164,5.67820930480957,17926500
2010-08-13,11.0,11.239999771118164,11.0,11.180000305175781,5.776375770568848,15279700
2010-08-16,11.010000228881836,11.449999809265137,11.0,11.229999542236328,5.802208423614502,13837300
2010-08-17,11.3100004196167,11.449999809265137,11.010000228881836,11.010000228881836,5.688541412353516,12410300
2010-08-18,11.0,11.449999809265137,10.9399995803833,11.270000457763672,5.822876453399658,14868100
2010-08-19,11.34000015258789,11.489999771118164,11.0600004196167,11.100000381469727,5.735042572021484,11976600
2010-08-20,11.210000038146973,11.3100004196167,10.920000076293945,10.989999771118164,5.67820930480957,15925500
2010-08-23,11.119999885559082,11.149999618530273,10.84000015258789,10.859999656677246,5.611041069030762,10005800
2010-08-24,10.729999542236328,10.75,10.350000381469727,10.369999885559082,5.357872009277344,14050600
2010-08-25,10.329999923706055,10.65999984741211,9.989999771118164,10.550000190734863,5.450872898101807,10253600
2010-08-26,10.609999656677246,10.609999656677246,10.119999885559082,10.140000343322754,5.239037990570068,14822900
2010-08-27,10.229999542236328,10.720000267028809,9.84000015258789,10.630000114440918,5.492207050323486,16249300
2010-08-30,10.640000343322754,10.84000015258789,10.520000457763672,10.579999923706055,5.466373920440674,8835300
2010-08-31,10.470000267028809,10.489999771118164,10.109999656677246,10.140000343322754,5.239037990570068,12545600
2010-09-01,10.40999984741211,11.199999809265137,10.399999618530273,10.739999771118164,5.549041271209717,11776600
2010-09-02,10.829999923706055,10.989999771118164,10.470000267028809,10.989999771118164,5.67820930480957,11290900
2010-09-03,11.1899995803833,11.380000114440918,10.989999771118164,11.180000305175781,5.776375770568848,8511800
2010-09-07,11.069999694824219,11.140000343322754,10.819999694824219,10.84000015258789,5.600707054138184,8552500
2010-09-08,10.6899995803833,11.119999885559082,10.390000343322754,11.039999961853027,5.704042434692383,18083800
2010-09-09,11.130000114440918,11.210000038146973,11.0,11.029999732971191,5.698877334594727,9884200
2010-09-10,11.039999961853027,11.050000190734863,10.59000015258789,10.75,5.5542073249816895,11052400
2010-09-13,10.850000381469727,11.279999732971191,10.850000381469727,11.239999771118164,5.807376384735107,12736100
2010-09-14,11.149999618530273,11.399999618530273,10.899999618530273,11.109999656677246,5.740208148956299,14945900
2010-09-15,11.100000381469727,11.5,11.0,11.390000343322754,5.884878635406494,13337700
2010-09-16,11.350000381469727,11.369999885559082,11.140000343322754,11.300000190734863,5.838377475738525,10312100
2010-09-17,11.34000015258789,11.460000038146973,11.050000190734863,11.15999984741211,5.766044616699219,11729500
2010-09-20,11.1899995803833,11.319999694824219,10.920000076293945,11.289999961853027,5.833207130432129,10945900
2010-09-21,11.279999732971191,11.989999771118164,10.84000015258789,11.430000305175781,5.905544281005859,41211800
2010-09-22,11.199999809265137,11.350000381469727,10.800000190734863,11.100000381469727,5.735042572021484,19018200
2010-09-23,10.960000038146973,11.289999961853027,10.920000076293945,11.09000015258789,5.7298760414123535,12802200
2010-09-24,11.220000267028809,11.649999618530273,11.199999809265137,11.619999885559082,6.003710746765137,17772700
2010-09-27,11.699999809265137,11.699999809265137,11.380000114440918,11.550000190734863,5.967544078826904,8598100
2010-09-28,11.579999923706055,11.699999809265137,11.260000228881836,11.6899995803833,6.039878845214844,13482400
2010-09-29,11.579999923706055,12.119999885559082,11.579999923706055,12.010000228881836,6.205212116241455,16284300
2010-09-30,12.069999694824219,12.119999885559082,11.630000114440918,11.779999732971191,6.086379528045654,16269500
2010-10-01,11.9399995803833,11.9399995803833,11.59000015258789,11.6899995803833,6.039878845214844,10705600
2010-10-04,11.630000114440918,11.670000076293945,11.300000190734863,11.479999542236328,5.931375503540039,10609500
2010-10-05,11.680000305175781,11.949999809265137,11.289999961853027,11.930000305175781,6.163877487182617,19281000
2010-10-06,11.800000190734863,11.920000076293945,11.420000076293945,11.489999771118164,5.936542987823486,20768600
2010-10-07,11.65999984741211,11.930000305175781,11.380000114440918,11.869999885559082,6.132879734039307,16009100
2010-10-08,12.15999984741211,12.40999984741211,11.920000076293945,12.199999809265137,6.303381443023682,20065400
2010-10-11,12.470000267028809,12.489999771118164,12.1899995803833,12.300000190734863,6.355047225952148,12484300
2010-10-12,12.4399995803833,12.619999885559082,12.130000114440918,12.5600004196167,6.489378929138184,16318200
2010-10-13,12.680000305175781,12.989999771118164,12.550000190734863,12.75,6.587551116943359,14547900
2010-10-14,12.680000305175781,12.859999656677246,12.510000228881836,12.6899995803833,6.556547164916992,19295700
2010-10-15,15.039999961853027,15.619999885559082,14.5,15.510000228881836,8.013559341430664,85933700
2010-10-18,16.239999771118164,16.329999923706055,15.65999984741211,15.920000076293945,8.225391387939453,40101600
2010-10-19,15.579999923706055,15.670000076293945,15.210000038146973,15.25,7.8792243003845215,26065500
2010-10-20,15.270000457763672,15.520000457763672,15.130000114440918,15.210000038146973,7.85855770111084,22041500
2010-10-21,15.170000076293945,15.470000267028809,14.829999923706055,15.229999542236328,7.868889331817627,24145900
2010-10-22,15.15999984741211,15.3100004196167,14.979999542236328,15.180000305175781,7.8430562019348145,11849800
2010-10-25,15.220000267028809,15.369999885559082,14.779999732971191,14.8100004196167,7.651888847351074,18410200
2010-10-26,14.770000457763672,15.460000038146973,14.739999771118164,15.34000015258789,7.9257283210754395,16891100
2010-10-27,15.199999809265137,15.380000114440918,15.130000114440918,15.220000267028809,7.863725662231445,10359300
2010-10-28,15.239999771118164,15.270000457763672,13.329999923706055,13.9399995803833,7.202383995056152,55541500
2010-10-29,14.1899995803833,15.0,14.109999656677246,14.710000038146973,7.600220680236816,25660500
2010-11-01,14.819999694824219,14.90999984741211,14.510000228881836,14.550000190734863,7.517557621002197,9692700
2010-11-02,14.649999618530273,14.850000381469727,14.5,14.789999961853027,7.641556739807129,7397300
2010-11-03,14.75,14.779999732971191,14.5,14.680000305175781,7.584720134735107,8921900
2010-11-04,14.729999542236328,14.979999542236328,14.699999809265137,14.920000076293945,7.708721160888672,7191300
2010-11-05,14.890000343322754,15.319999694824219,14.75,15.319999694824219,7.915390968322754,8504100
2010-11-08,15.130000114440918,15.239999771118164,14.9399995803833,15.0600004196167,7.781057357788086,6282700
2010-11-09,15.100000381469727,15.109999656677246,14.539999961853027,14.640000343322754,7.564057350158691,9155600
2010-11-10,14.680000305175781,14.699999809265137,14.270000457763672,14.420000076293945,7.450389385223389,7409500
2010-11-11,14.25,14.779999732971191,14.0,14.420000076293945,7.450389385223389,10400100
2010-11-12,14.239999771118164,14.399999618530273,14.039999961853027,14.09000015258789,7.279887676239014,16132700
2010-11-15,14.210000038146973,14.359999656677246,14.039999961853027,14.050000190734863,7.259222030639648,14307500
2010-11-16,13.970000267028809,14.180000305175781,13.800000190734863,13.850000381469727,7.155886173248291,12954900
2010-11-17,13.850000381469727,14.149999618530273,13.850000381469727,13.9399995803833,7.202383995056152,9607400
2010-11-18,14.119999885559082,14.279999732971191,14.010000228881836,14.220000267028809,7.347054958343506,15156800
2010-11-19,14.399999618530273,15.069999694824219,14.390000343322754,14.930000305175781,7.713889122009277,25277900
2010-11-22,14.779999732971191,14.789999961853027,14.15999984741211,14.34000015258789,7.409055709838867,21868900
2010-11-23,14.399999618530273,14.430000305175781,13.800000190734863,13.8100004196167,7.135218143463135,16942800
2010-11-24,14.069999694824219,14.239999771118164,13.970000267028809,14.069999694824219,7.2695536613464355,8166600
2010-11-26,13.970000267028809,14.149999618530273,13.869999885559082,13.890000343322754,7.176552772521973,4815600
2010-11-29,13.779999732971191,13.949999809265137,13.579999923706055,13.859999656677246,7.161053657531738,12079900
2010-11-30,13.260000228881836,13.529999732971191,13.149999618530273,13.40999984741211,6.92855167388916,41715000
2010-12-01,13.600000381469727,14.079999923706055,13.579999923706055,13.920000076293945,7.1920552253723145,19969700
2010-12-02,14.029999732971191,14.920000076293945,14.010000228881836,14.529999732971191,7.507221698760986,25637400
2010-12-03,14.449999809265137,15.0,14.390000343322754,14.979999542236328,7.739719390869141,11530000
2010-12-06,15.020000457763672,15.039999961853027,14.770000457763672,14.850000381469727,7.672558784484863,6736500
2010-12-07,15.289999961853027,15.329999923706055,15.050000190734863,15.15999984741211,7.832724094390869,13360500
2010-12-08,15.199999809265137,15.199999809265137,14.760000228881836,15.069999694824219,7.786221504211426,8670100
2010-12-09,15.170000076293945,15.260000228881836,15.0,15.140000343322754,7.822388172149658,6820400
2010-12-10,15.15999984741211,15.34000015258789,15.140000343322754,15.260000228881836,7.8843889236450195,6319100
2010-12-13,15.289999961853027,15.319999694824219,14.960000038146973,15.010000228881836,7.755222797393799,5954200
2010-12-14,15.029999732971191,15.029999732971191,14.619999885559082,14.710000038146973,7.600220680236816,7655400
2010-12-15,14.619999885559082,14.739999771118164,14.399999618530273,14.510000228881836,7.496888637542725,13602000
2010-12-16,14.510000228881836,14.829999923706055,14.510000228881836,14.59000015258789,7.538224697113037,8194500
2010-12-17,14.550000190734863,14.75,14.510000228881836,14.699999809265137,7.59505558013916,12387000
2010-12-20,14.75,14.899999618530273,14.649999618530273,14.6899995803833,7.589890003204346,8670300
2010-12-21,14.75,14.920000076293945,14.75,14.760000228881836,7.626057147979736,5532500
2010-12-22,14.739999771118164,14.899999618530273,14.729999542236328,14.850000381469727,7.672558784484863,4341300
2010-12-23,14.770000457763672,14.869999885559082,14.760000228881836,14.800000190734863,7.64672327041626,2718000
2010-12-27,14.770000457763672,15.199999809265137,14.720000267028809,15.029999732971191,7.765557765960693,6828500
2010-12-28,15.050000190734863,15.390000343322754,15.050000190734863,15.229999542236328,7.868889331817627,7957000
2010-12-29,15.229999542236328,15.34000015258789,14.970000267028809,15.069999694824219,7.786221504211426,3520500
2010-12-30,15.020000457763672,15.069999694824219,14.850000381469727,15.0,7.750057220458984,3081500
2010-12-31,14.930000305175781,15.029999732971191,14.760000228881836,15.029999732971191,7.765557765960693,2598700
2011-01-03,15.199999809265137,15.329999923706055,14.899999618530273,14.970000267028809,7.734556198120117,7036900
2011-01-04,15.020000457763672,15.109999656677246,14.59000015258789,14.779999732971191,7.636390686035156,7352400
2011-01-05,14.710000038146973,14.960000038146973,14.619999885559082,14.699999809265137,7.59505558013916,9186400
2011-01-06,14.729999542236328,14.770000457763672,14.260000228881836,14.75,7.620889663696289,13305400
2011-01-07,14.75,14.760000228881836,14.430000305175781,14.470000267028809,7.47622013092041,5912400
2011-01-10,14.40999984741211,14.449999809265137,14.210000038146973,14.319999694824219,7.398721218109131,9445800
2011-01-11,14.350000381469727,14.460000038146973,14.079999923706055,14.119999885559082,7.295385837554932,7595200
2011-01-12,14.220000267028809,14.390000343322754,14.069999694824219,14.199999809265137,7.336719036102295,6110300
2011-01-13,14.1899995803833,14.229999542236328,13.979999542236328,14.079999923706055,7.274722576141357,6194400
2011-01-14,14.109999656677246,14.40999984741211,14.050000190734863,14.260000228881836,7.367722034454346,8280700
2011-01-18,14.260000228881836,14.609999656677246,14.260000228881836,14.579999923706055,7.533056259155273,8611100
2011-01-19,14.569999694824219,14.800000190734863,14.0,14.130000114440918,7.30055570602417,14396200
2011-01-20,13.539999961853027,13.550000190734863,12.899999618530273,13.3100004196167,6.876884460449219,31653200
2011-01-21,13.390000343322754,13.430000305175781,13.130000114440918,13.279999732971191,6.861384868621826,12392200
2011-01-24,13.25,13.649999618530273,13.25,13.520000457763672,6.985385894775391,12549400
2011-01-25,13.4399995803833,13.520000457763672,13.270000457763672,13.5,6.975048542022705,9062600
2011-01-26,13.850000381469727,14.0,13.520000457763672,13.6899995803833,7.073216915130615,21043400
2011-01-27,13.680000305175781,14.130000114440918,13.649999618530273,14.0,7.233386516571045,11210800
2011-01-28,14.0600004196167,14.1899995803833,13.449999809265137,13.800000190734863,7.130053520202637,12904800
2011-01-31,13.829999923706055,14.010000228881836,13.5,14.0,7.233386516571045,11289200
2011-02-01,14.069999694824219,14.170000076293945,13.880000114440918,13.949999809265137,7.207552909851074,13071100
2011-02-02,13.899999618530273,14.4399995803833,13.899999618530273,14.260000228881836,7.367722034454346,10753800
2011-02-03,14.149999618530273,14.300000190734863,14.0,14.229999542236328,7.3522210121154785,5254500
2011-02-04,14.210000038146973,14.449999809265137,14.130000114440918,14.329999923706055,7.4038872718811035,8457500
2011-02-07,14.329999923706055,14.489999771118164,14.279999732971191,14.380000114440918,7.429721832275391,5090600
2011-02-08,14.399999618530273,14.59000015258789,14.3100004196167,14.4399995803833,7.460720062255859,7553500
2011-02-09,14.40999984741211,14.539999961853027,14.229999542236328,14.420000076293945,7.450389385223389,5978800
2011-02-10,14.329999923706055,14.449999809265137,14.270000457763672,14.390000343322754,7.4348883628845215,5040000
2011-02-11,14.260000228881836,14.40999984741211,14.229999542236328,14.390000343322754,7.4348883628845215,5345500
2011-02-14,14.350000381469727,14.65999984741211,14.270000457763672,14.289999961853027,7.383223056793213,6053100
2011-02-15,14.270000457763672,14.460000038146973,14.109999656677246,14.220000267028809,7.347054958343506,6632400
2011-02-16,14.25,14.279999732971191,13.729999542236328,13.880000114440918,7.171385288238525,12388000
2011-02-17,13.859999656677246,13.930000305175781,13.59000015258789,13.859999656677246,7.161053657531738,7833800
2011-02-18,13.8100004196167,13.859999656677246,13.470000267028809,13.720000267028809,7.08871603012085,8299000
2011-02-22,13.510000228881836,13.619999885559082,13.09000015258789,13.25,6.845883846282959,9425700
2011-02-23,13.199999809265137,13.25,12.479999542236328,12.720000267028809,6.572046756744385,19631800
2011-02-24,12.699999809265137,12.8100004196167,12.600000381469727,12.739999771118164,6.58237886428833,11382500
2011-02-25,12.800000190734863,13.079999923706055,12.789999961853027,12.829999923706055,6.628882884979248,11279900
2011-02-28,12.300000190734863,12.800000190734863,12.260000228881836,12.699999809265137,6.5617170333862305,12235100
2011-03-01,12.619999885559082,12.649999618530273,12.260000228881836,12.289999961853027,6.349879741668701,14247300
2011-03-02,12.260000228881836,12.680000305175781,12.260000228881836,12.529999732971191,6.473878383636475,10725900
2011-03-03,12.699999809265137,12.949999809265137,12.600000381469727,12.649999618530273,6.535882472991943,9843300
2011-03-04,12.609999656677246,12.65999984741211,12.350000381469727,12.4399995803833,6.427379131317139,7241100
2011-03-07,13.90999984741211,14.1899995803833,13.4399995803833,13.5600004196167,7.006052017211914,44749500
2011-03-08,13.470000267028809,14.020000457763672,13.319999694824219,13.949999809265137,7.207552909851074,14498900
2011-03-09,13.869999885559082,14.020000457763672,13.59000015258789,13.6899995803833,7.073216915130615,15736400
2011-03-10,13.529999732971191,13.640000343322754,13.390000343322754,13.479999542236328,6.964717864990234,9916300
2011-03-11,13.399999618530273,13.770000457763672,13.380000114440918,13.539999961853027,6.995715618133545,12423800
2011-03-14,13.449999809265137,13.619999885559082,13.140000343322754,13.149999618530273,6.794218063354492,7914200
2011-03-15,12.75,13.149999618530273,12.569999694824219,13.010000228881836,6.72188138961792,10900500
2011-03-16,12.989999771118164,13.399999618530273,12.710000038146973,12.859999656677246,6.644383907318115,12062300
2011-03-17,13.079999923706055,13.489999771118164,12.800000190734863,13.229999542236328,6.835549831390381,14433000
2011-03-18,13.119999885559082,13.399999618530273,13.0,13.1899995803833,6.814881324768066,11630000
2011-03-21,13.270000457763672,13.539999961853027,13.199999809265137,13.5,6.975048542022705,10079600
2011-03-22,13.5,13.630000114440918,13.399999618530273,13.460000038146973,6.954385280609131,6699100
2011-03-23,13.430000305175781,13.699999809265137,13.359999656677246,13.609999656677246,7.031887054443359,6668100
2011-03-24,13.670000076293945,14.25,13.579999923706055,14.1899995803833,7.331554889678955,12072500
2011-03-25,14.260000228881836,14.520000457763672,14.0600004196167,14.420000076293945,7.450389385223389,12710600
2011-03-28,14.520000457763672,14.670000076293945,14.289999961853027,14.3100004196167,7.393555641174316,7618200
2011-03-29,14.319999694824219,14.329999923706055,14.09000015258789,14.279999732971191,7.378056049346924,4663900
2011-03-30,14.300000190734863,14.75,14.260000228881836,14.710000038146973,7.600220680236816,9378800
2011-03-31,14.699999809265137,14.710000038146973,14.289999961853027,14.40999984741211,7.445220470428467,9788100
2011-04-01,14.520000457763672,15.0,14.25,14.9399995803833,7.719057083129883,14953600
2011-04-04,14.920000076293945,14.9399995803833,14.460000038146973,14.59000015258789,7.538224697113037,7691600
2011-04-05,14.5600004196167,14.850000381469727,14.510000228881836,14.670000076293945,7.579554557800293,6808800
2011-04-06,14.859999656677246,15.0,14.619999885559082,14.760000228881836,7.626057147979736,6725000
2011-04-07,14.720000267028809,14.869999885559082,14.59000015258789,14.6899995803833,7.589890003204346,6604200
2011-04-08,15.859999656677246,16.299999237060547,15.640000343322754,15.84000015258789,8.184059143066406,45007800
2011-04-11,15.899999618530273,15.960000038146973,15.65999984741211,15.739999771118164,8.13239574432373,12535500
2011-04-12,15.649999618530273,16.1200008392334,15.369999885559082,16.100000381469727,8.318390846252441,16587200
2011-04-13,16.270000457763672,16.459999084472656,16.170000076293945,16.43000030517578,8.488896369934082,15845100
2011-04-14,16.440000534057617,17.149999618530273,16.3700008392334,17.09000015258789,8.829899787902832,24930400
2011-04-15,17.1200008392334,17.639999389648438,17.030000686645508,17.639999389648438,9.114067077636719,21006100
2011-04-18,17.389999389648438,17.989999771118164,17.270000457763672,17.84000015258789,9.217401504516602,21877800
2011-04-19,18.020000457763672,18.229999542236328,17.079999923706055,17.93000030517578,9.263900756835938,32516400
2011-04-20,18.09000015258789,18.290000915527344,17.989999771118164,18.219999313354492,9.413735389709473,13501500
2011-04-21,17.899999618530273,18.190000534057617,17.84000015258789,18.149999618530273,9.37756633758545,12508800
2011-04-25,18.0,18.219999313354492,17.899999618530273,18.200000762939453,9.403401374816895,15046700
2011-04-26,18.229999542236328,18.350000381469727,18.1200008392334,18.139999389648438,9.372400283813477,12800000
2011-04-27,18.139999389648438,18.149999618530273,17.56999969482422,17.959999084472656,9.279401779174805,13857000
2011-04-28,17.68000030517578,17.940000534057617,17.420000076293945,17.799999237060547,9.289839744567871,10700000
2011-04-29,17.780000686645508,17.829999923706055,17.34000015258789,17.6200008392334,9.195897102355957,8662700
2011-05-02,17.65999984741211,17.899999618530273,17.469999313354492,17.530000686645508,9.148923873901367,8119500
2011-05-03,17.6299991607666,17.670000076293945,17.149999618530273,17.18000030517578,8.966259002685547,11997200
2011-05-04,17.299999237060547,17.459999084472656,16.719999313354492,17.309999465942383,9.034110069274902,11680300
2011-05-05,17.209999084472656,17.43000030517578,17.040000915527344,17.100000381469727,8.92451000213623,9100000
2011-05-06,17.260000228881836,17.600000381469727,17.15999984741211,17.329999923706055,9.044546127319336,6510200
2011-05-09,17.280000686645508,17.68000030517578,17.200000762939453,17.399999618530273,9.08107852935791,6763600
2011-05-10,17.459999084472656,17.8700008392334,17.389999389648438,17.75,9.263747215270996,8504200
2011-05-11,17.700000762939453,17.809999465942383,17.280000686645508,17.43000030517578,9.0967378616333,6300000
2011-05-12,17.530000686645508,17.59000015258789,17.15999984741211,17.190000534057617,8.971480369567871,7600000
2011-05-13,17.209999084472656,17.229999542236328,16.979999542236328,17.139999389648438,8.945385932922363,5686000
2011-05-16,17.110000610351562,17.200000762939453,16.639999389648438,16.700000762939453,8.71574878692627,8020500
2011-05-17,16.739999771118164,16.860000610351562,16.350000381469727,16.610000610351562,8.668781280517578,8368000
2011-05-18,16.59000015258789,17.049999237060547,16.549999237060547,16.860000610351562,8.799251556396484,6382700
2011-05-19,16.920000076293945,16.920000076293945,16.389999389648438,16.56999969482422,8.64790153503418,7262000
2011-05-20,16.559999465942383,17.010000228881836,16.530000686645508,16.93000030517578,8.83578872680664,8007100
2011-05-23,16.56999969482422,16.920000076293945,16.559999465942383,16.760000228881836,8.747061729431152,5400000
2011-05-24,16.760000228881836,17.190000534057617,16.700000762939453,16.920000076293945,8.830567359924316,6023200
2011-05-25,16.809999465942383,16.84000015258789,16.530000686645508,16.760000228881836,8.747061729431152,8709500
2011-05-26,16.75,16.75,16.6299991607666,16.68000030517578,8.705312728881836,7876400
2011-05-27,16.700000762939453,16.81999969482422,16.450000762939453,16.459999084472656,8.590493202209473,14038100
2011-05-31,16.530000686645508,16.850000381469727,16.440000534057617,16.799999237060547,8.767940521240234,17603400
2011-06-01,16.84000015258789,16.860000610351562,16.219999313354492,16.31999969482422,8.517423629760742,12708000
2011-06-02,16.3700008392334,16.450000762939453,16.049999237060547,16.280000686645508,8.496548652648926,7158500
2011-06-03,16.1200008392334,16.280000686645508,15.850000381469727,15.899999618530273,8.298226356506348,7519600
2011-06-06,15.890000343322754,15.9399995803833,15.5600004196167,15.569999694824219,8.125998497009277,5288200
2011-06-07,15.600000381469727,15.829999923706055,15.5,15.520000457763672,8.099906921386719,5248700
2011-06-08,15.359999656677246,15.8100004196167,15.130000114440918,15.449999809265137,8.063372611999512,8451000
2011-06-09,15.430000305175781,15.59000015258789,15.279999732971191,15.380000114440918,8.026839256286621,6557300
2011-06-10,15.359999656677246,15.449999809265137,15.09000015258789,15.260000228881836,7.964210510253906,7829900
2011-06-13,15.270000457763672,15.4399995803833,15.050000190734863,15.130000114440918,7.896364688873291,7616700
2011-06-14,15.430000305175781,15.920000076293945,15.40999984741211,15.59000015258789,8.136438369750977,10475000
2011-06-15,15.40999984741211,15.739999771118164,14.859999656677246,14.899999618530273,7.776324272155762,13649900
2011-06-16,14.930000305175781,14.970000267028809,14.399999618530273,14.569999694824219,7.604098320007324,9046000
2011-06-17,14.800000190734863,14.859999656677246,14.180000305175781,14.25,7.43709135055542,11238500
2011-06-20,14.220000267028809,14.510000228881836,14.140000343322754,14.369999885559082,7.499716281890869,5789400
2011-06-21,14.479999542236328,14.9399995803833,14.4399995803833,14.779999732971191,7.713698863983154,10567500
2011-06-22,14.710000038146973,15.359999656677246,14.710000038146973,14.970000267028809,7.8128581047058105,11553100
2011-06-23,14.819999694824219,15.829999923706055,14.819999694824219,15.720000267028809,8.2042875289917,18286400
2011-06-24,15.699999809265137,15.720000267028809,15.0600004196167,15.350000381469727,8.011183738708496,46884200
2011-06-27,15.289999961853027,15.470000267028809,15.100000381469727,15.220000267028809,7.943334102630615,9532700
2011-06-28,15.579999923706055,15.59000015258789,15.199999809265137,15.3100004196167,7.990306854248047,8395800
2011-06-29,15.390000343322754,15.649999618530273,15.279999732971191,15.569999694824219,8.125998497009277,5827500
2011-06-30,15.59000015258789,16.170000076293945,15.59000015258789,16.15999984741211,8.433923721313477,8516300
2011-07-01,16.18000030517578,16.3700008392334,15.949999809265137,16.360000610351562,8.538302421569824,5391600
2011-07-05,16.290000915527344,16.290000915527344,16.010000228881836,16.200000762939453,8.454797744750977,6493500
2011-07-06,16.239999771118164,16.510000228881836,16.219999313354492,16.31999969482422,8.517423629760742,6953300
2011-07-07,16.850000381469727,17.0,16.610000610351562,16.639999389648438,8.68443775177002,14215600
2011-07-08,16.540000915527344,16.950000762939453,16.510000228881836,16.940000534057617,8.8410062789917,9176000
2011-07-11,16.649999618530273,16.8700008392334,16.459999084472656,16.709999084472656,8.720968246459961,7299900
2011-07-12,16.65999984741211,16.799999237060547,16.459999084472656,16.600000381469727,8.663559913635254,7066200
2011-07-13,16.75,16.959999084472656,16.65999984741211,16.829999923706055,8.783592224121094,5840700
2011-07-14,16.940000534057617,17.110000610351562,16.6299991607666,16.68000030517578,8.705312728881836,8714400
2011-07-15,16.8799991607666,17.030000686645508,16.59000015258789,16.809999465942383,8.773155212402344,5893100
2011-07-18,16.799999237060547,16.799999237060547,16.1299991607666,16.530000686645508,8.627023696899414,7094800
2011-07-19,16.6200008392334,17.0,16.610000610351562,16.93000030517578,8.83578872680664,9286700
2011-07-20,17.170000076293945,17.170000076293945,16.739999771118164,16.989999771118164,8.867100715637207,15183300
2011-07-21,14.600000381469727,14.6899995803833,13.989999771118164,14.130000114440918,7.3744611740112305,44933300
2011-07-22,14.239999771118164,15.029999732971191,14.140000343322754,14.569999694824219,7.604098320007324,17819600
2011-07-25,14.350000381469727,14.84000015258789,14.149999618530273,14.649999618530273,7.645850658416748,13578300
2011-07-26,14.65999984741211,15.0,14.65999984741211,14.770000457763672,7.7084808349609375,10435800
2011-07-27,14.729999542236328,14.75,14.130000114440918,14.329999923706055,7.478842258453369,11287300
2011-07-28,14.4399995803833,14.510000228881836,14.229999542236328,14.260000228881836,7.4423089027404785,7789600
2011-07-29,14.15999984741211,14.3100004196167,13.859999656677246,13.890000343322754,7.249205589294434,11222800
2011-08-01,14.109999656677246,14.25,13.710000038146973,13.84000015258789,7.223111629486084,11547600
2011-08-02,13.779999732971191,13.850000381469727,13.15999984741211,13.199999809265137,6.889095306396484,9464600
2011-08-03,13.199999809265137,13.199999809265137,12.640000343322754,12.760000228881836,6.751526832580566,16844600
2011-08-04,12.739999771118164,12.739999771118164,12.050000190734863,12.069999694824219,6.386431694030762,17234300
2011-08-05,12.260000228881836,12.5,11.760000228881836,12.0600004196167,6.381141662597656,17729800
2011-08-08,11.649999618530273,11.779999732971191,10.829999923706055,10.880000114440918,5.756785869598389,19020900
2011-08-09,11.199999809265137,11.489999771118164,10.699999809265137,11.3100004196167,5.984305381774902,15823000
2011-08-10,11.010000228881836,11.600000381469727,10.899999618530273,11.079999923706055,5.862607955932617,16520200
2011-08-11,11.140000343322754,11.720000267028809,10.949999809265137,11.5600004196167,6.116583824157715,16360800
2011-08-12,11.569999694824219,12.029999732971191,11.569999694824219,11.84000015258789,6.264739036560059,10538600
2011-08-15,11.90999984741211,12.140000343322754,11.869999885559082,12.010000228881836,6.354686737060547,10745900
2011-08-16,11.989999771118164,12.25,11.819999694824219,12.15999984741211,6.434051990509033,12206500
2011-08-17,12.149999618530273,12.239999771118164,11.279999732971191,11.699999809265137,6.19066047668457,8959900
2011-08-18,11.300000190734863,11.300000190734863,10.420000076293945,10.59000015258789,5.603342533111572,11053700
2011-08-19,10.520000457763672,10.600000381469727,9.960000038146973,10.079999923706055,5.333492755889893,15137300
2011-08-22,10.34000015258789,10.380000114440918,9.979999542236328,10.1899995803833,5.391695022583008,10272000
2011-08-23,10.229999542236328,10.800000190734863,10.220000267028809,10.779999732971191,5.703874588012695,9515600
2011-08-24,10.770000457763672,11.0600004196167,10.649999618530273,10.979999542236328,5.809697151184082,6383200
2011-08-25,10.949999809265137,11.279999732971191,10.760000228881836,10.800000190734863,5.714454650878906,6708000
2011-08-26,10.75,11.170000076293945,10.579999923706055,11.09000015258789,5.86790132522583,5057800
2011-08-29,11.25,11.6899995803833,11.130000114440918,11.670000076293945,6.1747870445251465,4195700
2011-08-30,11.760000228881836,11.760000228881836,11.399999618530273,11.600000381469727,6.137750148773193,4596600
2011-08-31,11.649999618530273,11.899999618530273,11.520000457763672,11.579999923706055,6.127166271209717,8183700
2011-09-01,11.649999618530273,11.720000267028809,11.220000267028809,11.239999771118164,5.947266101837158,5491700
2011-09-02,11.029999732971191,11.050000190734863,10.670000076293945,10.710000038146973,5.666835308074951,6074300
2011-09-06,10.470000267028809,10.619999885559082,10.25,10.600000381469727,5.608633995056152,6289800
2011-09-07,10.770000457763672,11.369999885559082,10.770000457763672,11.3100004196167,5.984305381774902,6549800
2011-09-08,11.300000190734863,11.609999656677246,10.930000305175781,11.029999732971191,5.836153984069824,5831000
2011-09-09,11.010000228881836,11.479999542236328,10.84000015258789,11.180000305175781,5.915519714355469,6969700
2011-09-12,11.020000457763672,11.470000267028809,10.850000381469727,11.229999542236328,5.941977024078369,5687300
2011-09-13,11.279999732971191,11.460000038146973,11.119999885559082,11.399999618530273,6.031925201416016,5019300
2011-09-14,11.539999961853027,12.119999885559082,11.5,11.899999618530273,6.296483516693115,9383000
2011-09-15,12.0600004196167,12.15999984741211,11.710000038146973,11.880000114440918,6.285901069641113,5650500
2011-09-16,11.90999984741211,12.109999656677246,11.800000190734863,12.020000457763672,6.359977722167969,5371900
2011-09-19,11.819999694824219,11.890000343322754,11.539999961853027,11.699999809265137,6.19066047668457,4262700
2011-09-20,11.8100004196167,11.8100004196167,11.34000015258789,11.40999984741211,6.037214756011963,6862700
2011-09-21,11.4399995803833,11.619999885559082,11.180000305175781,11.180000305175781,5.915519714355469,6707700
2011-09-22,10.890000343322754,10.920000076293945,10.449999809265137,10.670000076293945,5.645671367645264,9713000
2011-09-23,10.529999732971191,10.829999923706055,10.5,10.75,5.687999725341797,4216600
2011-09-26,10.819999694824219,11.279999732971191,10.65999984741211,11.239999771118164,5.947266101837158,5737200
2011-09-27,11.460000038146973,11.960000038146973,11.359999656677246,11.479999542236328,6.074253559112549,7304400
2011-09-28,11.539999961853027,11.59000015258789,11.050000190734863,11.109999656677246,5.878480911254883,8515200
2011-09-29,11.3100004196167,11.369999885559082,10.359999656677246,10.710000038146973,5.666835308074951,9723400
2011-09-30,10.609999656677246,10.609999656677246,10.180000305175781,10.279999732971191,5.439314365386963,8552600
2011-10-03,10.220000267028809,10.239999771118164,9.4399995803833,9.489999771118164,5.0213117599487305,13266400
2011-10-04,9.399999618530273,9.6899995803833,9.050000190734863,9.649999618530273,5.10597038269043,8047800
2011-10-05,9.699999809265137,10.260000228881836,9.640000343322754,10.15999984741211,5.375821590423584,6872600
2011-10-06,10.1899995803833,10.75,10.15999984741211,10.720000267028809,5.672126293182373,5785900
2011-10-07,10.789999961853027,10.930000305175781,10.4399995803833,10.710000038146973,5.666835308074951,8796800
2011-10-10,10.930000305175781,11.180000305175781,10.859999656677246,11.079999923706055,5.862607955932617,3924300
2011-10-11,11.039999961853027,11.609999656677246,11.029999732971191,11.170000076293945,5.910229206085205,9644100
2011-10-12,11.220000267028809,11.710000038146973,11.170000076293945,11.1899995803833,5.920813083648682,11004300
2011-10-13,11.210000038146973,11.90999984741211,11.100000381469727,11.829999923706055,6.259448051452637,7754100
2011-10-14,11.880000114440918,12.0,11.520000457763672,11.800000190734863,6.243573188781738,6048800
2011-10-17,11.760000228881836,11.779999732971191,11.260000228881836,11.300000190734863,5.979013919830322,7347200
2011-10-18,11.300000190734863,12.220000267028809,11.210000038146973,12.100000381469727,6.402307510375977,12265900
2011-10-19,12.289999961853027,12.8100004196167,11.800000190734863,12.050000190734863,6.375850677490234,15112000
2011-10-20,12.260000228881836,12.260000228881836,11.479999542236328,12.0600004196167,6.381141662597656,19252600
2011-10-21,13.539999961853027,15.539999961853027,13.5,15.420000076293945,8.15897274017334,48009300
2011-10-24,15.3100004196167,15.890000343322754,15.260000228881836,15.739999771118164,8.328289031982422,17495200
2011-10-25,15.489999771118164,16.299999237060547,15.470000267028809,15.609999656677246,8.259506225585938,13781700
2011-10-26,15.710000038146973,16.950000762939453,15.670000076293945,16.239999771118164,8.592849731445312,22039000
2011-10-27,16.65999984741211,16.889999389648438,15.8100004196167,16.329999923706055,8.640466690063477,13415900
2011-10-28,16.09000015258789,16.610000610351562,16.030000686645508,16.389999389648438,8.67221736907959,7040200
2011-10-31,16.149999618530273,16.540000915527344,16.0,16.149999618530273,8.5452299118042,10044400
2011-11-01,15.739999771118164,16.489999771118164,15.510000228881836,16.25,8.695051193237305,16677500
2011-11-02,16.270000457763672,17.079999923706055,16.270000457763672,16.84000015258789,9.010747909545898,15536500
2011-11-03,17.299999237060547,17.709999084472656,16.65999984741211,17.290000915527344,9.251533508300781,19080300
2011-11-04,17.15999984741211,18.5,16.989999771118164,18.34000015258789,9.81336784362793,19881900
2011-11-07,18.09000015258789,18.600000381469727,17.770000457763672,18.350000381469727,9.818720817565918,12097300
2011-11-08,18.18000030517578,18.299999237060547,17.530000686645508,17.8799991607666,9.567230224609375,14526000
2011-11-09,17.610000610351562,17.84000015258789,17.010000228881836,17.1299991607666,9.165921211242676,10828000
2011-11-10,17.489999771118164,17.649999618530273,16.6200008392334,17.510000228881836,9.369255065917969,13114100
2011-11-11,17.6200008392334,18.200000762939453,17.469999313354492,17.940000534057617,9.599334716796875,11992000
2011-11-14,17.709999084472656,17.829999923706055,17.479999542236328,17.760000228881836,9.503022193908691,7301300
2011-11-15,17.200000762939453,17.860000610351562,17.059999465942383,17.520000457763672,9.374604225158691,8878100
2011-11-16,17.25,17.649999618530273,16.75,17.190000534057617,9.19802474975586,13751600
2011-11-17,17.110000610351562,17.190000534057617,16.0,16.760000228881836,8.967940330505371,11632200
2011-11-18,16.65999984741211,16.729999542236328,15.979999542236328,16.010000228881836,8.566630363464355,13748800
2011-11-21,16.0,16.309999465942383,15.649999618530273,16.149999618530273,8.6415433883667,7775500
2011-11-22,16.049999237060547,16.360000610351562,15.8100004196167,15.989999771118164,8.555931091308594,4941100
2011-11-23,15.880000114440918,16.309999465942383,15.210000038146973,15.430000305175781,8.25628662109375,7429300
2011-11-25,15.270000457763672,15.699999809265137,15.149999618530273,15.15999984741211,8.111815452575684,1950200
2011-11-28,15.680000305175781,16.399999618530273,15.59000015258789,15.989999771118164,8.555931091308594,6133700
2011-11-29,17.059999465942383,17.200000762939453,16.450000762939453,16.579999923706055,8.87162971496582,12039100
2011-11-30,16.959999084472656,17.229999542236328,16.850000381469727,17.100000381469727,9.149870872497559,10784000
2011-12-01,17.280000686645508,17.700000762939453,16.829999923706055,17.399999618530273,9.310391426086426,9430000
2011-12-02,16.799999237060547,17.450000762939453,15.9399995803833,16.170000076293945,8.652242660522461,19873500
2011-12-05,16.489999771118164,16.709999084472656,16.34000015258789,16.579999923706055,8.87162971496582,10409200
2011-12-06,16.65999984741211,16.709999084472656,16.280000686645508,16.399999618530273,8.775312423706055,6139800
2011-12-07,16.34000015258789,16.399999618530273,15.899999618530273,16.31999969482422,8.732505798339844,7396300
2011-12-08,16.309999465942383,16.3799991607666,15.569999694824219,15.699999809265137,8.400758743286133,7174500
2011-12-09,15.680000305175781,16.280000686645508,15.430000305175781,16.15999984741211,8.646896362304688,6427000
2011-12-12,16.149999618530273,16.399999618530273,15.899999618530273,16.360000610351562,8.753912925720215,8298300
2011-12-13,16.420000076293945,16.5,15.65999984741211,15.829999923706055,8.470317840576172,8255400
2011-12-14,15.649999618530273,15.729999542236328,15.0,15.470000267028809,8.277687072753906,8240400
2011-12-15,15.630000114440918,15.84000015258789,15.359999656677246,15.380000114440918,8.22952938079834,6549500
2011-12-16,15.460000038146973,15.550000190734863,15.1899995803833,15.430000305175781,8.25628662109375,9230000
2011-12-19,15.539999961853027,15.619999885559082,15.020000457763672,15.069999694824219,8.063655853271484,4976100
2011-12-20,15.40999984741211,15.890000343322754,15.40999984741211,15.739999771118164,8.422161102294922,8808800
2011-12-21,15.699999809265137,16.0,15.489999771118164,15.960000038146973,8.53987979888916,7386800
2011-12-22,16.059999465942383,16.360000610351562,15.869999885559082,16.0,8.561281204223633,4420400
2011-12-23,16.010000228881836,16.170000076293945,15.9399995803833,16.15999984741211,8.646896362304688,2687500
2011-12-27,16.1200008392334,16.15999984741211,15.699999809265137,15.819999694824219,8.46496868133545,5960800
2011-12-28,15.899999618530273,16.06999969482422,15.520000457763672,15.59000015258789,8.341898918151855,4827200
2011-12-29,15.670000076293945,15.869999885559082,15.479999542236328,15.850000381469727,8.4810209274292,3537400
2011-12-30,15.829999923706055,16.5,15.779999732971191,16.399999618530273,8.775312423706055,8171800
2012-01-03,16.799999237060547,16.90999984741211,16.329999923706055,16.43000030517578,8.791366577148438,6110200
2012-01-04,16.440000534057617,16.829999923706055,16.209999084472656,16.81999969482422,9.000043869018555,8512200
2012-01-05,18.200000762939453,18.270000457763672,17.549999237060547,17.899999618530273,9.577932357788086,28075500
2012-01-06,17.829999923706055,18.440000534057617,17.829999923706055,18.299999237060547,9.791962623596191,11792100
2012-01-09,18.350000381469727,18.450000762939453,18.139999389648438,18.190000534057617,9.733105659484863,8663100
2012-01-10,18.40999984741211,18.829999923706055,18.329999923706055,18.600000381469727,9.952489852905273,10149200
2012-01-11,18.68000030517578,18.719999313354492,18.389999389648438,18.690000534057617,10.000646591186523,7189400
2012-01-12,18.809999465942383,19.5,18.799999237060547,19.3700008392334,10.364500999450684,23587000
2012-01-13,19.260000228881836,19.670000076293945,19.100000381469727,19.540000915527344,10.455466270446777,10863800
2012-01-17,19.600000381469727,19.799999237060547,19.190000534057617,19.43000030517578,10.396607398986816,13270400
2012-01-18,19.40999984741211,19.790000915527344,19.34000015258789,19.75,10.56783390045166,8890600
2012-01-19,19.790000915527344,19.950000762939453,19.690000534057617,19.84000015258789,10.615988731384277,7222300
2012-01-20,19.84000015258789,20.09000015258789,19.610000610351562,20.020000457763672,10.712302207946777,11928800
2012-01-23,20.0,20.020000457763672,19.520000457763672,19.68000030517578,10.530376434326172,15262700
2012-01-24,19.899999618530273,20.020000457763672,19.549999237060547,19.75,10.56783390045166,14833600
2012-01-25,19.729999542236328,19.899999618530273,19.450000762939453,19.770000457763672,10.578537940979004,8464700
2012-01-26,19.920000076293945,20.0,19.65999984741211,19.799999237060547,10.594582557678223,7326500
2012-01-27,20.350000381469727,21.0,20.31999969482422,20.770000457763672,11.113609313964844,18576900
2012-01-30,20.709999084472656,21.0,20.5,20.889999389648438,11.177823066711426,8838000
2012-01-31,21.139999389648438,21.229999542236328,20.959999084472656,21.139999389648438,11.311591148376465,16201400
2012-02-01,23.59000015258789,26.149999618530273,23.559999465942383,25.530000686645508,13.660591125488281,75403800
2012-02-02,25.459999084472656,26.309999465942383,25.190000534057617,25.75,13.778312683105469,26350600
2012-02-03,26.0,26.68000030517578,25.959999084472656,26.420000076293945,14.136818885803223,13584400
2012-02-06,26.389999389648438,26.6299991607666,25.920000076293945,26.399999618530273,14.12611198425293,12271500
2012-02-07,26.31999969482422,27.149999618530273,26.219999313354492,26.670000076293945,14.270586013793945,14065700
2012-02-08,26.780000686645508,27.290000915527344,26.700000762939453,27.0,14.447161674499512,11061300
2012-02-09,27.059999465942383,27.299999237060547,26.290000915527344,26.68000030517578,14.275933265686035,14218200
2012-02-10,26.25,26.450000762939453,25.809999465942383,26.200000762939453,14.01909351348877,15049400
2012-02-13,26.479999542236328,26.5,25.780000686645508,26.049999237060547,14.073123931884766,10088600
2012-02-14,26.0,26.739999771118164,25.93000030517578,26.600000381469727,14.37024974822998,8362200
2012-02-15,26.610000610351562,26.770000457763672,26.049999237060547,26.200000762939453,14.154151916503906,9647900
2012-02-16,26.469999313354492,27.299999237060547,26.299999237060547,27.18000030517578,14.683585166931152,9997000
2012-02-17,27.25,27.299999237060547,26.799999237060547,26.8799991607666,14.521515846252441,6814000
2012-02-21,27.0,27.1299991607666,26.459999084472656,26.719999313354492,14.435077667236328,4934700
2012-02-22,26.610000610351562,26.790000915527344,26.34000015258789,26.459999084472656,14.2946195602417,6679100
2012-02-23,26.350000381469727,27.399999618530273,26.350000381469727,27.110000610351562,14.645773887634277,9857600
2012-02-24,27.290000915527344,27.780000686645508,27.25,27.489999771118164,14.851064682006836,9956800
2012-02-27,27.25,27.700000762939453,26.700000762939453,26.709999084472656,14.429675102233887,10897300
2012-02-28,26.84000015258789,27.139999389648438,26.670000076293945,27.079999923706055,14.629559516906738,7177000
2012-02-29,27.200000762939453,27.459999084472656,26.260000228881836,26.260000228881836,14.186569213867188,10275000
2012-03-01,26.440000534057617,27.399999618530273,25.979999542236328,27.360000610351562,14.780829429626465,10556700
2012-03-02,27.239999771118164,27.75,26.780000686645508,27.280000686645508,14.737614631652832,12285100
2012-03-05,27.100000381469727,27.790000915527344,27.09000015258789,27.65999984741211,14.942898750305176,9877900
2012-03-06,27.420000076293945,27.600000381469727,26.520000457763672,26.90999984741211,14.537720680236816,10013000
2012-03-07,27.229999542236328,27.700000762939453,27.010000228881836,27.6200008392334,14.921287536621094,8109400
2012-03-08,27.700000762939453,28.559999465942383,27.700000762939453,27.979999542236328,15.115772247314453,11770100
2012-03-09,28.030000686645508,28.6299991607666,28.030000686645508,28.329999923706055,15.304856300354004,9046000
2012-03-12,28.229999542236328,28.34000015258789,27.850000381469727,27.8799991607666,15.061758041381836,6135600
2012-03-13,28.09000015258789,28.18000030517578,27.459999084472656,28.0,15.126582145690918,8772400
2012-03-14,27.93000030517578,28.299999237060547,27.100000381469727,27.43000030517578,14.818645477294922,9831200
2012-03-15,27.40999984741211,27.520000457763672,26.40999984741211,26.579999923706055,14.359443664550781,13668600
2012-03-16,26.84000015258789,27.030000686645508,26.270000457763672,26.709999084472656,14.429675102233887,15459600
2012-03-19,26.579999923706055,26.8799991607666,26.110000610351562,26.440000534057617,14.283814430236816,8690300
2012-03-20,26.290000915527344,26.670000076293945,25.93000030517578,26.56999969482422,14.354048728942871,6848400
2012-03-21,26.690000534057617,26.93000030517578,26.31999969482422,26.709999084472656,14.429675102233887,6956900
2012-03-22,26.700000762939453,27.979999542236328,26.65999984741211,27.93000030517578,15.088767051696777,12346100
2012-03-23,27.889999389648438,28.040000915527344,27.270000457763672,27.959999084472656,15.104970932006836,8567000
2012-03-26,28.06999969482422,28.06999969482422,27.600000381469727,27.899999618530273,15.072551727294922,5653000
2012-03-27,28.0,28.0,27.31999969482422,27.350000381469727,14.775433540344238,6718800
2012-03-28,27.6200008392334,27.850000381469727,26.950000762939453,27.229999542236328,14.710598945617676,8829800
2012-03-29,26.969999313354492,27.139999389648438,26.420000076293945,27.09000015258789,14.634968757629395,6863800
2012-03-30,27.25,27.299999237060547,26.420000076293945,26.959999084472656,14.56473159790039,6050300
2012-04-02,27.010000228881836,28.0,26.8700008392334,27.959999084472656,15.104970932006836,9874000
2012-04-03,27.729999542236328,28.200000762939453,27.579999923706055,27.889999389648438,15.067151069641113,8895400
2012-04-04,27.59000015258789,27.639999389648438,27.270000457763672,27.440000534057617,14.824050903320312,9307700
2012-04-05,26.729999542236328,26.799999237060547,24.8700008392334,25.719999313354492,13.894845962524414,31554900
2012-04-09,25.549999237060547,26.719999313354492,25.40999984741211,26.510000228881836,14.321633338928223,10942000
2012-04-10,26.649999618530273,26.8799991607666,25.540000915527344,25.639999389648438,13.851624488830566,8389500
2012-04-11,26.010000228881836,26.459999084472656,25.75,25.889999389648438,13.986681938171387,8748900
2012-04-12,26.020000457763672,27.1200008392334,26.020000457763672,26.989999771118164,14.580936431884766,8160700
2012-04-13,26.90999984741211,27.770000457763672,26.860000610351562,27.3799991607666,14.791632652282715,10247800
2012-04-16,28.450000762939453,29.0,28.020000457763672,28.510000228881836,15.402105331420898,20482400
2012-04-17,28.899999618530273,28.969999313354492,27.889999389648438,27.889999389648438,15.067151069641113,20695700
2012-04-18,28.600000381469727,29.59000015258789,28.200000762939453,28.959999084472656,15.6452054977417,30187200
2012-04-19,29.15999984741211,29.59000015258789,28.450000762939453,28.770000457763672,15.542560577392578,16091100
2012-04-20,29.0,29.479999542236328,28.729999542236328,29.209999084472656,15.780267715454102,12126800
2012-04-23,29.0,29.450000762939453,28.899999618530273,29.31999969482422,15.839690208435059,13269900
2012-04-24,29.420000076293945,29.8799991607666,29.229999542236328,29.84000015258789,16.120616912841797,9645400
2012-04-25,29.899999618530273,31.31999969482422,29.860000610351562,31.020000457763672,16.758085250854492,14236100
2012-04-26,31.0,31.489999771118164,30.600000381469727,31.09000015258789,16.795902252197266,9546000
2012-04-27,29.09000015258789,29.940000534057617,27.850000381469727,29.579999923706055,15.98015022277832,31256700
2012-04-30,29.549999237060547,31.0,29.520000457763672,30.760000228881836,16.7592716217041,16583800
2012-05-01,30.860000610351562,32.54999923706055,30.860000610351562,31.889999389648438,17.37494468688965,23352300
2012-05-02,31.6200008392334,32.33000183105469,31.469999313354492,32.209999084472656,17.549291610717773,10553300
2012-05-03,32.36000061035156,32.4900016784668,30.81999969482422,31.239999771118164,17.020797729492188,11519700
2012-05-04,30.790000915527344,30.989999771118164,30.079999923706055,30.43000030517578,16.579469680786133,9442800
2012-05-07,30.049999237060547,31.18000030517578,29.850000381469727,31.010000228881836,16.89548110961914,10500000
2012-05-08,30.739999771118164,30.989999771118164,29.75,30.40999984741211,16.568578720092773,9750600
2012-05-09,29.829999923706055,30.799999237060547,29.600000381469727,30.56999969482422,16.655752182006836,8096400
2012-05-10,30.940000534057617,31.719999313354492,30.760000228881836,31.469999313354492,17.146108627319336,12821700
2012-05-11,31.149999618530273,31.56999969482422,31.010000228881836,31.139999389648438,16.966306686401367,8454900
2012-05-14,30.81999969482422,32.0099983215332,30.649999618530273,31.3700008392334,17.091625213623047,10011300
2012-05-15,31.459999084472656,32.0,31.1200008392334,31.309999465942383,17.05893325805664,8755200
2012-05-16,31.350000381469727,31.770000457763672,30.149999618530273,30.239999771118164,16.4759521484375,9753900
2012-05-17,30.170000076293945,30.510000228881836,28.610000610351562,28.670000076293945,15.62055492401123,13069000
2012-05-18,28.649999618530273,28.75,26.719999313354492,26.90999984741211,14.661636352539062,19881200
2012-05-21,26.889999389648438,27.989999771118164,26.760000228881836,27.850000381469727,15.173789978027344,13688200
2012-05-22,26.989999771118164,27.0,25.780000686645508,26.360000610351562,14.361976623535156,20121200
2012-05-23,25.780000686645508,26.25,25.190000534057617,25.780000686645508,14.045971870422363,17980000
2012-05-24,25.790000915527344,27.100000381469727,25.780000686645508,26.389999389648438,14.378325462341309,16544100
2012-05-25,26.299999237060547,26.399999618530273,25.760000228881836,26.18000030517578,14.26390552520752,6597000
2012-05-29,25.68000030517578,25.8700008392334,24.719999313354492,25.030000686645508,13.637340545654297,20395200
2012-05-30,24.649999618530273,25.190000534057617,24.260000228881836,24.31999969482422,13.250506401062012,13417500
2012-05-31,23.850000381469727,23.8799991607666,22.889999389648438,23.43000030517578,12.765595436096191,20462100
2012-06-01,22.81999969482422,23.149999618530273,21.6200008392334,21.739999771118164,11.844817161560059,25964400
2012-06-04,21.8700008392334,22.469999313354492,21.700000762939453,22.139999389648438,12.062753677368164,12569000
2012-06-05,21.8700008392334,22.719999313354492,21.790000915527344,22.600000381469727,12.31338119506836,11368900
2012-06-06,22.93000030517578,23.729999542236328,22.860000610351562,23.670000076293945,12.896354675292969,11392200
2012-06-07,23.639999389648438,23.81999969482422,22.530000686645508,22.65999984741211,12.346067428588867,13993600
2012-06-08,22.65999984741211,23.670000076293945,22.600000381469727,23.389999389648438,12.743803024291992,9366400
2012-06-11,23.729999542236328,23.8799991607666,22.530000686645508,22.559999465942383,12.291583061218262,8226700
2012-06-12,22.920000076293945,23.239999771118164,22.299999237060547,23.190000534057617,12.634832382202148,9771200
2012-06-13,23.190000534057617,24.440000534057617,23.010000228881836,23.850000381469727,12.994430541992188,13672300
2012-06-14,23.969999313354492,24.010000228881836,23.389999389648438,23.440000534057617,12.771048545837402,8444700
2012-06-15,23.639999389648438,23.700000762939453,23.31999969482422,23.56999969482422,12.841874122619629,7510800
2012-06-18,23.639999389648438,23.969999313354492,23.350000381469727,23.84000015258789,12.988983154296875,5541300
2012-06-19,24.020000457763672,24.68000030517578,23.860000610351562,24.479999542236328,13.337682723999023,5957300
2012-06-20,24.399999618530273,24.520000457763672,23.84000015258789,24.31999969482422,13.250506401062012,6186000
2012-06-21,23.950000762939453,24.0,22.610000610351562,22.68000030517578,12.356966018676758,11452400
2012-06-22,22.700000762939453,23.40999984741211,22.690000534057617,23.34000015258789,12.716559410095215,7220700
2012-06-25,23.040000915527344,23.399999618530273,22.59000015258789,23.270000457763672,12.678420066833496,10677900
2012-06-26,23.959999084472656,24.450000762939453,23.81999969482422,24.1200008392334,13.141534805297852,20059300
2012-06-27,24.280000686645508,24.739999771118164,23.959999084472656,24.530000686645508,13.364920616149902,9208800
2012-06-28,23.459999084472656,23.780000686645508,22.860000610351562,23.25,12.667524337768555,19810800
2012-06-29,23.799999237060547,24.850000381469727,23.780000686645508,24.729999542236328,13.473888397216797,89629700
2012-07-02,24.690000534057617,24.739999771118164,24.170000076293945,24.559999465942383,13.381260871887207,13548200
2012-07-03,24.530000686645508,25.15999984741211,24.399999618530273,25.1299991607666,13.691822052001953,5961000
2012-07-05,24.899999618530273,25.329999923706055,24.540000915527344,25.079999923706055,13.664579391479492,7562400
2012-07-06,24.469999313354492,25.059999465942383,23.860000610351562,24.959999084472656,13.599203109741211,17471900
2012-07-09,24.959999084472656,26.020000457763672,24.709999084472656,25.969999313354492,14.149489402770996,12315500
2012-07-10,25.780000686645508,26.459999084472656,25.09000015258789,25.350000381469727,13.81169319152832,10271200
2012-07-11,25.360000610351562,25.579999923706055,25.030000686645508,25.3700008392334,13.822588920593262,7016500
2012-07-12,25.239999771118164,25.549999237060547,24.579999923706055,25.229999542236328,13.746308326721191,7193900
2012-07-13,25.360000610351562,25.8799991607666,25.25,25.809999465942383,14.06231689453125,4778900
2012-07-16,25.81999969482422,26.299999237060547,25.34000015258789,26.040000915527344,14.18762493133545,6746800
2012-07-17,26.440000534057617,27.149999618530273,25.829999923706055,26.770000457763672,14.585357666015625,11691700
2012-07-18,26.760000228881836,27.979999542236328,26.56999969482422,27.530000686645508,14.99944019317627,9485100
2012-07-19,27.639999389648438,27.799999237060547,26.899999618530273,27.170000076293945,14.803297996520996,7973300
2012-07-20,27.079999923706055,27.5,26.540000915527344,26.799999237060547,14.601699829101562,7912900
2012-07-23,26.219999313354492,26.700000762939453,25.510000228881836,26.549999237060547,14.465494155883789,6937800
2012-07-24,26.610000610351562,27.1200008392334,26.18000030517578,26.459999084472656,14.416461944580078,6693600
2012-07-25,26.59000015258789,26.850000381469727,26.040000915527344,26.309999465942383,14.334737777709961,7836100
2012-07-26,29.1200008392334,30.600000381469727,28.850000381469727,30.059999465942383,16.377885818481445,28480000
2012-07-27,29.989999771118164,30.190000534057617,29.18000030517578,30.010000228881836,16.350643157958984,11143900
2012-07-30,30.020000457763672,30.739999771118164,29.950000762939453,30.43000030517578,16.579469680786133,13062400
2012-07-31,27.950000762939453,30.579999923706055,27.899999618530273,30.020000457763672,16.35608673095703,20230500
2012-08-01,30.139999389648438,30.8700008392334,29.8799991607666,30.229999542236328,16.470510482788086,9855000
2012-08-02,29.950000762939453,30.479999542236328,29.450000762939453,29.959999084472656,16.32340431213379,8569100
2012-08-03,30.110000610351562,31.100000381469727,30.079999923706055,30.940000534057617,16.857345581054688,9204400
2012-08-06,30.90999984741211,31.940000534057617,30.850000381469727,31.899999618530273,17.380380630493164,10589100
2012-08-07,31.969999313354492,33.099998474121094,31.68000030517578,32.59000015258789,17.756330490112305,12876300
2012-08-08,32.470001220703125,33.41999816894531,32.119998931884766,32.650001525878906,17.78901481628418,17851200
2012-08-09,32.970001220703125,33.290000915527344,32.47999954223633,33.09000015258789,18.02874755859375,13933800
2012-08-10,32.630001068115234,34.279998779296875,32.529998779296875,34.18000030517578,18.804475784301758,16376900
2012-08-13,34.0,34.65999984741211,33.79999923706055,34.20000076293945,18.815479278564453,8980300
2012-08-14,34.540000915527344,34.65999984741211,33.869998931884766,34.04999923706055,18.732952117919922,8395600
2012-08-15,34.25,34.27000045776367,33.709999084472656,34.11000061035156,18.765968322753906,5245100
2012-08-16,34.209999084472656,34.70000076293945,33.95000076293945,34.619998931884766,19.04654884338379,6664800
2012-08-17,34.54999923706055,35.709999084472656,34.5,35.66999816894531,19.62420654296875,13087800
2012-08-20,35.060001373291016,35.31999969482422,34.869998931884766,35.08000183105469,19.299619674682617,7681400
2012-08-21,35.25,35.5,34.189998626708984,34.720001220703125,19.101564407348633,9009300
2012-08-22,34.47999954223633,35.36000061035156,34.11000061035156,35.16999816894531,19.349130630493164,13121500
2012-08-23,34.75,34.75,33.38999938964844,33.689998626708984,18.534893035888672,13623200
2012-08-24,33.58000183105469,34.11000061035156,33.29999923706055,34.060001373291016,18.738454818725586,9438200
2012-08-27,34.18000030517578,34.47999954223633,33.72999954223633,33.849998474121094,18.62291717529297,6228400
2012-08-28,33.79999923706055,34.369998931884766,33.36000061035156,33.66999816894531,18.523893356323242,8656100
2012-08-29,33.630001068115234,34.029998779296875,33.459999084472656,33.59000015258789,18.479881286621094,5128300
2012-08-30,32.9900016784668,33.040000915527344,31.700000762939453,32.209999084472656,17.720661163330078,10942300
2012-08-31,32.540000915527344,33.0,31.68000030517578,32.0099983215332,17.610624313354492,12064500
2012-09-04,32.0,32.7599983215332,31.8799991607666,32.400001525878906,17.8251895904541,8466100
2012-09-05,32.41999816894531,32.900001525878906,32.06999969482422,32.529998779296875,17.896705627441406,6695900
2012-09-06,31.25,32.060001373291016,30.8700008392334,31.700000762939453,17.44007682800293,18354700
2012-09-07,31.31999969482422,31.43000030517578,30.559999465942383,30.600000381469727,16.83490753173828,13224700
2012-09-10,30.139999389648438,30.610000610351562,29.84000015258789,29.8700008392334,16.43328285217285,12793200
2012-09-11,30.0,30.420000076293945,29.600000381469727,30.110000610351562,16.565324783325195,9386600
2012-09-12,30.1200008392334,30.420000076293945,29.81999969482422,30.0,16.504806518554688,9072800
2012-09-13,30.110000610351562,30.90999984741211,29.18000030517578,30.31999969482422,16.68085479736328,9582800
2012-09-14,30.709999084472656,31.5,29.84000015258789,30.479999542236328,16.768888473510742,15565000
2012-09-17,30.25,30.329999923706055,29.56999969482422,29.75,16.367259979248047,7304100
2012-09-18,29.739999771118164,30.170000076293945,29.360000610351562,29.690000534057617,16.334251403808594,7845200
2012-09-19,29.739999771118164,29.829999923706055,29.360000610351562,29.469999313354492,16.21321678161621,7905800
2012-09-20,29.450000762939453,30.239999771118164,29.15999984741211,30.020000457763672,16.515811920166016,9300500
2012-09-21,30.93000030517578,31.15999984741211,30.010000228881836,30.959999084472656,17.032960891723633,18174700
2012-09-24,30.579999923706055,31.43000030517578,30.40999984741211,31.360000610351562,17.253026962280273,10949400
2012-09-25,31.729999542236328,32.25,31.3700008392334,31.549999237060547,17.357545852661133,10753400
2012-09-26,31.420000076293945,31.5,30.40999984741211,30.979999542236328,17.043956756591797,7491500
2012-09-27,31.100000381469727,31.950000762939453,30.709999084472656,31.93000030517578,17.566612243652344,6553500
2012-09-28,31.84000015258789,31.90999984741211,30.799999237060547,30.959999084472656,17.032960891723633,9110500
2012-10-01,31.260000228881836,31.489999771118164,29.989999771118164,30.09000015258789,16.554317474365234,9396800
2012-10-02,30.420000076293945,30.489999771118164,29.8799991607666,30.290000915527344,16.664352416992188,8160400
2012-10-03,30.280000686645508,30.43000030517578,29.8799991607666,30.049999237060547,16.53230857849121,8421500
2012-10-04,30.110000610351562,30.360000610351562,29.809999465942383,30.0,16.504806518554688,10938100
2012-10-05,30.209999084472656,30.280000686645508,29.459999084472656,29.59000015258789,16.279237747192383,5833100
2012-10-08,29.5,29.739999771118164,29.270000457763672,29.530000686645508,16.24622917175293,4528700
2012-10-09,29.3799991607666,29.5,28.3799991607666,28.690000534057617,15.784101486206055,9163900
2012-10-10,28.600000381469727,28.75,28.0,28.229999542236328,15.531025886535645,8189700
2012-10-11,28.579999923706055,28.93000030517578,28.1299991607666,28.25,15.542019844055176,7329900
2012-10-12,27.239999771118164,28.420000076293945,27.139999389648438,28.06999969482422,15.442999839782715,16903500
2012-10-15,28.079999923706055,28.489999771118164,27.979999542236328,28.43000030517578,15.6410551071167,5772800
2012-10-16,28.610000610351562,29.030000686645508,28.440000534057617,28.579999923706055,15.723572731018066,6295800
2012-10-17,28.6200008392334,28.860000610351562,28.15999984741211,28.3799991607666,15.613542556762695,4567500
2012-10-18,28.170000076293945,28.65999984741211,27.940000534057617,27.969999313354492,15.387977600097656,6689000
2012-10-19,27.950000762939453,28.190000534057617,27.81999969482422,27.899999618530273,15.349467277526855,10379900
2012-10-22,27.969999313354492,28.3700008392334,27.90999984741211,28.309999465942383,15.57503604888916,7747700
2012-10-23,26.81999969482422,28.09000015258789,26.75,27.799999237060547,15.294453620910645,13701300
2012-10-24,27.959999084472656,28.010000228881836,27.43000030517578,27.700000762939453,15.239435195922852,7693400
2012-10-25,27.979999542236328,28.3700008392334,27.809999465942383,28.1299991607666,15.476005554199219,6876600
2012-10-26,28.06999969482422,28.420000076293945,27.760000228881836,27.90999984741211,15.354972839355469,6666600
2012-10-31,27.489999771118164,27.81999969482422,26.770000457763672,27.329999923706055,15.035877227783203,11797200
2012-11-01,27.34000015258789,28.329999923706055,27.239999771118164,28.229999542236328,15.531025886535645,7476500
2012-11-02,28.6200008392334,28.6200008392334,27.989999771118164,28.020000457763672,15.415488243103027,6058100
2012-11-05,28.059999465942383,28.920000076293945,28.049999237060547,28.84000015258789,15.866621017456055,5604600
2012-11-06,29.0,30.350000381469727,28.760000228881836,30.290000915527344,16.664352416992188,9873400
2012-11-07,29.81999969482422,30.190000534057617,29.309999465942383,29.31999969482422,16.13069725036621,9819900
2012-11-08,29.3700008392334,29.920000076293945,29.3700008392334,29.610000610351562,16.290245056152344,7583300
2012-11-09,29.149999618530273,29.959999084472656,29.040000915527344,29.059999465942383,16.162317276000977,9458900
2012-11-12,29.1299991607666,29.190000534057617,28.010000228881836,28.049999237060547,15.60058879852295,6656000
2012-11-13,27.770000457763672,28.239999771118164,27.200000762939453,27.93000030517578,15.533854484558105,8996300
2012-11-14,28.06999969482422,28.100000381469727,26.709999084472656,26.780000686645508,14.894254684448242,15458400
2012-11-15,26.709999084472656,27.1299991607666,26.709999084472656,26.8700008392334,14.944304466247559,11176600
2012-11-16,26.8799991607666,27.309999465942383,26.459999084472656,27.110000610351562,15.077786445617676,10345400
2012-11-19,27.309999465942383,27.469999313354492,26.8799991607666,27.09000015258789,15.066666603088379,9254500
2012-11-20,27.0,27.079999923706055,26.239999771118164,26.6299991607666,14.81082820892334,11100500
2012-11-21,26.760000228881836,27.299999237060547,26.530000686645508,26.75,14.877564430236816,9049000
2012-11-23,26.969999313354492,27.440000534057617,26.770000457763672,27.290000915527344,15.177899360656738,2963500
2012-11-26,27.239999771118164,27.43000030517578,26.920000076293945,27.350000381469727,15.211271286010742,5951900
2012-11-27,27.329999923706055,27.399999618530273,25.899999618530273,25.950000762939453,14.432635307312012,13851600
2012-11-28,25.8700008392334,26.100000381469727,25.43000030517578,25.690000534057617,14.288026809692383,9984900
2012-11-29,25.739999771118164,25.860000610351562,24.979999542236328,25.260000228881836,14.048873901367188,10280500
2012-11-30,25.690000534057617,25.690000534057617,24.899999618530273,25.100000381469727,13.95988655090332,11474600
2012-12-03,25.350000381469727,25.709999084472656,25.15999984741211,25.360000610351562,14.10448932647705,6603500
2012-12-04,25.440000534057617,26.469999313354492,25.43000030517578,26.459999084472656,14.716279029846191,11623500
2012-12-05,26.459999084472656,28.459999084472656,26.399999618530273,27.600000381469727,15.350312232971191,17209400
2012-12-06,27.440000534057617,28.729999542236328,27.40999984741211,28.530000686645508,15.867548942565918,11358300
2012-12-07,28.780000686645508,28.8700008392334,28.290000915527344,28.34000015258789,15.761883735656738,7988400
2012-12-10,28.31999969482422,29.81999969482422,28.299999237060547,28.90999984741211,16.07889747619629,12138200
2012-12-11,29.15999984741211,29.65999984741211,28.729999542236328,29.030000686645508,16.145639419555664,9494900
2012-12-12,27.899999618530273,28.170000076293945,27.670000076293945,27.75,15.638448715209961,10180100
2012-12-13,27.739999771118164,28.200000762939453,27.520000457763672,27.75,15.638448715209961,7256800
2012-12-14,27.700000762939453,27.75,27.350000381469727,27.649999618530273,15.582087516784668,5682400
2012-12-17,27.81999969482422,28.290000915527344,27.700000762939453,28.049999237060547,15.807510375976562,5504000
2012-12-18,28.200000762939453,29.489999771118164,28.149999618530273,29.360000610351562,16.545757293701172,12658100
2012-12-19,30.0,30.829999923706055,29.799999237060547,30.31999969482422,17.08676528930664,14140100
2012-12-20,30.270000457763672,30.530000686645508,29.850000381469727,30.3799991607666,17.120574951171875,5843000
2012-12-21,29.90999984741211,30.5,29.149999618530273,30.459999084472656,17.1656551361084,17452400
2012-12-24,30.510000228881836,30.59000015258789,29.940000534057617,30.290000915527344,17.069860458374023,2795800
2012-12-26,30.40999984741211,30.889999389648438,30.219999313354492,30.3799991607666,17.120574951171875,4660800
2012-12-27,30.219999313354492,30.399999618530273,29.75,30.209999084472656,17.024770736694336,4120500
2012-12-28,30.010000228881836,30.270000457763672,29.889999389648438,29.950000762939453,16.87824821472168,4348600
2012-12-31,29.90999984741211,30.770000457763672,29.799999237060547,30.420000076293945,17.14311408996582,6504500
2013-01-02,31.59000015258789,32.0,31.270000457763672,31.950000762939453,18.00534439086914,7445700
2013-01-03,31.93000030517578,32.0,31.31999969482422,31.3799991607666,17.684120178222656,4948400
2013-01-04,31.469999313354492,31.6299991607666,31.110000610351562,31.450000762939453,17.72357177734375,4520900
2013-01-07,31.389999389648438,31.90999984741211,31.170000076293945,31.479999542236328,17.740478515625,5594000
2013-01-08,31.31999969482422,31.920000076293945,30.81999969482422,31.389999389648438,17.689756393432617,8464200
2013-01-09,32.0,33.5,31.950000762939453,33.47999954223633,18.867570877075195,17973600
2013-01-10,33.65999984741211,33.720001220703125,32.97999954223633,33.68000030517578,18.980281829833984,9940800
2013-01-11,33.75,33.779998779296875,33.04999923706055,33.290000915527344,18.760498046875,7241600
2013-01-14,33.54999923706055,34.45000076293945,32.79999923706055,33.970001220703125,19.143714904785156,11264200
2013-01-15,33.93000030517578,34.689998626708984,33.54999923706055,34.459999084472656,19.41984748840332,8044400
2013-01-16,34.220001220703125,34.70000076293945,34.060001373291016,34.29999923706055,19.32967185974121,4906500
2013-01-17,34.40999984741211,35.08000183105469,34.36000061035156,35.02000045776367,19.735435485839844,7421800
2013-01-18,34.939998626708984,35.40999984741211,34.599998474121094,35.380001068115234,19.938318252563477,8398000
2013-01-22,35.459999084472656,37.91999816894531,35.34000015258789,37.88999938964844,21.352813720703125,15325700
2013-01-23,37.900001525878906,37.939998626708984,36.150001525878906,36.619998931884766,20.63711166381836,11841400
2013-01-24,36.38999938964844,37.369998931884766,36.27000045776367,36.869998931884766,20.777996063232422,8484500
2013-01-25,37.130001068115234,37.560001373291016,36.91999816894531,37.25,20.992141723632812,8976200
2013-01-28,37.70000076293945,37.83000183105469,37.25,37.40999984741211,21.08231544494629,8838300
2013-01-29,35.13999938964844,35.150001525878906,33.599998474121094,33.90999984741211,19.10989761352539,16672000
2013-01-30,33.90999984741211,34.439998626708984,33.849998474121094,33.88999938964844,19.0986270904541,5940000
2013-01-31,33.209999084472656,34.84000015258789,32.959999084472656,33.97999954223633,19.14934730529785,13520900
2013-02-01,34.380001068115234,34.400001525878906,33.22999954223633,33.66999816894531,18.974647521972656,7864900
2013-02-04,33.439998626708984,34.16999816894531,33.15999984741211,33.79999923706055,19.04790496826172,7083900
2013-02-05,33.81999969482422,34.2400016784668,33.43000030517578,33.959999084472656,19.138071060180664,5903900
2013-02-06,33.79999923706055,34.70000076293945,33.720001220703125,34.619998931884766,19.510019302368164,6000400
2013-02-07,34.38999938964844,34.7599983215332,33.529998779296875,34.7400016784668,19.5776424407959,9803900
2013-02-08,34.849998474121094,36.83000183105469,34.7599983215332,35.47999954223633,19.99466896057129,10520600
2013-02-11,35.560001373291016,35.65999984741211,34.79999923706055,35.04999923706055,19.752334594726562,4312000
2013-02-12,35.119998931884766,35.13999938964844,34.65999984741211,34.68000030517578,19.5438289642334,3486400
2013-02-13,34.93000030517578,35.08000183105469,34.63999938964844,35.0099983215332,19.729799270629883,3404700
2013-02-14,34.810001373291016,35.2599983215332,34.79999923706055,34.95000076293945,19.69599151611328,3537500
2013-02-15,34.779998779296875,35.02000045776367,34.2400016784668,34.45000076293945,19.41421127319336,5091400
2013-02-19,34.7400016784668,34.7400016784668,33.970001220703125,34.18000030517578,19.26205062866211,4976500
2013-02-20,34.2400016784668,34.2400016784668,32.38999938964844,32.5,18.31529426574707,5580400
2013-02-21,32.22999954223633,32.34000015258789,31.3799991607666,31.719999313354492,17.875728607177734,5673500
2013-02-22,31.979999542236328,32.25,31.3700008392334,31.84000015258789,17.94335174560547,4413200
2013-02-25,32.310001373291016,32.400001525878906,30.790000915527344,30.84000015258789,17.379810333251953,4889800
2013-02-26,30.93000030517578,31.530000686645508,30.260000228881836,31.329999923706055,17.655946731567383,5136400
2013-02-27,31.280000686645508,32.130001068115234,31.030000686645508,31.969999313354492,18.016613006591797,3485300
2013-02-28,31.860000610351562,32.5,31.709999084472656,32.15999984741211,18.123695373535156,5460100
2013-03-01,32.029998779296875,32.45000076293945,31.719999313354492,32.31999969482422,18.21385955810547,3921500
2013-03-04,32.290000915527344,32.400001525878906,31.549999237060547,32.040000915527344,18.056066513061523,4806400
2013-03-05,32.290000915527344,32.619998931884766,32.099998474121094,32.34000015258789,18.225128173828125,3912700
2013-03-06,32.52000045776367,33.2599983215332,32.45000076293945,33.02000045776367,18.60834312438965,5379300
2013-03-07,33.18000030517578,33.20000076293945,31.940000534057617,32.220001220703125,18.157499313354492,5739400
2013-03-08,32.43000030517578,32.560001373291016,32.0099983215332,32.5,18.31529426574707,4433600
2013-03-11,32.310001373291016,33.38999938964844,32.20000076293945,33.33000183105469,18.783042907714844,4424600
2013-03-12,33.279998779296875,35.060001373291016,33.119998931884766,34.939998626708984,19.69035530090332,8727800
2013-03-13,35.040000915527344,35.81999969482422,34.70000076293945,35.310001373291016,19.898862838745117,6580600
2013-03-14,35.5,35.95000076293945,35.369998931884766,35.88999938964844,20.225723266601562,5130200
2013-03-15,35.70000076293945,35.81999969482422,34.79999923706055,35.349998474121094,19.921401977539062,10203300
2013-03-18,34.810001373291016,35.560001373291016,34.5,35.290000915527344,19.88759422302246,3329600
2013-03-19,35.29999923706055,35.439998626708984,34.09000015258789,34.38999938964844,19.380403518676758,4444700
2013-03-20,34.810001373291016,35.11000061035156,34.689998626708984,34.95000076293945,19.69599151611328,2573500
2013-03-21,34.70000076293945,34.779998779296875,34.08000183105469,34.52000045776367,19.45366096496582,3195200
2013-03-22,34.630001068115234,34.849998474121094,34.150001525878906,34.720001220703125,19.566368103027344,2421700
2013-03-25,34.93000030517578,34.9900016784668,34.2599983215332,34.720001220703125,19.566368103027344,3752000
2013-03-26,35.09000015258789,36.47999954223633,35.0099983215332,35.880001068115234,20.220088958740234,9470700
2013-03-27,35.68000030517578,36.86000061035156,35.59000015258789,36.68000030517578,20.670923233032227,5966200
2013-03-28,36.650001525878906,36.95000076293945,36.2599983215332,36.560001373291016,20.603300094604492,4485100
2013-04-01,36.86000061035156,37.13999938964844,36.40999984741211,36.720001220703125,20.693466186523438,3535000
2013-04-02,36.720001220703125,36.720001220703125,35.79999923706055,36.279998779296875,20.445507049560547,3947300
2013-04-03,36.41999816894531,37.0,35.95000076293945,36.060001373291016,20.321523666381836,5040700
2013-04-04,36.130001068115234,36.369998931884766,35.77000045776367,36.34000015258789,20.479320526123047,2524600
2013-04-05,35.880001068115234,35.880001068115234,35.0099983215332,35.5099983215332,20.011571884155273,6002700
2013-04-08,35.810001373291016,36.25,35.18000030517578,35.97999954223633,20.276445388793945,3671200
2013-04-09,36.0,37.27000045776367,35.95000076293945,36.959999084472656,20.828716278076172,5694200
2013-04-10,37.18000030517578,37.900001525878906,37.0,37.68000030517578,21.234472274780273,5664800
2013-04-11,36.9900016784668,37.040000915527344,35.75,36.529998779296875,20.586389541625977,7282100
2013-04-12,36.4900016784668,36.599998474121094,35.84000015258789,36.09000015258789,20.33843421936035,3970200
2013-04-15,35.790000915527344,36.54999923706055,34.56999969482422,34.79999923706055,19.6114559173584,6120800
2013-04-16,34.97999954223633,35.849998474121094,34.79999923706055,35.34000015258789,19.91576385498047,4611800
2013-04-17,35.0099983215332,35.27000045776367,34.08000183105469,34.720001220703125,19.566368103027344,4970100
2013-04-18,34.88999938964844,35.150001525878906,33.689998626708984,33.93000030517578,19.12117576599121,5917500
2013-04-19,33.77000045776367,34.540000915527344,33.220001220703125,34.439998626708984,19.408580780029297,5205900
2013-04-22,34.5,35.220001220703125,34.349998474121094,34.810001373291016,19.617094039916992,3384000
2013-04-23,35.29999923706055,36.2400016784668,35.099998474121094,36.029998779296875,20.304615020751953,4746500
2013-04-24,36.220001220703125,37.130001068115234,36.08000183105469,36.459999084472656,20.54694366455078,6283000
2013-04-25,37.0099983215332,37.849998474121094,36.34000015258789,36.540000915527344,20.59203338623047,8986100
2013-04-26,36.470001220703125,36.75,36.209999084472656,36.400001525878906,20.51313018798828,6434600
2013-04-29,36.47999954223633,36.72999954223633,35.86000061035156,36.220001220703125,20.411691665649414,4811600
2013-04-30,36.189998626708984,36.70000076293945,35.9900016784668,36.70000076293945,20.68219757080078,5548700
2013-05-01,36.79999923706055,37.220001220703125,36.40999984741211,36.939998626708984,20.81744956970215,6202800
2013-05-02,38.060001373291016,39.91999816894531,38.04999923706055,39.630001068115234,22.333389282226562,14001200
2013-05-03,40.0,41.52000045776367,39.88999938964844,41.22999954223633,23.235061645507812,8594800
2013-05-06,41.27000045776367,42.2400016784668,41.27000045776367,41.970001220703125,23.65209197998047,7023400
2013-05-07,42.04999923706055,42.4900016784668,41.560001373291016,42.31999969482422,23.849334716796875,5535200
2013-05-08,42.18000030517578,42.5,41.5,42.31999969482422,23.849334716796875,5394100
2013-05-09,40.90999984741211,41.400001525878906,40.11000061035156,40.33000183105469,22.72788429260254,10508500
2013-05-10,40.290000915527344,40.720001220703125,40.04999923706055,40.5,22.823671340942383,4252700
2013-05-13,40.029998779296875,40.900001525878906,39.970001220703125,40.27000045776367,22.90900993347168,4013400
2013-05-14,40.4900016784668,41.20000076293945,40.150001525878906,40.849998474121094,23.23896598815918,5263900
2013-05-15,40.900001525878906,40.9900016784668,40.470001220703125,40.61000061035156,23.102436065673828,7891900
2013-05-16,40.7400016784668,41.13999938964844,40.470001220703125,40.59000015258789,23.0910587310791,6561700
2013-05-17,40.91999816894531,41.47999954223633,40.59000015258789,41.470001220703125,23.5916690826416,4901200
2013-05-20,41.11000061035156,41.189998626708984,40.709999084472656,41.040000915527344,23.347047805786133,4386900
2013-05-21,41.040000915527344,41.52000045776367,40.779998779296875,41.52000045776367,23.620128631591797,3118900
2013-05-22,41.150001525878906,42.880001068115234,41.150001525878906,42.16999816894531,23.98988914489746,7497600
2013-05-23,42.25,43.599998474121094,41.63999938964844,42.9900016784668,24.456378936767578,7468800
2013-05-24,42.720001220703125,43.040000915527344,42.2400016784668,42.849998474121094,24.376733779907227,2749900
2013-05-28,43.54999923706055,43.599998474121094,43.029998779296875,43.11000061035156,24.524642944335938,3407300
2013-05-29,42.70000076293945,43.9900016784668,42.689998626708984,43.7599983215332,24.89442253112793,4026200
2013-05-30,43.900001525878906,44.439998626708984,43.56999969482422,43.66999816894531,24.843217849731445,3707000
2013-05-31,43.59000015258789,43.849998474121094,43.06999969482422,43.08000183105469,24.507570266723633,6208700
2013-06-03,43.150001525878906,44.0,42.66999816894531,43.959999084472656,25.008195877075195,4042500
2013-06-04,44.02000045776367,45.0,44.02000045776367,44.7400016784668,25.45193862915039,5100100
2013-06-05,44.72999954223633,44.83000183105469,43.380001068115234,43.689998626708984,24.85459327697754,4269600
2013-06-06,43.709999084472656,44.119998931884766,43.209999084472656,44.119998931884766,25.099218368530273,4185400
2013-06-07,44.38999938964844,44.459999084472656,43.630001068115234,44.0099983215332,25.03664207458496,3292700
2013-06-10,43.689998626708984,44.130001068115234,43.150001525878906,43.970001220703125,25.013891220092773,3943400
2013-06-11,43.59000015258789,44.61000061035156,43.5099983215332,43.939998626708984,24.99681854248047,4211000
2013-06-12,44.36000061035156,44.619998931884766,43.40999984741211,43.56999969482422,24.786333084106445,3389700
2013-06-13,43.66999816894531,44.099998474121094,43.150001525878906,43.97999954223633,25.019577026367188,2932100
2013-06-14,44.02000045776367,44.31999969482422,43.58000183105469,43.720001220703125,24.87167739868164,2605500
2013-06-17,43.959999084472656,44.439998626708984,43.75,44.0099983215332,25.03664207458496,3120800
2013-06-18,44.18000030517578,45.04999923706055,44.040000915527344,44.9900016784668,25.59414291381836,4571800
2013-06-19,44.7400016784668,45.04999923706055,44.130001068115234,44.380001068115234,25.24712562561035,3490300
2013-06-20,43.86000061035156,44.060001373291016,42.400001525878906,42.84000015258789,24.371047973632812,5166500
2013-06-21,43.16999816894531,43.16999816894531,41.90999984741211,42.25,24.0354061126709,5996100
2013-06-24,41.959999084472656,42.0,40.68000030517578,41.22999954223633,23.455135345458984,3867400
2013-06-25,41.900001525878906,42.61000061035156,41.439998626708984,42.400001525878906,24.120737075805664,3339100
2013-06-26,42.779998779296875,43.06999969482422,42.279998779296875,42.70000076293945,24.29140853881836,2784600
2013-06-27,43.380001068115234,44.9900016784668,43.209999084472656,44.689998626708984,25.42348289489746,4063500
2013-06-28,44.5,45.5,44.2400016784668,44.83000183105469,25.503129959106445,3896300
2013-07-01,45.4900016784668,45.779998779296875,45.119998931884766,45.470001220703125,25.867219924926758,2837700
2013-07-02,45.599998474121094,45.84000015258789,44.86000061035156,45.220001220703125,25.724990844726562,2711900
2013-07-03,44.959999084472656,45.459999084472656,44.56999969482422,45.099998474121094,25.656715393066406,1948400
2013-07-05,45.619998931884766,45.93000030517578,45.09000015258789,45.720001220703125,26.009424209594727,2622700
2013-07-08,46.0,46.41999816894531,45.38999938964844,45.45000076293945,25.855836868286133,3401600
2013-07-09,45.47999954223633,46.0,45.31999969482422,45.72999954223633,26.015117645263672,2552900
2013-07-10,45.75,46.15999984741211,45.380001068115234,45.83000183105469,26.072006225585938,3164800
2013-07-11,46.369998931884766,46.5,45.790000915527344,46.310001373291016,26.345073699951172,3021300
2013-07-12,46.43000030517578,46.70000076293945,46.2400016784668,46.68000030517578,26.555564880371094,2474800
2013-07-15,46.630001068115234,46.97999954223633,46.54999923706055,46.709999084472656,26.5726318359375,1992500
2013-07-16,46.79999923706055,47.0,46.34000015258789,46.560001373291016,26.48729133605957,2355200
2013-07-17,46.66999816894531,46.90999984741211,46.47999954223633,46.689998626708984,26.561246871948242,1811900
2013-07-18,46.93000030517578,47.20000076293945,46.630001068115234,46.900001525878906,26.680728912353516,2511000
2013-07-19,46.86000061035156,47.7599983215332,46.540000915527344,47.52000045776367,27.033430099487305,6541200
2013-07-22,47.560001373291016,47.81999969482422,46.7400016784668,46.81999969482422,26.635202407836914,3830300
2013-07-23,47.130001068115234,47.290000915527344,45.2599983215332,45.310001373291016,25.776193618774414,5338100
2013-07-24,43.41999816894531,44.290000915527344,40.79999923706055,44.189998626708984,25.139036178588867,13194300
2013-07-25,42.900001525878906,42.900001525878906,41.0099983215332,42.31999969482422,24.07522964477539,9627200
2013-07-26,42.209999084472656,42.209999084472656,40.95000076293945,41.04999923706055,23.352737426757812,7078700
2013-07-29,40.95000076293945,41.25,40.20000076293945,40.29999923706055,22.926076889038086,4082500
2013-07-30,40.380001068115234,41.470001220703125,40.310001373291016,41.25,23.46651840209961,3970400
2013-07-31,41.16999816894531,41.34000015258789,40.650001525878906,40.90999984741211,23.273096084594727,4207100
2013-08-01,41.119998931884766,41.93000030517578,41.02000045776367,41.790000915527344,23.773727416992188,2923700
2013-08-02,41.65999984741211,41.65999984741211,40.7599983215332,41.099998474121094,23.381181716918945,3658300
2013-08-05,40.61000061035156,41.189998626708984,40.33000183105469,40.43000030517578,23.214658737182617,2250200
2013-08-06,40.40999984741211,40.70000076293945,39.86000061035156,40.29999923706055,23.14002799987793,4183300
2013-08-07,40.349998474121094,40.369998931884766,39.529998779296875,40.09000015258789,23.01944351196289,3382200
2013-08-08,40.29999923706055,41.290000915527344,40.27000045776367,40.90999984741211,23.490280151367188,3360200
2013-08-09,40.88999938964844,41.04999923706055,40.470001220703125,40.86000061035156,23.461576461791992,2263600
2013-08-12,40.7400016784668,41.34000015258789,40.59000015258789,41.34000015258789,23.73719024658203,2118500
2013-08-13,41.34000015258789,41.54999923706055,41.0099983215332,41.16999816894531,23.639564514160156,2142700
2013-08-14,41.20000076293945,41.540000915527344,40.95000076293945,41.06999969482422,23.582155227661133,2463400
2013-08-15,40.59000015258789,40.630001068115234,39.279998779296875,39.52000045776367,22.692150115966797,3871000
2013-08-16,39.70000076293945,39.810001373291016,39.11000061035156,39.20000076293945,22.508398056030273,3417000
2013-08-19,39.20000076293945,39.63999938964844,38.65999984741211,38.77000045776367,22.26150894165039,2959400
2013-08-20,38.90999984741211,39.380001068115234,38.65999984741211,39.220001220703125,22.5198917388916,2030400
2013-08-21,39.04999923706055,40.02000045776367,38.93000030517578,39.5099983215332,22.68641471862793,2763800
2013-08-22,39.689998626708984,40.4900016784668,39.630001068115234,40.08000183105469,23.013702392578125,1675000
2013-08-23,40.16999816894531,40.709999084472656,39.81999969482422,40.130001068115234,23.042415618896484,2144000
2013-08-26,40.130001068115234,40.58000183105469,39.75,40.099998474121094,23.025175094604492,2149200
2013-08-27,39.7400016784668,40.060001373291016,38.27000045776367,38.5099983215332,22.11220932006836,2898500
2013-08-28,38.689998626708984,39.209999084472656,38.400001525878906,38.869998931884766,22.318923950195312,2396500
2013-08-29,38.56999969482422,38.630001068115234,37.16999816894531,38.09000015258789,21.871055603027344,6676000
2013-08-30,38.2599983215332,38.869998931884766,38.0,38.31999969482422,22.003116607666016,4222900
2013-09-03,38.77000045776367,39.38999938964844,38.52000045776367,38.66999816894531,22.204086303710938,3539500
2013-09-04,38.7400016784668,39.529998779296875,38.380001068115234,39.220001220703125,22.5198917388916,3565600
2013-09-05,39.27000045776367,39.79999923706055,38.970001220703125,39.52000045776367,22.692150115966797,3237800
2013-09-06,39.7599983215332,39.7599983215332,38.75,39.459999084472656,22.65769386291504,2855100
2013-09-09,39.45000076293945,40.459999084472656,39.099998474121094,40.15999984741211,23.05963706970215,3428400
2013-09-10,40.5,41.869998931884766,40.40999984741211,41.06999969482422,23.582155227661133,5173000
2013-09-11,41.220001220703125,41.41999816894531,40.20000076293945,40.59000015258789,23.306537628173828,3170400
2013-09-12,40.45000076293945,40.79999923706055,40.02000045776367,40.130001068115234,23.042415618896484,2697200
2013-09-13,39.97999954223633,40.279998779296875,39.77000045776367,40.25,23.111318588256836,2132100
2013-09-16,40.88999938964844,41.25,40.4900016784668,40.939998626708984,23.507511138916016,3654400
2013-09-17,41.040000915527344,41.38999938964844,40.650001525878906,41.2599983215332,23.691251754760742,3386000
2013-09-18,41.40999984741211,41.65999984741211,41.0099983215332,41.63999938964844,23.909442901611328,3273200
2013-09-19,41.79999923706055,42.08000183105469,41.33000183105469,41.36000061035156,23.748668670654297,3132700
2013-09-20,41.290000915527344,41.61000061035156,41.06999969482422,41.400001525878906,23.77164077758789,4746800
2013-09-23,41.2599983215332,41.470001220703125,40.529998779296875,40.939998626708984,23.507511138916016,2836600
2013-09-24,40.86000061035156,41.939998626708984,40.70000076293945,41.79999923706055,24.001312255859375,3073000
2013-09-25,41.970001220703125,43.88999938964844,41.79999923706055,43.869998931884766,25.189895629882812,7276300
2013-09-26,43.93000030517578,43.9900016784668,42.83000183105469,43.13999938964844,24.77073860168457,3442500
2013-09-27,42.79999923706055,43.58000183105469,42.52000045776367,43.5099983215332,24.98318099975586,2890900
2013-09-30,43.400001525878906,44.47999954223633,42.72999954223633,43.7599983215332,25.126737594604492,4924500
2013-10-01,43.689998626708984,44.709999084472656,43.52000045776367,44.70000076293945,25.666467666625977,2808500
2013-10-02,44.95000076293945,46.0,44.540000915527344,45.95000076293945,26.38422203063965,4297000
2013-10-03,45.75,46.029998779296875,45.2599983215332,45.560001373291016,26.16028594970703,4126900
2013-10-04,45.560001373291016,45.939998626708984,44.56999969482422,45.869998931884766,26.338279724121094,4053000
2013-10-07,45.33000183105469,45.59000015258789,44.959999084472656,45.15999984741211,25.930604934692383,2090500
2013-10-08,46.04999923706055,46.61000061035156,44.7400016784668,44.790000915527344,25.718156814575195,4678400
2013-10-09,44.869998931884766,45.29999923706055,44.15999984741211,44.880001068115234,25.769826889038086,3820600
2013-10-10,45.2599983215332,46.08000183105469,45.130001068115234,46.040000915527344,26.435897827148438,3028700
2013-10-11,45.75,46.54999923706055,45.40999984741211,46.27000045776367,26.56795883178711,2264400
2013-10-14,46.0,47.43000030517578,45.959999084472656,47.33000183105469,27.17660903930664,3369300
2013-10-15,46.9900016784668,47.54999923706055,46.52000045776367,46.97999954223633,26.975643157958984,2853100
2013-10-16,47.5099983215332,48.02000045776367,47.0099983215332,48.02000045776367,27.572799682617188,3175800
2013-10-17,47.970001220703125,48.630001068115234,47.650001525878906,48.459999084472656,27.825450897216797,2712700
2013-10-18,48.58000183105469,50.040000915527344,47.83000183105469,50.040000915527344,28.732667922973633,6733400
2013-10-21,49.79999923706055,50.54999923706055,49.2400016784668,50.4900016784668,28.99106216430664,5307300
2013-10-22,50.41999816894531,50.41999816894531,49.09000015258789,49.13999938964844,28.215911865234375,5328300
2013-10-23,48.880001068115234,48.97999954223633,47.880001068115234,48.08000183105469,27.607255935668945,5438600
2013-10-24,48.0,48.75,47.599998474121094,48.560001373291016,27.882862091064453,4962600
2013-10-25,48.79999923706055,49.810001373291016,48.5,49.79999923706055,28.594863891601562,4303100
2013-10-28,49.900001525878906,50.20000076293945,49.5,49.849998474121094,28.623571395874023,4292300
2013-10-29,48.79999923706055,50.29999923706055,47.59000015258789,48.25,27.704862594604492,8328900
2013-10-30,48.77000045776367,49.849998474121094,48.68000030517578,49.5,28.42261505126953,3561200
2013-10-31,49.13999938964844,50.65999984741211,48.540000915527344,48.689998626708984,27.957517623901367,4945300
2013-11-01,48.709999084472656,49.41999816894531,48.29999923706055,49.20000076293945,28.250349044799805,4463000
2013-11-04,49.45000076293945,49.77000045776367,48.939998626708984,49.2599983215332,28.284805297851562,3662500
2013-11-05,49.16999816894531,49.25,47.95000076293945,48.470001220703125,27.831180572509766,3798300
2013-11-06,48.86000061035156,48.970001220703125,48.099998474121094,48.470001220703125,27.831180572509766,3062600
2013-11-07,48.439998626708984,48.56999969482422,46.9900016784668,47.04999923706055,27.257652282714844,4108000
2013-11-08,47.150001525878906,48.20000076293945,47.150001525878906,48.18000030517578,27.912294387817383,3412800
2013-11-11,48.209999084472656,48.25,47.52000045776367,47.900001525878906,27.750091552734375,2615300
2013-11-12,47.619998931884766,48.209999084472656,47.5099983215332,47.810001373291016,27.697938919067383,2612700
2013-11-13,47.75,48.77000045776367,47.540000915527344,48.77000045776367,28.254104614257812,2608100
2013-11-14,48.290000915527344,50.150001525878906,48.290000915527344,50.11000061035156,29.030410766601562,4034600
2013-11-15,50.099998474121094,50.220001220703125,48.43000030517578,48.939998626708984,28.352596282958984,4216100
2013-11-18,49.33000183105469,49.400001525878906,48.349998474121094,48.5,28.097684860229492,2739500
2013-11-19,48.349998474121094,48.68000030517578,47.630001068115234,47.849998474121094,27.72111701965332,3854200
2013-11-20,48.18000030517578,48.47999954223633,47.56999969482422,47.720001220703125,27.64580726623535,2740700
2013-11-21,48.2400016784668,48.349998474121094,47.25,48.22999954223633,27.94127082824707,2593500
2013-11-22,48.38999938964844,48.470001220703125,47.689998626708984,48.34000015258789,28.004995346069336,2711700
2013-11-25,48.290000915527344,49.38999938964844,48.290000915527344,48.459999084472656,28.074504852294922,2669900
2013-11-26,48.75,48.97999954223633,48.04999923706055,48.79999923706055,28.271488189697266,2829700
2013-11-27,49.04999923706055,49.459999084472656,48.529998779296875,49.02000045776367,28.39893913269043,2125800
2013-11-29,49.0,49.400001525878906,48.619998931884766,49.040000915527344,28.410518646240234,1405600
2013-12-02,49.029998779296875,50.54999923706055,49.029998779296875,49.84000015258789,28.87398910522461,3086700
2013-12-03,49.84000015258789,49.84000015258789,48.65999984741211,49.63999938964844,28.758119583129883,3119400
2013-12-04,49.40999984741211,50.849998474121094,49.36000061035156,49.959999084472656,28.943506240844727,3491700
2013-12-05,49.970001220703125,50.650001525878906,49.7599983215332,49.84000015258789,28.87398910522461,2806600
2013-12-06,50.599998474121094,51.45000076293945,50.400001525878906,51.41999816894531,29.789337158203125,2657700
2013-12-09,51.5099983215332,51.72999954223633,50.650001525878906,50.709999084472656,29.378000259399414,2418700
2013-12-10,50.5,51.380001068115234,50.06999969482422,50.939998626708984,29.511255264282227,1716600
2013-12-11,50.970001220703125,51.0,49.43000030517578,49.56999969482422,28.717578887939453,2591700
2013-12-12,49.7400016784668,50.09000015258789,49.25,49.40999984741211,28.624874114990234,2426900
2013-12-13,50.84000015258789,50.84000015258789,49.45000076293945,50.0,28.96668815612793,2713100
2013-12-16,50.220001220703125,51.86000061035156,50.220001220703125,51.34000015258789,29.742990493774414,3095800
2013-12-17,51.70000076293945,53.63999938964844,51.43000030517578,52.95000076293945,30.675718307495117,5239600
2013-12-18,52.869998931884766,52.93000030517578,51.439998626708984,52.650001525878906,30.501920700073242,4859200
2013-12-19,52.650001525878906,52.84000015258789,51.86000061035156,52.4900016784668,30.409225463867188,2773600
2013-12-20,52.880001068115234,56.040000915527344,52.650001525878906,55.65999984741211,32.24570846557617,10019000
2013-12-23,55.97999954223633,56.150001525878906,55.119998931884766,56.0099983215332,32.448486328125,3885200
2013-12-24,55.599998474121094,56.43000030517578,55.599998474121094,55.939998626708984,32.40791320800781,1008300
2013-12-26,56.0099983215332,56.18000030517578,55.33000183105469,56.02000045776367,32.45427703857422,1636400
2013-12-27,56.27000045776367,56.63999938964844,55.459999084472656,55.65999984741211,32.24570846557617,2358200
2013-12-30,55.040000915527344,57.060001373291016,55.040000915527344,56.529998779296875,32.749732971191406,2031900
2013-12-31,56.75,57.06999969482422,55.65999984741211,56.15999984741211,32.535377502441406,2138300
2014-01-02,55.93000030517578,55.93000030517578,55.08000183105469,55.40999984741211,32.10087585449219,3023500
2014-01-03,55.61000061035156,57.13999938964844,55.310001373291016,56.81999969482422,32.917747497558594,3049400
2014-01-06,56.7400016784668,57.56999969482422,56.54999923706055,56.95000076293945,32.99304962158203,3258100
2014-01-07,57.08000183105469,59.15999984741211,56.81999969482422,58.79999923706055,34.0648193359375,4676400
2014-01-08,58.779998779296875,60.79999923706055,58.709999084472656,59.630001068115234,34.54566955566406,4520200
2014-01-09,59.70000076293945,59.709999084472656,57.560001373291016,58.0099983215332,33.607154846191406,3896600
2014-01-10,58.349998474121094,58.68000030517578,57.70000076293945,58.38999938964844,33.827301025390625,2044500
2014-01-13,58.650001525878906,60.15999984741211,58.38999938964844,58.540000915527344,33.91419219970703,3506600
2014-01-14,59.0,60.5,58.560001373291016,60.33000183105469,34.95119094848633,3112600
2014-01-15,60.380001068115234,61.31999969482422,60.209999084472656,60.84000015258789,35.24665451049805,2682900
2014-01-16,61.0099983215332,61.099998474121094,60.40999984741211,60.65999984741211,35.14237594604492,2212700
2014-01-17,60.349998474121094,61.38999938964844,59.70000076293945,61.20000076293945,35.45523452758789,3437000
2014-01-21,62.099998474121094,62.7599983215332,61.040000915527344,61.2400016784668,35.47838592529297,2869600
2014-01-22,61.61000061035156,62.04999923706055,60.93000030517578,61.0,35.339351654052734,3301500
2014-01-23,59.779998779296875,60.869998931884766,59.689998626708984,60.7400016784668,35.18872833251953,3985500
2014-01-24,60.40999984741211,60.439998626708984,58.459999084472656,58.56999969482422,33.93156814575195,3498900
2014-01-27,58.56999969482422,58.869998931884766,57.869998931884766,58.04999923706055,33.63031768798828,4236400
2014-01-28,53.720001220703125,54.599998474121094,50.5,51.52000045776367,29.847274780273438,17575200
2014-01-29,51.5,53.959999084472656,51.349998474121094,53.650001525878906,31.081254959106445,5861100
2014-01-30,53.650001525878906,54.279998779296875,52.939998626708984,53.099998474121094,30.762619018554688,4392200
2014-01-31,52.5,53.33000183105469,52.119998931884766,52.86000061035156,30.623592376708984,3402900
2014-02-03,53.0099983215332,53.40999984741211,50.529998779296875,51.09000015258789,29.59816551208496,4608700
2014-02-04,51.18000030517578,51.5,49.29999923706055,49.9900016784668,28.96088218688965,4807900
2014-02-05,49.77000045776367,50.470001220703125,48.209999084472656,49.11000061035156,28.451074600219727,6074400
2014-02-06,48.689998626708984,49.709999084472656,48.689998626708984,49.189998626708984,28.7491455078125,3545300
2014-02-07,49.4900016784668,50.16999816894531,48.88999938964844,49.52000045776367,28.942012786865234,3575800
2014-02-10,49.52000045776367,50.060001373291016,48.939998626708984,49.88999938964844,29.15825843811035,3161300
2014-02-11,49.810001373291016,50.0,49.290000915527344,49.369998931884766,28.85434341430664,2919700
2014-02-12,49.72999954223633,50.27000045776367,49.16999816894531,49.209999084472656,28.760831832885742,3547900
2014-02-13,49.11000061035156,50.0,48.709999084472656,49.599998474121094,28.988767623901367,3320300
2014-02-14,49.45000076293945,50.41999816894531,49.43000030517578,50.13999938964844,29.30437469482422,2690300
2014-02-18,50.5099983215332,50.970001220703125,49.70000076293945,49.709999084472656,29.053058624267578,2940400
2014-02-19,49.650001525878906,49.91999816894531,49.0099983215332,49.029998779296875,28.655637741088867,2390000
2014-02-20,49.279998779296875,50.36000061035156,49.029998779296875,50.02000045776367,29.234251022338867,3000400
2014-02-21,51.54999923706055,51.79999923706055,50.7400016784668,50.75,29.660884857177734,3686800
2014-02-24,50.93000030517578,51.68000030517578,50.5,51.15999984741211,29.900514602661133,2698500
2014-02-25,51.5099983215332,51.5099983215332,50.36000061035156,50.689998626708984,29.625825881958008,1958000
2014-02-26,50.79999923706055,52.47999954223633,50.58000183105469,51.72999954223633,30.23365592956543,2697300
2014-02-27,51.689998626708984,52.029998779296875,51.040000915527344,51.91999816894531,30.344697952270508,2033700
2014-02-28,52.0,52.66999816894531,51.31999969482422,52.189998626708984,30.502498626708984,4163100
2014-03-03,51.75,52.40999984741211,51.34000015258789,52.290000915527344,30.560943603515625,2555200
2014-03-04,52.66999816894531,53.369998931884766,52.47999954223633,53.18000030517578,31.081098556518555,3121600
2014-03-05,52.93000030517578,53.439998626708984,52.310001373291016,52.560001373291016,30.718751907348633,2590700
2014-03-06,52.54999923706055,52.54999923706055,49.529998779296875,50.099998474121094,29.281007766723633,6315300
2014-03-07,50.29999923706055,50.619998931884766,48.599998474121094,49.290000915527344,28.807586669921875,5123800
2014-03-10,49.470001220703125,50.72999954223633,49.349998474121094,50.13999938964844,29.30437469482422,3592900
2014-03-11,50.40999984741211,50.810001373291016,49.369998931884766,49.880001068115234,29.152421951293945,3179600
2014-03-12,49.560001373291016,51.0,49.43000030517578,50.75,29.660884857177734,2910800
2014-03-13,50.68000030517578,50.95000076293945,49.540000915527344,49.77000045776367,29.088130950927734,3383900
2014-03-14,49.61000061035156,50.77000045776367,49.61000061035156,50.150001525878906,29.31022071838379,2066800
2014-03-17,50.31999969482422,51.83000183105469,50.29999923706055,50.720001220703125,29.643352508544922,3092100
2014-03-18,50.529998779296875,52.02000045776367,50.45000076293945,51.93000030517578,30.35053825378418,3275000
2014-03-19,51.720001220703125,52.560001373291016,51.349998474121094,51.66999816894531,30.198585510253906,3186400
2014-03-20,51.75,53.65999984741211,51.52000045776367,53.099998474121094,31.034343719482422,3513900
2014-03-21,53.93000030517578,54.7400016784668,53.11000061035156,53.4900016784668,31.262300491333008,6306600
2014-03-24,53.529998779296875,53.709999084472656,52.150001525878906,53.0,30.975906372070312,3426700
2014-03-25,53.2400016784668,55.72999954223633,53.02000045776367,55.130001068115234,32.22077941894531,4555600
2014-03-26,55.400001525878906,56.75,55.400001525878906,55.54999923706055,32.46625518798828,4493200
2014-03-27,56.220001220703125,56.29999923706055,54.459999084472656,54.810001373291016,32.03376388549805,3485200
2014-03-28,54.959999084472656,55.91999816894531,54.560001373291016,54.91999816894531,32.09805679321289,2008600
2014-03-31,55.189998626708984,56.66999816894531,54.619998931884766,56.15999984741211,32.822776794433594,2227400
2014-04-01,56.68000030517578,57.619998931884766,56.400001525878906,57.0,33.3137092590332,3069600
2014-04-02,57.029998779296875,57.400001525878906,56.290000915527344,57.15999984741211,33.40721893310547,2980900
2014-04-03,57.27000045776367,57.529998779296875,56.5099983215332,57.38999938964844,33.54165267944336,2625500
2014-04-04,57.75,58.349998474121094,56.0099983215332,56.060001373291016,32.76433181762695,4256400
2014-04-07,56.060001373291016,56.43000030517578,54.43000030517578,54.959999084472656,32.121437072753906,3444900
2014-04-08,55.119998931884766,55.939998626708984,54.7599983215332,55.540000915527344,32.46040725708008,2864300
2014-04-09,55.79999923706055,55.900001525878906,54.91999816894531,55.689998626708984,32.54808807373047,3054000
2014-04-10,55.7400016784668,55.9900016784668,53.93000030517578,53.95000076293945,31.531137466430664,3246100
2014-04-11,53.5099983215332,54.529998779296875,53.04999923706055,53.38999938964844,31.203853607177734,2622000
2014-04-14,55.0,55.45000076293945,54.060001373291016,54.81999969482422,32.039608001708984,2807100
2014-04-15,54.84000015258789,55.08000183105469,53.54999923706055,54.880001068115234,32.074668884277344,2627200
2014-04-16,55.47999954223633,55.84000015258789,54.68000030517578,55.66999816894531,32.536399841308594,1673600
2014-04-17,56.06999969482422,56.06999969482422,55.150001525878906,55.56999969482422,32.47794723510742,1916200
2014-04-21,55.63999938964844,56.0,55.22999954223633,55.689998626708984,32.54808807373047,1708000
2014-04-22,55.83000183105469,55.900001525878906,55.5,55.66999816894531,32.536399841308594,2207300
2014-04-23,55.54999923706055,55.54999923706055,54.029998779296875,54.11000061035156,31.624643325805664,2401500
2014-04-24,54.58000183105469,54.779998779296875,53.65999984741211,53.939998626708984,31.525293350219727,1895200
2014-04-25,53.630001068115234,54.0,52.47999954223633,52.720001220703125,30.81224822998047,2571700
2014-04-28,53.0,53.27000045776367,51.47999954223633,52.599998474121094,30.742124557495117,4751900
2014-04-29,53.09000015258789,53.81999969482422,52.68000030517578,53.4900016784668,31.262300491333008,3768100
2014-04-30,52.5099983215332,55.22999954223633,51.380001068115234,52.58000183105469,30.730445861816406,7607100
2014-05-01,51.900001525878906,52.66999816894531,49.58000183105469,50.75,29.660884857177734,5977500
2014-05-02,50.619998931884766,51.79999923706055,50.540000915527344,51.040000915527344,29.83038330078125,3088200
2014-05-05,50.68000030517578,50.810001373291016,49.86000061035156,50.5099983215332,29.520610809326172,2751300
2014-05-06,50.5099983215332,51.060001373291016,50.189998626708984,50.2599983215332,29.374507904052734,2127800
2014-05-07,50.43000030517578,50.84000015258789,49.20000076293945,49.9900016784668,29.216718673706055,3199900
2014-05-08,49.79999923706055,50.709999084472656,49.06999969482422,49.279998779296875,28.801748275756836,3078000
2014-05-09,49.380001068115234,49.7400016784668,48.4900016784668,49.54999923706055,28.959550857543945,3541700
2014-05-12,49.459999084472656,49.86000061035156,49.189998626708984,49.779998779296875,29.34865951538086,2305300
2014-05-13,49.72999954223633,51.04999923706055,49.470001220703125,50.7599983215332,29.926437377929688,4452300
2014-05-14,50.970001220703125,51.709999084472656,50.88999938964844,51.25,30.21533203125,3567700
2014-05-15,50.91999816894531,51.16999816894531,49.97999954223633,50.88999938964844,30.00308609008789,3184400
2014-05-16,50.90999984741211,51.29999923706055,50.099998474121094,51.189998626708984,30.17995262145996,2304000
2014-05-19,51.18000030517578,51.93000030517578,50.97999954223633,51.720001220703125,30.492412567138672,2903200
2014-05-20,51.529998779296875,51.619998931884766,50.720001220703125,50.869998931884766,29.991287231445312,2028900
2014-05-21,51.0099983215332,51.790000915527344,51.0099983215332,51.16999816894531,30.168163299560547,1522800
2014-05-22,51.18000030517578,51.900001525878906,51.11000061035156,51.61000061035156,30.427576065063477,1988300
2014-05-23,51.599998474121094,51.970001220703125,51.34000015258789,51.95000076293945,30.628032684326172,2140300
2014-05-27,52.2400016784668,53.4900016784668,52.150001525878906,53.36000061035156,31.459314346313477,3237300
2014-05-28,53.189998626708984,53.5,52.84000015258789,53.119998931884766,31.317808151245117,2081400
2014-05-29,53.06999969482422,53.439998626708984,52.47999954223633,53.060001373291016,31.282440185546875,1743800
2014-05-30,53.4900016784668,53.779998779296875,53.06999969482422,53.72999954223633,31.677459716796875,2979300
2014-06-02,53.70000076293945,53.869998931884766,53.099998474121094,53.81999969482422,31.73052406311035,1610900
2014-06-03,53.5099983215332,53.95000076293945,53.380001068115234,53.54999923706055,31.57132911682129,1738700
2014-06-04,53.47999954223633,53.970001220703125,53.25,53.630001068115234,31.618497848510742,2417400
2014-06-05,53.79999923706055,54.47999954223633,53.310001373291016,54.36000061035156,32.04887008666992,1984200
2014-06-06,54.79999923706055,55.58000183105469,54.27000045776367,55.5,32.720985412597656,3601300
2014-06-09,55.5,55.54999923706055,54.529998779296875,54.650001525878906,32.2198600769043,1753100
2014-06-10,54.630001068115234,54.90999984741211,54.04999923706055,54.529998779296875,32.14910125732422,2083500
2014-06-11,54.63999938964844,54.869998931884766,54.060001373291016,54.5,32.13142395019531,1369800
2014-06-12,54.4900016784668,54.650001525878906,53.91999816894531,54.220001220703125,31.96634292602539,2335700
2014-06-13,55.369998931884766,55.72999954223633,54.90999984741211,55.36000061035156,32.63845443725586,3423600
2014-06-16,55.189998626708984,55.970001220703125,55.150001525878906,55.90999984741211,32.96270751953125,2129000
2014-06-17,55.63999938964844,57.18000030517578,55.56999969482422,56.81999969482422,33.49921417236328,2598200
2014-06-18,56.72999954223633,57.150001525878906,56.029998779296875,57.119998931884766,33.67609405517578,1867400
2014-06-19,57.029998779296875,57.119998931884766,56.220001220703125,56.58000183105469,33.35773468017578,1924600
2014-06-20,56.79999923706055,57.25,55.83000183105469,56.27000045776367,33.174957275390625,4148700
2014-06-23,56.40999984741211,56.40999984741211,55.380001068115234,55.95000076293945,32.98628234863281,1853700
2014-06-24,55.790000915527344,56.470001220703125,55.70000076293945,55.9900016784668,33.00988006591797,2951900
2014-06-25,55.650001525878906,56.83000183105469,55.58000183105469,56.77000045776367,33.469730377197266,1921300
2014-06-26,56.65999984741211,56.900001525878906,56.310001373291016,56.709999084472656,33.434364318847656,1203100
2014-06-27,56.470001220703125,57.02000045776367,56.25,56.91999816894531,33.55817413330078,1212800
2014-06-30,57.119998931884766,57.150001525878906,56.650001525878906,56.81999969482422,33.49921417236328,1676700
2014-07-01,57.22999954223633,59.43000030517578,57.20000076293945,58.880001068115234,34.71372604370117,3610800
2014-07-02,58.7400016784668,59.15999984741211,58.61000061035156,59.029998779296875,34.80216979980469,1972600
2014-07-03,59.16999816894531,59.29999923706055,58.11000061035156,59.2599983215332,34.937767028808594,1757300
2014-07-07,59.150001525878906,59.279998779296875,58.4900016784668,58.959999084472656,34.760894775390625,1698600
2014-07-08,59.119998931884766,59.630001068115234,58.029998779296875,58.689998626708984,34.60170364379883,2359700
2014-07-09,58.720001220703125,59.20000076293945,58.33000183105469,58.47999954223633,34.4778938293457,1530700
2014-07-10,57.91999816894531,59.150001525878906,57.650001525878906,58.83000183105469,34.684261322021484,1484900
2014-07-11,59.06999969482422,59.70000076293945,58.58000183105469,59.45000076293945,35.04978561401367,1436300
2014-07-14,59.72999954223633,59.97999954223633,59.150001525878906,59.66999816894531,35.179481506347656,2387800
2014-07-15,59.95000076293945,60.95000076293945,59.58000183105469,59.689998626708984,35.191280364990234,2104100
2014-07-16,60.2599983215332,61.61000061035156,60.25,61.310001373291016,36.14638137817383,3160100
2014-07-17,60.630001068115234,61.150001525878906,59.220001220703125,59.4900016784668,35.07335662841797,3660000
2014-07-18,59.70000076293945,59.77000045776367,57.75,58.790000915527344,34.66065979003906,5444600
2014-07-21,58.63999938964844,59.22999954223633,58.2400016784668,58.58000183105469,34.5368537902832,3337900
2014-07-22,58.959999084472656,59.81999969482422,58.52000045776367,59.2400016784668,34.92597198486328,3195900
2014-07-23,59.47999954223633,59.880001068115234,59.09000015258789,59.189998626708984,34.896488189697266,1355600
2014-07-24,59.58000183105469,59.65999984741211,58.38999938964844,59.58000183105469,35.12642288208008,1842900
2014-07-25,59.20000076293945,59.709999084472656,59.18000030517578,59.5,35.079254150390625,1050000
2014-07-28,59.5,59.84000015258789,59.04999923706055,59.130001068115234,34.86112976074219,1730800
2014-07-29,59.060001373291016,59.65999984741211,58.5,59.38999938964844,35.01441192626953,1401000
2014-07-30,59.61000061035156,60.2400016784668,59.459999084472656,60.09000015258789,35.427093505859375,2009200
2014-07-31,59.029998779296875,60.380001068115234,58.150001525878906,58.599998474121094,34.54864501953125,3414500
2014-08-01,58.380001068115234,58.95000076293945,57.40999984741211,58.189998626708984,34.30693817138672,2999100
2014-08-04,58.09000015258789,58.91999816894531,57.65999984741211,58.70000076293945,34.60761260986328,2225600
2014-08-05,58.59000015258789,59.0,57.130001068115234,57.380001068115234,33.82938003540039,2397100
2014-08-06,56.779998779296875,57.130001068115234,56.04999923706055,56.939998626708984,33.82343292236328,3584800
2014-08-07,57.380001068115234,57.400001525878906,56.529998779296875,56.84000015258789,33.764041900634766,2744900
2014-08-08,56.869998931884766,57.20000076293945,56.209999084472656,56.970001220703125,33.841243743896484,2005700
2014-08-11,57.209999084472656,57.63999938964844,56.810001373291016,57.0,33.859073638916016,1236200
2014-08-12,57.0,57.119998931884766,56.27000045776367,56.79999923706055,33.74028396606445,1356900
2014-08-13,58.38999938964844,58.38999938964844,56.790000915527344,57.93000030517578,34.41151428222656,1924500
2014-08-14,57.72999954223633,58.689998626708984,57.65999984741211,58.38999938964844,34.68477249145508,1951700
2014-08-15,58.849998474121094,59.0,58.15999984741211,58.75,34.89862823486328,2358400
2014-08-18,59.060001373291016,59.439998626708984,58.849998474121094,59.220001220703125,35.17780303955078,1444400
2014-08-19,59.11000061035156,59.72999954223633,59.099998474121094,59.59000015258789,35.397586822509766,1505000
2014-08-20,59.58000183105469,60.15999984741211,59.52000045776367,59.83000183105469,35.54015350341797,1445500
2014-08-21,59.97999954223633,60.4900016784668,59.7400016784668,60.43000030517578,35.89656448364258,1447200
2014-08-22,60.4900016784668,60.7400016784668,60.22999954223633,60.369998931884766,35.86091232299805,1226400
2014-08-25,60.58000183105469,61.130001068115234,60.459999084472656,60.959999084472656,36.211395263671875,1364500
2014-08-26,60.880001068115234,61.15999984741211,60.5099983215332,60.65999984741211,36.033172607421875,1478300
2014-08-27,60.630001068115234,61.58000183105469,60.630001068115234,61.18000030517578,36.34208297729492,1943500
2014-08-28,61.13999938964844,62.189998626708984,60.880001068115234,62.09000015258789,36.88264083862305,2015700
2014-08-29,62.2400016784668,62.95000076293945,61.88999938964844,62.58000183105469,37.17369842529297,1776000
2014-09-02,62.900001525878906,63.27000045776367,61.209999084472656,61.81999969482422,36.72223663330078,3370600
2014-09-03,61.900001525878906,62.06999969482422,61.400001525878906,61.70000076293945,36.65096664428711,2740700
2014-09-04,61.70000076293945,61.83000183105469,60.630001068115234,60.959999084472656,36.211395263671875,2892900
2014-09-05,60.790000915527344,61.369998931884766,60.529998779296875,61.31999969482422,36.425235748291016,1941700
2014-09-08,62.81999969482422,62.81999969482422,61.0,61.290000915527344,36.407413482666016,1292200
2014-09-09,61.18000030517578,61.66999816894531,60.790000915527344,60.83000183105469,36.13416290283203,2127800
2014-09-10,62.709999084472656,62.709999084472656,60.63999938964844,61.2599983215332,36.38960266113281,1431800
2014-09-11,61.06999969482422,61.29999923706055,59.91999816894531,60.869998931884766,36.157936096191406,2470700
2014-09-12,61.36000061035156,61.70000076293945,59.91999816894531,61.0099983215332,36.241092681884766,4207300
2014-09-15,61.150001525878906,61.25,58.790000915527344,58.84000015258789,34.95206832885742,3891100
2014-09-16,58.68000030517578,59.61000061035156,57.86000061035156,59.25,35.195621490478516,4139500
2014-09-17,59.15999984741211,59.41999816894531,58.220001220703125,58.97999954223633,35.03524398803711,4075100
2014-09-18,59.0099983215332,59.97999954223633,58.90999984741211,59.790000915527344,35.51637649536133,2959000
2014-09-19,59.900001525878906,59.95000076293945,58.290000915527344,58.310001373291016,34.63724136352539,4673100
2014-09-22,57.900001525878906,58.439998626708984,57.290000915527344,57.599998474121094,34.215492248535156,2418300
2014-09-23,57.58000183105469,57.7599983215332,56.7400016784668,56.790000915527344,33.734336853027344,2655600
2014-09-24,57.0,57.61000061035156,56.45000076293945,57.439998626708984,34.12044906616211,2203900
2014-09-25,57.349998474121094,57.5099983215332,55.959999084472656,56.2599983215332,33.41950988769531,2489900
2014-09-26,56.31999969482422,57.13999938964844,56.18000030517578,56.77000045776367,33.722442626953125,1591800
2014-09-29,56.22999954223633,57.310001373291016,55.779998779296875,57.25,34.00758743286133,2122200
2014-09-30,57.209999084472656,57.790000915527344,56.7400016784668,57.27000045776367,34.019466400146484,2311600
2014-10-01,57.060001373291016,57.25,54.83000183105469,55.08000183105469,32.71856689453125,3999100
2014-10-02,55.22999954223633,55.7599983215332,54.380001068115234,55.52000045776367,32.97992706298828,2314300
2014-10-03,55.79999923706055,56.72999954223633,55.650001525878906,56.08000183105469,33.31257629394531,2388600
2014-10-06,56.45000076293945,56.900001525878906,55.689998626708984,56.15999984741211,33.36009979248047,2909900
2014-10-07,55.72999954223633,56.36000061035156,55.209999084472656,55.25,32.81954574584961,2731600
2014-10-08,55.25,57.119998931884766,54.380001068115234,57.060001373291016,33.894718170166016,3948700
2014-10-09,56.77000045776367,57.439998626708984,56.08000183105469,56.22999954223633,33.40167999267578,3328100
2014-10-10,56.34000015258789,56.83000183105469,54.900001525878906,54.939998626708984,32.635398864746094,4447500
2014-10-13,53.779998779296875,54.5099983215332,52.77000045776367,52.97999954223633,31.471118927001953,4587300
2014-10-14,53.4900016784668,53.810001373291016,52.400001525878906,52.560001373291016,31.221630096435547,3612600
2014-10-15,51.41999816894531,52.75,50.439998626708984,51.959999084472656,30.8652286529541,5456100
2014-10-16,51.18000030517578,52.7400016784668,51.06999969482422,52.380001068115234,31.114709854125977,3184000
2014-10-17,52.86000061035156,53.61000061035156,52.540000915527344,52.95000076293945,31.453298568725586,2018500
2014-10-20,52.45000076293945,53.900001525878906,52.40999984741211,53.849998474121094,31.9879150390625,2290300
2014-10-21,54.38999938964844,55.279998779296875,54.060001373291016,55.209999084472656,32.7957878112793,2052800
2014-10-22,55.279998779296875,55.54999923706055,54.16999816894531,54.279998779296875,32.24335861206055,1876000
2014-10-23,55.7599983215332,56.7599983215332,55.470001220703125,56.52000045776367,33.57395935058594,3630200
2014-10-24,56.7400016784668,58.560001373291016,56.36000061035156,58.36000061035156,34.66694641113281,4481900
2014-10-27,57.70000076293945,59.47999954223633,57.20000076293945,58.7400016784668,34.892669677734375,3252700
2014-10-28,58.27000045776367,59.65999984741211,58.27000045776367,59.470001220703125,35.3263053894043,3043800
2014-10-29,59.560001373291016,60.619998931884766,59.16999816894531,60.22999954223633,35.77775192260742,2954000
2014-10-30,58.939998626708984,60.470001220703125,58.900001525878906,60.150001525878906,35.73025131225586,3183000
2014-10-31,61.16999816894531,62.86000061035156,61.0,62.83000183105469,37.32221221923828,5946000
2014-11-03,62.93000030517578,64.87999725341797,62.709999084472656,64.16999816894531,38.118194580078125,4963400
2014-11-04,63.77000045776367,65.0,63.77000045776367,63.88999938964844,37.95186996459961,4683600
2014-11-05,64.01000213623047,64.29000091552734,63.18000030517578,63.75,37.86870574951172,2614400
2014-11-06,63.369998931884766,63.58000183105469,62.189998626708984,62.529998779296875,37.4613151550293,3840000
2014-11-07,62.439998626708984,62.91999816894531,61.209999084472656,61.560001373291016,36.88020324707031,3931500
2014-11-10,61.619998931884766,62.029998779296875,61.5,61.77000045776367,37.00600814819336,2192500
2014-11-11,61.970001220703125,61.9900016784668,61.439998626708984,61.810001373291016,37.02997589111328,1845000
2014-11-12,61.75,62.59000015258789,61.58000183105469,62.31999969482422,37.33551788330078,1884200
2014-11-13,62.31999969482422,62.61000061035156,61.66999816894531,62.11000061035156,37.2097053527832,1251500
2014-11-14,62.0,63.040000915527344,61.939998626708984,62.869998931884766,37.66501998901367,1745500
2014-11-17,62.56999969482422,64.31999969482422,62.349998474121094,63.9900016784668,38.336002349853516,3398000
2014-11-18,64.12999725341797,65.0,64.04000091552734,64.6500015258789,38.73139572143555,2853000
2014-11-19,64.43000030517578,64.72000122070312,63.810001373291016,64.62000274658203,38.71343231201172,2045800
2014-11-20,64.30000305175781,65.55000305175781,64.11000061035156,65.54000091552734,39.26459884643555,2288800
2014-11-21,66.5199966430664,66.5199966430664,64.73999786376953,64.94000244140625,38.9051399230957,4190800
2014-11-24,65.33000183105469,66.43000030517578,65.05000305175781,66.02999877929688,39.558143615722656,1986400
2014-11-25,66.0199966430664,66.47000122070312,65.66000366210938,65.98999786376953,39.5341911315918,2256400
2014-11-26,66.06999969482422,66.27999877929688,65.30999755859375,65.8499984741211,39.4503173828125,1670300
2014-11-28,66.51000213623047,66.68000030517578,65.66000366210938,66.11000061035156,39.606075286865234,1183800
2014-12-01,65.80999755859375,66.48999786376953,65.22000122070312,65.94000244140625,39.504234313964844,2573200
2014-12-02,66.25,67.87000274658203,65.69999694824219,67.54000091552734,40.46277618408203,3081500
2014-12-03,67.20999908447266,67.52999877929688,65.80999755859375,66.8499984741211,40.04941177368164,4069100
2014-12-04,66.9000015258789,67.16000366210938,65.8499984741211,66.08999633789062,39.594085693359375,2161100
2014-12-05,66.54000091552734,66.5999984741211,65.5,66.4000015258789,39.77981185913086,2747600
2014-12-08,66.22000122070312,66.87000274658203,65.62999725341797,66.23999786376953,39.6839599609375,1825800
2014-12-09,65.22000122070312,66.2300033569336,64.5999984741211,65.76000213623047,39.39639663696289,3074000
2014-12-10,65.55999755859375,66.06999969482422,65.0999984741211,65.22000122070312,39.07288360595703,2262400
2014-12-11,65.58000183105469,66.19000244140625,65.12000274658203,65.5,39.24062728881836,2172600
2014-12-12,65.08000183105469,65.23999786376953,63.939998626708984,64.04000091552734,38.36595153808594,2238300
2014-12-15,64.68000030517578,64.8499984741211,63.13999938964844,63.709999084472656,38.16823959350586,2128100
2014-12-16,63.400001525878906,64.94000244140625,62.869998931884766,63.27000045776367,37.904659271240234,1929700
2014-12-17,63.290000915527344,65.16999816894531,63.22999954223633,65.01000213623047,38.947078704833984,2533500
2014-12-18,66.16999816894531,67.61000061035156,65.98999786376953,67.61000061035156,40.50471878051758,3218900
2014-12-19,67.55000305175781,69.31999969482422,67.55000305175781,68.4000015258789,40.978004455566406,4496800
2014-12-22,68.19999694824219,68.75,68.01000213623047,68.62999725341797,41.11577606201172,1771800
2014-12-23,69.13999938964844,69.4000015258789,68.45999908447266,68.6500015258789,41.127769470214844,1465600
2014-12-24,68.94000244140625,69.25,68.37999725341797,68.81999969482422,41.2296257019043,1179000
2014-12-26,68.80000305175781,68.98999786376953,68.5,68.76000213623047,41.19367218017578,729600
2014-12-29,68.58999633789062,68.94000244140625,67.73999786376953,68.19000244140625,40.85218811035156,2054200
2014-12-30,68.0199966430664,68.12999725341797,67.25,67.25,40.289039611816406,1725500
2014-12-31,67.56999969482422,67.75,66.37999725341797,66.5,39.8397216796875,1756700
2015-01-02,66.66999816894531,67.20999908447266,65.5,66.0199966430664,39.55215072631836,2397300
2015-01-05,65.86000061035156,66.5,65.19000244140625,65.66999816894531,39.34247589111328,2269700
2015-01-06,65.9000015258789,65.91000366210938,63.61000061035156,63.86000061035156,38.25811767578125,3425800
2015-01-07,64.11000061035156,64.80000305175781,63.18000030517578,64.2699966430664,38.503746032714844,1886500
2015-01-08,65.0,66.16999816894531,64.51000213623047,65.43000030517578,39.19868469238281,3472500
2015-01-09,65.75,66.97000122070312,65.47000122070312,66.44000244140625,39.80379104614258,2545900
2015-01-12,66.25,66.44999694824219,64.76000213623047,65.04000091552734,38.96505355834961,2133100
2015-01-13,65.69000244140625,66.91000366210938,64.12999725341797,64.75,38.79130935668945,2142700
2015-01-14,64.22000122070312,64.7300033569336,63.61000061035156,64.58999633789062,38.6954460144043,1927000
2015-01-15,64.61000061035156,64.95999908447266,62.099998474121094,62.279998779296875,37.311546325683594,3552200
2015-01-16,62.36000061035156,63.529998779296875,61.7599983215332,63.40999984741211,37.988525390625,2500300
2015-01-20,63.630001068115234,63.97999954223633,62.34000015258789,63.119998931884766,37.81479263305664,1772100
2015-01-21,62.709999084472656,63.650001525878906,62.400001525878906,63.290000915527344,37.9166259765625,1724000
2015-01-22,63.150001525878906,64.45999908447266,62.31999969482422,63.939998626708984,38.30603790283203,3563300
2015-01-23,64.1500015258789,64.41999816894531,63.470001220703125,63.97999954223633,38.33000946044922,2594200
2015-01-26,58.91999816894531,60.2400016784668,56.52000045776367,59.060001373291016,35.38248062133789,15325600
2015-01-27,59.0,59.0,56.5,57.06999969482422,34.190269470214844,8078000
2015-01-28,58.08000183105469,58.77000045776367,57.47999954223633,57.529998779296875,34.46584701538086,7678200
2015-01-29,57.13999938964844,58.970001220703125,57.0,58.70000076293945,35.16679763793945,5046000
2015-01-30,58.27000045776367,58.689998626708984,56.310001373291016,56.439998626708984,33.81284713745117,5504500
2015-02-02,56.5099983215332,57.939998626708984,55.88999938964844,57.79999923706055,34.62760925292969,5027900
2015-02-03,57.90999984741211,59.380001068115234,57.86000061035156,59.25,35.49629592895508,4239000
2015-02-04,58.97999954223633,60.459999084472656,58.97999954223633,59.93000030517578,35.90366744995117,4049100
2015-02-05,60.119998931884766,60.70000076293945,59.790000915527344,60.40999984741211,36.19124221801758,2189500
2015-02-06,60.04999923706055,61.25,59.79999923706055,59.939998626708984,36.23355484008789,4216400
2015-02-09,59.52000045776367,60.75,59.0,60.400001525878906,36.511634826660156,3563200
2015-02-10,60.439998626708984,61.15999984741211,59.5099983215332,60.20000076293945,36.390724182128906,3419200
2015-02-11,60.27000045776367,61.119998931884766,59.93000030517578,60.79999923706055,36.75342559814453,3024800
2015-02-12,61.34000015258789,61.709999084472656,60.86000061035156,61.15999984741211,36.97105407714844,1830000
2015-02-13,61.83000183105469,62.61000061035156,61.4900016784668,61.84000015258789,37.38209533691406,2566200
2015-02-17,61.630001068115234,61.79999923706055,60.790000915527344,61.150001525878906,36.96501541137695,2318300
2015-02-18,61.060001373291016,61.369998931884766,60.439998626708984,61.18000030517578,36.983123779296875,2173700
2015-02-19,60.93000030517578,61.560001373291016,60.93000030517578,61.459999084472656,37.15238952636719,1291300
2015-02-20,61.43000030517578,62.20000076293945,60.869998931884766,62.18000030517578,37.58761978149414,1746900
2015-02-23,62.31999969482422,62.43000030517578,61.70000076293945,61.9900016784668,37.4727783203125,1555500
2015-02-24,61.72999954223633,61.869998931884766,60.0,60.70000076293945,36.69297409057617,3580900
2015-02-25,60.04999923706055,60.22999954223633,59.529998779296875,60.02000045776367,36.28190994262695,3268900
2015-02-26,60.13999938964844,60.869998931884766,60.130001068115234,60.68000030517578,36.68088912963867,2406000
2015-02-27,60.5099983215332,61.18000030517578,60.16999816894531,61.119998931884766,36.946861267089844,2752300
2015-03-02,61.209999084472656,63.38999938964844,61.02000045776367,61.560001373291016,37.21284866333008,4083600
2015-03-03,60.29999923706055,60.4900016784668,57.810001373291016,58.81999969482422,35.556522369384766,6555700
2015-03-04,58.47999954223633,58.4900016784668,57.22999954223633,58.08000183105469,35.109195709228516,4209500
2015-03-05,58.119998931884766,58.75,57.400001525878906,58.439998626708984,35.326812744140625,3474300
2015-03-06,58.11000061035156,58.4900016784668,56.75,56.900001525878906,34.39589309692383,3771700
2015-03-09,56.93000030517578,57.869998931884766,56.81999969482422,56.97999954223633,34.444252014160156,3283400
2015-03-10,56.66999816894531,56.79999923706055,54.16999816894531,54.40999984741211,32.89067459106445,6728400
2015-03-11,54.38999938964844,54.72999954223633,53.5,54.36000061035156,32.86046600341797,4559600
2015-03-12,52.810001373291016,55.130001068115234,52.54999923706055,54.540000915527344,32.969261169433594,5734400
2015-03-13,54.2400016784668,54.63999938964844,52.81999969482422,53.7599983215332,32.49775695800781,4054600
2015-03-16,54.79999923706055,54.97999954223633,53.970001220703125,54.84000015258789,33.150611877441406,4261700
2015-03-17,54.459999084472656,54.59000015258789,53.650001525878906,53.66999816894531,32.443359375,3299200
2015-03-18,54.650001525878906,55.75,53.88999938964844,55.29999923706055,33.428688049316406,4951900
2015-03-19,55.29999923706055,55.880001068115234,55.29999923706055,55.709999084472656,33.676536560058594,2471200
2015-03-20,56.15999984741211,56.70000076293945,55.70000076293945,56.5099983215332,34.160125732421875,4848700
2015-03-23,56.5099983215332,57.119998931884766,55.61000061035156,55.849998474121094,33.76115417480469,2650800
2015-03-24,55.540000915527344,56.119998931884766,55.2599983215332,55.33000183105469,33.44682312011719,2842400
2015-03-25,55.45000076293945,55.83000183105469,53.439998626708984,53.61000061035156,32.4071044921875,4358300
2015-03-26,52.5,54.2599983215332,52.119998931884766,53.529998779296875,32.35872268676758,4253900
2015-03-27,53.7400016784668,53.90999984741211,52.58000183105469,52.7599983215332,31.893264770507812,2938000
2015-03-30,53.22999954223633,53.349998474121094,52.529998779296875,53.08000183105469,32.086708068847656,2209400
2015-03-31,52.68000030517578,52.68000030517578,51.7400016784668,52.029998779296875,31.451988220214844,3776400
2015-04-01,52.04999923706055,52.33000183105469,51.04999923706055,51.790000915527344,31.30691146850586,3640900
2015-04-02,51.56999969482422,53.040000915527344,51.31999969482422,52.45000076293945,31.70587921142578,3695500
2015-04-06,52.04999923706055,53.0,52.0,52.7400016784668,31.881179809570312,2444900
2015-04-07,52.970001220703125,54.099998474121094,52.939998626708984,53.75,32.491722106933594,3338900
2015-04-08,53.84000015258789,54.29999923706055,53.06999969482422,53.310001373291016,32.225738525390625,4025900
2015-04-09,52.880001068115234,54.810001373291016,52.880001068115234,54.689998626708984,33.059940338134766,3384000
2015-04-10,54.58000183105469,55.9900016784668,54.560001373291016,55.58000183105469,33.59794998168945,3725700
2015-04-13,55.560001373291016,56.18000030517578,55.34000015258789,55.40999984741211,33.495182037353516,1938700
2015-04-14,55.970001220703125,56.20000076293945,55.22999954223633,55.77000045776367,33.71280288696289,2710600
2015-04-15,56.27000045776367,57.040000915527344,56.25,56.66999816894531,34.25685119628906,3736100
2015-04-16,56.099998474121094,56.54999923706055,55.45000076293945,55.959999084472656,33.82765197753906,4461700
2015-04-17,56.15999984741211,58.56999969482422,56.060001373291016,57.43000030517578,34.716270446777344,9537500
2015-04-20,58.0,59.47999954223633,57.709999084472656,59.13999938964844,35.74996566772461,4910500
2015-04-21,59.61000061035156,59.61000061035156,57.91999816894531,58.40999984741211,35.30867385864258,3509800
2015-04-22,58.099998474121094,58.459999084472656,57.83000183105469,58.22999954223633,35.19987106323242,2271300
2015-04-23,58.70000076293945,59.38999938964844,58.209999084472656,58.75,35.51421356201172,2750200
2015-04-24,58.959999084472656,59.029998779296875,57.900001525878906,58.34000015258789,35.266361236572266,2454400
2015-04-27,58.349998474121094,58.4900016784668,57.70000076293945,57.91999816894531,35.012474060058594,2214800
2015-04-28,58.029998779296875,59.06999969482422,57.52000045776367,59.0,35.66532516479492,3685900
2015-04-29,57.849998474121094,58.630001068115234,56.68000030517578,58.16999816894531,35.4883918762207,3996600
2015-04-30,57.7400016784668,59.08000183105469,57.7400016784668,58.720001220703125,35.82394790649414,3902600
2015-05-01,58.97999954223633,60.09000015258789,58.849998474121094,59.630001068115234,36.379127502441406,3432500
2015-05-04,59.560001373291016,59.86000061035156,58.7400016784668,59.209999084472656,36.12288284301758,2074500
2015-05-05,58.68000030517578,58.97999954223633,57.290000915527344,57.70000076293945,35.201663970947266,4170400
2015-05-06,57.880001068115234,57.95000076293945,55.630001068115234,56.290000915527344,34.34145736694336,3500300
2015-05-07,56.459999084472656,57.04999923706055,56.09000015258789,56.43000030517578,34.4268684387207,2291200
2015-05-08,56.900001525878906,57.459999084472656,56.58000183105469,57.2400016784668,34.9210319519043,2413500
2015-05-11,57.36000061035156,57.470001220703125,56.68000030517578,56.7599983215332,34.62818908691406,1761300
2015-05-12,56.2599983215332,56.619998931884766,55.59000015258789,56.15999984741211,34.26213455200195,1586300
2015-05-13,56.77000045776367,57.33000183105469,56.4900016784668,56.59000015258789,34.52447509765625,1653700
2015-05-14,56.970001220703125,57.54999923706055,56.7400016784668,57.43000030517578,35.036949157714844,1518500
2015-05-15,57.66999816894531,57.880001068115234,56.849998474121094,56.88999938964844,34.707496643066406,2299900
2015-05-18,56.68000030517578,57.20000076293945,56.560001373291016,56.900001525878906,34.71360778808594,1789100
2015-05-19,56.900001525878906,56.97999954223633,54.36000061035156,55.150001525878906,33.64596176147461,6521700
2015-05-20,54.970001220703125,55.43000030517578,54.45000076293945,54.599998474121094,33.31041717529297,3153500
2015-05-21,54.43000030517578,55.61000061035156,54.29999923706055,55.369998931884766,33.78017044067383,2885900
2015-05-22,55.41999816894531,56.0099983215332,55.20000076293945,55.790000915527344,34.036415100097656,1745100
2015-05-26,55.47999954223633,55.66999816894531,54.369998931884766,54.59000015258789,33.304317474365234,2748300
2015-05-27,54.75,55.77000045776367,54.630001068115234,55.34000015258789,33.76187515258789,2282200
2015-05-28,55.619998931884766,56.939998626708984,55.619998931884766,56.369998931884766,34.3902587890625,3727700
2015-05-29,56.369998931884766,56.400001525878906,55.2599983215332,55.63999938964844,33.94490051269531,2711000
2015-06-01,55.7400016784668,55.83000183105469,54.959999084472656,55.20000076293945,33.676475524902344,2414600
2015-06-02,55.290000915527344,55.7599983215332,54.95000076293945,55.290000915527344,33.73137283325195,2610700
2015-06-03,55.52000045776367,56.119998931884766,55.36000061035156,55.66999816894531,33.96319580078125,1805400
2015-06-04,55.630001068115234,55.650001525878906,54.29999923706055,54.540000915527344,33.27381134033203,3307700
2015-06-05,54.2400016784668,54.540000915527344,53.779998779296875,54.43000030517578,33.206703186035156,2500900
2015-06-08,54.27000045776367,54.34000015258789,52.66999816894531,53.040000915527344,32.35869216918945,3769500
2015-06-09,53.16999816894531,53.209999084472656,52.22999954223633,52.619998931884766,32.10245895385742,4191500
2015-06-10,53.08000183105469,53.90999984741211,52.7599983215332,53.59000015258789,32.69423294067383,3034800
2015-06-11,53.83000183105469,54.5,53.5099983215332,54.29999923706055,33.12738800048828,2895600
2015-06-12,53.90999984741211,54.310001373291016,53.40999984741211,53.54999923706055,32.66984176635742,2264700
2015-06-15,53.220001220703125,53.77000045776367,52.77000045776367,53.369998931884766,32.56001663208008,3213600
2015-06-16,53.20000076293945,53.52000045776367,53.04999923706055,53.20000076293945,32.4563102722168,2639300
2015-06-17,53.18000030517578,53.689998626708984,52.779998779296875,53.18000030517578,32.44411087036133,2008200
2015-06-18,53.290000915527344,54.220001220703125,53.02000045776367,54.13999938964844,33.02978515625,2252300
2015-06-19,54.029998779296875,54.15999984741211,53.25,53.349998474121094,32.54780578613281,4805300
2015-06-22,53.689998626708984,54.0,53.33000183105469,53.869998931884766,32.86505889892578,1853500
2015-06-23,53.79999923706055,53.9900016784668,52.09000015258789,52.290000915527344,31.901140213012695,5030400
2015-06-24,52.27000045776367,52.4900016784668,51.630001068115234,51.970001220703125,31.70589828491211,3168400
2015-06-25,51.91999816894531,51.91999816894531,50.369998931884766,50.689998626708984,30.924999237060547,5463700
2015-06-26,50.0,50.9900016784668,49.5099983215332,50.060001373291016,30.54065704345703,6308500
2015-06-29,48.970001220703125,50.0,48.619998931884766,49.02000045776367,29.90616798400879,6360400
2015-06-30,49.59000015258789,49.59000015258789,47.41999816894531,47.5,28.97884178161621,7949600
2015-07-01,47.869998931884766,48.11000061035156,46.84000015258789,47.56999969482422,29.02155113220215,5134900
2015-07-02,47.810001373291016,48.810001373291016,47.650001525878906,48.150001525878906,29.375389099121094,4713700
2015-07-06,47.47999954223633,47.68000030517578,46.709999084472656,47.02000045776367,28.68600845336914,4603800
2015-07-07,47.040000915527344,47.970001220703125,45.720001220703125,47.81999969482422,29.1740779876709,6126800
2015-07-08,47.540000915527344,47.630001068115234,46.060001373291016,46.400001525878906,28.30776023864746,4723200
2015-07-09,47.130001068115234,47.279998779296875,46.040000915527344,46.040000915527344,28.088130950927734,2672200
2015-07-10,46.560001373291016,46.689998626708984,45.560001373291016,45.95000076293945,28.03322410583496,3489500
2015-07-13,45.2400016784668,46.880001068115234,44.459999084472656,46.279998779296875,28.234540939331055,8885300
2015-07-14,46.630001068115234,47.97999954223633,46.52000045776367,47.61000061035156,29.04595184326172,6537000
2015-07-15,47.84000015258789,48.5,47.040000915527344,47.29999923706055,28.85683250427246,5312900
2015-07-16,47.36000061035156,48.34000015258789,47.349998474121094,47.900001525878906,29.222877502441406,4873600
2015-07-17,47.900001525878906,48.650001525878906,47.310001373291016,48.150001525878906,29.375389099121094,6084800
2015-07-20,48.25,48.25,47.0099983215332,47.72999954223633,29.119163513183594,5942700
2015-07-21,47.75,48.61000061035156,47.709999084472656,48.11000061035156,29.350996017456055,3694100
2015-07-22,47.97999954223633,49.20000076293945,47.2400016784668,49.060001373291016,29.93056297302246,7763600
2015-07-23,47.33000183105469,49.20000076293945,46.77000045776367,48.0099983215332,29.289981842041016,8724200
2015-07-24,48.18000030517578,48.2400016784668,46.81999969482422,47.31999969482422,28.869022369384766,5298900
2015-07-27,47.13999938964844,48.22999954223633,46.63999938964844,47.90999984741211,29.228973388671875,4880500
2015-07-28,48.099998474121094,48.97999954223633,47.779998779296875,48.869998931884766,29.81464958190918,4486600
2015-07-29,48.75,49.59000015258789,48.31999969482422,49.41999816894531,30.150197982788086,4949500
2015-07-30,50.380001068115234,51.77000045776367,50.220001220703125,51.290000915527344,31.291048049926758,7974300
2015-07-31,51.09000015258789,52.880001068115234,50.11000061035156,50.599998474121094,30.870092391967773,8155300
2015-08-03,50.790000915527344,51.689998626708984,50.61000061035156,51.459999084472656,31.39476776123047,4790600
2015-08-04,51.2400016784668,51.84000015258789,50.83000183105469,51.38999938964844,31.352046966552734,4558700
2015-08-05,51.41999816894531,52.09000015258789,50.95000076293945,51.86000061035156,31.63880157470703,5239500
2015-08-06,51.970001220703125,52.47999954223633,51.2599983215332,51.31999969482422,31.309349060058594,3895800
2015-08-07,50.7599983215332,51.0,49.45000076293945,49.4900016784668,30.513978958129883,5325400
2015-08-10,49.88999938964844,51.20000076293945,49.58000183105469,51.13999938964844,31.531328201293945,2976800
2015-08-11,50.7599983215332,51.119998931884766,50.279998779296875,51.0099983215332,31.451154708862305,3671700
2015-08-12,50.58000183105469,51.68000030517578,49.77000045776367,51.619998931884766,31.82726287841797,4263500
2015-08-13,51.349998474121094,51.7400016784668,51.099998474121094,51.369998931884766,31.673126220703125,3723600
2015-08-14,51.13999938964844,52.349998474121094,51.119998931884766,52.02000045776367,32.073890686035156,3813000
2015-08-17,51.38999938964844,52.59000015258789,51.16999816894531,52.45000076293945,32.33902359008789,3767000
2015-08-18,52.119998931884766,52.560001373291016,51.33000183105469,52.04999923706055,32.0923957824707,4400000
2015-08-19,51.63999938964844,51.84000015258789,49.400001525878906,49.43000030517578,30.476987838745117,6785500
2015-08-20,48.77000045776367,49.56999969482422,48.290000915527344,48.650001525878906,29.996063232421875,6015400
2015-08-21,48.209999084472656,50.45000076293945,48.06999969482422,48.720001220703125,30.039209365844727,7832800
2015-08-24,45.709999084472656,48.630001068115234,45.630001068115234,47.619998931884766,29.360984802246094,7211400
2015-08-25,48.84000015258789,49.310001373291016,46.27000045776367,46.33000183105469,28.565614700317383,6053300
2015-08-26,47.58000183105469,48.40999984741211,46.119998931884766,47.88999938964844,29.52745819091797,4102500
2015-08-27,48.709999084472656,50.38999938964844,48.5,50.040000915527344,30.853090286254883,3585200
2015-08-28,50.16999816894531,51.2599983215332,49.939998626708984,50.68000030517578,31.247682571411133,3680000
2015-08-31,50.47999954223633,51.54999923706055,50.04999923706055,51.400001525878906,31.691617965698242,3734400
2015-09-01,50.2400016784668,52.119998931884766,50.13999938964844,50.599998474121094,31.198360443115234,5924800
2015-09-02,50.709999084472656,51.470001220703125,48.88999938964844,49.77000045776367,30.686620712280273,7750100
2015-09-03,49.560001373291016,50.59000015258789,48.75,49.4900016784668,30.513978958129883,4644000
2015-09-04,48.95000076293945,49.79999923706055,47.95000076293945,48.209999084472656,29.724769592285156,3508700
2015-09-08,49.0099983215332,49.66999816894531,48.619998931884766,49.61000061035156,30.587970733642578,3284800
2015-09-09,50.220001220703125,50.90999984741211,49.56999969482422,50.099998474121094,30.890079498291016,4068300
2015-09-10,49.09000015258789,50.06999969482422,48.209999084472656,49.220001220703125,30.347496032714844,4473900
2015-09-11,48.75,49.34000015258789,48.52000045776367,48.939998626708984,30.17486000061035,4339400
2015-09-14,48.91999816894531,48.9900016784668,48.11000061035156,48.33000183105469,29.798755645751953,3049700
2015-09-15,48.470001220703125,48.72999954223633,48.0099983215332,48.61000061035156,29.971397399902344,3272600
2015-09-16,48.7599983215332,49.52000045776367,48.4900016784668,49.150001525878906,30.30434226989746,2668000
2015-09-17,48.66999816894531,48.790000915527344,47.65999984741211,47.7599983215332,29.447317123413086,3745200
2015-09-18,47.2599983215332,47.4900016784668,45.220001220703125,45.650001525878906,28.1463565826416,10100400
2015-09-21,45.75,46.56999969482422,45.52000045776367,46.20000076293945,28.485458374023438,3183200
2015-09-22,45.43000030517578,45.66999816894531,43.5,43.790000915527344,26.99953269958496,4132000
2015-09-23,44.06999969482422,44.400001525878906,42.959999084472656,43.54999923706055,26.851558685302734,3589300
2015-09-24,43.08000183105469,44.45000076293945,42.540000915527344,44.099998474121094,27.190675735473633,3904300
2015-09-25,44.22999954223633,44.400001525878906,42.43000030517578,42.88999938964844,26.444625854492188,3802700
2015-09-28,42.75,42.75,41.689998626708984,42.06999969482422,25.93903160095215,4796000
2015-09-29,42.09000015258789,43.20000076293945,41.59000015258789,41.779998779296875,25.760229110717773,5109300
2015-09-30,44.5099983215332,45.97999954223633,43.400001525878906,44.79999923706055,27.622264862060547,9312400
2015-10-01,44.810001373291016,44.849998474121094,42.369998931884766,42.86000061035156,26.426132202148438,6315600
2015-10-02,42.31999969482422,43.220001220703125,42.0099983215332,43.18000030517578,26.623430252075195,4368400
2015-10-05,43.68000030517578,45.56999969482422,43.459999084472656,44.84000015258789,27.64693260192871,4959200
2015-10-06,44.790000915527344,46.529998779296875,44.65999984741211,46.20000076293945,28.485458374023438,3813100
2015-10-07,46.84000015258789,47.93000030517578,46.29999923706055,47.290000915527344,29.15753936767578,3561300
2015-10-08,47.41999816894531,48.58000183105469,47.2400016784668,48.33000183105469,29.798755645751953,2963200
2015-10-09,48.40999984741211,49.5,48.189998626708984,49.029998779296875,30.230363845825195,5099200
2015-10-12,49.290000915527344,49.290000915527344,48.16999816894531,49.02000045776367,30.22419548034668,2097500
2015-10-13,48.95000076293945,49.43000030517578,48.560001373291016,48.619998931884766,29.977556228637695,2808000
2015-10-14,48.41999816894531,49.2599983215332,47.540000915527344,47.79999923706055,29.471981048583984,4271400
2015-10-15,42.279998779296875,44.15999984741211,40.52000045776367,41.439998626708984,25.55059242248535,21466700
2015-10-16,41.27000045776367,41.36000061035156,38.63999938964844,39.560001373291016,24.391454696655273,13945600
2015-10-19,39.20000076293945,39.630001068115234,38.43000030517578,38.75,23.892040252685547,6879500
2015-10-20,38.540000915527344,38.939998626708984,37.72999954223633,38.52000045776367,23.750215530395508,9698700
2015-10-21,38.09000015258789,39.5,36.79999923706055,37.130001068115234,22.893192291259766,6846000
2015-10-22,37.59000015258789,39.459999084472656,37.41999816894531,39.2400016784668,24.194149017333984,8104900
2015-10-23,39.599998474121094,41.83000183105469,39.27000045776367,41.150001525878906,25.371797561645508,6726600
2015-10-26,41.029998779296875,41.43000030517578,39.029998779296875,39.54999923706055,24.385286331176758,5303100
2015-10-27,39.27000045776367,39.630001068115234,38.91999816894531,39.20000076293945,24.16948890686035,2525900
2015-10-28,39.36000061035156,39.54999923706055,38.52000045776367,39.34000015258789,24.255809783935547,4387600
2015-10-29,39.2599983215332,39.2599983215332,37.77000045776367,38.060001373291016,23.466598510742188,6953900
2015-10-30,39.130001068115234,39.70000076293945,37.13999938964844,38.060001373291016,23.466598510742188,6977100
2015-11-02,37.7599983215332,39.150001525878906,37.29999923706055,38.880001068115234,23.972192764282227,4854400
2015-11-03,38.880001068115234,40.90999984741211,38.7599983215332,40.369998931884766,24.890872955322266,5302400
2015-11-04,39.59000015258789,40.0099983215332,38.4900016784668,38.810001373291016,24.308378219604492,4586200
2015-11-05,38.7400016784668,39.29999923706055,38.43000030517578,38.869998931884766,24.345956802368164,2826700
2015-11-06,38.810001373291016,39.06999969482422,38.20000076293945,38.810001373291016,24.308378219604492,2808900
2015-11-09,38.83000183105469,38.97999954223633,37.9900016784668,38.279998779296875,23.976411819458008,2891200
2015-11-10,37.83000183105469,38.25,36.25,36.540000915527344,22.886573791503906,4946500
2015-11-11,36.7599983215332,36.81999969482422,35.02000045776367,36.119998931884766,22.623506546020508,6369100
2015-11-12,35.790000915527344,36.029998779296875,34.06999969482422,34.08000183105469,21.34577178955078,8054800
2015-11-13,33.97999954223633,34.08000183105469,32.380001068115234,33.06999969482422,20.713159561157227,7420900
2015-11-16,33.06999969482422,34.52000045776367,33.06999969482422,34.29999923706055,21.483564376831055,4095400
2015-11-17,34.33000183105469,34.7400016784668,33.7400016784668,33.880001068115234,21.220500946044922,3164400
2015-11-18,33.83000183105469,34.65999984741211,33.83000183105469,34.380001068115234,21.53367042541504,2829600
2015-11-19,34.90999984741211,35.189998626708984,34.08000183105469,34.279998779296875,21.471040725708008,3392700
2015-11-20,34.5,34.84000015258789,33.939998626708984,34.40999984741211,21.552467346191406,3102800
2015-11-23,34.52000045776367,35.20000076293945,34.380001068115234,34.70000076293945,21.734098434448242,4500400
2015-11-24,34.439998626708984,34.52000045776367,33.86000061035156,34.27000045776367,21.464773178100586,3089200
2015-11-25,34.099998474121094,34.849998474121094,33.72999954223633,34.56999969482422,21.652681350708008,2394600
2015-11-27,34.5099983215332,34.79999923706055,34.25,34.619998931884766,21.683996200561523,911900
2015-11-30,35.459999084472656,35.970001220703125,34.709999084472656,35.939998626708984,22.51076889038086,6184200
2015-12-01,36.150001525878906,36.619998931884766,35.66999816894531,36.5099983215332,22.867780685424805,4034700
2015-12-02,36.189998626708984,36.36000061035156,34.36000061035156,34.540000915527344,21.633888244628906,5145500
2015-12-03,34.7599983215332,34.90999984741211,33.470001220703125,33.77000045776367,21.151601791381836,4558000
2015-12-04,33.709999084472656,34.650001525878906,33.400001525878906,34.45000076293945,21.5775146484375,4357700
2015-12-07,34.45000076293945,35.22999954223633,34.04999923706055,35.099998474121094,21.984636306762695,3640700
2015-12-08,34.790000915527344,35.56999969482422,34.43000030517578,35.43000030517578,22.191335678100586,3799400
2015-12-09,35.16999816894531,36.47999954223633,35.04999923706055,35.720001220703125,22.372970581054688,3649600
2015-12-10,35.7400016784668,36.5,35.5,36.220001220703125,22.686145782470703,4904600
2015-12-11,35.630001068115234,36.560001373291016,34.40999984741211,35.97999954223633,22.535823822021484,5420100
2015-12-14,36.040000915527344,36.16999816894531,33.400001525878906,33.66999816894531,21.08896827697754,4997700
2015-12-15,33.90999984741211,35.02000045776367,33.75,34.25,21.45224952697754,4141600
2015-12-16,34.59000015258789,34.9900016784668,34.06999969482422,34.779998779296875,21.784215927124023,3919800
2015-12-17,34.91999816894531,35.0,33.45000076293945,33.91999816894531,21.245548248291016,4021800
2015-12-18,33.70000076293945,34.689998626708984,33.5099983215332,34.099998474121094,21.358293533325195,6627300
2015-12-21,34.290000915527344,34.97999954223633,34.150001525878906,34.70000076293945,21.734098434448242,2476200
2015-12-22,34.56999969482422,35.59000015258789,34.150001525878906,35.45000076293945,22.203861236572266,2926900
2015-12-23,35.650001525878906,37.25,35.459999084472656,36.619998931884766,22.936681747436523,3804700
2015-12-24,36.47999954223633,37.2599983215332,36.470001220703125,36.650001525878906,22.95547103881836,1818500
2015-12-28,36.720001220703125,37.18000030517578,36.2599983215332,36.7400016784668,23.01184844970703,2366000
2015-12-29,37.040000915527344,37.439998626708984,36.779998779296875,37.150001525878906,23.268644332885742,3351000
2015-12-30,37.0,37.939998626708984,37.0,37.18000030517578,23.287429809570312,2704000
2015-12-31,37.0099983215332,37.349998474121094,36.599998474121094,36.65999984741211,22.961734771728516,2391700
2016-01-04,36.029998779296875,36.43000030517578,35.11000061035156,36.27000045776367,22.71746063232422,4653200
2016-01-05,36.5,36.880001068115234,35.91999816894531,36.33000183105469,22.755037307739258,3092700
2016-01-06,35.650001525878906,35.91999816894531,34.33000183105469,34.75,21.765419006347656,4120900
2016-01-07,34.04999923706055,34.810001373291016,33.7599983215332,34.540000915527344,21.633888244628906,5974800
2016-01-08,34.380001068115234,34.529998779296875,32.15999984741211,32.540000915527344,20.381206512451172,9802300
2016-01-11,33.119998931884766,33.119998931884766,30.649999618530273,31.350000381469727,19.63585662841797,7834300
2016-01-12,31.719999313354492,31.940000534057617,30.420000076293945,31.56999969482422,19.77364730834961,6090000
2016-01-13,31.59000015258789,32.45000076293945,30.950000762939453,31.06999969482422,19.46047592163086,4734000
2016-01-14,31.190000534057617,32.43000030517578,30.450000762939453,32.11000061035156,20.111873626708984,5229900
2016-01-15,30.479999542236328,31.239999771118164,29.90999984741211,30.889999389648438,19.347734451293945,8660100
2016-01-19,31.459999084472656,31.729999542236328,29.389999389648438,29.829999923706055,18.683815002441406,5466900
2016-01-20,29.190000534057617,29.5,27.75,29.219999313354492,18.301742553710938,6750500
2016-01-21,29.450000762939453,29.469999313354492,27.40999984741211,27.559999465942383,17.262012481689453,10447100
2016-01-22,28.239999771118164,28.510000228881836,27.030000686645508,27.93000030517578,17.493762969970703,8349800
2016-01-25,27.610000610351562,27.690000534057617,26.350000381469727,26.399999618530273,16.53545570373535,6461800
2016-01-26,26.5,28.139999389648438,26.5,27.739999771118164,17.374752044677734,5956800
2016-01-27,27.399999618530273,27.920000076293945,26.729999542236328,26.969999313354492,16.89246940612793,4982500
2016-01-28,27.170000076293945,27.270000457763672,26.25,26.760000228881836,16.76093864440918,8695500
2016-01-29,29.020000457763672,30.149999618530273,28.049999237060547,29.049999237060547,18.195268630981445,12431000
2016-02-01,29.059999465942383,30.93000030517578,28.600000381469727,30.40999984741211,19.047090530395508,7997400
2016-02-02,29.709999084472656,30.790000915527344,28.270000457763672,28.610000610351562,17.919673919677734,6713400
2016-02-03,30.18000030517578,31.329999923706055,29.770000457763672,30.520000457763672,19.115989685058594,9232900
2016-02-04,30.56999969482422,33.619998931884766,30.559999465942383,32.189998626708984,20.161985397338867,11677300
2016-02-05,31.34000015258789,31.90999984741211,30.5,31.59000015258789,20.18114471435547,7819000
2016-02-08,30.90999984741211,31.290000915527344,29.690000534057617,30.360000610351562,19.395362854003906,4843100
2016-02-09,29.969999313354492,30.209999084472656,28.950000762939453,29.40999984741211,18.788461685180664,5722000
2016-02-10,29.729999542236328,30.760000228881836,29.65999984741211,30.190000534057617,19.286762237548828,5512100
2016-02-11,29.479999542236328,29.799999237060547,28.639999389648438,29.030000686645508,18.54570198059082,5989400
2016-02-12,29.510000228881836,29.93000030517578,28.510000228881836,29.8799991607666,19.08872413635254,4263000
2016-02-16,30.18000030517578,31.530000686645508,29.850000381469727,31.329999923706055,20.015050888061523,4966400
2016-02-17,31.510000228881836,32.400001525878906,31.420000076293945,31.969999313354492,20.423908233642578,5097300
2016-02-18,31.829999923706055,33.650001525878906,31.540000915527344,33.11000061035156,21.152193069458008,5550200
2016-02-19,32.439998626708984,32.72999954223633,31.020000457763672,31.34000015258789,20.02143669128418,4411600
2016-02-22,31.979999542236328,32.540000915527344,31.56999969482422,32.22999954223633,20.590007781982422,4554500
2016-02-23,32.040000915527344,32.060001373291016,30.65999984741211,30.739999771118164,19.63812828063965,4239100
2016-02-24,30.3700008392334,31.25,29.229999542236328,31.079999923706055,19.855342864990234,4672600
2016-02-25,31.010000228881836,31.010000228881836,29.799999237060547,30.920000076293945,19.75311851501465,3040400
2016-02-26,31.31999969482422,32.130001068115234,31.110000610351562,31.690000534057617,20.245037078857422,3485600
2016-02-29,31.639999389648438,31.989999771118164,31.25,31.360000610351562,20.034208297729492,3555800
2016-03-01,31.799999237060547,33.86000061035156,31.649999618530273,33.22999954223633,21.228853225708008,6653800
2016-03-02,33.279998779296875,34.18000030517578,32.81999969482422,33.93000030517578,21.676048278808594,4881000
2016-03-03,33.7400016784668,35.06999969482422,33.689998626708984,34.75,22.199899673461914,4239200
2016-03-04,34.91999816894531,35.65999984741211,34.41999816894531,34.529998779296875,22.059354782104492,5198400
2016-03-07,34.22999954223633,36.22999954223633,33.77000045776367,35.47999954223633,22.666257858276367,5139400
2016-03-08,35.2400016784668,35.38999938964844,34.130001068115234,34.2400016784668,21.874095916748047,5744100
2016-03-09,34.36000061035156,35.119998931884766,33.900001525878906,34.209999084472656,21.854930877685547,4585900
2016-03-10,34.33000183105469,35.22999954223633,33.970001220703125,34.95000076293945,22.327667236328125,4281500
2016-03-11,35.65999984741211,36.18000030517578,35.25,36.16999816894531,23.1070613861084,3333100
2016-03-14,35.70000076293945,35.9900016784668,34.45000076293945,35.36000061035156,22.589595794677734,6751600
2016-03-15,35.349998474121094,35.5,33.90999984741211,34.619998931884766,22.116851806640625,3614500
2016-03-16,34.27000045776367,34.95000076293945,33.79999923706055,34.4900016784668,22.03380012512207,4212700
2016-03-17,34.68000030517578,35.54999923706055,34.45000076293945,34.93000030517578,22.314897537231445,4231600
2016-03-18,35.16999816894531,36.9900016784668,34.959999084472656,36.56999969482422,23.36260223388672,11672900
2016-03-21,36.36000061035156,36.95000076293945,36.060001373291016,36.540000915527344,23.343433380126953,2886800
2016-03-22,36.310001373291016,37.45000076293945,36.099998474121094,37.040000915527344,23.662864685058594,4086200
2016-03-23,36.720001220703125,36.79999923706055,34.75,34.79999923706055,22.231849670410156,4559800
2016-03-24,34.59000015258789,34.70000076293945,32.400001525878906,33.22999954223633,21.228853225708008,8570000
2016-03-28,33.65999984741211,33.9900016784668,33.25,33.540000915527344,21.42690086364746,3924600
2016-03-29,33.209999084472656,33.93000030517578,32.47999954223633,33.79999923706055,21.592992782592773,3537100
2016-03-30,34.029998779296875,34.56999969482422,33.54999923706055,34.16999816894531,21.829374313354492,3719900
2016-03-31,33.97999954223633,34.630001068115234,33.88999938964844,34.45000076293945,22.008249282836914,2741200
2016-04-01,33.900001525878906,34.119998931884766,33.34000015258789,33.689998626708984,21.522724151611328,4555700
2016-04-04,33.66999816894531,33.84000015258789,33.22999954223633,33.54999923706055,21.43328285217285,2313200
2016-04-05,33.27000045776367,33.400001525878906,32.650001525878906,32.86000061035156,20.99248504638672,3464300
2016-04-06,32.86000061035156,33.720001220703125,32.0099983215332,33.720001220703125,21.541893005371094,3526000
2016-04-07,33.29999923706055,33.599998474121094,32.650001525878906,33.11000061035156,21.152193069458008,3183000
2016-04-08,33.38999938964844,34.119998931884766,33.08000183105469,33.22999954223633,21.228853225708008,2972900
2016-04-11,34.349998474121094,35.790000915527344,34.209999084472656,34.97999954223633,22.346834182739258,7545200
2016-04-12,34.939998626708984,35.18000030517578,34.029998779296875,35.040000915527344,22.385168075561523,4681500
2016-04-13,34.72999954223633,35.130001068115234,33.849998474121094,33.93000030517578,21.676048278808594,7300200
2016-04-14,29.670000076293945,29.850000381469727,26.93000030517578,27.110000610351562,17.319116592407227,48458900
2016-04-15,26.969999313354492,27.1200008392334,25.540000915527344,25.59000015258789,16.348072052001953,19415600
2016-04-18,25.510000228881836,26.270000457763672,25.139999389648438,25.780000686645508,16.469453811645508,10781300
2016-04-19,25.84000015258789,26.1200008392334,25.18000030517578,25.329999923706055,16.181970596313477,8957100
2016-04-20,25.43000030517578,26.010000228881836,25.219999313354492,25.670000076293945,16.39917755126953,8669500
2016-04-21,25.739999771118164,25.959999084472656,25.229999542236328,25.43000030517578,16.2458553314209,8587500
2016-04-22,25.479999542236328,25.739999771118164,25.010000228881836,25.31999969482422,16.17558479309082,7220700
2016-04-25,25.329999923706055,26.3799991607666,25.260000228881836,26.290000915527344,16.795263290405273,7857800
2016-04-26,26.540000915527344,27.100000381469727,26.440000534057617,27.0,17.248844146728516,7447600
2016-04-27,27.0,27.389999389648438,26.5,27.34000015258789,17.46605110168457,7210200
2016-04-28,27.139999389648438,27.59000015258789,26.790000915527344,26.899999618530273,17.18496322631836,7380400
2016-04-29,26.170000076293945,26.219999313354492,21.610000610351562,21.770000457763672,13.907679557800293,24443200
2016-05-02,21.139999389648438,21.15999984741211,20.209999084472656,20.479999542236328,13.083568572998047,18806300
2016-05-03,20.3799991607666,20.469999313354492,19.299999237060547,19.440000534057617,12.419170379638672,13705500
2016-05-04,19.809999465942383,20.479999542236328,19.75,20.149999618530273,12.872750282287598,11708700
2016-05-05,20.200000762939453,20.420000076293945,19.899999618530273,20.010000228881836,12.78331470489502,7901700
2016-05-06,19.34000015258789,19.399999618530273,18.809999465942383,19.06999969482422,12.578831672668457,8456900
2016-05-09,19.1200008392334,19.290000915527344,18.709999084472656,18.860000610351562,12.440314292907715,8927200
2016-05-10,18.75,19.3799991607666,18.59000015258789,19.25,12.697558403015137,6101000
2016-05-11,19.200000762939453,19.450000762939453,18.690000534057617,18.719999313354492,12.3479642868042,5394200
2016-05-12,18.860000610351562,18.8700008392334,18.420000076293945,18.790000915527344,12.394137382507324,10122100
2016-05-13,18.719999313354492,19.469999313354492,18.6299991607666,19.09000015258789,12.592022895812988,6507400
2016-05-16,19.079999923706055,19.360000610351562,18.979999542236328,19.15999984741211,12.638195037841797,7248800
2016-05-17,19.030000686645508,20.260000228881836,19.030000686645508,19.639999389648438,12.954809188842773,7165900
2016-05-18,19.579999923706055,20.540000915527344,19.56999969482422,20.239999771118164,13.350578308105469,7862400
2016-05-19,20.149999618530273,20.559999465942383,20.010000228881836,20.520000457763672,13.535270690917969,8915800
2016-05-20,20.540000915527344,20.920000076293945,20.290000915527344,20.40999984741211,13.4627103805542,7197800
2016-05-23,20.649999618530273,21.079999923706055,20.40999984741211,20.799999237060547,13.719964027404785,4304200
2016-05-24,21.06999969482422,21.100000381469727,20.68000030517578,20.8799991607666,13.772727966308594,4871500
2016-05-25,21.219999313354492,21.760000228881836,21.200000762939453,21.479999542236328,14.168501853942871,6800000
2016-05-26,21.43000030517578,21.65999984741211,21.15999984741211,21.549999237060547,14.214669227600098,5244300
2016-05-27,21.520000457763672,21.950000762939453,21.219999313354492,21.65999984741211,14.28722858428955,4165900
2016-05-31,21.790000915527344,22.600000381469727,21.600000381469727,22.559999465942383,14.880881309509277,8221700
2016-06-01,22.290000915527344,23.059999465942383,22.040000915527344,23.010000228881836,15.177708625793457,6727600
2016-06-02,23.25,23.809999465942383,23.110000610351562,23.75,15.665820121765137,8292300
2016-06-03,23.68000030517578,23.899999618530273,23.31999969482422,23.639999389648438,15.593262672424316,7702300
2016-06-06,23.59000015258789,23.979999542236328,23.56999969482422,23.889999389648438,15.75817584991455,4050300
2016-06-07,23.959999084472656,24.790000915527344,23.940000534057617,24.649999618530273,16.259471893310547,5741100
2016-06-08,24.75,24.899999618530273,24.049999237060547,24.25,15.995627403259277,7107800
2016-06-09,24.06999969482422,24.229999542236328,23.639999389648438,24.139999389648438,15.923067092895508,6315300
2016-06-10,23.790000915527344,23.93000030517578,23.110000610351562,23.139999389648438,15.263453483581543,5599300
2016-06-13,23.110000610351562,23.450000762939453,22.65999984741211,22.68000030517578,14.960036277770996,5398500
2016-06-14,22.540000915527344,23.079999923706055,22.299999237060547,22.760000228881836,15.012804985046387,4012200
2016-06-15,22.920000076293945,23.270000457763672,22.559999465942383,22.719999313354492,14.986420631408691,4369900
2016-06-16,22.610000610351562,22.700000762939453,22.06999969482422,22.690000534057617,14.966630935668945,4273300
2016-06-17,22.809999465942383,23.360000610351562,22.719999313354492,23.219999313354492,15.316227912902832,7652100
2016-06-20,23.530000686645508,23.989999771118164,23.299999237060547,23.43000030517578,15.454742431640625,4353900
2016-06-21,23.3799991607666,23.920000076293945,23.200000762939453,23.860000610351562,15.738373756408691,3550500
2016-06-22,23.860000610351562,24.239999771118164,23.770000457763672,23.8700008392334,15.744972229003906,3949300
2016-06-23,24.15999984741211,24.68000030517578,24.110000610351562,24.479999542236328,16.147340774536133,4714600
2016-06-24,23.40999984741211,23.920000076293945,23.010000228881836,23.15999984741211,15.27664566040039,6496800
2016-06-27,23.0,23.06999969482422,20.770000457763672,20.8700008392334,13.766136169433594,6672700
2016-06-28,21.479999542236328,22.600000381469727,21.43000030517578,22.530000686645508,14.861096382141113,6165100
2016-06-29,23.239999771118164,24.059999465942383,22.90999984741211,23.950000762939453,15.79774284362793,8997000
2016-06-30,23.799999237060547,24.3700008392334,23.200000762939453,24.360000610351562,16.06818389892578,8335400
2016-07-01,24.209999084472656,24.209999084472656,23.93000030517578,24.030000686645508,15.850516319274902,4944400
2016-07-05,23.780000686645508,23.799999237060547,22.889999389648438,23.15999984741211,15.27664566040039,3785000
2016-07-06,22.350000381469727,23.639999389648438,22.09000015258789,23.520000457763672,15.514114379882812,6386800
2016-07-07,24.020000457763672,24.34000015258789,23.510000228881836,23.729999542236328,15.652628898620605,7493500
2016-07-08,24.200000762939453,24.209999084472656,23.510000228881836,24.010000228881836,15.837313652038574,6369800
2016-07-11,24.139999389648438,24.329999923706055,23.940000534057617,24.09000015258789,15.890094757080078,5236900
2016-07-12,27.479999542236328,29.540000915527344,27.469999313354492,29.350000381469727,19.359655380249023,29492300
2016-07-13,29.350000381469727,30.149999618530273,28.969999313354492,29.829999923706055,19.676273345947266,10546600
2016-07-14,30.030000686645508,30.290000915527344,29.040000915527344,29.190000534057617,19.25411605834961,7786500
2016-07-15,29.399999618530273,29.43000030517578,28.299999237060547,28.899999618530273,19.062829971313477,6444400
2016-07-18,29.200000762939453,30.469999313354492,29.0,30.149999618530273,19.887346267700195,7113000
2016-07-19,30.350000381469727,30.549999237060547,29.709999084472656,29.989999771118164,19.781808853149414,3351600
2016-07-20,30.030000686645508,30.5,29.709999084472656,30.5,20.118207931518555,3760900
2016-07-21,30.479999542236328,31.549999237060547,30.399999618530273,31.219999313354492,20.59313201904297,7436700
2016-07-22,31.3799991607666,31.760000228881836,31.059999465942383,31.579999923706055,20.830591201782227,4602600
2016-07-25,31.6200008392334,31.829999923706055,31.299999237060547,31.440000534057617,20.738250732421875,4319300
2016-07-26,31.280000686645508,32.470001220703125,31.0,32.45000076293945,21.404451370239258,4435500
2016-07-27,32.529998779296875,33.029998779296875,31.799999237060547,32.04999923706055,21.140607833862305,4490400
2016-07-28,32.06999969482422,32.630001068115234,31.760000228881836,32.599998474121094,21.50339698791504,4133100
2016-07-29,32.09000015258789,32.40999984741211,31.260000228881836,32.029998779296875,21.127418518066406,6416000
2016-08-01,32.0,32.439998626708984,31.799999237060547,32.43000030517578,21.391265869140625,7349600
2016-08-02,33.29999923706055,33.75,30.270000457763672,30.649999618530273,20.217153549194336,14367000
2016-08-03,30.639999389648438,31.100000381469727,30.09000015258789,30.729999542236328,20.269927978515625,6056900
2016-08-04,30.940000534057617,31.389999389648438,30.709999084472656,31.260000228881836,20.61952018737793,4459400
2016-08-05,31.479999542236328,32.47999954223633,31.479999542236328,32.130001068115234,21.193382263183594,5094900
2016-08-08,32.22999954223633,32.75,32.189998626708984,32.61000061035156,21.509994506835938,5216500
2016-08-09,32.599998474121094,32.650001525878906,32.25,32.4900016784668,21.43083953857422,3238800
2016-08-10,32.529998779296875,32.630001068115234,31.299999237060547,31.3799991607666,20.698673248291016,4537600
2016-08-11,31.399999618530273,31.979999542236328,31.399999618530273,31.75,20.94272804260254,2330400
2016-08-12,31.760000228881836,31.8700008392334,31.329999923706055,31.549999237060547,20.810806274414062,2250200
2016-08-15,31.56999969482422,32.380001068115234,31.56999969482422,32.0,21.10763168334961,3627400
2016-08-16,32.0,32.75,31.899999618530273,32.459999084472656,21.41105842590332,3174100
2016-08-17,32.4900016784668,32.5099983215332,31.5,31.780000686645508,20.962520599365234,3514700
2016-08-18,31.81999969482422,32.4900016784668,31.639999389648438,32.06999969482422,21.15380859375,2352500
2016-08-19,31.90999984741211,32.720001220703125,31.90999984741211,32.33000183105469,21.325302124023438,2659100
2016-08-22,32.209999084472656,32.33000183105469,31.350000381469727,31.8700008392334,21.02188491821289,2807000
2016-08-23,32.18000030517578,32.47999954223633,31.969999313354492,32.119998931884766,21.186784744262695,2565800
2016-08-24,32.130001068115234,32.400001525878906,31.43000030517578,31.579999923706055,20.830591201782227,2772700
2016-08-25,31.40999984741211,32.25,31.40999984741211,32.04999923706055,21.140607833862305,2591600
2016-08-26,32.22999954223633,33.47999954223633,32.209999084472656,33.33000183105469,21.98491668701172,6087200
2016-08-29,33.41999816894531,33.970001220703125,33.41999816894531,33.72999954223633,22.248760223388672,3972300
2016-08-30,33.5,34.13999938964844,33.5,33.91999816894531,22.374086380004883,2928700
2016-08-31,33.599998474121094,34.13999938964844,33.31999969482422,33.7400016784668,22.255355834960938,5297500
2016-09-01,33.7599983215332,34.08000183105469,33.34000015258789,33.709999084472656,22.235565185546875,4149500
2016-09-02,33.790000915527344,34.25,33.470001220703125,33.91999816894531,22.374086380004883,2723700
2016-09-06,34.099998474121094,34.56999969482422,33.81999969482422,34.470001220703125,22.73687744140625,4357200
2016-09-07,35.560001373291016,36.650001525878906,35.279998779296875,36.5099983215332,24.082489013671875,9483800
2016-09-08,36.47999954223633,36.58000183105469,35.849998474121094,36.310001373291016,23.950563430786133,4738300
2016-09-09,36.77000045776367,37.959999084472656,35.9900016784668,36.09000015258789,23.805448532104492,7724200
2016-09-12,35.83000183105469,36.709999084472656,35.060001373291016,36.54999923706055,24.108871459960938,6149700
2016-09-13,36.04999923706055,36.5,35.470001220703125,36.13999938964844,23.838428497314453,4716900
2016-09-14,36.09000015258789,36.630001068115234,35.459999084472656,36.06999969482422,23.79226303100586,4066300
2016-09-15,36.130001068115234,36.63999938964844,36.029998779296875,36.45000076293945,24.042917251586914,4246900
2016-09-16,37.31999969482422,37.31999969482422,36.11000061035156,36.400001525878906,24.00992774963379,8966600
2016-09-19,36.279998779296875,36.5,35.5,35.95000076293945,24.13075828552246,4950100
2016-09-20,36.16999816894531,36.209999084472656,35.33000183105469,35.529998779296875,23.848834991455078,2624600
2016-09-21,35.400001525878906,36.720001220703125,35.400001525878906,36.689998626708984,24.627460479736328,3641100
2016-09-22,36.7599983215332,37.099998474121094,36.36000061035156,36.400001525878906,24.432802200317383,2585400
2016-09-23,36.16999816894531,36.849998474121094,36.16999816894531,36.459999084472656,24.47307586669922,2497600
2016-09-26,36.369998931884766,37.41999816894531,36.18000030517578,37.20000076293945,24.96979331970215,5411700
2016-09-27,37.02000045776367,38.529998779296875,37.0,38.41999816894531,25.788698196411133,6853000
2016-09-28,38.709999084472656,39.040000915527344,37.650001525878906,38.209999084472656,25.647733688354492,4971500
2016-09-29,38.119998931884766,38.86000061035156,37.40999984741211,37.790000915527344,25.365814208984375,4046500
2016-09-30,37.939998626708984,38.849998474121094,37.939998626708984,38.54999923706055,25.875953674316406,3840000
2016-10-03,38.560001373291016,39.33000183105469,38.20000076293945,38.40999984741211,25.7819881439209,3671000
2016-10-04,38.61000061035156,38.9900016784668,38.04999923706055,38.2400016784668,25.667875289916992,3593600
2016-10-05,38.38999938964844,38.90999984741211,38.029998779296875,38.540000915527344,25.869245529174805,2679700
2016-10-06,38.209999084472656,38.310001373291016,37.470001220703125,37.810001373291016,25.37925148010254,4165300
2016-10-07,37.93000030517578,38.25,37.58000183105469,37.88999938964844,25.432945251464844,3340100
2016-10-10,38.13999938964844,38.560001373291016,37.65999984741211,37.970001220703125,25.486635208129883,4466600
2016-10-11,38.220001220703125,38.220001220703125,34.83000183105469,35.099998474121094,23.560199737548828,14457900
2016-10-12,35.5099983215332,36.0,35.150001525878906,35.22999954223633,23.64746856689453,5153100
2016-10-13,34.7599983215332,35.529998779296875,33.58000183105469,35.18000030517578,23.613903045654297,7302300
2016-10-14,35.36000061035156,36.0099983215332,34.970001220703125,35.15999984741211,23.600479125976562,5413500
2016-10-17,35.22999954223633,35.56999969482422,34.650001525878906,35.0099983215332,23.499792098999023,4548300
2016-10-18,35.34000015258789,35.619998931884766,34.81999969482422,35.34000015258789,23.721302032470703,5505100
2016-10-19,34.95000076293945,35.29999923706055,33.540000915527344,34.31999969482422,23.036649703979492,10115000
2016-10-20,34.4900016784668,35.279998779296875,34.400001525878906,34.97999954223633,23.479660034179688,5159200
2016-10-21,34.79999923706055,35.0,34.130001068115234,34.5,23.157468795776367,4484100
2016-10-24,34.70000076293945,34.81999969482422,34.4900016784668,34.52000045776367,23.17089080810547,2949600
2016-10-25,35.040000915527344,35.040000915527344,34.150001525878906,34.27000045776367,23.003082275390625,4172300
2016-10-26,34.15999984741211,35.099998474121094,34.099998474121094,34.84000015258789,23.385684967041016,5638800
2016-10-27,35.349998474121094,35.779998779296875,34.209999084472656,34.2400016784668,22.98295783996582,6846000
2016-10-28,34.220001220703125,34.79999923706055,34.029998779296875,34.150001525878906,22.92254066467285,3142900
2016-10-31,34.38999938964844,34.650001525878906,34.27000045776367,34.310001373291016,23.029935836791992,3121400
2016-11-01,34.369998931884766,34.630001068115234,33.060001373291016,33.709999084472656,22.6271915435791,4147100
2016-11-02,33.66999816894531,33.849998474121094,32.619998931884766,32.650001525878906,21.915693283081055,5446200
2016-11-03,32.63999938964844,33.279998779296875,32.45000076293945,33.08000183105469,22.20431900024414,3855900
2016-11-04,32.959999084472656,33.66999816894531,32.79999923706055,33.0,22.150625228881836,3641400
2016-11-07,33.560001373291016,34.79999923706055,33.470001220703125,34.650001525878906,23.258153915405273,4564600
2016-11-08,34.43000030517578,34.77000045776367,33.86000061035156,34.4900016784668,23.1507568359375,2676800
2016-11-09,33.400001525878906,35.31999969482422,32.58000183105469,34.7599983215332,23.33199119567871,6167000
2016-11-10,35.0,36.630001068115234,34.91999816894531,36.16999816894531,24.278425216674805,6204000
2016-11-11,35.869998931884766,37.31999969482422,35.61000061035156,37.25,25.00334358215332,4736200
2016-11-14,37.150001525878906,38.439998626708984,37.150001525878906,38.0,25.506772994995117,5205800
2016-11-15,38.13999938964844,38.599998474121094,37.810001373291016,38.5099983215332,25.849103927612305,3526600
2016-11-16,38.16999816894531,38.7400016784668,38.06999969482422,38.2599983215332,25.68130111694336,2607400
2016-11-17,38.400001525878906,39.29999923706055,38.349998474121094,39.22999954223633,26.332386016845703,4720700
2016-11-18,39.20000076293945,39.47999954223633,38.5,39.290000915527344,26.37267303466797,2394400
2016-11-21,39.31999969482422,39.93000030517578,39.11000061035156,39.81999969482422,26.72842025756836,2177700
2016-11-22,39.95000076293945,40.099998474121094,38.90999984741211,38.959999084472656,26.151161193847656,4799300
2016-11-23,38.68000030517578,39.09000015258789,38.380001068115234,38.81999969482422,26.057178497314453,2805700
2016-11-25,38.900001525878906,39.2400016784668,38.45000076293945,39.06999969482422,26.224994659423828,1802300
2016-11-28,38.90999984741211,39.52000045776367,38.529998779296875,39.369998931884766,26.426359176635742,3177600
2016-11-29,39.40999984741211,40.27000045776367,39.33000183105469,39.5,26.513626098632812,3996200
2016-11-30,39.630001068115234,40.2599983215332,39.56999969482422,40.099998474121094,26.916364669799805,3961900
2016-12-01,40.72999954223633,40.970001220703125,38.029998779296875,38.11000061035156,25.58061408996582,5532700
2016-12-02,38.29999923706055,39.02000045776367,38.04999923706055,38.869998931884766,26.09075355529785,4144600
2016-12-05,37.400001525878906,39.630001068115234,37.400001525878906,39.15999984741211,26.285400390625,3813200
2016-12-06,39.029998779296875,39.4900016784668,39.0,39.150001525878906,26.27869415283203,3408900
2016-12-07,39.7599983215332,40.349998474121094,38.900001525878906,40.27000045776367,27.03048324584961,7636400
2016-12-08,40.290000915527344,40.369998931884766,39.13999938964844,39.22999954223633,26.332386016845703,3584300
2016-12-09,39.400001525878906,40.13999938964844,36.5,39.380001068115234,26.43307876586914,4125500
2016-12-12,39.369998931884766,39.38999938964844,38.439998626708984,39.16999816894531,26.292118072509766,3836400
2016-12-13,39.220001220703125,41.45000076293945,39.08000183105469,40.84000015258789,27.413068771362305,5722100
2016-12-14,40.869998931884766,40.9900016784668,40.0,40.20000076293945,26.983491897583008,4504900
2016-12-15,40.33000183105469,40.970001220703125,39.65999984741211,40.599998474121094,27.251976013183594,2927800
2016-12-16,40.86000061035156,40.869998931884766,39.0099983215332,39.099998474121094,26.245132446289062,8418500
2016-12-19,38.5,39.09000015258789,38.33000183105469,38.709999084472656,26.408863067626953,4271300
2016-12-20,38.880001068115234,39.29999923706055,38.5,38.7599983215332,26.442968368530273,3301300
2016-12-21,38.61000061035156,39.54999923706055,38.61000061035156,38.90999984741211,26.54530906677246,3136400
2016-12-22,39.27000045776367,39.63999938964844,38.75,39.02000045776367,26.620357513427734,3098800
2016-12-23,38.869998931884766,39.220001220703125,38.58000183105469,39.11000061035156,26.68175506591797,2473000
2016-12-27,39.029998779296875,39.52000045776367,39.0,39.380001068115234,26.86595916748047,1940000
2016-12-28,39.38999938964844,39.560001373291016,38.66999816894531,38.790000915527344,26.463438034057617,2592800
2016-12-29,38.790000915527344,39.13999938964844,37.83000183105469,38.02000045776367,25.938127517700195,2710800
2016-12-30,38.18000030517578,38.65999984741211,37.9900016784668,38.16999816894531,26.040462493896484,2897500
2017-01-03,38.459999084472656,40.099998474121094,38.400001525878906,39.619998931884766,27.029691696166992,5129300
2017-01-04,39.72999954223633,40.27000045776367,38.93000030517578,39.119998931884766,26.688575744628906,3842700
2017-01-05,39.06999969482422,39.22999954223633,38.56999969482422,39.04999923706055,26.640817642211914,2889500
2017-01-06,39.060001373291016,39.20000076293945,38.18000030517578,38.4900016784668,26.25878143310547,4529200
2017-01-09,38.4900016784668,38.7400016784668,38.02000045776367,38.04999923706055,25.958595275878906,3263400
2017-01-10,38.099998474121094,38.63999938964844,37.56999969482422,37.630001068115234,25.672067642211914,4266900
2017-01-11,37.599998474121094,38.060001373291016,36.220001220703125,36.869998931884766,25.1535701751709,6268100
2017-01-12,36.790000915527344,36.84000015258789,35.63999938964844,36.75,25.07171058654785,3849600
2017-01-13,36.75,37.38999938964844,36.75,36.900001525878906,25.17403793334961,2515300
2017-01-17,37.13999938964844,37.81999969482422,36.75,37.02000045776367,25.25591278076172,3291300
2017-01-18,37.11000061035156,37.47999954223633,36.75,37.2400016784668,25.405996322631836,2866800
2017-01-19,37.099998474121094,37.310001373291016,36.130001068115234,36.34000015258789,24.791994094848633,2958700
2017-01-20,36.36000061035156,37.04999923706055,36.31999969482422,36.470001220703125,24.880685806274414,3041400
2017-01-23,36.66999816894531,36.68000030517578,35.540000915527344,36.369998931884766,24.81245994567871,4955500
2017-01-24,37.86000061035156,38.0,36.599998474121094,37.439998626708984,25.542438507080078,8551300
2017-01-25,42.45000076293945,46.68000030517578,42.15999984741211,42.66999816894531,29.110464096069336,46074200
2017-01-26,42.619998931884766,44.790000915527344,42.619998931884766,43.900001525878906,29.949609756469727,14711900
2017-01-27,44.06999969482422,44.9900016784668,43.619998931884766,44.5,30.358943939208984,7679900
2017-01-30,44.400001525878906,45.209999084472656,44.11000061035156,44.900001525878906,30.631820678710938,6863600
2017-01-31,44.849998474121094,45.189998626708984,44.22999954223633,45.150001525878906,30.802385330200195,5597600
2017-02-01,45.61000061035156,45.650001525878906,44.04999923706055,44.779998779296875,30.549955368041992,5382100
2017-02-02,44.290000915527344,45.72999954223633,44.290000915527344,45.27000045776367,30.88424301147461,5447300
2017-02-03,45.310001373291016,46.36000061035156,45.29999923706055,46.290000915527344,31.58011817932129,5768000
2017-02-06,46.040000915527344,46.38999938964844,45.08000183105469,45.439998626708984,31.000225067138672,4651800
2017-02-07,45.47999954223633,46.459999084472656,45.13999938964844,46.099998474121094,31.450489044189453,4946800
2017-02-08,45.54999923706055,46.09000015258789,45.13999938964844,45.79999923706055,31.245834350585938,4852600
2017-02-09,46.45000076293945,46.630001068115234,45.75,46.369998931884766,31.63469696044922,3452400
2017-02-10,46.5099983215332,46.599998474121094,45.83000183105469,46.459999084472656,31.69609260559082,3657800
2017-02-13,46.88999938964844,48.08000183105469,46.58000183105469,47.79999923706055,32.61027145385742,5521600
2017-02-14,47.650001525878906,48.13999938964844,47.369998931884766,47.849998474121094,32.64438247680664,4105100
2017-02-15,47.93000030517578,48.529998779296875,47.5,48.150001525878906,32.84904861450195,5004200
2017-02-16,48.29999923706055,48.349998474121094,47.349998474121094,47.56999969482422,32.453365325927734,4450800
2017-02-17,47.40999984741211,47.47999954223633,46.880001068115234,47.13999938964844,32.160011291503906,3270800
2017-02-21,47.43000030517578,47.72999954223633,47.04999923706055,47.43000030517578,32.357845306396484,3217100
2017-02-22,47.400001525878906,47.5099983215332,47.189998626708984,47.349998474121094,32.30327224731445,2658400
2017-02-23,47.5,47.7400016784668,47.040000915527344,47.38999938964844,32.33056640625,4064600
2017-02-24,46.97999954223633,47.75,46.720001220703125,47.75,32.57615280151367,3172600
2017-02-27,47.220001220703125,47.810001373291016,46.88999938964844,47.689998626708984,32.535221099853516,5420600
2017-02-28,47.400001525878906,48.68000030517578,47.369998931884766,48.189998626708984,32.87632369995117,5592800
2017-03-01,48.650001525878906,49.70000076293945,48.349998474121094,49.47999954223633,33.756412506103516,4625300
2017-03-02,49.5,49.790000915527344,48.41999816894531,48.91999816894531,33.374359130859375,4130200
2017-03-03,49.02000045776367,49.650001525878906,48.75,48.959999084472656,33.401649475097656,3098600
2017-03-06,48.59000015258789,48.81999969482422,48.0,48.5099983215332,33.09465789794922,3474100
2017-03-07,48.54999923706055,48.70000076293945,47.959999084472656,48.279998779296875,32.937744140625,2285400
2017-03-08,48.220001220703125,48.75,47.959999084472656,48.11000061035156,32.8217658996582,2081000
2017-03-09,47.54999923706055,47.79999923706055,45.58000183105469,46.68000030517578,31.84618377685547,6329500
2017-03-10,47.220001220703125,47.290000915527344,46.599998474121094,47.279998779296875,32.255516052246094,3527000
2017-03-13,47.349998474121094,47.709999084472656,46.91999816894531,47.56999969482422,32.453365325927734,2949500
2017-03-14,47.2400016784668,47.36000061035156,46.0099983215332,46.70000076293945,31.859830856323242,3492600
2017-03-15,46.779998779296875,47.189998626708984,46.0099983215332,47.060001373291016,32.10543441772461,4056800
2017-03-16,47.29999923706055,47.619998931884766,46.79999923706055,47.22999954223633,32.22140121459961,3191600
2017-03-17,47.459999084472656,47.540000915527344,46.7599983215332,46.869998931884766,31.975807189941406,6829500
2017-03-20,46.2400016784668,46.790000915527344,45.790000915527344,46.08000183105469,31.865177154541016,3441500
2017-03-21,46.06999969482422,46.22999954223633,44.2599983215332,44.5099983215332,30.779483795166016,4693400
2017-03-22,44.41999816894531,45.11000061035156,43.70000076293945,45.0099983215332,31.125242233276367,4311100
2017-03-23,44.849998474121094,45.470001220703125,44.540000915527344,45.130001068115234,31.208223342895508,3662900
2017-03-24,46.439998626708984,46.68000030517578,44.869998931884766,45.2400016784668,31.284290313720703,5278200
2017-03-27,44.66999816894531,45.099998474121094,44.279998779296875,44.90999984741211,31.05609130859375,3164900
2017-03-28,44.900001525878906,45.439998626708984,44.630001068115234,45.279998779296875,31.311941146850586,3418200
2017-03-29,45.150001525878906,45.689998626708984,44.529998779296875,45.66999816894531,31.581632614135742,2608100
2017-03-30,45.560001373291016,47.38999938964844,45.400001525878906,47.119998931884766,32.5843391418457,5955200
2017-03-31,46.91999816894531,47.040000915527344,45.90999984741211,45.93000030517578,31.76144027709961,3387300
2017-04-03,45.630001068115234,46.0,44.689998626708984,45.29999923706055,31.32577896118164,6306700
2017-04-04,45.220001220703125,46.09000015258789,45.08000183105469,45.970001220703125,31.789098739624023,2353900
2017-04-05,46.34000015258789,47.20000076293945,45.880001068115234,46.0,31.80983543395996,3669900
2017-04-06,46.25,46.59000015258789,45.66999816894531,46.25,31.98271942138672,2958200
2017-04-07,46.2599983215332,46.970001220703125,45.689998626708984,46.849998474121094,32.39763641357422,3589300
2017-04-10,47.15999984741211,48.27000045776367,47.130001068115234,47.599998474121094,32.91627502441406,5389100
2017-04-11,48.5,49.470001220703125,47.560001373291016,49.09000015258789,33.946624755859375,7672400
2017-04-12,49.0099983215332,49.09000015258789,47.709999084472656,48.34000015258789,33.42798614501953,4226700
2017-04-13,48.099998474121094,48.81999969482422,47.84000015258789,48.16999816894531,33.31043243408203,3791200
2017-04-17,48.36000061035156,48.790000915527344,47.970001220703125,48.4900016784668,33.53171920776367,2973900
2017-04-18,48.189998626708984,48.599998474121094,47.83000183105469,48.540000915527344,33.56630325317383,3322900
2017-04-19,48.540000915527344,49.189998626708984,48.439998626708984,48.560001373291016,33.58012390136719,2957000
2017-04-20,47.880001068115234,48.689998626708984,47.220001220703125,48.54999923706055,33.57320785522461,5842400
2017-04-21,48.52000045776367,48.709999084472656,47.88999938964844,48.2599983215332,33.3726692199707,3359400
2017-04-24,49.08000183105469,49.68000030517578,48.72999954223633,49.41999816894531,34.17483901977539,4584600
2017-04-25,49.810001373291016,50.959999084472656,49.529998779296875,50.5099983215332,34.9285774230957,7791500
2017-04-26,44.61000061035156,44.86000061035156,41.7599983215332,42.0099983215332,29.05068588256836,34476600
2017-04-27,42.16999816894531,43.0,41.790000915527344,42.29999923706055,29.251218795776367,9673200
2017-04-28,42.709999084472656,42.72999954223633,41.20000076293945,42.130001068115234,29.133668899536133,8613100
2017-05-01,42.08000183105469,42.29999923706055,41.72999954223633,42.18000030517578,29.168245315551758,7376800
2017-05-02,42.22999954223633,42.459999084472656,41.970001220703125,42.439998626708984,29.34803581237793,6508900
2017-05-03,42.31999969482422,42.720001220703125,42.08000183105469,42.5099983215332,29.39644432067871,5381400
2017-05-04,42.58000183105469,42.70000076293945,42.349998474121094,42.58000183105469,29.444847106933594,4947000
2017-05-05,42.34000015258789,43.560001373291016,42.150001525878906,43.54999923706055,30.115625381469727,4885400
2017-05-08,43.61000061035156,43.619998931884766,42.75,42.869998931884766,29.64539337158203,3001400
2017-05-09,42.869998931884766,43.099998474121094,42.4900016784668,42.83000183105469,29.61773681640625,2798000
2017-05-10,42.900001525878906,43.20000076293945,42.779998779296875,43.11000061035156,29.811357498168945,3493500
2017-05-11,43.0099983215332,43.16999816894531,42.43000030517578,42.47999954223633,29.37569808959961,5224800
2017-05-12,42.47999954223633,43.06999969482422,42.27000045776367,43.040000915527344,29.762943267822266,3544700
2017-05-15,43.15999984741211,43.56999969482422,42.9900016784668,43.47999954223633,30.067216873168945,4448700
2017-05-16,43.66999816894531,44.060001373291016,43.400001525878906,44.0,30.426801681518555,4080500
2017-05-17,43.459999084472656,43.630001068115234,42.119998931884766,42.15999984741211,29.154415130615234,5852800
2017-05-18,42.65999984741211,42.65999984741211,41.66999816894531,42.25,29.21665382385254,4102000
2017-05-19,42.380001068115234,42.779998779296875,42.36000061035156,42.5099983215332,29.39644432067871,3272100
2017-05-22,42.84000015258789,43.15999984741211,42.220001220703125,42.77000045776367,29.576236724853516,2506200
2017-05-23,43.099998474121094,43.16999816894531,42.45000076293945,42.630001068115234,29.47941780090332,2702300
2017-05-24,43.04999923706055,43.20000076293945,42.59000015258789,42.72999954223633,29.548572540283203,2385100
2017-05-25,42.880001068115234,43.41999816894531,42.47999954223633,43.11000061035156,29.811357498168945,2951200
2017-05-26,42.66999816894531,43.0,42.20000076293945,42.529998779296875,29.4102783203125,3272100
2017-05-30,42.209999084472656,43.54999923706055,42.209999084472656,43.2400016784668,29.9012508392334,3566900
2017-05-31,43.38999938964844,43.56999969482422,42.86000061035156,43.56999969482422,30.12945556640625,4522300
2017-06-01,43.560001373291016,43.560001373291016,42.630001068115234,42.880001068115234,29.65230941772461,3492900
2017-06-02,42.959999084472656,43.349998474121094,42.90999984741211,43.220001220703125,29.88743019104004,2682400
2017-06-05,42.86000061035156,42.9900016784668,42.060001373291016,42.08000183105469,29.09909439086914,3322200
2017-06-06,42.0,42.349998474121094,41.59000015258789,41.88999938964844,28.967702865600586,3406600
2017-06-07,42.09000015258789,42.560001373291016,41.77000045776367,41.939998626708984,29.002286911010742,2397400
2017-06-08,42.04999923706055,42.81999969482422,41.58000183105469,42.77000045776367,29.576236724853516,3210600
2017-06-09,42.86000061035156,43.529998779296875,41.599998474121094,42.369998931884766,29.299619674682617,4759000
2017-06-12,41.75,41.939998626708984,40.31999969482422,41.540000915527344,28.725677490234375,6519300
2017-06-13,41.9900016784668,42.400001525878906,41.779998779296875,42.029998779296875,29.06450653076172,3981100
2017-06-14,42.22999954223633,42.22999954223633,40.810001373291016,41.279998779296875,28.545879364013672,3917200
2017-06-15,40.45000076293945,41.650001525878906,40.400001525878906,41.52000045776367,28.711835861206055,3694900
2017-06-16,41.400001525878906,42.099998474121094,41.33000183105469,42.029998779296875,29.06450653076172,7267700
2017-06-19,41.650001525878906,42.150001525878906,41.54999923706055,41.83000183105469,29.366384506225586,3068300
2017-06-20,41.68000030517578,41.7400016784668,41.029998779296875,41.040000915527344,28.811777114868164,3294500
2017-06-21,41.189998626708984,41.869998931884766,41.08000183105469,41.65999984741211,29.247053146362305,2799300
2017-06-22,41.959999084472656,42.22999954223633,41.59000015258789,42.0099983215332,29.492753982543945,2443800
2017-06-23,42.0099983215332,43.25,41.939998626708984,42.66999816894531,29.956100463867188,3597000
2017-06-26,42.95000076293945,43.27000045776367,42.2400016784668,42.38999938964844,29.759540557861328,3631500
2017-06-27,41.099998474121094,41.20000076293945,39.5099983215332,39.5099983215332,27.737653732299805,9008700
2017-06-28,40.0,40.29999923706055,39.439998626708984,40.18000030517578,28.208026885986328,4744000
2017-06-29,39.84000015258789,39.91999816894531,38.279998779296875,38.90999984741211,27.316425323486328,6082400
2017-06-30,39.400001525878906,39.45000076293945,38.5099983215332,38.75,27.2041072845459,3872600
2017-07-03,38.91999816894531,39.27000045776367,38.56999969482422,38.59000015258789,27.091781616210938,1975100
2017-07-05,38.79999923706055,39.13999938964844,38.15999984741211,39.02000045776367,27.393661499023438,5116900
2017-07-06,38.279998779296875,38.439998626708984,36.939998626708984,37.290000915527344,26.17912483215332,9051800
2017-07-07,37.47999954223633,38.689998626708984,37.220001220703125,38.20000076293945,26.817981719970703,5852100
2017-07-10,38.13999938964844,38.599998474121094,37.880001068115234,38.38999938964844,26.95136833190918,3632000
2017-07-11,38.369998931884766,39.15999984741211,38.369998931884766,38.720001220703125,27.18304443359375,3751200
2017-07-12,39.33000183105469,40.16999816894531,39.150001525878906,39.70000076293945,27.871044158935547,4980200
2017-07-13,37.619998931884766,39.0099983215332,37.31999969482422,38.31999969482422,26.902233123779297,11523700
2017-07-14,38.400001525878906,39.689998626708984,38.380001068115234,39.5,27.73063087463379,5357200
2017-07-17,39.0,39.25,38.560001373291016,39.06999969482422,27.428760528564453,3813400
2017-07-18,39.060001373291016,39.060001373291016,38.29999923706055,38.83000183105469,27.260269165039062,3497300
2017-07-19,39.0,39.439998626708984,38.93000030517578,39.2400016784668,27.548099517822266,4143900
2017-07-20,39.2400016784668,39.599998474121094,38.869998931884766,39.41999816894531,27.674474716186523,2778800
2017-07-21,39.47999954223633,39.720001220703125,39.08000183105469,39.58000183105469,27.78679847717285,3256600
2017-07-24,39.630001068115234,40.130001068115234,39.22999954223633,39.7599983215332,27.913158416748047,6279100
2017-07-25,32.33000183105469,34.130001068115234,31.8799991607666,33.20000076293945,23.307775497436523,35475700
2017-07-26,33.349998474121094,33.41999816894531,32.08000183105469,32.34000015258789,22.704023361206055,12637600
2017-07-27,32.5,33.029998779296875,32.099998474121094,32.560001373291016,22.85846519470215,7709600
2017-07-28,32.29999923706055,32.619998931884766,31.8799991607666,32.61000061035156,22.89357566833496,7865500
2017-07-31,32.72999954223633,33.13999938964844,32.47999954223633,32.959999084472656,23.139286041259766,7171700
2017-08-01,33.04999923706055,33.5099983215332,32.900001525878906,33.369998931884766,23.4271240234375,6029200
2017-08-02,33.459999084472656,33.470001220703125,33.029998779296875,33.41999816894531,23.462230682373047,5838400
2017-08-03,33.5099983215332,33.77000045776367,33.2599983215332,33.56999969482422,23.567529678344727,4934900
2017-08-04,33.709999084472656,34.029998779296875,33.36000061035156,33.43000030517578,23.46925163269043,6768000
2017-08-07,33.400001525878906,33.65999984741211,33.2400016784668,33.47999954223633,23.504348754882812,5520700
2017-08-08,33.38999938964844,33.619998931884766,32.970001220703125,32.9900016784668,23.16034698486328,5981500
2017-08-09,32.7400016784668,32.9900016784668,32.470001220703125,32.599998474121094,22.886550903320312,4285900
2017-08-10,32.36000061035156,32.52000045776367,31.510000228881836,31.549999237060547,22.14940643310547,6368500
2017-08-11,32.25,33.25,31.969999313354492,32.290000915527344,22.668920516967773,5647200
2017-08-14,32.650001525878906,33.15999984741211,32.540000915527344,32.54999923706055,22.85144805908203,4163000
2017-08-15,32.59000015258789,32.66999816894531,32.2599983215332,32.279998779296875,22.661897659301758,2938600
2017-08-16,32.34000015258789,32.5099983215332,32.18000030517578,32.47999954223633,22.802303314208984,2533500
2017-08-17,32.29999923706055,32.599998474121094,31.469999313354492,31.510000228881836,22.121326446533203,3483100
2017-08-18,31.579999923706055,31.739999771118164,31.040000915527344,31.3700008392334,22.023038864135742,2901000
2017-08-21,31.469999313354492,31.540000915527344,31.139999389648438,31.459999084472656,22.086219787597656,3141400
2017-08-22,31.670000076293945,32.380001068115234,31.559999465942383,32.290000915527344,22.668920516967773,2639500
2017-08-23,31.1200008392334,31.360000610351562,30.600000381469727,31.010000228881836,21.770307540893555,7757300
2017-08-24,31.110000610351562,31.43000030517578,30.950000762939453,31.020000457763672,21.777320861816406,4542600
2017-08-25,31.06999969482422,31.399999618530273,30.850000381469727,31.25,21.93878746032715,3504800
2017-08-28,31.34000015258789,31.700000762939453,31.1200008392334,31.489999771118164,22.107282638549805,2856300
2017-08-29,31.200000762939453,31.549999237060547,30.950000762939453,31.450000762939453,22.07920265197754,3357200
2017-08-30,31.360000610351562,31.579999923706055,30.90999984741211,31.5,22.11430549621582,3807000
2017-08-31,31.799999237060547,31.799999237060547,31.260000228881836,31.530000686645508,22.135366439819336,4289300
2017-09-01,31.59000015258789,32.02000045776367,31.549999237060547,31.799999237060547,22.324918746948242,2115300
2017-09-05,31.84000015258789,33.349998474121094,31.829999923706055,32.75,22.991857528686523,8454400
2017-09-06,32.849998474121094,33.310001373291016,32.650001525878906,32.790000915527344,23.019941329956055,5927700
2017-09-07,32.93000030517578,32.97999954223633,31.889999389648438,32.34000015258789,22.704023361206055,4284300
2017-09-08,32.310001373291016,32.310001373291016,31.899999618530273,31.989999771118164,22.45830726623535,3562500
2017-09-11,31.270000457763672,31.790000915527344,30.889999389648438,30.950000762939453,21.728187561035156,6630300
2017-09-12,31.0,32.0,30.959999084472656,31.889999389648438,22.388099670410156,5159400
2017-09-13,32.119998931884766,32.849998474121094,31.940000534057617,32.779998779296875,23.01291847229004,5299700
2017-09-14,32.5099983215332,32.790000915527344,32.349998474121094,32.650001525878906,22.921653747558594,3368200
2017-09-15,32.65999984741211,33.63999938964844,32.400001525878906,33.54999923706055,23.553491592407227,9565600
2017-09-18,33.75,33.91999816894531,32.310001373291016,33.52000045776367,23.53243064880371,8551000
2017-09-19,32.75,32.91999816894531,31.700000762939453,32.18000030517578,23.024433135986328,7963200
2017-09-20,32.189998626708984,32.68000030517578,31.969999313354492,32.380001068115234,23.16753578186035,4594000
2017-09-21,32.380001068115234,33.04999923706055,32.04999923706055,32.720001220703125,23.410795211791992,4696900
2017-09-22,32.66999816894531,33.650001525878906,32.560001373291016,33.56999969482422,24.018962860107422,4397600
2017-09-25,33.41999816894531,33.70000076293945,32.970001220703125,33.15999984741211,23.72560691833496,3625700
2017-09-26,33.18000030517578,33.5,32.79999923706055,32.869998931884766,23.518117904663086,3423900
2017-09-27,33.02000045776367,33.470001220703125,32.59000015258789,33.18000030517578,23.73992156982422,3785400
2017-09-28,33.25,33.369998931884766,32.40999984741211,32.97999954223633,23.596818923950195,4585600
2017-09-29,32.9900016784668,33.22999954223633,32.75,33.16999816894531,23.732765197753906,2524400
2017-10-02,33.63999938964844,34.47999954223633,33.540000915527344,34.20000076293945,24.469715118408203,7402300
2017-10-03,34.20000076293945,34.25,33.529998779296875,34.04999923706055,24.362394332885742,3755400
2017-10-04,34.040000915527344,34.2599983215332,33.86000061035156,33.97999954223633,24.312307357788086,3067400
2017-10-05,34.08000183105469,34.279998779296875,33.7599983215332,34.099998474121094,24.398170471191406,3210800
2017-10-06,33.86000061035156,34.130001068115234,33.5099983215332,33.790000915527344,24.176374435424805,3555600
2017-10-09,34.029998779296875,34.81999969482422,33.84000015258789,33.849998474121094,24.219301223754883,3678900
2017-10-10,34.2400016784668,34.349998474121094,33.36000061035156,33.75,24.147750854492188,5237500
2017-10-11,33.58000183105469,34.099998474121094,33.400001525878906,33.5,23.968889236450195,3610700
2017-10-12,33.400001525878906,33.77000045776367,33.220001220703125,33.619998931884766,24.054738998413086,5111100
2017-10-13,33.86000061035156,34.560001373291016,33.65999984741211,34.400001525878906,24.61281394958496,4178500
2017-10-16,34.459999084472656,34.54999923706055,34.09000015258789,34.4900016784668,24.677213668823242,4041500
2017-10-17,34.040000915527344,34.189998626708984,33.150001525878906,33.959999084472656,24.297996520996094,5936500
2017-10-18,34.11000061035156,34.33000183105469,34.02000045776367,34.2599983215332,24.51264762878418,3732200
2017-10-19,33.91999816894531,34.349998474121094,33.849998474121094,34.34000015258789,24.56989097595215,4362900
2017-10-20,34.54999923706055,35.279998779296875,34.40999984741211,34.939998626708984,24.99917984008789,8315300
2017-10-23,39.650001525878906,40.900001525878906,37.63999938964844,39.349998474121094,28.154491424560547,33601200
2017-10-24,39.5,40.34000015258789,38.5099983215332,38.84000015258789,27.789587020874023,12140500
2017-10-25,38.470001220703125,38.68000030517578,37.5,38.150001525878906,27.2958984375,7430700
2017-10-26,38.310001373291016,38.619998931884766,37.56999969482422,38.18000030517578,27.317367553710938,4276300
2017-10-27,38.2599983215332,38.2599983215332,36.849998474121094,36.900001525878906,26.40153694152832,5297400
2017-10-30,36.95000076293945,36.97999954223633,36.119998931884766,36.68000030517578,26.244129180908203,5870300
2017-10-31,36.81999969482422,37.72999954223633,36.56999969482422,36.970001220703125,26.45162582397461,4432600
2017-11-01,37.380001068115234,37.630001068115234,36.65999984741211,36.959999084472656,26.444467544555664,2784300
2017-11-02,36.970001220703125,37.0,36.380001068115234,36.77000045776367,26.308521270751953,2745200
2017-11-03,36.599998474121094,36.97999954223633,36.15999984741211,36.33000183105469,25.99371337890625,2280100
2017-11-06,36.279998779296875,37.529998779296875,36.06999969482422,37.459999084472656,26.80220603942871,3186100
2017-11-07,37.43000030517578,37.4900016784668,36.84000015258789,37.119998931884766,26.558940887451172,2842300
2017-11-08,37.040000915527344,38.20000076293945,36.72999954223633,37.709999084472656,26.9810848236084,4241200
2017-11-09,37.130001068115234,38.130001068115234,37.130001068115234,37.40999984741211,26.76643943786621,4349600
2017-11-10,37.20000076293945,38.08000183105469,37.20000076293945,37.9900016784668,27.18141746520996,3011500
2017-11-13,37.900001525878906,37.939998626708984,37.31999969482422,37.65999984741211,26.945310592651367,2305600
2017-11-14,37.619998931884766,37.93000030517578,37.33000183105469,37.4900016784668,26.823680877685547,2598800
2017-11-15,37.34000015258789,37.849998474121094,37.2400016784668,37.810001373291016,27.052637100219727,3497300
2017-11-16,37.959999084472656,39.279998779296875,37.93000030517578,39.119998931884766,27.98992347717285,5258400
2017-11-17,39.2400016784668,39.599998474121094,38.779998779296875,39.41999816894531,28.20456886291504,3154700
2017-11-20,39.34000015258789,40.06999969482422,39.08000183105469,39.849998474121094,28.512235641479492,3993100
2017-11-21,40.04999923706055,40.63999938964844,39.959999084472656,40.13999938964844,28.719722747802734,3848100
2017-11-22,40.02000045776367,40.470001220703125,39.81999969482422,40.33000183105469,28.85567283630371,2364900
2017-11-24,40.36000061035156,40.54999923706055,39.970001220703125,40.290000915527344,28.827049255371094,1340100
2017-11-27,39.470001220703125,39.70000076293945,38.560001373291016,39.08000183105469,27.96131134033203,5631700
2017-11-28,39.380001068115234,40.04999923706055,38.959999084472656,39.97999954223633,28.60524559020996,3809300
2017-11-29,39.95000076293945,40.5,38.65999984741211,38.75,27.725200653076172,6069800
2017-11-30,38.9900016784668,39.15999984741211,38.209999084472656,38.560001373291016,27.58925437927246,6782500
2017-12-01,38.310001373291016,39.279998779296875,37.25,39.11000061035156,27.982772827148438,5125100
2017-12-04,39.7599983215332,40.02000045776367,38.779998779296875,39.20000076293945,28.047168731689453,4592200
2017-12-05,39.52000045776367,39.95000076293945,39.040000915527344,39.130001068115234,27.997081756591797,3945600
2017-12-06,39.16999816894531,39.310001373291016,38.560001373291016,39.18000030517578,28.032855987548828,2520300
2017-12-07,39.15999984741211,40.099998474121094,38.97999954223633,39.58000183105469,28.319049835205078,3725000
2017-12-08,39.83000183105469,40.619998931884766,39.58000183105469,40.4900016784668,28.97014045715332,5502100
2017-12-11,40.349998474121094,41.130001068115234,40.16999816894531,40.470001220703125,28.955835342407227,3740700
2017-12-12,40.66999816894531,42.56999969482422,40.599998474121094,42.119998931884766,30.13639259338379,6354900
2017-12-13,42.369998931884766,42.650001525878906,41.939998626708984,42.08000183105469,30.107770919799805,4509100
2017-12-14,42.209999084472656,42.290000915527344,41.84000015258789,41.939998626708984,30.007600784301758,3301600
2017-12-15,42.20000076293945,42.209999084472656,41.40999984741211,42.02000045776367,30.06484603881836,6241800
2017-12-18,42.36000061035156,43.06999969482422,42.22999954223633,42.9900016784668,30.758867263793945,4628900
2017-12-19,42.209999084472656,42.72999954223633,41.939998626708984,42.18000030517578,30.628164291381836,4553200
2017-12-20,42.439998626708984,42.5,41.36000061035156,41.529998779296875,30.15617561340332,3321900
2017-12-21,41.720001220703125,42.529998779296875,41.59000015258789,41.959999084472656,30.468421936035156,3425300
2017-12-22,41.93000030517578,42.38999938964844,41.900001525878906,42.16999816894531,30.62090492248535,1713300
2017-12-26,41.9900016784668,42.70000076293945,41.709999084472656,42.13999938964844,30.59910774230957,2968800
2017-12-27,42.2400016784668,42.4900016784668,41.72999954223633,42.11000061035156,30.577333450317383,1934600
2017-12-28,42.189998626708984,42.2599983215332,41.7400016784668,42.02000045776367,30.51198959350586,1368800
2017-12-29,42.0099983215332,42.349998474121094,41.84000015258789,41.84000015258789,30.38127326965332,1866400
2018-01-02,42.349998474121094,43.13999938964844,41.90999984741211,42.93000030517578,31.17275619506836,2888400
2018-01-03,42.93000030517578,43.150001525878906,42.47999954223633,42.849998474121094,31.11466407775879,3446100
2018-01-04,42.869998931884766,43.22999954223633,41.970001220703125,42.63999938964844,30.962190628051758,2825000
2018-01-05,42.84000015258789,42.9900016784668,42.439998626708984,42.939998626708984,31.180025100708008,2183200
2018-01-08,48.779998779296875,49.70000076293945,45.619998931884766,46.0,33.401981353759766,23460800
2018-01-09,46.47999954223633,47.290000915527344,46.040000915527344,46.38999938964844,33.685176849365234,10500200
2018-01-10,46.15999984741211,47.27000045776367,45.810001373291016,47.06999969482422,34.1789436340332,3808800
2018-01-11,47.36000061035156,49.04999923706055,47.11000061035156,49.0099983215332,35.587623596191406,6246600
2018-01-12,49.119998931884766,51.880001068115234,49.11000061035156,51.2599983215332,37.2214241027832,7747400
2018-01-16,50.77000045776367,52.34000015258789,50.41999816894531,51.5099983215332,37.402950286865234,6885300
2018-01-17,51.27000045776367,52.41999816894531,50.88999938964844,52.13999938964844,37.86042022705078,4113600
2018-01-18,52.20000076293945,52.290000915527344,51.619998931884766,52.0099983215332,37.766021728515625,3981600
2018-01-19,52.13999938964844,52.77000045776367,51.7400016784668,52.619998931884766,38.20896530151367,3871200
2018-01-22,52.4900016784668,53.25,52.040000915527344,53.15999984741211,38.601070404052734,3591700
2018-01-23,53.18000030517578,54.119998931884766,52.93000030517578,54.060001373291016,39.25458526611328,3192200
2018-01-24,54.040000915527344,54.08000183105469,52.29999923706055,52.970001220703125,38.46310043334961,5551500
2018-01-25,53.459999084472656,53.79999923706055,52.66999816894531,53.16999816894531,38.60832977294922,3618300
2018-01-26,53.5099983215332,55.0,53.439998626708984,54.939998626708984,39.89358139038086,7318600
2018-01-29,54.0,55.619998931884766,53.5099983215332,55.11000061035156,40.01702880859375,8941000
2018-01-30,54.0,55.0099983215332,53.150001525878906,54.97999954223633,39.922630310058594,7756300
2018-01-31,55.150001525878906,56.45000076293945,55.06999969482422,55.20000076293945,40.082374572753906,5110200
2018-02-01,54.720001220703125,55.529998779296875,53.79999923706055,54.439998626708984,39.5305290222168,5356400
2018-02-02,53.9900016784668,54.0,51.380001068115234,51.77000045776367,37.59175109863281,6567200
2018-02-05,51.2599983215332,52.41999816894531,49.5099983215332,49.650001525878906,36.0523567199707,7359000
2018-02-06,48.08000183105469,49.45000076293945,47.20000076293945,48.68000030517578,35.347999572753906,9556600
2018-02-07,49.20000076293945,50.61000061035156,48.790000915527344,49.54999923706055,35.979736328125,6042700
2018-02-08,49.459999084472656,49.65999984741211,47.43000030517578,47.439998626708984,34.44760513305664,4587900
2018-02-09,48.04999923706055,48.5,46.119998931884766,47.81999969482422,34.72353744506836,5633200
2018-02-12,48.150001525878906,49.5099983215332,48.150001525878906,49.16999816894531,35.703800201416016,3380100
2018-02-13,49.31999969482422,49.88999938964844,48.81999969482422,49.630001068115234,36.03783416748047,2919500
2018-02-14,49.02000045776367,51.72999954223633,49.02000045776367,51.369998931884766,37.30129623413086,3675000
2018-02-15,51.869998931884766,52.15999984741211,50.54999923706055,51.52000045776367,37.410221099853516,3207600
2018-02-16,51.459999084472656,51.93000030517578,51.099998474121094,51.41999816894531,37.33759307861328,2738000
2018-02-20,51.2599983215332,52.400001525878906,50.95000076293945,52.119998931884766,37.84589767456055,2635600
2018-02-21,52.20000076293945,52.77000045776367,51.380001068115234,51.439998626708984,37.35212326049805,2345400
2018-02-22,51.59000015258789,52.16999816894531,51.15999984741211,51.36000061035156,37.29404067993164,2121200
2018-02-23,51.880001068115234,53.58000183105469,51.689998626708984,53.290000915527344,38.69546890258789,3214500
2018-02-26,53.470001220703125,53.59000015258789,52.349998474121094,53.54999923706055,38.8842658996582,2972000
2018-02-27,53.61000061035156,54.09000015258789,52.38999938964844,52.869998931884766,38.39048767089844,3662500
2018-02-28,52.849998474121094,54.540000915527344,52.810001373291016,53.400001525878906,38.77534484863281,4306400
2018-03-01,53.81999969482422,55.119998931884766,53.310001373291016,54.0,39.211021423339844,5929200
2018-03-02,53.380001068115234,54.27000045776367,52.709999084472656,54.119998931884766,39.29814529418945,3142400
2018-03-05,53.54999923706055,55.459999084472656,53.5099983215332,55.13999938964844,40.03880310058594,4328400
2018-03-06,55.5,56.34000015258789,55.20000076293945,56.22999954223633,40.83029556274414,3797500
2018-03-07,55.77000045776367,56.650001525878906,55.529998779296875,56.29999923706055,40.88111114501953,3224900
2018-03-08,57.0,59.47999954223633,56.880001068115234,58.880001068115234,42.754539489746094,8549200
2018-03-09,59.31999969482422,60.630001068115234,59.150001525878906,60.189998626708984,43.705772399902344,4783800
2018-03-12,60.150001525878906,60.470001220703125,59.7400016784668,60.209999084472656,43.72028350830078,3245900
2018-03-13,60.150001525878906,60.470001220703125,59.470001220703125,59.68000030517578,43.3354377746582,4374700
2018-03-14,59.970001220703125,61.0099983215332,59.2599983215332,59.93000030517578,43.5169792175293,4136200
2018-03-15,60.22999954223633,60.290000915527344,59.15999984741211,59.56999969482422,43.25556182861328,2882000
2018-03-16,59.540000915527344,60.52000045776367,59.40999984741211,60.09000015258789,43.63315200805664,7073300
2018-03-19,59.849998474121094,60.720001220703125,59.599998474121094,60.400001525878906,43.858245849609375,6849400
2018-03-20,60.130001068115234,60.84000015258789,59.880001068115234,59.90999984741211,43.96098709106445,4445000
2018-03-21,59.900001525878906,60.720001220703125,59.349998474121094,59.900001525878906,43.953651428222656,3421100
2018-03-22,59.150001525878906,59.83000183105469,58.459999084472656,59.040000915527344,43.322593688964844,4309900
2018-03-23,58.41999816894531,58.4900016784668,56.2599983215332,56.279998779296875,41.29732894897461,5264100
2018-03-26,57.47999954223633,58.36000061035156,56.720001220703125,58.130001068115234,42.65484619140625,4736400
2018-03-27,58.779998779296875,59.5,56.97999954223633,57.369998931884766,42.09717559814453,4105000
2018-03-28,57.290000915527344,58.02000045776367,56.119998931884766,56.88999938964844,41.744956970214844,3804500
2018-03-29,57.33000183105469,58.79999923706055,56.77000045776367,58.52000045776367,42.94102096557617,4278400
2018-04-02,59.0,60.06999969482422,57.220001220703125,57.75,42.37601852416992,5554100
2018-04-03,57.970001220703125,58.41999816894531,57.060001373291016,58.29999923706055,42.77959060668945,3257400
2018-04-04,56.209999084472656,59.08000183105469,56.20000076293945,58.93000030517578,43.24188232421875,4112200
2018-04-05,59.439998626708984,59.56999969482422,58.0,58.25,42.74290084838867,2686900
2018-04-06,57.720001220703125,58.220001220703125,56.06999969482422,56.619998931884766,41.54682922363281,3101000
2018-04-09,57.02000045776367,57.65999984741211,56.2599983215332,56.290000915527344,41.30467987060547,3158500
2018-04-10,59.33000183105469,61.310001373291016,59.20000076293945,59.349998474121094,43.5500602722168,9450100
2018-04-11,59.0099983215332,59.720001220703125,58.369998931884766,58.560001373291016,42.970375061035156,3557300
2018-04-12,58.95000076293945,60.22999954223633,58.880001068115234,59.869998931884766,43.93162155151367,2668200
2018-04-13,60.25,61.119998931884766,60.119998931884766,60.61000061035156,44.47462463378906,3350900
2018-04-16,60.88999938964844,61.400001525878906,60.290000915527344,61.150001525878906,44.87086868286133,2073600
2018-04-17,61.56999969482422,62.70000076293945,61.45000076293945,61.88999938964844,45.41386795043945,2969200
2018-04-18,61.959999084472656,62.470001220703125,60.79999923706055,62.11000061035156,45.57530212402344,2945600
2018-04-19,61.5,62.130001068115234,59.810001373291016,59.900001525878906,43.953651428222656,4247900
2018-04-20,60.040000915527344,60.58000183105469,59.34000015258789,59.63999938964844,43.76285934448242,2410300
2018-04-23,59.79999923706055,59.91999816894531,57.86000061035156,58.220001220703125,42.72088623046875,2863200
2018-04-24,58.7599983215332,59.310001373291016,57.720001220703125,58.27000045776367,42.757572174072266,3592200
2018-04-25,58.41999816894531,58.959999084472656,57.189998626708984,58.29999923706055,42.77959060668945,2128400
2018-04-26,58.7599983215332,59.540000915527344,58.43000030517578,59.34000015258789,43.54271697998047,2276900
2018-04-27,59.7400016784668,60.349998474121094,58.45000076293945,59.52000045776367,43.6748046875,3418000
2018-04-30,59.619998931884766,59.95000076293945,57.869998931884766,57.88999938964844,42.478729248046875,4985700
2018-05-01,51.90999984741211,54.38999938964844,49.08000183105469,54.209999084472656,39.778419494628906,15641500
2018-05-02,52.209999084472656,55.0,52.09000015258789,54.70000076293945,40.137969970703125,7818800
2018-05-03,54.47999954223633,55.11000061035156,54.189998626708984,54.970001220703125,40.336082458496094,4095300
2018-05-04,54.7599983215332,55.959999084472656,54.68000030517578,55.68000030517578,40.85708236694336,2533600
2018-05-07,55.72999954223633,56.33000183105469,55.400001525878906,55.95000076293945,41.05519485473633,4219700
2018-05-08,55.630001068115234,56.630001068115234,55.5,56.4900016784668,41.451446533203125,3097200
2018-05-09,56.849998474121094,57.38999938964844,56.349998474121094,57.22999954223633,41.99443817138672,2359100
2018-05-10,57.810001373291016,58.5099983215332,57.099998474121094,57.27000045776367,42.0237922668457,3469200
2018-05-11,57.400001525878906,57.779998779296875,56.630001068115234,56.709999084472656,41.612876892089844,2462000
2018-05-14,57.189998626708984,58.11000061035156,56.95000076293945,57.06999969482422,41.877037048339844,2147900
2018-05-15,56.77000045776367,57.91999816894531,56.540000915527344,57.77000045776367,42.39068603515625,2679300
2018-05-16,57.849998474121094,59.4900016784668,57.83000183105469,59.369998931884766,43.56474304199219,2741200
2018-05-17,59.11000061035156,60.0099983215332,58.790000915527344,59.02000045776367,43.30791091918945,2138000
2018-05-18,59.029998779296875,59.540000915527344,56.02000045776367,56.310001373291016,41.319366455078125,4302200
2018-05-21,57.29999923706055,57.79999923706055,56.790000915527344,57.25,42.00910949707031,2600600
2018-05-22,57.47999954223633,58.45000076293945,57.459999084472656,58.0099983215332,42.566795349121094,2599600
2018-05-23,57.689998626708984,58.290000915527344,57.33000183105469,58.279998779296875,42.76491928100586,1976800
2018-05-24,58.25,58.650001525878906,57.439998626708984,58.279998779296875,42.76491928100586,2146200
2018-05-25,58.400001525878906,59.20000076293945,57.33000183105469,57.470001220703125,42.17055130004883,2021700
2018-05-29,57.02000045776367,58.040000915527344,56.970001220703125,57.25,42.00910949707031,2617700
2018-05-30,57.7400016784668,59.060001373291016,57.40999984741211,58.029998779296875,42.58146667480469,2620600
2018-05-31,58.060001373291016,58.56999969482422,56.150001525878906,56.349998474121094,41.34870147705078,4473100
2018-06-01,56.599998474121094,57.959999084472656,56.369998931884766,57.900001525878906,42.486083984375,2874400
2018-06-04,58.0,58.02000045776367,56.47999954223633,57.470001220703125,42.17055130004883,2637800
2018-06-05,58.02000045776367,59.25,57.91999816894531,59.18000030517578,43.425315856933594,3480800
2018-06-06,59.70000076293945,59.84000015258789,58.58000183105469,58.66999816894531,43.051082611083984,3192400
2018-06-07,58.599998474121094,58.7400016784668,54.220001220703125,55.22999954223633,40.52687454223633,8569800
2018-06-08,55.0,56.36000061035156,54.900001525878906,55.97999954223633,41.07721710205078,3560600
2018-06-11,56.38999938964844,58.31999969482422,56.189998626708984,57.939998626708984,42.51541519165039,3551500
2018-06-12,58.0,58.0,55.970001220703125,57.099998474121094,41.89905548095703,3053200
2018-06-13,57.15999984741211,57.689998626708984,56.84000015258789,56.95000076293945,41.78898620605469,2606000
2018-06-14,57.27000045776367,59.2400016784668,56.970001220703125,59.08000183105469,43.35194396972656,3876600
2018-06-15,58.66999816894531,58.66999816894531,57.400001525878906,58.43000030517578,42.87498474121094,4056600
2018-06-18,58.0099983215332,59.150001525878906,57.310001373291016,58.97999954223633,43.278564453125,2771900
2018-06-19,57.400001525878906,58.060001373291016,56.619998931884766,57.95000076293945,42.98188400268555,2483600
2018-06-20,58.13999938964844,58.470001220703125,57.79999923706055,58.08000183105469,43.078304290771484,2033600
2018-06-21,58.16999816894531,59.93000030517578,57.83000183105469,58.439998626708984,43.34532165527344,2705200
2018-06-22,58.849998474121094,59.15999984741211,58.150001525878906,58.220001220703125,43.1821403503418,1959000
2018-06-25,57.75,57.900001525878906,55.459999084472656,55.83000183105469,41.40945816040039,2460000
2018-06-26,56.33000183105469,56.79999923706055,55.900001525878906,56.5099983215332,41.91382598876953,2896600
2018-06-27,56.880001068115234,57.20000076293945,55.650001525878906,55.689998626708984,41.305625915527344,1690600
2018-06-28,55.56999969482422,56.720001220703125,55.029998779296875,56.36000061035156,41.80257034301758,1696500
2018-06-29,56.869998931884766,57.40999984741211,56.459999084472656,56.470001220703125,41.884151458740234,2091300
2018-07-02,55.41999816894531,57.68000030517578,55.34000015258789,57.61000061035156,42.72970199584961,2368700
2018-07-03,57.790000915527344,58.119998931884766,56.619998931884766,56.900001525878906,42.20309066772461,1637300
2018-07-05,57.43000030517578,58.61000061035156,56.93000030517578,58.61000061035156,43.471397399902344,2123300
2018-07-06,58.630001068115234,58.81999969482422,57.91999816894531,58.59000015258789,43.456573486328125,1877200
2018-07-09,58.9900016784668,59.25,58.119998931884766,58.75,43.57523727416992,2200400
2018-07-10,58.810001373291016,59.43000030517578,58.63999938964844,58.88999938964844,43.67908477783203,1565300
2018-07-11,58.18000030517578,58.189998626708984,56.81999969482422,57.2400016784668,42.45526885986328,1642100
2018-07-12,57.79999923706055,59.13999938964844,57.79999923706055,59.02000045776367,43.77549362182617,1653900
2018-07-13,58.709999084472656,59.65999984741211,58.5,59.02000045776367,43.77549362182617,1579900
2018-07-16,58.90999984741211,58.90999984741211,58.13999938964844,58.45000076293945,43.35272216796875,1240500
2018-07-17,58.189998626708984,58.349998474121094,57.65999984741211,58.099998474121094,43.093143463134766,2054000
2018-07-18,58.22999954223633,58.90999984741211,57.91999816894531,58.099998474121094,43.093143463134766,1565400
2018-07-19,58.09000015258789,58.43000030517578,56.91999816894531,57.18000030517578,42.4107666015625,1568800
2018-07-20,57.06999969482422,57.31999969482422,56.470001220703125,56.47999954223633,41.891571044921875,2030600
2018-07-23,56.34000015258789,56.5,55.22999954223633,56.349998474121094,41.7951545715332,2023400
2018-07-24,56.77000045776367,56.880001068115234,55.630001068115234,55.720001220703125,41.327877044677734,1854400
2018-07-25,55.959999084472656,56.470001220703125,55.529998779296875,56.439998626708984,41.86190414428711,2165400
2018-07-26,56.540000915527344,57.68000030517578,56.290000915527344,57.540000915527344,42.67777633666992,2277000
2018-07-27,57.15999984741211,57.61000061035156,54.5099983215332,54.689998626708984,40.56391143798828,4346900
2018-07-30,54.369998931884766,56.13999938964844,51.95000076293945,54.0,40.0521354675293,7894700
2018-07-31,54.36000061035156,54.470001220703125,51.93000030517578,52.619998931884766,39.02858352661133,6606300
2018-08-01,52.630001068115234,53.54999923706055,52.630001068115234,53.06999969482422,39.36234664916992,3915000
2018-08-02,52.59000015258789,53.61000061035156,52.5,53.41999816894531,39.621952056884766,2721300
2018-08-03,53.439998626708984,54.43000030517578,53.439998626708984,53.880001068115234,39.9631462097168,2663100
2018-08-06,53.79999923706055,54.27000045776367,53.439998626708984,54.22999954223633,40.22272491455078,2177200
2018-08-07,54.25,55.09000015258789,54.18000030517578,54.869998931884766,40.69742965698242,2221700
2018-08-08,54.75,55.43000030517578,54.36000061035156,55.040000915527344,40.82351303100586,1650300
2018-08-09,52.59000015258789,52.9900016784668,50.47999954223633,51.02000045776367,37.841854095458984,8401900
2018-08-10,50.560001373291016,51.400001525878906,50.040000915527344,50.880001068115234,37.73801040649414,5029100
2018-08-13,50.880001068115234,51.650001525878906,50.720001220703125,51.0099983215332,37.83442687988281,3522300
2018-08-14,51.43000030517578,53.310001373291016,51.34000015258789,53.22999954223633,39.48102951049805,4355000
2018-08-15,52.65999984741211,53.720001220703125,52.29999923706055,52.88999938964844,39.22883605957031,4646100
2018-08-16,53.52000045776367,54.400001525878906,52.95000076293945,53.04999923706055,39.347530364990234,3044600
2018-08-17,53.04999923706055,54.40999984741211,52.630001068115234,54.2599983215332,40.24498748779297,4200700
2018-08-20,54.33000183105469,54.849998474121094,53.75,54.540000915527344,40.45265197753906,2293900
2018-08-21,54.900001525878906,55.66999816894531,54.58000183105469,54.810001373291016,40.65292739868164,2741500
2018-08-22,54.279998779296875,55.61000061035156,54.279998779296875,55.31999969482422,41.03119659423828,1980900
2018-08-23,55.22999954223633,55.84000015258789,54.90999984741211,55.720001220703125,41.327877044677734,2496500
2018-08-24,55.95000076293945,56.220001220703125,55.400001525878906,55.75,41.35011672973633,1853600
2018-08-27,56.099998474121094,57.11000061035156,56.099998474121094,56.36000061035156,41.80257034301758,2137900
2018-08-28,56.58000183105469,57.20000076293945,56.0,56.459999084472656,41.8767204284668,1865900
2018-08-29,56.7400016784668,56.90999984741211,55.88999938964844,55.97999954223633,41.520713806152344,2442600
2018-08-30,55.439998626708984,55.75,53.06999969482422,53.13999938964844,39.414268493652344,4906300
2018-08-31,53.2400016784668,53.75,52.849998474121094,53.540000915527344,39.7109489440918,3124300
2018-09-04,51.2400016784668,51.540000915527344,48.27000045776367,49.40999984741211,36.64769744873047,10362400
2018-09-05,49.189998626708984,49.65999984741211,47.970001220703125,49.369998931884766,36.61803436279297,6634000
2018-09-06,49.400001525878906,49.970001220703125,48.900001525878906,49.38999938964844,36.632877349853516,4333900
2018-09-07,49.189998626708984,50.25,48.619998931884766,49.79999923706055,36.93696212768555,4072700
2018-09-10,50.119998931884766,51.43000030517578,49.849998474121094,50.290000915527344,37.3004150390625,3428000
2018-09-11,49.88999938964844,50.0,48.099998474121094,48.97999954223633,36.328773498535156,4272500
2018-09-12,47.7400016784668,49.790000915527344,47.20000076293945,49.470001220703125,36.692203521728516,6623800
2018-09-13,50.11000061035156,50.400001525878906,47.88999938964844,48.209999084472656,35.757659912109375,5089400
2018-09-14,48.209999084472656,48.61000061035156,47.68000030517578,48.290000915527344,35.81699752807617,4459600
2018-09-17,48.400001525878906,48.400001525878906,47.810001373291016,47.939998626708984,35.55740737915039,3871200
2018-09-18,47.29999923706055,48.439998626708984,47.25,47.97999954223633,36.06096649169922,3837500
2018-09-19,48.0099983215332,48.45000076293945,47.7400016784668,48.09000015258789,36.14362716674805,2561000
2018-09-20,48.45000076293945,49.310001373291016,48.2599983215332,49.02000045776367,36.84260559082031,4281000
2018-09-21,48.7400016784668,49.470001220703125,48.36000061035156,49.279998779296875,37.03801727294922,8344400
2018-09-24,49.29999923706055,49.720001220703125,49.0,49.150001525878906,36.94032287597656,2830900
2018-09-25,49.20000076293945,49.52000045776367,48.47999954223633,48.4900016784668,36.44426727294922,3115400
2018-09-26,48.0,48.099998474121094,46.060001373291016,47.06999969482422,35.37702560424805,5261500
2018-09-27,47.27000045776367,47.75,46.25,46.56999969482422,35.00122833251953,3589300
2018-09-28,46.34000015258789,47.779998779296875,46.290000915527344,47.349998474121094,35.587459564208984,3493900
2018-10-01,47.77000045776367,48.040000915527344,46.75,46.97999954223633,35.309383392333984,3083300
2018-10-02,46.939998626708984,47.79999923706055,46.75,46.93000030517578,35.27180480957031,1928900
2018-10-03,47.31999969482422,48.310001373291016,47.099998474121094,47.790000915527344,35.918155670166016,2321500
2018-10-04,47.709999084472656,47.869998931884766,46.380001068115234,46.650001525878906,35.06135940551758,3219900
2018-10-05,47.0,47.77000045776367,46.75,46.810001373291016,35.181610107421875,6324800
2018-10-08,46.45000076293945,46.68000030517578,45.5,45.84000015258789,34.452579498291016,2707400
2018-10-09,45.43000030517578,45.63999938964844,43.529998779296875,44.0,33.06965637207031,4961200
2018-10-10,43.70000076293945,44.91999816894531,43.470001220703125,43.65999984741211,32.814117431640625,5120500
2018-10-11,43.83000183105469,45.20000076293945,43.150001525878906,43.34000015258789,32.5736198425293,3968700
2018-10-12,44.470001220703125,44.5099983215332,42.31999969482422,42.9900016784668,32.31056213378906,4747800
2018-10-15,42.9900016784668,43.439998626708984,42.709999084472656,42.7599983215332,32.1376953125,2728700
2018-10-16,43.36000061035156,44.220001220703125,42.849998474121094,44.11000061035156,33.15233612060547,3037300
2018-10-17,44.02000045776367,44.7400016784668,43.439998626708984,44.119998931884766,33.15985107421875,2287600
2018-10-18,43.970001220703125,44.470001220703125,43.560001373291016,43.7599983215332,32.88928985595703,2218400
2018-10-19,44.060001373291016,44.630001068115234,43.54999923706055,43.810001373291016,32.92686080932617,2115700
2018-10-22,44.15999984741211,44.36000061035156,43.20000076293945,43.599998474121094,32.7690315246582,1808300
2018-10-23,40.290000915527344,43.619998931884766,38.79999923706055,43.470001220703125,32.671321868896484,6298300
2018-10-24,43.25,43.56999969482422,41.25,41.68000030517578,31.325992584228516,4595000
2018-10-25,42.09000015258789,43.06999969482422,41.72999954223633,42.61000061035156,32.024959564208984,3970500
2018-10-26,37.779998779296875,40.25,36.689998626708984,38.79999923706055,29.161422729492188,10747700
2018-10-29,39.75,39.81999969482422,37.279998779296875,37.83000183105469,28.432395935058594,5157200
2018-10-30,37.81999969482422,38.869998931884766,37.779998779296875,38.849998474121094,29.199003219604492,4154400
2018-10-31,39.5,40.61000061035156,39.220001220703125,40.22999954223633,30.236188888549805,5308100
2018-11-01,40.54999923706055,43.31999969482422,40.33000183105469,42.97999954223633,32.303035736083984,7270700
2018-11-02,41.0,44.84000015258789,40.54999923706055,44.27000045776367,33.272586822509766,10706000
2018-11-05,43.86000061035156,45.689998626708984,43.11000061035156,44.95000076293945,33.78365707397461,7798400
2018-11-06,45.09000015258789,45.5,44.130001068115234,45.41999816894531,34.13690185546875,4114100
2018-11-07,45.540000915527344,45.81999969482422,44.65999984741211,45.79999923706055,34.422508239746094,3797300
2018-11-08,45.77000045776367,46.38999938964844,45.08000183105469,45.33000183105469,34.069271087646484,4497100
2018-11-09,44.91999816894531,44.91999816894531,42.34000015258789,43.029998779296875,32.34062576293945,7537400
2018-11-12,42.5,42.84000015258789,41.279998779296875,41.88999938964844,31.483829498291016,4512800
2018-11-13,42.209999084472656,42.86000061035156,41.97999954223633,42.54999923706055,31.97986602783203,3953000
2018-11-14,43.130001068115234,43.93000030517578,42.40999984741211,42.720001220703125,32.107627868652344,3726000
2018-11-15,42.400001525878906,44.2400016784668,42.209999084472656,43.86000061035156,32.96443557739258,3509700
2018-11-16,43.36000061035156,43.72999954223633,42.560001373291016,43.29999923706055,32.543556213378906,4290900
2018-11-19,43.2599983215332,43.47999954223633,41.81999969482422,42.060001373291016,31.611591339111328,3215600
2018-11-20,41.0,42.38999938964844,40.470001220703125,42.130001068115234,31.664199829101562,3969700
2018-11-21,42.43000030517578,43.529998779296875,42.04999923706055,42.540000915527344,31.972339630126953,4019000
2018-11-23,42.0,43.58000183105469,41.880001068115234,42.95000076293945,32.280494689941406,1419400
2018-11-26,43.70000076293945,43.959999084472656,42.61000061035156,43.91999816894531,33.0095329284668,2880400
2018-11-27,43.77000045776367,44.27000045776367,43.40999984741211,44.09000015258789,33.13730239868164,2859800
2018-11-28,44.119998931884766,44.5,41.91999816894531,44.099998474121094,33.14481735229492,4361000
2018-11-29,43.709999084472656,43.84000015258789,42.13999938964844,42.650001525878906,32.055030822753906,3178100
2018-11-30,42.540000915527344,43.15999984741211,41.790000915527344,43.09000015258789,32.38572692871094,4699200
2018-12-03,43.970001220703125,44.869998931884766,43.38999938964844,44.7599983215332,33.640865325927734,4701600
2018-12-04,44.29999923706055,44.84000015258789,41.54999923706055,41.56999969482422,31.243305206298828,5824600
2018-12-06,40.4900016784668,41.959999084472656,40.45000076293945,41.650001525878906,31.303438186645508,6689700
2018-12-07,41.47999954223633,41.61000061035156,39.900001525878906,39.900001525878906,29.988170623779297,4344600
2018-12-10,39.7599983215332,40.16999816894531,38.97999954223633,39.810001373291016,29.920534133911133,2775200
2018-12-11,40.560001373291016,40.91999816894531,39.08000183105469,39.5,29.687532424926758,2835200
2018-12-12,40.150001525878906,41.13999938964844,39.47999954223633,40.0,30.063323974609375,3207200
2018-12-13,40.189998626708984,40.36000061035156,39.189998626708984,39.400001525878906,29.612382888793945,2647600
2018-12-14,38.84000015258789,39.400001525878906,38.369998931884766,38.54999923706055,28.973522186279297,3245600
2018-12-17,38.5099983215332,39.25,37.099998474121094,37.43000030517578,28.131755828857422,4774100
2018-12-18,37.16999816894531,38.060001373291016,36.75,37.33000183105469,28.53692054748535,3931800
2018-12-19,37.40999984741211,38.13999938964844,35.779998779296875,36.18000030517578,27.65780258178711,5128900
2018-12-20,36.0,37.529998779296875,36.0,36.58000183105469,27.963579177856445,5705900
2018-12-21,36.59000015258789,37.439998626708984,35.709999084472656,36.36000061035156,27.795391082763672,13106400
2018-12-24,36.119998931884766,37.0,35.7400016784668,36.130001068115234,27.61957550048828,2915100
2018-12-26,36.369998931884766,37.970001220703125,35.380001068115234,37.90999984741211,28.98029899597168,4256700
2018-12-27,37.5,38.459999084472656,37.0,38.439998626708984,29.385456085205078,3123800
2018-12-28,38.540000915527344,39.060001373291016,37.79999923706055,38.349998474121094,29.316654205322266,2821600
2018-12-31,38.599998474121094,39.08000183105469,38.099998474121094,38.59000015258789,29.500123977661133,2598500
2019-01-02,37.91999816894531,39.40999984741211,37.65999984741211,39.08000183105469,29.874704360961914,3472900
2019-01-03,38.61000061035156,38.61000061035156,36.470001220703125,36.52000045776367,27.9177188873291,4428100
2019-01-04,37.18000030517578,38.400001525878906,36.95000076293945,38.13999938964844,29.156124114990234,3232900
2019-01-07,38.369998931884766,39.34000015258789,38.33000183105469,39.15999984741211,29.935861587524414,2855500
2019-01-08,39.45000076293945,39.65999984741211,38.43000030517578,39.13999938964844,29.920576095581055,3008600
2019-01-09,39.2400016784668,40.83000183105469,39.2400016784668,40.13999938964844,30.685016632080078,3961000
2019-01-10,40.13999938964844,40.88999938964844,39.68000030517578,40.599998474121094,31.036666870117188,3019800
2019-01-11,40.61000061035156,40.869998931884766,39.83000183105469,40.66999816894531,31.090179443359375,2196900
2019-01-14,40.0,40.5,39.15999984741211,40.119998931884766,30.66973304748535,3899700
2019-01-15,40.31999969482422,40.52000045776367,39.43000030517578,39.650001525878906,30.310443878173828,2408700
2019-01-16,39.619998931884766,40.16999816894531,39.529998779296875,39.720001220703125,30.363956451416016,2002900
2019-01-17,39.27000045776367,39.33000183105469,37.599998474121094,38.72999954223633,29.607141494750977,4738000
2019-01-18,39.08000183105469,40.27000045776367,38.84000015258789,40.22999954223633,30.753816604614258,3961800
2019-01-22,40.099998474121094,40.20000076293945,38.29999923706055,38.47999954223633,29.41602897644043,3677400
2019-01-23,38.81999969482422,39.5,38.220001220703125,38.7599983215332,29.630077362060547,2812600
2019-01-24,39.11000061035156,41.790000915527344,39.02000045776367,40.970001220703125,31.319507598876953,5162200
2019-01-25,43.75,46.310001373291016,42.79999923706055,43.65999984741211,33.37588119506836,9455300
2019-01-28,42.75,43.52000045776367,42.369998931884766,43.2599983215332,33.070106506347656,3614700
2019-01-29,43.41999816894531,43.529998779296875,42.47999954223633,42.77000045776367,32.695518493652344,2688300
2019-01-30,43.5,44.0099983215332,42.810001373291016,43.7400016784668,33.437042236328125,2923800
2019-01-31,43.63999938964844,44.4900016784668,43.20000076293945,44.279998779296875,33.84984588623047,4352300
2019-02-01,44.400001525878906,45.459999084472656,44.11000061035156,45.2599983215332,34.598995208740234,4487000
2019-02-04,44.9900016784668,45.88999938964844,44.08000183105469,45.560001373291016,34.828346252441406,6598700
2019-02-05,43.5,46.439998626708984,43.36000061035156,45.13999938964844,34.50725555419922,10650700
2019-02-06,45.25,46.349998474121094,45.18000030517578,45.22999954223633,34.576072692871094,5192200
2019-02-07,44.86000061035156,44.959999084472656,43.9900016784668,44.459999084472656,33.987449645996094,4317400
2019-02-08,43.9900016784668,45.040000915527344,43.709999084472656,45.02000045776367,34.4155387878418,3189600
2019-02-11,45.349998474121094,45.369998931884766,43.900001525878906,44.650001525878906,34.132686614990234,2471300
2019-02-12,45.060001373291016,45.70000076293945,44.849998474121094,45.38999938964844,34.69837951660156,3015400
2019-02-13,45.650001525878906,46.08000183105469,45.47999954223633,45.7400016784668,34.965946197509766,2672400
2019-02-14,45.560001373291016,46.099998474121094,45.38999938964844,45.77000045776367,34.9888801574707,3338800
2019-02-15,46.099998474121094,46.099998474121094,45.56999969482422,45.709999084472656,34.94300842285156,1953300
2019-02-19,45.939998626708984,46.08000183105469,45.59000015258789,45.88999938964844,35.08060836791992,2818900
2019-02-20,46.119998931884766,46.400001525878906,45.849998474121094,45.88999938964844,35.08060836791992,2277900
2019-02-21,45.7599983215332,45.90999984741211,45.02000045776367,45.11000061035156,34.484336853027344,2950200
2019-02-22,45.2599983215332,47.0099983215332,45.209999084472656,47.0099983215332,35.93678665161133,3043700
2019-02-25,47.869998931884766,48.93000030517578,47.7400016784668,48.04999923706055,36.7318229675293,3360200
2019-02-26,47.75,48.220001220703125,47.369998931884766,47.47999954223633,36.296085357666016,3011700
2019-02-27,47.36000061035156,47.5099983215332,46.58000183105469,46.81999969482422,35.79154586791992,2397400
2019-02-28,46.709999084472656,46.849998474121094,45.0,46.560001373291016,35.59278869628906,3638900
2019-03-01,46.70000076293945,47.2599983215332,46.25,46.349998474121094,35.4322509765625,2634600
2019-03-04,46.540000915527344,46.9900016784668,46.060001373291016,46.41999816894531,35.48576736450195,2673500
2019-03-05,46.529998779296875,46.56999969482422,46.130001068115234,46.290000915527344,35.38638687133789,2157600
2019-03-06,46.45000076293945,46.45000076293945,45.869998931884766,46.2599983215332,35.36344528198242,3449400
2019-03-07,46.20000076293945,46.20000076293945,44.95000076293945,45.189998626708984,34.54549026489258,3061100
2019-03-08,44.7400016784668,46.36000061035156,44.400001525878906,46.220001220703125,35.3328742980957,4290800
2019-03-11,46.58000183105469,48.68000030517578,46.310001373291016,48.630001068115234,37.17520523071289,4601000
2019-03-12,48.84000015258789,49.27000045776367,47.880001068115234,48.08000183105469,36.754756927490234,4013300
2019-03-13,48.459999084472656,48.459999084472656,47.41999816894531,47.68000030517578,36.44898223876953,2685400
2019-03-14,47.63999938964844,47.959999084472656,46.9900016784668,47.189998626708984,36.07439422607422,2800200
2019-03-15,47.4900016784668,48.290000915527344,47.29999923706055,47.68000030517578,36.44898223876953,4855200
2019-03-18,47.88999938964844,48.20000076293945,47.38999938964844,48.15999984741211,36.8159065246582,2694100
2019-03-19,47.77000045776367,48.06999969482422,47.189998626708984,47.2599983215332,36.606773376464844,2522000
2019-03-20,47.29999923706055,47.59000015258789,46.09000015258789,46.209999084472656,35.79345703125,3044600
2019-03-21,46.56999969482422,49.40999984741211,46.47999954223633,48.97999954223633,37.939056396484375,4866900
2019-03-22,48.63999938964844,48.880001068115234,46.900001525878906,46.93000030517578,36.35116195678711,3012800
2019-03-25,46.97999954223633,47.599998474121094,46.25,46.83000183105469,36.2736930847168,2719800
2019-03-26,47.349998474121094,47.650001525878906,46.79999923706055,47.209999084472656,36.56804656982422,1672300
2019-03-27,47.209999084472656,47.439998626708984,45.56999969482422,45.81999969482422,35.49137496948242,2781000
2019-03-28,45.720001220703125,46.560001373291016,45.61000061035156,45.9900016784668,35.62305450439453,3827200
2019-03-29,46.41999816894531,47.97999954223633,46.25,47.88999938964844,37.09476089477539,3713900
2019-04-01,48.369998931884766,48.75,47.68000030517578,48.43000030517578,37.51303482055664,3868500
2019-04-02,48.41999816894531,49.119998931884766,48.279998779296875,48.7599983215332,37.76864242553711,3055200
2019-04-03,49.29999923706055,50.56999969482422,49.29999923706055,49.599998474121094,38.41929244995117,3391900
2019-04-04,49.40999984741211,49.709999084472656,49.06999969482422,49.220001220703125,38.12495422363281,1731400
2019-04-05,49.52000045776367,49.88999938964844,48.849998474121094,49.22999954223633,38.132694244384766,3401300
2019-04-08,49.689998626708984,49.689998626708984,48.83000183105469,49.369998931884766,38.24114227294922,2233400
2019-04-09,49.25,49.369998931884766,48.4900016784668,48.90999984741211,37.88483428955078,2593500
2019-04-10,48.869998931884766,50.0,48.65999984741211,49.709999084472656,38.50450134277344,2427000
2019-04-11,49.95000076293945,50.08000183105469,49.150001525878906,49.470001220703125,38.31859588623047,1914200
2019-04-12,49.880001068115234,50.290000915527344,49.560001373291016,49.66999816894531,38.4735107421875,2059800
2019-04-15,49.79999923706055,50.25,49.060001373291016,49.38999938964844,38.25663375854492,2364800
2019-04-16,49.720001220703125,50.66999816894531,49.54999923706055,50.63999938964844,39.224857330322266,2854300
2019-04-17,51.16999816894531,51.279998779296875,49.84000015258789,50.290000915527344,38.953758239746094,1910900
2019-04-18,50.18000030517578,50.54999923706055,49.97999954223633,50.5,39.11642074584961,1736000
2019-04-22,50.04999923706055,50.13999938964844,48.63999938964844,48.939998626708984,37.90807342529297,3397600
2019-04-23,48.9900016784668,49.11000061035156,48.15999984741211,48.220001220703125,37.350372314453125,3273100
2019-04-24,48.25,48.25,46.90999984741211,46.9900016784668,36.39762496948242,3722600
2019-04-25,46.970001220703125,47.31999969482422,45.970001220703125,46.06999969482422,35.68501663208008,2597600
2019-04-26,44.27000045776367,45.029998779296875,43.43000030517578,44.9900016784668,34.84847640991211,3954200
2019-04-29,44.9900016784668,45.5,44.599998474121094,44.939998626708984,34.80974197387695,5327000
2019-04-30,47.22999954223633,48.83000183105469,46.06999969482422,48.31999969482422,37.427825927734375,7424400
2019-05-01,49.7400016784668,49.810001373291016,47.959999084472656,48.310001373291016,37.42008590698242,3950300
2019-05-02,48.77000045776367,49.04999923706055,48.029998779296875,48.38999938964844,37.48204803466797,2314300
2019-05-03,49.099998474121094,49.650001525878906,48.4900016784668,49.599998474121094,38.41929244995117,2545800
2019-05-06,47.880001068115234,49.56999969482422,47.75,49.369998931884766,38.24114227294922,3265800
2019-05-07,48.77000045776367,49.279998779296875,48.09000015258789,48.560001373291016,37.61372756958008,3642000
2019-05-08,48.45000076293945,49.779998779296875,48.2400016784668,49.040000915527344,37.985530853271484,3593500
2019-05-09,48.209999084472656,48.47999954223633,46.66999816894531,47.56999969482422,36.846885681152344,4581200
2019-05-10,47.189998626708984,47.619998931884766,46.06999969482422,47.400001525878906,36.715206146240234,3336600
2019-05-13,45.84000015258789,45.9900016784668,43.83000183105469,44.040000915527344,34.11260986328125,6427200
2019-05-14,44.349998474121094,45.06999969482422,44.25,44.63999938964844,34.57735824584961,3121500
2019-05-15,44.31999969482422,45.63999938964844,44.16999816894531,45.59000015258789,35.31322479248047,1961400
2019-05-16,45.2599983215332,46.04999923706055,45.08000183105469,45.68000030517578,35.3829345703125,1711800
2019-05-17,45.099998474121094,45.84000015258789,44.91999816894531,45.220001220703125,35.0266227722168,2184800
2019-05-20,44.279998779296875,45.13999938964844,44.029998779296875,44.720001220703125,34.63933181762695,2347500
2019-05-21,45.279998779296875,46.29999923706055,45.2599983215332,46.15999984741211,35.754730224609375,2398600
2019-05-22,45.560001373291016,45.849998474121094,44.56999969482422,44.709999084472656,34.631591796875,2786000
2019-05-23,44.0,44.16999816894531,43.290000915527344,43.7400016784668,33.88024139404297,2704800
2019-05-24,43.9900016784668,44.08000183105469,42.90999984741211,43.189998626708984,33.454219818115234,2346100
2019-05-28,43.40999984741211,43.810001373291016,42.61000061035156,42.630001068115234,33.020450592041016,3241800
2019-05-29,42.33000183105469,43.970001220703125,42.130001068115234,43.72999954223633,33.872493743896484,3884300
2019-05-30,43.88999938964844,44.560001373291016,43.40999984741211,43.91999816894531,34.01966857910156,3599000
2019-05-31,43.040000915527344,43.220001220703125,41.79999923706055,41.849998474121094,32.41627502441406,3135900
2019-06-03,41.970001220703125,42.709999084472656,41.630001068115234,42.52000045776367,32.935245513916016,4126200
2019-06-04,43.0099983215332,44.2400016784668,42.97999954223633,44.15999984741211,34.205570220947266,2960400
2019-06-05,44.470001220703125,44.84000015258789,43.25,44.04999923706055,34.120357513427734,2591500
2019-06-06,44.06999969482422,44.61000061035156,43.880001068115234,44.400001525878906,34.39147186279297,1619000
2019-06-07,44.29999923706055,44.380001068115234,43.470001220703125,43.560001373291016,33.740814208984375,3750700
2019-06-10,43.970001220703125,45.06999969482422,43.7599983215332,43.95000076293945,34.04290771484375,3100000
2019-06-11,44.709999084472656,45.130001068115234,43.70000076293945,43.790000915527344,33.91897201538086,2595200
2019-06-12,43.7599983215332,44.13999938964844,43.38999938964844,43.63999938964844,33.80278778076172,2373400
2019-06-13,43.75,44.630001068115234,43.45000076293945,44.560001373291016,34.515403747558594,2718000
2019-06-14,44.06999969482422,44.369998931884766,43.560001373291016,44.2599983215332,34.28302001953125,2314400
2019-06-17,43.93000030517578,44.79999923706055,43.0,44.36000061035156,34.3604736328125,3368300
2019-06-18,44.09000015258789,45.83000183105469,44.0,45.529998779296875,35.77482223510742,3833900
2019-06-19,45.91999816894531,45.939998626708984,45.31999969482422,45.439998626708984,35.7041015625,1624600
2019-06-20,46.27000045776367,46.560001373291016,45.59000015258789,46.189998626708984,36.29340744018555,2170300
2019-06-21,46.06999969482422,46.84000015258789,45.90999984741211,46.459999084472656,36.50555419921875,4533300
2019-06-24,46.560001373291016,47.5099983215332,46.400001525878906,47.31999969482422,37.181304931640625,2886600
2019-06-25,47.25,47.540000915527344,45.9900016784668,46.209999084472656,36.309120178222656,3278500
2019-06-26,47.2400016784668,47.93000030517578,46.97999954223633,47.25,37.12629318237305,3040000
2019-06-27,46.91999816894531,47.04999923706055,46.279998779296875,46.720001220703125,36.70985794067383,2674900
2019-06-28,47.040000915527344,47.619998931884766,46.65999984741211,47.119998931884766,37.024139404296875,2322100
2019-07-01,48.77000045776367,49.59000015258789,47.119998931884766,47.5099983215332,37.330589294433594,3001500
2019-07-02,47.5099983215332,47.52000045776367,46.79999923706055,47.40999984741211,37.25201416015625,2157700
2019-07-03,47.45000076293945,47.68000030517578,47.20000076293945,47.529998779296875,37.34629440307617,748300
2019-07-05,47.189998626708984,47.689998626708984,46.86000061035156,47.25,37.12629318237305,1667300
2019-07-08,46.709999084472656,46.97999954223633,46.18000030517578,46.59000015258789,36.60770034790039,2135200
2019-07-09,46.310001373291016,46.5,45.630001068115234,46.040000915527344,36.17554473876953,2643800
2019-07-10,46.7599983215332,47.70000076293945,46.619998931884766,47.2400016784668,37.11843490600586,3382300
2019-07-11,47.540000915527344,47.540000915527344,46.5099983215332,46.65999984741211,36.66270065307617,2088500
2019-07-12,46.77000045776367,47.939998626708984,46.77000045776367,47.619998931884766,37.417015075683594,3693800
2019-07-15,48.0,48.529998779296875,47.84000015258789,48.34000015258789,37.982749938964844,2182400
2019-07-16,48.150001525878906,48.36000061035156,47.11000061035156,47.36000061035156,37.212730407714844,2321900
2019-07-17,47.209999084472656,47.380001068115234,46.540000915527344,47.0,36.92985153198242,1920300
2019-07-18,47.0,47.4900016784668,46.630001068115234,47.369998931884766,37.220584869384766,1352600
2019-07-19,47.79999923706055,47.849998474121094,47.290000915527344,47.29999923706055,37.16557312011719,1555900
2019-07-22,47.5099983215332,47.95000076293945,47.02000045776367,47.369998931884766,37.220584869384766,1778300
2019-07-23,47.59000015258789,47.79999923706055,47.13999938964844,47.72999954223633,37.50344467163086,1216900
2019-07-24,47.810001373291016,49.099998474121094,47.77000045776367,48.93000030517578,38.446327209472656,1873300
2019-07-25,48.68000030517578,48.7400016784668,47.81999969482422,48.08000183105469,37.778465270996094,1713200
2019-07-26,48.369998931884766,48.369998931884766,47.619998931884766,47.810001373291016,37.566314697265625,1273500
2019-07-29,47.70000076293945,47.75,47.06999969482422,47.47999954223633,37.30701446533203,1661800
2019-07-30,47.099998474121094,47.56999969482422,46.779998779296875,47.439998626708984,37.27558898925781,1721200
2019-07-31,47.52000045776367,47.54999923706055,45.86000061035156,46.310001373291016,36.387691497802734,2780200
2019-08-01,46.20000076293945,48.189998626708984,45.810001373291016,46.2599983215332,36.34839630126953,4414200
2019-08-02,42.220001220703125,46.31999969482422,42.099998474121094,44.93000030517578,35.303375244140625,5655200
2019-08-05,43.560001373291016,45.150001525878906,43.380001068115234,44.439998626708984,34.91835403442383,5457200
2019-08-06,44.86000061035156,45.13999938964844,44.060001373291016,44.68000030517578,35.10695266723633,3955500
2019-08-07,44.02000045776367,44.779998779296875,43.77000045776367,44.58000183105469,35.02836990356445,2970500
2019-08-08,44.72999954223633,45.16999816894531,44.400001525878906,45.13999938964844,35.46837615966797,2780300
2019-08-09,44.86000061035156,45.13999938964844,44.36000061035156,44.880001068115234,35.26409149169922,2930200
2019-08-12,44.369998931884766,45.060001373291016,44.369998931884766,44.81999969482422,35.216941833496094,2537200
2019-08-13,44.90999984741211,46.93000030517578,44.56999969482422,45.83000183105469,36.01054763793945,3110900
2019-08-14,44.95000076293945,45.31999969482422,44.31999969482422,44.630001068115234,35.06764602661133,2250500
2019-08-15,44.66999816894531,44.88999938964844,44.130001068115234,44.58000183105469,35.02836990356445,2590200
2019-08-16,44.970001220703125,46.2400016784668,44.84000015258789,46.029998779296875,36.167686462402344,2080100
2019-08-19,46.75,47.27000045776367,46.38999938964844,46.43000030517578,36.48198699951172,2747600
2019-08-20,46.47999954223633,46.560001373291016,45.91999816894531,46.369998931884766,36.434837341308594,2470800
2019-08-21,46.880001068115234,47.650001525878906,46.880001068115234,47.2400016784668,37.11843490600586,2473500
2019-08-22,47.5099983215332,47.779998779296875,47.38999938964844,47.58000183105469,37.385597229003906,1909300
2019-08-23,47.189998626708984,47.63999938964844,46.540000915527344,46.91999816894531,36.86700439453125,3322300
2019-08-26,47.65999984741211,47.65999984741211,46.84000015258789,47.06999969482422,36.98487091064453,1973500
2019-08-27,47.40999984741211,47.59000015258789,46.7400016784668,46.939998626708984,36.88271713256836,2668100
2019-08-28,46.810001373291016,47.29999923706055,46.36000061035156,47.150001525878906,37.0477180480957,3020200
2019-08-29,47.75,49.029998779296875,47.63999938964844,48.91999816894531,38.4384765625,2811400
2019-08-30,49.5099983215332,51.150001525878906,49.459999084472656,50.209999084472656,39.45207977294922,3875700
2019-09-03,49.689998626708984,49.880001068115234,49.0,49.65999984741211,39.019935607910156,3820300
2019-09-04,50.36000061035156,52.20000076293945,50.029998779296875,52.16999816894531,40.99214553833008,4235900
2019-09-05,52.97999954223633,54.209999084472656,52.849998474121094,54.099998474121094,42.50861358642578,3806400
2019-09-06,53.900001525878906,54.54999923706055,53.72999954223633,54.33000183105469,42.68934631347656,2544400
2019-09-09,54.650001525878906,55.18000030517578,54.2599983215332,54.779998779296875,43.04292297363281,2866100
2019-09-10,54.58000183105469,55.34000015258789,54.13999938964844,55.33000183105469,43.475074768066406,3076800
2019-09-11,55.209999084472656,56.56999969482422,54.97999954223633,56.209999084472656,44.166542053222656,3089200
2019-09-12,56.04999923706055,57.0099983215332,55.84000015258789,56.29999923706055,44.23725509643555,3014100
2019-09-13,56.099998474121094,56.68000030517578,55.79999923706055,56.150001525878906,44.119380950927734,2842900
2019-09-16,55.56999969482422,56.04999923706055,55.13999938964844,55.70000076293945,43.76580810546875,1907700
2019-09-17,55.470001220703125,56.310001373291016,55.380001068115234,56.04999923706055,44.040828704833984,2102900
2019-09-18,55.849998474121094,57.20000076293945,54.599998474121094,56.75,44.590843200683594,4106400
2019-09-19,57.0099983215332,57.130001068115234,52.209999084472656,52.939998626708984,41.59715270996094,10548100
2019-09-20,52.720001220703125,52.849998474121094,51.599998474121094,52.400001525878906,41.17285919189453,8865700
2019-09-23,52.2599983215332,53.38999938964844,52.189998626708984,52.75,41.44786834716797,3251800
2019-09-24,52.54999923706055,52.65999984741211,51.400001525878906,51.86000061035156,41.241111755371094,3335200
2019-09-25,52.060001373291016,53.209999084472656,51.869998931884766,53.08000183105469,42.211299896240234,2379700
2019-09-26,53.18000030517578,53.900001525878906,52.790000915527344,53.65999984741211,42.67253875732422,3227300
2019-09-27,53.47999954223633,54.349998474121094,53.130001068115234,53.810001373291016,42.79182434082031,2399400
2019-09-30,53.970001220703125,54.2400016784668,53.310001373291016,53.790000915527344,42.77591323852539,2010200
2019-10-01,54.0,54.20000076293945,52.439998626708984,52.86000061035156,42.03635025024414,2355000
2019-10-02,52.38999938964844,52.63999938964844,51.83000183105469,52.25,41.55125045776367,3230100
2019-10-03,52.41999816894531,53.11000061035156,51.599998474121094,53.09000015258789,42.21926498413086,2022700
2019-10-04,53.029998779296875,53.75,52.90999984741211,53.68000030517578,42.688446044921875,1531200
2019-10-07,53.70000076293945,54.11000061035156,53.279998779296875,53.619998931884766,42.64072036743164,1655000
2019-10-08,52.70000076293945,52.72999954223633,51.119998931884766,51.209999084472656,40.72420883178711,3145800
2019-10-09,51.52000045776367,52.439998626708984,51.349998474121094,52.16999816894531,41.48762512207031,1507000
2019-10-10,52.41999816894531,53.400001525878906,52.279998779296875,52.900001525878906,42.06816101074219,2023500
2019-10-11,53.849998474121094,54.41999816894531,53.56999969482422,53.810001373291016,42.79182434082031,2366700
2019-10-14,53.75,54.099998474121094,53.459999084472656,53.880001068115234,42.847496032714844,1165900
2019-10-15,53.86000061035156,54.970001220703125,53.400001525878906,54.939998626708984,43.69044876098633,2196000
2019-10-16,55.0,55.16999816894531,54.47999954223633,54.900001525878906,43.658634185791016,1379000
2019-10-17,55.04999923706055,55.75,54.599998474121094,55.18000030517578,43.88130569458008,1133400
2019-10-18,55.06999969482422,55.310001373291016,54.58000183105469,54.97999954223633,43.72224807739258,1694400
2019-10-21,55.400001525878906,55.869998931884766,54.95000076293945,55.47999954223633,44.119869232177734,1714500
2019-10-22,55.869998931884766,56.709999084472656,55.560001373291016,55.86000061035156,44.42206954956055,1590300
2019-10-23,55.79999923706055,56.18000030517578,55.27000045776367,56.099998474121094,44.61292266845703,1684500
2019-10-24,56.470001220703125,56.97999954223633,55.779998779296875,56.2400016784668,44.72425079345703,1250100
2019-10-25,56.45000076293945,57.130001068115234,56.18000030517578,56.91999816894531,45.265018463134766,1502100
2019-10-28,57.290000915527344,57.790000915527344,57.099998474121094,57.75,45.92506790161133,1636800
2019-10-29,57.77000045776367,58.13999938964844,57.13999938964844,57.970001220703125,46.10002517700195,1987400
2019-10-30,57.959999084472656,57.959999084472656,56.93000030517578,57.849998474121094,46.00458526611328,1749500
2019-10-31,57.54999923706055,58.08000183105469,56.52000045776367,58.029998779296875,46.147735595703125,4766100
2019-11-01,55.5,58.189998626708984,54.61000061035156,57.619998931884766,45.82168197631836,4870900
2019-11-04,57.81999969482422,58.189998626708984,56.54999923706055,58.08000183105469,46.1875,3170500
2019-11-05,57.9900016784668,58.13999938964844,57.380001068115234,57.66999816894531,45.8614616394043,2237700
2019-11-06,57.5,57.97999954223633,57.349998474121094,57.84000015258789,45.996646881103516,1514200
2019-11-07,58.22999954223633,58.7400016784668,57.97999954223633,58.119998931884766,46.219303131103516,1703400
2019-11-08,58.08000183105469,58.79999923706055,57.560001373291016,58.790000915527344,46.75211715698242,1540600
2019-11-11,58.58000183105469,58.779998779296875,58.060001373291016,58.25,46.322689056396484,1439100
2019-11-12,58.33000183105469,58.650001525878906,57.90999984741211,57.970001220703125,46.10002517700195,1694000
2019-11-13,57.65999984741211,58.25,57.459999084472656,58.130001068115234,46.22726821899414,1512700
2019-11-14,57.900001525878906,58.40999984741211,57.72999954223633,58.209999084472656,46.2908821105957,1278800
2019-11-15,58.5,59.47999954223633,58.34000015258789,59.08000183105469,46.982749938964844,2367600
2019-11-18,59.310001373291016,60.56999969482422,59.150001525878906,60.09000015258789,47.78593444824219,2714000
2019-11-19,60.34000015258789,60.400001525878906,59.58000183105469,59.650001525878906,47.436031341552734,1863500
2019-11-20,59.20000076293945,59.810001373291016,59.0,59.61000061035156,47.404212951660156,1405700
2019-11-21,59.59000015258789,60.06999969482422,59.209999084472656,59.47999954223633,47.300838470458984,1795100
2019-11-22,59.130001068115234,59.540000915527344,58.900001525878906,59.279998779296875,47.141780853271484,1374900
2019-11-25,59.709999084472656,59.97999954223633,59.31999969482422,59.849998474121094,47.595069885253906,1819400
2019-11-26,59.90999984741211,59.90999984741211,59.2599983215332,59.2599983215332,47.12586975097656,2412800
2019-11-27,59.619998931884766,60.290000915527344,59.33000183105469,60.2400016784668,47.90522003173828,1459900
2019-11-29,60.130001068115234,60.380001068115234,59.61000061035156,59.68000030517578,47.45988464355469,1038000
2019-12-02,60.0,60.2599983215332,59.2400016784668,59.33000183105469,47.181556701660156,1952200
2019-12-03,58.7400016784668,58.86000061035156,57.790000915527344,58.209999084472656,46.2908821105957,2605200
2019-12-04,58.779998779296875,59.040000915527344,58.220001220703125,58.63999938964844,46.6328239440918,2125800
2019-12-05,59.150001525878906,59.150001525878906,58.43000030517578,58.59000015258789,46.59307098388672,1476100
2019-12-06,59.29999923706055,59.939998626708984,58.93000030517578,58.9900016784668,46.911163330078125,2250100
2019-12-09,58.220001220703125,58.470001220703125,56.02000045776367,57.119998931884766,45.4240608215332,7402600
2019-12-10,57.310001373291016,58.400001525878906,57.119998931884766,57.619998931884766,45.82168197631836,3452600
2019-12-11,57.84000015258789,58.869998931884766,57.7599983215332,57.939998626708984,46.07615280151367,2345300
2019-12-12,58.18000030517578,59.20000076293945,57.970001220703125,59.04999923706055,46.958866119384766,2421200
2019-12-13,58.86000061035156,59.86000061035156,58.59000015258789,58.7599983215332,46.72825622558594,3155100
2019-12-16,59.43000030517578,59.66999816894531,59.02000045776367,59.060001373291016,46.96683120727539,2483000
2019-12-17,59.43000030517578,59.43000030517578,58.66999816894531,59.16999816894531,47.05430603027344,2556500
2019-12-18,59.25,59.349998474121094,58.380001068115234,58.79999923706055,46.76007080078125,2540800
2019-12-19,59.470001220703125,59.4900016784668,58.2599983215332,58.45000076293945,46.481727600097656,2621000
2019-12-20,58.7599983215332,59.709999084472656,58.33000183105469,59.619998931884766,47.41215896606445,4169400
2019-12-23,59.79999923706055,60.83000183105469,59.459999084472656,60.369998931884766,48.008583068847656,2563500
2019-12-24,59.880001068115234,59.970001220703125,59.150001525878906,59.4900016784668,47.823692321777344,820000
2019-12-26,59.529998779296875,59.959999084472656,59.5,59.91999816894531,48.169376373291016,1071000
2019-12-27,60.0,60.2599983215332,59.45000076293945,59.58000183105469,47.896053314208984,1298100
2019-12-30,59.599998474121094,59.66999816894531,58.880001068115234,59.290000915527344,47.662925720214844,1060300
2019-12-31,59.150001525878906,59.72999954223633,59.029998779296875,59.5,47.831722259521484,1266200
2020-01-02,59.810001373291016,60.63999938964844,59.77000045776367,60.5,48.6356315612793,2018200
2020-01-03,59.86000061035156,60.04999923706055,58.810001373291016,58.90999984741211,47.35743713378906,1649700
2020-01-06,58.400001525878906,58.709999084472656,57.900001525878906,58.209999084472656,46.79471206665039,1995900
2020-01-07,58.5,59.040000915527344,58.02000045776367,58.90999984741211,47.35743713378906,1914400
2020-01-08,58.900001525878906,59.900001525878906,58.4900016784668,59.369998931884766,47.72722625732422,2541200
2020-01-09,59.88999938964844,60.68000030517578,59.61000061035156,60.459999084472656,48.60347366333008,2313800
2020-01-10,60.470001220703125,60.56999969482422,59.65999984741211,59.97999954223633,48.21760940551758,1734800
2020-01-13,60.22999954223633,61.0,60.04999923706055,60.9900016784668,49.029541015625,2112000
2020-01-14,60.95000076293945,61.119998931884766,60.310001373291016,60.779998779296875,48.860721588134766,2007900
2020-01-15,60.560001373291016,61.220001220703125,60.29999923706055,60.5099983215332,48.64365768432617,1950400
2020-01-16,61.06999969482422,61.540000915527344,60.810001373291016,61.529998779296875,49.46364212036133,1496800
2020-01-17,61.5099983215332,61.650001525878906,60.93000030517578,61.08000183105469,49.10190200805664,2013600
2020-01-21,61.0,61.43000030517578,60.779998779296875,61.04999923706055,49.0777702331543,2352300
2020-01-22,61.470001220703125,61.66999816894531,60.9900016784668,61.27000045776367,49.254638671875,1242500
2020-01-23,61.61000061035156,62.790000915527344,61.15999984741211,62.7599983215332,50.452430725097656,3000600
2020-01-24,63.16999816894531,64.16999816894531,62.65999984741211,63.22999954223633,50.83025360107422,2902600
2020-01-27,61.88999938964844,62.150001525878906,60.2400016784668,60.66999816894531,48.77228927612305,2398000
2020-01-28,61.58000183105469,62.18000030517578,60.97999954223633,61.970001220703125,49.817352294921875,1745100
2020-01-29,60.90999984741211,61.459999084472656,58.43000030517578,59.0099983215332,47.437828063964844,2897100
2020-01-30,58.45000076293945,59.04999923706055,57.13999938964844,58.380001068115234,46.931365966796875,2778700
2020-01-31,58.2400016784668,58.2400016784668,56.779998779296875,56.9900016784668,45.813968658447266,2900700
2020-02-03,57.83000183105469,58.54999923706055,57.619998931884766,57.95000076293945,46.585693359375,3609100
2020-02-04,59.540000915527344,59.849998474121094,58.040000915527344,58.970001220703125,47.40567398071289,4698200
2020-02-05,57.029998779296875,57.7599983215332,54.349998474121094,54.72999954223633,43.99715805053711,6600900
2020-02-06,55.09000015258789,55.66999816894531,54.65999984741211,55.15999984741211,44.342830657958984,4046400
2020-02-07,54.86000061035156,54.93000030517578,53.810001373291016,54.099998474121094,43.490692138671875,2884900
2020-02-10,53.970001220703125,55.02000045776367,53.70000076293945,54.939998626708984,44.16598129272461,2311600
2020-02-11,55.220001220703125,56.29999923706055,55.150001525878906,55.75,44.81713104248047,2434400
2020-02-12,55.959999084472656,56.900001525878906,55.91999816894531,56.220001220703125,45.19496154785156,1668900
2020-02-13,55.709999084472656,56.15999984741211,55.400001525878906,55.79999923706055,44.85732650756836,2307700
2020-02-14,55.86000061035156,56.0,53.72999954223633,53.9900016784668,43.402278900146484,3451400
2020-02-18,53.4900016784668,54.29999923706055,53.06999969482422,54.20000076293945,43.57108688354492,2769300
2020-02-19,54.31999969482422,54.65999984741211,53.790000915527344,53.95000076293945,43.37012481689453,2107700
2020-02-20,54.02000045776367,54.880001068115234,53.52000045776367,54.75,44.013240814208984,2220200
2020-02-21,54.459999084472656,54.5,53.54999923706055,54.040000915527344,43.44247055053711,2355700
2020-02-24,52.11000061035156,53.04999923706055,51.959999084472656,52.040000915527344,41.834678649902344,3115800
2020-02-25,52.650001525878906,52.83000183105469,50.130001068115234,50.41999816894531,40.532371520996094,3426900
2020-02-26,51.040000915527344,52.189998626708984,50.84000015258789,51.08000183105469,41.06294250488281,3056800
2020-02-27,49.66999816894531,50.20000076293945,48.33000183105469,48.36000061035156,38.876346588134766,4479900
2020-02-28,47.150001525878906,48.02000045776367,46.20000076293945,47.95000076293945,38.5467529296875,6011000
2020-03-02,49.0099983215332,50.41999816894531,48.34000015258789,50.369998931884766,40.492183685302734,4057000
2020-03-03,50.18000030517578,51.45000076293945,48.849998474121094,50.209999084472656,40.363548278808594,4147100
2020-03-04,51.34000015258789,51.61000061035156,50.2400016784668,51.439998626708984,41.35234451293945,2912100
2020-03-05,50.09000015258789,50.86000061035156,49.65999984741211,50.27000045776367,40.41179275512695,2204600
2020-03-06,48.5099983215332,49.66999816894531,48.029998779296875,49.2599983215332,39.5998649597168,3010700
2020-03-09,45.65999984741211,47.09000015258789,44.72999954223633,45.310001373291016,36.42447280883789,4427500
2020-03-10,47.13999938964844,47.939998626708984,44.66999816894531,47.900001525878906,38.50656509399414,3888900
2020-03-11,46.52000045776367,46.83000183105469,44.38999938964844,45.33000183105469,36.440555572509766,3463400
2020-03-12,42.09000015258789,45.22999954223633,40.63999938964844,44.54999923706055,35.81350326538086,6520500
2020-03-13,46.290000915527344,48.97999954223633,44.220001220703125,48.93000030517578,39.334556579589844,5238500
2020-03-16,42.72999954223633,44.40999984741211,40.970001220703125,40.970001220703125,32.93557357788086,4638000
2020-03-17,41.630001068115234,45.29999923706055,40.25,45.150001525878906,36.295841217041016,4473800
2020-03-18,42.400001525878906,44.630001068115234,40.380001068115234,42.9900016784668,34.5594367980957,4210200
2020-03-19,42.459999084472656,46.4900016784668,41.869998931884766,42.65999984741211,34.29414749145508,3452800
2020-03-20,43.08000183105469,43.290000915527344,40.599998474121094,40.72999954223633,32.74262619018555,3817500
2020-03-23,40.540000915527344,41.33000183105469,39.02000045776367,40.779998779296875,32.78282928466797,4791600
2020-03-24,42.459999084472656,44.029998779296875,41.59000015258789,43.459999084472656,35.50314712524414,3622200
2020-03-25,43.900001525878906,48.15999984741211,43.04999923706055,44.52000045776367,36.36909103393555,4310800
2020-03-26,44.63999938964844,48.099998474121094,44.5,47.970001220703125,39.18745040893555,3660700
2020-03-27,46.56999969482422,49.459999084472656,46.11000061035156,47.970001220703125,39.18745040893555,3417200
2020-03-30,48.209999084472656,50.619998931884766,47.66999816894531,49.869998931884766,40.739593505859375,2985300
2020-03-31,49.43000030517578,50.619998931884766,48.65999984741211,48.79999923706055,39.86548614501953,3620800
2020-04-01,47.38999938964844,48.70000076293945,46.65999984741211,47.86000061035156,39.09758377075195,3020400
2020-04-02,47.41999816894531,48.810001373291016,46.150001525878906,47.58000183105469,38.868858337402344,2798300
2020-04-03,47.459999084472656,48.09000015258789,45.45000076293945,45.7599983215332,37.382057189941406,2492700
2020-04-06,47.869998931884766,49.02000045776367,47.189998626708984,48.63999938964844,39.73477554321289,2334100
2020-04-07,50.060001373291016,50.93000030517578,49.029998779296875,49.06999969482422,40.086055755615234,2782000
2020-04-08,49.47999954223633,51.349998474121094,49.27000045776367,51.029998779296875,41.68720626831055,2168800
2020-04-09,51.650001525878906,53.27000045776367,51.099998474121094,51.25,41.86692810058594,3275800
2020-04-13,50.790000915527344,51.0,49.54999923706055,50.90999984741211,41.589176177978516,2002100
2020-04-14,52.04999923706055,52.599998474121094,51.029998779296875,51.43000030517578,42.013980865478516,2809700
2020-04-15,50.939998626708984,50.939998626708984,49.439998626708984,50.22999954223633,41.03367233276367,2328800
2020-04-16,50.5,50.83000183105469,49.099998474121094,50.630001068115234,41.360443115234375,2270500
2020-04-17,51.630001068115234,51.9900016784668,50.63999938964844,51.470001220703125,42.04664993286133,1965600
2020-04-20,50.939998626708984,51.56999969482422,50.150001525878906,50.83000183105469,41.523834228515625,2064000
2020-04-21,49.5099983215332,50.2599983215332,48.95000076293945,49.7400016784668,40.633384704589844,2720400
2020-04-22,50.900001525878906,50.939998626708984,49.97999954223633,50.7400016784668,41.45030212402344,2966800
2020-04-23,49.43000030517578,50.15999984741211,47.720001220703125,47.88999938964844,39.122093200683594,5733200
2020-04-24,48.369998931884766,48.65999984741211,47.52000045776367,48.630001068115234,39.72661209106445,3117000
2020-04-27,49.029998779296875,50.369998931884766,48.790000915527344,49.029998779296875,40.05337905883789,2555800
2020-04-28,49.869998931884766,49.869998931884766,48.880001068115234,48.9900016784668,40.02070617675781,2368300
2020-04-29,49.93000030517578,51.4900016784668,49.189998626708984,51.060001373291016,41.71171188354492,2992500
2020-04-30,50.7599983215332,51.0,49.79999923706055,49.95000076293945,40.8049430847168,2676500
2020-05-01,48.54999923706055,49.15999984741211,47.130001068115234,47.709999084472656,38.97505569458008,3282600
2020-05-04,47.2599983215332,47.599998474121094,46.13999938964844,46.439998626708984,37.93757629394531,2532100
2020-05-05,47.0,47.709999084472656,46.689998626708984,46.75,38.19081115722656,1782500
2020-05-06,47.34000015258789,47.709999084472656,46.619998931884766,47.52000045776367,38.8198356628418,2337900
2020-05-07,48.15999984741211,48.810001373291016,47.91999816894531,48.720001220703125,39.80013656616211,2570900
2020-05-08,49.56999969482422,51.209999084472656,49.349998474121094,51.060001373291016,41.71171188354492,2702500
2020-05-11,50.43000030517578,50.5,49.630001068115234,49.86000061035156,40.731414794921875,1449100
2020-05-12,50.060001373291016,50.349998474121094,48.599998474121094,48.619998931884766,39.71843338012695,1656300
2020-05-13,48.7599983215332,48.7599983215332,46.88999938964844,47.43000030517578,38.746307373046875,1767800
2020-05-14,46.79999923706055,48.06999969482422,46.09000015258789,48.06999969482422,39.269134521484375,1775500
2020-05-15,47.18000030517578,47.810001373291016,46.810001373291016,47.77000045776367,39.0240592956543,1811000
2020-05-18,49.16999816894531,49.70000076293945,48.810001373291016,49.380001068115234,40.33929443359375,1598800
2020-05-19,49.54999923706055,51.029998779296875,49.310001373291016,50.16999816894531,40.98465347290039,2078200
2020-05-20,50.81999969482422,52.4900016784668,50.7599983215332,51.849998474121094,42.357078552246094,2601200
2020-05-21,51.779998779296875,52.5,51.150001525878906,51.2599983215332,41.875099182128906,2195600
2020-05-22,51.15999984741211,51.369998931884766,50.060001373291016,50.959999084472656,41.630027770996094,1520400
2020-05-26,52.45000076293945,52.7400016784668,51.06999969482422,51.20000076293945,41.826087951660156,1820100
2020-05-27,51.56999969482422,52.16999816894531,50.15999984741211,52.0099983215332,42.487789154052734,2219900
2020-05-28,52.34000015258789,52.439998626708984,51.27000045776367,51.36000061035156,41.956790924072266,1801100
2020-05-29,51.130001068115234,53.36000061035156,51.130001068115234,53.040000915527344,43.32919692993164,4214000
2020-06-01,52.630001068115234,52.9900016784668,52.04999923706055,52.150001525878906,42.6021614074707,2471100
2020-06-02,51.959999084472656,52.720001220703125,51.16999816894531,52.689998626708984,43.04328918457031,2571200
2020-06-03,52.79999923706055,53.619998931884766,52.25,53.119998931884766,43.394561767578125,2323300
2020-06-04,52.880001068115234,54.619998931884766,52.790000915527344,54.04999923706055,44.154300689697266,2592300
2020-06-05,55.0,55.75,54.189998626708984,54.38999938964844,44.432044982910156,2863700
2020-06-08,54.880001068115234,55.790000915527344,54.5099983215332,55.630001068115234,45.44501876831055,2929700
2020-06-09,54.88999938964844,55.119998931884766,54.099998474121094,54.83000183105469,44.79148483276367,2016200
2020-06-10,55.130001068115234,55.709999084472656,54.209999084472656,55.33000183105469,45.1999397277832,2393000
2020-06-11,54.0,54.029998779296875,50.900001525878906,51.2599983215332,41.875099182128906,3746200
2020-06-12,52.790000915527344,52.83000183105469,49.79999923706055,50.61000061035156,41.34410095214844,4377900
2020-06-15,49.86000061035156,50.81999969482422,49.2599983215332,50.7400016784668,41.45030212402344,3728000
2020-06-16,52.5,52.689998626708984,50.849998474121094,51.68000030517578,42.218196868896484,3349000
2020-06-17,51.880001068115234,52.220001220703125,50.84000015258789,51.02000045776367,41.679039001464844,2421100
2020-06-18,50.310001373291016,50.52000045776367,49.29999923706055,49.63999938964844,40.551692962646484,4329200
2020-06-19,50.099998474121094,52.04999923706055,49.709999084472656,52.04999923706055,42.52045822143555,10603400
2020-06-22,51.5,51.689998626708984,50.470001220703125,50.90999984741211,41.589176177978516,4659600
2020-06-23,50.34000015258789,50.56999969482422,48.779998779296875,48.869998931884766,40.43898010253906,4799600
2020-06-24,48.560001373291016,49.099998474121094,47.279998779296875,47.619998931884766,39.40462112426758,3598600
2020-06-25,47.630001068115234,47.790000915527344,46.279998779296875,47.72999954223633,39.49564743041992,3006100
2020-06-26,47.5099983215332,47.720001220703125,46.630001068115234,46.970001220703125,38.86677169799805,3791600
2020-06-29,47.2400016784668,47.84000015258789,46.95000076293945,47.7599983215332,39.52046585083008,2000900
2020-06-30,47.9900016784668,48.880001068115234,47.869998931884766,48.40999984741211,40.058345794677734,2618700
2020-07-01,48.369998931884766,48.459999084472656,47.25,47.29999923706055,39.13983154296875,2478200
2020-07-02,47.959999084472656,48.220001220703125,47.25,47.34000015258789,39.172935485839844,2548100
2020-07-06,48.0,48.349998474121094,47.779998779296875,48.029998779296875,39.743900299072266,1871600
2020-07-07,47.810001373291016,48.029998779296875,47.060001373291016,47.11000061035156,38.982608795166016,2117800
2020-07-08,47.119998931884766,47.209999084472656,46.09000015258789,46.560001373291016,38.52750778198242,2607900
2020-07-09,46.650001525878906,47.02000045776367,45.93000030517578,46.779998779296875,38.70954513549805,2313800
2020-07-10,46.97999954223633,47.58000183105469,46.65999984741211,47.380001068115234,39.206031799316406,2159700
2020-07-13,47.81999969482422,48.04999923706055,47.16999816894531,47.33000183105469,39.16466522216797,2757600
2020-07-14,46.83000183105469,47.47999954223633,46.630001068115234,47.380001068115234,39.206031799316406,3373400
2020-07-15,48.0,48.400001525878906,47.52000045776367,48.2400016784668,39.91766357421875,2516700
2020-07-16,48.369998931884766,48.790000915527344,47.93000030517578,48.5,40.132816314697266,2933900
2020-07-17,48.68000030517578,48.79999923706055,47.900001525878906,48.27000045776367,39.9424934387207,1962800
2020-07-20,47.91999816894531,48.709999084472656,47.400001525878906,48.59000015258789,40.2072868347168,2294500
2020-07-21,48.95000076293945,49.529998779296875,48.83000183105469,49.41999816894531,40.894100189208984,4468000
2020-07-22,49.54999923706055,49.720001220703125,49.150001525878906,49.470001220703125,40.93547058105469,3152600
2020-07-23,49.47999954223633,50.81999969482422,49.41999816894531,50.0,41.3740348815918,3574100
2020-07-24,49.5,49.66999816894531,47.72999954223633,48.040000915527344,39.75218200683594,4082000
2020-07-27,48.099998474121094,49.59000015258789,47.86000061035156,49.58000183105469,41.02649688720703,3403900
2020-07-28,49.56999969482422,50.06999969482422,48.31999969482422,48.56999969482422,40.190731048583984,4440300
2020-07-29,45.040000915527344,45.72999954223633,43.529998779296875,44.310001373291016,36.66566848754883,14154300
2020-07-30,44.029998779296875,44.459999084472656,43.68000030517578,44.400001525878906,36.74014663696289,3771400
2020-07-31,44.650001525878906,45.40999984741211,44.15999984741211,45.220001220703125,37.41868591308594,7369400
2020-08-03,45.41999816894531,45.58000183105469,44.65999984741211,44.7599983215332,37.03804016113281,3674800
2020-08-04,45.099998474121094,45.810001373291016,44.790000915527344,45.38999938964844,37.55935287475586,3177400
2020-08-05,45.65999984741211,45.79999923706055,44.720001220703125,45.130001068115234,37.34420394897461,3402600
2020-08-06,44.5,45.0099983215332,44.16999816894531,44.959999084472656,37.203514099121094,3215400
2020-08-07,44.95000076293945,45.529998779296875,44.459999084472656,45.310001373291016,37.493141174316406,2781300
2020-08-10,45.400001525878906,46.560001373291016,45.400001525878906,46.06999969482422,38.122032165527344,3625200
2020-08-11,46.380001068115234,46.79999923706055,45.68000030517578,45.779998779296875,37.88206100463867,3529500
2020-08-12,45.709999084472656,45.90999984741211,45.25,45.63999938964844,37.76620864868164,2515600
2020-08-13,45.650001525878906,45.650001525878906,44.54999923706055,44.900001525878906,37.15387725830078,2910300
2020-08-14,45.06999969482422,45.349998474121094,44.869998931884766,45.06999969482422,37.2945556640625,1948700
2020-08-17,45.20000076293945,45.439998626708984,44.83000183105469,44.900001525878906,37.15387725830078,1749800
2020-08-18,45.0,45.209999084472656,44.540000915527344,45.060001373291016,37.286277770996094,2218800
2020-08-19,45.18000030517578,46.0,45.11000061035156,45.400001525878906,37.56761932373047,2540100
2020-08-20,45.189998626708984,45.2599983215332,44.65999984741211,45.040000915527344,37.26972579956055,2159500
2020-08-21,44.810001373291016,44.93000030517578,44.5,44.84000015258789,37.10422897338867,3163500
2020-08-24,44.97999954223633,45.619998931884766,44.7599983215332,45.61000061035156,37.741390228271484,2051600
2020-08-25,45.52000045776367,46.209999084472656,45.150001525878906,45.439998626708984,37.60071563720703,1950500
2020-08-26,45.43000030517578,45.790000915527344,45.150001525878906,45.72999954223633,37.84069061279297,2073300
2020-08-27,46.04999923706055,46.15999984741211,45.310001373291016,45.54999923706055,37.69174575805664,2112800
2020-08-28,45.849998474121094,46.88999938964844,45.5,46.599998474121094,38.56060028076172,2181700
2020-08-31,47.2400016784668,48.20000076293945,46.63999938964844,47.9900016784668,39.710792541503906,4854300
2020-09-01,48.0099983215332,48.040000915527344,46.27000045776367,47.06999969482422,38.94951248168945,3031000
2020-09-02,47.099998474121094,48.849998474121094,47.06999969482422,48.59000015258789,40.2072868347168,3135800
2020-09-03,48.310001373291016,48.5,46.7599983215332,47.09000015258789,38.966068267822266,3026700
2020-09-04,46.95000076293945,47.72999954223633,46.150001525878906,47.0099983215332,38.89985656738281,3193200
2020-09-08,45.709999084472656,46.209999084472656,45.25,45.689998626708984,37.807586669921875,4418800
2020-09-09,46.61000061035156,46.72999954223633,46.060001373291016,46.22999954223633,38.254432678222656,2512700
2020-09-10,46.72999954223633,47.060001373291016,45.790000915527344,45.93000030517578,38.00619125366211,2639700
2020-09-11,46.029998779296875,46.70000076293945,45.810001373291016,46.540000915527344,38.51095199584961,2835700
2020-09-14,46.959999084472656,47.83000183105469,46.869998931884766,47.650001525878906,39.4294548034668,3107800
2020-09-15,48.09000015258789,48.189998626708984,47.189998626708984,47.34000015258789,39.172935485839844,2591500
2020-09-16,47.79999923706055,49.27000045776367,47.630001068115234,48.66999816894531,40.27348709106445,3208300
2020-09-17,47.66999816894531,49.16999816894531,47.560001373291016,49.13999938964844,40.66239929199219,2672500
2020-09-18,49.31999969482422,49.52000045776367,48.25,48.81999969482422,40.397605895996094,4722900
2020-09-21,48.0,48.33000183105469,47.34000015258789,48.22999954223633,39.90939712524414,3362900
2020-09-22,47.72999954223633,47.86000061035156,47.130001068115234,47.709999084472656,40.01844024658203,2304900
2020-09-23,47.400001525878906,49.18000030517578,47.400001525878906,47.619998931884766,39.942935943603516,3520800
2020-09-24,47.11000061035156,47.869998931884766,46.88999938964844,47.41999816894531,39.775177001953125,2110900
2020-09-25,47.560001373291016,48.279998779296875,47.060001373291016,48.220001220703125,40.44622039794922,1839700
2020-09-28,48.560001373291016,49.79999923706055,48.310001373291016,49.65999984741211,41.65407943725586,3549000
2020-09-29,49.61000061035156,50.70000076293945,49.47999954223633,50.06999969482422,41.99797058105469,3538200
2020-09-30,49.970001220703125,50.06999969482422,49.06999969482422,49.27000045776367,41.32693862915039,2925100
2020-10-01,49.81999969482422,49.81999969482422,48.83000183105469,49.060001373291016,41.150787353515625,1947500
2020-10-02,48.40999984741211,49.15999984741211,48.08000183105469,48.7400016784668,40.88238525390625,1728200
2020-10-05,49.18000030517578,49.47999954223633,48.7400016784668,49.11000061035156,41.19273376464844,2000000
2020-10-06,49.349998474121094,50.40999984741211,49.04999923706055,49.599998474121094,41.60374450683594,2669600
2020-10-07,49.70000076293945,50.790000915527344,49.650001525878906,50.45000076293945,42.316715240478516,2602900
2020-10-08,50.810001373291016,51.380001068115234,50.52000045776367,51.33000183105469,43.05483627319336,2403000
2020-10-09,51.58000183105469,51.83000183105469,50.7400016784668,50.970001220703125,42.752872467041016,2408700
2020-10-12,50.75,51.540000915527344,50.7400016784668,51.290000915527344,43.02128982543945,2120900
2020-10-13,51.77000045776367,52.4900016784668,51.150001525878906,51.18000030517578,42.92902374267578,2463200
2020-10-14,51.2400016784668,51.70000076293945,50.93000030517578,51.040000915527344,42.81159210205078,2016800
2020-10-15,50.59000015258789,51.36000061035156,50.2599983215332,51.349998474121094,43.07160186767578,1501300
2020-10-16,50.959999084472656,51.77000045776367,50.61000061035156,51.439998626708984,43.147098541259766,2304900
2020-10-19,51.599998474121094,53.0,51.380001068115234,52.150001525878906,43.74264144897461,3693100
2020-10-20,52.4900016784668,52.849998474121094,51.810001373291016,51.88999938964844,43.52455520629883,2299500
2020-10-21,52.04999923706055,52.25,51.459999084472656,51.689998626708984,43.3568000793457,3478100
2020-10-22,51.29999923706055,52.099998474121094,51.22999954223633,51.790000915527344,43.44068145751953,3960300
2020-10-23,49.779998779296875,51.560001373291016,48.93000030517578,50.7400016784668,42.5599479675293,5912600
2020-10-26,50.45000076293945,50.81999969482422,48.599998474121094,48.959999084472656,41.066917419433594,4051700
2020-10-27,49.06999969482422,49.150001525878906,48.459999084472656,48.560001373291016,40.73139953613281,3541300
2020-10-28,48.0,48.310001373291016,47.099998474121094,47.7400016784668,40.04359436035156,3618700
2020-10-29,47.70000076293945,47.880001068115234,46.91999816894531,47.65999984741211,39.976497650146484,3619700
2020-10-30,47.33000183105469,47.869998931884766,47.099998474121094,47.81999969482422,40.110694885253906,3416300
2020-11-02,48.47999954223633,48.790000915527344,47.95000076293945,48.56999969482422,40.73978042602539,2765500
2020-11-03,49.189998626708984,50.63999938964844,48.900001525878906,50.349998474121094,42.23283004760742,2764500
2020-11-04,50.63999938964844,51.310001373291016,50.25,50.470001220703125,42.333492279052734,3435500
2020-11-05,50.75,52.95000076293945,50.599998474121094,52.75,44.24591064453125,3147500
2020-11-06,52.61000061035156,53.790000915527344,52.0,53.4900016784668,44.86662292480469,2880700
2020-11-09,54.900001525878906,55.58000183105469,54.11000061035156,54.150001525878906,45.420204162597656,4140900
2020-11-10,54.099998474121094,55.209999084472656,54.099998474121094,54.720001220703125,45.8983154296875,3698300
2020-11-11,55.0,55.220001220703125,54.27000045776367,54.630001068115234,45.82282638549805,2669000
2020-11-12,54.56999969482422,54.56999969482422,52.77000045776367,53.189998626708984,44.61497116088867,3013200
2020-11-13,53.459999084472656,55.0,53.459999084472656,54.709999084472656,45.88992691040039,2628200
2020-11-16,55.0,56.0,54.97999954223633,55.939998626708984,46.921630859375,3242400
2020-11-17,55.40999984741211,55.88999938964844,55.0,55.5099983215332,46.56095886230469,2207000
2020-11-18,55.66999816894531,56.45000076293945,55.2400016784668,55.2400016784668,46.33448791503906,2499700
2020-11-19,54.79999923706055,56.08000183105469,54.529998779296875,55.91999816894531,46.90486145019531,1931300
2020-11-20,55.810001373291016,56.45000076293945,55.58000183105469,55.61000061035156,46.64484405517578,2174800
2020-11-23,56.11000061035156,57.040000915527344,56.0099983215332,56.91999816894531,47.743648529052734,3005400
2020-11-24,57.56999969482422,58.810001373291016,57.040000915527344,58.54999923706055,49.11086654663086,3521800
2020-11-25,58.380001068115234,58.5099983215332,57.54999923706055,58.34000015258789,48.93471908569336,2488800
2020-11-27,58.689998626708984,59.130001068115234,58.310001373291016,58.47999954223633,49.052146911621094,1463300
2020-11-30,58.529998779296875,59.34000015258789,58.119998931884766,58.810001373291016,49.328948974609375,4122800
2020-12-01,59.349998474121094,60.90999984741211,58.849998474121094,60.290000915527344,50.570350646972656,3974400
2020-12-02,60.20000076293945,61.400001525878906,60.11000061035156,61.20000076293945,51.333641052246094,2433000
2020-12-03,61.029998779296875,62.83000183105469,61.0099983215332,62.34000015258789,52.28985595703125,3649000
2020-12-04,62.0,64.31999969482422,62.0,64.06999969482422,53.74095916748047,3216500
2020-12-07,63.779998779296875,64.41000366210938,63.13999938964844,63.220001220703125,53.02800369262695,3351100
2020-12-08,62.66999816894531,64.41999816894531,62.599998474121094,63.86000061035156,53.564815521240234,3160900
2020-12-09,64.18000030517578,65.31999969482422,63.189998626708984,63.529998779296875,53.28801345825195,2886900
2020-12-10,62.93000030517578,65.05000305175781,62.619998931884766,64.81999969482422,54.37004852294922,3195600
2020-12-11,64.88999938964844,65.97000122070312,63.54999923706055,64.76000213623047,54.31971740722656,2921200
2020-12-14,65.19999694824219,65.76000213623047,64.5,64.63999938964844,54.219058990478516,2752000
2020-12-15,65.41999816894531,66.0,64.83999633789062,65.9800033569336,55.3430290222168,2117000
2020-12-16,66.0,66.51000213623047,65.80000305175781,66.30999755859375,55.61983871459961,2064600
2020-12-17,66.5999984741211,66.69000244140625,65.9000015258789,66.20999908447266,55.53596115112305,2499100
2020-12-18,66.44000244140625,66.68000030517578,64.5999984741211,64.72000122070312,54.286170959472656,6019000
2020-12-21,64.20999908447266,65.08999633789062,63.66999816894531,65.05000305175781,54.56297302246094,2495400
2020-12-22,64.51000213623047,64.87999725341797,63.56999969482422,63.709999084472656,53.99512481689453,1794300
2020-12-23,63.779998779296875,63.869998931884766,63.0,63.029998779296875,53.4188232421875,1457800
2020-12-24,63.189998626708984,63.189998626708984,62.400001525878906,62.95000076293945,53.35102844238281,797300
2020-12-28,63.86000061035156,63.97999954223633,62.189998626708984,62.52000045776367,52.9865837097168,1781900
2020-12-29,62.16999816894531,62.29999923706055,60.599998474121094,60.7599983215332,51.49496841430664,2520500
2020-12-30,60.22999954223633,61.34000015258789,60.099998474121094,60.599998474121094,51.35936737060547,3258900
2020-12-31,60.599998474121094,62.279998779296875,60.2599983215332,62.15999984741211,52.681488037109375,3483700
2021-01-04,62.290000915527344,62.650001525878906,59.83000183105469,60.08000183105469,50.91865539550781,3266200
2021-01-05,59.849998474121094,60.689998626708984,59.849998474121094,60.15999984741211,50.98646545410156,3000400
2021-01-06,59.91999816894531,60.66999816894531,59.33000183105469,59.869998931884766,50.74067306518555,3192300
2021-01-07,60.150001525878906,60.52000045776367,59.41999816894531,60.11000061035156,50.944068908691406,3534600
2021-01-08,60.709999084472656,60.779998779296875,58.779998779296875,59.0,50.00334167480469,3144300
2021-01-11,58.41999816894531,59.189998626708984,58.040000915527344,58.720001220703125,49.76603698730469,4921400
2021-01-12,58.939998626708984,59.40999984741211,58.70000076293945,59.029998779296875,50.02876281738281,4107700
2021-01-13,59.02000045776367,60.11000061035156,58.9900016784668,59.88999938964844,50.75762939453125,4296200
2021-01-14,60.0,60.689998626708984,59.470001220703125,59.959999084472656,50.816959381103516,3074900
2021-01-15,59.75,61.09000015258789,59.720001220703125,60.5099983215332,51.28308868408203,6259900
2021-01-19,61.20000076293945,61.68000030517578,59.939998626708984,61.220001220703125,51.88481903076172,4425200
2021-01-20,61.5,62.029998779296875,61.16999816894531,61.41999816894531,52.0543212890625,2795600
2021-01-21,61.41999816894531,63.0099983215332,61.150001525878906,62.939998626708984,53.34254837036133,6121800
2021-01-22,60.5099983215332,60.75,58.349998474121094,60.0,50.85084533691406,9787600
2021-01-25,60.11000061035156,61.81999969482422,59.13999938964844,61.189998626708984,51.85939407348633,4524200
2021-01-26,61.45000076293945,64.91000366210938,61.45000076293945,64.86000061035156,54.96976852416992,4653700
2021-01-27,64.63999938964844,77.06999969482422,64.12999725341797,71.72000122070312,60.78371810913086,20290200
2021-01-28,70.0,70.45999908447266,66.30000305175781,66.6500015258789,56.48682403564453,7263000
2021-01-29,67.36000061035156,68.55000305175781,65.13999938964844,66.12000274658203,56.03763961791992,4117100
2021-02-01,65.61000061035156,67.33000183105469,65.44999694824219,66.73999786376953,56.56310272216797,2352700
2021-02-02,67.58000183105469,67.61000061035156,65.80999755859375,66.77999877929688,56.597007751464844,2312700
2021-02-03,66.51000213623047,68.5999984741211,66.51000213623047,67.45999908447266,57.1733283996582,2215200
2021-02-04,67.68000030517578,67.91999816894531,66.8499984741211,67.72000122070312,57.39366912841797,2010500
2021-02-05,67.83999633789062,69.76000213623047,67.76000213623047,69.44000244140625,58.85139083862305,1831700
2021-02-08,69.68000030517578,72.0,69.61000061035156,71.41000366210938,60.52099609375,2307600
2021-02-09,71.56999969482422,72.5,71.19000244140625,72.36000061035156,61.32612991333008,1820600
2021-02-10,72.80000305175781,73.1500015258789,70.72000122070312,70.98999786376953,60.165035247802734,2076800
2021-02-11,71.12000274658203,72.48999786376953,70.91000366210938,72.45999908447266,61.410865783691406,1809400
2021-02-12,72.30999755859375,73.20999908447266,71.77999877929688,72.20999908447266,61.19900131225586,1496800
2021-02-16,72.5199966430664,72.88999938964844,70.94000244140625,71.0,60.17351531982422,2290000
2021-02-17,70.55000305175781,71.75,70.05000305175781,71.41000366210938,60.52099609375,1924000
2021-02-18,72.52999877929688,73.8499984741211,71.83999633789062,72.47000122070312,61.41935348510742,2934100
2021-02-19,73.36000061035156,73.83000183105469,71.87000274658203,73.13999938964844,61.987186431884766,2491300
2021-02-22,72.88999938964844,74.44000244140625,72.5,73.4800033569336,62.275360107421875,2130300
2021-02-23,72.19999694824219,72.83999633789062,70.69999694824219,72.20999908447266,61.19900131225586,3031800
2021-02-24,72.62999725341797,76.29000091552734,72.18000030517578,74.33999633789062,63.00420379638672,4154700
2021-02-25,75.36000061035156,75.56999969482422,72.76000213623047,72.8499984741211,61.741416931152344,2933900
2021-02-26,72.58999633789062,75.47000122070312,72.55999755859375,73.2300033569336,62.063472747802734,3657800
2021-03-01,75.29000091552734,75.3499984741211,73.55999755859375,73.80999755859375,62.55501174926758,2539600
2021-03-02,73.18000030517578,74.19000244140625,72.4000015258789,72.5199966430664,61.46172332763672,2241700
2021-03-03,73.68000030517578,76.44999694824219,73.41999816894531,75.94000244140625,64.36023712158203,5505500
2021-03-04,72.80000305175781,73.44999694824219,70.36000061035156,71.61000061035156,60.69049072265625,8329100
2021-03-05,72.87999725341797,74.0,71.19000244140625,73.37999725341797,62.190589904785156,4810500
2021-03-08,73.76000213623047,75.31999969482422,72.87999725341797,74.55999755859375,63.190650939941406,4064900
2021-03-09,75.43000030517578,76.20999908447266,74.66999816894531,75.1500015258789,63.690677642822266,3097000
2021-03-10,75.81999969482422,75.88999938964844,74.52999877929688,74.93000030517578,63.50422668457031,2122500
2021-03-11,75.7699966430664,78.0,75.5199966430664,77.25,65.47047424316406,2712400
2021-03-12,76.98999786376953,77.16000366210938,76.23999786376953,76.77999877929688,65.07215118408203,2614500
2021-03-15,77.12999725341797,77.2300033569336,74.25,75.41000366210938,63.91106414794922,2650900
2021-03-16,75.08999633789062,75.98999786376953,74.69999694824219,75.4800033569336,63.97037124633789,2454300
2021-03-17,76.88999938964844,78.04000091552734,75.44000244140625,77.9800033569336,66.08916473388672,3426700
2021-03-18,76.79000091552734,76.88999938964844,73.5199966430664,73.87000274658203,62.60588836669922,4150600
2021-03-19,74.2300033569336,75.62000274658203,73.94999694824219,74.62999725341797,63.24999237060547,9605100
2021-03-22,75.56999969482422,76.58999633789062,75.26000213623047,75.94000244140625,64.36023712158203,3088000
2021-03-23,74.66999816894531,75.25,71.68000030517578,72.5999984741211,62.07722473144531,2921700
2021-03-24,73.05000305175781,73.66000366210938,71.25,71.33000183105469,60.991310119628906,1936800
2021-03-25,70.98999786376953,73.31999969482422,70.52999877929688,72.9800033569336,62.40216827392578,2680700
2021-03-26,72.88999938964844,76.08000183105469,72.58999633789062,76.0199966430664,65.00153350830078,2832600
2021-03-29,75.69999694824219,77.12999725341797,75.08000183105469,75.2300033569336,64.32601928710938,2365500
2021-03-30,75.08000183105469,75.97000122070312,74.75,75.69999694824219,64.72791290283203,1913600
2021-03-31,75.83000183105469,77.52999877929688,75.43000030517578,76.75,65.62570190429688,2765200
2021-04-01,77.26000213623047,78.5,76.80000305175781,78.48999786376953,67.11351013183594,3178800
2021-04-05,79.05999755859375,79.86000061035156,78.76000213623047,79.19999694824219,67.72059631347656,2188700
2021-04-06,78.66000366210938,79.33999633789062,78.01000213623047,78.72000122070312,67.31018829345703,2314200
2021-04-07,78.87999725341797,79.80000305175781,78.68000030517578,78.95999908447266,67.51539611816406,1680900
2021-04-08,79.98999786376953,80.13999938964844,78.25,80.0,68.40465545654297,2302200
2021-04-09,79.91999816894531,80.7699966430664,79.4000015258789,80.52999877929688,68.85782623291016,2022300
2021-04-12,80.83000183105469,80.83000183105469,79.2300033569336,79.91000366210938,68.32771301269531,1954500
2021-04-13,80.45999908447266,80.5,78.7300033569336,79.9800033569336,68.38754272460938,2465300
2021-04-14,80.01000213623047,80.69000244140625,79.05000305175781,80.27999877929688,68.6440658569336,3445100
2021-04-15,80.5199966430664,81.6500015258789,80.0999984741211,81.33000183105469,69.54190063476562,2535000
2021-04-16,81.62000274658203,82.8499984741211,81.33000183105469,82.06999969482422,70.17462921142578,5786300
2021-04-19,81.94000244140625,83.16999816894531,81.54000091552734,82.33000183105469,70.39694213867188,3111500
2021-04-20,82.5199966430664,83.72000122070312,82.30000305175781,82.41000366210938,70.46536254882812,2832400
2021-04-21,82.56999969482422,83.95999908447266,81.5999984741211,83.87999725341797,71.72225952148438,2646400
2021-04-22,84.12000274658203,85.06999969482422,83.12999725341797,84.08000183105469,71.8932876586914,4529300
2021-04-23,83.48999786376953,89.22000122070312,83.19999694824219,89.1500015258789,76.22843933105469,4343700
2021-04-26,89.58000183105469,93.76000213623047,89.58000183105469,93.2699966430664,79.75125885009766,5177900
2021-04-27,92.7300033569336,94.5999984741211,92.70999908447266,94.2300033569336,80.5721435546875,3829500
2021-04-28,94.66000366210938,95.44999694824219,94.01000213623047,95.19999694824219,81.40154266357422,2972900
2021-04-29,95.80000305175781,97.12000274658203,94.3499984741211,96.83000183105469,82.7952880859375,3231400
2021-04-30,97.01000213623047,97.0999984741211,92.33000183105469,92.83999633789062,79.38359832763672,4829600
2021-05-03,94.0,94.0,90.93000030517578,91.5999984741211,78.32332611083984,3622700
2021-05-04,91.13999938964844,91.13999938964844,86.87000274658203,88.4800033569336,75.65553283691406,5893000
2021-05-05,89.33999633789062,89.55999755859375,87.31999969482422,88.43000030517578,75.61280822753906,3836900
2021-05-06,88.91000366210938,90.01000213623047,87.79000091552734,89.98999786376953,76.94668579101562,3609400
2021-05-07,90.05999755859375,91.9800033569336,88.37999725341797,91.55999755859375,78.28913116455078,4634900
2021-05-10,92.45999908447266,92.5,88.81999969482422,89.98999786376953,76.94668579101562,4500400
2021-05-11,87.7300033569336,89.12000274658203,85.6500015258789,86.76000213623047,74.74132537841797,5254500
2021-05-12,85.9000015258789,86.69999694824219,83.88999938964844,84.41000366210938,72.71685791015625,3179100
2021-05-13,85.01000213623047,87.7699966430664,84.83000183105469,87.12999725341797,75.06006622314453,3082500
2021-05-14,88.5,99.06999969482422,88.41999816894531,97.97000122070312,84.39840698242188,9345400
2021-05-17,97.26000213623047,106.22000122070312,97.20999908447266,104.2300033569336,89.79122161865234,10344500
2021-05-18,104.75,105.1500015258789,100.4800033569336,101.16999816894531,87.15513610839844,4536000
2021-05-19,94.7699966430664,99.91999816894531,91.68000030517578,99.55999755859375,85.76815795898438,4625400
2021-05-20,101.0,102.0,95.5,96.81999969482422,83.40772247314453,3285700
2021-05-21,94.98999786376953,96.54000091552734,93.37999725341797,93.91999816894531,80.90945434570312,3355000
2021-05-24,95.22000122070312,99.5999984741211,93.95999908447266,98.1500015258789,84.5534896850586,3465600
2021-05-25,98.16000366210938,98.43000030517578,93.08000183105469,93.5,80.54763793945312,3244700
2021-05-26,94.58999633789062,96.80999755859375,93.7300033569336,96.79000091552734,83.38188171386719,2589400
2021-05-27,97.16999816894531,98.0,95.7699966430664,96.43000030517578,83.07176208496094,3255200
2021-05-28,98.05000305175781,98.05000305175781,94.94999694824219,95.75,82.4859390258789,2333600
2021-06-01,98.1500015258789,98.87000274658203,96.51000213623047,98.25,84.63963317871094,2214800
2021-06-02,98.87999725341797,100.38999938964844,97.55000305175781,98.02999877929688,84.4500961303711,2157200
2021-06-03,96.4000015258789,97.98999786376953,96.05999755859375,97.56999969482422,84.0538330078125,1392000
2021-06-04,98.11000061035156,99.51000213623047,97.72000122070312,99.12000274658203,85.38910675048828,1250000
2021-06-07,99.69999694824219,99.73999786376953,97.63999938964844,98.6500015258789,84.98423767089844,1734400
2021-06-08,99.08999633789062,101.19000244140625,96.87999725341797,100.83000183105469,86.86223602294922,3200600
2021-06-09,101.6500015258789,101.6500015258789,99.30000305175781,99.33000183105469,85.57003021240234,2284700
2021-06-10,99.69999694824219,100.1500015258789,96.81999969482422,97.45999908447266,83.95906066894531,2105200
2021-06-11,97.88999938964844,99.3499984741211,96.0199966430664,96.7699966430664,83.36463928222656,2318400
2021-06-14,96.76000213623047,97.01000213623047,94.02999877929688,94.66000366210938,81.54695129394531,2018700
2021-06-15,95.12000274658203,95.69999694824219,93.7699966430664,93.94000244140625,80.92668151855469,1382800
2021-06-16,93.75,94.2699966430664,92.37999725341797,92.69000244140625,79.849853515625,1840000
2021-06-17,92.0,92.56999969482422,87.62000274658203,88.81999969482422,76.51593780517578,3802900
2021-06-18,87.27999877929688,87.87000274658203,85.0,85.30000305175781,73.48356628417969,4831700
2021-06-21,86.38999938964844,86.66999816894531,84.68000030517578,85.30999755859375,73.49219512939453,2641800
2021-06-22,85.33000183105469,85.36000061035156,83.69000244140625,84.5,72.79439544677734,2459800
2021-06-23,84.79000091552734,85.98999786376953,83.93000030517578,84.76000213623047,73.01837158203125,2263600
2021-06-24,86.87000274658203,86.87000274658203,85.5,86.38999938964844,74.42256927490234,2002700
2021-06-25,86.23999786376953,87.69999694824219,86.0999984741211,86.5,74.51732635498047,1727900
2021-06-28,86.5,87.11000061035156,86.0,86.20999908447266,74.26750183105469,1428500
2021-06-29,86.5,87.81999969482422,86.30000305175781,87.68000030517578,75.53387451171875,1739600
2021-06-30,88.54000091552734,88.80000305175781,87.05999755859375,87.93000030517578,75.74922943115234,1533600
2021-07-01,88.0999984741211,88.38999938964844,86.48999786376953,86.62000274658203,74.62071228027344,1648800
2021-07-02,86.94000244140625,87.16999816894531,85.79000091552734,87.02999877929688,74.97391510009766,1294800
2021-07-06,86.70999908447266,87.61000061035156,85.12000274658203,85.62999725341797,73.76785278320312,1729100
2021-07-07,86.05999755859375,88.06999969482422,85.54000091552734,87.81999969482422,75.65447235107422,2161800
2021-07-08,85.01000213623047,87.9800033569336,84.58000183105469,86.5,74.51732635498047,1894300
2021-07-09,87.54000091552734,88.61000061035156,87.04000091552734,87.95999908447266,75.77508544921875,1437000
2021-07-12,88.44999694824219,89.43000030517578,87.7699966430664,88.9800033569336,76.6537857055664,1384200
2021-07-13,88.01000213623047,89.30000305175781,87.54000091552734,88.5,76.24027252197266,1584100
2021-07-14,89.5,90.33000183105469,88.83999633789062,89.62000274658203,77.20513916015625,1500100
2021-07-15,90.56999969482422,90.72000122070312,85.45999908447266,86.1500015258789,74.2158203125,2136300
2021-07-16,86.38999938964844,86.98999786376953,84.06999969482422,84.45999908447266,72.75991821289062,1611900
2021-07-19,83.05000305175781,84.44000244140625,82.12999725341797,84.29000091552734,72.61347198486328,1938100
2021-07-20,84.25,86.01000213623047,84.05999755859375,85.48999786376953,73.64724731445312,2470500
2021-07-21,81.75,83.98999786376953,78.86000061035156,82.5999984741211,71.1575927734375,6407600
2021-07-22,82.4800033569336,83.83000183105469,81.95999908447266,83.13999938964844,71.62278747558594,2309900
2021-07-23,83.20999908447266,85.5999984741211,83.16999816894531,85.4800033569336,73.63863372802734,2723200
2021-07-26,85.7300033569336,87.30000305175781,85.7300033569336,86.2699966430664,74.3191909790039,2467300
2021-07-27,85.9800033569336,86.05999755859375,83.12999725341797,85.18000030517578,73.38018798828125,2111700
2021-07-28,85.22000122070312,87.05999755859375,85.11000061035156,86.5999984741211,74.60348510742188,1436900
2021-07-29,87.7300033569336,87.7300033569336,85.75,87.19999694824219,75.12034606933594,1011200
2021-07-30,86.75,88.94999694824219,86.51000213623047,87.9000015258789,75.723388671875,3085100
2021-08-02,88.6500015258789,89.2699966430664,87.81999969482422,88.5,76.24027252197266,2174100
2021-08-03,88.66000366210938,91.0999984741211,88.18000030517578,90.41999816894531,77.894287109375,1962200
2021-08-04,89.94000244140625,90.37999725341797,89.01000213623047,89.31999969482422,76.94668579101562,1617100
2021-08-05,89.80000305175781,91.11000061035156,89.51000213623047,90.9000015258789,78.30780792236328,1784000
2021-08-06,91.3499984741211,93.18000030517578,91.33999633789062,92.1500015258789,79.3846435546875,1472100
2021-08-09,91.83999633789062,93.12999725341797,91.33999633789062,92.5199966430664,79.70341491699219,1044400
2021-08-10,92.87000274658203,93.77999877929688,92.25,92.7699966430664,79.91874694824219,1547200
2021-08-11,92.80000305175781,94.29000091552734,91.80000305175781,94.12999725341797,81.09034729003906,1704500
2021-08-12,94.4800033569336,94.4800033569336,89.94999694824219,90.83000183105469,78.24750518798828,2058700
2021-08-13,90.41000366210938,91.75,90.11000061035156,90.33999633789062,77.82538604736328,1347400
2021-08-16,91.7699966430664,92.38999938964844,90.5999984741211,90.70999908447266,78.14412689208984,1787400
2021-08-17,89.5999984741211,91.1500015258789,88.98999786376953,90.20999908447266,77.71338653564453,1255600
2021-08-18,90.20999908447266,90.83999633789062,88.9800033569336,89.02999877929688,76.69686126708984,1384200
2021-08-19,88.08000183105469,88.79000091552734,87.45999908447266,88.13999938964844,75.93016052246094,1435100
2021-08-20,88.33000183105469,89.5199966430664,87.98999786376953,89.44000244140625,77.05006408691406,1269800
2021-08-23,90.06999969482422,92.33999633789062,89.95999908447266,91.66000366210938,78.96253204345703,1254900
2021-08-24,90.69999694824219,91.16000366210938,84.69000244140625,86.06999969482422,74.14689636230469,5323300
2021-08-25,85.9000015258789,89.52999877929688,85.9000015258789,86.88999938964844,74.85330200195312,3235600
2021-08-26,86.93000030517578,87.19999694824219,84.63999938964844,84.73999786376953,73.00115203857422,2325000
2021-08-27,84.86000061035156,87.0999984741211,84.83999633789062,86.30999755859375,74.35364532470703,1659000
2021-08-30,86.3499984741211,87.2699966430664,85.77999877929688,86.83999633789062,74.81021881103516,1484200
2021-08-31,87.01000213623047,88.2300033569336,86.55000305175781,87.58999633789062,75.45634460449219,1896900
2021-09-01,88.22000122070312,88.22000122070312,86.0,87.19000244140625,75.11174774169922,2051900
2021-09-02,87.91000366210938,89.5999984741211,87.44999694824219,89.5,77.10174560546875,1629000
2021-09-03,89.63999938964844,90.75,89.44000244140625,90.31999969482422,77.80817413330078,1484600
2021-09-07,90.6500015258789,90.80000305175781,87.97000122070312,88.05999755859375,75.86124420166016,1810500
2021-09-08,86.4000015258789,86.43000030517578,83.37000274658203,84.33000183105469,72.64794921875,3542800
2021-09-09,84.44000244140625,88.5999984741211,84.36000061035156,87.33999633789062,75.240966796875,4818400
2021-09-10,87.2300033569336,88.0,83.61000061035156,83.91999816894531,72.29472351074219,3662700
2021-09-13,83.87000274658203,84.79000091552734,83.16999816894531,83.94000244140625,72.31196594238281,1856000
2021-09-14,83.68000030517578,84.9800033569336,82.06999969482422,82.7300033569336,71.26957702636719,2100000
2021-09-15,82.9800033569336,84.38999938964844,82.75,84.3499984741211,72.6651611328125,1867000
2021-09-16,84.1500015258789,86.01000213623047,84.12999725341797,84.81999969482422,73.07006072998047,1782600
2021-09-17,84.23999786376953,85.18000030517578,83.5199966430664,83.73999786376953,72.13967895507812,4437200
2021-09-20,82.30999755859375,83.04000091552734,81.31999969482422,82.94999694824219,71.4591064453125,2267000
2021-09-21,83.08000183105469,83.1500015258789,81.29000091552734,81.56999969482422,70.84248352050781,1697600
2021-09-22,82.55000305175781,83.91999816894531,82.1500015258789,82.94000244140625,72.03231048583984,1504700
2021-09-23,83.47000122070312,85.75,83.30000305175781,85.04000091552734,73.85612487792969,1564500
2021-09-24,85.08999633789062,86.26000213623047,84.3499984741211,86.08000183105469,74.75936126708984,1247600
2021-09-27,85.98999786376953,88.23999786376953,85.69000244140625,86.91000366210938,75.48019409179688,1250200
2021-09-28,86.26000213623047,87.01000213623047,83.88999938964844,84.19999694824219,73.12660217285156,2114400
2021-09-29,83.94000244140625,84.48999786376953,82.4800033569336,83.0999984741211,72.1712646484375,1578800
2021-09-30,83.52999877929688,83.7300033569336,82.4800033569336,82.5199966430664,71.66754150390625,1228400
2021-10-01,83.66999816894531,85.0199966430664,81.33999633789062,84.41000366210938,73.30899047851562,1655500
2021-10-04,84.2300033569336,85.70999908447266,83.58000183105469,84.13999938964844,73.07447814941406,2131600
2021-10-05,84.43000030517578,85.77999877929688,82.83000183105469,85.1500015258789,73.95166015625,2085000
2021-10-06,81.16999816894531,81.94999694824219,79.36000061035156,80.61000061035156,70.00874328613281,4414100
2021-10-07,81.36000061035156,82.62999725341797,80.66999816894531,81.77999877929688,71.02485656738281,2111200
2021-10-08,82.2300033569336,82.55000305175781,79.83999633789062,79.93000030517578,69.41816711425781,1985700
2021-10-11,79.8499984741211,82.22000122070312,79.69999694824219,81.62999725341797,70.89458465576172,2514400
2021-10-12,81.94999694824219,82.0999984741211,78.19999694824219,79.01000213623047,68.61917114257812,2558100
2021-10-13,79.2300033569336,80.30000305175781,78.76000213623047,79.56999969482422,69.10551452636719,1357400
2021-10-14,80.5,83.48999786376953,80.31999969482422,82.5,71.65017700195312,2102600
2021-10-15,82.45999908447266,83.30000305175781,81.72000122070312,81.98999786376953,71.20723724365234,1733200
2021-10-18,81.38999938964844,82.20999908447266,80.79000091552734,81.23999786376953,70.55587768554688,1911800
2021-10-19,81.25,81.51000213623047,79.83999633789062,81.12000274658203,70.45166015625,2425500
2021-10-20,81.2300033569336,82.19000244140625,80.4800033569336,80.52999877929688,69.93925476074219,1983200
2021-10-21,80.1500015258789,82.25,79.83999633789062,82.23999786376953,71.42436218261719,2606300
2021-10-22,86.5,88.97000122070312,85.0999984741211,87.2300033569336,75.75812530517578,5172600
2021-10-25,88.58999633789062,89.87000274658203,87.58000183105469,89.16000366210938,77.43429565429688,3979600
2021-10-26,87.76000213623047,89.0,85.94000244140625,88.06999969482422,76.4876480102539,3877500
2021-10-27,88.66999816894531,89.0,87.54000091552734,88.02999877929688,76.45291137695312,2154400
2021-10-28,88.48999786376953,89.98999786376953,88.48999786376953,89.55000305175781,77.77301788330078,1766100
2021-10-29,88.25,89.54000091552734,87.76000213623047,89.06999969482422,77.35612487792969,2702300
2021-11-01,89.55000305175781,93.25,89.45999908447266,91.9000015258789,79.8139419555664,2293400
2021-11-02,92.12999725341797,92.13999938964844,90.48999786376953,91.81999969482422,79.74446105957031,1754500
2021-11-03,92.19999694824219,94.81999969482422,91.91000366210938,93.45999908447266,81.16877746582031,2722000
2021-11-04,94.0,95.33000183105469,93.62999725341797,95.30000305175781,82.76680755615234,1375900
2021-11-05,95.69999694824219,97.36000061035156,95.52999877929688,96.75,84.026123046875,1636900
2021-11-08,97.12000274658203,98.13999938964844,97.0,97.72000122070312,84.8685531616211,1275200
2021-11-09,97.69000244140625,99.5,96.88999938964844,99.29000091552734,86.23208618164062,2631900
2021-11-10,99.18000030517578,100.66999816894531,98.18000030517578,99.0199966430664,85.99757385253906,1876500
2021-11-11,99.1500015258789,106.68000030517578,99.0999984741211,105.26000213623047,91.41693115234375,5507400
2021-11-12,105.94000244140625,116.93000030517578,105.5999984741211,108.12000274658203,93.90081024169922,7778500
2021-11-15,108.19000244140625,108.30000305175781,105.20999908447266,105.66000366210938,91.76432800292969,3037300
2021-11-16,106.08999633789062,106.44999694824219,103.33000183105469,103.66000366210938,90.02735900878906,2918100
2021-11-17,103.66999816894531,104.5,100.36000061035156,100.88999938964844,87.62166595458984,3194800
2021-11-18,101.43000030517578,101.94000244140625,100.25,101.25,87.93431091308594,2736700
2021-11-19,101.87999725341797,102.81999969482422,100.6500015258789,100.77999877929688,87.52611541748047,1831300
2021-11-22,101.0999984741211,103.69000244140625,100.63999938964844,101.62000274658203,88.25564575195312,2405400
2021-11-23,101.93000030517578,103.47000122070312,100.01000213623047,101.58000183105469,88.22091674804688,2040700
2021-11-24,101.18000030517578,101.73999786376953,100.5,101.04000091552734,87.75194549560547,1644700
2021-11-26,99.22000122070312,100.36000061035156,98.06999969482422,98.62000274658203,85.65019226074219,1345400
2021-11-29,100.7699966430664,104.43000030517578,100.69000244140625,104.05999755859375,90.37474822998047,2425400
2021-11-30,102.94999694824219,104.7300033569336,101.63999938964844,102.66999816894531,89.16756439208984,4115800
2021-12-01,104.16000366210938,108.44999694824219,103.70999908447266,103.83999633789062,90.18367767333984,3057500
2021-12-02,103.29000091552734,106.11000061035156,102.62000274658203,105.11000061035156,91.28665924072266,2016200
2021-12-03,103.7699966430664,106.31999969482422,103.08999633789062,105.41000366210938,91.54721069335938,3038400
2021-12-06,104.73999786376953,105.37000274658203,101.5999984741211,103.58999633789062,89.966552734375,1937800
2021-12-07,105.11000061035156,109.38999938964844,104.29000091552734,108.5199966430664,94.24821472167969,2593200
2021-12-08,108.83999633789062,109.0,104.45999908447266,105.69999694824219,91.79905700683594,2301000
2021-12-09,105.36000061035156,106.18000030517578,102.83000183105469,102.93000030517578,89.39336395263672,1519800
2021-12-10,103.51000213623047,103.9800033569336,101.6500015258789,103.91000366210938,90.2444839477539,1214000
2021-12-13,103.68000030517578,103.77999877929688,100.75,101.68000030517578,88.3077621459961,1458900
2021-12-14,101.05000305175781,102.62000274658203,100.06999969482422,102.44000244140625,88.96781158447266,1824100
2021-12-15,102.72000122070312,104.69999694824219,100.5999984741211,104.52999877929688,90.78294372558594,1610900
2021-12-16,105.43000030517578,106.73999786376953,103.98999786376953,104.61000061035156,90.85240936279297,2084000
2021-12-17,103.94000244140625,105.30999755859375,102.54000091552734,104.51000213623047,90.76556396484375,4205400
2021-12-20,103.88999938964844,105.98999786376953,103.1500015258789,105.12999725341797,91.30403900146484,1986700
2021-12-21,107.54000091552734,109.27999877929688,105.79000091552734,109.22000122070312,95.49195861816406,2088600
2021-12-22,108.36000061035156,110.3499984741211,107.25,110.30999755859375,96.44496154785156,1583800
2021-12-23,110.6500015258789,112.19000244140625,110.5,111.41999816894531,97.41545104980469,1105300
2021-12-27,111.58000183105469,113.94999694824219,111.51000213623047,113.61000061035156,99.33018493652344,849200
2021-12-28,114.0,114.29000091552734,113.0,113.83999633789062,99.53126525878906,753200
2021-12-29,114.0999984741211,116.3499984741211,114.0999984741211,115.0,100.54550170898438,1456000
2021-12-30,114.98999786376953,115.87999725341797,113.68000030517578,113.77999877929688,99.47882843017578,1446700
2021-12-31,113.69000244140625,115.12999725341797,112.75,112.9800033569336,98.77938079833984,1060200
2022-01-03,113.02999877929688,114.41000366210938,111.58000183105469,113.16000366210938,98.936767578125,1421700
2022-01-04,113.68000030517578,116.5,113.30000305175781,116.0199966430664,101.43726348876953,1590000
2022-01-05,115.97000122070312,117.66999816894531,114.30000305175781,114.70999908447266,100.29193115234375,2276300
2022-01-06,114.66999816894531,115.5,112.0199966430664,112.37999725341797,98.25477600097656,1644000
2022-01-07,112.0,112.6500015258789,110.02999877929688,110.95999908447266,97.01326751708984,1501500
2022-01-10,110.0,114.58000183105469,109.33000183105469,114.41999816894531,100.03838348388672,2566100
2022-01-11,114.25,115.0,108.62999725341797,111.72000122070312,97.67774963378906,2403500
2022-01-12,112.69000244140625,114.44999694824219,111.95999908447266,113.2300033569336,98.99796295166016,1286200
2022-01-13,114.0,114.22000122070312,110.43000030517578,110.83999633789062,96.90835571289062,1195100
2022-01-14,110.12999725341797,111.41999816894531,108.1500015258789,109.19999694824219,95.47447204589844,1288000
2022-01-18,108.13999938964844,108.33000183105469,105.0199966430664,105.45999908447266,92.20457458496094,1579200
2022-01-19,106.05000305175781,106.33999633789062,102.08999633789062,102.36000061035156,89.49421691894531,2063200
2022-01-20,103.83999633789062,103.98999786376953,100.23999786376953,100.43000030517578,87.80680847167969,2158100
2022-01-21,99.22000122070312,99.55999755859375,95.25,95.5199966430664,83.51395416259766,2735400
2022-01-24,93.69000244140625,97.38999938964844,91.93000030517578,97.16000366210938,84.94781494140625,3036700
2022-01-25,95.1500015258789,96.38999938964844,91.88999938964844,94.77999877929688,82.86695861816406,2324900
2022-01-26,97.83999633789062,98.94999694824219,94.5,96.30999755859375,84.20465087890625,3665600
2022-01-27,107.29000091552734,117.02999877929688,102.5199966430664,103.68000030517578,90.64830780029297,11944400
2022-01-28,102.61000061035156,107.19999694824219,100.66000366210938,107.0199966430664,93.56849670410156,3850900
2022-01-31,106.5,109.58999633789062,106.22000122070312,107.1500015258789,93.68215942382812,3820500
2022-02-01,107.1500015258789,108.73999786376953,105.51000213623047,107.95999908447266,94.39033508300781,1931800
2022-02-02,108.06999969482422,110.62000274658203,107.44000244140625,110.38999938964844,96.51493072509766,2075100
2022-02-03,108.61000061035156,109.94999694824219,108.0999984741211,108.16999816894531,94.5739517211914,1565500
2022-02-04,107.80999755859375,109.9000015258789,106.80000305175781,108.72000122070312,95.05482482910156,1297400
2022-02-07,109.63999938964844,110.04000091552734,108.5,109.44000244140625,95.68431854248047,1374100
2022-02-08,109.62000274658203,111.0,108.69000244140625,110.73999786376953,96.82093048095703,1284300
2022-02-09,112.19999694824219,112.37000274658203,110.26000213623047,112.08000183105469,97.99248504638672,1227400
2022-02-10,110.81999969482422,113.5,109.55999755859375,110.08000183105469,96.24388885498047,1794300
2022-02-11,110.58000183105469,111.63999938964844,108.12000274658203,108.70999908447266,95.04607391357422,1734400
2022-02-14,108.36000061035156,108.63999938964844,105.41999816894531,106.12999725341797,92.79034423828125,1809500
2022-02-15,107.81999969482422,110.4000015258789,107.05000305175781,109.91999816894531,96.10398864746094,1204800
2022-02-16,109.4000015258789,112.62999725341797,109.08999633789062,111.8499984741211,97.7914047241211,1329200
2022-02-17,111.56999969482422,112.62999725341797,110.70999908447266,111.19000244140625,97.21435546875,1221900
2022-02-18,110.7300033569336,110.9800033569336,108.44000244140625,108.63999938964844,94.98487091064453,1906500
2022-02-22,107.20999908447266,108.41000366210938,105.44000244140625,107.3499984741211,93.85700225830078,3470800
2022-02-23,107.9800033569336,108.62999725341797,104.52999877929688,104.83000183105469,91.65377044677734,2818100
2022-02-24,100.4000015258789,103.33000183105469,99.43000030517578,103.16000366210938,90.19366455078125,2948600
2022-02-25,103.56999969482422,105.04000091552734,102.5,104.9000015258789,91.71497344970703,1911300
2022-02-28,103.18000030517578,104.54000091552734,101.58000183105469,103.16000366210938,90.19366455078125,2011900
2022-03-01,102.80000305175781,104.2699966430664,100.05999755859375,100.62000274658203,87.9729232788086,1672300
2022-03-02,101.4000015258789,106.08999633789062,101.31999969482422,105.69999694824219,92.41439819335938,1652000
2022-03-03,105.95999908447266,106.62000274658203,104.0999984741211,104.66000366210938,91.50511169433594,950800
2022-03-04,103.27999877929688,104.4000015258789,101.83000183105469,103.18000030517578,90.21113586425781,1591900
2022-03-07,102.2699966430664,104.4000015258789,100.0,100.08999633789062,87.5095443725586,1541300
2022-03-08,100.58999633789062,103.47000122070312,90.2300033569336,90.56999969482422,79.18612670898438,5207500
2022-03-09,91.7699966430664,92.16000366210938,87.25,90.38999938964844,79.02874755859375,3827200
2022-03-10,89.3499984741211,89.80000305175781,87.31999969482422,88.72000122070312,77.56866455078125,2047700
2022-03-11,89.44000244140625,89.73999786376953,86.26000213623047,87.33000183105469,76.3533706665039,1871100
2022-03-14,87.23999786376953,87.83000183105469,84.51000213623047,86.3499984741211,75.49652862548828,2426300
2022-03-15,86.54000091552734,88.9800033569336,86.04000091552734,88.61000061035156,77.47246551513672,2165200
2022-03-16,89.4800033569336,90.76000213623047,88.13999938964844,90.44000244140625,79.07246398925781,1852900
2022-03-17,89.93000030517578,92.44000244140625,89.0,92.0999984741211,80.52381896972656,1756200
2022-03-18,91.62000274658203,94.58000183105469,91.3499984741211,94.31999969482422,82.46476745605469,3945100
2022-03-21,93.76000213623047,94.7300033569336,91.83999633789062,92.2699966430664,81.275634765625,1267800
2022-03-22,92.5999984741211,93.81999969482422,91.5,93.66999816894531,82.5088119506836,1445600
2022-03-23,93.41000366210938,93.41000366210938,90.80000305175781,91.41000366210938,80.51810455322266,1397300
2022-03-24,92.06999969482422,93.9800033569336,91.77999877929688,93.91999816894531,82.7290267944336,1296200
2022-03-25,93.54000091552734,93.54000091552734,88.52999877929688,90.91999816894531,80.08650207519531,2736300
2022-03-28,90.5,92.4800033569336,90.25,92.38999938964844,81.38133239746094,1316900
2022-03-29,93.66000366210938,94.68000030517578,91.37000274658203,93.6500015258789,82.49120330810547,1410300
2022-03-30,93.66000366210938,94.0199966430664,90.79000091552734,91.37000274658203,80.4828872680664,1160400
2022-03-31,91.69000244140625,92.08999633789062,89.80000305175781,89.9000015258789,79.18803405761719,2125400
2022-04-01,90.48999786376953,90.80000305175781,87.56999969482422,89.41999816894531,78.76522827148438,1834800
2022-04-04,89.9800033569336,91.22000122070312,89.51000213623047,90.97000122070312,80.13054656982422,1111800
2022-04-05,90.66999816894531,91.80000305175781,87.75,88.1500015258789,77.64655303955078,1663300
2022-04-06,86.68000030517578,87.5,85.58999633789062,86.0999984741211,75.8407974243164,1544200
2022-04-07,86.38999938964844,87.05000305175781,85.12000274658203,86.52999877929688,76.21958923339844,1476700
2022-04-08,86.19000244140625,86.36000061035156,84.83999633789062,85.04000091552734,74.90711975097656,1117500
2022-04-11,84.93000030517578,85.26000213623047,83.05000305175781,84.5199966430664,74.44908905029297,1376600
2022-04-12,85.44000244140625,86.81999969482422,83.01000213623047,83.1500015258789,73.2423095703125,1891200
2022-04-13,83.45999908447266,84.5999984741211,82.70999908447266,84.0999984741211,74.07913970947266,1519400
2022-04-14,81.18000030517578,82.77999877929688,80.88999938964844,81.41000366210938,71.70966339111328,2806400
2022-04-18,81.4000015258789,83.26000213623047,81.2699966430664,82.30999755859375,72.5024185180664,1909400
2022-04-19,81.51000213623047,84.44000244140625,81.27999877929688,84.12999725341797,74.10553741455078,1865400
2022-04-20,85.0199966430664,86.95999908447266,84.69000244140625,85.76000213623047,75.54134368896484,1863100
2022-04-21,86.22000122070312,86.87999725341797,83.91000366210938,84.25,74.21125030517578,1310500
2022-04-22,83.87000274658203,84.08999633789062,82.22000122070312,82.41999816894531,72.59928131103516,1564400
2022-04-25,81.5199966430664,82.76000213623047,80.80000305175781,82.54000091552734,72.70500946044922,2155300
2022-04-26,81.9000015258789,82.05000305175781,78.94999694824219,79.23999786376953,69.7982177734375,2797600
2022-04-27,80.0,84.83999633789062,79.7699966430664,81.6500015258789,71.92105865478516,3259100
2022-04-28,81.68000030517578,83.12000274658203,79.98999786376953,82.16999816894531,72.37909698486328,2145600
2022-04-29,82.9800033569336,84.91000366210938,81.88999938964844,82.04000091552734,72.26457214355469,2798400
2022-05-02,82.0999984741211,82.5199966430664,80.04000091552734,82.44999694824219,72.625732421875,1960800
2022-05-03,82.97000122070312,84.19999694824219,81.94000244140625,83.88999938964844,73.8941421508789,2309900
2022-05-04,84.12000274658203,86.73999786376953,82.55000305175781,86.44999694824219,76.14910888671875,2099700
2022-05-05,85.13999938964844,85.30000305175781,81.79000091552734,82.72000122070312,72.86355590820312,2042600
2022-05-06,82.0,83.86000061035156,81.23999786376953,82.62000274658203,72.77548217773438,1479600
2022-05-09,81.01000213623047,82.54000091552734,79.95999908447266,80.36000061035156,70.78478240966797,1592100
2022-05-10,81.55000305175781,82.16999816894531,79.80000305175781,80.80000305175781,71.17234802246094,1867400
2022-05-11,80.19999694824219,81.80000305175781,76.91999816894531,77.12999725341797,67.93962097167969,1611500
2022-05-12,76.58000183105469,78.3499984741211,76.27999877929688,78.0999984741211,68.7940673828125,1780200
2022-05-13,79.30000305175781,81.16999816894531,79.06999969482422,80.70999908447266,71.09305572509766,1399300
2022-05-16,80.66000366210938,83.79000091552734,80.41999816894531,82.83000183105469,72.96045684814453,3144500
2022-05-17,83.5999984741211,87.25,83.5999984741211,87.0999984741211,76.72167205810547,1895700
2022-05-18,85.9000015258789,86.51000213623047,83.19999694824219,84.0999984741211,74.07913970947266,1892500
2022-05-19,83.19999694824219,84.5,82.18000030517578,82.51000213623047,72.6785888671875,1584800
2022-05-20,83.06999969482422,83.48999786376953,78.0999984741211,80.12000274658203,70.57337188720703,2312700
2022-05-23,80.70999908447266,82.08000183105469,80.08000183105469,81.93000030517578,72.16768646240234,1274900
2022-05-24,81.55999755859375,81.7699966430664,78.33999633789062,79.55000305175781,70.07128143310547,1959700
2022-05-25,79.30000305175781,83.52999877929688,79.0999984741211,82.66000366210938,72.81072235107422,1806600
2022-05-26,82.04000091552734,86.0,82.04000091552734,85.7300033569336,75.51490020751953,1640400
2022-05-27,87.01000213623047,88.25,86.01000213623047,88.16999816894531,77.6641845703125,1451800
2022-05-31,86.80999755859375,87.0199966430664,82.05999755859375,84.66999816894531,74.5811996459961,4015100
2022-06-01,85.0999984741211,86.43000030517578,83.66999816894531,83.68000030517578,73.70916748046875,1904800
2022-06-02,83.68000030517578,85.27999877929688,83.52999877929688,84.63999938964844,74.55477905273438,1086400
2022-06-03,83.38999938964844,83.7300033569336,81.76000213623047,82.70999908447266,72.85474395751953,1159700
2022-06-06,83.69000244140625,84.37999725341797,82.12999725341797,82.54000091552734,72.70500946044922,1175500
2022-06-07,81.70999908447266,84.6500015258789,81.5199966430664,84.48999786376953,74.42267608642578,1305200
2022-06-08,84.29000091552734,84.33999633789062,82.45999908447266,83.69000244140625,73.71797943115234,1841000
2022-06-09,83.12999725341797,85.19999694824219,82.80000305175781,82.8499984741211,72.97807312011719,1613800
2022-06-10,81.52999877929688,82.19999694824219,80.12999725341797,80.61000061035156,71.0049819946289,1540500
2022-06-13,78.6500015258789,79.47000122070312,76.66999816894531,77.04000091552734,67.86034393310547,2376300
2022-06-14,77.5,77.61000061035156,74.87999725341797,75.62999725341797,66.61835479736328,1558900
2022-06-15,75.87999725341797,77.30999755859375,74.95999908447266,76.23999786376953,67.15568542480469,1815700
2022-06-16,73.98999786376953,74.06999969482422,70.11000061035156,70.81999969482422,62.381492614746094,3201200
2022-06-17,70.94000244140625,73.19000244140625,70.36000061035156,72.69000244140625,64.0286865234375,3171200
2022-06-21,73.72000122070312,74.63999938964844,71.93000030517578,72.69999694824219,64.03749084472656,2077000
2022-06-22,72.37999725341797,72.95999908447266,71.16000366210938,71.5999984741211,63.06856155395508,3195800
2022-06-23,71.56999969482422,71.56999969482422,69.77999877929688,70.75,62.93512725830078,1790900
2022-06-24,70.97000122070312,74.43000030517578,70.91000366210938,74.1500015258789,65.95956420898438,1948500
2022-06-27,74.83000183105469,74.83000183105469,73.45999908447266,74.20999908447266,66.01293182373047,1046100
2022-06-28,74.66999816894531,75.22000122070312,72.5199966430664,72.91000366210938,64.85653686523438,1657400
2022-06-29,72.91000366210938,73.05000305175781,71.06999969482422,71.4800033569336,63.58448791503906,1411100
2022-06-30,70.37999725341797,72.26000213623047,69.80999755859375,71.44000244140625,63.54889678955078,1526600
2022-07-01,71.01000213623047,71.5199966430664,68.0199966430664,69.08999633789062,61.4584846496582,1782500
2022-07-05,67.5999984741211,71.33000183105469,67.36000061035156,71.30999755859375,63.433265686035156,1796300
2022-07-06,71.08000183105469,71.97000122070312,70.19999694824219,71.52999877929688,63.628963470458984,1610100
2022-07-07,72.29000091552734,74.91999816894531,72.08999633789062,74.48999786376953,66.26200103759766,1714400
2022-07-08,73.69000244140625,75.55000305175781,73.33000183105469,74.87000274658203,66.60003662109375,1105000
2022-07-11,74.55000305175781,74.98999786376953,73.61000061035156,74.33000183105469,66.11968994140625,1330900
2022-07-12,74.63999938964844,75.87000274658203,74.19999694824219,74.77999877929688,66.51998138427734,1163200
2022-07-13,73.5,75.12000274658203,73.25,74.55999755859375,66.32428741455078,1432800
2022-07-14,73.52999877929688,75.88999938964844,72.0199966430664,75.58000183105469,67.23160552978516,1550100
2022-07-15,76.26000213623047,77.91999816894531,75.37000274658203,77.58000183105469,69.01070404052734,1985300
2022-07-18,78.16000366210938,79.44999694824219,77.16999816894531,77.51000213623047,68.94844818115234,1577800
2022-07-19,77.86000061035156,81.0,77.7300033569336,80.79000091552734,71.86613464355469,2298200
2022-07-20,80.2699966430664,82.20999908447266,80.0199966430664,82.06999969482422,73.0047607421875,2211000
2022-07-21,82.43000030517578,83.77999877929688,81.08000183105469,83.61000061035156,74.37464141845703,3380600
2022-07-22,75.0,79.23999786376953,75.0,76.83000183105469,68.34354400634766,8009900
2022-07-25,76.91000366210938,78.98999786376953,75.27999877929688,76.5199966430664,68.06778717041016,3441500
2022-07-26,76.44000244140625,77.77999877929688,75.98999786376953,75.98999786376953,67.59632110595703,2383400
2022-07-27,76.11000061035156,79.12999725341797,75.37000274658203,78.68000030517578,69.98918151855469,2387800
2022-07-28,78.58000183105469,80.13999938964844,77.06999969482422,79.80000305175781,70.98548126220703,1859600
2022-07-29,79.5,80.86000061035156,78.98999786376953,79.9800033569336,71.14559936523438,3995200
2022-08-01,78.97000122070312,80.20999908447266,77.66000366210938,79.54000091552734,70.75420379638672,1325600
2022-08-02,79.0,80.41000366210938,78.30999755859375,79.01000213623047,70.28274536132812,1309700
2022-08-03,79.5,80.66000366210938,79.04000091552734,80.16000366210938,71.30571746826172,1169900
2022-08-04,80.20999908447266,80.72000122070312,79.22000122070312,80.38999938964844,71.51031494140625,1180600
2022-08-05,79.05999755859375,81.04000091552734,78.62000274658203,80.94999694824219,72.00843811035156,1223800
2022-08-08,80.81999969482422,81.73999786376953,80.36000061035156,81.08000183105469,72.12410736083984,1163000
2022-08-09,80.3499984741211,80.37000274658203,75.66999816894531,77.33999633789062,68.79720306396484,2195500
2022-08-10,78.63999938964844,80.72000122070312,78.55000305175781,80.33999633789062,71.4658203125,1282900
2022-08-11,81.30999755859375,83.63999938964844,80.43000030517578,82.47000122070312,73.36054229736328,1766200
2022-08-12,82.66000366210938,83.51000213623047,82.2699966430664,83.43000030517578,74.21453094482422,1019000
2022-08-15,82.87999725341797,82.91000366210938,81.2300033569336,82.19999694824219,73.1203842163086,1259600
2022-08-16,81.5999984741211,82.4000015258789,81.37999725341797,81.8499984741211,72.80905151367188,845800
2022-08-17,80.91999816894531,80.91999816894531,78.04000091552734,79.23999786376953,70.48733520507812,2550500
2022-08-18,79.5199966430664,81.80000305175781,79.51000213623047,81.62999725341797,72.61334228515625,1067400
2022-08-19,80.8499984741211,80.8499984741211,79.58000183105469,79.97000122070312,71.13671112060547,1014700
2022-08-22,78.20999908447266,78.68000030517578,76.30000305175781,76.56999969482422,68.11227416992188,1880700
2022-08-23,76.66000366210938,77.31999969482422,75.19999694824219,75.55999755859375,67.21382904052734,1658600
2022-08-24,75.33999633789062,76.69000244140625,75.30000305175781,76.06999969482422,67.66748046875,1131100
2022-08-25,76.66999816894531,79.26000213623047,76.63999938964844,79.23999786376953,70.48733520507812,1215500
2022-08-26,78.76000213623047,78.79000091552734,74.55999755859375,74.62000274658203,66.37767028808594,1789400
2022-08-29,73.58999633789062,74.95999908447266,72.5,72.55999755859375,64.54520416259766,1290000
2022-08-30,72.13999938964844,72.19999694824219,68.81999969482422,69.41999816894531,61.75203323364258,3582100
2022-08-31,65.41000366210938,67.83000183105469,65.0999984741211,66.95999908447266,59.563758850097656,6244300
2022-09-01,65.08999633789062,66.16000366210938,63.5,65.91999816894531,58.63862228393555,3028500
2022-09-02,66.88999938964844,67.44000244140625,65.06999969482422,65.47000122070312,58.238338470458984,1727200
2022-09-06,65.55999755859375,66.0999984741211,63.7599983215332,65.3499984741211,58.131595611572266,2432400
2022-09-07,64.86000061035156,66.05000305175781,64.31999969482422,65.62000274658203,58.37177276611328,1734800
2022-09-08,65.05000305175781,66.2699966430664,63.779998779296875,66.12999725341797,58.825439453125,1813700
2022-09-09,67.12999725341797,69.19999694824219,66.80999755859375,68.83000183105469,61.22719955444336,2292300
2022-09-12,69.22000122070312,69.8499984741211,68.4800033569336,68.7699966430664,61.17382049560547,1917900
2022-09-13,66.9000015258789,67.25,64.80000305175781,65.23999786376953,58.033748626708984,2466100
2022-09-14,65.06999969482422,65.25,62.599998474121094,63.220001220703125,56.236873626708984,2989200
2022-09-15,63.06999969482422,63.540000915527344,62.099998474121094,62.58000183105469,55.66755676269531,3894900
2022-09-16,62.33000183105469,62.810001373291016,61.540000915527344,62.709999084472656,55.783199310302734,3219400
2022-09-19,61.779998779296875,62.779998779296875,61.36000061035156,62.02000045776367,55.1694221496582,2315400
2022-09-20,60.689998626708984,60.84000015258789,59.220001220703125,59.93000030517578,53.91883850097656,2143300
2022-09-21,60.040000915527344,61.93000030517578,59.4900016784668,59.529998779296875,53.5589599609375,1875200
2022-09-22,59.08000183105469,59.45000076293945,58.560001373291016,58.84000015258789,52.93817138671875,1290000
2022-09-23,58.09000015258789,58.34000015258789,56.880001068115234,57.779998779296875,51.9844856262207,2087500
2022-09-26,57.06999969482422,57.650001525878906,55.15999984741211,55.38999938964844,49.83422088623047,2443500
2022-09-27,56.52000045776367,56.779998779296875,55.560001373291016,56.529998779296875,50.85986328125,1524300
2022-09-28,56.540000915527344,57.209999084472656,56.290000915527344,56.97999954223633,51.26473617553711,1429900
2022-09-29,55.720001220703125,55.720001220703125,53.040000915527344,54.380001068115234,48.92552947998047,4334000
2022-09-30,54.380001068115234,55.36000061035156,53.119998931884766,53.22999954223633,47.890872955322266,2632600
2022-10-03,53.56999969482422,55.630001068115234,53.56999969482422,54.7599983215332,49.26740264892578,4374100
2022-10-04,55.77000045776367,57.560001373291016,55.689998626708984,57.0,51.2827262878418,4755700
2022-10-05,55.869998931884766,57.7599983215332,55.220001220703125,57.43000030517578,51.66958999633789,2745200
2022-10-06,56.880001068115234,57.11000061035156,54.59000015258789,55.709999084472656,50.12211990356445,3313400
2022-10-07,54.470001220703125,55.9900016784668,53.22999954223633,53.7599983215332,48.367706298828125,2926300
2022-10-10,53.93000030517578,54.099998474121094,51.59000015258789,52.22999954223633,46.991172790527344,1889700
2022-10-11,52.13999938964844,53.15999984741211,51.34000015258789,51.970001220703125,46.75725555419922,2802800
2022-10-12,52.189998626708984,52.7599983215332,51.56999969482422,51.81999969482422,46.62229919433594,1573800
2022-10-13,50.650001525878906,53.959999084472656,50.29999923706055,53.040000915527344,47.71992492675781,2100600
2022-10-14,53.380001068115234,53.380001068115234,49.619998931884766,51.61000061035156,46.433353424072266,3943900
2022-10-17,52.83000183105469,53.209999084472656,52.130001068115234,53.060001373291016,47.73792266845703,1861100
2022-10-18,54.279998779296875,54.54999923706055,52.189998626708984,52.970001220703125,47.656944274902344,1625700
2022-10-19,52.400001525878906,53.599998474121094,52.400001525878906,52.849998474121094,47.54898452758789,2211100
2022-10-20,53.349998474121094,54.95000076293945,52.779998779296875,53.029998779296875,47.710933685302734,2690200
2022-10-21,52.970001220703125,55.77000045776367,52.81999969482422,55.709999084472656,50.12211990356445,3434400
2022-10-24,56.02000045776367,56.54999923706055,54.939998626708984,56.310001373291016,50.66193771362305,3276800
2022-10-25,55.959999084472656,58.0,55.959999084472656,58.0,52.18242263793945,4275700
2022-10-26,53.0,54.81999969482422,50.470001220703125,53.38999938964844,48.034812927246094,10041400
2022-10-27,53.13999938964844,54.27000045776367,51.790000915527344,51.959999084472656,46.748252868652344,5480800
2022-10-28,52.0,52.689998626708984,51.349998474121094,51.45000076293945,46.28940963745117,4390500
2022-10-31,51.040000915527344,51.31999969482422,49.58000183105469,49.65999984741211,44.678955078125,4408000
2022-11-01,50.5,51.70000076293945,49.75,51.029998779296875,45.91154098510742,2528800
2022-11-02,50.81999969482422,51.27000045776367,49.439998626708984,49.4900016784668,44.5260009765625,2400300
2022-11-03,48.7400016784668,49.08000183105469,47.470001220703125,48.4900016784668,43.626312255859375,2154700
2022-11-04,49.81999969482422,51.36000061035156,49.650001525878906,51.119998931884766,45.99250793457031,2675000
2022-11-07,51.47999954223633,52.869998931884766,51.0,52.56999969482422,47.29706573486328,2224600
2022-11-08,53.099998474121094,54.08000183105469,52.189998626708984,53.0,47.68394470214844,2848900
2022-11-09,52.18000030517578,52.29999923706055,50.540000915527344,50.59000015258789,45.515663146972656,1933100
2022-11-10,53.20000076293945,54.68000030517578,52.959999084472656,53.79999923706055,48.40370178222656,3155500
2022-11-11,54.0,57.599998474121094,53.95000076293945,57.150001525878906,51.417686462402344,2597600
2022-11-14,56.540000915527344,57.599998474121094,56.33000183105469,56.38999938964844,50.733909606933594,2131200
2022-11-15,57.869998931884766,58.060001373291016,55.56999969482422,55.72999954223633,50.14011764526367,3516400
2022-11-16,55.0,55.0,52.22999954223633,53.90999984741211,48.502662658691406,2886100
2022-11-17,52.95000076293945,54.61000061035156,52.66999816894531,54.40999984741211,48.952510833740234,1314300
2022-11-18,55.11000061035156,55.220001220703125,53.630001068115234,54.56999969482422,49.096466064453125,1405300
2022-11-21,53.939998626708984,54.560001373291016,53.33000183105469,54.099998474121094,48.67360305786133,1667900
2022-11-22,54.560001373291016,54.83000183105469,53.599998474121094,54.11000061035156,48.68260192871094,1647500
2022-11-23,54.34000015258789,54.959999084472656,54.11000061035156,54.810001373291016,49.31239700317383,1213900
2022-11-25,54.599998474121094,55.41999816894531,54.43000030517578,54.70000076293945,49.21343231201172,883000
2022-11-28,54.11000061035156,54.47999954223633,52.13999938964844,52.310001373291016,47.063148498535156,2083200
2022-11-29,51.900001525878906,52.290000915527344,51.18000030517578,51.45000076293945,46.28940963745117,2313600
2022-11-30,50.86000061035156,53.099998474121094,49.68000030517578,52.970001220703125,47.656944274902344,4164300
2022-12-01,53.34000015258789,53.869998931884766,52.77000045776367,53.29999923706055,47.9538459777832,2449200
2022-12-02,52.0,53.04999923706055,51.54999923706055,52.970001220703125,47.656944274902344,1992800
2022-12-05,52.91999816894531,53.900001525878906,52.119998931884766,52.25,47.0091667175293,1867700
2022-12-06,52.25,52.689998626708984,51.56999969482422,52.20000076293945,46.964176177978516,2660300
2022-12-07,51.459999084472656,53.18000030517578,51.33000183105469,52.56999969482422,47.29706573486328,1835100
2022-12-08,52.97999954223633,54.97999954223633,52.79999923706055,54.43000030517578,48.97051239013672,2433600
2022-12-09,54.16999816894531,55.720001220703125,53.959999084472656,54.13999938964844,48.709590911865234,2454900
2022-12-12,54.0,55.689998626708984,53.33000183105469,55.619998931884766,50.041141510009766,2566600
2022-12-13,57.599998474121094,58.18000030517578,55.86000061035156,56.16999816894531,50.535972595214844,2859000
2022-12-14,55.54999923706055,56.70000076293945,54.40999984741211,54.75,49.2584114074707,2212800
2022-12-15,53.4900016784668,53.810001373291016,52.18000030517578,52.369998931884766,47.117130279541016,4101400
2022-12-16,51.880001068115234,52.779998779296875,51.33000183105469,52.130001068115234,46.90120315551758,4321300
2022-12-19,52.0,52.689998626708984,50.400001525878906,50.9900016784668,45.875553131103516,2546300
2022-12-20,50.06999969482422,51.52000045776367,50.04999923706055,51.0099983215332,46.532344818115234,2468300
2022-12-21,51.52000045776367,51.939998626708984,50.130001068115234,50.2400016784668,45.82994079589844,2079400
2022-12-22,49.27000045776367,50.2400016784668,48.939998626708984,50.209999084472656,45.80256652832031,2214400
2022-12-23,50.15999984741211,50.529998779296875,49.65999984741211,50.5099983215332,46.07624053955078,1072500
2022-12-27,50.65999984741211,52.22999954223633,50.060001373291016,52.060001373291016,47.49018096923828,2427000
2022-12-28,51.900001525878906,52.560001373291016,50.72999954223633,51.04999923706055,46.56883239746094,1683700
2022-12-29,51.689998626708984,53.5099983215332,51.56999969482422,53.02000045776367,48.36591720581055,2045200
2022-12-30,52.2400016784668,52.95000076293945,51.88999938964844,52.61000061035156,47.99189758300781,1220500
2023-01-03,52.84000015258789,53.470001220703125,50.939998626708984,51.880001068115234,47.32597351074219,2887200
2023-01-04,52.970001220703125,53.88999938964844,52.2599983215332,52.4900016784668,47.88243865966797,2649800
2023-01-05,52.119998931884766,53.61000061035156,51.88999938964844,53.4900016784668,48.794647216796875,2111800
2023-01-06,54.0,56.06999969482422,53.15999984741211,55.90999984741211,51.00222396850586,2499100
2023-01-09,56.529998779296875,56.720001220703125,55.189998626708984,55.34000015258789,50.482269287109375,2025400
2023-01-10,55.5099983215332,56.4900016784668,55.15999984741211,56.459999084472656,51.503944396972656,1918400
2023-01-11,56.209999084472656,57.33000183105469,56.119998931884766,57.209999084472656,52.1881103515625,1618600
2023-01-12,57.63999938964844,58.369998931884766,56.900001525878906,57.77000045776367,52.69895935058594,2669700
2023-01-13,57.0099983215332,57.869998931884766,56.88999938964844,57.2599983215332,52.233726501464844,1268600
2023-01-17,56.93000030517578,57.13999938964844,55.869998931884766,56.97999954223633,51.978302001953125,2771500
2023-01-18,59.279998779296875,59.88999938964844,57.4900016784668,58.709999084472656,53.55644226074219,3945300
2023-01-19,58.59000015258789,58.900001525878906,57.15999984741211,58.189998626708984,53.08207702636719,2462800
2023-01-20,58.11000061035156,59.439998626708984,57.08000183105469,59.34000015258789,54.131141662597656,2185100
2023-01-23,60.560001373291016,63.7400016784668,60.4900016784668,63.22999954223633,57.67967224121094,4092400
2023-01-24,64.4000015258789,64.91000366210938,61.9900016784668,62.22999954223633,56.767459869384766,3787400
2023-01-25,61.04999923706055,62.970001220703125,60.45000076293945,62.25,56.785701751708984,4527700
2023-01-26,68.79000091552734,71.0,65.72000122070312,69.01000213623047,62.95232391357422,9520500
2023-01-27,68.27999877929688,69.9800033569336,68.27999877929688,68.98999786376953,62.93406677246094,3587500
2023-01-30,68.0,68.9000015258789,66.62999725341797,66.76000213623047,60.89981460571289,2803000
2023-01-31,66.05000305175781,67.8499984741211,65.3499984741211,67.77999877929688,61.83026885986328,4584300
2023-02-01,67.91000366210938,71.0999984741211,67.55000305175781,70.48999786376953,64.30238342285156,3877400
2023-02-02,71.30999755859375,73.73999786376953,70.61000061035156,72.37000274658203,66.01736450195312,3689500
2023-02-03,70.58000183105469,72.47000122070312,70.5,70.88999938964844,64.66728210449219,1673600
2023-02-06,69.80999755859375,70.12000274658203,68.88999938964844,69.75,63.627357482910156,1616700
2023-02-07,69.87999725341797,71.55000305175781,69.43000030517578,71.30000305175781,65.04129791259766,2165200
2023-02-08,70.72000122070312,71.55999755859375,70.41999816894531,71.08000183105469,64.84061431884766,2091200
2023-02-09,72.2300033569336,72.87000274658203,69.08999633789062,69.80000305175781,63.67294692993164,2567200
2023-02-10,70.25,71.58999633789062,69.29000091552734,71.27999877929688,65.02304077148438,3299500
2023-02-13,71.0199966430664,71.55999755859375,70.62999725341797,71.33000183105469,65.06865692138672,1576000
2023-02-14,70.25,72.61000061035156,69.9000015258789,72.45999908447266,66.09945678710938,1234100
2023-02-15,71.4800033569336,72.30999755859375,71.22000122070312,71.97000122070312,65.65248107910156,1093000
2023-02-16,70.7699966430664,71.43000030517578,70.18000030517578,70.52999877929688,64.33887481689453,1214000
2023-02-17,70.5199966430664,71.02999877929688,69.1500015258789,70.26000213623047,64.09259033203125,1804400
2023-02-21,69.20999908447266,69.5199966430664,66.91000366210938,67.08000183105469,61.19171905517578,2095200
2023-02-22,66.95999908447266,67.25,65.66999816894531,66.38999938964844,60.56229019165039,1711900
2023-02-23,67.41999816894531,67.66000366210938,65.81999969482422,67.08000183105469,61.19171905517578,1679600
2023-02-24,64.66000366210938,67.0,64.6500015258789,66.08999633789062,60.28862380981445,1302600
2023-02-27,66.29000091552734,66.62999725341797,64.16999816894531,64.25,58.61014175415039,2633600
2023-02-28,64.29000091552734,65.08000183105469,64.05000305175781,64.55999755859375,58.892921447753906,2159700
2023-03-01,64.2300033569336,64.87000274658203,63.459999084472656,64.12000274658203,58.49155044555664,1908400
2023-03-02,63.5099983215332,65.22000122070312,62.470001220703125,64.86000061035156,59.166595458984375,2793500
2023-03-03,65.04000091552734,65.12999725341797,64.05999755859375,64.56999969482422,58.90205764770508,2127400
2023-03-06,65.25,65.37000274658203,63.130001068115234,63.31999969482422,57.76177978515625,1829500
2023-03-07,62.939998626708984,63.209999084472656,61.810001373291016,62.13999938964844,56.68535614013672,2331500
2023-03-08,62.630001068115234,63.810001373291016,61.9900016784668,63.630001068115234,58.0445671081543,3477300
2023-03-09,63.130001068115234,64.81999969482422,63.130001068115234,63.25,57.697914123535156,2477600
2023-03-10,63.25,63.709999084472656,61.279998779296875,61.75,56.329593658447266,1646500
2023-03-13,61.0099983215332,61.5,60.02000045776367,60.34000015258789,55.043357849121094,2514300
2023-03-14,61.47999954223633,62.459999084472656,60.13999938964844,61.02000045776367,55.663665771484375,2090300
2023-03-15,59.709999084472656,60.31999969482422,58.849998474121094,59.849998474121094,54.596370697021484,2259300
2023-03-16,58.81999969482422,61.5099983215332,58.81999969482422,61.20000076293945,55.8278694152832,2279100
2023-03-17,61.459999084472656,62.25,60.709999084472656,61.04999923706055,55.691043853759766,5781300
2023-03-20,60.459999084472656,62.63999938964844,59.83000183105469,62.060001373291016,56.61237716674805,2243300
2023-03-21,62.150001525878906,62.439998626708984,61.099998474121094,62.099998474121094,57.29511260986328,1680100
2023-03-22,61.84000015258789,62.290000915527344,60.4900016784668,60.52000045776367,55.837371826171875,2025600
2023-03-23,60.84000015258789,62.52000045776367,60.619998931884766,61.599998474121094,56.83380126953125,2950300
2023-03-24,61.279998779296875,61.720001220703125,60.68000030517578,61.63999938964844,56.87070846557617,1758100
2023-03-27,62.220001220703125,62.47999954223633,61.63999938964844,62.0099983215332,57.21208190917969,2265900
2023-03-28,60.209999084472656,60.65999984741211,59.18000030517578,60.43000030517578,55.75434112548828,2594500
2023-03-29,62.0,63.939998626708984,61.849998474121094,63.790000915527344,58.8543701171875,2919100
2023-03-30,64.69000244140625,65.19000244140625,63.79999923706055,64.9800033569336,59.952293395996094,1667000
2023-03-31,64.94000244140625,66.20999908447266,64.77999877929688,66.12000274658203,61.00407791137695,2096800
2023-04-03,66.0,66.4800033569336,65.27999877929688,65.75,60.66270446777344,2112500
2023-04-04,65.86000061035156,65.93000030517578,64.6500015258789,65.33999633789062,60.284427642822266,1841600
2023-04-05,64.80000305175781,64.94000244140625,63.810001373291016,64.86000061035156,59.841575622558594,1405900
2023-04-06,64.37999725341797,64.87000274658203,64.04000091552734,64.4000015258789,59.41716384887695,1023700
2023-04-10,64.37000274658203,66.83000183105469,64.29000091552734,66.3499984741211,61.21630096435547,2317300
2023-04-11,66.66000366210938,67.44000244140625,66.45999908447266,66.87999725341797,61.70528030395508,1278200
2023-04-12,67.81999969482422,67.81999969482422,65.9000015258789,66.37999725341797,61.243961334228516,1805900
2023-04-13,66.22000122070312,66.30000305175781,64.0999984741211,65.3499984741211,60.29365539550781,2539100
2023-04-14,64.9000015258789,66.66999816894531,63.849998474121094,63.959999084472656,59.01120376586914,2600200
2023-04-17,63.66999816894531,64.73999786376953,63.369998931884766,64.25,59.278770446777344,1948700
2023-04-18,64.11000061035156,64.37999725341797,63.15999984741211,64.2699966430664,59.29722213745117,2579700
2023-04-19,63.060001373291016,63.2400016784668,61.72999954223633,62.86000061035156,57.996315002441406,2927600
2023-04-20,58.650001525878906,61.93000030517578,56.560001373291016,57.08000183105469,52.663536071777344,7959700
2023-04-21,56.099998474121094,56.72999954223633,54.31999969482422,56.41999816894531,52.05460739135742,5906600
2023-04-24,56.439998626708984,57.08000183105469,55.779998779296875,57.0099983215332,52.59895324707031,2325200
2023-04-25,56.650001525878906,56.86000061035156,55.970001220703125,56.09000015258789,51.75014114379883,2386500
2023-04-26,56.79999923706055,57.599998474121094,56.0,56.34000015258789,51.98079299926758,1939500
2023-04-27,56.40999984741211,57.0,55.790000915527344,56.79999923706055,52.40519714355469,2686800
2023-04-28,57.18000030517578,58.959999084472656,57.0099983215332,58.77000045776367,54.222774505615234,2891900
2023-05-01,58.7400016784668,59.09000015258789,58.29999923706055,58.560001373291016,54.02902603149414,2335800
2023-05-02,58.59000015258789,58.630001068115234,56.7400016784668,56.849998474121094,52.45132827758789,1876600
2023-05-03,57.11000061035156,57.7400016784668,55.790000915527344,55.91999816894531,51.593292236328125,2351400
2023-05-04,55.709999084472656,55.810001373291016,54.470001220703125,55.119998931884766,50.85517883300781,1841500
2023-05-05,55.90999984741211,56.5099983215332,54.939998626708984,55.939998626708984,51.61174011230469,1564400
2023-05-08,55.790000915527344,56.400001525878906,55.40999984741211,56.290000915527344,51.934661865234375,885100
2023-05-09,55.54999923706055,57.52000045776367,55.11000061035156,57.310001373291016,52.87574005126953,2185900
2023-05-10,58.0,58.099998474121094,56.91999816894531,57.27000045776367,52.838836669921875,2091100
2023-05-11,56.880001068115234,56.9900016784668,56.02000045776367,56.79999923706055,52.40519714355469,1562300
2023-05-12,57.560001373291016,57.599998474121094,56.7599983215332,57.56999969482422,53.115631103515625,1853700
2023-05-15,58.810001373291016,61.119998931884766,58.130001068115234,61.060001373291016,56.33559036254883,2576500
2023-05-16,61.060001373291016,61.66999816894531,60.08000183105469,60.79999923706055,56.095706939697266,2061500
2023-05-17,61.29999923706055,61.83000183105469,60.25,61.13999938964844,56.40940475463867,1806700
2023-05-18,61.11000061035156,63.06999969482422,60.970001220703125,62.75,57.89482879638672,2010800
2023-05-19,62.779998779296875,63.029998779296875,61.68000030517578,62.2599983215332,57.44274139404297,1308100
2023-05-22,61.869998931884766,63.279998779296875,61.68000030517578,62.95000076293945,58.07935333251953,1307200
2023-05-23,63.33000183105469,63.61000061035156,62.22999954223633,62.369998931884766,57.544227600097656,1304500
2023-05-24,61.81999969482422,62.209999084472656,60.900001525878906,61.31999969482422,56.575469970703125,1443900
2023-05-25,61.779998779296875,62.2400016784668,59.56999969482422,60.11000061035156,55.4590950012207,2866500
2023-05-26,60.22999954223633,62.689998626708984,60.22999954223633,62.290000915527344,57.470428466796875,3603600
2023-05-30,62.029998779296875,62.220001220703125,59.79999923706055,61.0,56.280235290527344,2916200
2023-05-31,59.810001373291016,60.380001068115234,58.79999923706055,60.099998474121094,55.44986343383789,5061800
2023-06-01,60.5,61.54999923706055,60.369998931884766,61.29999923706055,56.55702590942383,2483500
2023-06-02,62.08000183105469,62.439998626708984,61.18000030517578,62.209999084472656,57.396602630615234,1715500
2023-06-05,61.900001525878906,62.150001525878906,60.849998474121094,60.86000061035156,56.15106201171875,1922000
2023-06-06,59.5,60.52000045776367,58.56999969482422,58.59000015258789,54.05670928955078,2864300
2023-06-07,59.06999969482422,59.720001220703125,57.060001373291016,59.29999923706055,54.71176528930664,5208100
2023-06-08,59.0099983215332,60.0099983215332,57.84000015258789,59.880001068115234,55.24690246582031,2327600
2023-06-09,60.380001068115234,60.939998626708984,59.58000183105469,60.88999938964844,56.178741455078125,2142600
2023-06-12,61.09000015258789,63.439998626708984,61.060001373291016,63.40999984741211,58.50375747680664,2347200
2023-06-13,64.02999877929688,65.2699966430664,63.93000030517578,64.69000244140625,59.68473434448242,2341100
2023-06-14,64.81999969482422,65.56999969482422,63.97999954223633,65.29000091552734,60.238304138183594,1791000
2023-06-15,65.05999755859375,66.94999694824219,65.05999755859375,66.13999938964844,61.02254104614258,2613300
2023-06-16,66.4800033569336,66.55000305175781,63.970001220703125,64.30000305175781,59.32490921020508,4024200
2023-06-20,62.83000183105469,63.33000183105469,62.34000015258789,62.58000183105469,58.37346649169922,1950500
2023-06-21,61.88999938964844,62.5099983215332,61.380001068115234,61.56999969482422,57.43136215209961,1623300
2023-06-22,61.40999984741211,61.75,61.060001373291016,61.22999954223633,57.11421203613281,1311600
2023-06-23,60.61000061035156,61.02000045776367,60.18000030517578,60.31999969482422,56.265380859375,1176400
2023-06-26,60.439998626708984,61.18000030517578,60.27000045776367,60.54999923706055,56.47991943359375,1419000
2023-06-27,60.83000183105469,62.31999969482422,60.0,62.11000061035156,57.93506622314453,2204000
2023-06-28,61.790000915527344,61.959999084472656,60.650001525878906,61.619998931884766,57.477989196777344,2101600
2023-06-29,61.720001220703125,62.560001373291016,61.310001373291016,61.939998626708984,57.77648162841797,1525800
2023-06-30,62.290000915527344,62.439998626708984,61.5,61.869998931884766,57.711185455322266,1534700
2023-07-03,62.0,62.630001068115234,61.84000015258789,62.18000030517578,58.00035095214844,817800
2023-07-05,61.810001373291016,61.849998474121094,60.20000076293945,60.81999969482422,56.731773376464844,1555900
2023-07-06,59.939998626708984,60.88999938964844,59.7599983215332,60.81999969482422,56.731773376464844,1466000
2023-07-07,60.86000061035156,61.65999984741211,60.119998931884766,60.279998779296875,56.228065490722656,1139000
2023-07-10,59.779998779296875,60.9900016784668,59.650001525878906,60.400001525878906,56.34000015258789,1616800
2023-07-11,60.5,61.380001068115234,60.310001373291016,61.060001373291016,56.95564270019531,1190200
2023-07-12,62.0,62.52000045776367,60.20000076293945,61.619998931884766,57.477989196777344,1964800
2023-07-13,62.0,62.959999084472656,61.84000015258789,62.02000045776367,57.851112365722656,2255400
2023-07-14,61.61000061035156,62.58000183105469,61.31999969482422,61.56999969482422,57.43136215209961,2223100
2023-07-17,60.84000015258789,61.310001373291016,59.97999954223633,60.95000076293945,56.853031158447266,1859800
2023-07-18,60.45000076293945,61.59000015258789,60.45000076293945,61.38999938964844,57.263450622558594,1414800
2023-07-19,61.459999084472656,61.7599983215332,59.790000915527344,59.86000061035156,55.8363037109375,2138500
2023-07-20,59.369998931884766,59.95000076293945,59.099998474121094,59.29999923706055,55.313941955566406,1691100
2023-07-21,59.43000030517578,59.869998931884766,58.40999984741211,59.61000061035156,55.603111267089844,2163300
2023-07-24,59.33000183105469,59.91999816894531,58.45000076293945,59.279998779296875,55.295284271240234,2393600
2023-07-25,58.970001220703125,59.38999938964844,58.220001220703125,58.2400016784668,54.3251953125,2299300
2023-07-26,58.119998931884766,58.75,57.31999969482422,57.970001220703125,54.07334899902344,3603400
2023-07-27,58.529998779296875,63.83000183105469,57.790000915527344,62.150001525878906,57.97237014770508,9241400
2023-07-28,62.7599983215332,64.08000183105469,61.95000076293945,63.45000076293945,59.18498611450195,3232700
2023-07-31,64.12999725341797,65.05000305175781,63.459999084472656,63.5,59.231632232666016,2815500
2023-08-01,63.11000061035156,65.43000030517578,63.08000183105469,65.31999969482422,60.929290771484375,2991800
2023-08-02,64.88999938964844,65.5999984741211,64.23999786376953,65.01000213623047,60.6401252746582,3010600
2023-08-03,64.69000244140625,68.7300033569336,64.44000244140625,68.27999877929688,63.69031524658203,4846300
2023-08-04,68.20999908447266,68.22000122070312,66.29000091552734,66.79000091552734,62.300479888916016,2958000
2023-08-07,67.66999816894531,69.43000030517578,67.25,68.51000213623047,63.90486526489258,2696500
2023-08-08,68.0,68.33000183105469,66.18000030517578,67.05999755859375,62.55232620239258,1601500
2023-08-09,67.02999877929688,67.70999908447266,66.7699966430664,66.86000061035156,62.36576843261719,1620500
2023-08-10,67.2300033569336,67.83000183105469,66.73999786376953,67.1500015258789,62.63628387451172,1677900
2023-08-11,66.98999786376953,68.27999877929688,66.76000213623047,66.8499984741211,62.3564453125,1922700
2023-08-14,66.94999694824219,67.87999725341797,66.75,67.80999755859375,63.25190353393555,1703800
2023-08-15,67.30000305175781,67.4800033569336,65.48999786376953,65.5,61.09719467163086,1958400
2023-08-16,64.98999786376953,65.5,64.12000274658203,64.19000244140625,59.875247955322266,2097700
2023-08-17,64.66000366210938,65.83000183105469,64.62000274658203,64.93000030517578,60.56550598144531,1995300
2023-08-18,63.939998626708984,64.80000305175781,63.630001068115234,64.3499984741211,60.02448272705078,1629400
2023-08-21,64.22000122070312,65.55000305175781,64.12999725341797,65.5,61.09719467163086,1113100
2023-08-22,66.3499984741211,66.5,65.66999816894531,65.88999938964844,61.460968017578125,1840000
2023-08-23,65.69999694824219,66.47000122070312,65.66000366210938,66.16000366210938,61.71282196044922,1283900
2023-08-24,66.41999816894531,66.5199966430664,64.87999725341797,64.9000015258789,60.537513732910156,2127900
2023-08-25,65.2699966430664,65.41000366210938,63.5099983215332,64.41999816894531,60.089786529541016,1507300
2023-08-28,64.66000366210938,66.12999725341797,64.56999969482422,66.06999969482422,61.62887191772461,878900
2023-08-29,66.0,66.87000274658203,65.7300033569336,66.4000015258789,61.936683654785156,1899700
2023-08-30,65.9000015258789,68.61000061035156,65.77999877929688,68.16999816894531,63.587703704833984,1627400
2023-08-31,68.86000061035156,70.95999908447266,68.52999877929688,70.79000091552734,66.03160858154297,3442000
2023-09-01,71.5,74.51000213623047,70.76000213623047,73.69999694824219,68.7459945678711,4548800
2023-09-05,73.05000305175781,74.04000091552734,69.5,70.88999938964844,66.12488555908203,5134200
2023-09-06,70.41000366210938,71.76000213623047,70.0,71.2300033569336,66.44202423095703,2786500
2023-09-07,67.06999969482422,67.4800033569336,63.099998474121094,63.439998626708984,59.175662994384766,11692900
2023-09-08,63.619998931884766,65.38999938964844,63.40999984741211,65.37000274658203,60.975929260253906,10087300
2023-09-11,65.79000091552734,65.79000091552734,63.40999984741211,64.30999755859375,59.9871711730957,4318700
2023-09-12,64.08000183105469,64.43000030517578,62.630001068115234,62.720001220703125,58.504058837890625,2841000
2023-09-13,62.54999923706055,63.59000015258789,62.43000030517578,63.38999938964844,59.12901306152344,2706200
2023-09-14,63.529998779296875,64.36000061035156,63.220001220703125,64.25,59.931209564208984,2481200
2023-09-15,64.08000183105469,64.75,63.630001068115234,63.75,59.46481704711914,3973800
2023-09-18,63.7400016784668,64.87000274658203,63.59000015258789,64.2300033569336,59.91255569458008,1699300
2023-09-19,64.11000061035156,65.47000122070312,64.0199966430664,64.87000274658203,60.50954055786133,2535500
2023-09-20,65.30000305175781,66.44000244140625,65.27999877929688,65.62999725341797,61.218448638916016,2270900
2023-09-21,64.73999786376953,66.79000091552734,64.29000091552734,65.44999694824219,61.05054473876953,2506500
2023-09-22,66.12000274658203,67.01000213623047,65.61000061035156,65.9000015258789,61.47030258178711,2115600
2023-09-25,65.0,65.19000244140625,63.900001525878906,64.44999694824219,60.76320266723633,1827600
2023-09-26,64.19999694824219,65.33000183105469,63.31999969482422,63.41999816894531,59.79212188720703,2065600
2023-09-27,63.9900016784668,65.0999984741211,63.880001068115234,64.29000091552734,60.61235046386719,1557000
2023-09-28,64.0999984741211,65.93000030517578,63.880001068115234,65.69000244140625,61.932281494140625,2210100
2023-09-29,66.20999908447266,66.31999969482422,65.43000030517578,65.94999694824219,62.17739486694336,2034700
2023-10-02,66.08000183105469,66.9000015258789,65.69999694824219,66.19000244140625,62.40367126464844,2096800
2023-10-03,65.73999786376953,66.58000183105469,65.23999786376953,65.41999816894531,61.6777229309082,2138200
2023-10-04,65.36000061035156,66.19000244140625,64.91999816894531,65.97000122070312,62.19625473022461,1835600
2023-10-05,66.30000305175781,67.38999938964844,65.93000030517578,66.62000274658203,62.80906295776367,1728500
2023-10-06,65.76000213623047,66.8499984741211,65.5,66.05000305175781,62.27168273925781,1863700
2023-10-09,65.83000183105469,66.58000183105469,65.38999938964844,66.2300033569336,62.44137191772461,1622600
2023-10-10,66.19999694824219,67.4800033569336,66.19000244140625,66.58000183105469,62.771358489990234,2068500
2023-10-11,66.76000213623047,69.63999938964844,66.76000213623047,69.55999755859375,65.58087921142578,3240600
2023-10-12,69.87000274658203,70.12000274658203,68.56999969482422,69.3499984741211,65.38289642333984,2374100
2023-10-13,69.77999877929688,70.23999786376953,68.20999908447266,68.43000030517578,64.51551818847656,3446200
2023-10-16,68.5999984741211,69.4800033569336,68.36000061035156,68.94999694824219,65.00577545166016,2496800
2023-10-17,68.30999755859375,69.41999816894531,68.30999755859375,68.94000244140625,64.9963607788086,5386900
2023-10-18,68.44999694824219,68.73999786376953,67.63999938964844,68.4800033569336,64.56267547607422,3180200
2023-10-19,68.3499984741211,69.05000305175781,66.41000366210938,66.87000274658203,63.04477310180664,2892900
2023-10-20,67.0999984741211,67.5999984741211,66.13999938964844,66.69000244140625,62.875064849853516,2198000
2023-10-23,66.27999877929688,66.56999969482422,65.08000183105469,65.25,61.51744079589844,2148500
2023-10-24,66.61000061035156,68.95999908447266,66.54000091552734,68.0999984741211,64.20440673828125,4260300
2023-10-25,67.44999694824219,68.56999969482422,67.08999633789062,67.0999984741211,63.26161575317383,3147600
2023-10-26,69.5,70.31999969482422,64.12000274658203,65.83999633789062,62.07369613647461,5171000
2023-10-27,66.86000061035156,69.0,66.79000091552734,68.19999694824219,64.2986831665039,4000800
2023-10-30,68.91999816894531,69.5,67.44000244140625,68.41999816894531,64.506103515625,2985900
2023-10-31,67.68000030517578,68.56999969482422,66.93000030517578,68.25,64.3458251953125,3707600
2023-11-01,68.41999816894531,71.4000015258789,68.31999969482422,71.23999786376953,67.16478729248047,4662800
2023-11-02,72.0,72.41000366210938,70.75,71.80999755859375,67.70216369628906,2608100
2023-11-03,72.5,73.81999969482422,72.01000213623047,72.27999877929688,68.14529418945312,2313400
2023-11-06,71.9000015258789,72.48999786376953,70.56999969482422,71.12999725341797,67.06108093261719,2219600
2023-11-07,70.80999755859375,71.25,70.30999755859375,70.83999633789062,66.78765869140625,1868300
2023-11-08,71.01000213623047,71.93000030517578,70.41000366210938,71.86000061035156,67.74932098388672,1777800
2023-11-09,71.87000274658203,73.05999755859375,71.61000061035156,72.0,67.88130950927734,2333600
2023-11-10,72.55999755859375,72.55999755859375,71.06999969482422,72.41999816894531,68.27729034423828,1964800
2023-11-13,72.36000061035156,72.83999633789062,71.66999816894531,72.47000122070312,68.3244400024414,2538600
2023-11-14,73.5,74.80999755859375,73.19999694824219,74.61000061035156,70.34200286865234,2673200
2023-11-15,74.75,75.06999969482422,74.05999755859375,74.55000305175781,70.28545379638672,1891900
2023-11-16,74.33000183105469,75.63999938964844,74.33000183105469,75.58999633789062,71.26594543457031,1738800
2023-11-17,76.0,76.2300033569336,75.41000366210938,75.87999725341797,71.53934478759766,1478600
2023-11-20,75.87999725341797,77.25,75.69000244140625,77.05999755859375,72.65186309814453,1512500
2023-11-21,76.80000305175781,76.86000061035156,75.5199966430664,76.05999755859375,71.70906829833984,1725300
2023-11-22,76.11000061035156,77.33000183105469,76.11000061035156,76.55000305175781,72.17103576660156,936800
2023-11-24,75.63999938964844,76.44000244140625,75.63999938964844,76.08000183105469,71.72792053222656,647500
2023-11-27,76.5,78.13999938964844,76.37999725341797,77.55999755859375,73.12325286865234,1923400
2023-11-28,76.9800033569336,77.38999938964844,76.30000305175781,76.94999694824219,72.54814910888672,1279100
2023-11-29,78.3499984741211,79.04000091552734,77.91999816894531,78.4800033569336,73.99063110351562,2052800
2023-11-30,78.5,79.41999816894531,77.9800033569336,79.0999984741211,74.5751724243164,3095200
2023-12-01,78.91000366210938,79.4000015258789,78.26000213623047,79.18000030517578,74.65058898925781,2030000
2023-12-04,78.62999725341797,79.23999786376953,78.11000061035156,78.58999633789062,74.09432220458984,1450100
2023-12-05,78.13999938964844,78.36000061035156,76.87000274658203,76.95999908447266,72.55757904052734,1808000
2023-12-06,78.13999938964844,79.36000061035156,77.70999908447266,77.80999755859375,73.35894012451172,2522800
2023-12-07,78.2300033569336,79.56999969482422,78.0999984741211,78.77999877929688,74.27346801757812,2238400
2023-12-08,78.4800033569336,80.75,78.37999725341797,80.58999633789062,75.97992706298828,2360000
2023-12-11,81.0,82.7300033569336,80.97000122070312,81.98999786376953,77.29984283447266,2399900
2023-12-12,82.05000305175781,82.62999725341797,81.29000091552734,82.62999725341797,77.90322875976562,2107800
2023-12-13,82.25,85.47000122070312,82.18000030517578,85.43000030517578,80.54306030273438,3645200
2023-12-14,86.54000091552734,87.93000030517578,85.12999725341797,85.33000183105469,80.44877624511719,3462000
2023-12-15,84.83999633789062,85.41999816894531,84.02999877929688,84.27999877929688,79.45884704589844,5120500
2023-12-18,84.31999969482422,84.7300033569336,83.6500015258789,83.97000122070312,79.16658020019531,1953000
2023-12-19,83.69000244140625,84.66999816894531,83.58000183105469,83.9000015258789,79.1005859375,1426300
2023-12-20,82.97000122070312,83.37999725341797,81.81999969482422,81.8499984741211,77.81710052490234,1890600
2023-12-21,83.51000213623047,85.33999633789062,83.30999755859375,85.30000305175781,81.09711456298828,2041900
2023-12-22,85.41999816894531,85.72000122070312,84.83999633789062,85.16000366210938,80.96401977539062,1003500
2023-12-26,85.16000366210938,86.0199966430664,85.04000091552734,85.87000274658203,81.6390380859375,938400
2023-12-27,86.26000213623047,86.36000061035156,85.3499984741211,85.68000030517578,81.4583969116211,962500
2023-12-28,85.80000305175781,86.83000183105469,85.70999908447266,86.79000091552734,82.51370239257812,1589200
2023-12-29,86.56999969482422,86.9800033569336,85.16999816894531,85.37000274658203,81.1636734008789,1295800
2024-01-02,84.69999694824219,84.80000305175781,82.31999969482422,82.69000244140625,78.61571502685547,2011400
2024-01-03,81.30999755859375,82.3499984741211,80.06999969482422,80.43000030517578,76.4670639038086,2874600
2024-01-04,79.83999633789062,81.37000274658203,79.80999755859375,80.7699966430664,76.79032135009766,1361600
2024-01-05,81.12999725341797,81.81999969482422,79.80999755859375,80.27999877929688,76.32447052001953,1395200
2024-01-08,80.06999969482422,81.36000061035156,80.06999969482422,80.9800033569336,76.98998260498047,2167300
2024-01-09,79.94999694824219,80.26000213623047,79.4000015258789,80.11000061035156,76.16283416748047,1471700
2024-01-10,79.9800033569336,82.75,79.72000122070312,82.66000366210938,78.58720397949219,2260200
2024-01-11,81.47000122070312,81.83999633789062,79.38999938964844,81.73999786376953,77.71250915527344,2752000
2024-01-12,82.41000366210938,82.83000183105469,81.87999725341797,82.77999877929688,78.70127868652344,2112600
2024-01-16,83.61000061035156,85.37000274658203,82.36000061035156,84.80999755859375,80.63126373291016,3012300
2024-01-17,84.70999908447266,84.76000213623047,82.44000244140625,83.33000183105469,79.22418975830078,2412400
2024-01-18,84.70999908447266,86.30000305175781,83.12000274658203,83.97000122070312,79.83264923095703,1720000
2024-01-19,84.5999984741211,85.44000244140625,83.86000061035156,85.41999816894531,81.21118927001953,2327300
2024-01-22,86.98999786376953,88.38999938964844,85.9000015258789,87.0999984741211,82.80843353271484,4171400
2024-01-23,87.55000305175781,89.30000305175781,86.77999877929688,89.2300033569336,84.83348083496094,4020500
2024-01-24,90.12000274658203,90.27999877929688,88.05000305175781,89.16999816894531,84.77642059326172,3775900
2024-01-25,91.19999694824219,91.19999694824219,86.5,90.98999786376953,86.50675201416016,5756700
2024-01-26,90.88999938964844,92.04000091552734,89.41000366210938,90.44000244140625,85.98387145996094,3071000
2024-01-29,90.68000030517578,91.58999633789062,88.38999938964844,88.62999725341797,84.2630386352539,2648300
2024-01-30,88.80000305175781,89.18000030517578,87.19000244140625,87.58999633789062,83.27429962158203,2406100
2024-01-31,87.3499984741211,87.77999877929688,85.38999938964844,85.68000030517578,81.4583969116211,5221000
2024-02-01,85.87999725341797,87.51000213623047,85.87999725341797,86.80000305175781,82.5232162475586,2001900
2024-02-02,86.6500015258789,87.97000122070312,85.94000244140625,87.5199966430664,83.20773315429688,2160200
2024-02-05,87.16999816894531,87.19000244140625,85.12000274658203,85.5,81.28726196289062,2095600
2024-02-06,86.04000091552734,86.7699966430664,85.47000122070312,86.19999694824219,81.95276641845703,2560000
2024-02-07,86.48999786376953,87.31999969482422,85.33000183105469,86.76000213623047,82.48518371582031,1818600
2024-02-08,86.69999694824219,88.26000213623047,85.79000091552734,87.68000030517578,83.35984802246094,1670600
2024-02-09,87.72000122070312,89.47000122070312,87.3499984741211,89.41000366210938,85.00460815429688,1536700
2024-02-12,89.33000183105469,90.66000366210938,88.98999786376953,89.0999984741211,84.70988464355469,1599800
2024-02-13,87.33999633789062,87.75,86.05000305175781,87.16000366210938,82.86547088623047,2040700
2024-02-14,88.0999984741211,88.19000244140625,86.1500015258789,86.80999755859375,82.53271484375,1854000
2024-02-15,86.86000061035156,88.5,86.80999755859375,88.16000366210938,83.81620788574219,1299700
2024-02-16,88.20999908447266,88.69000244140625,87.08999633789062,87.5199966430664,83.20773315429688,1797500
2024-02-20,87.16000366210938,87.36000061035156,85.54000091552734,86.7699966430664,82.49468231201172,1781100
2024-02-21,85.91999816894531,86.06999969482422,83.94999694824219,84.9000015258789,80.71682739257812,1928200
2024-02-22,86.30999755859375,88.4000015258789,86.0199966430664,88.0199966430664,83.6830825805664,2214400
2024-02-23,88.22000122070312,88.41999816894531,87.02999877929688,87.9800033569336,83.64507293701172,1461900
2024-02-26,88.18000030517578,89.75,87.7300033569336,88.66000366210938,84.29156494140625,2134200
2024-02-27,90.7699966430664,93.0,89.94000244140625,90.69999694824219,86.23104858398438,3381400
2024-02-28,90.11000061035156,91.95999908447266,90.11000061035156,91.61000061035156,87.0962142944336,1979600
2024-02-29,92.47000122070312,93.44000244140625,92.22000122070312,93.05000305175781,88.46526336669922,2184700
2024-03-01,95.0,98.1500015258789,94.12000274658203,97.16000366210938,92.37275695800781,5101500
2024-03-04,97.52999877929688,99.93000030517578,96.76000213623047,98.37999725341797,93.53263854980469,3563000
2024-03-05,97.38999938964844,98.80000305175781,97.05000305175781,98.62999725341797,93.77031707763672,2392400
2024-03-06,99.98999786376953,101.26000213623047,92.97000122070312,94.13999938964844,89.50154876708984,5282100
2024-03-07,94.62999725341797,94.9800033569336,91.33999633789062,93.80999755859375,89.18782043457031,4626700
2024-03-08,93.37000274658203,94.9000015258789,92.45999908447266,92.69000244140625,88.12299346923828,2746900
2024-03-11,91.31999969482422,91.91000366210938,90.11000061035156,91.73999786376953,87.21980285644531,2602100
2024-03-12,92.27999877929688,92.75,90.75,91.11000061035156,86.620849609375,2893900
2024-03-13,90.48999786376953,90.55000305175781,88.41999816894531,88.66999816894531,84.30106353759766,3737300
2024-03-14,88.08000183105469,88.12999725341797,85.26000213623047,85.76000213623047,81.53446197509766,3321400
2024-03-15,84.93000030517578,86.04000091552734,84.6500015258789,86.01000213623047,81.77213287353516,6079500
2024-03-18,86.66000366210938,87.1500015258789,85.11000061035156,85.38999938964844,81.18268585205078,2265400
2024-03-19,84.63999938964844,86.83999633789062,84.20999908447266,86.56999969482422,82.3045425415039,1894200
2024-03-20,86.12000274658203,87.86000061035156,85.44999694824219,87.41999816894531,83.79017639160156,2319100
2024-03-21,91.3499984741211,91.47000122070312,88.12000274658203,88.44999694824219,84.77739715576172,3747600
2024-03-22,88.80999755859375,89.62000274658203,87.6500015258789,89.01000213623047,85.31416320800781,2454100
2024-03-25,88.66999816894531,89.0199966430664,87.62000274658203,88.20999908447266,84.54737091064453,1835000
2024-03-26,93.5,97.94999694824219,92.76000213623047,94.72000122070312,90.7870864868164,7346800
2024-03-27,95.66000366210938,96.33000183105469,93.33999633789062,94.58000183105469,90.65289306640625,2762500
2024-03-28,94.55999755859375,94.63999938964844,91.7300033569336,93.05000305175781,89.1864242553711,3296300
2024-04-01,93.1500015258789,94.33999633789062,91.70999908447266,91.77999877929688,87.96915435791016,2672700
2024-04-02,89.87999725341797,90.9800033569336,89.20999908447266,90.2300033569336,86.48351287841797,3246200
2024-04-03,89.69000244140625,92.69999694824219,89.6500015258789,91.62999725341797,87.82537078857422,2585000
2024-04-04,93.06999969482422,94.2300033569336,90.58999633789062,90.76000213623047,86.99150848388672,2281200
2024-04-05,91.37999725341797,91.37999725341797,89.6500015258789,89.98999786376953,86.25347137451172,2598100
2024-04-08,91.31999969482422,92.04000091552734,88.7300033569336,89.1500015258789,85.4483413696289,2612900
2024-04-09,90.04000091552734,90.95999908447266,87.83000183105469,89.52999877929688,85.81257629394531,2816700
2024-04-10,88.56999969482422,88.86000061035156,86.33000183105469,87.98999786376953,84.33650970458984,3200200
2024-04-11,88.12000274658203,88.8499984741211,87.38999938964844,88.77999877929688,85.09371185302734,1970600
2024-04-12,87.37999725341797,87.66000366210938,85.0999984741211,85.19000244140625,81.65277862548828,2529700
2024-04-15,86.68000030517578,87.0999984741211,83.30000305175781,83.87999725341797,80.39717864990234,2925200
2024-04-16,83.54000091552734,84.70999908447266,83.0199966430664,83.68000030517578,80.20547485351562,2454000
2024-04-17,84.94999694824219,86.30000305175781,84.04000091552734,84.19999694824219,80.7038803100586,3465900
2024-04-18,83.79000091552734,85.19999694824219,83.30999755859375,83.44000244140625,79.97544860839844,1811700
2024-04-19,83.7699966430664,84.29000091552734,82.30999755859375,82.45999908447266,79.0361328125,2883500
2024-04-22,82.62000274658203,85.6500015258789,82.54000091552734,85.18000030517578,81.64319610595703,3562900
2024-04-23,85.6500015258789,87.62000274658203,85.61000061035156,86.52999877929688,82.9371337890625,6008700
2024-04-24,87.55999755859375,91.0,83.33999633789062,87.11000061035156,83.49305725097656,7274500
2024-04-25,85.9000015258789,88.12999725341797,84.45999908447266,87.26000213623047,83.63682556152344,3166500
2024-04-26,87.61000061035156,87.69999694824219,85.1500015258789,86.04000091552734,82.46749114990234,3637400
2024-04-29,85.9800033569336,87.01000213623047,85.36000061035156,86.08000183105469,82.50582885742188,2050400
2024-04-30,85.44000244140625,86.63999938964844,85.4000015258789,85.91000366210938,82.34288024902344,2113000
2024-05-01,86.97000122070312,87.77999877929688,84.33999633789062,85.80999755859375,82.24702453613281,2047700
2024-05-02,86.63999938964844,86.7300033569336,84.47000122070312,86.29000091552734,82.70709991455078,1415500
2024-05-03,87.79000091552734,87.9000015258789,86.68000030517578,87.5,83.86685943603516,1655400
2024-05-06,88.06999969482422,90.97000122070312,88.0,89.8499984741211,86.1192855834961,1932600
2024-05-07,90.12999725341797,90.8499984741211,89.41000366210938,89.51000213623047,85.79341125488281,1305900
2024-05-08,88.76000213623047,90.19000244140625,88.76000213623047,90.05000305175781,86.31098937988281,913300
2024-05-09,90.16999816894531,91.93000030517578,89.77999877929688,91.66999816894531,87.86371612548828,1740100
2024-05-10,92.4000015258789,94.05000305175781,92.30000305175781,94.01000213623047,90.10655212402344,2789100
2024-05-13,94.55000305175781,94.58000183105469,92.44999694824219,93.1500015258789,89.28227233886719,2008400
2024-05-14,94.54000091552734,96.61000061035156,93.6500015258789,96.22000122070312,92.22480010986328,2353500
2024-05-15,97.23999786376953,98.91999816894531,96.79000091552734,98.72000122070312,94.62098693847656,2872300
2024-05-16,98.9000015258789,99.19999694824219,98.0199966430664,98.23999786376953,94.16091918945312,1854600
2024-05-17,98.5,98.5,94.77999877929688,95.2699966430664,91.31423950195312,2661000
2024-05-20,95.22000122070312,97.13999938964844,95.16999816894531,96.80999755859375,92.790283203125,1486900
2024-05-21,93.72000122070312,94.9800033569336,93.05000305175781,93.5999984741211,89.71358489990234,3084300
2024-05-22,94.04000091552734,95.06999969482422,93.63999938964844,94.66999816894531,90.73915100097656,2129500
2024-05-23,96.0,96.76000213623047,93.01000213623047,93.45999908447266,89.57939910888672,1841000
2024-05-24,93.9800033569336,94.66999816894531,92.98999786376953,94.19000244140625,90.2790756225586,1301700
2024-05-28,95.0,96.91999816894531,94.55999755859375,96.83999633789062,92.81905364990234,2979600
2024-05-29,95.30000305175781,96.36000061035156,93.37000274658203,94.26000213623047,90.34618377685547,3602500
2024-05-30,94.55999755859375,95.80000305175781,92.33999633789062,93.70999908447266,89.81900024414062,2273400
2024-05-31,93.8499984741211,94.7699966430664,90.44000244140625,93.23999786376953,89.3685302734375,3589700
2024-06-03,93.62999725341797,93.93000030517578,90.55000305175781,91.33000183105469,87.53782653808594,2696900
2024-06-04,90.91000366210938,92.4000015258789,90.26000213623047,91.8499984741211,88.03623962402344,3724000
2024-06-05,93.0,97.68000030517578,93.0,96.5999984741211,92.5890121459961,2962900
2024-06-06,96.2300033569336,96.58999633789062,94.73999786376953,96.0,92.01392364501953,1440400
2024-06-07,95.75,97.13999938964844,95.08000183105469,96.11000061035156,92.11937713623047,1779200
2024-06-10,95.45999908447266,99.55000305175781,95.01000213623047,99.5199966430664,95.38777160644531,2231800
2024-06-11,99.0,101.7699966430664,98.54000091552734,101.63999938964844,97.41974639892578,2768600
2024-06-12,103.0999984741211,105.27999877929688,102.06999969482422,102.8499984741211,98.57950592041016,3311800
2024-06-13,102.8499984741211,105.0,102.70999908447266,104.76000213623047,100.41020965576172,1964000
2024-06-14,103.33999633789062,104.08000183105469,103.01000213623047,103.86000061035156,99.54757690429688,1311300
2024-06-17,104.41999816894531,106.7699966430664,103.73999786376953,105.9800033569336,101.57953643798828,2086700
2024-06-18,106.16000366210938,107.91000366210938,105.5199966430664,105.98999786376953,101.58912658691406,2848900
2024-06-20,105.11000061035156,105.52999877929688,102.33999633789062,102.62000274658203,99.01297760009766,3109500
2024-06-21,102.61000061035156,103.75,101.01000213623047,103.08000183105469,99.45680236816406,3420600
2024-06-24,102.80000305175781,103.75,102.04000091552734,103.33000183105469,99.69802856445312,1784800
2024-06-25,103.75,104.19000244140625,102.0,103.73999786376953,100.09361267089844,2274100
2024-06-26,103.62000274658203,104.0,101.80999755859375,102.75,99.13841247558594,1953300
2024-06-27,102.69999694824219,104.33000183105469,101.79000091552734,104.0999984741211,100.44095611572266,1366800
2024-06-28,104.47000122070312,105.47000122070312,103.12000274658203,103.2699966430664,99.64012908935547,1550000
2024-07-01,103.0,103.36000061035156,101.79000091552734,102.44000244140625,98.83931732177734,1298000
2024-07-02,102.26000213623047,103.98999786376953,102.01000213623047,103.12999725341797,99.50505065917969,1102600
2024-07-03,103.12999725341797,103.33999633789062,101.20999908447266,101.37000274658203,97.80691528320312,1059800
2024-07-05,101.47000122070312,102.33000183105469,101.06999969482422,102.04000091552734,98.45336151123047,1548500
2024-07-08,102.83000183105469,104.51000213623047,102.54000091552734,103.43000030517578,99.79450988769531,2001000
2024-07-09,103.4000015258789,104.9800033569336,102.9800033569336,104.3499984741211,100.6821517944336,1618100
2024-07-10,105.0,106.9800033569336,104.61000061035156,106.7300033569336,102.97852325439453,2067500
2024-07-11,107.0,107.0,105.0,106.11000061035156,102.38031005859375,1584300
2024-07-12,106.43000030517578,108.97000122070312,105.80999755859375,107.0999984741211,103.33550262451172,2040600
2024-07-15,107.3499984741211,108.94999694824219,106.16999816894531,108.94000244140625,105.11083221435547,2212100
2024-07-16,109.30000305175781,109.62999725341797,108.19000244140625,108.70999908447266,104.88890838623047,1933500
2024-07-17,106.91000366210938,106.91000366210938,104.5199966430664,104.91000366210938,101.22248840332031,2825000
2024-07-18,105.7699966430664,105.7699966430664,102.4800033569336,103.47000122070312,99.8331069946289,2237600
2024-07-19,103.95999908447266,104.2699966430664,102.47000122070312,102.62999725341797,99.02262115478516,1977200
2024-07-22,104.13999938964844,106.25,103.4000015258789,106.18000030517578,102.4478530883789,2310900
2024-07-23,105.16999816894531,106.58999633789062,104.5,105.30000305175781,101.59877014160156,3793900
2024-07-24,109.0,113.56999969482422,107.16000366210938,109.52999877929688,105.68008422851562,9398100
2024-07-25,108.80999755859375,109.06999969482422,103.63999938964844,103.95999908447266,100.3058853149414,4194900
2024-07-26,105.01000213623047,105.75,102.87999725341797,103.68000030517578,100.03572082519531,3069200
2024-07-29,104.08000183105469,104.30000305175781,101.36000061035156,103.37999725341797,99.74625396728516,2977500
2024-07-30,103.5,103.69999694824219,98.63999938964844,99.0999984741211,95.61670684814453,3058400
2024-07-31,102.3499984741211,102.77999877929688,100.20999908447266,102.16999816894531,98.57879638671875,2670500
2024-08-01,102.02999877929688,104.19000244140625,98.11000061035156,99.01000213623047,95.52986145019531,3437000
2024-08-02,95.5,96.16000366210938,93.44999694824219,94.56999969482422,91.24592590332031,4204800
2024-08-05,90.58999633789062,93.9000015258789,90.0,92.54000091552734,89.28727722167969,3365600
2024-08-06,93.38999938964844,95.87999725341797,93.11000061035156,93.68000030517578,90.38720703125,3209100
2024-08-07,94.66999816894531,95.31999969482422,92.04000091552734,92.0999984741211,88.86273956298828,3288400
2024-08-08,92.30000305175781,95.62000274658203,91.19999694824219,95.44999694824219,92.09500122070312,2332500
2024-08-09,95.20999908447266,96.98999786376953,94.27999877929688,96.27999877929688,92.89581298828125,1483600
2024-08-12,96.01000213623047,97.08999633789062,95.0999984741211,95.83000183105469,92.46163940429688,1284500
2024-08-13,97.19000244140625,98.2300033569336,96.70999908447266,98.19999694824219,94.74833679199219,1637500
2024-08-14,98.81999969482422,98.98999786376953,96.69000244140625,97.05999755859375,93.6484146118164,2176000
2024-08-15,98.86000061035156,100.16000366210938,98.22000122070312,99.61000061035156,96.10877227783203,2196900
2024-08-16,100.19999694824219,102.56999969482422,99.36000061035156,101.7300033569336,98.15426635742188,2494400
2024-08-19,101.55999755859375,103.98999786376953,100.75,103.95999908447266,100.3058853149414,2951900
2024-08-20,103.83000183105469,105.0199966430664,102.83000183105469,103.55000305175781,99.91028594970703,1703300
2024-08-21,104.19999694824219,104.9000015258789,103.43000030517578,104.44000244140625,100.76900482177734,1150100
2024-08-22,104.81999969482422,105.20999908447266,102.91000366210938,103.2300033569336,99.6015396118164,989000
2024-08-23,104.33999633789062,104.66999816894531,103.4800033569336,104.41000366210938,100.74005126953125,949000
2024-08-26,103.75,105.2300033569336,102.94999694824219,104.76000213623047,101.07776641845703,1404700
2024-08-27,102.95999908447266,102.9800033569336,100.52999877929688,100.70999908447266,97.17011260986328,2423600
2024-08-28,100.0,100.0199966430664,97.44000244140625,99.25,95.76142883300781,2058200
2024-08-29,99.05999755859375,100.33999633789062,97.16000366210938,97.54000091552734,94.11154174804688,2042800
2024-08-30,98.81999969482422,99.58999633789062,97.93000030517578,99.55000305175781,96.05088806152344,1975700
2024-09-03,99.55000305175781,99.55000305175781,96.26000213623047,96.77999877929688,93.37825012207031,1670300
2024-09-04,96.0999984741211,101.04000091552734,94.69999694824219,100.7300033569336,97.18940734863281,3916900
2024-09-05,100.08000183105469,102.13999938964844,99.86000061035156,100.80999755859375,97.26659393310547,1736200
2024-09-06,100.30000305175781,100.70999908447266,97.33000183105469,97.9800033569336,94.53606414794922,2612500
2024-09-09,99.3499984741211,101.37999725341797,97.9800033569336,101.33999633789062,97.77796173095703,2318500
2024-09-10,101.2699966430664,102.75,99.94000244140625,102.26000213623047,98.66563415527344,1878900
2024-09-11,102.31999969482422,102.73999786376953,100.05999755859375,102.52999877929688,98.92613220214844,2373500
2024-09-12,101.95999908447266,102.27999877929688,100.08000183105469,100.62000274658203,97.08326721191406,2002600
2024-09-13,100.83999633789062,102.7699966430664,100.0,102.12999725341797,98.54019927978516,1795100
2024-09-16,101.83000183105469,102.0999984741211,100.98999786376953,101.44000244140625,97.87444305419922,1593500
2024-09-17,102.31999969482422,102.52999877929688,101.08999633789062,102.06999969482422,98.48230743408203,1499300
2024-09-18,102.18000030517578,103.4800033569336,100.72000122070312,100.93000030517578,97.38237762451172,1833300
2024-09-19,103.48999786376953,104.47000122070312,102.58999633789062,104.12000274658203,100.46025085449219,1507100
2024-09-20,103.83000183105469,105.80000305175781,103.83000183105469,104.73999786376953,101.0584487915039,5499800
2024-09-23,105.11000061035156,106.75,104.9000015258789,105.87999725341797,102.8457260131836,1477300
2024-09-24,106.02999877929688,106.79000091552734,104.83999633789062,106.62999725341797,103.57423400878906,1626000
2024-09-25,106.25,107.76000213623047,106.05999755859375,107.76000213623047,104.67185974121094,1695300
2024-09-26,110.01000213623047,110.93000030517578,107.81999969482422,110.76000213623047,107.58587646484375,2660800
2024-09-27,110.68000030517578,110.72000122070312,108.1500015258789,108.73999786376953,105.62376403808594,1320000
2024-09-30,108.75,109.61000061035156,107.80999755859375,109.52999877929688,106.39112091064453,1600500
2024-10-01,109.2699966430664,109.2699966430664,106.5,107.81999969482422,104.73014068603516,2155000
2024-10-02,108.05999755859375,110.0,107.19999694824219,108.55999755859375,105.44892120361328,1476900
2024-10-03,108.04000091552734,109.41999816894531,107.81999969482422,108.80000305175781,105.68205261230469,1135000
2024-10-04,109.87999725341797,109.87999725341797,106.36000061035156,107.23999786376953,104.166748046875,1447800
2024-10-07,106.08999633789062,106.62000274658203,104.5199966430664,106.12999725341797,103.08856201171875,1871300
2024-10-08,106.97000122070312,108.94999694824219,106.5,108.6500015258789,105.53636169433594,1551400
2024-10-09,109.0999984741211,109.38999938964844,105.55000305175781,109.29000091552734,106.15801239013672,3410500
2024-10-10,107.75,108.7300033569336,106.51000213623047,108.12000274658203,105.02154541015625,1255900
2024-10-11,107.9800033569336,109.88999938964844,107.94000244140625,109.80999755859375,106.66310119628906,1054900
2024-10-14,110.0,111.41999816894531,108.83999633789062,111.05999755859375,107.87727355957031,1619100
2024-10-15,112.04000091552734,115.31999969482422,111.37000274658203,111.79000091552734,108.58636474609375,2511100
2024-10-16,111.2300033569336,112.87000274658203,110.62000274658203,111.7300033569336,108.52808380126953,1238100
2024-10-17,112.37999725341797,113.30999755859375,111.98999786376953,112.44999694824219,109.22746276855469,1728300
2024-10-18,112.6500015258789,114.66999816894531,111.69999694824219,112.12000274658203,108.90690612792969,1951000
2024-10-21,111.61000061035156,112.58000183105469,109.31999969482422,112.41000366210938,109.18860626220703,2419300
2024-10-22,111.9000015258789,112.75,110.33000183105469,112.63999938964844,109.41200256347656,3166100
2024-10-23,105.73999786376953,107.80000305175781,102.45999908447266,103.5199966430664,100.55335235595703,8774000
2024-10-24,104.52999877929688,105.08000183105469,102.3499984741211,103.9800033569336,101.00018310546875,2746300
2024-10-25,104.22000122070312,105.6500015258789,102.91999816894531,103.01000213623047,100.05799102783203,2485700
2024-10-28,103.7699966430664,103.88999938964844,101.02999877929688,101.31999969482422,98.41639709472656,2766700
2024-10-29,101.36000061035156,101.70999908447266,100.19000244140625,101.33000183105469,98.4261245727539,2014700
2024-10-30,100.97000122070312,101.30000305175781,98.94000244140625,99.79000091552734,96.93025207519531,2862200
2024-10-31,99.41999816894531,101.20999908447266,98.91000366210938,100.37000274658203,97.49364471435547,2708500
2024-11-01,99.58999633789062,100.9800033569336,98.66000366210938,99.11000061035156,96.26974487304688,2001600
2024-11-04,98.83000183105469,101.2699966430664,98.83000183105469,99.88999938964844,97.02739715576172,1961200
2024-11-05,100.20999908447266,101.87000274658203,100.02999877929688,101.6500015258789,98.73695373535156,1519500
2024-11-06,103.97000122070312,104.80000305175781,102.58000183105469,102.9800033569336,100.02885437011719,2411600
2024-11-07,103.77999877929688,105.27999877929688,102.9800033569336,105.11000061035156,102.09778594970703,1953500
2024-11-08,105.47000122070312,106.23999786376953,104.19000244140625,104.77999877929688,101.77725982666016,1329800
2024-11-11,104.69000244140625,104.81999969482422,101.61000061035156,101.83999633789062,98.92150115966797,1633400
2024-11-12,100.91999816894531,102.23999786376953,98.75,99.80000305175781,96.9399642944336,2064800
2024-11-13,99.87000274658203,100.6500015258789,98.20999908447266,98.2699966430664,95.45380401611328,1630300
2024-11-14,97.7300033569336,98.76000213623047,96.98999786376953,97.45999908447266,94.66703033447266,1814400
2024-11-15,96.91999816894531,97.55000305175781,96.41000366210938,96.79000091552734,94.0162353515625,1926400
2024-11-18,97.38999938964844,97.55000305175781,96.33999633789062,97.0199966430664,94.23963165283203,1384500
2024-11-19,96.98999786376953,97.83000183105469,96.0999984741211,97.80000305175781,94.99728393554688,1766600
2024-11-20,98.0,98.43000030517578,96.58000183105469,98.0199966430664,95.21097564697266,1875600
2024-11-21,98.75,100.20999908447266,98.06999969482422,99.91999816894531,97.05652618408203,1744500
2024-11-22,100.4000015258789,100.66000366210938,99.16999816894531,99.62000274658203,96.76512908935547,2675600
2024-11-25,101.0,103.38999938964844,100.80999755859375,101.36000061035156,98.45526123046875,4038900
2024-11-26,101.91999816894531,103.16999816894531,101.25,101.66000366210938,98.74665832519531,2412500
2024-11-27,101.31999969482422,101.41000366210938,98.62999725341797,100.0,97.13423919677734,1799200
2024-11-29,100.0,102.31999969482422,99.97000122070312,101.33000183105469,98.4261245727539,1460300
2024-12-02,101.81999969482422,105.12000274658203,101.44000244140625,103.16000366210938,100.20367431640625,2476800
2024-12-03,102.05000305175781,102.72000122070312,97.91000366210938,98.80000305175781,95.9686279296875,3267100
2024-12-04,99.98999786376953,100.22000122070312,94.97000122070312,97.62999725341797,94.8321533203125,4572300
2024-12-05,98.02999877929688,99.4000015258789,97.87000274658203,98.18000030517578,95.36638641357422,2285600
2024-12-06,98.18000030517578,99.08999633789062,97.61000061035156,98.51000213623047,95.68693542480469,2720200
2024-12-09,98.43000030517578,99.9000015258789,98.0999984741211,98.97000122070312,96.13374328613281,2437000
2024-12-10,98.8499984741211,98.94000244140625,96.7699966430664,97.58999633789062,94.79329681396484,2812400
2024-12-11,97.94999694824219,99.12999725341797,96.56999969482422,98.38999938964844,95.57037353515625,2555600
2024-12-12,98.45999908447266,100.18000030517578,97.12000274658203,97.63999938964844,94.84185791015625,2834700
2024-12-13,97.58000183105469,98.30999755859375,95.5199966430664,95.75,93.69695281982422,4938000
2024-12-16,95.31999969482422,97.1500015258789,95.04000091552734,95.58000183105469,93.53060150146484,3552500
2024-12-17,94.80000305175781,96.45999908447266,94.08999633789062,94.48999786376953,92.46398162841797,2406200
2024-12-18,94.5999984741211,95.30999755859375,91.5199966430664,91.5999984741211,89.63594818115234,3132100
2024-12-19,91.5999984741211,92.11000061035156,87.41000366210938,87.54000091552734,85.66299438476562,4522300
2024-12-20,88.08999633789062,89.01000213623047,86.87000274658203,87.30999755859375,85.43791961669922,6072500
2024-12-23,87.45999908447266,88.62000274658203,87.30000305175781,88.52999877929688,86.63176727294922,2106800
2024-12-24,88.31999969482422,89.12999725341797,88.02999877929688,88.48999786376953,86.5926284790039,1142200
2024-12-26,88.7300033569336,89.16999816894531,88.1500015258789,88.4000015258789,86.50455474853516,1382800
2024-12-27,87.94000244140625,88.83000183105469,87.0,87.38999938964844,85.5162124633789,1611400
2024-12-30,86.68000030517578,86.86000061035156,85.25,86.52999877929688,84.6746597290039,1731200
2024-12-31,86.58999633789062,87.22000122070312,85.7300033569336,86.30999755859375,84.45936584472656,1458400
2025-01-02,87.20999908447266,87.54000091552734,85.79000091552734,86.38999938964844,84.53764343261719,2046500
2025-01-03,86.91999816894531,89.18000030517578,86.79000091552734,89.1500015258789,87.23847198486328,2351500
2025-01-06,90.31999969482422,91.58999633789062,88.75,89.11000061035156,87.1993408203125,2499300
2025-01-07,89.83000183105469,90.88999938964844,89.2699966430664,89.5999984741211,87.6788330078125,2379100
2025-01-08,89.2699966430664,89.43000030517578,87.88999938964844,88.69000244140625,86.78834533691406,3189100
2025-01-10,87.44000244140625,88.98999786376953,86.63999938964844,88.87000274658203,86.9644775390625,2201900
2025-01-13,87.55000305175781,89.69999694824219,86.97000122070312,88.93000030517578,87.02318572998047,2715800
2025-01-14,89.36000061035156,91.75,89.0999984741211,91.2300033569336,89.27388000488281,3252100
2025-01-15,92.12999725341797,94.9800033569336,92.12999725341797,94.33999633789062,92.31719207763672,3853600
2025-01-16,94.37999725341797,95.81999969482422,93.69999694824219,95.06999969482422,93.03153991699219,3820500
2025-01-17,96.5999984741211,97.93000030517578,95.5999984741211,97.66999816894531,95.57579803466797,5656300
2025-01-21,99.8499984741211,102.54000091552734,99.22000122070312,101.25,99.07901763916016,6545200
2025-01-22,108.62999725341797,111.91000366210938,105.86000061035156,108.18000030517578,105.86044311523438,9814200
2025-01-23,107.41000366210938,108.52999877929688,105.91999816894531,108.41999816894531,106.09529113769531,3602100
2025-01-24,108.73999786376953,110.23999786376953,107.5999984741211,108.19000244140625,105.87023162841797,3320400
2025-01-27,105.0999984741211,107.0,102.31999969482422,103.4800033569336,101.26121520996094,4188600
2025-01-28,104.0199966430664,104.02999877929688,98.81999969482422,100.2699966430664,98.12003326416016,3460800
2025-01-29,101.4800033569336,102.02999877929688,99.08999633789062,99.37999725341797,97.2491226196289,2548200
2025-01-30,101.1500015258789,101.41999816894531,97.94999694824219,98.27999877929688,96.17271423339844,4212800
2025-01-31,98.0999984741211,99.98999786376953,96.2699966430664,96.36000061035156,94.29388427734375,2799400
2025-02-03,94.5999984741211,95.62999725341797,92.91000366210938,93.4800033569336,91.47563171386719,3437000
2025-02-04,92.87999725341797,94.79000091552734,92.68000030517578,94.51000213623047,92.48355102539062,2909700
2025-02-05,94.62000274658203,96.12999725341797,94.16999816894531,95.43000030517578,93.38381958007812,2680700
2025-02-06,96.0999984741211,96.77999877929688,95.62999725341797,96.54000091552734,94.47000885009766,2301100
2025-02-07,97.05999755859375,98.25,95.45999908447266,96.1500015258789,94.08839416503906,1976100
2025-02-10,97.41000366210938,98.19999694824219,96.70999908447266,97.80000305175781,95.7030029296875,1946300
2025-02-11,97.2300033569336,99.36000061035156,97.19000244140625,97.83000183105469,95.73236083984375,2133900
2025-02-12,96.72000122070312,100.66000366210938,96.0999984741211,99.20999908447266,97.08277130126953,3386000
2025-02-13,99.38999938964844,102.73999786376953,99.38999938964844,101.4800033569336,99.3041000366211,2555000
2025-02-14,102.1500015258789,102.4000015258789,100.62000274658203,101.47000122070312,99.2943115234375,2235000
2025-02-18,102.55999755859375,103.29000091552734,100.94000244140625,103.0999984741211,100.88935089111328,2365500
2025-02-19,102.93000030517578,103.45999908447266,102.47000122070312,103.0,100.79150390625,1727300
2025-02-20,103.06999969482422,103.37000274658203,101.55000305175781,102.63999938964844,100.4392318725586,1479200
2025-02-21,102.66999816894531,103.41999816894531,100.5,100.8499984741211,98.68760681152344,2484200
2025-02-24,100.97000122070312,101.98999786376953,99.23999786376953,100.08000183105469,97.93412017822266,4204100
2025-02-25,100.0,101.69000244140625,99.29000091552734,99.72000122070312,97.58183288574219,3405900
2025-02-26,100.31999969482422,101.3499984741211,99.69999694824219,100.2699966430664,98.12003326416016,1924100
2025-02-27,102.56999969482422,103.83999633789062,100.58999633789062,100.66999816894531,98.5114517211914,4616000
2025-02-28,100.25,102.29000091552734,99.68000030517578,101.91000366210938,99.7248764038086,4521400
2025-03-03,102.94999694824219,103.87000274658203,99.77999877929688,100.05999755859375,97.91454315185547,3190400
2025-03-04,98.94999694824219,99.62000274658203,94.01000213623047,94.08000183105469,92.06275939941406,7037600
2025-03-05,93.68000030517578,93.7699966430664,90.19000244140625,92.43000030517578,90.44815063476562,5175600
2025-03-06,90.55000305175781,90.66999816894531,86.38999938964844,86.63999938964844,84.78229522705078,5272900
2025-03-07,86.86000061035156,89.7699966430664,86.30000305175781,88.0,86.1131362915039,4617700
2025-03-10,87.20999908447266,87.94999694824219,84.36000061035156,86.41000366210938,84.5572280883789,4520500
2025-03-11,86.41000366210938,87.95999908447266,85.4000015258789,86.97000122070312,85.10521697998047,3805500
2025-03-12,88.0,89.47000122070312,86.2699966430664,86.7300033569336,84.870361328125,3808900
2025-03-13,86.79000091552734,87.44000244140625,85.0,85.62000274658203,83.78416442871094,1573500
2025-03-14,86.94999694824219,88.62999725341797,86.93000030517578,87.9000015258789,86.01526641845703,2261100
2025-03-17,87.63999938964844,91.05000305175781,87.63999938964844,90.51000213623047,88.56932067871094,2948500
2025-03-18,90.4800033569336,90.56999969482422,88.44000244140625,88.63999938964844,86.73941040039062,2204900
2025-03-19,88.44000244140625,89.63999938964844,88.18000030517578,88.93000030517578,87.73583984375,2225500
2025-03-20,88.29000091552734,89.77999877929688,88.29000091552734,88.37999725341797,87.19322204589844,2060500
2025-03-21,87.94999694824219,88.69000244140625,86.5999984741211,88.2699966430664,87.08470153808594,2576000
2025-03-24,89.41000366210938,90.06999969482422,88.4800033569336,88.79000091552734,87.59772491455078,1715000
2025-03-25,88.31999969482422,88.44000244140625,85.7300033569336,87.95999908447266,86.77886962890625,3154000
2025-03-26,87.5999984741211,88.19000244140625,85.94000244140625,87.62999725341797,86.45329284667969,3534900
2025-03-27,87.20999908447266,89.25,86.30000305175781,87.5,86.32504272460938,2977400
2025-03-28,86.98999786376953,87.36000061035156,84.33000183105469,84.91999816894531,83.77969360351562,1886200
2025-03-31,84.48999786376953,85.30999755859375,82.87999725341797,84.94999694824219,83.80928802490234,2628600
2025-04-01,84.5999984741211,85.33000183105469,83.30999755859375,84.54000091552734,83.40479278564453,2728200
2025-04-02,83.73999786376953,86.33999633789062,83.5199966430664,85.5199966430664,84.37163543701172,2810100
2025-04-03,80.18000030517578,81.16000366210938,71.27999877929688,71.52999877929688,70.56948852539062,12915600
2025-04-04,68.66000366210938,68.68000030517578,63.95000076293945,66.7300033569336,65.83394622802734,9249900
2025-04-07,65.0,72.55999755859375,64.18000030517578,68.66000366210938,67.73802947998047,7297500
2025-04-08,70.98999786376953,72.43000030517578,65.41000366210938,66.54000091552734,65.64649963378906,5679900
2025-04-09,65.73999786376953,76.0199966430664,63.189998626708984,74.29000091552734,73.29243469238281,10253500
2025-04-10,71.70999908447266,72.4800033569336,68.6500015258789,69.73999786376953,68.80353546142578,5483500
2025-04-11,69.2300033569336,71.20999908447266,67.62999725341797,70.1500015258789,69.20802307128906,3879000
2025-04-14,74.93000030517578,75.2300033569336,71.5999984741211,72.66999816894531,71.6941909790039,3437300
2025-04-15,72.08999633789062,73.5,71.8499984741211,72.0,71.03318786621094,3147600
2025-04-16,71.48999786376953,73.11000061035156,71.30000305175781,72.81999969482422,71.84217071533203,5798900
2025-04-17,73.48999786376953,76.44000244140625,72.88999938964844,75.77999877929688,74.7624282836914,4588400
2025-04-21,74.44999694824219,74.6500015258789,72.62000274658203,73.93000030517578,72.93726348876953,2950600
2025-04-22,74.69999694824219,75.91000366210938,74.5999984741211,75.36000061035156,74.34806823730469,2177900
2025-04-23,79.1500015258789,81.18000030517578,77.55999755859375,78.08999633789062,77.04141235351562,4013700
2025-04-24,79.16000366210938,83.2699966430664,79.13999938964844,83.04000091552734,81.9249496459961,4105400
2025-04-25,83.33000183105469,83.80999755859375,82.0,82.69999694824219,81.5895004272461,4055400
2025-04-28,82.20999908447266,82.88999938964844,80.55999755859375,82.16000366210938,81.05677032470703,2895700
2025-04-29,81.58000183105469,82.68000030517578,81.22000122070312,81.5999984741211,80.50426483154297,6502500
2025-04-30,87.13999938964844,91.51000213623047,85.47000122070312,91.02999877929688,89.80764770507812,11880100
2025-05-01,92.0,93.16999816894531,89.88999938964844,90.01000213623047,88.80134582519531,5496500
2025-05-02,91.55000305175781,93.29000091552734,91.29000091552734,93.06999969482422,91.82025146484375,3409300
2025-05-05,92.33000183105469,94.33000183105469,91.9800033569336,93.58000183105469,92.32340240478516,2805700
2025-05-06,92.45999908447266,94.41000366210938,91.91999816894531,93.9000015258789,92.63910675048828,2754100
2025-05-07,93.98999786376953,95.66999816894531,93.33000183105469,95.44999694824219,94.16829681396484,3715800
2025-05-08,96.30999755859375,97.2300033569336,94.97000122070312,96.30000305175781,95.00688171386719,2392700
2025-05-09,97.11000061035156,97.7300033569336,95.62999725341797,95.70999908447266,94.4248046875,2568200
2025-05-12,101.12999725341797,103.04000091552734,100.0,101.94999694824219,100.58100891113281,5791900
2025-05-13,101.9000015258789,105.9800033569336,101.55000305175781,105.47000122070312,104.05374145507812,4336000
2025-05-14,105.1500015258789,105.86000061035156,104.4800033569336,105.19000244140625,103.77750396728516,4245700
2025-05-15,106.95999908447266,108.0,105.91000366210938,107.43000030517578,105.9874267578125,4711900
2025-05-16,107.5199966430664,108.9800033569336,107.0,107.79000091552734,106.34259796142578,3234900
2025-05-19,105.91000366210938,109.66999816894531,105.66000366210938,109.04000091552734,107.57579803466797,3286200
2025-05-20,109.47000122070312,109.4800033569336,106.27999877929688,106.97000122070312,105.53360748291016,3404100
2025-05-21,106.5,107.81999969482422,103.7300033569336,104.43000030517578,103.0277099609375,4800400
2025-05-22,106.08000183105469,111.47000122070312,105.3499984741211,108.86000061035156,107.39823150634766,8056800
2025-05-23,108.27999877929688,113.16999816894531,108.27999877929688,112.73999786376953,111.22611999511719,5981600
2025-05-27,113.87000274658203,117.36000061035156,113.19999694824219,117.05000305175781,115.4782485961914,4485900
2025-05-28,117.23999786376953,118.62999725341797,116.81999969482422,117.33999633789062,115.76435089111328,4094000
2025-05-29,117.55999755859375,118.19999694824219,116.27999877929688,118.13999938964844,116.5536117553711,2434800
2025-05-30,117.16999816894531,119.12999725341797,116.66999816894531,117.94000244140625,116.3563003540039,4352600
2025-06-02,117.01000213623047,119.76000213623047,116.77999877929688,119.1500015258789,117.55005645751953,3097600
2025-06-03,119.0999984741211,124.04000091552734,118.75,123.2300033569336,121.57526397705078,4835200
2025-06-04,123.7300033569336,127.69000244140625,123.7300033569336,127.63999938964844,125.9260482788086,5769200
2025-06-05,127.91000366210938,129.9499969482422,127.36000061035156,127.69999694824219,125.98523712158203,4765100
2025-06-06,128.89999389648438,129.9600067138672,126.76000213623047,126.97000122070312,125.26504516601562,4377400
2025-06-09,129.5399932861328,132.22999572753906,128.8800048828125,130.1699981689453,128.4220733642578,5425500
2025-06-10,129.97000122070312,130.69000244140625,126.3499984741211,127.98999786376953,126.2713394165039,6119700
2025-06-11,129.0500030517578,129.0800018310547,125.70999908447266,126.48999786376953,124.79148864746094,4553200
2025-06-12,126.16000366210938,127.3499984741211,125.79000091552734,126.06999969482422,124.37712860107422,3005000
2025-06-13,125.16999816894531,128.30999755859375,124.62999725341797,127.2699966430664,125.56101989746094,3000800
2025-06-16,128.6999969482422,131.49000549316406,127.61000061035156,131.0399932861328,129.2803955078125,3530300
2025-06-17,130.4499969482422,133.5,130.0,130.8699951171875,129.11268615722656,3410800
2025-06-18,130.8699951171875,133.75999450683594,130.36000061035156,131.3000030517578,129.5369110107422,2816800
2025-06-20,132.1699981689453,132.61000061035156,130.32000732421875,130.9600067138672,129.20147705078125,6027300
2025-06-23,132.3300018310547,133.88999938964844,130.9199981689453,133.0800018310547,131.29299926757812,4372700
2025-06-24,134.0,137.5399932861328,133.85000610351562,136.30999755859375,134.4796142578125,4670500
2025-06-25,137.6699981689453,138.69000244140625,136.27999877929688,138.5399932861328,137.40545654296875,3574900
2025-06-26,138.5399932861328,140.8000030517578,138.0,140.69000244140625,139.53785705566406,3047100
2025-06-27,141.5800018310547,142.47000122070312,140.2899932861328,141.44000244140625,140.28173828125,4651100
2025-06-30,142.0,144.47999572753906,141.5800018310547,144.3300018310547,143.14805603027344,3663500
2025-07-01,143.63999938964844,145.72999572753906,142.6300048828125,145.0399932861328,143.8522491455078,4951400
2025-07-02,145.0399932861328,152.0500030517578,144.7899932861328,151.94000244140625,150.6957244873047,6703600
2025-07-03,152.0,152.16000366210938,149.24000549316406,149.44000244140625,148.21620178222656,3619700
2025-07-07,149.47000122070312,151.8000030517578,147.74000549316406,148.38999938964844,147.17481994628906,3661700
2025-07-08,149.05999755859375,149.7100067138672,143.42999267578125,144.47000122070312,143.28689575195312,4598800
2025-07-09,145.9199981689453,145.9199981689453,141.7100067138672,142.00999450683594,140.8470458984375,6198800
2025-07-10,144.5,146.24000549316406,142.4499969482422,144.5,143.31666564941406,5593500
2025-07-11,144.0,147.91000366210938,143.5,147.17999267578125,145.97471618652344,2868600
2025-07-14,148.5500030517578,149.9600067138672,145.6199951171875,149.0800018310547,147.85916137695312,2856700
2025-07-15,150.30999755859375,150.9600067138672,147.8000030517578,149.0500030517578,147.8293914794922,2461100
2025-07-16,148.97999572753906,149.0,145.50999450683594,147.1199951171875,145.91522216796875,2694300
2025-07-17,147.1199951171875,149.64999389648438,146.35000610351562,146.72000122070312,145.5184783935547,5155500
2025-07-18,147.61000061035156,149.91000366210938,146.22000122070312,149.07000732421875,147.8492431640625,3336500
2025-07-21,149.4600067138672,150.9199981689453,148.02999877929688,149.6300048828125,148.40464782714844,3453900
2025-07-22,149.0,149.27999877929688,144.75999450683594,146.58999633789062,145.38954162597656,3045000
2025-07-23,147.14999389648438,152.8300018310547,147.0,152.75999450683594,151.50901794433594,4024900
2025-07-24,152.22999572753906,153.8800048828125,151.0800018310547,152.72999572753906,151.47926330566406,2429700
2025-07-25,152.39999389648438,153.3300018310547,148.44000244140625,150.88999938964844,149.65432739257812,3125900
2025-07-28,151.47999572753906,152.0399932861328,149.74000549316406,150.4600067138672,149.2278594970703,2585200
2025-07-29,151.75,155.52000427246094,150.0,152.67999267578125,151.42967224121094,6242800
2025-07-30,141.0,148.5399932861328,138.3000030517578,147.4199981689453,146.21275329589844,12025100
2025-07-31,148.3000030517578,157.4499969482422,146.89999389648438,157.00999450683594,155.72421264648438,7049800
2025-08-01,153.36000061035156,156.61000061035156,150.9199981689453,154.80999755859375,153.54222106933594,3827300
2025-08-04,156.7899932861328,157.6199951171875,152.39999389648438,154.80999755859375,153.54222106933594,2510000
2025-08-05,156.8000030517578,157.39999389648438,147.2100067138672,151.74000549316406,150.49737548828125,3449500
2025-08-06,153.0,153.0,146.85000610351562,147.27000427246094,146.06398010253906,3776600
2025-08-07,144.97999572753906,148.5500030517578,144.75,148.10000610351562,146.88719177246094,3472500
2025-08-08,149.5,151.0800018310547,148.55999755859375,150.4499969482422,149.21792602539062,1901600
2025-08-11,151.61000061035156,156.10000610351562,151.22999572753906,151.69000244140625,150.44778442382812,2759400
2025-08-12,152.22999572753906,158.0,152.22999572753906,155.58999633789062,154.3158416748047,2361600
2025-08-13,156.35000610351562,157.5,154.86000061035156,156.9199981689453,155.63494873046875,2052600
2025-08-14,155.25999450683594,156.83999633789062,154.1999969482422,155.72999572753906,154.4547119140625,2319600
2025-08-15,155.75,155.75,152.0500030517578,154.42999267578125,153.1653289794922,1431500
2025-08-18,154.9499969482422,158.82000732421875,154.07000732421875,158.6999969482422,157.40037536621094,2016300
2025-08-19,158.08999633789062,158.97999572753906,155.30999755859375,157.92999267578125,156.63668823242188,2546400
2025-08-20,157.17999267578125,158.6699981689453,152.5,158.39999389648438,157.1028289794922,2177100
2025-08-21,158.24000549316406,159.36000061035156,153.02999877929688,154.60000610351562,153.33395385742188,2300000
2025-08-22,155.1199951171875,160.57000732421875,154.22000122070312,159.2100067138672,157.9062042236328,1920000
2025-08-25,159.0,165.27999877929688,158.67999267578125,164.0,162.65696716308594,2515400
2025-08-26,163.72000122070312,166.91000366210938,163.72000122070312,165.24000549316406,163.8868408203125,3272300
2025-08-27,165.89999389648438,168.1999969482422,165.5399932861328,167.24000549316406,165.8704376220703,2688400
2025-08-28,167.11000061035156,173.2100067138672,167.11000061035156,172.3800048828125,170.96835327148438,3079800
2025-08-29,172.05999755859375,173.4199981689453,166.66000366210938,167.39999389648438,166.0291290283203,2798500
2025-09-02,164.41000366210938,170.75,163.86000061035156,170.5,169.10374450683594,3175400
2025-09-03,171.10000610351562,176.49000549316406,170.00999450683594,176.32000732421875,174.87608337402344,3790400
2025-09-04,177.41000366210938,184.11000061035156,175.82000732421875,183.97999572753906,182.47335815429688,5571800
2025-09-05,186.0,189.22999572753906,183.02000427246094,188.16000366210938,186.619140625,3761500
2025-09-08,189.99000549316406,191.52000427246094,187.17999267578125,189.24000549316406,187.69027709960938,4019700
2025-09-09,189.02000427246094,192.02000427246094,188.0,191.58999633789062,190.0210418701172,3230800
2025-09-10,193.00999450683594,193.8000030517578,189.89999389648438,193.0399932861328,191.4591522216797,4343800
2025-09-11,193.3000030517578,199.24000549316406,192.99000549316406,196.80999755859375,195.1982879638672,3625600
2025-09-12,196.6999969482422,198.3699951171875,193.32000732421875,195.99000549316406,194.385009765625,3293200
2025-09-15,200.0,214.1999969482422,199.64999389648438,211.1199951171875,209.39108276367188,7398100
2025-09-16,211.3000030517578,215.1999969482422,207.66000366210938,211.1300048828125,209.40103149414062,4888200
2025-09-17,210.39999389648438,214.2100067138672,206.25999450683594,213.36000061035156,211.61276245117188,4268800
2025-09-18,216.72000122070312,219.52999877929688,215.10000610351562,216.63999938964844,214.8658905029297,3044200
2025-09-19,218.42999267578125,221.66000366210938,216.0,221.22999572753906,219.41830444335938,4834900
2025-09-22,222.89999389648438,230.82000732421875,221.97000122070312,229.3300018310547,227.4519805908203,5243400
2025-09-23,229.3699951171875,231.9600067138672,223.50999450683594,228.1300048828125,226.26182556152344,4389400
2025-09-24,227.72000122070312,231.41000366210938,222.92999267578125,223.6999969482422,221.86807250976562,4121100
2025-09-25,219.9499969482422,222.52999877929688,216.00999450683594,219.85000610351562,218.0496063232422,4200900
2025-09-26,220.3300018310547,220.82000732421875,213.05999755859375,217.50999450683594,215.72877502441406,2477000
2025-09-29,226.75,234.1199951171875,224.80999755859375,229.13999938964844,227.26353454589844,5108400
2025-09-30,226.8800048828125,236.50999450683594,226.25999450683594,236.05999755859375,234.86485290527344,4184000
2025-10-01,234.33999633789062,258.3999938964844,232.5800018310547,256.8399963378906,255.53965759277344,9751900
2025-10-02,263.29998779296875,264.8299865722656,251.89999389648438,254.74000549316406,253.45028686523438,4801300
2025-10-03,254.97000122070312,261.2900085449219,251.64999389648438,252.7899932861328,251.5101318359375,4916000
2025-10-06,260.1099853515625,261.239990234375,242.4499969482422,242.8300018310547,241.60057067871094,5233600
2025-10-07,244.64999389648438,244.74000549316406,223.00999450683594,225.00999450683594,223.8708038330078,10019400
2025-10-08,224.8699951171875,229.0500030517578,222.72000122070312,224.35000610351562,223.2141571044922,5190300
2025-10-09,223.50999450683594,225.07000732421875,218.6300048828125,221.6999969482422,220.57754516601562,3427000
2025-10-10,220.39999389648438,224.25999450683594,212.6300048828125,214.3800048828125,213.29461669921875,5191000
2025-10-13,225.55999755859375,225.64999389648438,216.50999450683594,219.50999450683594,218.3986358642578,3348800
2025-10-14,215.3800048828125,217.39999389648438,210.57000732421875,211.6300048828125,210.5585479736328,3646700
2025-10-15,215.66000366210938,220.58999633789062,212.35000610351562,219.3800048828125,218.26930236816406,6236800
2025-10-16,224.14999389648438,233.0,221.86000061035156,226.02999877929688,224.8856201171875,5196500
2025-10-17,222.42999267578125,230.4499969482422,220.94000244140625,225.39999389648438,224.25881958007812,3258800
2025-10-20,230.0,233.27999877929688,209.3699951171875,214.39999389648438,213.3144989013672,4602000
2025-10-21,212.6300048828125,216.52999877929688,210.67999267578125,214.57000732421875,213.48365783691406,2817500
2025-10-22,213.6699981689453,219.32000732421875,209.0,215.0500030517578,213.9612274169922,2925200
2025-10-23,218.25,226.91000366210938,218.25,226.41000366210938,225.2637176513672,2569600
2025-10-24,234.0800018310547,240.85000610351562,230.52999877929688,234.1199951171875,232.93466186523438,3664000
2025-10-27,241.3300018310547,242.0,227.6300048828125,230.32000732421875,229.1539306640625,4942400
2025-10-28,229.17999267578125,230.0,217.6699981689453,223.0,221.8709716796875,6501000
2025-10-29,240.52000427246094,268.9100036621094,240.05999755859375,265.6199951171875,264.2751770019531,9900800
2025-10-30,258.2099914550781,274.4800109863281,258.0,268.3399963378906,266.98138427734375,7175700
2025-10-31,276.8299865722656,280.3500061035156,243.33999633789062,255.8800048828125,254.5845184326172,8616100
2025-11-03,258.75,269.55999755859375,253.64999389648438,265.54998779296875,264.2055358886719,4450400
2025-11-04,255.05999755859375,260.32000732421875,249.47999572753906,250.3800048828125,249.1123504638672,3438000
2025-11-05,258.2900085449219,283.94000244140625,257.30999755859375,275.7699890136719,274.373779296875,9050400
2025-11-06,277.2699890136719,284.4200134277344,273.5199890136719,278.4700012207031,277.06011962890625,4075300
2025-11-07,273.9599914550781,279.80999755859375,263.4599914550781,279.3500061035156,277.9356689453125,5098700
2025-11-10,290.7099914550781,296.0,287.1099853515625,293.989990234375,292.5015563964844,3971600
2025-11-11,289.2699890136719,296.1499938964844,283.5199890136719,288.0,286.5419006347656,3881100
2025-11-12,288.0,297.8800048828125,279.0,283.260009765625,281.82586669921875,3985300
2025-11-13,273.6199951171875,277.5,258.8500061035156,262.55999755859375,261.2306823730469,5350200
2025-11-14,254.14999389648438,267.80999755859375,251.08999633789062,258.2099914550781,256.9027099609375,4718800
2025-11-17,257.5,269.79998779296875,254.47999572753906,261.3800048828125,260.0566711425781,2851600
2025-11-18,257.3900146484375,261.3599853515625,249.52999877929688,253.86000061035156,252.57473754882812,2479400
2025-11-19,253.99000549316406,263.82000732421875,253.99000549316406,259.1400146484375,257.8280029296875,2306500
2025-11-20,273.17999267578125,275.70001220703125,237.39999389648438,240.5,239.28237915039062,4071000
2025-11-21,237.39999389648438,240.5,228.61000061035156,237.49000549316406,236.28761291503906,4177300
2025-11-24,242.9199981689453,256.70001220703125,242.91000366210938,253.3800048828125,252.09716796875,4200400
2025-11-25,251.17999267578125,263.57000732421875,247.0,261.8900146484375,260.5640869140625,2555300
2025-11-26,264.6600036621094,275.0,262.7200012207031,272.2799987792969,270.9014892578125,3487500
2025-11-28,275.0,277.5799865722656,269.510009765625,276.69000244140625,275.2891540527344,1243100
2025-12-01,272.0899963378906,275.9800109863281,266.0,270.1000061035156,268.7325134277344,2320000
2025-12-02,272.9100036621094,278.3900146484375,259.3800048828125,266.8699951171875,265.5188293457031,3101600
2025-12-03,266.4599914550781,266.4599914550781,250.52999877929688,258.6700134277344,257.3603820800781,3828300
2025-12-04,258.70001220703125,266.3999938964844,257.3599853515625,265.6300048828125,264.2851257324219,1971700
2025-12-05,269.80999755859375,279.6700134277344,269.1199951171875,278.7900085449219,277.3785095214844,2863400
2025-12-08,281.0,288.2699890136719,278.6700134277344,285.4100036621094,283.9649658203125,3469000
2025-12-09,285.7900085449219,289.44000244140625,280.0,282.8599853515625,281.42791748046875,2072700
2025-12-10,283.70001220703125,301.4700012207031,281.29998779296875,298.9200134277344,297.4065856933594,3617400
2025-12-11,294.29998779296875,308.92999267578125,288.6300048828125,307.8500061035156,306.2914123535156,3176300
2025-12-12,302.0,304.0,280.510009765625,287.6400146484375,286.1837463378906,5255600
2025-12-15,291.8900146484375,293.9599914550781,284.2300109863281,285.5799865722656,284.1341247558594,3465600
2025-12-16,285.4100036621094,294.94000244140625,280.5,288.1300048828125,286.6712341308594,3091000
2025-12-17,291.1099853515625,296.67999267578125,276.1099853515625,277.6499938964844,276.2442932128906,3514100
2025-12-18,288.5,299.2300109863281,286.6700134277344,292.0,290.5216064453125,3730500
2025-12-19,296.6700134277344,305.42999267578125,293.69000244140625,296.3599853515625,294.85955810546875,24731300
2025-12-22,301.25,302.0,279.0,282.8500061035156,281.41796875,4340400
2025-12-23,278.5799865722656,282.8500061035156,274.7099914550781,282.79998779296875,281.3681945800781,2084400
2025-12-24,281.54998779296875,288.5,281.54998779296875,285.2699890136719,284.5703125,1474900
2025-12-26,288.760009765625,289.79998779296875,282.54998779296875,286.2200012207031,285.51800537109375,1063800
2025-12-29,281.989990234375,289.4700012207031,279.3299865722656,281.29998779296875,280.6100769042969,2537400
2025-12-30,282.04998779296875,284.010009765625,279.6199951171875,280.0799865722656,279.3930358886719,1873600
2025-12-31,280.0,280.25,274.2699890136719,275.3900146484375,274.7145690917969,1316800
2026-01-02,281.9700012207031,289.6499938964844,280.4200134277344,287.5400085449219,286.83477783203125,2731000
2026-01-05,294.9700012207031,298.0,277.69000244140625,289.8299865722656,289.119140625,3350300
2026-01-06,290.8999938964844,332.0,290.8999938964844,330.4200134277344,329.609619140625,5563900
2026-01-07,319.010009765625,322.0,298.94000244140625,308.260009765625,307.50396728515625,5179200
2026-01-08,305.8800048828125,306.239990234375,278.1499938964844,284.4700012207031,283.7723083496094,4826000
2026-01-09,284.6700134277344,305.44000244140625,280.6700134277344,304.010009765625,303.2643737792969,3187100
2026-01-12,299.30999755859375,322.760009765625,298.0899963378906,321.4800109863281,320.6915283203125,3066100
2026-01-13,319.4800109863281,331.0,316.7699890136719,318.44000244140625,317.65899658203125,3459600
2026-01-14,319.8299865722656,322.7300109863281,309.1499938964844,312.2799987792969,311.51409912109375,1947500
2026-01-15,322.760009765625,328.7799987792969,317.0,320.32000732421875,319.53436279296875,3180200
2026-01-16,333.5,335.0199890136719,321.19000244140625,326.2300109863281,325.4299011230469,3378500
2026-01-20,322.989990234375,336.1700134277344,322.0400085449219,325.989990234375,325.1904602050781,3620800
2026-01-21,334.4100036621094,349.54998779296875,323.6099853515625,344.2200012207031,343.3757629394531,4710600
2026-01-22,350.0,350.04998779296875,330.0,346.5299987792969,345.6800842285156,2796300
2026-01-23,344.4700012207031,347.7099914550781,331.75,346.1000061035156,345.2511291503906,2957800
2026-01-26,348.8500061035156,370.4700012207031,346.0,358.2900085449219,357.4112548828125,5039000
2026-01-27,361.6199951171875,383.8800048828125,361.0,371.760009765625,370.84820556640625,7353600
2026-01-28,395.19000244140625,449.5,389.0,442.92999267578125,441.8436584472656,14749800
2026-01-29,450.2699890136719,457.8399963378906,434.0,446.57000732421875,445.4747314453125,9052800
2026-01-30,449.6400146484375,452.9200134277344,397.3299865722656,407.69000244140625,406.6900939941406,9224400
2026-02-02,402.5,436.0,399.5299987792969,432.95001220703125,431.8881530761719,6062800
2026-02-03,451.510009765625,459.4100036621094,424.510009765625,444.45001220703125,443.35992431640625,6089200
2026-02-04,442.0,453.45001220703125,402.0400085449219,418.6300048828125,417.603271484375,6601100
2026-02-05,413.55999755859375,418.3999938964844,394.239990234375,405.45001220703125,404.4555969238281,5641900
2026-02-06,426.260009765625,431.92999267578125,406.8599853515625,429.32000732421875,428.2670593261719,3284500
2026-02-09,424.0400085449219,438.54998779296875,415.0,425.0,423.9576416015625,3188600
2026-02-10,421.7699890136719,421.7699890136719,395.1400146484375,396.2300109863281,395.2582092285156,3172000
2026-02-11,409.6400146484375,415.6000061035156,391.0,407.25,406.25115966796875,2827000
2026-02-12,425.82000732421875,459.8399963378906,425.80999755859375,431.1700134277344,430.1125183105469,6436900
2026-02-13,416.05999755859375,431.6600036621094,402.510009765625,425.989990234375,424.9451904296875,3856100
2026-02-17,420.0,429.2300109863281,411.6000061035156,415.94000244140625,414.91986083984375,2839300
2026-02-18,418.94000244140625,434.95001220703125,417.29998779296875,424.1400146484375,423.0997619628906,2865600
2026-02-19,420.1700134277344,424.1099853515625,402.1600036621094,408.9700012207031,407.9669494628906,3518300
2026-02-20,403.0799865722656,416.989990234375,399.1300048828125,411.1099853515625,410.1016845703125,2962600
2026-02-23,410.3999938964844,422.989990234375,402.1499938964844,407.3999938964844,406.40081787109375,2402300
2026-02-24,410.1099853515625,413.79998779296875,394.04998779296875,396.0199890136719,395.0487060546875,3119300
2026-02-25,409.260009765625,426.5,408.29998779296875,421.8500061035156,420.81536865234375,3385600
2026-02-26,413.69000244140625,416.5,393.2200012207031,409.6700134277344,408.6652526855469,3077500
2026-02-27,400.0,415.6000061035156,396.2200012207031,407.8399963378906,406.8396911621094,3605500
2026-03-02,393.5899963378906,407.70001220703125,374.5299987792969,379.5199890136719,378.58917236328125,4224400
2026-03-03,361.260009765625,365.9800109863281,350.1000061035156,357.6199951171875,356.7428894042969,5712500
2026-03-04,367.5,390.5,364.67999267578125,375.010009765625,374.09027099609375,3774200
2026-03-05,370.9800109863281,378.1499938964844,352.55999755859375,367.3399963378906,366.43902587890625,3394900
2026-03-06,356.30999755859375,370.3399963378906,351.1499938964844,352.79998779296875,351.9346923828125,2415600
2026-03-09,342.4200134277344,374.6600036621094,342.0,374.3299865722656,373.4118957519531,2929900
2026-03-10,377.92999267578125,398.2900085449219,377.92999267578125,384.2900085449219,383.34747314453125,3487000
2026-03-11,384.0,391.239990234375,376.1499938964844,385.9700012207031,385.0233459472656,1970100
2026-03-12,382.7099914550781,385.0,368.69000244140625,373.9800109863281,373.0627746582031,2058300
2026-03-13,378.07000732421875,394.989990234375,377.1400146484375,383.7099914550781,382.7688903808594,2913500
2026-03-16,397.5,410.79998779296875,395.6300048828125,398.7799987792969,397.80194091796875,3120200
2026-03-17,400.0,421.30999755859375,397.5,421.0899963378906,420.0572204589844,3469200
2026-03-18,419.5299987792969,422.739990234375,405.1099853515625,406.7699890136719,405.7723083496094,3830800
2026-03-19,396.3999938964844,437.4599914550781,388.3699951171875,434.6000061035156,433.5340881347656,4157000
2026-03-20,433.5,439.7300109863281,409.25,411.2300109863281,410.2214050292969,8620000
2026-03-23,420.0,425.17999267578125,395.19000244140625,404.0199890136719,403.0290832519531,3864800
2026-03-24,402.8599853515625,426.2799987792969,395.0,424.9599914550781,423.917724609375,3759700
2026-03-25,410.1600036621094,422.5299987792969,389.010009765625,413.2200012207031,412.9255676269531,3452500
2026-03-26,401.6600036621094,406.6499938964844,377.3299865722656,378.7900085449219,378.5201110839844,4111900
2026-03-27,378.5299987792969,388.07000732421875,376.0799865722656,380.07000732421875,379.7991943359375,2322500
2026-03-30,393.05999755859375,399.4100036621094,351.4200134277344,362.42999267578125,362.1717529296875,4159300
2026-03-31,371.0899963378906,392.010009765625,368.0,391.760009765625,391.4808654785156,3605200
2026-04-01,396.489990234375,428.17999267578125,396.30999755859375,423.1199951171875,422.8185119628906,3716000
2026-04-02,401.0,429.4100036621094,400.0,429.3599853515625,429.0540466308594,2376300
2026-04-06,450.8800048828125,470.2300109863281,449.7900085449219,453.29998779296875,452.9770202636719,4887400
2026-04-07,448.1400146484375,468.8500061035156,445.0,468.7200012207031,468.3860168457031,4276700
2026-04-08,503.20001220703125,517.1799926757812,487.6700134277344,496.29998779296875,495.9463806152344,5424600
2026-04-09,504.0,508.7099914550781,493.20001220703125,500.7699890136719,500.4131774902344,3092200
2026-04-10,504.6700134277344,509.54998779296875,494.6000061035156,503.1300048828125,502.7715148925781,3435200
2026-04-13,500.0799865722656,514.75,495.6499938964844,513.280029296875,512.914306640625,2880000
2026-04-14,520.0,534.22998046875,501.45001220703125,533.4400024414062,533.0599365234375,3568600
2026-04-15,520.8300170898438,526.0,503.1099853515625,519.5999755859375,519.229736328125,3841400
2026-04-16,511.760009765625,532.0599975585938,506.0,531.8099975585938,531.4310913085938,3122700
2026-04-17,544.4500122070312,553.5700073242188,537.52001953125,547.75,547.3597412109375,3449100
2026-04-20,550.77001953125,553.0,531.6099853515625,539.75,539.3654174804688,2915800
2026-04-21,543.010009765625,567.7000122070312,536.030029296875,559.9000244140625,559.5010986328125,3563000
2026-04-22,580.010009765625,586.0,563.2999877929688,579.8800048828125,579.4668579101562,3233300
2026-04-23,574.239990234375,607.8900146484375,573.010009765625,587.6199951171875,587.2012939453125,3175700
2026-04-24,592.7000122070312,599.97998046875,578.4199829101562,586.25,585.832275390625,2704100
2026-04-27,599.3099975585938,602.9099731445312,577.3599853515625,595.8599853515625,595.4354248046875,2919500
2026-04-28,566.0399780273438,592.8400268554688,553.2000122070312,579.030029296875,578.6174926757812,5956800
2026-04-29,667.97998046875,697.0,632.0,643.2999877929688,642.8416137695312,10896900
2026-04-30,655.1799926757812,680.6300048828125,639.0499877929688,673.6400146484375,673.1600341796875,6479300
2026-05-01,667.010009765625,728.0,663.2999877929688,726.9299926757812,726.4120483398438,7378700
2026-05-04,742.1599731445312,749.0,729.1799926757812,738.5399780273438,738.0137329101562,6022100
2026-05-05,755.0,792.010009765625,752.5900268554688,771.010009765625,770.4606323242188,6522500
2026-05-06,768.7999877929688,787.3499755859375,752.7999877929688,786.4199829101562,785.859619140625,5575000
2026-05-07,771.2899780273438,771.2899780273438,742.010009765625,766.4400024414062,765.8939208984375,4900900
2026-05-08,780.0,802.1300048828125,772.0,782.6400146484375,782.0823974609375,4874000
2026-05-11,793.25,841.3099975585938,790.47998046875,834.010009765625,833.415771484375,6078600
2026-05-12,814.7000122070312,833.0599975585938,766.969970703125,808.7999877929688,808.2236938476562,3798100
2026-05-13,827.5,831.989990234375,795.010009765625,817.3499755859375,816.767578125,2511700
2026-05-14,812.47998046875,838.5999755859375,796.1699829101562,804.760009765625,804.1865844726562,2360000
2026-05-15,771.5700073242188,807.6300048828125,765.77001953125,795.469970703125,794.9031982421875,2784800
2026-05-18,801.0,801.0,710.1099853515625,740.8400268554688,740.3121948242188,4945800
2026-05-19,719.510009765625,745.97998046875,695.1400146484375,733.3499755859375,732.8274536132812,3639300
2026-05-20,757.1599731445312,764.969970703125,741.0,751.0700073242188,750.5348510742188,2269100
2026-05-21,753.469970703125,811.510009765625,753.469970703125,810.4600219726562,809.882568359375,3483500
2026-05-22,814.719970703125,824.0,799.8099975585938,812.72998046875,812.15087890625,2531400
2026-05-26,831.1699829101562,862.6500244140625,816.97998046875,845.760009765625,845.1574096679688,3437900
2026-05-27,881.1400146484375,888.9500122070312,846.0700073242188,870.6599731445312,870.0396118164062,3794300
2026-05-28,889.52001953125,905.3900146484375,866.010009765625,880.719970703125,880.0924682617188,2838100
2026-05-29,892.8300170898438,904.1699829101562,867.02001953125,879.7999877929688,879.173095703125,4674500
2026-06-01,885.3300170898438,940.7899780273438,882.9199829101562,921.260009765625,920.6035766601562,3358000
2026-06-02,929.8800048828125,953.719970703125,914.989990234375,926.6099853515625,925.9497680664062,2561900
2026-06-03,940.3200073242188,966.7999877929688,919.0,940.6900024414062,940.019775390625,2902300
2026-06-04,891.5499877929688,941.489990234375,885.0,925.989990234375,925.3302001953125,2534400
2026-06-05,889.1799926757812,910.6599731445312,843.6300048828125,847.469970703125,846.8661499023438,3611300
2026-06-08,882.719970703125,894.9199829101562,854.2100219726562,876.77001953125,876.1453247070312,2483100
2026-06-09,909.989990234375,911.2899780273438,801.8900146484375,846.010009765625,845.4072265625,3137600
2026-06-10,821.8599853515625,855.510009765625,806.4099731445312,815.989990234375,815.4085693359375,3455000
2026-06-11,838.3699951171875,870.25,821.47998046875,868.0900268554688,867.4714965820312,2755000
2026-06-12,880.1900024414062,946.239990234375,868.1400146484375,931.0399780273438,930.3765869140625,3189700
2026-06-15,1032.52001953125,1032.52001953125,990.780029296875,1018.7999877929688,1018.0740966796875,5774200
2026-06-16,1044.030029296875,1097.0,1012.1699829101562,1031.3399658203125,1030.6051025390625,5804300
2026-06-17,1044.25,1094.0,1043.9000244140625,1066.0699462890625,1065.310302734375,4593000
2026-06-18,1133.3599853515625,1145.0,1053.530029296875,1070.22998046875,1069.4674072265625,8424500
2026-06-22,1089.0,1127.989990234375,1068.9599609375,1094.0400390625,1093.260498046875,6876000
2026-06-23,984.260009765625,1044.8800048828125,983.0,1038.5899658203125,1037.8499755859375,5211300
2026-06-24,1027.719970703125,1035.8599853515625,953.0599975585938,993.25,993.25,4259600
2026-06-25,1111.0,1111.0,1001.3300170898438,1025.3599853515625,1025.3599853515625,5544900
2026-06-26,994.5900268554688,996.47998046875,880.489990234375,899.9000244140625,899.9000244140625,9311400
2026-06-29,915.989990234375,987.5700073242188,880.010009765625,968.530029296875,968.530029296875,5391300
2026-06-30,967.9600219726562,998.489990234375,939.469970703125,965.0,965.0,4187700
2026-07-01,896.739990234375,936.6500244140625,886.2000122070312,915.1900024414062,915.1900024414062,3599800
2026-07-02,900.75,923.0599975585938,795.6599731445312,820.1599731445312,820.1599731445312,6294100
2026-07-06,863.6199951171875,886.8900146484375,848.0,868.260009765625,868.260009765625,3461400
2026-07-07,821.2899780273438,837.75,786.010009765625,827.6400146484375,827.6400146484375,4146000
2026-07-08,811.27001953125,862.4099731445312,811.27001953125,860.02001953125,860.02001953125,4935900
2026-07-09,922.2899780273438,937.5399780273438,888.1699829101562,890.0900268554688,890.0900268554688,4556500
2026-07-10,861.6300048828125,927.280029296875,861.6300048828125,910.3400268554688,910.3400268554688,4051300
2026-07-13,869.5999755859375,877.72998046875,840.010009765625,860.6599731445312,860.6599731445312,4143400
2026-07-14,901.1400146484375,906.2999877929688,868.9299926757812,878.3099975585938,878.3099975585938,3771500
2026-07-15,889.02001953125,893.0,788.969970703125,828.2999877929688,828.2999877929688,4730800
2026-07-16,785.1099853515625,798.9600219726562,739.469970703125,745.489990234375,745.489990234375,6220300
2026-07-17,720.9400024414062,808.6500244140625,700.3900146484375,787.6599731445312,787.6599731445312,7008600
