poc_scope,timeline,context,stop_factor_15m,holding_minutes,scope,selection_score,trades,sessions,cumulative_net_return,max_drawdown,net_profit_factor,win_rate,average_net_return_bps,average_effective_leverage,median_stop_fraction,median_risk_fraction_deployed,maximum_risk_fraction_deployed,median_planned_stop_loss_with_costs,maximum_planned_stop_loss_with_costs,liquidations
3d_or_5d,opening_15_30m,none,0.0,5,all,-0.06448191398437544,62,42,-0.007509584964428773,-0.11646032973289866,0.989028835002443,0.46774193548387094,-0.5600068879181412,11.253149217369964,0.0008963354515420894,0.01,0.010000000000000002,0.011115796564090582,0.011904128054128525,0
3d_or_5d,opening_15_30m,none,0.0,5,development_2024,1.894818915474823,21,16,0.05359948060500663,-0.02366692801035286,1.6011729308755427,0.6190476190476191,25.600723247526208,11.636703191647765,0.0008529019327519095,0.01,0.010000000000000002,0.011172467738199954,0.011689324011186514,0
3d_or_5d,opening_15_30m,none,0.0,5,evaluation_2025,-0.49802607278023553,41,26,-0.05800028065156704,-0.1164603297328991,0.7479165450410845,0.3902439024390244,-13.959405249975003,11.056694742739873,0.0009681170897878993,0.01,0.010000000000000002,0.011032932907133254,0.011904128054128525,0
3d_or_5d,opening_15_30m,none,0.0,10,all,-0.5068891690245181,59,42,-0.04833296824261568,-0.09535214243308843,0.8879368530826095,0.3898305084745763,-7.51189957519185,11.347384358141479,0.0008861945451251649,0.01,0.010000000000000002,0.011128420396515487,0.011904128054128525,0
3d_or_5d,opening_15_30m,none,0.0,10,development_2024,-0.1662955311927333,20,16,-0.008217943233448044,-0.04034938584484149,0.9519024842768153,0.4,-3.21557956546455,11.643549601230143,0.000841424061451074,0.01,0.010000000000000002,0.011188682565092532,0.011689324011186514,0
3d_or_5d,opening_15_30m,none,0.0,10,evaluation_2025,-0.4241899403133441,39,26,-0.04044741960744136,-0.09535214243308865,0.8552650582282108,0.38461538461538464,-9.71514060582124,11.195504746301141,0.0009247232296319696,0.01,0.010000000000000002,0.011081404649473324,0.011904128054128525,0
3d_or_5d,opening_15_30m,none,0.0,15,all,-0.4082299131519949,58,42,-0.04396172786951402,-0.10768864909991516,0.898461542645722,0.39655172413793105,-6.839159657278582,11.306129058387969,0.0008963354515420894,0.01,0.010000000000000002,0.011115796564090582,0.011904128054128525,0
3d_or_5d,opening_15_30m,none,0.0,15,development_2024,-inf,19,16,0.011953674330292152,-0.03835549607020894,1.1128142116175013,0.42105263157894735,7.263858822418205,11.53320001477672,0.0008529019327519095,0.01,0.010000000000000002,0.011172467738199954,0.011689324011186514,0
3d_or_5d,opening_15_30m,none,0.0,15,evaluation_2025,-0.5130986742338287,39,26,-0.0552549030831988,-0.10768864909991582,0.8007319486200066,0.38461538461538464,-13.709860967900097,11.195504746301141,0.0009247232296319696,0.01,0.010000000000000002,0.011081404649473324,0.011904128054128525,0
3d_or_5d,opening_15_30m,none,0.0,30,all,-0.12167755125617404,58,42,-0.011448846190322826,-0.09409168800758472,0.9859147680639191,0.3793103448275862,-0.9746783399913389,11.306129058387969,0.0008963354515420894,0.01,0.010000000000000002,0.011115796564090582,0.011904128054128525,0
3d_or_5d,opening_15_30m,none,0.0,30,development_2024,-inf,19,16,0.026345349592967082,-0.03274941109834251,1.2295868100196852,0.42105263157894735,14.782589458912007,11.53320001477672,0.0008529019327519095,0.01,0.010000000000000002,0.011172467738199954,0.011689324011186514,0
3d_or_5d,opening_15_30m,none,0.0,30,evaluation_2025,-0.39136350943784604,39,26,-0.0368240532275792,-0.0940916880075846,0.8790744351525172,0.358974358974359,-8.651295985610913,11.195504746301141,0.0009247232296319696,0.01,0.010000000000000002,0.011081404649473324,0.011904128054128525,0
3d_or_5d,opening_15_30m,none,0.25,5,all,-0.3210991956660317,62,42,-0.034046380468995774,-0.1060307248617548,0.8903863293040777,0.4838709677419355,-5.079503016801247,9.457010050842014,0.0010618193890170051,0.01,0.010000000000000002,0.010942206515648048,0.01187857549519627,0
3d_or_5d,opening_15_30m,none,0.25,5,development_2024,1.4677050418092135,21,16,0.04151754411983455,-0.02366692801035275,1.5194873621218514,0.6190476190476191,19.98339973767916,10.21967824829867,0.0009641483489678409,0.01,0.010000000000000002,0.011037184787040853,0.011418442804428155,0
3d_or_5d,opening_15_30m,none,0.25,5,evaluation_2025,-0.6842521734912573,41,26,-0.07255175394350921,-0.1060307248617548,0.6443165195806007,0.4146341463414634,-17.916599549583893,9.066375120437389,0.0011691646422224836,0.01,0.01,0.010855311530888484,0.01187857549519627,0
3d_or_5d,opening_15_30m,none,0.25,10,all,-0.1808685130780468,59,42,-0.011726796764493175,-0.06483603234706159,0.9812430002477318,0.4067796610169492,-1.1506633276571507,9.505630477758185,0.0010392212997423417,0.01,0.010000000000000002,0.010962258953168044,0.01187857549519627,0
3d_or_5d,opening_15_30m,none,0.25,10,development_2024,-0.083629843724145,20,16,-0.0039970472332018225,-0.03902405235242212,0.9801242756334891,0.4,-1.196922817131227,10.155673410713595,0.0009920298255717136,0.01,0.010000000000000002,0.011008831102448786,0.011418442804428155,0
3d_or_5d,opening_15_30m,none,0.25,10,evaluation_2025,-0.11969840555299543,39,26,-0.007760769694325709,-0.06483603234706159,0.981800930555125,0.41025641025641024,-1.126940512542238,9.172275127524646,0.0011026136607556595,0.01,0.01,0.010906935979112272,0.01187857549519627,0
3d_or_5d,opening_15_30m,none,0.25,15,all,-0.20146051938592965,58,42,-0.01631547329198557,-0.08098595864696789,0.9700682053383507,0.41379310344827586,-1.9288240051748327,9.500664038304057,0.0010618193890170051,0.01,0.010000000000000002,0.010942206515648048,0.01187857549519627,0
3d_or_5d,opening_15_30m,none,0.25,15,development_2024,-inf,19,16,0.010604763175430909,-0.037027408899670045,1.1026393838145072,0.42105263157894735,6.528802763266985,10.174725486746015,0.0009641483489678409,0.01,0.010000000000000002,0.011037184787040853,0.011418442804428155,0
3d_or_5d,opening_15_30m,none,0.25,15,evaluation_2025,-0.32891812220393757,39,26,-0.02663774944304642,-0.08098595864696789,0.9067138850745647,0.41025641025641024,-6.049206276979815,9.172275127524646,0.0011026136607556595,0.01,0.01,0.010906935979112272,0.01187857549519627,0
3d_or_5d,opening_15_30m,none,0.25,30,all,0.05891386793354233,58,42,0.00477119607219878,-0.08098595864696778,1.0272282643597914,0.39655172413793105,1.804794943558479,9.500664038304057,0.0010618193890170051,0.01,0.010000000000000002,0.010942206515648048,0.01187857549519627,0
3d_or_5d,opening_15_30m,none,0.25,30,development_2024,-inf,19,16,0.013253253644113228,-0.03200386160882551,1.1247748309960095,0.42105263157894735,7.936819485053981,10.174725486746015,0.0009641483489678409,0.01,0.010000000000000002,0.011037184787040853,0.011418442804428155,0
3d_or_5d,opening_15_30m,none,0.25,30,evaluation_2025,-0.10336499347228281,39,26,-0.008371113086890425,-0.08098595864696811,0.9825025167328781,0.38461538461538464,-1.1826016279393299,9.172275127524646,0.0011026136607556595,0.01,0.01,0.010906935979112272,0.01187857549519627,0
3d_or_5d,opening_15_30m,none,0.5,5,all,0.1155655534295744,59,42,0.0053013899130445186,-0.045873443735768404,1.0451332218522693,0.5254237288135594,1.1086427852054428,5.354017381057778,0.001959599038895381,0.01,0.01,0.010510308476454294,0.011124869020501173,0
3d_or_5d,opening_15_30m,none,0.5,5,development_2024,1.5509812193883112,21,16,0.03573236003651603,-0.019275434752244913,1.690209182329933,0.6190476190476191,17.071849042819945,6.251773492301721,0.001701729346094177,0.01,0.01,0.010587637512566384,0.011124869020501173,0
3d_or_5d,opening_15_30m,none,0.5,5,evaluation_2025,-0.6404819695570092,38,26,-0.029381113594247665,-0.045873443735768515,0.6847866070415968,0.47368421052631576,-7.713129094002576,4.8578890037913895,0.00207270664905403,0.01,0.01,0.010482464635727908,0.011091450602409639,0
3d_or_5d,opening_15_30m,none,0.5,10,all,0.777915002535847,51,42,0.02541785325537793,-0.03267433225033689,1.1647407843456397,0.5294117647058824,5.25417349194378,5.347469102285147,0.0019147922959200764,0.01,0.01,0.010522249855574801,0.011124869020501173,0
3d_or_5d,opening_15_30m,none,0.5,10,development_2024,-inf,19,16,0.022096074253006304,-0.0161635865285239,1.3573541075205136,0.47368421052631576,11.94037221730569,6.277363540552924,0.001701729346094177,0.01,0.01,0.010587637512566384,0.011124869020501173,0
3d_or_5d,opening_15_30m,none,0.5,10,evaluation_2025,0.0994654597597469,32,26,0.003249967479622473,-0.03267433225033678,1.041438876305198,0.5625,1.2842429987601436,4.795344279563654,0.0020667901952252698,0.01,0.01,0.010483842051282052,0.011091450602409639,0
3d_or_5d,opening_15_30m,none,0.5,15,all,0.4212229699119451,46,42,0.023279723410625675,-0.055266984645904293,1.1427622478242219,0.4782608695652174,5.475310462912576,5.410020196486141,0.0019138961986777153,0.01,0.01,0.010522494490509767,0.011124869020501173,0
3d_or_5d,opening_15_30m,none,0.5,15,development_2024,-inf,17,16,0.045274802556481086,-0.017341244894976238,1.6634584332561024,0.5294117647058824,26.771399074778675,6.540290912966947,0.0017015837949987333,0.01,0.01,0.01058768777825646,0.011124869020501173,0
3d_or_5d,opening_15_30m,none,0.5,15,evaluation_2025,-0.37434121794829217,29,26,-0.021042389132562067,-0.055266984645904293,0.8115005886595985,0.4482758620689655,-7.008603550939962,4.747447707514633,0.002066970698623376,0.01,0.01,0.010483799794871795,0.011091450602409639,0
3d_or_5d,opening_15_30m,none,0.5,30,all,2.3883582745703733,46,42,0.07477235613217781,-0.03130700989391055,1.4051274971843684,0.5217391304347826,16.2968977732481,5.410020196486141,0.0019138961986777153,0.01,0.01,0.010522494490509767,0.011124869020501173,0
3d_or_5d,opening_15_30m,none,0.5,30,development_2024,-inf,17,16,0.043268330475263905,-0.020629456244448008,1.5804568168707027,0.5294117647058824,25.73403291989261,6.540290912966947,0.0017015837949987333,0.01,0.01,0.01058768777825646,0.011124869020501173,0
3d_or_5d,opening_15_30m,none,0.5,30,evaluation_2025,0.9483459841112979,29,26,0.030197433140295216,-0.03130700989391022,1.2846415530582036,0.5172413793103449,10.76478406659443,4.747447707514633,0.002066970698623376,0.01,0.01,0.010483799794871795,0.011091450602409639,0
3d_or_5d,opening_15_30m,none,0.75,5,all,1.4253830748987244,58,42,0.031453790021062744,-0.022066902978553737,1.4517280850077088,0.5344827586206896,5.417407740317619,3.5633350310326937,0.002967192062351089,0.01,0.01,0.010337048538217476,0.010749912680334114,0
3d_or_5d,opening_15_30m,none,0.75,5,development_2024,3.5088448995907076,20,16,0.04297439795282254,-0.005030874463083701,3.614248594466651,0.65,21.167383992620202,4.180345518525718,0.0025711309286456287,0.01,0.01,0.010388954125347382,0.010749912680334114,0
3d_or_5d,opening_15_30m,none,0.75,5,evaluation_2025,-0.5005648657844316,38,26,-0.011045916327737881,-0.02206690297855385,0.795481475571078,0.47368421052631576,-2.872053445104792,3.2385926691942597,0.0031090599735810447,0.01,0.01,0.010321643090485274,0.010727633734939759,0
3d_or_5d,opening_15_30m,none,0.75,10,all,3.3043755745966874,48,42,0.05769799308743373,-0.017461088119341883,1.710429634185595,0.5833333333333334,11.85264560471565,3.5585250725323903,0.0029057935011115935,0.01,0.01,0.010344186110676366,0.010749912680334114,0
3d_or_5d,opening_15_30m,none,0.75,10,development_2024,-inf,18,16,0.03658543996301722,-0.00800462719044892,2.3155215675762193,0.5,20.194603365075885,4.199741832886702,0.0025711309286456287,0.01,0.01,0.010388954125347382,0.010749912680334114,0
3d_or_5d,opening_15_30m,none,0.75,10,evaluation_2025,1.1664452178046296,30,26,0.020367402734471574,-0.017461088119341883,1.3916551255614633,0.6333333333333333,6.847470948499513,3.173795016319803,0.0031087892184838845,0.01,0.01,0.010321671261425445,0.010727633734939759,0
3d_or_5d,opening_15_30m,none,0.75,15,all,0.25119457550267743,43,42,0.008121247689324873,-0.03233050583625485,1.0787012467355754,0.5116279069767442,2.1212819180593963,3.6023846518473186,0.0028721884438801144,0.01,0.01,0.0103481665703832,0.010749912680334114,0
3d_or_5d,opening_15_30m,none,0.75,15,development_2024,-inf,16,16,0.020726471393541557,-0.015565219783593265,1.461479147431309,0.5625,13.161070412542001,4.387836155744729,0.0024823180558347048,0.01,0.01,0.010403172402407623,0.010749912680334114,0
3d_or_5d,opening_15_30m,none,0.75,15,evaluation_2025,-0.3623680799235321,27,26,-0.012349266975517526,-0.032330505836254964,0.8301369970051611,0.48148148148148145,-4.420814967559926,3.136931908797002,0.0031176638992270254,0.01,0.01,0.010320752984389349,0.010727633734939759,0
3d_or_5d,opening_15_30m,none,0.75,30,all,1.181461941155147,43,42,0.024085676815924995,-0.02038633321728145,1.1828076190552186,0.5116279069767442,5.911598864375679,3.6023846518473186,0.0028721884438801144,0.01,0.01,0.0103481665703832,0.010749912680334114,0
3d_or_5d,opening_15_30m,none,0.75,30,development_2024,-inf,16,16,0.011584862442755917,-0.02038633321728145,1.2148271137568543,0.5,7.671215332168053,4.387836155744729,0.0024823180558347048,0.01,0.01,0.010403172402407623,0.010749912680334114,0
3d_or_5d,opening_15_30m,none,0.75,30,evaluation_2025,0.6351583148682906,27,26,0.01235765266690847,-0.01845760090637638,1.1604756351939631,0.5185185185185185,4.868863179757982,3.136931908797002,0.0031176638992270254,0.01,0.01,0.010320752984389349,0.010727633734939759,0
3d_or_5d,opening_15_30m,none,1.0,5,all,1.42208100780797,58,42,0.02358531437295852,-0.016585070923149092,1.4517280850077088,0.5344827586206896,4.063055805238214,2.67250127327452,0.0039562560831347855,0.01,0.01,0.010252786403663106,0.010562434510250586,0
3d_or_5d,opening_15_30m,none,1.0,5,development_2024,2.621806385377131,20,16,0.03211043924272361,-0.003773155847312748,3.6142485944666505,0.65,15.875537994465148,3.1352591388942885,0.003428174571527505,0.01,0.01,0.010291715594010537,0.010562434510250586,0
3d_or_5d,opening_15_30m,none,1.0,5,evaluation_2025,-0.49803199636393275,38,26,-0.00825989598169341,-0.016585070923149203,0.7954814755710778,0.47368421052631576,-2.1540400838285927,2.4289445018956948,0.00414541329810806,0.01,0.01,0.010241232317863953,0.01054572530120482,0
3d_or_5d,opening_15_30m,none,1.0,10,all,2.422990744516914,47,42,0.03979489312670781,-0.016423873354349916,1.62677834163018,0.574468085106383,8.406073703203653,2.663772801250747,0.003919198077790762,0.01,0.01,0.010255154238227147,0.010562434510250586,0
3d_or_5d,opening_15_30m,none,1.0,10,development_2024,-inf,18,16,0.028060174246220537,-0.006003470392836552,2.3471921787444425,0.5,15.510584761678674,3.149806374665027,0.003428174571527505,0.01,0.01,0.010291715594010537,0.010562434510250586,0
3d_or_5d,opening_15_30m,none,1.0,10,evaluation_2025,0.6833086817045999,29,26,0.011414428040743108,-0.016423873354349916,1.2739157195196638,0.6206896551724138,3.9963771841501927,2.3620967901660213,0.004156885198969367,0.01,0.01,0.010240564738292011,0.01054572530120482,0
3d_or_5d,opening_15_30m,none,1.0,15,all,0.13453759228750967,42,42,0.0038855062767377824,-0.028880450517015155,1.049422342736077,0.5,1.0955389197469683,2.6968410492784542,0.0038743913348154575,0.01,0.01,0.010258139583007274,0.010562434510250586,0
3d_or_5d,opening_15_30m,none,1.0,15,development_2024,-inf,16,16,0.020551341616859897,-0.011733117644342594,1.604772274521448,0.5625,12.958393551825457,3.290877116808547,0.0033097574077796065,0.01,0.01,0.010302379301805718,0.010562434510250586,0
3d_or_5d,opening_15_30m,none,1.0,15,evaluation_2025,-0.526398098274261,26,26,-0.01633022726100042,-0.028880450517015044,0.7257266520422085,0.46153846153846156,-6.204679315378255,2.3312803923368586,0.004282693177309117,0.01,0.01,0.010233699601521984,0.01054572530120482,0
3d_or_5d,opening_15_30m,none,1.0,30,all,-0.08550696544117176,42,42,-0.002173838426621444,-0.025422939703281022,0.9918680224190722,0.5,-0.2398354177878597,2.6968410492784542,0.0038743913348154575,0.01,0.01,0.010258139583007274,0.010562434510250586,0
3d_or_5d,opening_15_30m,none,1.0,30,development_2024,-inf,16,16,0.008092403000512727,-0.013656700930891219,1.1775446080748475,0.5,5.40115698729052,3.290877116808547,0.0033097574077796065,0.01,0.01,0.010302379301805718,0.010562434510250586,0
3d_or_5d,opening_15_30m,none,1.0,30,evaluation_2025,-0.3729163376808636,26,26,-0.010183829772525965,-0.0254229397032808,0.8716795908154684,0.5,-3.711215359374552,2.3312803923368586,0.004282693177309117,0.01,0.01,0.010233699601521984,0.01054572530120482,0
3d_or_5d,opening_15_30m,none,1.25,5,all,1.420082132575227,58,42,0.018865548354038086,-0.01328482904001238,1.451728085007709,0.5344827586206896,3.2504446441905706,2.138001018619616,0.004945320103918481,0.01,0.010000000000000002,0.010202229122930485,0.010449947608200469,0
3d_or_5d,opening_15_30m,none,1.25,5,development_2024,2.0927369372895166,20,16,0.02563068831117077,-0.003018524677850243,3.614248594466651,0.65,12.700430395572116,2.508207311115431,0.004285218214409381,0.01,0.01,0.01023337247520843,0.010449947608200469,0
3d_or_5d,opening_15_30m,none,1.25,5,evaluation_2025,-0.4965120679781067,38,26,-0.006596077939392098,-0.01328482904001227,0.7954814755710778,0.47368421052631576,-1.723232067062875,1.9431556015165554,0.0051817666226350746,0.01,0.010000000000000002,0.010192985854291164,0.010436580240963856,0
3d_or_5d,opening_15_30m,none,1.25,10,all,2.5995476693281887,47,42,0.032476462442251997,-0.01249312056302665,1.6483109043592616,0.574468085106383,6.865019511233943,2.1310182410005973,0.004898997597238453,0.01,0.010000000000000002,0.010204123390581717,0.010449947608200469,0
3d_or_5d,opening_15_30m,none,1.25,10,development_2024,-inf,18,16,0.022425786445036344,-0.004802776314269286,2.347192178744444,0.5,12.408467809342937,2.519845099732022,0.004285218214409381,0.01,0.01,0.01023337247520843,0.010449947608200469,0
3d_or_5d,opening_15_30m,none,1.25,10,evaluation_2025,0.7736257543434751,29,26,0.00983022546033574,-0.012493120563026983,1.2992006863802028,0.6206896551724138,3.4242584986145665,1.8896774321328165,0.005196106498711709,0.01,0.010000000000000002,0.010192451790633609,0.010436580240963856,0
3d_or_5d,opening_15_30m,none,1.25,15,all,-0.031340465110902806,42,42,-0.0007673605990259347,-0.02448465893248608,0.9957946511512601,0.5,-0.07625030930355627,2.157472839422764,0.004842989168519322,0.01,0.010000000000000002,0.010206511666405817,0.010449947608200469,0
3d_or_5d,opening_15_30m,none,1.25,15,development_2024,-inf,16,16,0.014140331341345513,-0.009386296266394423,1.5198673635696252,0.5625,8.91131578042765,2.6327016934468377,0.004137196759724508,0.01,0.01,0.010241903441444575,0.010449947608200469,0
3d_or_5d,opening_15_30m,none,1.25,15,evaluation_2025,-0.5785098849608731,26,26,-0.014699831452965162,-0.023655254110427015,0.7008149997172146,0.46153846153846156,-5.6070602106766065,1.865024313869487,0.005353366471636397,0.01,0.010000000000000002,0.010186959681217588,0.010436580240963856,0
3d_or_5d,opening_15_30m,none,1.25,30,all,-0.380123735510122,42,42,-0.009159208535777119,-0.02409533444020684,0.9190458643505051,0.5,-2.0086267148942856,2.157472839422764,0.004842989168519322,0.01,0.010000000000000002,0.010206511666405817,0.010449947608200469,0
3d_or_5d,opening_15_30m,none,1.25,30,development_2024,-inf,16,16,0.0017693922560577668,-0.010779503928800116,1.051640294533257,0.5,1.3300098478663367,2.6327016934468377,0.004137196759724508,0.01,0.01,0.010241903441444575,0.010449947608200469,0
3d_or_5d,opening_15_30m,none,1.25,30,evaluation_2025,-0.4214925393220265,26,26,-0.010909297964497466,-0.024095334440206617,0.8323177448111136,0.5,-4.063172291977746,1.865024313869487,0.005353366471636397,0.01,0.010000000000000002,0.010186959681217588,0.010436580240963856,0
3d_or_5d,opening_15_30m,poc_migration,0.0,5,all,-inf,12,10,-0.001399873516236494,-0.04001048974548571,0.9940231583273286,0.4166666666666667,-0.35279929334555965,12.190365831696562,0.0008341839895860743,0.01,0.01,0.011199380182419725,0.011633773380738881,0
3d_or_5d,opening_15_30m,poc_migration,0.0,5,development_2024,-inf,5,4,0.02040390871500075,-0.01153288446857581,1.9115478438475257,0.6,41.39402969576989,12.061465287970101,0.000869582230956678,0.01,0.01,0.011149977500000019,0.011532884468577002,0
3d_or_5d,opening_15_30m,poc_migration,0.0,5,evaluation_2025,-inf,7,6,-0.0213677956787669,-0.04001048974548571,0.5611615581012764,0.2857142857142857,-30.171962856999457,12.282437648644034,0.000765874606355562,0.01,0.01,0.011305696770334939,0.011633773380738881,0
3d_or_5d,opening_15_30m,poc_migration,0.0,10,all,-inf,11,10,0.016195038932242944,-0.02275900798980135,1.252096461331307,0.45454545454545453,15.627861696349736,12.253146816396232,0.000815466046420239,0.01,0.01,0.011226292626639496,0.011633773380738881,0
3d_or_5d,opening_15_30m,poc_migration,0.0,10,development_2024,-inf,4,4,0.010154737135773306,-0.0115328844685757,1.4629574873439066,0.5,26.27903201726812,12.201887859962577,0.0008657340685884275,0.01,0.01,0.01115534294418359,0.011532884468577002,0
3d_or_5d,opening_15_30m,poc_migration,0.0,10,evaluation_2025,-inf,7,6,0.005979580726014566,-0.02275900798980146,1.1468390900166996,0.42857142857142855,9.541478655824948,12.282437648644034,0.000765874606355562,0.01,0.01,0.011305696770334939,0.011633773380738881,0
3d_or_5d,opening_15_30m,poc_migration,0.0,15,all,-inf,11,10,0.016745944419814363,-0.024457860194643355,1.2604409236369674,0.45454545454545453,16.145148222922135,12.253146816396232,0.000815466046420239,0.01,0.01,0.011226292626639496,0.011633773380738881,0
3d_or_5d,opening_15_30m,poc_migration,0.0,15,development_2024,-inf,4,4,0.014743746056564921,-0.01153288446857581,1.6658890255621563,0.5,37.79811214003838,12.201887859962577,0.0008657340685884275,0.01,0.01,0.01115534294418359,0.011532884468577002,0
3d_or_5d,opening_15_30m,poc_migration,0.0,15,evaluation_2025,-inf,7,6,0.001973107369255045,-0.024457860194643244,1.0580497932315205,0.42857142857142855,3.772025984569996,12.282437648644034,0.000765874606355562,0.01,0.01,0.011305696770334939,0.011633773380738881,0
3d_or_5d,opening_15_30m,poc_migration,0.0,30,all,-inf,11,10,0.025566238454643342,-0.02275900798980135,1.3889315898696566,0.45454545454545453,24.110489547239002,12.253146816396232,0.000815466046420239,0.01,0.01,0.011226292626639496,0.011633773380738881,0
3d_or_5d,opening_15_30m,poc_migration,0.0,30,development_2024,-inf,4,4,0.014743746056564921,-0.01153288446857581,1.6658890255621563,0.5,37.79811214003838,12.201887859962577,0.0008657340685884275,0.01,0.01,0.01115534294418359,0.011532884468577002,0
3d_or_5d,opening_15_30m,poc_migration,0.0,30,evaluation_2025,-inf,7,6,0.010665246708970955,-0.02275900798980135,1.2506802866379017,0.42857142857142855,16.2889909227822,12.282437648644034,0.000765874606355562,0.01,0.01,0.011305696770334939,0.011633773380738881,0
3d_or_5d,opening_15_30m,poc_migration,0.25,5,all,-inf,12,10,0.016946968893700287,-0.030966007808567175,1.3817624670370496,0.5,14.571048109384016,10.392127651730442,0.0009175331275713113,0.01,0.01,0.011091848200528344,0.011633773380738881,0
3d_or_5d,opening_15_30m,poc_migration,0.25,5,development_2024,-inf,5,4,0.02887649005987103,-0.0034544464122145957,2.9934842632953953,0.6,57.80684186259129,11.227279075341347,0.0008785662044249455,0.01,0.01,0.011138218150167224,0.011243759389312977,0
3d_or_5d,opening_15_30m,poc_migration,0.25,5,evaluation_2025,-inf,7,6,-0.011594706732463544,-0.030966007808567064,0.6352311204506104,0.42857142857142855,-16.311661714335475,9.795590920579796,0.0009565000507176771,0.01,0.01,0.011045478250889463,0.011633773380738881,0
3d_or_5d,opening_15_30m,poc_migration,0.25,10,all,-inf,11,10,0.058821645660360966,-0.022192974496306528,2.295419343001538,0.5454545454545454,53.01580272938453,10.291432438251375,0.0009565000507176771,0.01,0.01,0.011045478250889463,0.011633773380738881,0
3d_or_5d,opening_15_30m,poc_migration,0.25,10,development_2024,-inf,4,4,0.022050034582333566,-2.2385343511399647e-05,3.0014737525163953,0.5,55.375199897553024,11.159155094176635,0.0009179811761924918,0.01,0.01,0.011091358930658412,0.011243759389312977,0
3d_or_5d,opening_15_30m,poc_migration,0.25,10,evaluation_2025,-inf,7,6,0.03597828857082708,-0.02219297449630675,2.065271132631281,0.5714285714285714,51.66757577614543,9.795590920579796,0.0009565000507176771,0.01,0.01,0.011045478250889463,0.011633773380738881,0
3d_or_5d,opening_15_30m,poc_migration,0.25,15,all,-inf,11,10,0.07991889930591478,-0.02531948040861476,2.73928612395418,0.6363636363636364,71.14591822898541,10.291432438251375,0.0009565000507176771,0.01,0.01,0.011045478250889463,0.011633773380738881,0
3d_or_5d,opening_15_30m,poc_migration,0.25,15,development_2024,-inf,4,4,0.04597339933891731,0.0,5.1229878358687975,0.75,113.84084490582094,11.159155094176635,0.0009179811761924918,0.01,0.01,0.011091358930658412,0.011243759389312977,0
3d_or_5d,opening_15_30m,poc_migration,0.25,15,evaluation_2025,-inf,7,6,0.032453502152589575,-0.02531948040861487,1.9638572117065258,0.5714285714285714,46.74881727079368,9.795590920579796,0.0009565000507176771,0.01,0.01,0.011045478250889463,0.011633773380738881,0
3d_or_5d,opening_15_30m,poc_migration,0.25,30,all,-inf,11,10,0.09107525545502848,-0.02219297449630664,2.9708393427816193,0.6363636363636364,80.61765847083956,10.291432438251375,0.0009565000507176771,0.01,0.01,0.011045478250889463,0.011633773380738881,0
3d_or_5d,opening_15_30m,poc_migration,0.25,30,development_2024,-inf,4,4,0.04597339933891731,0.0,5.1229878358687975,0.75,113.84084490582094,11.159155094176635,0.0009179811761924918,0.01,0.01,0.011091358930658412,0.011243759389312977,0
3d_or_5d,opening_15_30m,poc_migration,0.25,30,evaluation_2025,-inf,7,6,0.04311950585418001,-0.02219297449630664,2.2707357364249376,0.5714285714285714,61.63298050799306,9.795590920579796,0.0009565000507176771,0.01,0.01,0.011045478250889463,0.011633773380738881,0
3d_or_5d,opening_15_30m,poc_migration,0.5,5,all,-inf,12,10,0.016468056773162987,-0.02173920399669471,1.5900997146688964,0.5,13.93120309646453,6.038860304260024,0.0017260038326307888,0.01,0.01,0.010579373027433836,0.011091450602409639,0
3d_or_5d,opening_15_30m,poc_migration,0.5,5,development_2024,-inf,5,4,0.02880057508895839,-0.00172722320610752,5.452971305983536,0.6,57.33470857611273,7.087223261737803,0.0013109757300403604,0.01,0.01,0.010762790627687068,0.010873696612021859,0
3d_or_5d,opening_15_30m,poc_migration,0.5,5,evaluation_2025,-inf,7,6,-0.011987277820804887,-0.02173920399669449,0.45414405135219227,0.42857142857142855,-17.07130081756989,5.290029620347324,0.0019130001014353542,0.01,0.01,0.010522739125444732,0.011091450602409639,0
3d_or_5d,opening_15_30m,poc_migration,0.5,10,all,-inf,11,10,0.018717939685213292,-0.02047409314363735,1.5141329299546895,0.5454545454545454,17.322249170761257,5.894401579477236,0.001726446826569447,0.01,0.01,0.010579224326292783,0.011091450602409639,0
3d_or_5d,opening_15_30m,poc_migration,0.5,10,development_2024,-inf,4,4,0.018026845128684243,-1.1192671755755335e-05,2.7228943630667515,0.5,45.370021885065725,6.952052507954582,0.0014593264565354244,0.01,0.01,0.010692437267792588,0.010873696612021859,0
3d_or_5d,opening_15_30m,poc_migration,0.5,10,evaluation_2025,-inf,7,6,0.0006788569081805917,-0.020474093143637573,1.0341702197676752,0.5714285714285714,1.2949504768729887,5.290029620347324,0.0019130001014353542,0.01,0.01,0.010522739125444732,0.011091450602409639,0
3d_or_5d,opening_15_30m,poc_migration,0.5,15,all,-inf,11,10,0.03252350604248733,-0.02164462740119999,1.8941997957247823,0.6363636363636364,29.70002988916094,5.894401579477236,0.001726446826569447,0.01,0.01,0.010579224326292783,0.011091450602409639,0
3d_or_5d,opening_15_30m,poc_migration,0.5,15,development_2024,-inf,4,4,0.03681263234507259,0.0,4.479150607179313,0.75,91.52122993479328,6.952052507954582,0.0014593264565354244,0.01,0.01,0.010692437267792588,0.010873696612021859,0
3d_or_5d,opening_15_30m,poc_migration,0.5,15,evaluation_2025,-inf,7,6,-0.004136838391796904,-0.021644627401199767,0.8485979371909151,0.5714285714285714,-5.626370136914682,5.290029620347324,0.0019130001014353542,0.01,0.01,0.010522739125444732,0.011091450602409639,0
3d_or_5d,opening_15_30m,poc_migration,0.5,30,all,-inf,11,10,0.032721467353049594,-0.011706799388847666,1.841592357438509,0.5454545454545454,29.909161091241092,5.894401579477236,0.001726446826569447,0.01,0.01,0.010579224326292783,0.011091450602409639,0
3d_or_5d,opening_15_30m,poc_migration,0.5,30,development_2024,-inf,4,4,0.03516501169732522,0.0,4.326801683981511,0.75,87.51359634700546,6.952052507954582,0.0014593264565354244,0.01,0.01,0.010692437267792588,0.010873696612021859,0
3d_or_5d,opening_15_30m,poc_migration,0.5,30,evaluation_2025,-inf,7,6,-0.002360536065905805,-0.011706799388847555,0.9263097059733403,0.42857142857142855,-3.007659054909966,5.290029620347324,0.0019130001014353542,0.01,0.01,0.010522739125444732,0.011091450602409639,0
3d_or_5d,opening_15_30m,poc_migration,0.75,5,all,-inf,12,10,0.013002304967940859,-0.012608751892877024,1.7713470954733477,0.5,10.89789197286403,4.025906869506683,0.0025890057489461834,0.01,0.01,0.010386248684955891,0.010727633734939759,0
3d_or_5d,opening_15_30m,poc_migration,0.75,5,development_2024,-inf,5,4,0.019170942766869592,-0.0011514821374049022,5.452971305983535,0.6,38.223139050741814,4.724815507825201,0.0019664635950605407,0.01,0.01,0.010508527085124713,0.010582464408014572,0
3d_or_5d,opening_15_30m,poc_migration,0.75,5,evaluation_2025,-inf,7,6,-0.006052603680185453,-0.012608751892877135,0.5234556321782842,0.42857142857142855,-8.620141654191531,3.526686413564883,0.002869500152153031,0.01,0.01,0.010348492750296487,0.010727633734939759,0
3d_or_5d,opening_15_30m,poc_migration,0.75,10,all,-inf,10,10,0.019296974738485684,-0.0064625383274115045,2.0471946341350855,0.6,19.322850936459748,3.9364116074214524,0.002728920705095614,0.01,0.01,0.010367420284673207,0.010727633734939759,0
3d_or_5d,opening_15_30m,poc_migration,0.75,10,development_2024,-inf,4,4,0.011399996026809633,-7.461781170503556e-06,2.4319832586583656,0.5,28.682943185600276,4.63470167196972,0.0021889896848031366,0.01,0.01,0.010461624845195059,0.010582464408014572,0
3d_or_5d,opening_15_30m,poc_migration,0.75,10,evaluation_2025,-inf,6,6,0.0078079679085414355,-0.006462538327411282,1.7518897888868845,0.6666666666666666,13.08278943703273,3.4708848977226054,0.002993582025690028,0.01,0.01,0.010334622867342918,0.010727633734939759,0
3d_or_5d,opening_15_30m,poc_migration,0.75,15,all,-inf,10,10,0.011614363146964957,-0.011547804073091306,1.4764924780366089,0.7,11.788253637700215,3.9364116074214524,0.002728920705095614,0.01,0.01,0.010367420284673207,0.010727633734939759,0
3d_or_5d,opening_15_30m,poc_migration,0.75,15,development_2024,-inf,4,4,0.011386659865607607,0.0,2.1077522851739805,0.75,28.658012914256748,4.63470167196972,0.0021889896848031366,0.01,0.01,0.010461624845195059,0.010582464408014572,0
3d_or_5d,opening_15_30m,poc_migration,0.75,15,evaluation_2025,-inf,6,6,0.0002251396922594573,-0.011547804073091306,1.0225861801757452,0.6666666666666666,0.5417474533292009,3.4708848977226054,0.002993582025690028,0.01,0.01,0.010334622867342918,0.010727633734939759,0
3d_or_5d,opening_15_30m,poc_migration,0.75,30,all,-inf,10,10,0.01887494027479053,-0.010727633734939568,1.69309338671115,0.5,19.100887987525464,3.9364116074214524,0.002728920705095614,0.01,0.01,0.010367420284673207,0.010727633734939759,0
3d_or_5d,opening_15_30m,poc_migration,0.75,30,development_2024,-inf,4,4,0.021997976450699896,0.0,3.1303441143161783,0.75,55.11288936794685,4.63470167196972,0.0021889896848031366,0.01,0.01,0.010461624845195059,0.010582464408014572,0
3d_or_5d,opening_15_30m,poc_migration,0.75,30,evaluation_2025,-inf,6,6,-0.0030558144417817124,-0.010727633734939679,0.8289283488157467,0.3333333333333333,-4.907112932755457,3.4708848977226054,0.002993582025690028,0.01,0.01,0.010334622867342918,0.010727633734939759,0
3d_or_5d,opening_15_30m,poc_migration,1.0,5,all,-inf,12,10,0.009765950282842217,-0.009466573306249781,1.771347095473348,0.5,8.173418979648025,3.019430152130012,0.0034520076652615776,0.01,0.01,0.010289686513716919,0.01054572530120482,0
3d_or_5d,opening_15_30m,poc_migration,1.0,5,development_2024,-inf,5,4,0.014367120658508536,-0.0008636116030537044,5.452971305983536,0.6,28.667354288056366,3.5436116308689014,0.002621951460080721,0.01,0.01,0.010381395313843534,0.010436848306010929,0
3d_or_5d,opening_15_30m,poc_migration,1.0,5,evaluation_2025,-inf,7,6,-0.0045360011005477485,-0.009466573306249892,0.5234556321782843,0.42857142857142855,-6.465106240643646,2.645014810173662,0.0038260002028707085,0.01,0.01,0.010261369562722366,0.01054572530120482,0
3d_or_5d,opening_15_30m,poc_migration,1.0,10,all,-inf,10,10,0.0144778882693255,-0.004844007389208871,2.047194634135086,0.6,14.492138202344814,2.9523087055660886,0.0036385609401274853,0.01,0.01,0.010275565213504905,0.01054572530120482,0
3d_or_5d,opening_15_30m,poc_migration,1.0,10,development_2024,-inf,4,4,0.008563812469161158,-5.596335877822156e-06,2.4319832586583656,0.5,21.512207389200206,3.476026253977291,0.002918652913070849,0.01,0.01,0.010346218633896294,0.010436848306010929,0
3d_or_5d,opening_15_30m,poc_migration,1.0,10,evaluation_2025,-inf,6,6,0.005863858812944933,-0.004844007389208871,1.7518897888868845,0.6666666666666666,9.812092077774553,2.6031636732919536,0.003991442700920038,0.01,0.01,0.01025096715050719,0.01054572530120482,0
3d_or_5d,opening_15_30m,poc_migration,1.0,15,all,-inf,10,10,0.009848641164538652,-0.007277102539768987,1.5683571410387753,0.7,9.928011690902535,2.9523087055660886,0.0036385609401274853,0.01,0.01,0.010275565213504905,0.01054572530120482,0
3d_or_5d,opening_15_30m,poc_migration,1.0,15,development_2024,-inf,4,4,0.008252111915830307,0.0,2.0299364593236198,0.75,20.749719968766136,3.476026253977291,0.002918652913070849,0.01,0.01,0.010346218633896294,0.010436848306010929,0
3d_or_5d,opening_15_30m,poc_migration,1.0,15,evaluation_2025,-inf,6,6,0.0015834623402619652,-0.007277102539768987,1.1730340134760202,0.6666666666666666,2.7135395056601386,2.6031636732919536,0.003991442700920038,0.01,0.01,0.01025096715050719,0.01054572530120482,0
3d_or_5d,opening_15_30m,poc_migration,1.0,30,all,-inf,10,10,0.009352923050435669,-0.010545725301205011,1.3734350840955005,0.5,9.585769172072302,2.9523087055660886,0.0036385609401274853,0.01,0.01,0.010275565213504905,0.01054572530120482,0
3d_or_5d,opening_15_30m,poc_migration,1.0,30,development_2024,-inf,4,4,0.014206430849334373,0.0,2.393021729333425,0.75,35.73492497953158,3.476026253977291,0.002918652913070849,0.01,0.01,0.010346218633896294,0.010436848306010929,0
3d_or_5d,opening_15_30m,poc_migration,1.0,30,evaluation_2025,-inf,6,6,-0.004785522602962278,-0.010545725301205122,0.6944323321543382,0.3333333333333333,-7.847001366233885,2.6031636732919536,0.003991442700920038,0.01,0.01,0.01025096715050719,0.01054572530120482,0
3d_or_5d,opening_15_30m,poc_migration,1.25,5,all,-inf,12,10,0.00781955385532318,-0.007578066161615049,1.7713470954733477,0.5,6.538735183718416,2.4155441217040092,0.004315009581576972,0.01,0.01,0.010231749210973536,0.010436580240963856,0
3d_or_5d,opening_15_30m,poc_migration,1.25,5,development_2024,-inf,5,4,0.011488363242006416,-0.0006908892824429858,5.452971305983536,0.6,22.933883430445086,2.8348893046951207,0.003277439325100901,0.01,0.01,0.010305116251074827,0.010349478644808743,0
3d_or_5d,opening_15_30m,poc_migration,1.25,5,evaluation_2025,-inf,7,6,-0.0036271394906846055,-0.007578066161614938,0.5234556321782844,0.42857142857142855,-5.172084992514916,2.1160118481389296,0.004782500253588386,0.01,0.01,0.010209095650177892,0.010436580240963856,0
3d_or_5d,opening_15_30m,poc_migration,1.25,10,all,-inf,10,10,0.01158470772855047,-0.0038738119148444827,2.047194634135086,0.6,11.593710561875852,2.3618469644528703,0.004548201175159357,0.01,0.01,0.010220452170803924,0.010436580240963856,0
3d_or_5d,opening_15_30m,poc_migration,1.25,10,development_2024,-inf,4,4,0.006857657335901379,-4.477068702324338e-06,2.4319832586583656,0.5,17.209765911360165,2.780821003181832,0.0036483161413385606,0.01,0.01,0.010276974907117035,0.010349478644808743,0
3d_or_5d,opening_15_30m,poc_migration,1.25,10,evaluation_2025,-inf,6,6,0.004694854687957051,-0.0038738119148447048,1.7518897888868847,0.6666666666666666,7.849673662219645,2.082530938633563,0.004989303376150047,0.01,0.01,0.01020077372040575,0.010436580240963856,0
3d_or_5d,opening_15_30m,poc_migration,1.25,15,all,-inf,10,10,0.007891755077423346,-0.005821409480942563,1.5683571410387755,0.7,7.942409352722028,2.3618469644528703,0.004548201175159357,0.01,0.01,0.010220452170803924,0.010436580240963856,0
3d_or_5d,opening_15_30m,poc_migration,1.25,15,development_2024,-inf,4,4,0.006609403212702203,0.0,2.0299364593236198,0.75,16.599775975012903,2.780821003181832,0.0036483161413385606,0.01,0.01,0.010276974907117035,0.010349478644808743,0
3d_or_5d,opening_15_30m,poc_migration,1.25,15,evaluation_2025,-inf,6,6,0.0012739319348975542,-0.005821409480942785,1.1730340134760202,0.6666666666666666,2.1708316045281095,2.082530938633563,0.004989303376150047,0.01,0.01,0.01020077372040575,0.010436580240963856,0
3d_or_5d,opening_15_30m,poc_migration,1.25,30,all,-inf,10,10,0.007848731835069733,-0.006389351325300718,1.3956479210271904,0.5,7.9954514168108455,2.3618469644528703,0.004548201175159357,0.01,0.01,0.010220452170803924,0.010436580240963856,0
3d_or_5d,opening_15_30m,poc_migration,1.25,30,development_2024,-inf,4,4,0.009624956695996278,0.0,1.9783962839468705,0.75,24.286957892349612,2.780821003181832,0.0036483161413385606,0.01,0.01,0.010276974907117035,0.010349478644808743,0
3d_or_5d,opening_15_30m,poc_migration,1.25,30,evaluation_2025,-inf,6,6,-0.00175929175397882,-0.006389351325300829,0.8327369482863203,0.3333333333333333,-2.8655529002149995,2.082530938633563,0.004989303376150047,0.01,0.01,0.01020077372040575,0.010436580240963856,0
3d_or_5d,opening_15_30m,trend_3d_10d,0.0,5,all,-inf,16,12,0.0219374247324986,-0.04543577575528135,1.2818751861310789,0.5625,14.366736506665209,13.535417381792268,0.0007471709664015664,0.01,0.010000000000000002,0.011340641757701383,0.011904128054128525,0
3d_or_5d,opening_15_30m,trend_3d_10d,0.0,5,development_2024,-inf,7,6,0.05139872694816083,-0.01153288446857581,5.3896927795151095,0.8571428571428571,72.32259954098463,12.703511865663375,0.0008194901384186863,0.01,0.01,0.011220270938134328,0.011689324011186514,0
3d_or_5d,opening_15_30m,trend_3d_10d,0.0,5,evaluation_2025,-inf,9,6,-0.028021055628608127,-0.04543577575528135,0.6052502113649811,0.3333333333333333,-30.710045853361013,14.182455005448071,0.0006692061630165238,0.01,0.010000000000000002,0.01149430781613305,0.011904128054128525,0
3d_or_5d,opening_15_30m,trend_3d_10d,0.0,10,all,-inf,15,12,0.004237439243483632,-0.04543577575528146,1.0603813355234952,0.4666666666666667,3.737004496175562,13.67112687391174,0.0007164936956518367,0.01,0.010000000000000002,0.01139568569279628,0.011904128054128525,0
3d_or_5d,opening_15_30m,trend_3d_10d,0.0,10,development_2024,-inf,6,6,0.03586129211445588,-0.02268832679533439,2.5704548387076724,0.6666666666666666,59.7256598769182,12.90413467660724,0.0007986691877849912,0.01,0.01,0.011252934380370408,0.011689324011186514,0
3d_or_5d,opening_15_30m,trend_3d_10d,0.0,10,evaluation_2025,-inf,9,6,-0.030529041978602955,-0.04543577575528135,0.568246877694144,0.3333333333333333,-33.588765757652844,14.182455005448071,0.0006692061630165238,0.01,0.010000000000000002,0.01149430781613305,0.011904128054128525,0
3d_or_5d,opening_15_30m,trend_3d_10d,0.0,15,all,-inf,15,12,0.006735766650493025,-0.04543577575528146,1.087810188989432,0.4666666666666667,5.434577890975046,13.67112687391174,0.0007164936956518367,0.01,0.010000000000000002,0.01139568569279628,0.011904128054128525,0
3d_or_5d,opening_15_30m,trend_3d_10d,0.0,15,development_2024,-inf,6,6,0.03801352669631264,-0.02268832679533428,2.6640866162855183,0.6666666666666666,63.28655164117136,12.90413467660724,0.0007986691877849912,0.01,0.01,0.011252934380370408,0.011689324011186514,0
3d_or_5d,opening_15_30m,trend_3d_10d,0.0,15,evaluation_2025,-inf,9,6,-0.030132324137785882,-0.04543577575528135,0.574100132292985,0.3333333333333333,-33.133404609155825,14.182455005448071,0.0006692061630165238,0.01,0.010000000000000002,0.01149430781613305,0.011904128054128525,0
3d_or_5d,opening_15_30m,trend_3d_10d,0.0,30,all,-inf,15,12,0.029636763824972157,-0.04543577575528113,1.3324181183601114,0.4666666666666667,20.573377388093338,13.67112687391174,0.0007164936956518367,0.01,0.010000000000000002,0.01139568569279628,0.011904128054128525,0
3d_or_5d,opening_15_30m,trend_3d_10d,0.0,30,development_2024,-inf,6,6,0.05277581668390896,-0.02268832679533417,3.2901400069993803,0.6666666666666666,87.09586532340172,12.90413467660724,0.0007986691877849912,0.01,0.01,0.011252934380370408,0.011689324011186514,0
3d_or_5d,opening_15_30m,trend_3d_10d,0.0,30,evaluation_2025,-inf,9,6,-0.021979088512710465,-0.04543577575528124,0.6943946061174553,0.3333333333333333,-23.77494790211226,14.182455005448071,0.0006692061630165238,0.01,0.010000000000000002,0.01149430781613305,0.011904128054128525,0
3d_or_5d,opening_15_30m,trend_3d_10d,0.25,5,all,-inf,16,12,0.028780815285857297,-0.04002279537374287,1.4462574629904572,0.5625,18.37920466147444,11.094553060238185,0.0008740742176908117,0.01,0.01,0.011144097825083622,0.011633773380738881,0
3d_or_5d,opening_15_30m,trend_3d_10d,0.25,5,development_2024,-inf,7,6,0.05782336518426967,-0.0034544464122147067,17.39878325336806,0.8571428571428571,80.92673996326383,11.322401976430914,0.000869582230956678,0.01,0.01,0.011149977500000019,0.011418442804428155,0
3d_or_5d,opening_15_30m,trend_3d_10d,0.25,5,evaluation_2025,-inf,9,6,-0.027455008893052524,-0.04002279537374309,0.563722448732023,0.3333333333333333,-30.268878351028416,10.91733723653273,0.0009528350098414785,0.01,0.01,0.011049499640201474,0.011633773380738881,0
3d_or_5d,opening_15_30m,trend_3d_10d,0.25,10,all,-inf,15,12,0.012122687425268452,-0.04475791838768506,1.1690172555508376,0.4666666666666667,8.816477267864402,11.06753826425405,0.0008785662044249455,0.01,0.01,0.011138218150167224,0.011633773380738881,0
3d_or_5d,opening_15_30m,trend_3d_10d,0.25,10,development_2024,-inf,6,6,0.04090464044558817,-0.010900969003394212,4.716650691962652,0.6666666666666666,67.52666515276414,11.292839805836033,0.0008490281714218159,0.01,0.01,0.011179244544150776,0.011418442804428155,0
3d_or_5d,opening_15_30m,trend_3d_10d,0.25,10,evaluation_2025,-inf,9,6,-0.02765090278394633,-0.04475791838768506,0.5947454346386157,0.3333333333333333,-30.323647988735413,10.91733723653273,0.0009528350098414785,0.01,0.01,0.011049499640201474,0.011633773380738881,0
3d_or_5d,opening_15_30m,trend_3d_10d,0.25,15,all,-inf,15,12,0.010698942644776555,-0.044757918387684836,1.1345062333616054,0.4666666666666667,8.03816650063228,11.06753826425405,0.0008785662044249455,0.01,0.01,0.011138218150167224,0.011633773380738881,0
3d_or_5d,opening_15_30m,trend_3d_10d,0.25,15,development_2024,-inf,6,6,0.03901523222661485,-0.011418442804427387,2.746344190279334,0.6666666666666666,64.89784651193827,11.292839805836033,0.0008490281714218159,0.01,0.01,0.011179244544150776,0.011418442804428155,0
3d_or_5d,opening_15_30m,trend_3d_10d,0.25,15,evaluation_2025,-inf,9,6,-0.027253007177918342,-0.04475791838768495,0.6008310211876081,0.3333333333333333,-29.868286840238383,10.91733723653273,0.0009528350098414785,0.01,0.01,0.011049499640201474,0.011633773380738881,0
3d_or_5d,opening_15_30m,trend_3d_10d,0.25,30,all,-inf,15,12,0.03369009324903627,-0.04475791838768495,1.3878305328537568,0.4666666666666667,23.17696599775057,11.06753826425405,0.0008785662044249455,0.01,0.01,0.011138218150167224,0.011633773380738881,0
3d_or_5d,opening_15_30m,trend_3d_10d,0.25,30,development_2024,-inf,6,6,0.05379176814371012,-0.011418442804427498,3.3870319612649644,0.6666666666666666,88.70716019416862,11.292839805836033,0.0008490281714218159,0.01,0.01,0.011179244544150776,0.011418442804428155,0
3d_or_5d,opening_15_30m,trend_3d_10d,0.25,30,evaluation_2025,-inf,9,6,-0.01907556644713926,-0.04475791838768506,0.7259003171600165,0.3333333333333333,-20.509830133194807,10.91733723653273,0.0009528350098414785,0.01,0.01,0.011049499640201474,0.011633773380738881,0
3d_or_5d,opening_15_30m,trend_3d_10d,0.5,5,all,-inf,15,12,0.029228429279196222,-0.026532838811452186,1.9429885909702067,0.6,19.47396618445048,6.495863523129388,0.0017255608386921308,0.01,0.01,0.01057952172857489,0.011124869020501173,0
3d_or_5d,opening_15_30m,trend_3d_10d,0.5,5,development_2024,-inf,7,6,0.04215754732109911,-0.0017272232061074089,25.043404801000545,0.8571428571428571,59.32618103731665,7.143420060780469,0.0014099969302648755,0.01,0.01,0.010709221402214078,0.011124869020501173,0
3d_or_5d,opening_15_30m,trend_3d_10d,0.5,5,evaluation_2025,-inf,8,6,-0.012406106999021116,-0.026532838811452186,0.5788897383606254,0.375,-15.396721811807422,5.929251552684693,0.0018138479432739862,0.01,0.01,0.010552597171541687,0.011091450602409639,0
3d_or_5d,opening_15_30m,trend_3d_10d,0.5,10,all,-inf,13,12,0.02292469403985664,-0.02473071965201923,1.6786975083021733,0.6153846153846154,17.755402546085662,6.503872800166478,0.0017255608386921308,0.01,0.01,0.01057952172857489,0.011124869020501173,0
3d_or_5d,opening_15_30m,trend_3d_10d,0.5,10,development_2024,-inf,6,6,0.025152322812417083,-0.007481276730534336,4.343006881354514,0.6666666666666666,41.683731840154735,7.062672358098766,0.0015090124959751526,0.01,0.01,0.010665550548435283,0.011124869020501173,0
3d_or_5d,opening_15_30m,trend_3d_10d,0.5,10,evaluation_2025,-inf,7,6,-0.0021729734430580017,-0.02473071965201934,0.927313759292185,0.5714285714285714,-2.7545939916878157,6.024901750510234,0.001726446826569447,0.01,0.01,0.010579224326292783,0.011091450602409639,0
3d_or_5d,opening_15_30m,trend_3d_10d,0.5,15,all,-inf,13,12,0.02046102378064729,-0.0284618094763599,1.3971314916886934,0.46153846153846156,16.193394433988967,6.503872800166478,0.0017255608386921308,0.01,0.01,0.01057952172857489,0.011124869020501173,0
3d_or_5d,opening_15_30m,trend_3d_10d,0.5,15,development_2024,-inf,6,6,0.030342320393137445,-0.012453842786280811,2.4383605999890077,0.6666666666666666,50.6989388679727,7.062672358098766,0.0015090124959751526,0.01,0.01,0.010665550548435283,0.011124869020501173,0
3d_or_5d,opening_15_30m,trend_3d_10d,0.5,15,evaluation_2025,-inf,7,6,-0.009590304520074033,-0.0284618094763599,0.7059654790164194,0.2857142857142857,-13.382786509425655,6.024901750510234,0.001726446826569447,0.01,0.01,0.010579224326292783,0.011091450602409639,0
3d_or_5d,opening_15_30m,trend_3d_10d,0.5,30,all,-inf,13,12,0.04918620477730595,-0.016878552842889416,2.0388739964750124,0.6153846153846154,37.70919714965933,6.503872800166478,0.0017255608386921308,0.01,0.01,0.01057952172857489,0.011124869020501173,0
3d_or_5d,opening_15_30m,trend_3d_10d,0.5,30,development_2024,-inf,6,6,0.0437976939690643,-0.014023173047572945,3.059171012068219,0.6666666666666666,72.5810935452111,7.062672358098766,0.0015090124959751526,0.01,0.01,0.010665550548435283,0.011124869020501173,0
3d_or_5d,opening_15_30m,trend_3d_10d,0.5,30,evaluation_2025,-inf,7,6,0.005162409190378137,-0.014564116527551851,1.2101966441478484,0.5714285714285714,7.819000239186384,6.024901750510234,0.001726446826569447,0.01,0.01,0.010579224326292783,0.011091450602409639,0
3d_or_5d,opening_15_30m,trend_3d_10d,0.75,5,all,-inf,15,12,0.021466777661645287,-0.01583312350923982,2.143580341346589,0.6,14.270982716477128,4.330575682086259,0.0025883412580381964,0.01,0.01,0.010386347819049927,0.010749912680334114,0
3d_or_5d,opening_15_30m,trend_3d_10d,0.75,5,development_2024,-inf,7,6,0.02796460070520279,-0.0011514821374047912,25.043404801000545,0.8571428571428571,39.550787358211096,4.762280040520312,0.002114995395397313,0.01,0.01,0.010472814268142719,0.010749912680334114,0
3d_or_5d,opening_15_30m,trend_3d_10d,0.75,5,evaluation_2025,-inf,8,6,-0.006321057202845148,-0.01583312350923971,0.6425709302998305,0.375,-7.848846345040099,3.952834368456462,0.0027207719149109793,0.01,0.01,0.010368398114361126,0.010727633734939759,0
3d_or_5d,opening_15_30m,trend_3d_10d,0.75,10,all,-inf,12,12,0.02273201548036541,-0.009346605362426819,2.467080201377328,0.6666666666666666,18.861149149683186,4.3754501744020216,0.0025001916752831702,0.01,0.01,0.010400467141077126,0.010749912680334114,0
3d_or_5d,opening_15_30m,trend_3d_10d,0.75,10,development_2024,-inf,6,6,0.016736777222053245,-0.004987536400608561,4.343006881354514,0.6666666666666666,27.789154560103157,4.708448238732509,0.0022635187439627286,0.01,0.01,0.010443700365623521,0.010749912680334114,0
3d_or_5d,opening_15_30m,trend_3d_10d,0.75,10,evaluation_2025,-inf,6,6,0.005896549030804943,-0.009346605362426708,1.5708743831003396,0.6666666666666666,9.933143739263219,4.042452110071536,0.002723423143781316,0.01,0.01,0.010368090516225208,0.010727633734939759,0
3d_or_5d,opening_15_30m,trend_3d_10d,0.75,15,all,-inf,12,12,0.004485451899337578,-0.016146008858857752,1.144427730112487,0.5,3.93836050833645,4.3754501744020216,0.0025001916752831702,0.01,0.01,0.010400467141077126,0.010749912680334114,0
3d_or_5d,opening_15_30m,trend_3d_10d,0.75,15,development_2024,-inf,6,6,0.007928745581589736,-0.008620173448208535,1.5557104408403137,0.6666666666666666,13.367741853074454,4.708448238732509,0.0022635187439627286,0.01,0.01,0.010443700365623521,0.010749912680334114,0
3d_or_5d,opening_15_30m,trend_3d_10d,0.75,15,evaluation_2025,-inf,6,6,-0.0034162074425855282,-0.016146008858857308,0.8198615617299431,0.3333333333333333,-5.491020836401556,4.042452110071536,0.002723423143781316,0.01,0.01,0.010368090516225208,0.010727633734939759,0
3d_or_5d,opening_15_30m,trend_3d_10d,0.75,30,all,-inf,12,12,0.020931144890440123,-0.010727633734939679,1.6999434050034137,0.5,17.636249540425172,4.3754501744020216,0.0025001916752831702,0.01,0.01,0.010400467141077126,0.010749912680334114,0
3d_or_5d,opening_15_30m,trend_3d_10d,0.75,30,development_2024,-inf,6,6,0.018929683348984705,-0.010292942395388804,2.2951423261089388,0.5,31.758877007086415,4.708448238732509,0.0022635187439627286,0.01,0.01,0.010443700365623521,0.010749912680334114,0
3d_or_5d,opening_15_30m,trend_3d_10d,0.75,30,evaluation_2025,-inf,6,6,0.001964278373829842,-0.010727633734939679,1.1358088251706646,0.5,3.513622073763927,4.042452110071536,0.002723423143781316,0.01,0.01,0.010368090516225208,0.010727633734939759,0
3d_or_5d,opening_15_30m,trend_3d_10d,1.0,5,all,-inf,15,12,0.016088972415750913,-0.011892092008262689,2.143580341346589,0.6,10.70323703735785,3.247931761564694,0.0034511216773842617,0.01,0.01,0.010289760864287446,0.010562434510250586,0
3d_or_5d,opening_15_30m,trend_3d_10d,1.0,5,development_2024,-inf,7,6,0.020920959054551602,-0.0008636116030537044,25.043404801000545,0.8571428571428571,29.663090518658326,3.5717100303902347,0.002819993860529751,0.01,0.01,0.010354610701107039,0.010562434510250586,0
3d_or_5d,opening_15_30m,trend_3d_10d,1.0,5,evaluation_2025,-inf,8,6,-0.0047329684006834905,-0.011892092008262689,0.6425709302998307,0.375,-5.886634758780072,2.9646257763423467,0.0036276958865479724,0.01,0.01,0.010276298585770845,0.01054572530120482,0
3d_or_5d,opening_15_30m,trend_3d_10d,1.0,10,all,-inf,12,12,0.01703069452412742,-0.007012737679453762,2.467080201377328,0.6666666666666666,14.14586186226239,3.2815876308015164,0.00333358890037756,0.01,0.01,0.010300350355807845,0.010562434510250586,0
3d_or_5d,opening_15_30m,trend_3d_10d,1.0,10,development_2024,-inf,6,6,0.012540755141384974,-0.0037406592680507833,4.343006881354514,0.6666666666666666,20.841865920077367,3.531336179049383,0.003018024991950305,0.01,0.01,0.01033277527421764,0.010562434510250586,0
3d_or_5d,opening_15_30m,trend_3d_10d,1.0,10,evaluation_2025,-inf,6,6,0.00443432954174372,-0.007012737679453429,1.5708743831003393,0.6666666666666666,7.449857804447415,3.031839082553651,0.003631230858375088,0.01,0.01,0.010276067887168908,0.01054572530120482,0
3d_or_5d,opening_15_30m,trend_3d_10d,1.0,15,all,-inf,12,12,0.004809684838537498,-0.010743114746310733,1.212840677133531,0.5,4.107384839083956,3.2815876308015164,0.00333358890037756,0.01,0.01,0.010300350355807845,0.010562434510250586,0
3d_or_5d,opening_15_30m,trend_3d_10d,1.0,15,development_2024,-inf,6,6,0.005963906229095928,-0.006459174449602645,1.5557104408403142,0.6666666666666666,10.025806389805847,3.531336179049383,0.003018024991950305,0.01,0.01,0.01033277527421764,0.010562434510250586,0
3d_or_5d,opening_15_30m,trend_3d_10d,1.0,15,evaluation_2025,-inf,6,6,-0.001147378532581067,-0.010743114746310956,0.9118907365742823,0.3333333333333333,-1.8110367116379302,3.031839082553651,0.003631230858375088,0.01,0.01,0.010276067887168908,0.01054572530120482,0
3d_or_5d,opening_15_30m,trend_3d_10d,1.0,30,all,-inf,12,12,0.010889141771916577,-0.012043611030692625,1.4022373514305657,0.5,9.27727313984248,3.2815876308015164,0.00333358890037756,0.01,0.01,0.010300350355807845,0.010562434510250586,0
3d_or_5d,opening_15_30m,trend_3d_10d,1.0,30,development_2024,-inf,6,6,0.011925202656609901,-0.010219706796541494,1.8904228642663576,0.5,20.085996391029305,3.531336179049383,0.003018024991950305,0.01,0.01,0.01033277527421764,0.010562434510250586,0
3d_or_5d,opening_15_30m,trend_3d_10d,1.0,30,evaluation_2025,-inf,6,6,-0.0010238512510346576,-0.010545725301205122,0.9350269260076476,0.5,-1.5314501113443453,3.031839082553651,0.003631230858375088,0.01,0.01,0.010276067887168908,0.01054572530120482,0
3d_or_5d,opening_15_30m,trend_3d_10d,1.25,5,all,-inf,15,12,0.012865794362360239,-0.009521961541891777,2.1435803413465884,0.6,8.56258962988628,2.5983454092517557,0.004313902096730327,0.01,0.01,0.010231808691429957,0.010449947608200469,0
3d_or_5d,opening_15_30m,trend_3d_10d,1.25,5,development_2024,-inf,7,6,0.01671161481661776,-0.0006908892824428747,25.04340480100055,0.8571428571428571,23.730472414926663,2.8573680243121875,0.0035249923256621884,0.01,0.01,0.01028368856088563,0.010449947608200469,0
3d_or_5d,opening_15_30m,trend_3d_10d,1.25,5,evaluation_2025,-inf,8,6,-0.0037826069833490905,-0.009521961541891666,0.6425709302998307,0.375,-4.709307807024057,2.3717006210738774,0.004534619858184966,0.01,0.01,0.010221038868616673,0.010436580240963856,0
3d_or_5d,opening_15_30m,trend_3d_10d,1.25,10,all,-inf,12,12,0.013615717781874759,-0.0056115252875653665,2.467080201377328,0.6666666666666666,11.316689489809914,2.625270104641214,0.00416698612547195,0.01,0.01,0.010240280284646276,0.010449947608200469,0
3d_or_5d,opening_15_30m,trend_3d_10d,1.25,10,development_2024,-inf,6,6,0.010026916988666867,-0.0029925307588861694,4.343006881354513,0.6666666666666666,16.673492736061895,2.825068943239506,0.0037725312399378807,0.01,0.01,0.010266220219374112,0.010449947608200469,0
3d_or_5d,opening_15_30m,trend_3d_10d,1.25,10,evaluation_2025,-inf,6,6,0.003553173418296529,-0.0056115252875652555,1.5708743831003396,0.6666666666666666,5.959886243557935,2.4254712660429205,0.00453903857296886,0.01,0.01,0.010220854309735126,0.010436580240963856,0
3d_or_5d,opening_15_30m,trend_3d_10d,1.25,15,all,-inf,12,12,0.0038668869540241513,-0.008599468290794166,1.2128406771335312,0.5,3.2859078712671663,2.625270104641214,0.00416698612547195,0.01,0.01,0.010240280284646276,0.010449947608200469,0
3d_or_5d,opening_15_30m,trend_3d_10d,1.25,15,development_2024,-inf,6,6,0.004779421926733196,-0.0051644698986828,1.5557104408403137,0.6666666666666666,8.020645111844676,2.825068943239506,0.0037725312399378807,0.01,0.01,0.010266220219374112,0.010449947608200469,0
3d_or_5d,opening_15_30m,trend_3d_10d,1.25,15,evaluation_2025,-inf,6,6,-0.0009081943288199446,-0.008599468290794055,0.9118907365742823,0.3333333333333333,-1.4488293693103445,2.4254712660429205,0.00453903857296886,0.01,0.01,0.010220854309735126,0.010436580240963856,0
3d_or_5d,opening_15_30m,trend_3d_10d,1.25,30,all,-inf,12,12,0.011067100584555734,-0.008036364994326584,1.562940725434873,0.5,9.319006739448202,2.625270104641214,0.00416698612547195,0.01,0.01,0.010240280284646276,0.010449947608200469,0
3d_or_5d,opening_15_30m,trend_3d_10d,1.25,30,development_2024,-inf,6,6,0.009794040214030408,-0.007946368479807564,1.9313402742740984,0.5,16.451125375199773,2.825068943239506,0.0037725312399378807,0.01,0.01,0.010266220219374112,0.010449947608200469,0
3d_or_5d,opening_15_30m,trend_3d_10d,1.25,30,evaluation_2025,-inf,6,6,0.001260712897706684,-0.006389351325300829,1.1415976644357977,0.5,2.1868881036966306,2.4254712660429205,0.00453903857296886,0.01,0.01,0.010220854309735126,0.010436580240963856,0
3d_or_5d,opening_15_30m,trend_3d_10d_plus_migration,0.0,5,all,-inf,7,5,-0.0028377795461947963,-0.03412800822921569,0.9522888818399832,0.42857142857142855,-3.139163335725556,12.7502311812534,0.0007164936956518367,0.01,0.01,0.01139568569279628,0.011633773380738881,0
3d_or_5d,opening_15_30m,trend_3d_10d_plus_migration,0.0,5,development_2024,-inf,3,2,0.012728956462659369,-0.01153288446857581,2.119118760644199,0.6666666666666666,43.02222457708436,12.73693372914748,0.000869582230956678,0.01,0.01,0.011149977500000019,0.011532884468577002,0
3d_or_5d,opening_15_30m,trend_3d_10d_plus_migration,0.0,5,evaluation_2025,-inf,4,3,-0.015371078223364809,-0.03412800822921569,0.5625019205927597,0.25,-37.760204270333,12.760204270332842,0.0006928499293341803,0.01,0.01,0.011444996754464665,0.011633773380738881,0
3d_or_5d,opening_15_30m,trend_3d_10d_plus_migration,0.0,10,all,-inf,6,5,-0.01285350626231907,-0.0341280082292158,0.7311394551968652,0.3333333333333333,-20.63802729330931,12.958640544795601,0.0006928499293341803,0.01,0.01,0.011444996754464665,0.011633773380738881,0
3d_or_5d,opening_15_30m,trend_3d_10d_plus_migration,0.0,10,development_2024,-inf,2,2,0.0025568738692980375,-0.01153288446857581,1.2359570443597496,0.5,13.606326660738068,13.355513093721123,0.0007654655446924054,0.01,0.01,0.011335551309372114,0.011532884468577002,0
3d_or_5d,opening_15_30m,trend_3d_10d_plus_migration,0.0,10,evaluation_2025,-inf,4,3,-0.015371078223364809,-0.03412800822921569,0.5625019205927597,0.25,-37.760204270333,12.760204270332842,0.0006928499293341803,0.01,0.01,0.011444996754464665,0.011633773380738881,0
3d_or_5d,opening_15_30m,trend_3d_10d_plus_migration,0.0,15,all,-inf,6,5,-0.008369020965803942,-0.03412800822921558,0.8311821615861853,0.3333333333333333,-12.958640544795799,12.958640544795601,0.0006928499293341803,0.01,0.01,0.011444996754464665,0.011633773380738881,0
3d_or_5d,opening_15_30m,trend_3d_10d_plus_migration,0.0,15,development_2024,-inf,2,2,0.007111366630310201,-0.01153288446857581,1.6354782622877302,0.5,36.64448690627859,13.355513093721123,0.0007654655446924054,0.01,0.01,0.011335551309372114,0.011532884468577002,0
3d_or_5d,opening_15_30m,trend_3d_10d_plus_migration,0.0,15,evaluation_2025,-inf,4,3,-0.015371078223364809,-0.03412800822921569,0.5625019205927597,0.25,-37.760204270333,12.760204270332842,0.0006928499293341803,0.01,0.01,0.011444996754464665,0.011633773380738881,0
3d_or_5d,opening_15_30m,trend_3d_10d_plus_migration,0.0,30,all,-inf,6,5,-0.008369020965803942,-0.03412800822921558,0.8311821615861853,0.3333333333333333,-12.958640544795799,12.958640544795601,0.0006928499293341803,0.01,0.01,0.011444996754464665,0.011633773380738881,0
3d_or_5d,opening_15_30m,trend_3d_10d_plus_migration,0.0,30,development_2024,-inf,2,2,0.007111366630310201,-0.01153288446857581,1.6354782622877302,0.5,36.64448690627859,13.355513093721123,0.0007654655446924054,0.01,0.01,0.011335551309372114,0.011532884468577002,0
3d_or_5d,opening_15_30m,trend_3d_10d_plus_migration,0.0,30,evaluation_2025,-inf,4,3,-0.015371078223364809,-0.03412800822921569,0.5625019205927597,0.25,-37.760204270333,12.760204270332842,0.0006928499293341803,0.01,0.01,0.011444996754464665,0.011633773380738881,0
3d_or_5d,opening_15_30m,trend_3d_10d_plus_migration,0.25,5,all,-inf,7,5,0.0036785228060447484,-0.02877797131723614,1.125912635405939,0.42857142857142855,5.84666989587919,11.261194717037059,0.0008632234132847235,0.01,0.01,0.011158448652585565,0.011633773380738881,0
3d_or_5d,opening_15_30m,trend_3d_10d_plus_migration,0.25,5,development_2024,-inf,3,2,0.02100567909117923,-0.0034544464122148177,7.074809947922211,0.6666666666666666,69.95035143162124,11.773183464934066,0.000869582230956678,0.01,0.01,0.011149977500000019,0.011243759389312977,0
3d_or_5d,opening_15_30m,trend_3d_10d_plus_migration,0.25,5,evaluation_2025,-inf,4,3,-0.016970675717061567,-0.02877797131723625,0.4184965669927594,0.25,-42.23109125592736,10.877203156114302,0.0008630019163153944,0.01,0.01,0.011158746054867674,0.011633773380738881,0
3d_or_5d,opening_15_30m,trend_3d_10d_plus_migration,0.25,10,all,-inf,6,5,-0.0006028379133965478,-0.03356855984111029,0.9964938473696948,0.3333333333333333,-0.19852800872107818,11.221431336543205,0.0008630019163153944,0.01,0.01,0.011158746054867674,0.011633773380738881,0
3d_or_5d,opening_15_30m,trend_3d_10d_plus_migration,0.25,10,development_2024,-inf,2,2,0.014231445373172003,-2.238534351162169e-05,636.7626118133862,0.5,71.15882228605967,11.909887697401004,0.0008412901176338302,0.01,0.01,0.0111909887697401,0.011243759389312977,0
3d_or_5d,opening_15_30m,trend_3d_10d_plus_migration,0.25,10,evaluation_2025,-inf,4,3,-0.014626132283948823,-0.03356855984111029,0.5773093858174025,0.25,-35.87720315611145,10.877203156114302,0.0008630019163153944,0.01,0.01,0.011158746054867674,0.011633773380738881,0
3d_or_5d,opening_15_30m,trend_3d_10d_plus_migration,0.25,15,all,-inf,6,5,0.022790285746212557,-0.03356855984111029,1.685309983647098,0.5,38.77856866345755,11.221431336543205,0.0008630019163153944,0.01,0.01,0.011158746054867674,0.011633773380738881,0
3d_or_5d,opening_15_30m,trend_3d_10d_plus_migration,0.25,15,development_2024,-inf,2,2,0.037971798579240934,0.0,,1.0,188.09011230259554,11.909887697401004,0.0008412901176338302,0.01,0.01,0.0111909887697401,0.011243759389312977,0
3d_or_5d,opening_15_30m,trend_3d_10d_plus_migration,0.25,15,evaluation_2025,-inf,4,3,-0.014626132283948823,-0.03356855984111029,0.5773093858174025,0.25,-35.87720315611145,10.877203156114302,0.0008630019163153944,0.01,0.01,0.011158746054867674,0.011633773380738881,0
3d_or_5d,opening_15_30m,trend_3d_10d_plus_migration,0.25,30,all,-inf,6,5,0.022790285746212557,-0.03356855984111029,1.685309983647098,0.5,38.77856866345755,11.221431336543205,0.0008630019163153944,0.01,0.01,0.011158746054867674,0.011633773380738881,0
3d_or_5d,opening_15_30m,trend_3d_10d_plus_migration,0.25,30,development_2024,-inf,2,2,0.037971798579240934,0.0,,1.0,188.09011230259554,11.909887697401004,0.0008412901176338302,0.01,0.01,0.0111909887697401,0.011243759389312977,0
3d_or_5d,opening_15_30m,trend_3d_10d_plus_migration,0.25,30,evaluation_2025,-inf,4,3,-0.014626132283948823,-0.03356855984111029,0.5773093858174025,0.25,-35.87720315611145,10.877203156114302,0.0008630019163153944,0.01,0.01,0.011158746054867674,0.011633773380738881,0
3d_or_5d,opening_15_30m,trend_3d_10d_plus_migration,0.5,5,all,-inf,7,5,-0.0005147099569760005,-0.02063601436776641,0.9855008838790676,0.42857142857142855,-0.4658948649964894,6.568099580764717,0.0016080280616854294,0.01,0.01,0.01062187969465649,0.011091450602409639,0
3d_or_5d,opening_15_30m,trend_3d_10d_plus_migration,0.5,5,development_2024,-inf,3,2,0.014379294483466865,-0.0017272232061072978,9.314455692344756,0.6666666666666666,47.86973605989813,7.1588838775741435,0.0013109757300403604,0.01,0.01,0.010762790627687068,0.010762994840928686,0
3d_or_5d,opening_15_30m,trend_3d_10d_plus_migration,0.5,5,evaluation_2025,-inf,4,3,-0.014682875056146738,-0.02063601436776641,0.29272305385218167,0.25,-36.717618058667455,6.125011358157646,0.0017260038326307888,0.01,0.01,0.010579373027433836,0.011091450602409639,0
3d_or_5d,opening_15_30m,trend_3d_10d_plus_migration,0.5,10,all,-inf,6,5,-0.008278121611273392,-0.026305906574943805,0.6948731208470097,0.3333333333333333,-13.496334813840152,6.391465131413722,0.00166679445018878,0.01,0.01,0.01060070071161569,0.011091450602409639,0
3d_or_5d,opening_15_30m,trend_3d_10d_plus_migration,0.5,10,development_2024,-inf,2,2,0.009543848273989797,-1.1192671755755335e-05,853.696784994177,0.5,47.71977610811865,6.92437267792587,0.0014593264565354244,0.01,0.01,0.010692437267792588,0.010762994840928686,0
3d_or_5d,opening_15_30m,trend_3d_10d_plus_migration,0.5,10,evaluation_2025,-inf,4,3,-0.01765348767736341,-0.026305906574943694,0.33497436594791347,0.25,-44.10439027481956,6.125011358157646,0.0017260038326307888,0.01,0.01,0.010579373027433836,0.011091450602409639,0
3d_or_5d,opening_15_30m,trend_3d_10d_plus_migration,0.5,15,all,-inf,6,5,0.010282927884536885,-0.025802311939300715,1.4081031535385256,0.5,17.693479503883196,6.391465131413722,0.00166679445018878,0.01,0.01,0.01060070071161569,0.011091450602409639,0
3d_or_5d,opening_15_30m,trend_3d_10d_plus_migration,0.5,15,development_2024,-inf,2,2,0.028173097600801,0.0,,1.0,140.02219220757374,6.92437267792587,0.0014593264565354244,0.01,0.01,0.010692437267792588,0.010762994840928686,0
3d_or_5d,opening_15_30m,trend_3d_10d_plus_migration,0.5,15,evaluation_2025,-inf,4,3,-0.017399958973843832,-0.025802311939300493,0.33155782332715056,0.25,-43.47087684796207,6.125011358157646,0.0017260038326307888,0.01,0.01,0.010579373027433836,0.011091450602409639,0
3d_or_5d,opening_15_30m,trend_3d_10d_plus_migration,0.5,30,all,-inf,6,5,0.005091785484127698,-0.025827463194096456,1.208448616758194,0.5,9.046305612446597,6.391465131413722,0.00166679445018878,0.01,0.01,0.01060070071161569,0.011091450602409639,0
3d_or_5d,opening_15_30m,trend_3d_10d_plus_migration,0.5,30,development_2024,-inf,2,2,0.02653920621848438,0.0,,1.0,132.00692503199812,6.92437267792587,0.0014593264565354244,0.01,0.01,0.010692437267792588,0.010762994840928686,0
3d_or_5d,opening_15_30m,trend_3d_10d_plus_migration,0.5,30,evaluation_2025,-inf,4,3,-0.020892938725023402,-0.021553630088335884,0.1945297087064511,0.25,-52.434004097329165,6.125011358157646,0.0017260038326307888,0.01,0.01,0.010579373027433836,0.011091450602409639,0
3d_or_5d,opening_15_30m,trend_3d_10d_plus_migration,0.75,5,all,-inf,7,5,0.0016443758921769192,-0.011866706771703317,1.1312965297142539,0.42857142857142855,2.4501289808574063,4.378733053843145,0.002412042092528144,0.01,0.01,0.010414586463104326,0.010727633734939759,0
3d_or_5d,opening_15_30m,trend_3d_10d_plus_migration,0.75,5,development_2024,-inf,3,2,0.009582125117998164,-0.0011514821374050133,9.314455692344756,0.6666666666666666,31.91315737326542,4.772589251716095,0.0019664635950605407,0.01,0.01,0.010508527085124713,0.01050866322728579,0
3d_or_5d,opening_15_30m,trend_3d_10d_plus_migration,0.75,5,evaluation_2025,-inf,4,3,-0.007862410623497573,-0.011866706771703206,0.34021513178906243,0.25,-19.6471423134486,4.0833409054384315,0.0025890057489461834,0.01,0.01,0.010386248684955891,0.010727633734939759,0
3d_or_5d,opening_15_30m,trend_3d_10d_plus_migration,0.75,10,all,-inf,5,5,0.001782186424437393,-0.010413869466864067,1.176774287975744,0.4,3.6936590282856936,4.340873003407268,0.002412042092528144,0.01,0.01,0.010414586463104326,0.010727633734939759,0
3d_or_5d,opening_15_30m,trend_3d_10d_plus_migration,0.75,10,development_2024,-inf,2,2,0.006362589282134179,-7.461781170392534e-06,853.6967849941809,0.5,31.813184072079093,4.61624845195058,0.0021889896848031366,0.01,0.01,0.010461624845195059,0.01050866322728579,0
3d_or_5d,opening_15_30m,trend_3d_10d_plus_migration,0.75,10,evaluation_2025,-inf,3,3,-0.004551443889586837,-0.010413869466864178,0.5674483368655117,0.3333333333333333,-15.052691000909903,4.157289371045059,0.0025883412580381964,0.01,0.01,0.010386347819049927,0.010727633734939759,0
3d_or_5d,opening_15_30m,trend_3d_10d_plus_migration,0.75,15,all,-inf,5,5,0.002495154547346168,-0.014352171732635144,1.180992497714234,0.6,5.209498407190087,4.340873003407268,0.002412042092528144,0.01,0.01,0.010414586463104326,0.010727633734939759,0
3d_or_5d,opening_15_30m,trend_3d_10d_plus_migration,0.75,15,development_2024,-inf,2,2,0.011277865750440208,0.0,,1.0,56.23147580246945,4.61624845195058,0.0021889896848031366,0.01,0.01,0.010461624845195059,0.01050866322728579,0
3d_or_5d,opening_15_30m,trend_3d_10d_plus_migration,0.75,15,evaluation_2025,-inf,3,3,-0.008684765582777532,-0.014352171732635144,0.39953720508186635,0.3333333333333333,-28.805153189662818,4.157289371045059,0.0025883412580381964,0.01,0.01,0.010386347819049927,0.010727633734939759,0
3d_or_5d,opening_15_30m,trend_3d_10d_plus_migration,0.75,30,all,-inf,5,5,0.008517692860369186,-0.015466224863377787,1.563321656405023,0.4,17.48899075523248,4.340873003407268,0.002412042092528144,0.01,0.01,0.010414586463104326,0.010727633734939759,0
3d_or_5d,opening_15_30m,trend_3d_10d_plus_migration,0.75,30,development_2024,-inf,2,2,0.024360685564513762,0.0,,1.0,121.33795002132987,4.61624845195058,0.0021889896848031366,0.01,0.01,0.010461624845195059,0.01050866322728579,0
3d_or_5d,opening_15_30m,trend_3d_10d_plus_migration,0.75,30,evaluation_2025,-inf,3,3,-0.015466224863377676,-0.012590903458957414,0.0,0.0,-51.74364875549912,4.157289371045059,0.0025883412580381964,0.01,0.01,0.010386347819049927,0.010727633734939759,0
3d_or_5d,opening_15_30m,trend_3d_10d_plus_migration,1.0,5,all,-inf,7,5,0.0012465395830403292,-0.00890837328054217,1.131296529714254,0.42857142857142855,1.837596735643056,3.2840497903823587,0.003216056123370859,0.01,0.01,0.010310939847328244,0.01054572530120482,0
3d_or_5d,opening_15_30m,trend_3d_10d_plus_migration,1.0,5,development_2024,-inf,3,2,0.007185063809000525,-0.0008636116030537044,9.314455692344756,0.6666666666666666,23.934868029949065,3.5794419387870717,0.002621951460080721,0.01,0.01,0.010381395313843534,0.010381497420464344,0
3d_or_5d,opening_15_30m,trend_3d_10d_plus_migration,1.0,5,evaluation_2025,-inf,4,3,-0.0058961599405591425,-0.00890837328054217,0.34021513178906254,0.25,-14.735356735086452,3.062505679078823,0.0034520076652615776,0.01,0.01,0.010289686513716919,0.01054572530120482,0
3d_or_5d,opening_15_30m,trend_3d_10d_plus_migration,1.0,10,all,-inf,5,5,0.0013487704420989122,-0.007815287676691263,1.1767742879757443,0.4,2.770244271214278,3.2556547525554507,0.003216056123370859,0.01,0.01,0.010310939847328244,0.01054572530120482,0
3d_or_5d,opening_15_30m,trend_3d_10d_plus_migration,1.0,10,development_2024,-inf,2,2,0.004771950873903474,-5.596335877822156e-06,853.696784994177,0.5,23.859888054059326,3.462186338962935,0.002918652913070849,0.01,0.01,0.010346218633896294,0.010381497420464344,0
3d_or_5d,opening_15_30m,trend_3d_10d_plus_migration,1.0,10,evaluation_2025,-inf,3,3,-0.0034069227637447685,-0.007815287676691152,0.5674483368655118,0.3333333333333333,-11.289518250682422,3.1179670282837937,0.0034511216773842617,0.01,0.01,0.010289760864287446,0.01054572530120482,0
3d_or_5d,opening_15_30m,trend_3d_10d_plus_migration,1.0,15,all,-inf,5,5,0.003290195996017875,-0.009390965012727737,1.3547458359360063,0.6,6.67579850418845,3.2556547525554507,0.003216056123370859,0.01,0.01,0.010310939847328244,0.01054572530120482,0
3d_or_5d,opening_15_30m,trend_3d_10d_plus_migration,1.0,15,development_2024,-inf,2,2,0.008452479827215198,0.0,,1.0,42.173606851852085,3.462186338962935,0.002918652913070849,0.01,0.01,0.010346218633896294,0.010381497420464344,0
3d_or_5d,opening_15_30m,trend_3d_10d_plus_migration,1.0,15,evaluation_2025,-inf,3,3,-0.005119015456317544,-0.009390965012727737,0.4583190544679825,0.3333333333333333,-16.989407060920644,3.1179670282837937,0.0034511216773842617,0.01,0.01,0.010289760864287446,0.01054572530120482,0
3d_or_5d,opening_15_30m,trend_3d_10d_plus_migration,1.0,30,all,-inf,5,5,0.004151680474741681,-0.0141013396777665,1.3053582734973295,0.4,8.636949429281024,3.2556547525554507,0.003216056123370859,0.01,0.01,0.010310939847328244,0.01054572530120482,0
3d_or_5d,opening_15_30m,trend_3d_10d_plus_migration,1.0,30,development_2024,-inf,2,2,0.01851409367626311,0.0,,1.0,92.30397842314095,3.462186338962935,0.002918652913070849,0.01,0.01,0.010346218633896294,0.010381497420464344,0
3d_or_5d,opening_15_30m,trend_3d_10d_plus_migration,1.0,30,evaluation_2025,-inf,3,3,-0.014101339677766389,-0.011943434559202548,0.0,0.0,-47.141069899958914,3.1179670282837937,0.0034511216773842617,0.01,0.01,0.010289760864287446,0.01054572530120482,0
3d_or_5d,opening_15_30m,trend_3d_10d_plus_migration,1.25,5,all,-inf,7,5,0.0010035956999778772,-0.00713070517019343,1.1312965297142539,0.42857142857142855,1.4700773885144442,2.6272398323058868,0.004020070154213573,0.01,0.01,0.010248751877862596,0.010436580240963856,0
3d_or_5d,opening_15_30m,trend_3d_10d_plus_migration,1.25,5,development_2024,-inf,3,2,0.005747315781104323,-0.0006908892824429858,9.314455692344755,0.6666666666666666,19.147894423959247,2.8635535510296575,0.003277439325100901,0.01,0.01,0.010305116251074827,0.010305197936371474,0
3d_or_5d,opening_15_30m,trend_3d_10d_plus_migration,1.25,5,evaluation_2025,-inf,4,3,-0.0047166122212737305,-0.007130705170193319,0.34021513178906254,0.25,-11.788285388069161,2.4500045432630584,0.004315009581576972,0.01,0.01,0.010231749210973536,0.010436580240963856,0
3d_or_5d,opening_15_30m,trend_3d_10d_plus_migration,1.25,10,all,-inf,5,5,0.00108483650296054,-0.006254575218093694,1.1767742879757441,0.4,2.216195416971421,2.60452380204436,0.004020070154213573,0.01,0.01,0.010248751877862596,0.010436580240963856,0
3d_or_5d,opening_15_30m,trend_3d_10d_plus_migration,1.25,10,development_2024,-inf,2,2,0.0038175649770282316,-4.477068702213316e-06,853.6967849941873,0.5,19.087910443247456,2.7697490711703483,0.0036483161413385606,0.01,0.01,0.010276974907117035,0.010305197936371474,0
3d_or_5d,opening_15_30m,trend_3d_10d_plus_migration,1.25,10,evaluation_2025,-inf,3,3,-0.002722335780337093,-0.006254575218093805,0.5674483368655118,0.3333333333333333,-9.031614600545938,2.494373622627035,0.004313902096730327,0.01,0.01,0.010231808691429957,0.010436580240963856,0
3d_or_5d,opening_15_30m,trend_3d_10d_plus_migration,1.25,15,all,-inf,5,5,0.002639814782630312,-0.007515700763221833,1.3547458359360067,0.6,5.340638803350765,2.60452380204436,0.004020070154213573,0.01,0.01,0.010248751877862596,0.010436580240963856,0
3d_or_5d,opening_15_30m,trend_3d_10d_plus_migration,1.25,15,development_2024,-inf,2,2,0.006759142508677041,0.0,,1.0,33.738885481481674,2.7697490711703483,0.0036483161413385606,0.01,0.01,0.010276974907117035,0.010305197936371474,0
3d_or_5d,opening_15_30m,trend_3d_10d_plus_migration,1.25,15,evaluation_2025,-inf,3,3,-0.004091671535042751,-0.007515700763221944,0.45831905446798255,0.3333333333333333,-13.59152564873651,2.494373622627035,0.004313902096730327,0.01,0.01,0.010231808691429957,0.010436580240963856,0
3d_or_5d,opening_15_30m,trend_3d_10d_plus_migration,1.25,30,all,-inf,5,5,0.005419594815375017,-0.009246282070370038,1.5937444311248727,0.4,11.004017374751355,2.60452380204436,0.004020070154213573,0.01,0.01,0.010248751877862596,0.010436580240963856,0
3d_or_5d,opening_15_30m,trend_3d_10d_plus_migration,1.25,30,development_2024,-inf,2,2,0.014802747262349092,0.0,,1.0,73.84318273851277,2.7697490711703483,0.0036483161413385606,0.01,0.01,0.010276974907117035,0.010305197936371474,0
3d_or_5d,opening_15_30m,trend_3d_10d_plus_migration,1.25,30,evaluation_2025,-inf,3,3,-0.009246282070370038,-0.007512215787467413,0.0,0.0,-30.888759534422917,2.494373622627035,0.004313902096730327,0.01,0.01,0.010231808691429957,0.010436580240963856,0
3d_or_5d,opening_15_30m,trend_10d_30d,0.0,5,all,-0.33489270308039215,22,17,-0.02535735433210351,-0.064840890028251,0.7982090413537388,0.45454545454545453,-11.07377751281168,12.565604080105068,0.0008445361846876821,0.01,0.010000000000000002,0.011185124219067174,0.011904128054128525,0
3d_or_5d,opening_15_30m,trend_10d_30d,0.0,5,development_2024,-inf,10,8,0.035762582159868606,-0.02172742458830146,2.0720647522041697,0.7,35.785121618005604,11.563429487579276,0.0008740742176908117,0.01,0.010000000000000002,0.011144097825083622,0.011689324011186514,0
3d_or_5d,opening_15_30m,trend_10d_30d,0.0,5,evaluation_2025,-inf,12,9,-0.059009600795308814,-0.04871539302679373,0.31142673428874396,0.25,-50.12286012182608,13.400749573876558,0.0007659798710360379,0.01,0.010000000000000002,0.011310989159717889,0.011904128054128525,0
3d_or_5d,opening_15_30m,trend_10d_30d,0.0,10,all,-0.6261668125670132,21,17,-0.05846389995792434,-0.07811721590538245,0.6130221419929692,0.3333333333333333,-27.928962947432645,12.616357845824346,0.0008194901384186863,0.01,0.010000000000000002,0.011220270938134328,0.011904128054128525,0
3d_or_5d,opening_15_30m,trend_10d_30d,0.0,10,development_2024,-inf,9,8,0.0023906797077657416,-0.04308163392200659,1.0571934422522522,0.4444444444444444,3.5160274939274427,11.570502208421399,0.0008785662044249455,0.01,0.010000000000000002,0.011138218150167224,0.011689324011186514,0
3d_or_5d,opening_15_30m,trend_10d_30d,0.0,10,evaluation_2025,-inf,12,9,-0.06070944283264035,-0.05043383092559284,0.35764840869737174,0.25,-51.512705778452705,13.400749573876558,0.0007659798710360379,0.01,0.010000000000000002,0.011310989159717889,0.011904128054128525,0
3d_or_5d,opening_15_30m,trend_10d_30d,0.0,15,all,-0.5851931871073122,21,17,-0.05060276147622633,-0.07234757459955399,0.6577446705793916,0.38095238095238093,-23.961417700419346,12.616357845824346,0.0008194901384186863,0.01,0.010000000000000002,0.011220270938134328,0.011904128054128525,0
3d_or_5d,opening_15_30m,trend_10d_30d,0.0,15,development_2024,-inf,9,8,0.004473371571841467,-0.04308163392200659,1.0958089266944862,0.4444444444444444,5.889955336762878,11.570502208421399,0.0008785662044249455,0.01,0.010000000000000002,0.011138218150167224,0.011689324011186514,0
3d_or_5d,opening_15_30m,trend_10d_30d,0.0,15,evaluation_2025,-inf,12,9,-0.05483085426334633,-0.04449093201671506,0.39341325913282255,0.3333333333333333,-46.34994747830602,13.400749573876558,0.0007659798710360379,0.01,0.010000000000000002,0.011310989159717889,0.011904128054128525,0
3d_or_5d,opening_15_30m,trend_10d_30d,0.0,30,all,-0.09673437072363869,21,17,-0.007214454815411053,-0.0623981518888993,0.9651235608707842,0.38095238095238093,-2.441711944392784,12.616357845824346,0.0008194901384186863,0.01,0.010000000000000002,0.011220270938134328,0.011904128054128525,0
3d_or_5d,opening_15_30m,trend_10d_30d,0.0,30,development_2024,-inf,9,8,0.01875866440724061,-0.04308163392200659,1.3540049750288188,0.4444444444444444,21.762831124916467,11.570502208421399,0.0008785662044249455,0.01,0.010000000000000002,0.011138218150167224,0.011689324011186514,0
3d_or_5d,opening_15_30m,trend_10d_30d,0.0,30,evaluation_2025,-inf,12,9,-0.02549486952119695,-0.03424273629068597,0.7304694624028105,0.3333333333333333,-20.59511924637471,13.400749573876558,0.0007659798710360379,0.01,0.010000000000000002,0.011310989159717889,0.011904128054128525,0
3d_or_5d,opening_15_30m,trend_10d_30d,0.25,5,all,-0.21362984685169942,22,17,-0.013020379058150677,-0.052193018197633556,0.8856954897513616,0.45454545454545453,-5.426365897712118,10.52369125419633,0.000960324199842759,0.01,0.010000000000000002,0.011041331518965157,0.011633773380738881,0
3d_or_5d,opening_15_30m,trend_10d_30d,0.25,5,development_2024,-inf,10,8,0.041329764278578596,-0.02172742458830146,2.623308852288262,0.7,41.07164409098878,10.528509274241049,0.0009213572766963933,0.01,0.010000000000000002,0.01108770146860404,0.011418442804428155,0
3d_or_5d,opening_15_30m,trend_10d_30d,0.25,5,evaluation_2025,-inf,12,9,-0.05219301819763322,-0.042063700942398974,0.33017184966091007,0.25,-44.174707554962865,10.519676237492396,0.0009623085702527882,0.01,0.01,0.01103920557901136,0.011633773380738881,0
3d_or_5d,opening_15_30m,trend_10d_30d,0.25,10,all,-0.6050051194112251,21,17,-0.05169679545296124,-0.07149136572181991,0.6179957863554539,0.3333333333333333,-24.63318145291733,10.477211075824716,0.0009641483489678409,0.01,0.010000000000000002,0.011037184787040853,0.011633773380738881,0
3d_or_5d,opening_15_30m,trend_10d_30d,0.25,10,development_2024,-inf,9,8,0.007340446602794204,-0.042622007109443305,1.1825707428334773,0.4444444444444444,8.792412445463922,10.42059086026781,0.0009641483489678409,0.01,0.010000000000000002,0.011037184787040853,0.011418442804428155,0
3d_or_5d,opening_15_30m,trend_10d_30d,0.25,10,evaluation_2025,-inf,12,9,-0.05860704020657148,-0.04854627030861358,0.35222549156745925,0.25,-49.702376876703276,10.519676237492396,0.0009623085702527882,0.01,0.01,0.01103920557901136,0.011633773380738881,0
3d_or_5d,opening_15_30m,trend_10d_30d,0.25,15,all,-0.5810546159714356,21,17,-0.04948933549250312,-0.07125965031202319,0.6571896596541723,0.38095238095238093,-23.427343339458876,10.477211075824716,0.0009641483489678409,0.01,0.010000000000000002,0.011037184787040853,0.011633773380738881,0
3d_or_5d,opening_15_30m,trend_10d_30d,0.25,15,development_2024,-inf,9,8,0.005511962757913658,-0.042622007109443305,1.115746882738898,0.4444444444444444,7.039866684913337,10.42059086026781,0.0009641483489678409,0.01,0.010000000000000002,0.011037184787040853,0.011418442804428155,0
3d_or_5d,opening_15_30m,trend_10d_30d,0.25,15,evaluation_2025,-inf,12,9,-0.05469979501741529,-0.044597267961222764,0.3744345706114263,0.3333333333333333,-46.27775085773803,10.519676237492396,0.0009623085702527882,0.01,0.01,0.01103920557901136,0.011633773380738881,0
3d_or_5d,opening_15_30m,trend_10d_30d,0.25,30,all,-0.12054256291959962,21,17,-0.008546619640280695,-0.059320250389758744,0.954096070860594,0.38095238095238093,-3.137032294574851,10.477211075824716,0.0009641483489678409,0.01,0.010000000000000002,0.011037184787040853,0.011633773380738881,0
3d_or_5d,opening_15_30m,trend_10d_30d,0.25,30,development_2024,-inf,9,8,0.019812026098583457,-0.042622007109443305,1.376722832257625,0.4444444444444444,22.912742473066928,10.42059086026781,0.0009641483489678409,0.01,0.010000000000000002,0.011037184787040853,0.011418442804428155,0
3d_or_5d,opening_15_30m,trend_10d_30d,0.25,30,evaluation_2025,-inf,12,9,-0.02780771849431274,-0.033514039750477065,0.6934963866013726,0.3333333333333333,-22.67436337030618,10.519676237492396,0.0009623085702527882,0.01,0.01,0.01103920557901136,0.011633773380738881,0
3d_or_5d,opening_15_30m,trend_10d_30d,0.5,5,all,0.007868520171582905,21,17,0.0002880365731119383,-0.030626938947547866,1.0141858282227023,0.47619047619047616,0.41940919675259397,6.221142712610323,0.0017184605212336253,0.01,0.01,0.01058191619047619,0.011124869020501173,0
3d_or_5d,opening_15_30m,trend_10d_30d,0.5,5,development_2024,-inf,10,8,0.03189172132253737,-0.01699502678560183,2.6912519048900907,0.7,31.78000174555714,6.767734043246267,0.0015090124959751526,0.01,0.01,0.010665550548435283,0.011124869020501173,0
3d_or_5d,opening_15_30m,trend_10d_30d,0.5,5,evaluation_2025,-inf,11,9,-0.030626938947547866,-0.026128632642409944,0.2863331612165128,0.2727272727272727,-28.090220393069718,5.724241502941284,0.0019012490599785254,0.01,0.01,0.01052597001679059,0.011091450602409639,0
3d_or_5d,opening_15_30m,trend_10d_30d,0.5,10,all,-inf,19,17,0.008429216790937888,-0.02050855369849136,1.1527326891529621,0.5263157894736842,4.754719868741533,6.197704764212642,0.0017184605212336253,0.01,0.01,0.01058191619047619,0.011124869020501173,0
3d_or_5d,opening_15_30m,trend_10d_30d,0.5,10,development_2024,-inf,9,8,0.024033126672232008,-0.016480002258350113,2.165517766843295,0.5555555555555556,26.78572442007673,6.672159350621333,0.0016080280616854294,0.01,0.01,0.01062187969465649,0.011124869020501173,0
3d_or_5d,opening_15_30m,trend_10d_30d,0.5,10,evaluation_2025,-inf,10,9,-0.015237700299795653,-0.02050855369849136,0.608134921573454,0.5,-15.073184227460148,5.770695636444822,0.001816058423126202,0.01,0.01,0.01055198707319676,0.011091450602409639,0
3d_or_5d,opening_15_30m,trend_10d_30d,0.5,15,all,-inf,19,17,0.0019017332984512247,-0.030550902971252403,1.03599446682848,0.47368421052631576,1.4815955527750906,6.197704764212642,0.0017184605212336253,0.01,0.01,0.01058191619047619,0.011124869020501173,0
3d_or_5d,opening_15_30m,trend_10d_30d,0.5,15,development_2024,-inf,9,8,0.022407621865992766,-0.01777632378107752,1.6316440489811146,0.5555555555555556,25.30804927300148,6.672159350621333,0.0016080280616854294,0.01,0.01,0.01062187969465649,0.011124869020501173,0
3d_or_5d,opening_15_30m,trend_10d_30d,0.5,15,evaluation_2025,-inf,10,9,-0.020056470754899358,-0.022441015131690834,0.5263679242001141,0.4,-19.962212795428663,5.770695636444822,0.001816058423126202,0.01,0.01,0.01055198707319676,0.011091450602409639,0
3d_or_5d,opening_15_30m,trend_10d_30d,0.5,30,all,-inf,19,17,0.057795397168291185,-0.02213837087489534,1.7771509070331832,0.631578947368421,30.264644784590956,6.197704764212642,0.0017184605212336253,0.01,0.01,0.01058191619047619,0.011124869020501173,0
3d_or_5d,opening_15_30m,trend_10d_30d,0.5,30,development_2024,-inf,9,8,0.03115957650481671,-0.02213837087489534,1.7497000539543934,0.5555555555555556,35.01417080573766,6.672159350621333,0.0016080280616854294,0.01,0.01,0.01062187969465649,0.011124869020501173,0
3d_or_5d,opening_15_30m,trend_10d_30d,0.5,30,evaluation_2025,-inf,10,9,0.025830939527088814,-0.011091450602410013,1.8132565215681582,0.7,25.990071365558908,5.770695636444822,0.001816058423126202,0.01,0.01,0.01055198707319676,0.011091450602409639,0
3d_or_5d,opening_15_30m,trend_10d_30d,0.75,5,all,0.5189301080336722,20,17,0.012531536571498414,-0.019717408194275143,1.4327774754835865,0.5,6.339933961776936,4.15890397274174,0.002583016019944317,0.01,0.01,0.010387145973017028,0.010749912680334114,0
3d_or_5d,opening_15_30m,trend_10d_30d,0.75,5,development_2024,-inf,9,8,0.0328976001770771,-0.0011514821374049022,27.90570039329132,0.7777777777777778,36.11749109359078,4.577812048140599,0.002114995395397313,0.01,0.01,0.010472814268142719,0.010749912680334114,0
3d_or_5d,opening_15_30m,trend_10d_30d,0.75,5,evaluation_2025,-inf,11,9,-0.019717408194275254,-0.015560310658826237,0.29421881260692906,0.2727272727272727,-18.023521873343483,3.8161610019608556,0.002851873589967788,0.01,0.01,0.010350646677860394,0.010727633734939759,0
3d_or_5d,opening_15_30m,trend_10d_30d,0.75,10,all,-inf,17,17,0.0103931464971867,-0.01066995334117582,1.326944001512074,0.5294117647058824,6.239687306631969,4.160285077433247,0.002577690781850438,0.01,0.01,0.010387944126984128,0.010749912680334114,0
3d_or_5d,opening_15_30m,trend_10d_30d,0.75,10,development_2024,-inf,8,8,0.016739481915611032,-0.01066995334117582,2.563006329639485,0.5,20.930284749877917,4.5143796977522825,0.0022635187439627286,0.01,0.01,0.010443700365623521,0.010749912680334114,0
3d_or_5d,opening_15_30m,trend_10d_30d,0.75,10,evaluation_2025,-inf,9,9,-0.006241850081859179,-0.006485251226358124,0.7176094704605953,0.5555555555555556,-6.818621531808876,3.845534303816325,0.0028585050295244357,0.01,0.01,0.010349833213400491,0.010727633734939759,0
3d_or_5d,opening_15_30m,trend_10d_30d,0.75,15,all,-inf,17,17,-0.0036450052535598187,-0.0207658196901761,0.9272772666086164,0.5294117647058824,-1.959086069106452,4.160285077433247,0.002577690781850438,0.01,0.01,0.010387944126984128,0.010749912680334114,0
3d_or_5d,opening_15_30m,trend_10d_30d,0.75,15,development_2024,-inf,8,8,0.010260533555567442,-0.01019542402434559,1.5983175084133632,0.625,12.950426262809035,4.5143796977522825,0.0022635187439627286,0.01,0.01,0.010443700365623521,0.010749912680334114,0
3d_or_5d,opening_15_30m,trend_10d_30d,0.75,15,evaluation_2025,-inf,9,9,-0.01376430964811326,-0.01208305645426866,0.5192960380011997,0.4444444444444444,-15.211985919698002,3.845534303816325,0.0028585050295244357,0.01,0.01,0.010349833213400491,0.010727633734939759,0
3d_or_5d,opening_15_30m,trend_10d_30d,0.75,30,all,-inf,17,17,0.03421440806816278,-0.020757633965149402,1.7407037610242635,0.6470588235294118,20.16567265982591,4.160285077433247,0.002577690781850438,0.01,0.01,0.010387944126984128,0.010749912680334114,0
3d_or_5d,opening_15_30m,trend_10d_30d,0.75,30,development_2024,-inf,8,8,0.021667797814794554,-0.02038633321728134,1.9296808763370716,0.625,27.286195181700243,4.5143796977522825,0.0022635187439627286,0.01,0.01,0.010443700365623521,0.010749912680334114,0
3d_or_5d,opening_15_30m,trend_10d_30d,0.75,30,evaluation_2025,-inf,9,9,0.012280518462266743,-0.010727633734939679,1.5461111833527523,0.6666666666666666,13.836319307048724,3.845534303816325,0.0028585050295244357,0.01,0.01,0.010349833213400491,0.010727633734939759,0
3d_or_5d,opening_15_30m,trend_10d_30d,1.0,5,all,0.5197636859636191,20,17,0.00942671698869546,-0.014808426210795145,1.4327774754835865,0.5,4.7549504713327,3.119177979556305,0.003444021359925756,0.01,0.01,0.01029035947976277,0.010562434510250586,0
3d_or_5d,opening_15_30m,trend_10d_30d,1.0,5,development_2024,-inf,9,8,0.02459942192387854,-0.0008636116030537044,27.905700393291315,0.7777777777777778,27.088118320193082,3.4333590361054487,0.002819993860529751,0.01,0.01,0.010354610701107039,0.010562434510250586,0
3d_or_5d,opening_15_30m,trend_10d_30d,1.0,5,evaluation_2025,-inf,11,9,-0.014808426210795145,-0.011686519869567369,0.2942188126069291,0.2727272727272727,-13.517641405007613,2.862120751470642,0.003802498119957051,0.01,0.01,0.010262985008395295,0.01054572530120482,0
3d_or_5d,opening_15_30m,trend_10d_30d,1.0,10,all,-inf,17,17,0.007355218401799757,-0.008116268551959016,1.3016556021810097,0.5294117647058824,4.401681503623661,3.1202138080749346,0.0034369210424672505,0.01,0.01,0.010290958095238096,0.010562434510250586,0
3d_or_5d,opening_15_30m,trend_10d_30d,1.0,10,development_2024,-inf,8,8,0.012555615953328214,-0.008009101238182437,2.563006329639485,0.5,15.69771356240844,3.385784773314212,0.003018024991950305,0.01,0.01,0.01033277527421764,0.010562434510250586,0
3d_or_5d,opening_15_30m,trend_10d_30d,1.0,10,evaluation_2025,-inf,9,9,-0.005135913000326675,-0.004860848417610031,0.6973818273816768,0.5555555555555556,-5.639235881962812,2.8841507278622442,0.003811340039365914,0.01,0.01,0.01026237491005037,0.01054572530120482,0
3d_or_5d,opening_15_30m,trend_10d_30d,1.0,15,all,-inf,17,17,-0.003799089643473641,-0.01694834255208011,0.8981052389251349,0.5294117647058824,-2.1255866992428736,3.1202138080749346,0.0034369210424672505,0.01,0.01,0.010290958095238096,0.010562434510250586,0
3d_or_5d,opening_15_30m,trend_10d_30d,1.0,15,development_2024,-inf,8,8,0.007714271516982452,-0.0076505319796537075,1.5983175084133632,0.625,9.71281969710678,3.385784773314212,0.003018024991950305,0.01,0.01,0.01033277527421764,0.010562434510250586,0
3d_or_5d,opening_15_30m,trend_10d_30d,1.0,15,evaluation_2025,-inf,9,9,-0.011425223881293523,-0.007679842405761805,0.49351946401598895,0.4444444444444444,-12.648614607109234,2.8841507278622442,0.003811340039365914,0.01,0.01,0.01026237491005037,0.01054572530120482,0
3d_or_5d,opening_15_30m,trend_10d_30d,1.0,30,all,-inf,17,17,0.022487757026823596,-0.01640260549166661,1.5954322011780067,0.6470588235294118,13.32213260137741,3.1202138080749346,0.0034369210424672505,0.01,0.01,0.010290958095238096,0.010562434510250586,0
3d_or_5d,opening_15_30m,trend_10d_30d,1.0,30,development_2024,-inf,8,8,0.018248438098653175,-0.013656700930891219,2.1490145015345994,0.625,22.88513736260524,3.385784773314212,0.003018024991950305,0.01,0.01,0.01033277527421764,0.010562434510250586,0
3d_or_5d,opening_15_30m,trend_10d_30d,1.0,30,evaluation_2025,-inf,9,9,0.0041633443956821115,-0.010545725301205122,1.1963416681092458,0.6666666666666666,4.821683924730456,2.8841507278622442,0.003811340039365914,0.01,0.01,0.01026237491005037,0.01054572530120482,0
3d_or_5d,opening_15_30m,trend_10d_30d,1.25,5,all,0.5202586584135378,20,17,0.007554780139327644,-0.011856510321676561,1.432777475483586,0.5,3.803960377066159,2.495342383645044,0.004305026699907195,0.01,0.01,0.010232287583810217,0.010449947608200469,0
3d_or_5d,opening_15_30m,trend_10d_30d,1.25,5,development_2024,-inf,9,8,0.01964420214651552,-0.0006908892824429858,27.90570039329132,0.7777777777777778,21.670494656154464,2.746687228884359,0.0035249923256621884,0.01,0.01,0.01028368856088563,0.010449947608200469,0
3d_or_5d,opening_15_30m,trend_10d_30d,1.25,5,evaluation_2025,-inf,11,9,-0.011856510321676783,-0.009357040474295086,0.2942188126069291,0.2727272727272727,-10.814113124006091,2.2896966011765136,0.004753122649946313,0.01,0.01,0.010210388006716236,0.010436580240963856,0
3d_or_5d,opening_15_30m,trend_10d_30d,1.25,10,all,-inf,17,17,0.005904708656568447,-0.0064930148415673905,1.3016556021810097,0.5294117647058824,3.521345202898927,2.4961710464599474,0.004296151303084063,0.01,0.01,0.010232766476190477,0.010449947608200469,0
3d_or_5d,opening_15_30m,trend_10d_30d,1.25,10,development_2024,-inf,8,8,0.01004494555539992,-0.0064104676265137606,2.5630063296394847,0.5,12.55817084992675,2.70862781865137,0.0037725312399378807,0.01,0.01,0.010266220219374112,0.010449947608200469,0
3d_or_5d,opening_15_30m,trend_10d_30d,1.25,10,evaluation_2025,-inf,9,9,-0.004099062043773527,-0.0038871914986365885,0.6973818273816764,0.5555555555555556,-4.511388705570251,2.3073205822897958,0.004764175049207393,0.01,0.01,0.010209899928040295,0.010436580240963856,0
3d_or_5d,opening_15_30m,trend_10d_30d,1.25,15,all,-inf,17,17,-0.004167458692489245,-0.014716702506699986,0.8630632985739373,0.5294117647058824,-2.378052283534915,2.4961710464599474,0.004296151303084063,0.01,0.01,0.010232766476190477,0.010449947608200469,0
3d_or_5d,opening_15_30m,trend_10d_30d,1.25,15,development_2024,-inf,8,8,0.006180435191914135,-0.006122328285192213,1.598317508413363,0.625,7.770255757685423,2.70862781865137,0.0037725312399378807,0.01,0.01,0.010266220219374112,0.010449947608200469,0
3d_or_5d,opening_15_30m,trend_10d_30d,1.25,15,evaluation_2025,-inf,9,9,-0.010284332235529492,-0.006143865258238956,0.46380717309988445,0.4444444444444444,-11.398770542397436,2.3073205822897958,0.004764175049207393,0.01,0.01,0.010209899928040295,0.010436580240963856,0
3d_or_5d,opening_15_30m,trend_10d_30d,1.25,30,all,-inf,17,17,0.01829704104600327,-0.01488401738716627,1.6100693686765806,0.6470588235294118,10.820427182919122,2.4961710464599474,0.004296151303084063,0.01,0.01,0.010232766476190477,0.010449947608200469,0
3d_or_5d,opening_15_30m,trend_10d_30d,1.25,30,development_2024,-inf,8,8,0.01484324226340994,-0.010702279088178779,2.188397231946186,0.625,18.594856086866425,2.70862781865137,0.0037725312399378807,0.01,0.01,0.010266220219374112,0.010449947608200469,0
3d_or_5d,opening_15_30m,trend_10d_30d,1.25,30,evaluation_2025,-inf,9,9,0.0034032830281163218,-0.006389351325300829,1.199545767945633,0.6666666666666666,3.90982371274374,2.3073205822897958,0.004764175049207393,0.01,0.01,0.010209899928040295,0.010436580240963856,0
3d_or_5d,postopen_30_45m,none,0.0,5,all,-1.0431153985940733,61,47,-0.15361103340666993,-0.1472617829376397,0.561561136617154,0.3442622950819672,-26.76089696766866,11.86631685868629,0.0009075454428457253,0.01,0.01,0.011101873198618432,0.012196349677592677,0
3d_or_5d,postopen_30_45m,none,0.0,5,development_2024,-0.9253380517716947,29,23,-0.09000143787845949,-0.09562851194091171,0.5234106057958744,0.3103448275862069,-31.89490804295764,12.068318379462262,0.000846812735899958,0.01,0.01,0.01118089863036512,0.01205356570783987,0
3d_or_5d,postopen_30_45m,none,0.0,5,evaluation_2025,-0.8727645328646961,32,24,-0.06990076487584007,-0.08009120701365247,0.6030998876072925,0.375,-22.108199430688032,11.683252980483068,0.0009321089085701458,0.01,0.01,0.01107298985234748,0.012196349677592677,0
3d_or_5d,postopen_30_45m,none,0.0,10,all,-0.9611062357564785,61,47,-0.11726211925753616,-0.12200744818312426,0.716071609037071,0.36065573770491804,-19.630717770919045,11.86631685868629,0.0009075454428457253,0.01,0.01,0.011101873198618432,0.012196349677592677,0
3d_or_5d,postopen_30_45m,none,0.0,10,development_2024,-0.7856697340739465,29,23,-0.09749626883150331,-0.12200744818312426,0.5523841381525156,0.3103448275862069,-34.56959935792343,12.068318379462262,0.000846812735899958,0.01,0.01,0.01118089863036512,0.01205356570783987,0
3d_or_5d,postopen_30_45m,none,0.0,10,evaluation_2025,-0.3099496013910142,32,24,-0.021901128763691102,-0.07066029014201547,0.9014299326743062,0.40625,-6.092356332696314,11.683252980483068,0.0009321089085701458,0.01,0.01,0.01107298985234748,0.012196349677592677,0
3d_or_5d,postopen_30_45m,none,0.0,15,all,-0.9975598511850361,61,47,-0.1281021797730163,-0.1284155327831601,0.7146817020645956,0.29508196721311475,-21.56121841828775,11.86631685868629,0.0009075454428457253,0.01,0.01,0.011101873198618432,0.012196349677592677,0
3d_or_5d,postopen_30_45m,none,0.0,15,development_2024,-0.9714738221196543,29,23,-0.12441587649375896,-0.1259166244532951,0.4626838219985299,0.20689655172413793,-44.99458292096302,12.068318379462262,0.000846812735899958,0.01,0.01,0.01118089863036512,0.01205356570783987,0
3d_or_5d,postopen_30_45m,none,0.0,15,evaluation_2025,-0.0617350617954329,32,24,-0.004210107493150539,-0.06819637610635709,0.995236055837249,0.375,-0.32473183773829256,11.683252980483068,0.0009321089085701458,0.01,0.01,0.01107298985234748,0.012196349677592677,0
3d_or_5d,postopen_30_45m,none,0.0,30,all,-0.8461936762363272,61,47,-0.090455224192171,-0.10689659676316043,0.8063913205706941,0.32786885245901637,-14.56045177988131,11.86631685868629,0.0009075454428457253,0.01,0.01,0.011101873198618432,0.012196349677592677,0
3d_or_5d,postopen_30_45m,none,0.0,30,development_2024,-0.8255124495273648,29,23,-0.08975303321975658,-0.10689659676316043,0.6102199227561093,0.27586206896551724,-31.528395282669095,12.068318379462262,0.000846812735899958,0.01,0.01,0.01118089863036512,0.01205356570783987,0
3d_or_5d,postopen_30_45m,none,0.0,30,evaluation_2025,-0.011311877779135626,32,24,-0.0007714290714950778,-0.0681963761063572,1.0116584561789297,0.375,0.8167470195201204,11.683252980483068,0.0009321089085701458,0.01,0.01,0.01107298985234748,0.012196349677592677,0
3d_or_5d,postopen_30_45m,none,0.25,5,all,-1.0210774800783449,61,47,-0.12763690428978136,-0.1250021734687441,0.6027787313426746,0.36065573770491804,-21.863656640171477,11.110950056748159,0.0009611052931702343,0.01,0.01,0.011040468726065872,0.012016319073083898,0
3d_or_5d,postopen_30_45m,none,0.25,5,development_2024,-0.9185525330403279,29,23,-0.08056844826789589,-0.08623813816380099,0.5390038102478186,0.3103448275862069,-28.406519590959594,11.570685000408842,0.0008797490693042681,0.01,0.01,0.01113668776119403,0.011891414025974026,0
3d_or_5d,postopen_30_45m,none,0.25,5,evaluation_2025,-0.784514131982538,32,24,-0.051192996295606585,-0.06525439658586807,0.6753417268113046,0.40625,-15.93418709101976,10.694315264055666,0.0010080565769161024,0.01,0.01,0.010992123126665511,0.012016319073083898,0
3d_or_5d,postopen_30_45m,none,0.25,10,all,-0.6979229321002032,61,47,-0.08482267656746034,-0.1215358783414815,0.7827346370233393,0.39344262295081966,-13.761169515972949,11.110950056748159,0.0009611052931702343,0.01,0.01,0.011040468726065872,0.012016319073083898,0
3d_or_5d,postopen_30_45m,none,0.25,10,development_2024,-0.7849942201660878,29,23,-0.09703593423636592,-0.1215358783414815,0.5276914027965834,0.3448275862068966,-34.473168730263154,11.570685000408842,0.0008797490693042681,0.01,0.01,0.01113668776119403,0.011891414025974026,0
3d_or_5d,postopen_30_45m,none,0.25,10,evaluation_2025,0.1899074202421399,32,24,0.013525740538275599,-0.07122281225783444,1.091754436883059,0.4375,5.009079771977551,10.694315264055666,0.0010080565769161024,0.01,0.01,0.010992123126665511,0.012016319073083898,0
3d_or_5d,postopen_30_45m,none,0.25,15,all,-0.7539211624502031,61,47,-0.08822667841454179,-0.11702374572934104,0.7948186887355991,0.3442622950819672,-14.281856998186877,11.110950056748159,0.0009611052931702343,0.01,0.01,0.011040468726065872,0.012016319073083898,0
3d_or_5d,postopen_30_45m,none,0.25,15,development_2024,-0.9702914974520369,29,23,-0.1154882629366547,-0.11702374572934104,0.47721639269389426,0.2413793103448276,-41.55925123750619,11.570685000408842,0.0008797490693042681,0.01,0.01,0.01113668776119403,0.011891414025974026,0
3d_or_5d,postopen_30_45m,none,0.25,15,evaluation_2025,0.4518137782370997,32,24,0.030821054577097495,-0.06821627861229906,1.1721262508887762,0.4375,10.438281531196251,10.694315264055666,0.0010080565769161024,0.01,0.01,0.010992123126665511,0.012016319073083898,0
3d_or_5d,postopen_30_45m,none,0.25,30,all,-0.41992147907738886,61,47,-0.03342739408967765,-0.07960391586332072,0.9334416712552205,0.3770491803278688,-4.608672138121407,11.110950056748159,0.0009611052931702343,0.01,0.01,0.011040468726065872,0.012016319073083898,0
3d_or_5d,postopen_30_45m,none,0.25,30,development_2024,-0.750645383901672,29,23,-0.06077582720976982,-0.07960391586332072,0.7301045465459475,0.3103448275862069,-20.685934317409227,11.570685000408842,0.0008797490693042681,0.01,0.01,0.01113668776119403,0.011891414025974026,0
3d_or_5d,postopen_30_45m,none,0.25,30,evaluation_2025,0.4330398053381782,32,24,0.029118110364265704,-0.06724118661915202,1.1592926818501477,0.4375,9.961346711858171,10.694315264055666,0.0010080565769161024,0.01,0.01,0.010992123126665511,0.012016319073083898,0
3d_or_5d,postopen_30_45m,none,0.5,5,all,-1.0132174744136906,59,47,-0.09461525037265739,-0.09338098953278273,0.588720639535536,0.3898305084745763,-16.53804766882317,7.055451159421974,0.0015405918055387358,0.01,0.010000000000000002,0.010649101206695245,0.011274093200468835,0
3d_or_5d,postopen_30_45m,none,0.5,5,development_2024,-0.7685595094449772,29,23,-0.05577670707196969,-0.07135324718732217,0.5681241231928218,0.3103448275862069,-19.435681347484696,7.560173676220709,0.0012137784817561397,0.01,0.010000000000000002,0.010823873560975611,0.011170181345654145,0
3d_or_5d,postopen_30_45m,none,0.5,5,evaluation_2025,-0.8537556978313307,30,24,-0.04113279516781376,-0.04817864791098592,0.6139040546320091,0.4666666666666667,-13.737001779450361,6.5675527265165305,0.001839772634802326,0.01,0.01,0.010543837818799175,0.011274093200468835,0
3d_or_5d,postopen_30_45m,none,0.5,10,all,-0.9696748819500723,58,47,-0.11657149641590958,-0.12021709398254965,0.5870214727714222,0.41379310344827586,-20.92558600679599,7.086636857910384,0.0014897305848430543,0.01,0.010000000000000002,0.01067204566610913,0.011274093200468835,0
3d_or_5d,postopen_30_45m,none,0.5,10,development_2024,-0.8814592748822635,28,23,-0.08605334606539938,-0.09431567958867504,0.4753711446028342,0.39285714285714285,-31.604947801413125,7.642798427260941,0.001212985254055366,0.01,0.010000000000000002,0.01082441268292683,0.011170181345654145,0
3d_or_5d,postopen_30_45m,none,0.5,10,evaluation_2025,-0.5741617038407489,30,24,-0.03339161013296277,-0.05815715313228964,0.7374374500496814,0.43333333333333335,-10.958181665153328,6.5675527265165305,0.001839772634802326,0.01,0.01,0.010543837818799175,0.011274093200468835,0
3d_or_5d,postopen_30_45m,none,0.5,15,all,-0.863000146669451,58,47,-0.11269617244354901,-0.13058650439223418,0.6464042189056315,0.39655172413793105,-20.074913814233696,7.086636857910384,0.0014897305848430543,0.01,0.010000000000000002,0.01067204566610913,0.011274093200468835,0
3d_or_5d,postopen_30_45m,none,0.5,15,development_2024,-0.9572271695316537,28,23,-0.1133846266364632,-0.11443465000538589,0.4019750283319658,0.25,-42.39283372824304,7.642798427260941,0.001212985254055366,0.01,0.010000000000000002,0.01082441268292683,0.011170181345654145,0
3d_or_5d,postopen_30_45m,none,0.5,15,evaluation_2025,0.01871688624245337,30,24,0.000776497017305644,-0.04148644209550223,1.0173197769830615,0.5333333333333333,0.7551447721750283,6.5675527265165305,0.001839772634802326,0.01,0.01,0.010543837818799175,0.011274093200468835,0
3d_or_5d,postopen_30_45m,none,0.5,30,all,-0.9235780002685967,58,47,-0.12202921642737985,-0.1321265950378756,0.6633575320657048,0.3620689655172414,-21.77444639269084,7.086636857910384,0.0014897305848430543,0.01,0.010000000000000002,0.01067204566610913,0.011274093200468835,0
3d_or_5d,postopen_30_45m,none,0.5,30,development_2024,-0.8373630135610595,28,23,-0.08680650594049044,-0.10015136893888699,0.5586250988899879,0.2857142857142857,-31.733706619567094,7.642798427260941,0.001212985254055366,0.01,0.010000000000000002,0.01082441268292683,0.011170181345654145,0
3d_or_5d,postopen_30_45m,none,0.5,30,evaluation_2025,-0.5312625017655518,30,24,-0.03857091702472626,-0.07260237057300867,0.784642431225672,0.43333333333333335,-12.479136847606341,6.5675527265165305,0.001839772634802326,0.01,0.01,0.010543837818799175,0.011274093200468835,0
3d_or_5d,postopen_30_45m,none,0.75,5,all,-0.9589932849931736,54,47,-0.042567760792066256,-0.044387965440622734,0.6919127152165349,0.42592592592592593,-7.9016239253336344,4.644497639658683,0.0023174351165132327,0.01,0.01,0.01043151498618346,0.010849395466979224,0
3d_or_5d,postopen_30_45m,none,0.75,5,development_2024,-0.4867653186781631,26,23,-0.02320912782449036,-0.044387965440622734,0.694416875881084,0.34615384615384615,-8.850603958059015,5.007209150326817,0.0018774809973157035,0.01,0.01,0.010533116729726072,0.010780120897102764,0
3d_or_5d,postopen_30_45m,none,0.75,5,evaluation_2025,-0.7452498886035467,28,24,-0.01981860551630721,-0.025691505942082582,0.6889285865218469,0.5,-7.0204281806600655,4.307694094038271,0.0027596589522034887,0.01,0.01,0.010362558545866117,0.010849395466979224,0
3d_or_5d,postopen_30_45m,none,0.75,10,all,-1.0273335968714699,52,47,-0.06599531856339724,-0.06423942404334115,0.6022271129894853,0.4423076923076923,-12.922184362366298,4.626418792164617,0.0023174351165132327,0.01,0.01,0.01043151498618346,0.010849395466979224,0
3d_or_5d,postopen_30_45m,none,0.75,10,development_2024,-0.9476196987420199,25,23,-0.06668472148007631,-0.06423942404334115,0.32242226473574986,0.4,-27.382899770146004,5.06745990558811,0.0018206677226342096,0.01,0.01,0.010549249040650407,0.010780120897102764,0
3d_or_5d,postopen_30_45m,none,0.75,10,evaluation_2025,0.02594757771033929,27,24,0.000738660271128122,-0.027006554136784988,1.0185854672128174,0.48148148148148145,0.46736694113343297,4.218047390846567,0.002823647795587593,0.01,0.01,0.010354151817929511,0.010849395466979224,0
3d_or_5d,postopen_30_45m,none,0.75,15,all,-1.008116055271394,51,47,-0.08755270068087961,-0.08684783882080882,0.5488326565312349,0.4117647058823529,-17.700589587830432,4.659675461844361,0.0023108877083081038,0.01,0.01,0.01043273413779683,0.010849395466979224,0
3d_or_5d,postopen_30_45m,none,0.75,15,development_2024,-0.9372663907595545,25,23,-0.08916875084453235,-0.08684783882080882,0.2777038521003909,0.24,-37.05139940927718,5.06745990558811,0.0018206677226342096,0.01,0.01,0.010549249040650407,0.010780120897102764,0
3d_or_5d,postopen_30_45m,none,0.75,15,evaluation_2025,0.058705746322468284,26,24,0.0017742585853877113,-0.028135999554998015,1.0327853230190107,0.5769230769230769,0.9059583174068201,4.267575035167678,0.0027596589522034887,0.01,0.01,0.010362558545866117,0.010849395466979224,0
3d_or_5d,postopen_30_45m,none,0.75,30,all,-1.1029179319152862,51,47,-0.09317141147095265,-0.08447719342921067,0.6392404681594304,0.43137254901960786,-18.721309101177308,4.659675461844361,0.0023108877083081038,0.01,0.01,0.01043273413779683,0.010849395466979224,0
3d_or_5d,postopen_30_45m,none,0.75,30,development_2024,-0.72820730428315,25,23,-0.059792257375726576,-0.07495477349241664,0.5779547174913313,0.36,-24.15628269579982,5.06745990558811,0.0018206677226342096,0.01,0.01,0.010549249040650407,0.010780120897102764,0
3d_or_5d,postopen_30_45m,none,0.75,30,evaluation_2025,-0.6247500050306473,26,24,-0.035501892381846645,-0.05290190137240991,0.711375406793548,0.5,-13.495372952501814,4.267575035167678,0.0027596589522034887,0.01,0.01,0.010362558545866117,0.010849395466979224,0
3d_or_5d,postopen_30_45m,none,1.0,5,all,-1.0230007189680728,54,47,-0.041668930511305824,-0.04073206375977756,0.631150279501525,0.42592592592592593,-7.778069795852013,3.4833732297440116,0.0030899134886843097,0.01,0.010000000000000002,0.010323636239637597,0.010637046600234418,0
3d_or_5d,postopen_30_45m,none,1.0,5,development_2024,-0.5424098624855086,26,23,-0.022317273418113737,-0.03830360086066098,0.63793987801733,0.34615384615384615,-8.561029891621123,3.7554068627451134,0.002503307996420938,0.01,0.010000000000000002,0.010399837547294555,0.010585090672827074,0
3d_or_5d,postopen_30_45m,none,1.0,5,evaluation_2025,-0.8274444274535663,28,24,-0.019793391625981482,-0.0231099906829747,0.6231835197030485,0.5,-7.0510354212092645,3.2307705705287044,0.003679545269604652,0.01,0.01,0.010271918909399588,0.010637046600234418,0
3d_or_5d,postopen_30_45m,none,1.0,10,all,-1.0546113457858182,52,47,-0.05933955268361768,-0.05626674975642543,0.5578829320180734,0.4423076923076923,-11.628308079726706,3.469814094123462,0.0030899134886843097,0.01,0.010000000000000002,0.010323636239637597,0.010637046600234418,0
3d_or_5d,postopen_30_45m,none,1.0,10,development_2024,-0.9039593389694882,25,23,-0.05435650222534161,-0.05489237021405502,0.30553213346164515,0.4,-22.21272603699513,3.8005949291910834,0.0024275569635122795,0.01,0.010000000000000002,0.010411936780487806,0.010585090672827074,0
3d_or_5d,postopen_30_45m,none,1.0,10,evaluation_2025,-0.24368360593919208,27,24,-0.005269481014782307,-0.020514587384125038,0.9131159374939604,0.48148148148148145,-1.8279210822559426,3.163535543134926,0.0037648637274501242,0.01,0.01,0.010265613863447133,0.010637046600234418,0
3d_or_5d,postopen_30_45m,none,1.0,15,all,-0.8917060450203446,50,47,-0.05945593147859207,-0.0666766047069195,0.5849202220135695,0.44,-12.096166630800294,3.4821565478231316,0.0030899134886843097,0.01,0.010000000000000002,0.010323636239637597,0.010637046600234418,0
3d_or_5d,postopen_30_45m,none,1.0,15,development_2024,-0.9060774265810061,24,23,-0.06434704131886293,-0.06351967472929931,0.28791471618153786,0.25,-27.52513123983426,3.7870880918911176,0.002503307996420938,0.01,0.010000000000000002,0.010399837547294555,0.010585090672827074,0
3d_or_5d,postopen_30_45m,none,1.0,15,evaluation_2025,0.3799255149438545,26,24,0.005227482898322755,-0.012809146906539226,1.1053951270871694,0.6153846153846154,2.1459545467695187,3.20068127637576,0.003679545269604652,0.01,0.01,0.010271918909399588,0.010637046600234418,0
3d_or_5d,postopen_30_45m,none,1.0,30,all,-0.8756227885442032,50,47,-0.041682481803236304,-0.04760324005789862,0.7837024734982365,0.48,-8.205930927981276,3.4821565478231316,0.0030899134886843097,0.01,0.010000000000000002,0.010323636239637597,0.010637046600234418,0
3d_or_5d,postopen_30_45m,none,1.0,30,development_2024,-0.7066954107811806,24,23,-0.03761177167436425,-0.04760324005789862,0.6422254568153114,0.4166666666666667,-15.646756588166891,3.7870880918911176,0.002503307996420938,0.01,0.010000000000000002,0.010399837547294555,0.010585090672827074,0
3d_or_5d,postopen_30_45m,none,1.0,30,evaluation_2025,-0.17348919580917668,26,24,-0.004229800416359675,-0.022697262914380678,0.9589587136884217,0.5384615384615384,-1.3374764724253254,3.20068127637576,0.003679545269604652,0.01,0.01,0.010271918909399588,0.010637046600234418,0
3d_or_5d,postopen_30_45m,none,1.25,5,all,-0.9709959090734908,54,47,-0.03051791091778011,-0.03142949484401003,0.6522599798712808,0.42592592592592593,-5.676479650527716,2.7866985837952094,0.0038623918608553876,0.01,0.01,0.010258908991710076,0.010509637280187535,0
3d_or_5d,postopen_30_45m,none,1.25,5,development_2024,-0.5494136877692702,26,23,-0.018548586904317044,-0.03142949484401003,0.6288917237971592,0.34615384615384615,-7.120980858639943,3.00432549019609,0.0031291349955261723,0.01,0.01,0.010319870037835643,0.01046807253826166,0
3d_or_5d,postopen_30_45m,none,1.25,5,evaluation_2025,-0.7613344503151872,28,24,-0.012195533934491576,-0.01547546563734159,0.6827320628839215,0.5,-4.3351571001377875,2.5846164564229634,0.004599431587005815,0.01,0.01,0.010217535127519668,0.010509637280187535,0
3d_or_5d,postopen_30_45m,none,1.25,10,all,-1.0535147532944071,52,47,-0.048578585513913475,-0.046110968415017606,0.5337389366306851,0.4423076923076923,-9.491075041098734,2.7758693111901938,0.0038623918608553876,0.01,0.01,0.010258908991710076,0.010509637280187535,0
3d_or_5d,postopen_30_45m,none,1.25,10,development_2024,-0.9038597060129047,25,23,-0.04474409300246607,-0.045190178832557715,0.30034940696622664,0.4,-18.21172199916406,3.040475943352866,0.0030344462043903494,0.01,0.01,0.010329549424390244,0.01046807253826166,0
3d_or_5d,postopen_30_45m,none,1.25,10,evaluation_2025,-0.23170210147916187,27,24,-0.004014099764637624,-0.01643536842829496,0.9062108463008558,0.48148148148148145,-1.4164019317789873,2.530863170298831,0.004706079659312655,0.01,0.01,0.010212491090757704,0.010509637280187535,0
3d_or_5d,postopen_30_45m,none,1.25,15,all,-0.6263430662933751,49,47,-0.030861445837909285,-0.04927243151352134,0.6969038391782195,0.4489795918367347,-6.296317082816219,2.805160393030262,0.0038514795138468397,0.01,0.01,0.010259640482678098,0.010509637280187535,0
3d_or_5d,postopen_30_45m,none,1.25,15,development_2024,-0.9074665735261018,24,23,-0.04650659359379061,-0.04583834058971248,0.3109721129157335,0.25,-19.72725204194492,3.029670473512894,0.0031291349955261723,0.01,0.01,0.010319870037835643,0.01046807253826166,0
3d_or_5d,postopen_30_45m,none,1.25,15,evaluation_2025,1.4252256323292203,25,24,0.016408239061504126,-0.010509637280187056,1.4986533036309861,0.64,6.597380477947334,2.5896307157669356,0.004492783514698975,0.01,0.01,0.010222579164281634,0.010509637280187535,0
3d_or_5d,postopen_30_45m,none,1.25,30,all,-0.6191028773919653,49,47,-0.03082178751719611,-0.049784597427548816,0.7978069034956835,0.4897959183673469,-6.172419076255651,2.805160393030262,0.0038514795138468397,0.01,0.01,0.010259640482678098,0.010509637280187535,0
3d_or_5d,postopen_30_45m,none,1.25,30,development_2024,-0.696921736048747,24,23,-0.03879127157226436,-0.049784597427548816,0.5805037540619394,0.4166666666666667,-16.237360761606542,3.029670473512894,0.0031291349955261723,0.01,0.01,0.010319870037835643,0.01046807253826166,0
3d_or_5d,postopen_30_45m,none,1.25,30,evaluation_2025,0.3861755251877423,25,24,0.008291106623744104,-0.019599145243161087,1.153910239396415,0.56,3.4899249416812017,2.5896307157669356,0.004492783514698975,0.01,0.01,0.010222579164281634,0.010509637280187535,0
3d_or_5d,postopen_30_45m,poc_migration,0.0,5,all,-inf,9,8,0.010872746240750741,-0.010929195251985657,1.3906551115296617,0.4444444444444444,12.431106084405165,11.963483549594498,0.0009156544454298054,0.01,0.01,0.011092115049504952,0.011750055638350809,0
3d_or_5d,postopen_30_45m,poc_migration,0.0,5,development_2024,-inf,4,3,-0.005525425103341197,-0.010929195251985657,0.6723686984039204,0.25,-13.521667282860163,12.257036976605562,0.0008458746069638543,0.01,0.01,0.011276880461735542,0.011703815425709516,0
3d_or_5d,postopen_30_45m,poc_migration,0.0,5,evaluation_2025,-inf,5,5,0.016489281634772368,-0.007010802927027271,2.368157576703158,0.6,33.19332477821743,11.728640807985647,0.0009156544454298054,0.01,0.01,0.011092115049504952,0.011750055638350809,0
3d_or_5d,postopen_30_45m,poc_migration,0.0,10,all,-inf,9,8,-0.010599210499928624,-0.0214580898040162,0.8213259675071509,0.4444444444444444,-11.124956229887744,11.963483549594498,0.0009156544454298054,0.01,0.01,0.011092115049504952,0.011750055638350809,0
3d_or_5d,postopen_30_45m,poc_migration,0.0,10,development_2024,-inf,4,3,-0.02930412565650753,-0.0214580898040162,0.11206643126637271,0.25,-73.87218625394448,12.257036976605562,0.0008458746069638543,0.01,0.01,0.011276880461735542,0.011703815425709516,0
3d_or_5d,postopen_30_45m,poc_migration,0.0,10,evaluation_2025,-inf,5,5,0.01926959375327475,-0.01359530220205718,1.8583913540200871,0.6,39.07282778935764,11.728640807985647,0.0009156544454298054,0.01,0.01,0.011092115049504952,0.011750055638350809,0
3d_or_5d,postopen_30_45m,poc_migration,0.0,15,all,-inf,9,8,-0.014858009460342214,-0.02675487842455071,0.7679161699055295,0.3333333333333333,-15.84630257622525,11.963483549594498,0.0009156544454298054,0.01,0.01,0.011092115049504952,0.011750055638350809,0
3d_or_5d,postopen_30_45m,poc_migration,0.0,15,development_2024,-inf,4,3,-0.0381455596914404,-0.02675487842455071,0.0,0.0,-96.72797272931113,12.257036976605562,0.0008458746069638543,0.01,0.01,0.011276880461735542,0.011703815425709516,0
3d_or_5d,postopen_30_45m,poc_migration,0.0,15,evaluation_2025,-inf,5,5,0.024211096040298807,-0.011750055638349743,2.073384608556438,0.6,48.85903354624345,11.728640807985647,0.0009156544454298054,0.01,0.01,0.011092115049504952,0.011750055638350809,0
3d_or_5d,postopen_30_45m,poc_migration,0.0,30,all,-inf,9,8,0.01194902541141607,-0.0214580898040162,1.2283939011727394,0.4444444444444444,14.220713095629753,11.963483549594498,0.0009156544454298054,0.01,0.01,0.011092115049504952,0.011750055638350809,0
3d_or_5d,postopen_30_45m,poc_migration,0.0,30,development_2024,-inf,4,3,-0.02136254678183247,-0.0214580898040162,0.35882931420030184,0.25,-53.34259452485418,12.257036976605562,0.0008458746069638543,0.01,0.01,0.011276880461735542,0.011703815425709516,0
3d_or_5d,postopen_30_45m,poc_migration,0.0,30,evaluation_2025,-inf,5,5,0.03403872607134151,-0.011750055638349965,2.499854189554949,0.6,68.27135919201689,11.728640807985647,0.0009156544454298054,0.01,0.01,0.011092115049504952,0.011750055638350809,0
3d_or_5d,postopen_30_45m,poc_migration,0.25,5,all,-inf,9,8,0.009644986686775159,-0.010929195251985657,1.3480278925439733,0.4444444444444444,11.074657734812716,11.675582442215038,0.0009908088038605564,0.01,0.01,0.011009276457883329,0.011750055638350809,0
3d_or_5d,postopen_30_45m,poc_migration,0.25,5,development_2024,-inf,4,3,-0.005525425103341197,-0.010929195251985657,0.6723686984039204,0.25,-13.521667282860163,12.257036976605562,0.0008458746069638543,0.01,0.01,0.011276880461735542,0.011703815425709516,0
3d_or_5d,postopen_30_45m,poc_migration,0.25,5,evaluation_2025,-inf,5,5,0.015254700495176188,-0.008216841944534092,2.2675197774244706,0.6,30.75171774895102,11.210418814702617,0.0009908088038605564,0.01,0.01,0.011009276457883329,0.011750055638350809,0
3d_or_5d,postopen_30_45m,poc_migration,0.25,10,all,-inf,9,8,-0.012749252191453508,-0.0214580898040162,0.7821886223073327,0.4444444444444444,-13.561803074542754,11.675582442215038,0.0009908088038605564,0.01,0.01,0.011009276457883329,0.011750055638350809,0
3d_or_5d,postopen_30_45m,poc_migration,0.25,10,development_2024,-inf,4,3,-0.02930412565650753,-0.0214580898040162,0.11206643126637271,0.25,-73.87218625394448,12.257036976605562,0.0008458746069638543,0.01,0.01,0.011276880461735542,0.011703815425709516,0
3d_or_5d,postopen_30_45m,poc_migration,0.25,10,evaluation_2025,-inf,5,5,0.017054644922902096,-0.015738833162905697,1.762028150086152,0.6,34.68650346897862,11.210418814702617,0.0009908088038605564,0.01,0.01,0.011009276457883329,0.011750055638350809,0
3d_or_5d,postopen_30_45m,poc_migration,0.25,15,all,-inf,9,8,-0.017975394696685187,-0.02675487842455071,0.7157249500972268,0.3333333333333333,-19.409833308064666,11.675582442215038,0.0009908088038605564,0.01,0.01,0.011009276457883329,0.011750055638350809,0
3d_or_5d,postopen_30_45m,poc_migration,0.25,15,development_2024,-inf,4,3,-0.0381455596914404,-0.02675487842455071,0.0,0.0,-96.72797272931113,12.257036976605562,0.0008458746069638543,0.01,0.01,0.011276880461735542,0.011703815425709516,0
3d_or_5d,postopen_30_45m,poc_migration,0.25,15,evaluation_2025,-inf,5,5,0.020970080450306794,-0.012552692985104974,1.9324675708729722,0.6,42.4446782289325,11.210418814702617,0.0009908088038605564,0.01,0.01,0.011009276457883329,0.011750055638350809,0
3d_or_5d,postopen_30_45m,poc_migration,0.25,30,all,-inf,9,8,0.004460513637839725,-0.0214580898040162,1.0938411995293489,0.4444444444444444,5.842926488861498,11.675582442215038,0.0009908088038605564,0.01,0.01,0.011009276457883329,0.011750055638350809,0
3d_or_5d,postopen_30_45m,poc_migration,0.25,30,development_2024,-inf,4,3,-0.02136254678183247,-0.0214580898040162,0.35882931420030184,0.25,-53.34259452485418,12.257036976605562,0.0008458746069638543,0.01,0.01,0.011276880461735542,0.011703815425709516,0
3d_or_5d,postopen_30_45m,poc_migration,0.25,30,evaluation_2025,-inf,5,5,0.02638674857042833,-0.011750055638349965,2.1685611659191983,0.6,53.19134329983403,11.210418814702617,0.0009908088038605564,0.01,0.01,0.011009276457883329,0.011750055638350809,0
3d_or_5d,postopen_30_45m,poc_migration,0.5,5,all,-inf,9,8,0.009835178095810138,-0.010929195251985657,1.4531181083586402,0.4444444444444444,11.179811140597176,7.827479533157499,0.0011618741630279145,0.01,0.01,0.010860678403755824,0.011009223262032145,0
3d_or_5d,postopen_30_45m,poc_migration,0.5,5,development_2024,-inf,4,3,-0.003021940910707732,-0.010929195251985657,0.7927455450163262,0.25,-7.25474930725947,8.454629593659808,0.0011190371190797307,0.01,0.01,0.01089493682787128,0.01094673974025974,0
3d_or_5d,postopen_30_45m,poc_migration,0.5,5,evaluation_2025,-inf,5,5,0.012896090229169266,-0.006241763972063441,2.5801471839940504,0.6,25.927459498882495,7.325759484755648,0.0013000353096010015,0.01,0.01,0.01076920987654321,0.011009223262032145,0
3d_or_5d,postopen_30_45m,poc_migration,0.5,10,all,-inf,9,8,-0.03400059971991842,-0.023309017730353432,0.36971523376815935,0.4444444444444444,-38.02690537210304,7.827479533157499,0.0011618741630279145,0.01,0.01,0.010860678403755824,0.011009223262032145,0
3d_or_5d,postopen_30_45m,poc_migration,0.5,10,development_2024,-inf,4,3,-0.0302577094659493,-0.02145808980401631,0.06075379856939686,0.25,-76.36347153418816,8.454629593659808,0.0011190371190797307,0.01,0.01,0.01089493682787128,0.01094673974025974,0
3d_or_5d,postopen_30_45m,poc_migration,0.5,10,evaluation_2025,-inf,5,5,-0.003859675184329725,-0.018210882901263603,0.8310793895130545,0.6,-7.357652442434945,7.325759484755648,0.0013000353096010015,0.01,0.01,0.01076920987654321,0.011009223262032145,0
3d_or_5d,postopen_30_45m,poc_migration,0.5,15,all,-inf,9,8,-0.0349479644464904,-0.02426686779226328,0.38457299586366495,0.3333333333333333,-39.09146325707726,7.827479533157499,0.0011618741630279145,0.01,0.01,0.010860678403755824,0.011009223262032145,0
3d_or_5d,postopen_30_45m,poc_migration,0.5,15,development_2024,-inf,4,3,-0.034945399694533585,-0.02426427465389569,0.0,0.0,-88.47223522745819,8.454629593659808,0.0011190371190797307,0.01,0.01,0.01089493682787128,0.01094673974025974,0
3d_or_5d,postopen_30_45m,poc_migration,0.5,15,evaluation_2025,-inf,5,5,-2.6576236786812757e-06,-0.01661623159212733,1.0094854004555462,0.6,0.41315431922747325,7.325759484755648,0.0013000353096010015,0.01,0.01,0.01076920987654321,0.011009223262032145,0
3d_or_5d,postopen_30_45m,poc_migration,0.5,30,all,-inf,9,8,-0.03374389092671126,-0.025662785520137565,0.47950456798996227,0.3333333333333333,-37.508088996210404,7.827479533157499,0.0011618741630279145,0.01,0.01,0.010860678403755824,0.011009223262032145,0
3d_or_5d,postopen_30_45m,poc_migration,0.5,30,development_2024,-inf,4,3,-0.02604711856595998,-0.02145808980401631,0.1945296520052697,0.25,-65.48710220711264,8.454629593659808,0.0011190371190797307,0.01,0.01,0.01089493682787128,0.01094673974025974,0
3d_or_5d,postopen_30_45m,poc_migration,0.5,30,evaluation_2025,-inf,5,5,-0.007902612649411389,-0.016099047383758558,0.7661213225983864,0.4,-15.124878427488603,7.325759484755648,0.0013000353096010015,0.01,0.01,0.01076920987654321,0.011009223262032145,0
3d_or_5d,postopen_30_45m,poc_migration,0.75,5,all,-inf,9,8,0.006884801610243407,-0.010645749938830718,1.3880202044722263,0.4444444444444444,7.830875852292475,5.486478982444912,0.001645645074584292,0.01,0.01,0.010607664444444444,0.01067281550802143,0
3d_or_5d,postopen_30_45m,poc_migration,0.75,5,development_2024,-inf,4,3,-0.0017129142895991878,-0.010645749938830718,0.8743742376788077,0.25,-3.9867455814106765,6.239778139871346,0.001567126791829521,0.01,0.01,0.010638187857307073,0.010645749938830511,0
3d_or_5d,postopen_30_45m,poc_migration,0.75,5,evaluation_2025,-inf,5,5,0.008612468319896482,-0.004161183194690166,2.5801471839940504,0.6,17.284972999255,4.883839656503765,0.0019500529644015023,0.01,0.01,0.01051280658436214,0.01067281550802143,0
3d_or_5d,postopen_30_45m,poc_migration,0.75,10,all,-inf,9,8,-0.03517107731474711,-0.028925098662925364,0.27364493738544754,0.4444444444444444,-39.47224339455491,5.486478982444912,0.001645645074584292,0.01,0.01,0.010607664444444444,0.01067281550802143,0
3d_or_5d,postopen_30_45m,poc_migration,0.75,10,development_2024,-inf,4,3,-0.02619244789812103,-0.021177639520219227,0.04751254503656465,0.25,-66.01450393572406,6.239778139871346,0.001567126791829521,0.01,0.01,0.010638187857307073,0.010645749938830511,0
3d_or_5d,postopen_30_45m,poc_migration,0.75,10,evaluation_2025,-inf,5,5,-0.009220127115718513,-0.01877271614876208,0.5695563037495751,0.6,-18.238434961619568,4.883839656503765,0.0019500529644015023,0.01,0.01,0.01051280658436214,0.01067281550802143,0
3d_or_5d,postopen_30_45m,poc_migration,0.75,15,all,-inf,9,8,-0.017396418529778912,-0.02955513518036912,0.612450230918666,0.4444444444444444,-19.11412758338307,5.486478982444912,0.001645645074584292,0.01,0.01,0.010607664444444444,0.01067281550802143,0
3d_or_5d,postopen_30_45m,poc_migration,0.75,15,development_2024,-inf,4,3,-0.010808733052702357,-0.02304896558885361,0.5399789831364541,0.25,-26.684415661972793,6.239778139871346,0.001567126791829521,0.01,0.01,0.010638187857307073,0.010645749938830511,0
3d_or_5d,postopen_30_45m,poc_migration,0.75,15,evaluation_2025,-inf,5,5,-0.00665966805126228,-0.017708978015762322,0.691821720797937,0.6,-13.057897120511294,4.883839656503765,0.0019500529644015023,0.01,0.01,0.01051280658436214,0.01067281550802143,0
3d_or_5d,postopen_30_45m,poc_migration,0.75,30,all,-inf,9,8,-0.013526683249100446,-0.032270481621423985,0.7528724631152536,0.4444444444444444,-14.511206278799854,5.486478982444912,0.001645645074584292,0.01,0.01,0.010607664444444444,0.01067281550802143,0
3d_or_5d,postopen_30_45m,poc_migration,0.75,30,development_2024,-inf,4,3,0.001989210677587172,-0.021177639520219116,1.1078123650733704,0.5,5.73857345115654,6.239778139871346,0.001567126791829521,0.01,0.01,0.010638187857307073,0.010645749938830511,0
3d_or_5d,postopen_30_45m,poc_migration,0.75,30,evaluation_2025,-inf,5,5,-0.015485090818687763,-0.01736398186451904,0.5133974769452749,0.4,-30.71103006276497,4.883839656503765,0.0019500529644015023,0.01,0.01,0.01051280658436214,0.01067281550802143,0
3d_or_5d,postopen_30_45m,poc_migration,1.0,5,all,-inf,9,8,0.0026610636799966336,-0.010484312454122735,1.1727911418580668,0.4444444444444444,3.095379111441923,4.114859236833684,0.0021941934327790557,0.01,0.01,0.010455748333333332,0.010504611631016073,0
3d_or_5d,postopen_30_45m,poc_migration,1.0,5,development_2024,-inf,4,3,-0.0037794939104368597,-0.010484312454122735,0.6925240337060233,0.25,-9.24005918605723,4.67983360490351,0.0020895023891060282,0.01,0.01,0.010478640892980303,0.010484312454122884,0
3d_or_5d,postopen_30_45m,poc_migration,1.0,5,evaluation_2025,-inf,5,5,0.006464991988284208,-0.0031208887862949064,2.5801471839940504,0.6,12.963729749441248,3.662879742377824,0.002600070619202003,0.01,0.01,0.010384604938271605,0.010504611631016073,0
3d_or_5d,postopen_30_45m,poc_migration,1.0,10,all,-inf,9,8,-0.03443719411084678,-0.029756721888404614,0.22380911470250098,0.4444444444444444,-38.67962836210383,4.114859236833684,0.0021941934327790557,0.01,0.01,0.010455748333333332,0.010504611631016073,0
3d_or_5d,postopen_30_45m,poc_migration,1.0,10,development_2024,-inf,4,3,-0.024619085668190932,-0.020858307761686734,0.03830191842523074,0.25,-62.0108779517924,4.67983360490351,0.0020895023891060282,0.01,0.01,0.010478640892980303,0.010484312454122884,0
3d_or_5d,postopen_30_45m,poc_migration,1.0,10,evaluation_2025,-inf,5,5,-0.010065922244728354,-0.017238036079063823,0.4748778672527489,0.6,-20.014628690352968,3.662879742377824,0.002600070619202003,0.01,0.01,0.010384604938271605,0.010504611631016073,0
3d_or_5d,postopen_30_45m,poc_migration,1.0,15,all,-inf,9,8,-0.02292318046649633,-0.03201906499729257,0.47097833864891225,0.4444444444444444,-25.44670679864877,4.114859236833684,0.0021941934327790557,0.01,0.01,0.010455748333333332,0.010504611631016073,0
3d_or_5d,postopen_30_45m,poc_migration,1.0,15,development_2024,-inf,4,3,-0.013074693306368346,-0.02226226019030275,0.41945917651989145,0.25,-32.51331174647894,4.67983360490351,0.0020895023891060282,0.01,0.01,0.010478640892980303,0.010484312454122884,0
3d_or_5d,postopen_30_45m,poc_migration,1.0,15,evaluation_2025,-inf,5,5,-0.009978958988418274,-0.01825604220294852,0.5262286937681026,0.6,-19.793422840384633,3.662879742377824,0.002600070619202003,0.01,0.01,0.010384604938271605,0.010504611631016073,0
3d_or_5d,postopen_30_45m,poc_migration,1.0,30,all,-inf,9,8,-0.03000151223615044,-0.028941551747510563,0.3365837067658926,0.3333333333333333,-33.53809124243665,4.114859236833684,0.0021941934327790557,0.01,0.01,0.010455748333333332,0.010504611631016073,0
3d_or_5d,postopen_30_45m,poc_migration,1.0,30,development_2024,-inf,4,3,-0.018833284289958008,-0.020858307761686734,0.1433906793557766,0.25,-47.24152445708702,4.67983360490351,0.0020895023891060282,0.01,0.01,0.010478640892980303,0.010484312454122884,0
3d_or_5d,postopen_30_45m,poc_migration,1.0,30,evaluation_2025,-inf,5,5,-0.011382599681961536,-0.017997217567792823,0.5184127136539737,0.4,-22.57534467071636,3.662879742377824,0.002600070619202003,0.01,0.01,0.010384604938271605,0.010504611631016073,0
3d_or_5d,postopen_30_45m,poc_migration,1.25,5,all,-inf,9,8,0.0001276130076801607,-0.010387449963298323,1.015349162443928,0.4444444444444444,0.2540810669311143,3.291887389466947,0.00274274179097382,0.01,0.01,0.010364598666666667,0.010403689304812858,0
3d_or_5d,postopen_30_45m,poc_migration,1.25,5,development_2024,-inf,4,3,-0.005021102297813829,-0.010387449963298323,0.5732921433810884,0.25,-12.39204734884624,3.743866883922808,0.002611877986382535,0.01,0.01,0.010382912714384244,0.010387449963298307,0
3d_or_5d,postopen_30_45m,poc_migration,1.25,5,evaluation_2025,-inf,5,5,0.005174697993479693,-0.002496711359801451,2.580147183994051,0.6,10.370983799552999,2.9303037939022594,0.0032500882740025038,0.01,0.01,0.010307683950617284,0.010403689304812858,0
3d_or_5d,postopen_30_45m,poc_migration,1.25,10,all,-inf,9,8,-0.03080911174551504,-0.027054304757816894,0.20514764798209664,0.4444444444444444,-34.570163374968175,3.291887389466947,0.00274274179097382,0.01,0.01,0.010364598666666667,0.010403689304812858,0
3d_or_5d,postopen_30_45m,poc_migration,1.25,10,development_2024,-inf,4,3,-0.023675148099172594,-0.0206666837076801,0.03208250828183351,0.25,-59.608702361434474,3.743866883922808,0.002611877986382535,0.01,0.01,0.010382912714384244,0.010387449963298307,0
3d_or_5d,postopen_30_45m,poc_migration,1.25,10,evaluation_2025,-inf,5,5,-0.007306956933907038,-0.013067294933496343,0.4989722834093824,0.6,-14.539332185795148,2.9303037939022594,0.0032500882740025038,0.01,0.01,0.010307683950617284,0.010403689304812858,0
3d_or_5d,postopen_30_45m,poc_migration,1.25,15,all,-inf,9,8,-0.021963617417699477,-0.029261058105409576,0.4259344502529791,0.4444444444444444,-24.426867039285277,3.291887389466947,0.00274274179097382,0.01,0.01,0.010364598666666667,0.010403689304812858,0
3d_or_5d,postopen_30_45m,poc_migration,1.25,15,development_2024,-inf,4,3,-0.014436462272687689,-0.021790065460276287,0.342921354464793,0.25,-36.0106493971837,3.743866883922808,0.002611877986382535,0.01,0.01,0.010382912714384244,0.010387449963298307,0
3d_or_5d,postopen_30_45m,poc_migration,1.25,15,evaluation_2025,-inf,5,5,-0.00763741236041382,-0.014283327506525278,0.5370736877490121,0.6,-15.159841152966543,2.9303037939022594,0.0032500882740025038,0.01,0.01,0.010307683950617284,0.010403689304812858,0
3d_or_5d,postopen_30_45m,poc_migration,1.25,30,all,-inf,9,8,-0.03188064314829464,-0.031034502408444853,0.27593608441270456,0.3333333333333333,-35.719361882838975,3.291887389466947,0.00274274179097382,0.01,0.01,0.010364598666666667,0.010403689304812858,0
3d_or_5d,postopen_30_45m,poc_migration,1.25,30,development_2024,-inf,4,3,-0.019045806858269954,-0.02066668370768021,0.1168955082488483,0.25,-47.793219565670164,3.743866883922808,0.002611877986382535,0.01,0.01,0.010382912714384244,0.010387449963298307,0
3d_or_5d,postopen_30_45m,poc_migration,1.25,30,evaluation_2025,-inf,5,5,-0.013084032241014398,-0.018377404968481725,0.42726635564180687,0.4,-26.06027573657401,2.9303037939022594,0.0032500882740025038,0.01,0.01,0.010307683950617284,0.010403689304812858,0
3d_or_5d,postopen_30_45m,trend_3d_10d,0.0,5,all,-inf,17,13,-0.03915943775696529,-0.05084272628542197,0.6187747427376356,0.35294117647058826,-22.93805217285987,12.753749397760696,0.0008055464240550353,0.01,0.01,0.011241393382352945,0.012020368788196827,0
3d_or_5d,postopen_30_45m,trend_3d_10d,0.0,5,development_2024,-inf,10,8,-0.03150301854577042,-0.033340244554635245,0.4922522336974761,0.3,-31.505431733917106,12.230418485417133,0.0008124025740297014,0.01,0.01,0.011233129105094865,0.011823225404732275,0
3d_or_5d,postopen_30_45m,trend_3d_10d,0.0,5,evaluation_2025,-inf,7,5,-0.007905465228914443,-0.01756671847528246,0.813877927287665,0.42857142857142855,-10.698938514206661,13.501364986822926,0.0008055464240550353,0.01,0.01,0.011241393382352945,0.012020368788196827,0
3d_or_5d,postopen_30_45m,trend_3d_10d,0.0,10,all,-inf,17,13,-0.06642747281535077,-0.06391064767844734,0.46009027349664994,0.35294117647058826,-39.76081618527451,12.753749397760696,0.0008055464240550353,0.01,0.01,0.011241393382352945,0.012020368788196827,0
3d_or_5d,postopen_30_45m,trend_3d_10d,0.0,10,development_2024,-inf,10,8,-0.04962005503185485,-0.04756078910836137,0.3625175395023101,0.3,-50.24587639030414,12.230418485417133,0.0008124025740297014,0.01,0.01,0.011233129105094865,0.011823225404732275,0
3d_or_5d,postopen_30_45m,trend_3d_10d,0.0,10,evaluation_2025,-inf,7,5,-0.017684945765621518,-0.02362918442449058,0.6259267700835237,0.42857142857142855,-24.782158749517897,13.501364986822926,0.0008055464240550353,0.01,0.01,0.011241393382352945,0.012020368788196827,0
3d_or_5d,postopen_30_45m,trend_3d_10d,0.0,15,all,-inf,17,13,-0.06972238149269117,-0.08382870709812607,0.4982042632327994,0.23529411764705882,-41.68226311010368,12.753749397760696,0.0008055464240550353,0.01,0.01,0.011241393382352945,0.012020368788196827,0
3d_or_5d,postopen_30_45m,trend_3d_10d,0.0,15,development_2024,-inf,10,8,-0.07384408091462602,-0.06276291560818703,0.19843440786076152,0.1,-76.01879278650043,12.230418485417133,0.0008124025740297014,0.01,0.01,0.011233129105094865,0.011823225404732275,0
3d_or_5d,postopen_30_45m,trend_3d_10d,0.0,15,evaluation_2025,-inf,7,5,0.0044503299466087665,-0.02362918442449058,1.1112449729547476,0.42857142857142855,7.369922141891677,13.501364986822926,0.0008055464240550353,0.01,0.01,0.011241393382352945,0.012020368788196827,0
3d_or_5d,postopen_30_45m,trend_3d_10d,0.0,30,all,-inf,17,13,-0.04845660408179564,-0.06784280113167696,0.6456867377395171,0.29411764705882354,-28.303292350288526,12.753749397760696,0.0008055464240550353,0.01,0.01,0.011241393382352945,0.012020368788196827,0
3d_or_5d,postopen_30_45m,trend_3d_10d,0.0,30,development_2024,-inf,10,8,-0.05768395720470876,-0.05766209710594439,0.3439790711628967,0.2,-58.66464150471764,12.230418485417133,0.0008124025740297014,0.01,0.01,0.011233129105094865,0.011823225404732275,0
3d_or_5d,postopen_30_45m,trend_3d_10d,0.0,30,evaluation_2025,-inf,7,5,0.009792206334024556,-0.02362918442449058,1.2274744269504563,0.42857142857142855,15.070063584610216,13.501364986822926,0.0008055464240550353,0.01,0.01,0.011241393382352945,0.012020368788196827,0
3d_or_5d,postopen_30_45m,trend_3d_10d,0.25,5,all,-inf,17,13,-0.040043395280028204,-0.05088161961197635,0.6084109706486928,0.35294117647058826,-23.485185277307085,12.403460409457992,0.0008055464240550353,0.01,0.01,0.011241393382352945,0.011823225404732275,0
3d_or_5d,postopen_30_45m,trend_3d_10d,0.25,5,development_2024,-inf,10,8,-0.031542704349598494,-0.033340244554635245,0.4915881817185219,0.3,-31.54663574441048,12.225919449512523,0.0008124025740297014,0.01,0.01,0.011233129105094865,0.011823225404732275,0
3d_or_5d,postopen_30_45m,trend_3d_10d,0.25,5,evaluation_2025,-inf,7,5,-0.008777558874933034,-0.01723670035261804,0.7900549430691641,0.42857142857142855,-11.968827467159365,12.657090352237232,0.0008055464240550353,0.01,0.01,0.011241393382352945,0.011750055638350809,0
3d_or_5d,postopen_30_45m,trend_3d_10d,0.25,10,all,-inf,17,13,-0.06818472294907041,-0.06363785042382897,0.44339010075373203,0.35294117647058826,-40.88201080240992,12.403460409457992,0.0008055464240550353,0.01,0.01,0.011241393382352945,0.011823225404732275,0
3d_or_5d,postopen_30_45m,trend_3d_10d,0.25,10,development_2024,-inf,10,8,-0.04966232977392093,-0.04756078910836137,0.3619497854559879,0.3,-50.29062632681115,12.225919449512523,0.0008124025740297014,0.01,0.01,0.011233129105094865,0.011823225404732275,0
3d_or_5d,postopen_30_45m,trend_3d_10d,0.25,10,evaluation_2025,-inf,7,5,-0.019490328285885372,-0.023301202800048437,0.5828053567485263,0.42857142857142855,-27.441131481836745,12.657090352237232,0.0008055464240550353,0.01,0.01,0.011241393382352945,0.011750055638350809,0
3d_or_5d,postopen_30_45m,trend_3d_10d,0.25,15,all,-inf,17,13,-0.07235042638695655,-0.08382454102637449,0.47662792473963267,0.23529411764705882,-43.3709674484473,12.403460409457992,0.0008055464240550353,0.01,0.01,0.011241393382352945,0.011823225404732275,0
3d_or_5d,postopen_30_45m,trend_3d_10d,0.25,15,development_2024,-inf,10,8,-0.07383986944015386,-0.06275865374474277,0.1984438218812616,0.1,-76.01429375059541,12.225919449512523,0.0008124025740297014,0.01,0.01,0.011233129105094865,0.011823225404732275,0
3d_or_5d,postopen_30_45m,trend_3d_10d,0.25,15,evaluation_2025,-inf,7,5,0.0016081917198236262,-0.023301202800048437,1.049598442464703,0.42857142857142855,3.262355840335729,12.657090352237232,0.0008055464240550353,0.01,0.01,0.011241393382352945,0.011750055638350809,0
3d_or_5d,postopen_30_45m,trend_3d_10d,0.25,30,all,-inf,17,13,-0.055176536300791,-0.06783856236780772,0.5916291712387103,0.29411764705882354,-32.540720387123876,12.403460409457992,0.0008055464240550353,0.01,0.01,0.011241393382352945,0.011823225404732275,0
3d_or_5d,postopen_30_45m,trend_3d_10d,0.25,30,development_2024,-inf,10,8,-0.0576796722459052,-0.057657812047737234,0.34399637787632353,0.2,-58.66014246881264,12.225919449512523,0.0008124025740297014,0.01,0.01,0.011233129105094865,0.011823225404732275,0
3d_or_5d,postopen_30_45m,trend_3d_10d,0.25,30,evaluation_2025,-inf,7,5,0.002656353547078938,-0.023301202800048437,1.0725612006972032,0.42857142857142855,4.772739729574339,12.657090352237232,0.0008055464240550353,0.01,0.01,0.011241393382352945,0.011750055638350809,0
3d_or_5d,postopen_30_45m,trend_3d_10d,0.5,5,all,-inf,17,13,-0.025395875680631064,-0.04541715709938732,0.6828351912412542,0.35294117647058826,-14.724992371687533,8.765872169500469,0.0011618741630279145,0.01,0.01,0.010860678403755824,0.011274093200468835,0
3d_or_5d,postopen_30_45m,trend_3d_10d,0.5,5,development_2024,-inf,10,8,-0.0175088425161386,-0.025684011640454196,0.6148760373362027,0.3,-17.30180574266656,8.379373312904715,0.0011851550504778873,0.01,0.01,0.010844097171421058,0.011170181345654145,0
3d_or_5d,postopen_30_45m,trend_3d_10d,0.5,5,evaluation_2025,-inf,7,5,-0.008027586919653107,-0.011458324952799526,0.7726304470665679,0.42857142857142855,-11.043830413146063,9.318013393208686,0.000990861029091251,0.01,0.01,0.011009223262032145,0.011274093200468835,0
3d_or_5d,postopen_30_45m,trend_3d_10d,0.5,10,all,-inf,17,13,-0.07210946085727343,-0.06503887569228572,0.3019027458877602,0.35294117647058826,-43.5796661580396,8.765872169500469,0.0011618741630279145,0.01,0.01,0.010860678403755824,0.011274093200468835,0
3d_or_5d,postopen_30_45m,trend_3d_10d,0.5,10,development_2024,-inf,10,8,-0.04502443470764994,-0.039132384149555,0.34328193877368013,0.3,-45.52247757473902,8.379373312904715,0.0011851550504778873,0.01,0.01,0.010844097171421058,0.011170181345654145,0
3d_or_5d,postopen_30_45m,trend_3d_10d,0.5,10,evaluation_2025,-inf,7,5,-0.028362009598990823,-0.020735013939265134,0.22397312305686448,0.42857142857142855,-40.80422127704044,9.318013393208686,0.000990861029091251,0.01,0.01,0.011009223262032145,0.011274093200468835,0
3d_or_5d,postopen_30_45m,trend_3d_10d,0.5,15,all,-inf,17,13,-0.06210565061949269,-0.07244212781253956,0.4531440323367436,0.29411764705882354,-37.13017626217677,8.765872169500469,0.0011618741630279145,0.01,0.01,0.010860678403755824,0.011274093200468835,0
3d_or_5d,postopen_30_45m,trend_3d_10d,0.5,15,development_2024,-inf,10,8,-0.061682812524295194,-0.05119967446139673,0.2299091933253865,0.1,-63.071293615207175,8.379373312904715,0.0011851550504778873,0.01,0.01,0.010844097171421058,0.011170181345654145,0
3d_or_5d,postopen_30_45m,trend_3d_10d,0.5,15,evaluation_2025,-inf,7,5,-0.00045063449848448123,-0.011241393382353193,0.9985083828995168,0.5714285714285714,-0.07143718641903307,9.318013393208686,0.000990861029091251,0.01,0.01,0.011009223262032145,0.011274093200468835,0
3d_or_5d,postopen_30_45m,trend_3d_10d,0.5,30,all,-inf,17,13,-0.06558904313125624,-0.06878360837328701,0.4673770509537984,0.29411764705882354,-39.25986318686659,8.765872169500469,0.0011618741630279145,0.01,0.01,0.010860678403755824,0.011274093200468835,0
3d_or_5d,postopen_30_45m,trend_3d_10d,0.5,30,development_2024,-inf,10,8,-0.055115243248583634,-0.050565170956703986,0.30970350682421216,0.2,-56.07041113877505,8.379373312904715,0.0011851550504778873,0.01,0.01,0.010844097171421058,0.011170181345654145,0
3d_or_5d,postopen_30_45m,trend_3d_10d,0.5,30,evaluation_2025,-inf,7,5,-0.011084737908866549,-0.021449452880833886,0.7579156986285716,0.42857142857142855,-15.244794684140231,9.318013393208686,0.000990861029091251,0.01,0.01,0.011009223262032145,0.011274093200468835,0
3d_or_5d,postopen_30_45m,trend_3d_10d,0.75,5,all,-inf,15,13,-0.004832663427902895,-0.018727259552940745,0.8976310993382935,0.4,-3.0015182392522193,5.906363452361214,0.0015843847429373476,0.01,0.01,0.010631159826839827,0.010849395466979224,0
3d_or_5d,postopen_30_45m,trend_3d_10d,0.75,5,development_2024,-inf,9,8,-0.0035471912703691766,-0.012298091115526821,0.8681187424805528,0.3333333333333333,-3.7329473842289547,5.8640270773967025,0.0015843847429373476,0.01,0.01,0.010631159826839827,0.010780120897102764,0
3d_or_5d,postopen_30_45m,trend_3d_10d,0.75,5,evaluation_2025,-inf,6,5,-0.0012900482052655704,-0.00764481681292295,0.9382567914886331,0.5,-1.9043745217871177,5.96986801480798,0.0016315147789369563,0.01,0.01,0.01061782234411544,0.010849395466979224,0
3d_or_5d,postopen_30_45m,trend_3d_10d,0.75,10,all,-inf,15,13,-0.03909413558710173,-0.03526174281549721,0.39316075133824885,0.4,-26.332594655713805,5.906363452361214,0.0015843847429373476,0.01,0.01,0.010631159826839827,0.010849395466979224,0
3d_or_5d,postopen_30_45m,trend_3d_10d,0.75,10,development_2024,-inf,9,8,-0.028691309744841464,-0.027473450027796442,0.3018649000809898,0.3333333333333333,-32.09821312563696,5.8640270773967025,0.0015843847429373476,0.01,0.01,0.010631159826839827,0.010780120897102764,0
3d_or_5d,postopen_30_45m,trend_3d_10d,0.75,10,evaluation_2025,-inf,6,5,-0.010710113012092348,-0.012837428373581705,0.5524917083265946,0.5,-17.684166950829052,5.96986801480798,0.0016315147789369563,0.01,0.01,0.01061782234411544,0.010849395466979224,0
3d_or_5d,postopen_30_45m,trend_3d_10d,0.75,15,all,-inf,15,13,-0.023546557033552573,-0.041677029036692126,0.6532165982455131,0.4,-15.519147883564903,5.906363452361214,0.0015843847429373476,0.01,0.01,0.010631159826839827,0.010849395466979224,0
3d_or_5d,postopen_30_45m,trend_3d_10d,0.75,15,development_2024,-inf,9,8,-0.019470072218165435,-0.031165763260354584,0.5773380226183521,0.2222222222222222,-21.417383138931182,5.8640270773967025,0.0015843847429373476,0.01,0.01,0.010631159826839827,0.010780120897102764,0
3d_or_5d,postopen_30_45m,trend_3d_10d,0.75,15,evaluation_2025,-inf,6,5,-0.004157430283244001,-0.010672815508020794,0.8140025202355283,0.6666666666666666,-6.671795000515497,5.96986801480798,0.0016315147789369563,0.01,0.01,0.01061782234411544,0.010849395466979224,0
3d_or_5d,postopen_30_45m,trend_3d_10d,0.75,30,all,-inf,15,13,0.001416958063986895,-0.021177639520219227,1.031385418773074,0.4666666666666667,1.624760200596207,5.906363452361214,0.0015843847429373476,0.01,0.01,0.010631159826839827,0.010849395466979224,0
3d_or_5d,postopen_30_45m,trend_3d_10d,0.75,30,development_2024,-inf,9,8,0.004818552435847723,-0.021177639520219227,1.119136802496843,0.4444444444444444,6.057287828385197,5.8640270773967025,0.0015843847429373476,0.01,0.01,0.010631159826839827,0.010780120897102764,0
3d_or_5d,postopen_30_45m,trend_3d_10d,0.75,30,evaluation_2025,-inf,6,5,-0.003385282212011953,-0.020933093382816015,0.9054838965822503,0.5,-5.024031241087277,5.96986801480798,0.0016315147789369563,0.01,0.01,0.01061782234411544,0.010849395466979224,0
3d_or_5d,postopen_30_45m,trend_3d_10d,1.0,5,all,-inf,15,13,-0.008579141056971551,-0.016547677760587742,0.7794772254892333,0.4,-5.584472012772027,4.429772589270909,0.0021125129905831303,0.01,0.01,0.010473369870129869,0.010637046600234418,0
3d_or_5d,postopen_30_45m,trend_3d_10d,1.0,5,development_2024,-inf,9,8,-0.005138856669052783,-0.011723770551728463,0.7676705089353767,0.3333333333333333,-5.5774883159491475,4.398020308047527,0.0021125129905831303,0.01,0.01,0.010473369870129869,0.010585090672827074,0
3d_or_5d,postopen_30_45m,trend_3d_10d,1.0,5,evaluation_2025,-inf,6,5,-0.0034580548360751973,-0.005735837676338451,0.7950513541211098,0.5,-5.594947558006341,4.477401011105985,0.0021753530385826086,0.01,0.01,0.010463366758086581,0.010637046600234418,0
3d_or_5d,postopen_30_45m,trend_3d_10d,1.0,10,all,-inf,15,13,-0.039144573875958266,-0.036275979913038214,0.32631618622705405,0.4,-26.416112658451834,4.429772589270909,0.0021125129905831303,0.01,0.01,0.010473369870129869,0.010637046600234418,0
3d_or_5d,postopen_30_45m,trend_3d_10d,1.0,10,development_2024,-inf,9,8,-0.026481032008948024,-0.025581706104910618,0.2599793932917292,0.3333333333333333,-29.629215399782986,4.398020308047527,0.0021125129905831303,0.01,0.01,0.010473369870129869,0.010585090672827074,0
3d_or_5d,postopen_30_45m,trend_3d_10d,1.0,10,evaluation_2025,-inf,6,5,-0.013008007325365889,-0.012128347298284048,0.4312388794374637,0.5,-21.596458546455107,4.477401011105985,0.0021753530385826086,0.01,0.01,0.010463366758086581,0.010637046600234418,0
3d_or_5d,postopen_30_45m,trend_3d_10d,1.0,15,all,-inf,15,13,-0.02472886626158799,-0.037688056747393506,0.5715227187408842,0.4,-16.436992046345292,4.429772589270909,0.0021125129905831303,0.01,0.01,0.010473369870129869,0.010637046600234418,0
3d_or_5d,postopen_30_45m,trend_3d_10d,1.0,15,development_2024,-inf,9,8,-0.016756816968163002,-0.025580190081326948,0.5425007600530689,0.2222222222222222,-18.50353368809553,4.398020308047527,0.0021125129905831303,0.01,0.01,0.010473369870129869,0.010585090672827074,0
3d_or_5d,postopen_30_45m,trend_3d_10d,1.0,15,evaluation_2025,-inf,6,5,-0.0081079120923504,-0.010504611631015903,0.6214910078149173,0.6666666666666666,-13.337179583719937,4.477401011105985,0.0021753530385826086,0.01,0.01,0.010463366758086581,0.010637046600234418,0
3d_or_5d,postopen_30_45m,trend_3d_10d,1.0,30,all,-inf,15,13,-0.011038248417333807,-0.02192709152894634,0.8072968946847209,0.4,-7.085142223713523,4.429772589270909,0.0021125129905831303,0.01,0.01,0.010473369870129869,0.010637046600234418,0
3d_or_5d,postopen_30_45m,trend_3d_10d,1.0,30,development_2024,-inf,9,8,-0.008458898034652274,-0.02192709152894634,0.7377597184704133,0.3333333333333333,-9.166694441339443,4.398020308047527,0.0021125129905831303,0.01,0.01,0.010473369870129869,0.010585090672827074,0
3d_or_5d,postopen_30_45m,trend_3d_10d,1.0,30,evaluation_2025,-inf,6,5,-0.0026013549792024415,-0.013027092661761608,0.8996371388634091,0.5,-3.9628138972746414,4.477401011105985,0.0021753530385826086,0.01,0.01,0.010463366758086581,0.010637046600234418,0
3d_or_5d,postopen_30_45m,trend_3d_10d,1.25,5,all,-inf,15,13,-0.006403640600958438,-0.011379113504623173,0.7907026314175527,0.4,-4.179965261643717,3.5438180714167284,0.0026406412382289127,0.01,0.01,0.010378695896103896,0.010509637280187535,0
3d_or_5d,postopen_30_45m,trend_3d_10d,1.25,5,development_2024,-inf,9,8,-0.0061007564724299135,-0.011379113504623173,0.6880568647827481,0.3333333333333333,-6.684212874981744,3.5184162464380218,0.0026406412382289127,0.01,0.01,0.010378695896103896,0.01046807253826166,0
3d_or_5d,postopen_30_45m,trend_3d_10d,1.25,5,evaluation_2025,-inf,6,5,-0.0003047432931465588,-0.004589738173061075,0.9761852651782065,0.5,-0.42359384163667485,3.5819208088847874,0.002719191298228261,0.01,0.01,0.010370693406469265,0.010509637280187535,0
3d_or_5d,postopen_30_45m,trend_3d_10d,1.25,10,all,-inf,15,13,-0.04088404506965637,-0.03859597716144514,0.20662929300645505,0.4,-27.67147071925244,3.543880595840331,0.0026406412382289127,0.01,0.01,0.010378695896103896,0.010509637280187535,0
3d_or_5d,postopen_30_45m,trend_3d_10d,1.25,10,development_2024,-inf,9,8,-0.025158819978610802,-0.024446141900755003,0.22830126746219426,0.3333333333333333,-28.14781676427108,3.5184162464380218,0.0026406412382289127,0.01,0.01,0.010378695896103896,0.01046807253826166,0
3d_or_5d,postopen_30_45m,trend_3d_10d,1.25,10,evaluation_2025,-inf,6,5,-0.016131063616640295,-0.008970216950138332,0.1701263515341185,0.5,-26.956951651724495,3.5820771199437957,0.002719191298228261,0.01,0.01,0.010370693406469265,0.010509637280187535,0
3d_or_5d,postopen_30_45m,trend_3d_10d,1.25,15,all,-inf,15,13,-0.02499034484504803,-0.03537626827058027,0.5378901255885866,0.4,-16.64633455149598,3.543880595840331,0.0026406412382289127,0.01,0.01,0.010378695896103896,0.010509637280187535,0
3d_or_5d,postopen_30_45m,trend_3d_10d,1.25,15,development_2024,-inf,9,8,-0.017365069822468104,-0.024432578221525447,0.47698206404828747,0.2222222222222222,-19.24727139492111,3.5184162464380218,0.0026406412382289127,0.01,0.01,0.010378695896103896,0.01046807253826166,0
3d_or_5d,postopen_30_45m,trend_3d_10d,1.25,15,evaluation_2025,-inf,6,5,-0.007760028458587476,-0.010403689304813057,0.6343500140575592,0.6666666666666666,-12.744929286358285,3.5820771199437957,0.002719191298228261,0.01,0.01,0.010370693406469265,0.010509637280187535,0
3d_or_5d,postopen_30_45m,trend_3d_10d,1.25,30,all,-inf,15,13,-0.016339764067731966,-0.021521878055535515,0.6912553294849699,0.4,-10.727965283465245,3.543880595840331,0.0026406412382289127,0.01,0.01,0.010378695896103896,0.010509637280187535,0
3d_or_5d,postopen_30_45m,trend_3d_10d,1.25,30,development_2024,-inf,9,8,-0.010736595413030736,-0.021521878055535515,0.6365852937257642,0.3333333333333333,-11.777799997516247,3.5184162464380218,0.0026406412382289127,0.01,0.01,0.010378695896103896,0.01046807253826166,0
3d_or_5d,postopen_30_45m,trend_3d_10d,1.25,30,evaluation_2025,-inf,6,5,-0.00566398052199335,-0.012421879951210468,0.76072881844174,0.5,-9.153213212388748,3.5820771199437957,0.002719191298228261,0.01,0.01,0.010370693406469265,0.010509637280187535,0
3d_or_5d,postopen_30_45m,trend_3d_10d_plus_migration,0.0,5,all,-inf,7,6,0.013061058856195018,-0.010929195251985657,1.6020875650599624,0.42857142857142855,19.027880755579865,12.212115364843129,0.0009156544454298054,0.01,0.01,0.011092115049504952,0.011750055638350809,0
3d_or_5d,postopen_30_45m,trend_3d_10d_plus_migration,0.0,5,development_2024,-inf,4,3,-0.005525425103341197,-0.010929195251985657,0.6723686984039204,0.25,-13.521667282860163,12.257036976605562,0.0008458746069638543,0.01,0.01,0.011276880461735542,0.011703815425709516,0
3d_or_5d,postopen_30_45m,trend_3d_10d_plus_migration,0.0,5,evaluation_2025,-inf,3,3,0.01868975278877061,-0.005613829993928121,4.33607955037928,0.6666666666666666,62.42727814016657,12.152219882493219,0.0009156544454298054,0.01,0.01,0.011092115049504952,0.011750055638350809,0
3d_or_5d,postopen_30_45m,trend_3d_10d_plus_migration,0.0,10,all,-inf,7,6,-0.013257070196209919,-0.0214580898040162,0.7144336892491527,0.42857142857142855,-18.369381241379184,12.212115364843129,0.0009156544454298054,0.01,0.01,0.011092115049504952,0.011750055638350809,0
3d_or_5d,postopen_30_45m,trend_3d_10d_plus_migration,0.0,10,development_2024,-inf,4,3,-0.02930412565650753,-0.0214580898040162,0.11206643126637271,0.25,-73.87218625394448,12.257036976605562,0.0008458746069638543,0.01,0.01,0.011276880461735542,0.011703815425709516,0
3d_or_5d,postopen_30_45m,trend_3d_10d_plus_migration,0.0,10,evaluation_2025,-inf,3,3,0.016531496511356547,-0.011750055638349854,2.4204449873529503,0.6666666666666666,55.634358775374544,12.152219882493219,0.0009156544454298054,0.01,0.01,0.011092115049504952,0.011750055638350809,0
3d_or_5d,postopen_30_45m,trend_3d_10d_plus_migration,0.0,15,all,-inf,7,6,-0.018104086002432962,-0.02675487842455071,0.6485623191648897,0.2857142857142857,-25.324220094819367,12.212115364843129,0.0009156544454298054,0.01,0.01,0.011092115049504952,0.011750055638350809,0
3d_or_5d,postopen_30_45m,trend_3d_10d_plus_migration,0.0,15,development_2024,-inf,4,3,-0.0381455596914404,-0.02675487842455071,0.0,0.0,-96.72797272931113,12.257036976605562,0.0008458746069638543,0.01,0.01,0.011276880461735542,0.011703815425709516,0
3d_or_5d,postopen_30_45m,trend_3d_10d_plus_migration,0.0,15,evaluation_2025,-inf,3,3,0.020836285459760573,-0.011750055638349854,2.784181766503959,0.6666666666666666,69.88078341783631,12.152219882493219,0.0009156544454298054,0.01,0.01,0.011092115049504952,0.011750055638350809,0
3d_or_5d,postopen_30_45m,trend_3d_10d_plus_migration,0.0,30,all,-inf,7,6,0.004341665171549769,-0.0214580898040162,1.1114253857064427,0.42857142857142855,7.167566036160286,12.212115364843129,0.0009156544454298054,0.01,0.01,0.011092115049504952,0.011750055638350809,0
3d_or_5d,postopen_30_45m,trend_3d_10d_plus_migration,0.0,30,development_2024,-inf,4,3,-0.02136254678183247,-0.0214580898040162,0.35882931420030184,0.25,-53.34259452485418,12.257036976605562,0.0008458746069638543,0.01,0.01,0.011276880461735542,0.011703815425709516,0
3d_or_5d,postopen_30_45m,trend_3d_10d_plus_migration,0.0,30,evaluation_2025,-inf,3,3,0.02626530577677766,-0.011750055638349854,3.242911424967086,0.6666666666666666,87.84778011751291,12.152219882493219,0.0009156544454298054,0.01,0.01,0.011092115049504952,0.011750055638350809,0
3d_or_5d,postopen_30_45m,trend_3d_10d_plus_migration,0.25,5,all,-inf,7,6,0.011830641478343562,-0.010929195251985657,1.546903083405017,0.42857142857142855,17.283875734675284,11.841956798212395,0.0010762000751315468,0.01,0.01,0.010929195251986734,0.011750055638350809,0
3d_or_5d,postopen_30_45m,trend_3d_10d_plus_migration,0.25,5,development_2024,-inf,4,3,-0.005525425103341197,-0.010929195251985657,0.6723686984039204,0.25,-13.521667282860163,12.257036976605562,0.0008458746069638543,0.01,0.01,0.011276880461735542,0.011703815425709516,0
3d_or_5d,postopen_30_45m,trend_3d_10d_plus_migration,0.25,5,evaluation_2025,-inf,3,3,0.017452499058096427,-0.005613829993928121,4.118615979883987,0.6666666666666666,58.357933091389214,11.288516560354838,0.0012004743513101986,0.01,0.01,0.010833004052863436,0.011750055638350809,0
3d_or_5d,postopen_30_45m,trend_3d_10d_plus_migration,0.25,10,all,-inf,7,6,-0.015401336160428047,-0.0214580898040162,0.665727388356846,0.42857142857142855,-21.502470041649914,11.841956798212395,0.0010762000751315468,0.01,0.01,0.010929195251986734,0.011750055638350809,0
3d_or_5d,postopen_30_45m,trend_3d_10d_plus_migration,0.25,10,development_2024,-inf,4,3,-0.02930412565650753,-0.0214580898040162,0.11206643126637271,0.25,-73.87218625394448,12.257036976605562,0.0008458746069638543,0.01,0.01,0.011276880461735542,0.011703815425709516,0
3d_or_5d,postopen_30_45m,trend_3d_10d_plus_migration,0.25,10,evaluation_2025,-inf,3,3,0.01432249777046013,-0.011750055638349854,2.2337937724402774,0.6666666666666666,48.32381824140951,11.288516560354838,0.0012004743513101986,0.01,0.01,0.010833004052863436,0.011750055638350809,0
3d_or_5d,postopen_30_45m,trend_3d_10d_plus_migration,0.25,15,all,-inf,7,6,-0.021211199347834775,-0.02675487842455071,0.5849798743656383,0.2857142857142857,-29.9059024643272,11.841956798212395,0.0010762000751315468,0.01,0.01,0.010929195251986734,0.011750055638350809,0
3d_or_5d,postopen_30_45m,trend_3d_10d_plus_migration,0.25,15,development_2024,-inf,4,3,-0.0381455596914404,-0.02675487842455071,0.0,0.0,-96.72797272931113,12.257036976605562,0.0008458746069638543,0.01,0.01,0.011276880461735542,0.011703815425709516,0
3d_or_5d,postopen_30_45m,trend_3d_10d_plus_migration,0.25,15,evaluation_2025,-inf,3,3,0.017605949126952236,-0.011750055638349854,2.511231768872639,0.6666666666666666,59.190191222318056,11.288516560354838,0.0012004743513101986,0.01,0.01,0.010833004052863436,0.011750055638350809,0
3d_or_5d,postopen_30_45m,trend_3d_10d_plus_migration,0.25,30,all,-inf,7,6,-0.0030905514672998624,-0.0214580898040162,0.9439749789745576,0.42857142857142855,-3.6038738868274667,11.841956798212395,0.0010762000751315468,0.01,0.01,0.010929195251986734,0.011750055638350809,0
3d_or_5d,postopen_30_45m,trend_3d_10d_plus_migration,0.25,30,development_2024,-inf,4,3,-0.02136254678183247,-0.0214580898040162,0.35882931420030184,0.25,-53.34259452485418,12.257036976605562,0.0008458746069638543,0.01,0.01,0.011276880461735542,0.011703815425709516,0
3d_or_5d,postopen_30_45m,trend_3d_10d_plus_migration,0.25,30,evaluation_2025,-inf,3,3,0.018670852269598415,-0.011750055638349854,2.6012116596074804,0.6666666666666666,62.71442029720816,11.288516560354838,0.0012004743513101986,0.01,0.01,0.010833004052863436,0.011750055638350809,0
3d_or_5d,postopen_30_45m,trend_3d_10d_plus_migration,0.5,5,all,-inf,7,6,0.011532516167366724,-0.010929195251985657,1.6800505006438426,0.42857142857142855,16.747715381825163,7.662892909474102,0.0011618741630279145,0.01,0.01,0.010860678403755824,0.011009223262032145,0
3d_or_5d,postopen_30_45m,trend_3d_10d_plus_migration,0.5,5,development_2024,-inf,4,3,-0.003021940910707732,-0.010929195251985657,0.7927455450163262,0.25,-7.25474930725947,8.454629593659808,0.0011190371190797307,0.01,0.01,0.01089493682787128,0.01094673974025974,0
3d_or_5d,postopen_30_45m,trend_3d_10d_plus_migration,0.5,5,evaluation_2025,-inf,3,3,0.014598573103373313,-0.00323738725490208,5.517624657981911,0.6666666666666666,48.751001633938,6.607243997226493,0.0017971134058795898,0.01,0.01,0.010556447910704085,0.011009223262032145,0
3d_or_5d,postopen_30_45m,trend_3d_10d_plus_migration,0.5,10,all,-inf,7,6,-0.03357634052448011,-0.02631264981910142,0.22128724910822833,0.42857142857142855,-48.42524994049936,7.662892909474102,0.0011618741630279145,0.01,0.01,0.010860678403755824,0.011009223262032145,0
3d_or_5d,postopen_30_45m,trend_3d_10d_plus_migration,0.5,10,development_2024,-inf,4,3,-0.0302577094659493,-0.02145808980401631,0.06075379856939686,0.25,-76.36347153418816,8.454629593659808,0.0011190371190797307,0.01,0.01,0.01089493682787128,0.01094673974025974,0
3d_or_5d,postopen_30_45m,trend_3d_10d_plus_migration,0.5,10,evaluation_2025,-inf,3,3,-0.0034221783363734826,-0.011009223262032575,0.695502010915221,0.6666666666666666,-11.174287815580977,6.607243997226493,0.0017971134058795898,0.01,0.01,0.010556447910704085,0.011009223262032145,0
3d_or_5d,postopen_30_45m,trend_3d_10d_plus_migration,0.5,15,all,-inf,7,6,-0.03496981451900327,-0.029293248236165303,0.2387095482184167,0.2857142857142857,-50.460633887846235,7.662892909474102,0.0011618741630279145,0.01,0.01,0.010860678403755824,0.011009223262032145,0
3d_or_5d,postopen_30_45m,trend_3d_10d_plus_migration,0.5,15,development_2024,-inf,4,3,-0.034945399694533585,-0.02426427465389569,0.0,0.0,-88.47223522745819,8.454629593659808,0.0011190371190797307,0.01,0.01,0.01089493682787128,0.01094673974025974,0
3d_or_5d,postopen_30_45m,trend_3d_10d_plus_migration,0.5,15,evaluation_2025,-inf,3,3,-2.5298904810178158e-05,-0.011009223262032575,1.0060358817247423,0.6666666666666666,0.2215012316363728,6.607243997226493,0.0017971134058795898,0.01,0.01,0.010556447910704085,0.011009223262032145,0
3d_or_5d,postopen_30_45m,trend_3d_10d_plus_migration,0.5,30,all,-inf,7,6,-0.041520728497178805,-0.03638948144685328,0.22205531013050483,0.2857142857142857,-60.10939079054235,7.662892909474102,0.0011618741630279145,0.01,0.01,0.010860678403755824,0.011009223262032145,0
3d_or_5d,postopen_30_45m,trend_3d_10d_plus_migration,0.5,30,development_2024,-inf,4,3,-0.02604711856595998,-0.02145808980401631,0.1945296520052697,0.25,-65.48710220711264,8.454629593659808,0.0011190371190797307,0.01,0.01,0.01089493682787128,0.01094673974025974,0
3d_or_5d,postopen_30_45m,trend_3d_10d_plus_migration,0.5,30,evaluation_2025,-inf,3,3,-0.01588743174971219,-0.011009223262032575,0.2635641829403325,0.3333333333333333,-52.939108901781964,6.607243997226493,0.0017971134058795898,0.01,0.01,0.010556447910704085,0.011009223262032145,0
3d_or_5d,postopen_30_45m,trend_3d_10d_plus_migration,0.75,5,all,-inf,7,6,0.008008741227852889,-0.010645749938830718,1.5491071455594425,0.42857142857142855,11.650717277461903,5.453371507705482,0.0015843847429373476,0.01,0.01,0.010631159826839827,0.01067281550802143,0
3d_or_5d,postopen_30_45m,trend_3d_10d_plus_migration,0.75,5,development_2024,-inf,4,3,-0.0017129142895991878,-0.010645749938830718,0.8743742376788077,0.25,-3.9867455814106765,6.239778139871346,0.001567126791829521,0.01,0.01,0.010638187857307073,0.010645749938830511,0
3d_or_5d,postopen_30_45m,trend_3d_10d_plus_migration,0.75,5,evaluation_2025,-inf,3,3,0.00973833645311939,-0.002158258169934646,5.517624657981911,0.6666666666666666,32.50066775595868,4.404829331484328,0.0026956701088193848,0.01,0.01,0.010370965273802723,0.01067281550802143,0
3d_or_5d,postopen_30_45m,trend_3d_10d_plus_migration,0.75,10,all,-inf,7,6,-0.0316616113525352,-0.027678095775095612,0.16725301535903608,0.42857142857142855,-45.677132101054546,5.453371507705482,0.0015843847429373476,0.01,0.01,0.010631159826839827,0.01067281550802143,0
3d_or_5d,postopen_30_45m,trend_3d_10d_plus_migration,0.75,10,development_2024,-inf,4,3,-0.02619244789812103,-0.021177639520219227,0.04751254503656465,0.25,-66.01450393572406,6.239778139871346,0.001567126791829521,0.01,0.01,0.010638187857307073,0.010645749938830511,0
3d_or_5d,postopen_30_45m,trend_3d_10d_plus_migration,0.75,10,evaluation_2025,-inf,3,3,-0.005616267241519535,-0.010672815508020794,0.4782828493321193,0.6666666666666666,-18.56063632149518,4.404829331484328,0.0026956701088193848,0.01,0.01,0.010370965273802723,0.01067281550802143,0
3d_or_5d,postopen_30_45m,trend_3d_10d_plus_migration,0.75,15,all,-inf,7,6,-0.014126894624589714,-0.029660996751606605,0.5878212823112287,0.42857142857142855,-19.94685621684886,5.453371507705482,0.0015843847429373476,0.01,0.01,0.010631159826839827,0.01067281550802143,0
3d_or_5d,postopen_30_45m,trend_3d_10d_plus_migration,0.75,15,development_2024,-inf,4,3,-0.010808733052702357,-0.02304896558885361,0.5399789831364541,0.25,-26.684415661972793,6.239778139871346,0.001567126791829521,0.01,0.01,0.010638187857307073,0.010645749938830511,0
3d_or_5d,postopen_30_45m,trend_3d_10d_plus_migration,0.75,15,evaluation_2025,-inf,3,3,-0.003354418586940633,-0.010672815508020794,0.6918307934271573,0.6666666666666666,-10.963443623350287,4.404829331484328,0.0026956701088193848,0.01,0.01,0.010370965273802723,0.01067281550802143,0
3d_or_5d,postopen_30_45m,trend_3d_10d_plus_migration,0.75,30,all,-inf,7,6,-0.015268172400219715,-0.03762559899785167,0.646648196458535,0.42857142857142855,-21.370084380798748,5.453371507705482,0.0015843847429373476,0.01,0.01,0.010631159826839827,0.01067281550802143,0
3d_or_5d,postopen_30_45m,trend_3d_10d_plus_migration,0.75,30,development_2024,-inf,4,3,0.001989210677587172,-0.021177639520219116,1.1078123650733704,0.5,5.73857345115654,6.239778139871346,0.001567126791829521,0.01,0.01,0.010638187857307073,0.010645749938830511,0
3d_or_5d,postopen_30_45m,trend_3d_10d_plus_migration,0.75,30,evaluation_2025,-inf,3,3,-0.017223122658313605,-0.010672815508020794,0.18006708842331928,0.3333333333333333,-57.51496149007246,4.404829331484328,0.0026956701088193848,0.01,0.01,0.010370965273802723,0.01067281550802143,0
3d_or_5d,postopen_30_45m,trend_3d_10d_plus_migration,1.0,5,all,-inf,7,6,0.0034988742038035703,-0.010484312454122735,1.265163693823923,0.42857142857142855,5.166609386668298,4.090028630779111,0.0021125129905831303,0.01,0.01,0.010473369870129869,0.010504611631016073,0
3d_or_5d,postopen_30_45m,trend_3d_10d_plus_migration,1.0,5,development_2024,-inf,4,3,-0.0037794939104368597,-0.010484312454122735,0.6925240337060233,0.25,-9.24005918605723,4.67983360490351,0.0020895023891060282,0.01,0.01,0.010478640892980303,0.010484312454122884,0
3d_or_5d,postopen_30_45m,trend_3d_10d_plus_migration,1.0,5,evaluation_2025,-inf,3,3,0.007305981025034214,-0.001618693627450929,5.517624657981911,0.6666666666666666,24.375500816969,3.3036219986132465,0.0035942268117591797,0.01,0.01,0.010278223955352044,0.010504611631016073,0
3d_or_5d,postopen_30_45m,trend_3d_10d_plus_migration,1.0,10,all,-inf,7,6,-0.031166580411638334,-0.028183250417366135,0.1326936132419853,0.42857142857142855,-44.972134790076815,4.090028630779111,0.0021125129905831303,0.01,0.01,0.010473369870129869,0.010504611631016073,0
3d_or_5d,postopen_30_45m,trend_3d_10d_plus_migration,1.0,10,development_2024,-inf,4,3,-0.024619085668190932,-0.020858307761686734,0.03830191842523074,0.25,-62.0108779517924,4.67983360490351,0.0020895023891060282,0.01,0.01,0.010478640892980303,0.010484312454122884,0
3d_or_5d,postopen_30_45m,trend_3d_10d_plus_migration,1.0,10,evaluation_2025,-inf,3,3,-0.006712756675101406,-0.010504611631015903,0.3644559735435812,0.6666666666666666,-22.25381057445602,3.3036219986132465,0.0035942268117591797,0.01,0.01,0.010278223955352044,0.010504611631016073,0
3d_or_5d,postopen_30_45m,trend_3d_10d_plus_migration,1.0,15,all,-inf,7,6,-0.018026489840840654,-0.029669134414689435,0.4538467388573597,0.42857142857142855,-25.674427876922547,4.090028630779111,0.0021125129905831303,0.01,0.01,0.010473369870129869,0.010504611631016073,0
3d_or_5d,postopen_30_45m,trend_3d_10d_plus_migration,1.0,15,development_2024,-inf,4,3,-0.013074693306368346,-0.02226226019030275,0.41945917651989145,0.25,-32.51331174647894,4.67983360490351,0.0020895023891060282,0.01,0.01,0.010478640892980303,0.010484312454122884,0
3d_or_5d,postopen_30_45m,trend_3d_10d_plus_migration,1.0,15,evaluation_2025,-inf,3,3,-0.005017397467556806,-0.010504611631015903,0.5271814904047201,0.6666666666666666,-16.555916050847348,3.3036219986132465,0.0035942268117591797,0.01,0.01,0.010278223955352044,0.010504611631016073,0
3d_or_5d,postopen_30_45m,trend_3d_10d_plus_migration,1.0,30,all,-inf,7,6,-0.028862913715583027,-0.0305568366905159,0.17101998564017998,0.2857142857142857,-41.58358882846034,4.090028630779111,0.0021125129905831303,0.01,0.01,0.010473369870129869,0.010504611631016073,0
3d_or_5d,postopen_30_45m,trend_3d_10d_plus_migration,1.0,30,development_2024,-inf,4,3,-0.018833284289958008,-0.020858307761686734,0.1433906793557766,0.25,-47.24152445708702,4.67983360490351,0.0020895023891060282,0.01,0.01,0.010478640892980303,0.010484312454122884,0
3d_or_5d,postopen_30_45m,trend_3d_10d_plus_migration,1.0,30,evaluation_2025,-inf,3,3,-0.010222146007436539,-0.010504611631015903,0.21771083152142878,0.3333333333333333,-34.0396746569581,3.3036219986132465,0.0035942268117591797,0.01,0.01,0.010278223955352044,0.010504611631016073,0
3d_or_5d,postopen_30_45m,trend_3d_10d_plus_migration,1.25,5,all,-inf,7,6,0.0007953985851343326,-0.010387449963298323,1.0691871360764098,0.42857142857142855,1.2761446521915192,3.2720229046232885,0.0026406412382289127,0.01,0.01,0.010378695896103896,0.010403689304812858,0
3d_or_5d,postopen_30_45m,trend_3d_10d_plus_migration,1.25,5,development_2024,-inf,4,3,-0.005021102297813829,-0.010387449963298323,0.5732921433810884,0.25,-12.39204734884624,3.743866883922808,0.002611877986382535,0.01,0.01,0.010382912714384244,0.010387449963298307,0
3d_or_5d,postopen_30_45m,trend_3d_10d_plus_migration,1.25,5,evaluation_2025,-inf,3,3,0.005845853511446952,-0.0012949549019608542,5.517624657981912,0.6666666666666666,19.500400653575202,2.6428975988905967,0.004492783514698975,0.01,0.01,0.010222579164281634,0.010403689304812858,0
3d_or_5d,postopen_30_45m,trend_3d_10d_plus_migration,1.25,10,all,-inf,7,6,-0.028191529636416246,-0.025800338905754172,0.11928587514422812,0.42857142857142855,-40.640300141713745,3.2720229046232885,0.0026406412382289127,0.01,0.01,0.010378695896103896,0.010403689304812858,0
3d_or_5d,postopen_30_45m,trend_3d_10d_plus_migration,1.25,10,development_2024,-inf,4,3,-0.023675148099172594,-0.0206666837076801,0.03208250828183351,0.25,-59.608702361434474,3.743866883922808,0.002611877986382535,0.01,0.01,0.010382912714384244,0.010387449963298307,0
3d_or_5d,postopen_30_45m,trend_3d_10d_plus_migration,1.25,10,evaluation_2025,-inf,3,3,-0.004625900414652606,-0.007667503921569119,0.39944873824290417,0.6666666666666666,-15.34909718208611,2.6428975988905967,0.004492783514698975,0.01,0.01,0.010222579164281634,0.010403689304812858,0
3d_or_5d,postopen_30_45m,trend_3d_10d_plus_migration,1.25,15,all,-inf,7,6,-0.02036430999068306,-0.02967461261511728,0.36960697538686055,0.42857142857142855,-29.110970872967364,3.2720229046232885,0.0026406412382289127,0.01,0.01,0.010378695896103896,0.010403689304812858,0
3d_or_5d,postopen_30_45m,trend_3d_10d_plus_migration,1.25,15,development_2024,-inf,4,3,-0.014436462272687689,-0.021790065460276287,0.342921354464793,0.25,-36.0106493971837,3.743866883922808,0.002611877986382535,0.01,0.01,0.010382912714384244,0.010387449963298307,0
3d_or_5d,postopen_30_45m,trend_3d_10d_plus_migration,1.25,15,evaluation_2025,-inf,3,3,-0.006014678395737771,-0.010403689304813057,0.42583638580592914,0.6666666666666666,-19.91139950734558,2.6428975988905967,0.004492783514698975,0.01,0.01,0.010222579164281634,0.010403689304812858,0
3d_or_5d,postopen_30_45m,trend_3d_10d_plus_migration,1.25,30,all,-inf,7,6,-0.029028532947670826,-0.03038439364140555,0.14092047617933723,0.2857142857142857,-41.83829963419759,3.2720229046232885,0.0026406412382289127,0.01,0.01,0.010378695896103896,0.010403689304812858,0
3d_or_5d,postopen_30_45m,trend_3d_10d_plus_migration,1.25,30,development_2024,-inf,4,3,-0.019045806858269954,-0.02066668370768021,0.1168955082488483,0.25,-47.793219565670164,3.743866883922808,0.002611877986382535,0.01,0.01,0.010382912714384244,0.010387449963298307,0
3d_or_5d,postopen_30_45m,trend_3d_10d_plus_migration,1.25,30,evaluation_2025,-inf,3,3,-0.010176546631019301,-0.010403689304813057,0.18271780270425766,0.3333333333333333,-33.89840639223418,2.6428975988905967,0.004492783514698975,0.01,0.01,0.010222579164281634,0.010403689304812858,0
3d_or_5d,postopen_30_45m,trend_10d_30d,0.0,5,all,-inf,19,15,-0.05425053014251613,-0.07642839282889136,0.4805845826149393,0.3157894736842105,-28.893220230405014,13.050515137036097,0.0008055464240550353,0.01,0.01,0.011241393382352945,0.012020368788196827,0
3d_or_5d,postopen_30_45m,trend_10d_30d,0.0,5,development_2024,-inf,9,8,-0.018639873873734558,-0.03672162403898527,0.6425933252306211,0.3333333333333333,-20.30424777731461,13.830622787117091,0.0007779924121594448,0.01,0.01,0.011285359579824612,0.011831981305841925,0
3d_or_5d,postopen_30_45m,trend_10d_30d,0.0,5,evaluation_2025,-inf,10,7,-0.036287042157855054,-0.030200795398304336,0.32876744550357123,0.3,-36.62329543818638,12.3484182519632,0.0008162088853288418,0.01,0.01,0.011225385681857238,0.012020368788196827,0
3d_or_5d,postopen_30_45m,trend_10d_30d,0.0,10,all,-inf,19,15,-0.06157090984521563,-0.08729853064692172,0.5166105418248255,0.3684210526315789,-32.80232464306232,13.050515137036097,0.0008055464240550353,0.01,0.01,0.011241393382352945,0.012020368788196827,0
3d_or_5d,postopen_30_45m,trend_10d_30d,0.0,10,development_2024,-inf,9,8,-0.014907286367830008,-0.0366505013480638,0.7496770643718577,0.4444444444444444,-15.92430794666113,13.830622787117091,0.0007779924121594448,0.01,0.01,0.011285359579824612,0.011831981305841925,0
3d_or_5d,postopen_30_45m,trend_10d_30d,0.0,10,evaluation_2025,-inf,10,7,-0.047369778328103296,-0.04524640700596161,0.33044763843469804,0.3,-47.9925396698234,12.3484182519632,0.0008162088853288418,0.01,0.01,0.011225385681857238,0.012020368788196827,0
3d_or_5d,postopen_30_45m,trend_10d_30d,0.0,15,all,-inf,19,15,-0.05965101621924551,-0.08928793884943886,0.5845400214857429,0.2631578947368421,-31.572794080845682,13.050515137036097,0.0008055464240550353,0.01,0.01,0.011241393382352945,0.012020368788196827,0
3d_or_5d,postopen_30_45m,trend_10d_30d,0.0,15,development_2024,-inf,9,8,-0.028225931628366285,-0.04613105682509189,0.5736863188126577,0.2222222222222222,-31.037475198622428,13.830622787117091,0.0007779924121594448,0.01,0.01,0.011285359579824612,0.011831981305841925,0
3d_or_5d,postopen_30_45m,trend_10d_30d,0.0,15,evaluation_2025,-inf,10,7,-0.03233785054949767,-0.04133250296221691,0.5935575291999199,0.3,-32.05458107484662,12.3484182519632,0.0008162088853288418,0.01,0.01,0.011225385681857238,0.012020368788196827,0
3d_or_5d,postopen_30_45m,trend_10d_30d,0.0,30,all,-inf,19,15,-0.013044096307348596,-0.06208154984130043,0.9174976442876709,0.3684210526315789,-5.910632515614579,13.050515137036097,0.0008055464240550353,0.01,0.01,0.011241393382352945,0.012020368788196827,0
3d_or_5d,postopen_30_45m,trend_10d_30d,0.0,30,development_2024,-inf,9,8,0.010244903241066527,-0.033340244554635245,1.1941926069262974,0.4444444444444444,12.353573858102429,13.830622787117091,0.0007779924121594448,0.01,0.01,0.011285359579824612,0.011831981305841925,0
3d_or_5d,postopen_30_45m,trend_10d_30d,0.0,30,evaluation_2025,-inf,10,7,-0.02305282558090549,-0.03725386929005581,0.716628761686487,0.3,-22.348418251959885,12.3484182519632,0.0008162088853288418,0.01,0.01,0.011225385681857238,0.012020368788196827,0
3d_or_5d,postopen_30_45m,trend_10d_30d,0.25,5,all,-inf,19,15,-0.050099473890569124,-0.07379233815586306,0.46669759387171433,0.3157894736842105,-26.67336990174421,12.05443143643322,0.000846812735899958,0.01,0.01,0.01118089863036512,0.011750055638350809,0
3d_or_5d,postopen_30_45m,trend_10d_30d,0.25,5,development_2024,-inf,9,8,-0.013545625907934844,-0.03437525660825025,0.6759265169349532,0.3333333333333333,-14.720643191813714,12.753679569881367,0.000846812735899958,0.01,0.01,0.01118089863036512,0.011703815425709516,0
3d_or_5d,postopen_30_45m,trend_10d_30d,0.25,5,evaluation_2025,-inf,10,7,-0.03705579187712427,-0.029796034968257334,0.30873101940726205,0.3,-37.43082394068166,11.42510811632989,0.0008369111828520953,0.01,0.01,0.011195041902151853,0.011750055638350809,0
3d_or_5d,postopen_30_45m,trend_10d_30d,0.25,10,all,-inf,19,15,-0.05343169054329833,-0.07428104058373208,0.4926677819407757,0.42105263157894735,-28.420194712701353,12.05443143643322,0.000846812735899958,0.01,0.01,0.01118089863036512,0.011750055638350809,0
3d_or_5d,postopen_30_45m,trend_10d_30d,0.25,10,development_2024,-inf,9,8,-0.014828725663091347,-0.033340244554635357,0.6812777031268428,0.5555555555555556,-16.0854080701211,12.753679569881367,0.000846812735899958,0.01,0.01,0.01118089863036512,0.011703815425709516,0
3d_or_5d,postopen_30_45m,trend_10d_30d,0.25,10,evaluation_2025,-inf,10,7,-0.03918401387229786,-0.0349452609287384,0.3522588571413527,0.3,-39.521502691023585,11.42510811632989,0.0008369111828520953,0.01,0.01,0.011195041902151853,0.011750055638350809,0
3d_or_5d,postopen_30_45m,trend_10d_30d,0.25,15,all,-inf,19,15,-0.03506102985209769,-0.06416675412186879,0.7154172319850967,0.3684210526315789,-18.119646673476502,12.05443143643322,0.000846812735899958,0.01,0.01,0.01118089863036512,0.011750055638350809,0
3d_or_5d,postopen_30_45m,trend_10d_30d,0.25,15,development_2024,-inf,9,8,-0.018787874949654837,-0.03857271578475985,0.6564630197494472,0.3333333333333333,-20.49461522275131,12.753679569881367,0.000846812735899958,0.01,0.01,0.01118089863036512,0.011703815425709516,0
3d_or_5d,postopen_30_45m,trend_10d_30d,0.25,15,evaluation_2025,-inf,10,7,-0.016584747056206606,-0.023301202800048437,0.7624628597188352,0.4,-15.982174979129189,11.42510811632989,0.0008369111828520953,0.01,0.01,0.011195041902151853,0.011750055638350809,0
3d_or_5d,postopen_30_45m,trend_10d_30d,0.25,30,all,-inf,19,15,0.030298868294081238,-0.04637086825911829,1.2813551708368447,0.47368421052631576,16.68945817047121,12.05443143643322,0.000846812735899958,0.01,0.01,0.01118089863036512,0.011750055638350809,0
3d_or_5d,postopen_30_45m,trend_10d_30d,0.25,30,development_2024,-inf,9,8,0.04190606847329437,-0.033340244554635357,1.926596437461256,0.5555555555555556,46.763850408672255,12.753679569881367,0.000846812735899958,0.01,0.01,0.01118089863036512,0.011703815425709516,0
3d_or_5d,postopen_30_45m,trend_10d_30d,0.25,30,evaluation_2025,-inf,10,7,-0.011140351832503947,-0.023301202800048437,0.8457631422679392,0.4,-10.37749484390973,11.42510811632989,0.0008369111828520953,0.01,0.01,0.011195041902151853,0.011750055638350809,0
3d_or_5d,postopen_30_45m,trend_10d_30d,0.5,5,all,-inf,19,15,-0.04240246789837865,-0.06061383118294861,0.44504679399643904,0.3157894736842105,-22.532359832285902,8.135051894359412,0.0012084359379278598,0.01,0.01,0.010827515939086292,0.011274093200468835,0
3d_or_5d,postopen_30_45m,trend_10d_30d,0.5,5,development_2024,-inf,9,8,-0.009302976451969758,-0.026236693528413735,0.6942244072590542,0.3333333333333333,-10.110022733284328,8.002052874203626,0.0012114974297343312,0.01,0.01,0.010825424780487805,0.011170181345654145,0
3d_or_5d,postopen_30_45m,trend_10d_30d,0.5,5,evaluation_2025,-inf,10,7,-0.033410306743294815,-0.024303285970293853,0.2885734196963137,0.3,-33.71246322138732,8.254751012499622,0.0011407943629404426,0.01,0.01,0.010877870218490421,0.011274093200468835,0
3d_or_5d,postopen_30_45m,trend_10d_30d,0.5,10,all,-inf,19,15,-0.04707942684053246,-0.06176044638003231,0.45522168804349494,0.42105263157894735,-25.02132557508458,8.135051894359412,0.0012084359379278598,0.01,0.01,0.010827515939086292,0.011274093200468835,0
3d_or_5d,postopen_30_45m,trend_10d_30d,0.5,10,development_2024,-inf,9,8,-0.011823221045102916,-0.025542730945609993,0.6859405752487664,0.5555555555555556,-12.804857444860003,8.002052874203626,0.0012114974297343312,0.01,0.01,0.010825424780487805,0.011170181345654145,0
3d_or_5d,postopen_30_45m,trend_10d_30d,0.5,10,evaluation_2025,-inf,10,7,-0.035678035090762394,-0.028108467501185674,0.28780928352423313,0.3,-36.01614689228671,8.254751012499622,0.0011407943629404426,0.01,0.01,0.010877870218490421,0.011274093200468835,0
3d_or_5d,postopen_30_45m,trend_10d_30d,0.5,15,all,-inf,19,15,-0.026378219647826384,-0.051795697955132836,0.7289398072346038,0.42105263157894735,-13.57378200069624,8.135051894359412,0.0012084359379278598,0.01,0.01,0.010827515939086292,0.011274093200468835,0
3d_or_5d,postopen_30_45m,trend_10d_30d,0.5,15,development_2024,-inf,9,8,-0.013943907329259986,-0.02776608512646961,0.6644076337273346,0.3333333333333333,-15.177495970380898,8.002052874203626,0.0012114974297343312,0.01,0.01,0.010825424780487805,0.011170181345654145,0
3d_or_5d,postopen_30_45m,trend_10d_30d,0.5,15,evaluation_2025,-inf,10,7,-0.012610147040304831,-0.02080812055310466,0.7771868902732741,0.5,-12.13043942798005,8.254751012499622,0.0011407943629404426,0.01,0.01,0.010877870218490421,0.011274093200468835,0
3d_or_5d,postopen_30_45m,trend_10d_30d,0.5,30,all,-inf,19,15,0.017855573450641815,-0.045158925737455946,1.2043777902881467,0.5263157894736842,9.976314263584404,8.135051894359412,0.0012084359379278598,0.01,0.01,0.010827515939086292,0.011274093200468835,0
3d_or_5d,postopen_30_45m,trend_10d_30d,0.5,30,development_2024,-inf,9,8,0.01653035577345352,-0.02711591057470797,1.4421395173199356,0.5555555555555556,18.81680989931605,8.002052874203626,0.0012114974297343312,0.01,0.01,0.010825424780487805,0.011170181345654145,0
3d_or_5d,postopen_30_45m,trend_10d_30d,0.5,30,evaluation_2025,-inf,10,7,0.0013036675881459292,-0.02080812055310466,1.0371011384741444,0.5,2.0198681914259256,8.254751012499622,0.0011407943629404426,0.01,0.01,0.010877870218490421,0.011274093200468835,0
3d_or_5d,postopen_30_45m,trend_10d_30d,0.75,5,all,-inf,17,15,-0.02005313348652349,-0.03254324703095568,0.5316904648049364,0.35294117647058826,-11.781280416411244,5.287026914700369,0.0018126539068917898,0.01,0.01,0.010551677292724196,0.010849395466979224,0
3d_or_5d,postopen_30_45m,trend_10d_30d,0.75,5,development_2024,-inf,8,8,0.0016917808176200033,-0.009781741261228882,1.1473755508843118,0.375,2.2112116166201634,5.314079818254346,0.0018149500257466432,0.01,0.01,0.010550980239858034,0.010780120897102764,0
3d_or_5d,postopen_30_45m,trend_10d_30d,0.75,5,evaluation_2025,-inf,9,7,-0.021708188806735307,-0.017628910257526442,0.2914682477586529,0.3333333333333333,-24.21905111243916,5.2629798893190545,0.0017767380142370362,0.01,0.01,0.010562829180209453,0.010849395466979224,0
3d_or_5d,postopen_30_45m,trend_10d_30d,0.75,10,all,-inf,17,15,-0.019416555402142932,-0.027172262579279294,0.6142893079745085,0.47058823529411764,-11.34448223602197,5.287026914700369,0.0018126539068917898,0.01,0.01,0.010551677292724196,0.010849395466979224,0
3d_or_5d,postopen_30_45m,trend_10d_30d,0.75,10,development_2024,-inf,8,8,-0.000461761323026888,-0.0073443364056605676,0.9729334330763743,0.625,-0.4662395397933989,5.314079818254346,0.0018149500257466432,0.01,0.01,0.010550980239858034,0.010780120897102764,0
3d_or_5d,postopen_30_45m,trend_10d_30d,0.75,10,evaluation_2025,-inf,9,7,-0.01896355071338285,-0.01837676948606526,0.4778357408589226,0.3333333333333333,-21.01403129933625,5.2629798893190545,0.0017767380142370362,0.01,0.01,0.010562829180209453,0.010849395466979224,0
3d_or_5d,postopen_30_45m,trend_10d_30d,0.75,15,all,-inf,17,15,0.004399534641929437,-0.03139571429825139,1.0967866633680412,0.5294117647058824,2.866224080774819,5.287026914700369,0.0018126539068917898,0.01,0.01,0.010551677292724196,0.010849395466979224,0
3d_or_5d,postopen_30_45m,trend_10d_30d,0.75,15,development_2024,-inf,8,8,0.015435868760566684,-0.015042156585139854,1.9577669315061474,0.5,19.449668278879233,5.314079818254346,0.0018149500257466432,0.01,0.01,0.010550980239858034,0.010780120897102764,0
3d_or_5d,postopen_30_45m,trend_10d_30d,0.75,15,evaluation_2025,-inf,9,7,-0.010868568324367223,-0.013461572010867284,0.6865723123888752,0.5555555555555556,-11.874615206429107,5.2629798893190545,0.0017767380142370362,0.01,0.01,0.010562829180209453,0.010849395466979224,0
3d_or_5d,postopen_30_45m,trend_10d_30d,0.75,30,all,-inf,17,15,0.05114224398142886,-0.022031501615892846,1.9103573835680492,0.6470588235294118,29.936036280300108,5.287026914700369,0.0018126539068917898,0.01,0.01,0.010551677292724196,0.010849395466979224,0
3d_or_5d,postopen_30_45m,trend_10d_30d,0.75,30,development_2024,-inf,8,8,0.049787253455431335,-0.013734682929659736,4.565503358316526,0.75,61.36510791229317,5.314079818254346,0.0018149500257466432,0.01,0.01,0.010550980239858034,0.010780120897102764,0
3d_or_5d,postopen_30_45m,trend_10d_30d,0.75,30,evaluation_2025,-inf,9,7,0.0012907286895869063,-0.020505460469695258,1.0427013907723541,0.5555555555555556,1.999083718528514,5.2629798893190545,0.0017767380142370362,0.01,0.01,0.010562829180209453,0.010849395466979224,0
3d_or_5d,postopen_30_45m,trend_10d_30d,1.0,5,all,-inf,17,15,-0.019993487910954344,-0.029386518228155634,0.45998617967345895,0.35294117647058826,-11.777136782896557,3.9652701860252755,0.0024168718758557197,0.01,0.01,0.010413757969543146,0.010637046600234418,0
3d_or_5d,postopen_30_45m,trend_10d_30d,1.0,5,development_2024,-inf,8,8,0.00128330064308102,-0.0073406413492754785,1.147375550884312,0.375,1.6584087124651246,3.985559863690759,0.002419933367662191,0.01,0.01,0.010413235179893524,0.010585090672827074,0
3d_or_5d,postopen_30_45m,trend_10d_30d,1.0,5,evaluation_2025,-inf,9,7,-0.021249519032595643,-0.01572319127692201,0.2395554454913,0.3333333333333333,-23.719843889884714,3.94723491698929,0.002368984018982715,0.01,0.01,0.01042212188515709,0.010637046600234418,0
3d_or_5d,postopen_30_45m,trend_10d_30d,1.0,10,all,-inf,17,15,-0.02196993457219698,-0.027789664825247806,0.5119081335631662,0.47058823529411764,-12.920126382898939,3.9652701860252755,0.0024168718758557197,0.01,0.01,0.010413757969543146,0.010637046600234418,0
3d_or_5d,postopen_30_45m,trend_10d_30d,1.0,10,development_2024,-inf,8,8,-0.00032969168780638825,-0.005509033758826609,0.9729334330763744,0.625,-0.3496796548450474,3.985559863690759,0.002419933367662191,0.01,0.01,0.010413235179893524,0.010585090672827074,0
3d_or_5d,postopen_30_45m,trend_10d_30d,1.0,10,evaluation_2025,-inf,9,7,-0.0216473798455884,-0.018752543072239725,0.37445215488297623,0.3333333333333333,-24.093856807835735,3.94723491698929,0.002368984018982715,0.01,0.01,0.01042212188515709,0.010637046600234418,0
3d_or_5d,postopen_30_45m,trend_10d_30d,1.0,15,all,-inf,17,15,-0.0013639452158940024,-0.028211299723080008,0.9754555767922618,0.5294117647058824,-0.6129476455999942,3.9652701860252755,0.0024168718758557197,0.01,0.01,0.010413757969543146,0.010637046600234418,0
3d_or_5d,postopen_30_45m,trend_10d_30d,1.0,15,development_2024,-inf,8,8,0.014459106796141707,-0.008497524198225137,2.542864730535512,0.5,18.09169283352481,3.985559863690759,0.002419933367662191,0.01,0.01,0.010413235179893524,0.010585090672827074,0
3d_or_5d,postopen_30_45m,trend_10d_30d,1.0,15,evaluation_2025,-inf,9,7,-0.015597525721867789,-0.01506915609257653,0.5308787528212393,0.5555555555555556,-17.239294738155376,3.94723491698929,0.002368984018982715,0.01,0.01,0.01042212188515709,0.010637046600234418,0
3d_or_5d,postopen_30_45m,trend_10d_30d,1.0,30,all,-inf,17,15,0.01579459130776195,-0.02035411289013178,1.3347817254697325,0.5882352941176471,9.523766725574506,3.9652701860252755,0.0024168718758557197,0.01,0.01,0.010413757969543146,0.010637046600234418,0
3d_or_5d,postopen_30_45m,trend_10d_30d,1.0,30,development_2024,-inf,8,8,0.02535797289153563,-0.005661253202946637,4.725502247446462,0.625,31.483575176906378,3.985559863690759,0.002419933367662191,0.01,0.01,0.010413235179893524,0.010585090672827074,0
3d_or_5d,postopen_30_45m,trend_10d_30d,1.0,30,evaluation_2025,-inf,9,7,-0.009326871040759244,-0.02035411289013178,0.7837411594160795,0.5555555555555556,-9.996063008942714,3.94723491698929,0.002368984018982715,0.01,0.01,0.01042212188515709,0.010637046600234418,0
3d_or_5d,postopen_30_45m,trend_10d_30d,1.25,5,all,-inf,17,15,-0.012368558224150616,-0.019953528180867486,0.5246544892698278,0.35294117647058826,-7.271192095068449,3.172216148820221,0.0030210898448196494,0.01,0.01,0.010331006375634518,0.010509637280187535,0
3d_or_5d,postopen_30_45m,trend_10d_30d,1.25,5,development_2024,-inf,8,8,0.0010335857497825174,-0.005874594339460026,1.1473755508843118,0.375,1.3267269699720978,3.1884478909526077,0.0030249167095777385,0.01,0.01,0.01033058814391482,0.01046807253826166,0
3d_or_5d,postopen_30_45m,trend_10d_30d,1.25,5,evaluation_2025,-inf,9,7,-0.013388306011625772,-0.011369134629901967,0.286133815410766,0.3333333333333333,-14.913786819548934,3.1577879335914325,0.002961230023728394,0.01,0.01,0.010337697508125672,0.010509637280187535,0
3d_or_5d,postopen_30_45m,trend_10d_30d,1.25,10,all,-inf,17,15,-0.016699719836761773,-0.02138935317456092,0.45380980975751234,0.47058823529411764,-9.830095397429046,3.1722713174292823,0.0030210898448196494,0.01,0.01,0.010331006375634518,0.010509637280187535,0
3d_or_5d,postopen_30_45m,trend_10d_30d,1.25,10,development_2024,-inf,8,8,-0.0002557674148648825,-0.0044076021052603664,0.9729334330763745,0.625,-0.2797437238760372,3.1884478909526077,0.0030249167095777385,0.01,0.01,0.01033058814391482,0.01046807253826166,0
3d_or_5d,postopen_30_45m,trend_10d_30d,1.25,10,evaluation_2025,-inf,9,7,-0.016448159325086698,-0.008970216950138332,0.2615684134964664,0.3333333333333333,-18.319296885031722,3.1578921409641043,0.002961230023728394,0.01,0.01,0.010337697508125672,0.010509637280187535,0
3d_or_5d,postopen_30_45m,trend_10d_30d,1.25,15,all,-inf,16,15,0.00665399226063923,-0.017239412681920863,1.2363009092369268,0.5625,4.286755237437842,3.255891992218834,0.0029911599342740216,0.01,0.01,0.010334351941880095,0.010509637280187535,0
3d_or_5d,postopen_30_45m,trend_10d_30d,1.25,15,development_2024,-inf,8,8,0.011569642324536833,-0.0068012541155384465,2.542864730535512,0.5,14.473354266819852,3.1884478909526077,0.0030249167095777385,0.01,0.01,0.01033058814391482,0.01046807253826166,0
3d_or_5d,postopen_30_45m,trend_10d_30d,1.25,15,evaluation_2025,-inf,8,7,-0.004859428217518724,-0.010403689304813057,0.7806858882762491,0.625,-5.899843791944168,3.32333609348506,0.002851985907351107,0.01,0.01,0.01035114808739617,0.010509637280187535,0
3d_or_5d,postopen_30_45m,trend_10d_30d,1.25,30,all,-inf,16,15,0.024495675975356956,-0.01249969099029391,1.8898710660952953,0.625,15.318187255064117,3.255891992218834,0.0029911599342740216,0.01,0.01,0.010334351941880095,0.010509637280187535,0
3d_or_5d,postopen_30_45m,trend_10d_30d,1.25,30,development_2024,-inf,8,8,0.02025900482876386,-0.00453025964247733,4.725502247446462,0.625,25.1868601415251,3.1884478909526077,0.0030249167095777385,0.01,0.01,0.01033058814391482,0.01046807253826166,0
3d_or_5d,postopen_30_45m,trend_10d_30d,1.25,30,evaluation_2025,-inf,8,7,0.004152544722998197,-0.010403689304813057,1.1969664693765858,0.625,5.449514368603138,3.32333609348506,0.002851985907351107,0.01,0.01,0.01035114808739617,0.010509637280187535,0
3d_or_5d,rth_15_330m,none,0.0,5,all,-0.9836329403551145,447,155,-0.521605924546592,-0.5302851329463205,0.7370183839448236,0.39373601789709173,-15.822396081442859,14.814236749007787,0.0007518260280840969,0.01,0.010000000000000002,0.011330094945699518,0.014659827543203195,0
3d_or_5d,rth_15_330m,none,0.0,5,development_2024,-0.9794364730965466,237,78,-0.31115311660580036,-0.3176858582997949,0.7533786103466458,0.4092827004219409,-15.039338076057488,16.163954674121346,0.0006846166277017366,0.01,0.010000000000000002,0.01146067150509769,0.014659827543203195,0
3d_or_5d,rth_15_330m,none,0.0,5,evaluation_2025,-0.8044727904906586,210,77,-0.3055146405015493,-0.3797700110095854,0.7180133356003481,0.3761904761904762,-16.706132973234915,13.290983662093913,0.0008285536633216219,0.01,0.010000000000000002,0.011206927404842908,0.013314659326424817,0
3d_or_5d,rth_15_330m,none,0.0,10,all,-0.9612670478329054,434,155,-0.5010605221435059,-0.5212500764205994,0.7817050981285427,0.3709677419354839,-15.159387685107438,15.160100167712695,0.0007409495635516436,0.01,0.010000000000000002,0.011349624991948096,0.014659827543203195,0
3d_or_5d,rth_15_330m,none,0.0,10,development_2024,-0.9340350638165005,230,78,-0.37614778871977306,-0.40271270671876047,0.7217838756092031,0.3695652173913043,-19.67616891149767,16.849878501291126,0.0006545470931969784,0.01,0.010000000000000002,0.011527790934442669,0.014659827543203195,0
3d_or_5d,rth_15_330m,none,0.0,10,evaluation_2025,-0.6750129054265446,204,77,-0.20022808473724274,-0.2966285283252732,0.8519645659245683,0.37254901960784315,-10.066938263196885,13.25495792887427,0.0008232661577977571,0.01,0.010000000000000002,0.011214697297669397,0.013136214736433293,0
3d_or_5d,rth_15_330m,none,0.0,15,all,-0.9385508070131062,423,155,-0.4479074353819955,-0.4772330192836761,0.8188151528990775,0.3546099290780142,-13.102761895316737,14.881110686998461,0.0007457742832264355,0.01,0.010000000000000002,0.011340888285492644,0.013326394301704446,0
3d_or_5d,rth_15_330m,none,0.0,15,development_2024,-0.8725489285570174,222,78,-0.3030616992614995,-0.3473291747234043,0.7907556774639478,0.35135135135135137,-15.331893907254932,16.42286257893716,0.0006575048465840645,0.01,0.010000000000000002,0.0115209013392387,0.013326394301704446,0
3d_or_5d,rth_15_330m,none,0.0,15,evaluation_2025,-0.665056992287351,201,77,-0.20783150526669492,-0.3125017971044761,0.8506807910323665,0.3582089552238806,-10.640735494071565,13.178280239185574,0.0008268713466026482,0.01,0.010000000000000002,0.01120937798136153,0.013136214736433293,0
3d_or_5d,rth_15_330m,none,0.0,30,all,-0.9777153062951991,418,155,-0.4347858785438681,-0.44469578797060816,0.8318913767075973,0.34210526315789475,-12.643211225465707,14.79043545780668,0.0007489299928312358,0.01,0.010000000000000002,0.01133524290740423,0.013326394301704446,0
3d_or_5d,rth_15_330m,none,0.0,30,development_2024,-0.8822640444868673,220,78,-0.2828925395025108,-0.32064384950317637,0.8142129785736515,0.3409090909090909,-14.110526697831206,16.26439058230313,0.0006683057286724688,0.01,0.010000000000000002,0.011496523510808472,0.013326394301704446,0
3d_or_5d,rth_15_330m,none,0.0,30,evaluation_2025,-0.7297599106822814,198,77,-0.21181391549877615,-0.2902515092953557,0.8519473723819343,0.3434343434343434,-11.01286070061514,13.152707541699522,0.0008287413453217161,0.01,0.010000000000000002,0.011206653026624772,0.013136214736433293,0
3d_or_5d,rth_15_330m,none,0.25,5,all,-0.9749953873123594,454,155,-0.4413387796493693,-0.45265730011908,0.7770830092526437,0.41629955947136565,-12.217066144057094,13.734127555397869,0.0008103569810832184,0.01,0.010000000000000002,0.011234027590185113,0.01391272351885077,0
3d_or_5d,rth_15_330m,none,0.25,5,development_2024,-0.9219209661364931,243,78,-0.19751004578384712,-0.21423750303841682,0.8444829747412486,0.43621399176954734,-8.42760492299247,14.96622907177113,0.0007380162629643801,0.01,0.010000000000000002,0.011354983690987124,0.01391272351885077,0
3d_or_5d,rth_15_330m,none,0.25,5,evaluation_2025,-0.8240616033229932,211,77,-0.3038402319985253,-0.36871058034169113,0.7013102193032212,0.3933649289099526,-16.581232384430095,12.315167041280802,0.0008849852118356399,0.01,0.010000000000000002,0.011129962384259276,0.013314659326424817,0
3d_or_5d,rth_15_330m,none,0.25,10,all,-0.9220121874045316,435,155,-0.3794953457495751,-0.41159471743844966,0.8406458184798612,0.39770114942528734,-10.163917575137305,13.962119841308207,0.0007976644503031265,0.01,0.010000000000000002,0.01125365998148718,0.01391272351885077,0
3d_or_5d,rth_15_330m,none,0.25,10,development_2024,-0.7948855649920953,233,78,-0.2592733106215095,-0.32617690148152056,0.8100013921800973,0.40772532188841204,-12.092904406888913,15.430361597374803,0.0007208547557359217,0.01,0.010000000000000002,0.01138724200963216,0.01391272351885077,0
3d_or_5d,rth_15_330m,none,0.25,10,evaluation_2025,-0.6292504484433791,202,77,-0.16230282620022518,-0.25793041006442674,0.8758328564779192,0.38613861386138615,-7.9388981107901575,12.268553855350195,0.0008798028538474858,0.01,0.010000000000000002,0.01113662387317724,0.013008256759026617,0
3d_or_5d,rth_15_330m,none,0.25,15,all,-0.8639888715732649,424,155,-0.3102126913066443,-0.35904709136098956,0.8836854755322792,0.37735849056603776,-7.858037987341854,13.788372618238537,0.0008012136159217872,0.01,0.010000000000000002,0.011248121845178573,0.013324356659668564,0
3d_or_5d,rth_15_330m,none,0.25,15,development_2024,-0.7663709132863038,224,78,-0.1826746221846357,-0.2383631985735234,0.8797401725154862,0.3794642857142857,-8.113563585795202,15.170617887173503,0.0007248822688790165,0.01,0.010000000000000002,0.011379550360918676,0.013324356659668564,0
3d_or_5d,rth_15_330m,none,0.25,15,evaluation_2025,-0.5865408219076809,200,77,-0.1560432021123659,-0.2660397985682341,0.888091535745491,0.375,-7.571849317074107,12.240257917031377,0.0008816637824660653,0.01,0.010000000000000002,0.011134219223678975,0.013008256759026617,0
3d_or_5d,rth_15_330m,none,0.25,30,all,-0.7720668775172285,418,155,-0.18630030995510782,-0.24130074139976376,0.9441458891202419,0.37559808612440193,-3.9304965078999166,13.821170317965997,0.0008087610896036926,0.01,0.010000000000000002,0.011236459182455312,0.01385605366357049,0
3d_or_5d,rth_15_330m,none,0.25,30,development_2024,-0.3133317964265082,222,78,-0.07064570449435903,-0.22546612025993007,0.9671394542487035,0.38288288288288286,-2.2917726950686874,15.228257371954466,0.0007275026292405558,0.01,0.010000000000000002,0.011374565538937072,0.01385605366357049,0
3d_or_5d,rth_15_330m,none,0.25,30,evaluation_2025,-0.5280620927746111,196,77,-0.12444619454609984,-0.23566583598572433,0.9185931621883646,0.3673469387755102,-5.786602051004678,12.227428858856607,0.0008833705097985748,0.01,0.010000000000000002,0.011132031610849687,0.013008256759026617,0
3d_or_5d,rth_15_330m,none,0.5,5,all,-0.9656049593059015,451,155,-0.27291352306602057,-0.28263475703583474,0.8098854280593956,0.4434589800443459,-6.744562721334296,8.372435814903506,0.0013012615030357528,0.01,0.010000000000000002,0.010768485041374905,0.012915781666666667,0
3d_or_5d,rth_15_330m,none,0.5,5,development_2024,-0.3704160848040845,244,78,-0.054298538188004564,-0.14658795990655593,0.9413185473189312,0.46311475409836067,-1.9624830697586695,9.08492093087868,0.0011746386567415932,0.01,0.010000000000000002,0.010851328034772154,0.012915781666666667,0
3d_or_5d,rth_15_330m,none,0.5,5,evaluation_2025,-0.8679654582403763,207,77,-0.23116701591974054,-0.2663320455037286,0.6730814051968617,0.42028985507246375,-12.381410233336485,7.5325982868941255,0.0015019656269293885,0.01,0.010000000000000002,0.010665794197996658,0.012136196242171125,0
3d_or_5d,rth_15_330m,none,0.5,10,all,-0.8837959317700376,429,155,-0.24764622111771406,-0.28020746895919324,0.8591570577508493,0.46153846153846156,-6.1622026006021,8.815629659791336,0.0012369877765392061,0.01,0.010000000000000002,0.010808415425735055,0.012915781666666667,0
3d_or_5d,rth_15_330m,none,0.5,10,development_2024,-0.17450511858513618,231,78,-0.027263624774342188,-0.15623395459910838,0.9830589186301981,0.4805194805194805,-0.7035775023511519,9.645666135783593,0.001116945884171016,0.01,0.010000000000000002,0.010895298522669421,0.012915781666666667,0
3d_or_5d,rth_15_330m,none,0.5,10,evaluation_2025,-0.8136539399509775,198,77,-0.22655942756561054,-0.27844691267550514,0.7296176219107529,0.4393939393939394,-12.530598548561537,7.847253771133704,0.0013983030155820093,0.01,0.010000000000000002,0.010715154031883199,0.01217415037593977,0
3d_or_5d,rth_15_330m,none,0.5,15,all,-0.47783052380422814,412,155,-0.11843884246654024,-0.24786788739152588,0.950268668470652,0.4393203883495146,-2.4577442842317745,8.648684210832387,0.0012528459236374086,0.01,0.010000000000000002,0.010798185474527645,0.012915781666666667,0
3d_or_5d,rth_15_330m,none,0.5,15,development_2024,0.26179555985089403,219,78,0.031536529658005685,-0.12046243135661794,1.041901742537113,0.45662100456621,2.0537630953230823,9.402192395089465,0.0011468354943684675,0.01,0.010000000000000002,0.010871964640883977,0.012915781666666667,0
3d_or_5d,rth_15_330m,none,0.5,15,evaluation_2025,-0.6411275374051092,193,77,-0.14539026763722074,-0.22677277008825936,0.8481007477018224,0.41968911917098445,-7.577019497301792,7.79366715201218,0.0014002998900832216,0.01,0.010000000000000002,0.010714132741908999,0.012136196242171125,0
3d_or_5d,rth_15_330m,none,0.5,30,all,0.08938070005860763,390,155,0.01723963423769259,-0.192878711247377,1.02146394307083,0.4230769230769231,1.2180461115609487,8.693956444045936,0.001239224611729337,0.01,0.010000000000000002,0.010806958842385635,0.012908722857142858,0
3d_or_5d,rth_15_330m,none,0.5,30,development_2024,0.8921077111408894,209,78,0.11073149111338898,-0.12412345474716036,1.1051735670198461,0.4354066985645933,5.828936630598698,9.3845282979464,0.0011501974295951849,0.01,0.010000000000000002,0.01086941595787773,0.012908722857142858,0
3d_or_5d,rth_15_330m,none,0.5,30,evaluation_2025,-0.5852135005360403,181,77,-0.08417142903005381,-0.14383029262475144,0.9295448563641009,0.4088397790055249,-4.106131338598661,7.896555795066947,0.0013435716863178337,0.01,0.010000000000000002,0.010744284812030075,0.012093122891566265,0
3d_or_5d,rth_15_330m,none,0.75,5,all,-0.8443008667580401,455,155,-0.1671682725919873,-0.19799609259419892,0.8404308791459448,0.45054945054945056,-3.8472646556817662,5.648957564676029,0.0019508244834541906,0.01,0.010000000000000002,0.010512603777777779,0.011943854444444445,0
3d_or_5d,rth_15_330m,none,0.75,5,development_2024,-0.07848923558488706,246,78,-0.009410846069751067,-0.11989983084461464,0.990821889529133,0.4715447154471545,-0.20838495200659513,6.081299322794776,0.0017619579851123899,0.01,0.01,0.010567552023181437,0.011943854444444445,0
3d_or_5d,rth_15_330m,none,0.75,5,evaluation_2025,-0.8672429726137002,209,77,-0.15925616174608814,-0.18363499823598606,0.6844418599685833,0.4258373205741627,-8.130347943261153,5.140076835024297,0.002179828064850369,0.01,0.010000000000000002,0.010458751777777778,0.011598779791046275,0
3d_or_5d,rth_15_330m,none,0.75,10,all,-0.7905870127640063,418,155,-0.1541865833537821,-0.19502797397938976,0.8770176143535658,0.48564593301435405,-3.7379675062370814,5.943863295935481,0.0018588369175940055,0.01,0.010000000000000002,0.010537972561590423,0.011943854444444445,0
3d_or_5d,rth_15_330m,none,0.75,10,development_2024,-0.2330633414813463,223,78,-0.02538758330179236,-0.10892997217163947,0.9686057959974967,0.5067264573991032,-0.8903496428935583,6.481786844100066,0.0016681404369614037,0.01,0.01,0.010599469911431167,0.011943854444444445,0
3d_or_5d,rth_15_330m,none,0.75,10,evaluation_2025,-0.8592461316266772,195,77,-0.13215407257823997,-0.15380234802809434,0.7862351273819423,0.46153846153846156,-6.994474088419674,5.3286994434190555,0.0020841240579081498,0.01,0.010000000000000002,0.010479817886178862,0.011598779791046275,0
3d_or_5d,rth_15_330m,none,0.75,15,all,-0.7722485097390437,407,155,-0.18666876075242733,-0.24172110194878327,0.8677120908927984,0.4643734643734644,-4.743331237149509,5.8519153016850485,0.0018884182024873977,0.01,0.010000000000000002,0.010529543720073664,0.011943854444444445,0
3d_or_5d,rth_15_330m,none,0.75,15,development_2024,-0.41186296535514855,211,78,-0.04218095343426631,-0.10241501902919037,0.9510963230091777,0.46919431279620855,-1.7036708161248588,6.339421692383481,0.0017170768264557425,0.01,0.01,0.010582385123712911,0.011943854444444445,0
3d_or_5d,rth_15_330m,none,0.75,15,evaluation_2025,-0.8121700219112051,196,77,-0.15085083955703582,-0.18573800495868142,0.7830857639381187,0.45918367346938777,-8.015618731211765,5.327099748433163,0.0020690474074439263,0.01,0.010000000000000002,0.010483339867459179,0.011598779791046275,0
3d_or_5d,rth_15_330m,none,0.75,30,all,0.5476368304470719,371,155,0.07379015083390872,-0.1347428564541011,1.0553626972374863,0.444743935309973,2.4851665574343156,5.961124334331321,0.0018195616568381229,0.01,0.010000000000000002,0.010549582915336716,0.011939148571428571,0
3d_or_5d,rth_15_330m,none,0.75,30,development_2024,1.9887921199814984,195,78,0.1767823912514308,-0.0888893260765109,1.2140534553413012,0.4717948717948718,8.919098605137194,6.369538518380609,0.0017168431001795773,0.01,0.01,0.010582464408014572,0.011939148571428571,0
3d_or_5d,rth_15_330m,none,0.75,30,evaluation_2025,-0.7122481334282503,176,77,-0.08752020864961796,-0.12287881784731203,0.904177655052529,0.4147727272727273,-4.6433376999637614,5.508619982685801,0.001994525782456948,0.01,0.010000000000000002,0.010501376924270393,0.011598779791046275,0
3d_or_5d,rth_15_330m,none,1.0,5,all,-0.9240851165836338,454,155,-0.14446857524030488,-0.156336870541113,0.8231001210607916,0.45154185022026433,-3.3265547388180705,4.250779595176276,0.0026005849652371285,0.01,0.010000000000000002,0.01038452888580247,0.011457890833333333,0
3d_or_5d,rth_15_330m,none,1.0,5,development_2024,-0.2508290319976299,246,78,-0.023886299790644494,-0.09522940626294885,0.9499837081323109,0.4715447154471545,-0.8799519203631312,4.560974492096082,0.0023492773134831863,0.01,0.010000000000000002,0.010425664017386076,0.011457890833333333,0
3d_or_5d,rth_15_330m,none,1.0,5,evaluation_2025,-0.8325458045453646,208,77,-0.1235330222532457,-0.1483798507887556,0.6926428355388309,0.42788461538461536,-6.220133072183048,3.883914476703811,0.0029551843368296345,0.01,0.010000000000000002,0.010338480466165832,0.011330950588235295,0
3d_or_5d,rth_15_330m,none,1.0,10,all,-0.612794209714242,417,155,-0.09675400971275716,-0.15788988893657374,0.9007413176703299,0.486810551558753,-2.268742865445711,4.475006502829391,0.0024739755530784123,0.01,0.010000000000000002,0.010404207712867528,0.011457890833333333,0
3d_or_5d,rth_15_330m,none,1.0,10,development_2024,-0.09747756056611058,223,78,-0.0066970316656324025,-0.06870331619645309,0.9929406119849825,0.5112107623318386,-0.1470889128607573,4.868385213553675,0.0022241872492818715,0.01,0.010000000000000002,0.010449602433573376,0.011457890833333333,0
3d_or_5d,rth_15_330m,none,1.0,10,evaluation_2025,-0.783178740152994,194,77,-0.09066415878947542,-0.11576432574224904,0.8130433711784013,0.4587628865979381,-4.707551274860373,4.022823758027765,0.002765619979067265,0.01,0.010000000000000002,0.010361617023741661,0.011330950588235295,0
3d_or_5d,rth_15_330m,none,1.0,15,all,-0.7077414623371513,405,155,-0.1235436277165477,-0.17456039287082836,0.8917037134617658,0.4765432098765432,-3.0236554240095788,4.46130696160107,0.002441281315888187,0.01,0.010000000000000002,0.010409620961538461,0.011457890833333333,0
3d_or_5d,rth_15_330m,none,1.0,15,development_2024,-0.49691382459738603,212,78,-0.048395377523866134,-0.09739189197055942,0.9239795404718029,0.4716981132075472,-2.111862549797228,4.770857091963036,0.00228158129207419,0.01,0.010000000000000002,0.010438297304171153,0.011457890833333333,0
3d_or_5d,rth_15_330m,none,1.0,15,evaluation_2025,-0.6911050504948835,193,77,-0.07897003484192977,-0.11426632577114182,0.8566215469729521,0.48186528497409326,-4.025210291020035,4.121282984208653,0.0026985146277787838,0.01,0.010000000000000002,0.010370574237288136,0.011330950588235295,0
3d_or_5d,rth_15_330m,none,1.0,30,all,0.23424191064379293,364,155,0.02911143392338511,-0.12427935651384903,1.032376212293207,0.4532967032967033,1.1981385796240946,4.538046565169359,0.0024052031712208117,0.01,0.010000000000000002,0.010415765948122196,0.01145436142857143,0
3d_or_5d,rth_15_330m,none,1.0,30,development_2024,0.49531609854638137,191,78,0.0431632398202233,-0.0871428163689727,1.072249142227597,0.46596858638743455,2.6142569487330882,4.755032600674846,0.0022891241335727696,0.01,0.010000000000000002,0.010436848306010929,0.01145436142857143,0
3d_or_5d,rth_15_330m,none,1.0,30,evaluation_2025,-0.13815332823568308,173,77,-0.01347038062735062,-0.09750312062240574,0.9903647743341087,0.4393063583815029,-0.36532158511473706,4.298483947934977,0.002600070619202003,0.01,0.010000000000000002,0.010384604938271605,0.011330950588235295,0
3d_or_5d,rth_15_330m,none,1.25,5,all,-0.8682775769094223,454,155,-0.10660671765931373,-0.1227795355936444,0.8390492561332229,0.45154185022026433,-2.4090614499024845,3.402295752240065,0.003250731206546411,0.01,0.010000000000000002,0.010307623108641976,0.011166312666666667,0
3d_or_5d,rth_15_330m,none,1.25,5,development_2024,-0.2622349629324672,246,78,-0.019929504590523672,-0.07599865543350937,0.9467763814227226,0.4715447154471545,-0.7516412045823557,3.6487795936768657,0.0029365966418539832,0.01,0.010000000000000002,0.010340531213908863,0.011166312666666667,0
3d_or_5d,rth_15_330m,none,1.25,5,evaluation_2025,-0.7658919278484416,208,77,-0.0884397739497057,-0.11547291560854078,0.726364298949657,0.42788461538461536,-4.369279624656099,3.1107812090023095,0.0036939804210370433,0.01,0.010000000000000002,0.010270784372932665,0.011064807529411766,0
3d_or_5d,rth_15_330m,none,1.25,10,all,-0.5809248918984107,414,155,-0.07198613872905635,-0.12391643004625275,0.908461323888479,0.48792270531400966,-1.6864097088278387,3.5878091792453315,0.003091309177812097,0.01,0.010000000000000002,0.010323487585147012,0.011166312666666667,0
3d_or_5d,rth_15_330m,none,1.25,10,development_2024,0.006200603353907142,222,78,0.00034001196202870787,-0.05483530273137993,1.0069794129162437,0.5135135135135135,0.11512340698004496,3.886770644756819,0.0027805046101717053,0.01,0.010000000000000002,0.010359646952502596,0.011166312666666667,0
3d_or_5d,rth_15_330m,none,1.25,10,evaluation_2025,-0.8074771001597812,192,77,-0.07230156729333148,-0.08954008389714663,0.8174822064528104,0.4583333333333333,-3.7694323739807047,3.242134984747674,0.0034180201998450185,0.01,0.010000000000000002,0.010292567718655183,0.011064807529411766,0
3d_or_5d,rth_15_330m,none,1.25,15,all,-0.6179410118945922,404,155,-0.07843134812083952,-0.12692368140507604,0.9151567801177978,0.4801980198019802,-1.8650629636341571,3.5754930846573805,0.003072035543104125,0.01,0.010000000000000002,0.010325531469762396,0.011166312666666667,0
3d_or_5d,rth_15_330m,none,1.25,15,development_2024,-0.4782611703993867,212,78,-0.04148218911968893,-0.08673543178311538,0.9146679185861339,0.4669811320754717,-1.8552621358779753,3.8166856735704284,0.002851976615092737,0.01,0.010000000000000002,0.010350637843336924,0.011166312666666667,0
3d_or_5d,rth_15_330m,none,1.25,15,evaluation_2025,-0.4496368779911137,192,77,-0.03854822370720057,-0.08573189965962358,0.9156842721307843,0.4947916666666667,-1.8758847109482746,3.3091762677325565,0.0033756454663578382,0.01,0.010000000000000002,0.010296239803442386,0.011064807529411766,0
3d_or_5d,rth_15_330m,none,1.25,30,all,0.233484530093438,360,155,0.023752401236567078,-0.10173008561664287,1.0314283346686504,0.46111111111111114,0.9497481482519385,3.6505606207333416,0.003002007146891028,0.01,0.010000000000000002,0.010333110485357368,0.011163489142857143,0
3d_or_5d,rth_15_330m,none,1.25,30,development_2024,0.1267096808998129,190,78,0.009223769807551685,-0.07279451532077297,1.0258054792154845,0.46842105263157896,0.7580373567593325,3.80653078088752,0.0028615999388627664,0.01,0.010000000000000002,0.010349454859518246,0.011163489142857143,0
3d_or_5d,rth_15_330m,none,1.25,30,evaluation_2025,0.17559401459337756,170,77,0.014395847445989096,-0.08198370245891073,1.0373520930299924,0.45294117647058824,1.1640131505083806,3.476241029972788,0.003233747228748347,0.01,0.010000000000000002,0.010309246662029604,0.011064807529411766,0
3d_or_5d,rth_15_330m,poc_migration,0.0,5,all,1.2071641149773729,91,41,0.07288021661997313,-0.06037308077314674,1.1712532112499128,0.4835164835164835,8.445629208583092,14.66523746991561,0.0007091591013826557,0.01,0.01,0.011410120800889798,0.013324356659668564,0
3d_or_5d,rth_15_330m,poc_migration,0.0,5,development_2024,0.3416915899916249,47,18,0.020628973962069308,-0.06037308077314674,1.1059950109948833,0.5106382978723404,4.981997294321412,17.048055981032444,0.0005947705193383753,0.01,0.01,0.01168132072368416,0.013324356659668564,0
3d_or_5d,rth_15_330m,poc_migration,0.0,5,evaluation_2025,1.1207225649463761,44,23,0.05119513945901888,-0.04568047531145092,1.234517999162586,0.45454545454545453,12.145417844271712,12.11995406031353,0.0008636689090460825,0.01,0.01,0.011159468625226113,0.012197598845792666,0
3d_or_5d,rth_15_330m,poc_migration,0.0,10,all,0.6557827115458343,91,41,0.06299596955577469,-0.09606226032900189,1.12490757831525,0.46153846153846156,7.660907071831106,15.163451423870239,0.0006692061630165238,0.01,0.01,0.01149430781613305,0.013324356659668564,0
3d_or_5d,rth_15_330m,poc_migration,0.0,10,development_2024,-0.49190352289536005,48,18,-0.04190431223388136,-0.08518807100065318,0.8768270640222214,0.4375,-8.053530742322762,17.778390763300255,0.0005928081841672323,0.01,0.01,0.011686896144747098,0.013324356659668564,0
3d_or_5d,rth_15_330m,poc_migration,0.0,10,evaluation_2025,2.092698099590141,43,23,0.10948831429795947,-0.052319211413917266,1.4436282245429233,0.4883720930232558,25.20260509693311,12.244449370553006,0.0008314105142367703,0.01,0.01,0.011202775263093701,0.012197598845792666,0
3d_or_5d,rth_15_330m,poc_migration,0.0,15,all,0.6064961654955593,89,41,0.062397843312292256,-0.10288250258154208,1.1195449401035689,0.42696629213483145,7.83295880721846,14.833233004722638,0.000695435385853383,0.01,0.01,0.011437948111847774,0.013324356659668564,0
3d_or_5d,rth_15_330m,poc_migration,0.0,15,development_2024,-0.4073405695676625,46,18,-0.033131889509695145,-0.08133707267326751,0.9103088092273427,0.391304347826087,-6.34076000929271,17.253182923620333,0.000594505669880562,0.01,0.01,0.011682070077930408,0.013324356659668564,0
3d_or_5d,rth_15_330m,poc_migration,0.0,15,evaluation_2025,1.8884702051114726,43,23,0.09880327191011062,-0.052319211413917155,1.3833232850567496,0.46511627906976744,22.995541727207154,12.244449370553006,0.0008314105142367703,0.01,0.01,0.011202775263093701,0.012197598845792666,0
3d_or_5d,rth_15_330m,poc_migration,0.0,30,all,0.7815372176683585,88,41,0.08123855176239814,-0.10394713127644206,1.1502583770220007,0.42045454545454547,9.954449067888987,14.748392461472065,0.0007022972436180194,0.01,0.01,0.011424034456368786,0.013324356659668564,0
3d_or_5d,rth_15_330m,poc_migration,0.0,30,development_2024,-0.40908809173856475,45,18,-0.033720014507579554,-0.08242726979481219,0.9084718147406645,0.37777777777777777,-6.61104797982288,17.14104919279472,0.0005947705193383753,0.01,0.01,0.01168132072368416,0.013324356659668564,0
3d_or_5d,rth_15_330m,poc_migration,0.0,30,evaluation_2025,2.2739303867592993,43,23,0.11897024464539019,-0.052319211413917155,1.4549168299625457,0.46511627906976744,27.29043435037815,12.244449370553006,0.0008314105142367703,0.01,0.01,0.011202775263093701,0.012197598845792666,0
3d_or_5d,rth_15_330m,poc_migration,0.25,5,all,3.3655572370567404,92,41,0.1772159412331078,-0.052655750222238784,1.4506611147614479,0.532608695652174,18.389758596029278,13.793584382092135,0.0007387374644220906,0.01,0.01,0.011353662161795293,0.013324356659668564,0
3d_or_5d,rth_15_330m,poc_migration,0.25,5,development_2024,2.7989369930805155,48,18,0.09856162034460891,-0.0352139475051676,1.5355030590200556,0.5625,20.20088035519179,16.139238750626365,0.0006110348455377682,0.01,0.01,0.011636657208747247,0.013324356659668564,0
3d_or_5d,rth_15_330m,poc_migration,0.25,5,evaluation_2025,1.5393549539602123,44,23,0.0715975503165911,-0.04651139760351963,1.3716140886700712,0.5,16.41398940421563,11.23468870732752,0.0009394956678769532,0.01,0.01,0.0110644008670906,0.012197598845792666,0
3d_or_5d,rth_15_330m,poc_migration,0.25,10,all,3.5569503923897354,91,41,0.20616638407748766,-0.057961557326914215,1.423190864153975,0.5164835164835165,21.49286677970732,14.075329203641251,0.0007276546062271722,0.01,0.01,0.011374278389007824,0.013324356659668564,0
3d_or_5d,rth_15_330m,poc_migration,0.25,10,development_2024,0.45495546503282774,48,18,0.02636992726769316,-0.057961557326914215,1.1140514039038771,0.4791666666666667,6.249438091054967,16.556646571827653,0.0006013800417112528,0.01,0.01,0.011662963520291872,0.013324356659668564,0
3d_or_5d,rth_15_330m,poc_migration,0.25,10,evaluation_2025,3.955721225683021,43,23,0.1751770507232533,-0.044284478285753326,1.8314646753034807,0.5581395348837209,38.508787176342516,11.305486560084342,0.000939439958953871,0.01,0.01,0.011064463982470542,0.012197598845792666,0
3d_or_5d,rth_15_330m,poc_migration,0.25,15,all,2.6314556618157106,90,41,0.21868802424214917,-0.08310534257349178,1.4064618376490399,0.4888888888888889,22.99230707702711,13.970298416256878,0.0007328354345957761,0.01,0.01,0.011364631039997474,0.013324356659668564,0
3d_or_5d,rth_15_330m,poc_migration,0.25,15,development_2024,0.817285549152295,47,18,0.059128237684901164,-0.07234709795888372,1.2169163397351523,0.46808510638297873,13.224035468393303,16.40831777403175,0.0006065205522793743,0.01,0.01,0.011648748746010145,0.013324356659668564,0
3d_or_5d,rth_15_330m,poc_migration,0.25,15,evaluation_2025,3.2357298108180457,43,23,0.15065199933298246,-0.04655889339996999,1.6504736169999497,0.5116279069767442,33.66925511437105,11.305486560084342,0.000939439958953871,0.01,0.01,0.011064463982470542,0.012197598845792666,0
3d_or_5d,rth_15_330m,poc_migration,0.25,30,all,3.7391740929091615,88,41,0.31481393431854987,-0.08419344125098427,1.5691993995930045,0.5,32.22481149831477,13.92538096662404,0.0007328354345957761,0.01,0.01,0.011364631039997474,0.013324356659668564,0
3d_or_5d,rth_15_330m,poc_migration,0.25,30,development_2024,1.0974964330245385,46,18,0.08060887814890005,-0.07344796367743434,1.2880803819049897,0.45652173913043476,17.93387652206567,16.280255099319987,0.0006110348455377682,0.01,0.01,0.011636657208747247,0.013324356659668564,0
3d_or_5d,rth_15_330m,poc_migration,0.25,30,evaluation_2025,4.89413790666406,42,23,0.2167343438551479,-0.04428447828575355,1.9492112359147022,0.5476190476190477,47.87678790087331,11.346233107004675,0.0009176836314046328,0.01,0.01,0.011090312984914533,0.012197598845792666,0
3d_or_5d,rth_15_330m,poc_migration,0.5,5,all,3.922524018379251,89,41,0.11951809182754825,-0.030469690247284187,1.4729374870986074,0.5617977528089888,13.037211048455935,8.493729743935718,0.0012130411045587486,0.01,0.010000000000000002,0.010824374373005072,0.012908722857142858,0
3d_or_5d,rth_15_330m,poc_migration,0.5,5,development_2024,3.5801930172564935,45,18,0.061797719318762434,-0.017261002136169212,1.585692883149987,0.5777777777777777,13.6131835236742,9.606083455619029,0.001116945884171016,0.01,0.01,0.010895298522669421,0.012908722857142858,0
3d_or_5d,rth_15_330m,poc_migration,0.5,5,evaluation_2025,1.7841004297200609,44,23,0.05436098746361706,-0.030469690247284298,1.3891468185492146,0.5454545454545454,12.448148289709978,7.356095266077788,0.0014393397423465644,0.01,0.010000000000000002,0.010694800165500808,0.011733027407407408,0
3d_or_5d,rth_15_330m,poc_migration,0.5,10,all,1.6194382297407812,88,41,0.07949616220486999,-0.049088727649460706,1.244600302427753,0.5227272727272727,9.202536336765865,8.730864289575434,0.0011997396514041073,0.01,0.010000000000000002,0.01083353701052835,0.012908722857142858,0
3d_or_5d,rth_15_330m,poc_migration,0.5,10,development_2024,-0.11627978507006129,45,18,-0.005317580889930396,-0.04573091433499321,0.980273168388444,0.4888888888888889,-0.7489502457650038,9.975738471409592,0.0011120936246409357,0.01,0.01,0.01089920486714675,0.012908722857142858,0
3d_or_5d,rth_15_330m,poc_migration,0.5,10,evaluation_2025,1.7370007777379466,43,23,0.0852671581052793,-0.049088727649460595,1.526437423461606,0.5581395348837209,19.61688276034469,7.428088983004803,0.0014288130277317025,0.01,0.010000000000000002,0.010699881636429043,0.011733027407407408,0
3d_or_5d,rth_15_330m,poc_migration,0.5,15,all,0.9235587475199216,84,41,0.06601917814800728,-0.0714834636402848,1.1742996127835794,0.5,8.277894602661902,8.51268732826773,0.0012095304941397568,0.01,0.010000000000000002,0.010826774049247635,0.012908722857142858,0
3d_or_5d,rth_15_330m,poc_migration,0.5,15,development_2024,0.27333028689303124,42,18,0.01657243705125122,-0.06063154303034446,1.0941751475288033,0.47619047619047616,4.550092051352637,9.584645148833541,0.0011213231483239655,0.01,0.01,0.010891817171782423,0.012908722857142858,0
3d_or_5d,rth_15_330m,poc_migration,0.5,15,evaluation_2025,0.7806112184382853,42,23,0.04864064703562643,-0.06231097617702497,1.2572496051867283,0.5238095238095238,12.005697153971155,7.440729507701922,0.0014091145331685678,0.01,0.010000000000000002,0.010709804232848667,0.011733027407407408,0
3d_or_5d,rth_15_330m,poc_migration,0.5,30,all,1.0278159011176846,81,41,0.07679607827122292,-0.07471773708473672,1.1819455335733497,0.4691358024691358,9.959695468092749,8.510508137990255,0.0012705065597521444,0.01,0.010000000000000002,0.010787087632349639,0.012908722857142858,0
3d_or_5d,rth_15_330m,poc_migration,0.5,30,development_2024,-0.010198304686626093,39,18,-0.0006517085530740596,-0.06390361664019517,1.0110029637673361,0.4358974358974359,0.6460042920988077,9.616863496053035,0.0011257004124769153,0.01,0.01,0.010888335820895425,0.012908722857142858,0
3d_or_5d,rth_15_330m,poc_migration,0.5,30,evaluation_2025,1.2918235084285612,42,23,0.07749829312477474,-0.059991394040388335,1.3644947518195467,0.5,18.608122988658554,7.483178162646247,0.0013793649382959508,0.01,0.010000000000000002,0.010725009801188769,0.011733027407407408,0
3d_or_5d,rth_15_330m,poc_migration,0.75,5,all,2.731183886618462,89,41,0.07360656113806874,-0.026950423037682247,1.4260011032013382,0.5617977528089888,8.153284102512355,5.726196953766591,0.0017901891286311736,0.01,0.010000000000000002,0.010558600197044335,0.011939148571428571,0
3d_or_5d,rth_15_330m,poc_migration,0.75,5,development_2024,2.890583825416552,45,18,0.04006562319583673,-0.013860737351238384,1.5134816271169689,0.5777777777777777,8.895009956144557,6.457687495814002,0.0016681404369614037,0.01,0.01,0.010599469911431167,0.011939148571428571,0
3d_or_5d,rth_15_330m,poc_migration,0.75,5,evaluation_2025,1.196599657967096,44,23,0.032248866988959124,-0.026950423037682247,1.3521861419039676,0.5454545454545454,7.39470084311579,4.9780816266726475,0.0021294618716751444,0.01,0.010000000000000002,0.010469815174613623,0.011155351604938272,0
3d_or_5d,rth_15_330m,poc_migration,0.75,10,all,0.32285536326835884,88,41,0.01400765120995473,-0.04338676944422171,1.0645156874387656,0.5227272727272727,1.857379518783975,5.9014760730259415,0.0017509054085253608,0.01,0.01,0.010571145286479584,0.011939148571428571,0
3d_or_5d,rth_15_330m,poc_migration,0.75,10,development_2024,-0.6293262911119418,45,18,-0.027304434697660973,-0.04338676944422171,0.8050428362841207,0.4888888888888889,-5.90866868488793,6.704124173007711,0.001624913475071496,0.01,0.01,0.010615417383966244,0.011939148571428571,0
3d_or_5d,rth_15_330m,poc_migration,0.75,10,evaluation_2025,1.1551128336755732,43,23,0.04247175311709728,-0.03676848865227478,1.3670683668351271,0.5581395348837209,9.984639266812712,5.0614955032775795,0.002053970756979703,0.01,0.01,0.010486861848739495,0.011155351604938272,0
3d_or_5d,rth_15_330m,poc_migration,0.75,15,all,0.17091239797835464,83,41,0.01010946251369127,-0.059149965908099844,1.0448250508832784,0.5180722891566265,1.557210032206645,5.768302129160574,0.0017901891286311736,0.01,0.01,0.010558600197044335,0.011939148571428571,0
3d_or_5d,rth_15_330m,poc_migration,0.75,15,development_2024,-0.3087314554217376,41,18,-0.015020381184000065,-0.04865193008429192,0.9027104119349937,0.4634146341463415,-3.388814114442446,6.47099205546386,0.001675418826256524,0.01,0.01,0.010596865681779614,0.011939148571428571,0
3d_or_5d,rth_15_330m,poc_migration,0.75,15,evaluation_2025,0.7049126726176342,42,23,0.02551305957771821,-0.036193220194180364,1.1842879905875883,0.5714285714285714,6.385471699173615,5.0823429153883195,0.0020404296728875103,0.01,0.01,0.010490114438581635,0.011155351604938272,0
3d_or_5d,rth_15_330m,poc_migration,0.75,30,all,1.9949207487527199,77,41,0.12224895556159399,-0.061280106308998716,1.3659805861870915,0.5194805194805194,15.626758731929897,5.805368009061504,0.0017589995725088494,0.01,0.01,0.010568504970455283,0.011939148571428571,0
3d_or_5d,rth_15_330m,poc_migration,0.75,30,development_2024,-0.009802406018076188,38,18,-0.0004980194586566844,-0.0508058386622946,1.0096076220338592,0.47368421052631576,0.46840080340676654,6.650093921837885,0.0016717796316089639,0.01,0.01,0.010598167796605391,0.011939148571428571,0
3d_or_5d,rth_15_330m,poc_migration,0.75,30,evaluation_2025,3.883852688366768,39,23,0.12280813586159023,-0.031620183800851964,1.8260158114293024,0.5641025641025641,30.39644081613192,4.982301735074261,0.002053970756979703,0.01,0.01,0.010486861848739495,0.011155351604938272,0
3d_or_5d,rth_15_330m,poc_migration,1.0,5,all,2.115135212844933,89,41,0.04566528851593232,-0.021589772719310396,1.3340446706321751,0.5617977528089888,5.125510787753842,4.306178929362727,0.0023869188381748984,0.01,0.010000000000000002,0.01041895014778325,0.01145436142857143,0
3d_or_5d,rth_15_330m,poc_migration,1.0,5,development_2024,1.9327951542625625,45,18,0.024926275736534942,-0.012896491219756445,1.3956930556642002,0.5777777777777777,5.574789293595807,4.8432656218605015,0.0022241872492818715,0.01,0.01,0.010449602433573376,0.01145436142857143,0
3d_or_5d,rth_15_330m,poc_migration,1.0,5,evaluation_2025,0.9372325897701768,44,23,0.020234638598268795,-0.021589772719310396,1.2806219003933934,0.5454545454545454,4.666021406779103,3.756885721126368,0.002839282495566859,0.01,0.010000000000000002,0.010352361380960217,0.010866513703703704,0
3d_or_5d,rth_15_330m,poc_migration,1.0,10,all,-0.29885680305251106,88,41,-0.01390974152269453,-0.04654316508983902,0.9435422717048532,0.5227272727272727,-1.3980715865994502,4.437769305330398,0.0023345405447004804,0.01,0.010000000000000002,0.010428358964859687,0.01145436142857143,0
3d_or_5d,rth_15_330m,poc_migration,1.0,10,development_2024,-0.7932218744746276,45,18,-0.03691905665654416,-0.04654316508983902,0.6908934542042374,0.4888888888888889,-8.187057069221307,5.028093129755783,0.002166551300095328,0.01,0.01,0.010461563037974684,0.01145436142857143,0
3d_or_5d,rth_15_330m,poc_migration,1.0,10,evaluation_2025,0.7192396227682119,43,23,0.023891361668906264,-0.033217527111414014,1.2485490820783158,0.5581395348837209,5.706680662655981,3.8199885588387157,0.0027386276759729373,0.01,0.010000000000000002,0.010365146386554622,0.010866513703703704,0
3d_or_5d,rth_15_330m,poc_migration,1.0,15,all,-0.1529584714865441,82,41,-0.008296510254377831,-0.05424027955919841,0.9729014890404566,0.5365853658536586,-0.7786271657154179,4.362312562240849,0.0023661258007600153,0.01,0.010000000000000002,0.010422664437812357,0.01145436142857143,0
3d_or_5d,rth_15_330m,poc_migration,1.0,15,development_2024,-0.6524396891131674,41,18,-0.028666620927698783,-0.04393757983464197,0.7740863308738275,0.4634146341463415,-6.882468119190707,4.853244041597895,0.002233891768342032,0.01,0.01,0.01044764926133471,0.01145436142857143,0
3d_or_5d,rth_15_330m,poc_migration,1.0,15,evaluation_2025,0.5888223891533343,41,23,0.02097128659655012,-0.03561564061228151,1.197220054521007,0.6097560975609756,5.3252137877598695,3.8713810828838033,0.002702518118393757,0.01,0.010000000000000002,0.010370025271317829,0.010866513703703704,0
3d_or_5d,rth_15_330m,poc_migration,1.0,30,all,2.0975437189160306,75,41,0.10133051239727431,-0.04830913009509996,1.3990663987355814,0.5333333333333333,13.32838268113945,4.4273150189310035,0.002323748326055829,0.01,0.010000000000000002,0.010430339201877912,0.01145436142857143,0
3d_or_5d,rth_15_330m,poc_migration,1.0,30,development_2024,-0.818999818894869,38,18,-0.031074342872042804,-0.03794181897863358,0.800083734341707,0.4473684210526316,-7.961190900167604,4.956057408303619,0.0022290395088119517,0.01,0.01,0.010448625847454044,0.01145436142857143,0
3d_or_5d,rth_15_330m,poc_migration,1.0,30,evaluation_2025,4.24184972518729,37,23,0.13665120156048305,-0.03221500298538971,2.3131073589087734,0.6216216216216216,35.19335014302237,3.8842822947104807,0.002702518118393757,0.01,0.010000000000000002,0.010370025271317829,0.010866513703703704,0
3d_or_5d,rth_15_330m,poc_migration,1.25,5,all,1.4875732738779044,89,41,0.03133482083538919,-0.021064388145199398,1.2760211212221317,0.5617977528089888,3.5422353790252576,3.444943143490183,0.002983648547718623,0.01,0.01,0.010335160118226602,0.011163489142857143,0
3d_or_5d,rth_15_330m,poc_migration,1.25,5,development_2024,1.2873226629556642,45,18,0.01585678149312919,-0.012317643392311894,1.2936672472313637,0.5777777777777777,3.5709425459877973,3.8746124974884024,0.0027802340616023395,0.01,0.01,0.0103596819468587,0.011163489142857143,0
3d_or_5d,rth_15_330m,poc_migration,1.25,5,evaluation_2025,0.8834362028927275,44,23,0.015236438466758484,-0.017246789770294924,1.259791840295644,0.5454545454545454,3.5128757764499334,3.0055085769010943,0.0035491031194585737,0.01,0.01,0.010281889104768174,0.010693210962962963,0
3d_or_5d,rth_15_330m,poc_migration,1.25,10,all,-0.3865391965678164,87,41,-0.016020329951524248,-0.0414455509137831,0.9165641356515802,0.5287356321839081,-1.721118164653991,3.5768040425245253,0.0029046854075697862,0.01,0.01,0.01034427136150233,0.011163489142857143,0
3d_or_5d,rth_15_330m,poc_migration,1.25,10,development_2024,-0.8596622849374935,45,18,-0.035629176999036005,-0.0414455509137831,0.6484652362686085,0.4888888888888889,-7.9360110037759,4.022474503804626,0.00270818912511916,0.01,0.01,0.010369250430379747,0.011163489142857143,0
3d_or_5d,rth_15_330m,poc_migration,1.25,10,evaluation_2025,0.7364873820917489,42,23,0.020333306006181884,-0.027608492013036057,1.2663027747943318,0.5714285714285714,4.937695591548058,3.0992999768672753,0.003400716121479184,0.01,0.01,0.01029406866314898,0.010693210962962963,0
3d_or_5d,rth_15_330m,poc_migration,1.25,15,all,-0.1397913235007337,81,41,-0.006689203359502516,-0.047851348653032866,0.9725161818023728,0.5432098765432098,-0.6537673178071413,3.5176629220663393,0.0029316659541814157,0.01,0.01,0.01034110298227317,0.011163489142857143,0
3d_or_5d,rth_15_330m,poc_migration,1.25,15,development_2024,-0.7151438223028607,41,18,-0.028011948520070495,-0.03916967139542393,0.7356571590914758,0.4634146341463415,-6.779117667461916,3.8825952332783156,0.00279236471042754,0.01,0.01,0.010358119409067768,0.011163489142857143,0
3d_or_5d,rth_15_330m,poc_migration,1.25,15,evaluation_2025,0.682661460577289,40,23,0.02193725028625826,-0.032134889038129,1.2570348428157632,0.625,5.624716790589002,3.143607303074063,0.0033594600768511525,0.01,0.01,0.010297676091213888,0.010693210962962963,0
3d_or_5d,rth_15_330m,poc_migration,1.25,30,all,2.2549503290775443,72,41,0.09567428292376179,-0.042428554496320214,1.4680541857506897,0.5555555555555556,13.041055795224931,3.613136384197507,0.0028642469514435654,0.01,0.01,0.010349132250581167,0.011163489142857143,0
3d_or_5d,rth_15_330m,poc_migration,1.25,30,development_2024,-0.8531227858288478,38,18,-0.03619676661059179,-0.042428554496320214,0.7296113749914006,0.4473684210526316,-9.446091683734387,4.0348387236741665,0.002710437649915626,0.01,0.01,0.010369188921481299,0.011163489142857143,0
3d_or_5d,rth_15_330m,poc_migration,1.25,30,evaluation_2025,4.314501419130556,34,23,0.136823622255968,-0.031712499073308975,2.9127806723475342,0.6764705882352942,38.17375003641476,3.1418220047824184,0.00335622063201635,0.01,0.01,0.010297966908250652,0.010693210962962963,0
3d_or_5d,rth_15_330m,trend_3d_10d,0.0,5,all,-0.7203462909203527,152,58,-0.10734020468909666,-0.14901194889468106,0.8823949364290274,0.4407894736842105,-6.758780270763952,17.020084584606906,0.0005964483958583671,0.01,0.010000000000000002,0.01167661394685756,0.014659827543203195,0
3d_or_5d,rth_15_330m,trend_3d_10d,0.0,5,development_2024,-0.3511493874967695,90,33,-0.022392487142849804,-0.06376911918451178,0.9656643940176247,0.4777777777777778,-1.8317949086288594,18.925812054611846,0.0005615906239167651,0.01,0.010000000000000002,0.01178083751683275,0.014659827543203195,0
3d_or_5d,rth_15_330m,trend_3d_10d,0.0,5,evaluation_2025,-0.7782431511497684,62,25,-0.0868934786497082,-0.11165338046513185,0.7807636595012042,0.3870967741935484,-13.910855796443924,14.253705999115873,0.000727597670845126,0.01,0.010000000000000002,0.011374474746383326,0.012687283505928073,0
3d_or_5d,rth_15_330m,trend_3d_10d,0.0,10,all,-1.0055878125556927,152,58,-0.1636086093430451,-0.16269947517286953,0.8382078189328114,0.42105263157894735,-10.889301381238319,17.457653864857317,0.0005899944502247832,0.01,0.010000000000000002,0.011694932501757755,0.014659827543203195,0
3d_or_5d,rth_15_330m,trend_3d_10d,0.0,10,development_2024,-0.9700695738793269,92,33,-0.09926666329538258,-0.10232942663938349,0.8388017970676002,0.44565217391304346,-10.5333319077804,19.37732460713028,0.0005483667614620865,0.01,0.010000000000000002,0.011823597110227457,0.014659827543203195,0
3d_or_5d,rth_15_330m,trend_3d_10d,0.0,10,evaluation_2025,-0.6071328279645442,60,25,-0.0714328463550169,-0.1176560433974565,0.8373613802262063,0.38333333333333336,-11.435121240540452,14.514158726705453,0.0007138601755192083,0.01,0.010000000000000002,0.0114008536182993,0.012687283505928073,0
3d_or_5d,rth_15_330m,trend_3d_10d,0.0,15,all,-0.7518478772299685,147,58,-0.1309846500464834,-0.17421695799563852,0.879405917731772,0.38095238095238093,-8.582355845769255,16.777375815294555,0.0005919527535144897,0.01,0.010000000000000002,0.011689324011186514,0.013326394301704446,0
3d_or_5d,rth_15_330m,trend_3d_10d,0.0,15,development_2024,-0.538352353170812,87,33,-0.050000568310076265,-0.09287703121492952,0.9275067768369776,0.40229885057471265,-4.949375912816011,18.33821518673531,0.0005672524445708197,0.01,0.010000000000000002,0.011762883544303798,0.013326394301704446,0
3d_or_5d,rth_15_330m,trend_3d_10d,0.0,15,evaluation_2025,-0.7202194327450915,60,25,-0.08524645282402654,-0.11836177829736227,0.8162207760147738,0.35,-13.850176748551457,14.514158726705453,0.0007138601755192083,0.01,0.010000000000000002,0.0114008536182993,0.012687283505928073,0
3d_or_5d,rth_15_330m,trend_3d_10d,0.0,30,all,-0.9054405494986444,142,58,-0.16360771206025448,-0.180694041315961,0.8477264840572131,0.352112676056338,-11.54709755056068,16.56744806203611,0.000603866112142663,0.01,0.010000000000000002,0.01165611950622836,0.013326394301704446,0
3d_or_5d,rth_15_330m,trend_3d_10d,0.0,30,development_2024,-0.7771739041703669,84,33,-0.06854454332469595,-0.08819717563454121,0.9006260422752744,0.36904761904761907,-7.4005806957030105,18.10560698974367,0.0005814913479999458,0.01,0.010000000000000002,0.011719865831109118,0.013326394301704446,0
3d_or_5d,rth_15_330m,trend_3d_10d,0.0,30,evaluation_2025,-0.7463313896643035,58,25,-0.10205873834791057,-0.13674721412135182,0.7743904111750745,0.3275862068965517,-17.55239782311317,14.339769615011374,0.0007191212309679375,0.01,0.010000000000000002,0.011390604681758492,0.012687283505928073,0
3d_or_5d,rth_15_330m,trend_3d_10d,0.25,5,all,-0.5870440214577608,152,58,-0.09024065214792154,-0.1537204176338155,0.8959867538265068,0.45394736842105265,-5.578123073038115,15.586764838764063,0.000677734594839516,0.01,0.010000000000000002,0.011476429889944878,0.01391272351885077,0
3d_or_5d,rth_15_330m,trend_3d_10d,0.25,5,development_2024,-0.09346064205406739,90,33,-0.005978058445742507,-0.06396337874807423,0.9993203489599262,0.4888888888888889,-0.03390215548051225,17.544580471803595,0.0005973932650482937,0.01,0.010000000000000002,0.011673985808042351,0.01391272351885077,0
3d_or_5d,rth_15_330m,trend_3d_10d,0.25,5,evaluation_2025,-0.819436074593952,62,25,-0.08476934982986961,-0.10344839879288281,0.7693156765887199,0.4032258064516129,-13.626185695299153,12.744774403706677,0.0008287413453217161,0.01,0.010000000000000002,0.011206653026624772,0.012585152740483357,0
3d_or_5d,rth_15_330m,trend_3d_10d,0.25,10,all,-1.014125749410273,148,58,-0.14573519834595072,-0.14370525393985667,0.8400646811664981,0.43243243243243246,-9.877889533842342,15.81144365670337,0.0006505412851587416,0.01,0.010000000000000002,0.011537560923690283,0.01391272351885077,0
3d_or_5d,rth_15_330m,trend_3d_10d,0.25,10,development_2024,-1.0547600638422008,91,33,-0.0743586075882221,-0.07049812572288161,0.8712151160280769,0.46153846153846156,-7.730824571903917,17.865498198599234,0.0005894768861587579,0.01,0.010000000000000002,0.011696419356688194,0.01391272351885077,0
3d_or_5d,rth_15_330m,trend_3d_10d,0.25,10,evaluation_2025,-0.6854329267655228,57,25,-0.07711041375511041,-0.1124988467055199,0.7938007902222164,0.38596491228070173,-13.305659911673875,12.532163598588921,0.0008302359800405957,0.01,0.010000000000000002,0.011204476828324284,0.012585152740483357,0
3d_or_5d,rth_15_330m,trend_3d_10d,0.25,15,all,-0.6388427938898997,142,58,-0.12131486853199447,-0.1898978429314525,0.8779615811804211,0.3873239436619718,-8.219410678707394,15.370896770488926,0.000677734594839516,0.01,0.010000000000000002,0.011476429889944878,0.013324356659668564,0
3d_or_5d,rth_15_330m,trend_3d_10d,0.25,15,development_2024,-0.19784778276135034,85,33,-0.017817446914666357,-0.09005633859520312,0.9809451376218625,0.4235294117647059,-1.2204362673228522,17.274517838704217,0.0005942408204227486,0.01,0.010000000000000002,0.011682819432176656,0.013324356659668564,0
3d_or_5d,rth_15_330m,trend_3d_10d,0.25,15,evaluation_2025,-0.8728326380140581,57,25,-0.1053749339083766,-0.12072753620686605,0.7418707884847335,0.3333333333333333,-18.65647778340363,12.532163598588921,0.0008302359800405957,0.01,0.010000000000000002,0.011204476828324284,0.012585152740483357,0
3d_or_5d,rth_15_330m,trend_3d_10d,0.25,30,all,-0.5416948804686396,138,58,-0.09634088366356619,-0.17785082919782857,0.9116727274547286,0.37681159420289856,-6.339860268390197,15.530893342689039,0.000677734594839516,0.01,0.010000000000000002,0.011476429889944878,0.01385605366357049,0
3d_or_5d,rth_15_330m,trend_3d_10d,0.25,30,development_2024,0.01254464633676092,84,33,0.0011264866968676568,-0.0897982028848906,1.0169353892899222,0.40476190476190477,1.1728636661279639,17.485804405209187,0.0005973932650482937,0.01,0.010000000000000002,0.011673985808042351,0.01385605366357049,0
3d_or_5d,rth_15_330m,trend_3d_10d,0.25,30,evaluation_2025,-0.8069863373814857,54,25,-0.09735769820856444,-0.12064355206368338,0.7618704235977924,0.3333333333333333,-18.026319722085116,12.489920578768814,0.0008308232471386831,0.01,0.010000000000000002,0.011203626045708993,0.012585152740483357,0
3d_or_5d,rth_15_330m,trend_3d_10d,0.5,5,all,-0.4683417098714655,151,58,-0.055759175303971786,-0.11905660787563566,0.9003145274723283,0.46357615894039733,-3.469540254951499,9.267939898143565,0.001156716388713137,0.01,0.010000000000000002,0.010864516150853985,0.012908722857142858,0
3d_or_5d,rth_15_330m,trend_3d_10d,0.5,5,development_2024,0.05156201413757066,89,33,0.002737374706446749,-0.05308897940144974,1.019905705928954,0.48314606741573035,0.6370514483308205,10.39996610370393,0.0010508168197943444,0.01,0.010000000000000002,0.010951640648648649,0.012908722857142858,0
3d_or_5d,rth_15_330m,trend_3d_10d,0.5,5,evaluation_2025,-0.7317832698928508,62,25,-0.058336860164949655,-0.07971876724305471,0.7588104851991779,0.43548387096774194,-9.364486409663213,7.642934538548847,0.0013793649382959508,0.01,0.010000000000000002,0.010725009801188769,0.011711908553409364,0
3d_or_5d,rth_15_330m,trend_3d_10d,0.5,10,all,-0.6347226164571576,148,58,-0.05629490104508261,-0.08869213036602486,0.9172579548756227,0.47297297297297297,-3.4508146339429984,9.747299222315354,0.001096004336682668,0.01,0.010000000000000002,0.010912412297836141,0.012908722857142858,0
3d_or_5d,rth_15_330m,trend_3d_10d,0.5,10,development_2024,-0.6678816878025653,92,33,-0.05090361160555801,-0.07621651040177313,0.8794677752843931,0.4782608695652174,-5.198650324907607,10.857497175376315,0.000997037736061458,0.01,0.010000000000000002,0.011002971686608829,0.012908722857142858,0
3d_or_5d,rth_15_330m,trend_3d_10d,0.5,10,evaluation_2025,-0.09166691760181184,56,25,-0.0056804445843947615,-0.06196831673854042,0.9852818974099563,0.4642857142857143,-0.5793702845011388,7.923402585143775,0.0013793649382959508,0.01,0.010000000000000002,0.010725009801188769,0.012093122891566265,0
3d_or_5d,rth_15_330m,trend_3d_10d,0.5,15,all,0.1849396904046351,139,58,0.019479939855071793,-0.10533130996624385,1.0421454011276547,0.45323741007194246,2.0033590648812294,9.615735547786695,0.0011115312829364271,0.01,0.010000000000000002,0.010899659789473685,0.012908722857142858,0
3d_or_5d,rth_15_330m,trend_3d_10d,0.5,15,development_2024,0.11610730149330743,81,33,0.011904950616692389,-0.10253403932033167,1.0433154790127956,0.4444444444444444,2.0971628850936264,10.525237689599104,0.0010562564952915651,0.01,0.010000000000000002,0.01094673974025974,0.012908722857142858,0
3d_or_5d,rth_15_330m,trend_3d_10d,0.5,15,evaluation_2025,0.11215532933621979,58,25,0.0074858703218738665,-0.0667455605202022,1.0404367689360823,0.46551724137931033,1.8723571780328825,8.345568763531439,0.0012955157697890694,0.01,0.010000000000000002,0.010772256699795457,0.01217512085106383,0
3d_or_5d,rth_15_330m,trend_3d_10d,0.5,30,all,0.14405395115878536,133,58,0.017952312081637833,-0.12462214286541617,1.037770618535249,0.44360902255639095,2.0988805534038675,9.3711816805128,0.0011257004124769153,0.01,0.010000000000000002,0.010888335820895425,0.012908722857142858,0
3d_or_5d,rth_15_330m,trend_3d_10d,0.5,30,development_2024,-0.1592916544851124,79,33,-0.01985126732251219,-0.12462214286541617,0.9701674616998581,0.4177215189873418,-1.7545783887283837,10.498712172776706,0.0010562564952915651,0.01,0.010000000000000002,0.01094673974025974,0.012908722857142858,0
3d_or_5d,rth_15_330m,trend_3d_10d,0.5,30,evaluation_2025,0.5199496328054449,54,25,0.03856922744865665,-0.07417877620290292,1.1522254513086452,0.48148148148148145,7.736348265041784,7.721646330719309,0.001337438109115775,0.01,0.010000000000000002,0.01074777800486856,0.012093122891566265,0
3d_or_5d,rth_15_330m,trend_3d_10d,0.75,5,all,-0.35983436838699523,152,58,-0.02478899834672077,-0.06889002420152557,0.9407388273086865,0.47368421052631576,-1.4627655613516803,6.278491571323337,0.0016785078569800079,0.01,0.010000000000000002,0.01059578857208722,0.011939148571428571,0
3d_or_5d,rth_15_330m,trend_3d_10d,0.75,5,development_2024,0.11796003263965135,89,33,0.0044212741244551435,-0.0374811198803362,1.0296228050878031,0.48314606741573035,0.6940987721273704,7.003800328651461,0.0015216465578424777,0.01,0.01,0.01065718283582088,0.011939148571428571,0
3d_or_5d,rth_15_330m,trend_3d_10d,0.75,5,evaluation_2025,-0.6181065356169356,63,25,-0.02908169432854557,-0.047049647031347064,0.8295131428052516,0.4603174603174603,-4.509764381663357,5.253849041129636,0.002053970756979703,0.01,0.010000000000000002,0.010486861848739495,0.011395415261044177,0
3d_or_5d,rth_15_330m,trend_3d_10d,0.75,10,all,-0.5395342793731353,150,58,-0.035521823177531275,-0.06583793567074692,0.92363271544677,0.5133333333333333,-2.163029093115665,6.600324901732742,0.0016019559006467104,0.01,0.010000000000000002,0.010624312019759361,0.011939148571428571,0
3d_or_5d,rth_15_330m,trend_3d_10d,0.75,10,development_2024,-0.7774608541189673,89,33,-0.04206879016858922,-0.05411049308233318,0.8476055824826553,0.5056179775280899,-4.569624743399791,7.26750987172627,0.001494379239255521,0.01,0.01,0.010669174178636331,0.011939148571428571,0
3d_or_5d,rth_15_330m,trend_3d_10d,0.75,10,evaluation_2025,0.13182687326657708,61,25,0.006834485528672829,-0.051844402884776764,1.052055556863538,0.5245901639344263,1.3482334130365825,5.626891093053661,0.001985425738552007,0.01,0.010000000000000002,0.010503670311400976,0.011450080567375887,0
3d_or_5d,rth_15_330m,trend_3d_10d,0.75,15,all,-0.13580657402736548,137,58,-0.01385914893987017,-0.10205064842499822,0.9798241404198824,0.4744525547445255,-0.6901197987106761,6.502191981231439,0.0016195270583560732,0.01,0.010000000000000002,0.010617464212678895,0.011939148571428571,0
3d_or_5d,rth_15_330m,trend_3d_10d,0.75,15,development_2024,0.2260776835439516,78,33,0.016466562021018483,-0.0728358578471423,1.0736555761556752,0.47435897435897434,2.436350321142635,7.132973570651004,0.0015349548517895445,0.01,0.01,0.010651536350012262,0.011939148571428571,0
3d_or_5d,rth_15_330m,trend_3d_10d,0.75,15,evaluation_2025,-0.4447019815233798,59,25,-0.029834440299336018,-0.06708861560979462,0.8648749627479003,0.4745762711864407,-4.823419279194714,5.668277337592013,0.0019011215708152009,0.01,0.010000000000000002,0.010526005288326302,0.011395415261044177,0
3d_or_5d,rth_15_330m,trend_3d_10d,0.75,30,all,2.230068301264572,121,58,0.132892818684879,-0.059591367048947075,1.277659573612802,0.47107438016528924,10.85624977597543,6.37048547716932,0.0016394046933501623,0.01,0.010000000000000002,0.010609977514433289,0.011939148571428571,0
3d_or_5d,rth_15_330m,trend_3d_10d,0.75,30,development_2024,1.2541918859306576,67,33,0.07473900902430497,-0.059591367048947075,1.2968710730430717,0.47761194029850745,11.270299370115753,7.15420969528097,0.0015216465578424777,0.01,0.01,0.01065718283582088,0.011939148571428571,0
3d_or_5d,rth_15_330m,trend_3d_10d,0.75,30,evaluation_2025,1.2140529103969748,54,25,0.05410970400466586,-0.044569477607835806,1.255320312382507,0.46296296296296297,10.342521575838358,5.398086910253011,0.001943273654683604,0.01,0.010000000000000002,0.01051483779986364,0.011395415261044177,0
3d_or_5d,rth_15_330m,trend_3d_10d,1.0,5,all,-0.41186352003880433,152,58,-0.02092317774010488,-0.05080124051320101,0.9314871658432902,0.47368421052631576,-1.2809432100758105,4.708868678492503,0.0022380104759733436,0.01,0.010000000000000002,0.010446841429065415,0.01145436142857143,0
3d_or_5d,rth_15_330m,trend_3d_10d,1.0,5,development_2024,-0.0151690096852571,89,33,-0.0004649341034960175,-0.030650260837257637,1.0035598360606408,0.48314606741573035,0.06418318106090463,5.252850246488596,0.0020288620771233036,0.01,0.010000000000000002,0.01049288712686566,0.01145436142857143,0
3d_or_5d,rth_15_330m,trend_3d_10d,1.0,5,evaluation_2025,-0.6624749312889617,63,25,-0.020467759796160223,-0.030895900855201552,0.8380085492184237,0.4603174603174603,-3.1812011277133907,3.940386780847229,0.0027386276759729373,0.01,0.010000000000000002,0.010365146386554622,0.011046561445783133,0
3d_or_5d,rth_15_330m,trend_3d_10d,1.0,10,all,-0.4358780534213003,150,58,-0.028583296354672716,-0.06557636047586313,0.9154400420665371,0.5133333333333333,-1.787611220640402,4.952876927318406,0.0021359412008622805,0.01,0.010000000000000002,0.01046823401481952,0.01145436142857143,0
3d_or_5d,rth_15_330m,trend_3d_10d,1.0,10,development_2024,-0.596729656621462,89,33,-0.03374184457088392,-0.05654460809258588,0.8332021970090765,0.5056179775280899,-3.707879001566106,5.439016054612664,0.001992505652340695,0.01,0.010000000000000002,0.010501880633977249,0.01145436142857143,0
3d_or_5d,rth_15_330m,trend_3d_10d,1.0,10,evaluation_2025,0.13260671532064405,61,25,0.005338685306019553,-0.04025953959503914,1.0518706328390428,0.5245901639344263,1.0140909515298864,4.243591971102192,0.0025348287610869346,0.01,0.010000000000000002,0.010394503966244726,0.011087560425531915,0
3d_or_5d,rth_15_330m,trend_3d_10d,1.0,15,all,-0.24901843868884008,138,58,-0.022409378375505606,-0.08999083960809484,0.947103468338972,0.4927536231884058,-1.429063470948777,4.981058995375502,0.0021070733150859097,0.01,0.010000000000000002,0.010474595097227098,0.01145436142857143,0
3d_or_5d,rth_15_330m,trend_3d_10d,1.0,15,development_2024,0.08183384256413541,78,33,0.005256781719375381,-0.06423725875093178,1.0338841542485553,0.47435897435897434,0.8978310325233697,5.33647562571644,0.002046606469052726,0.01,0.010000000000000002,0.010488652262509198,0.01145436142857143,0
3d_or_5d,rth_15_330m,trend_3d_10d,1.0,15,evaluation_2025,-0.5697260570524691,60,25,-0.027521485652214017,-0.0483065243576869,0.8391529640020907,0.5166666666666667,-4.454026325462567,4.519017375932282,0.0023658784705793677,0.01,0.010000000000000002,0.010422709411632787,0.011072490530303082,0
3d_or_5d,rth_15_330m,trend_3d_10d,1.0,30,all,1.616803768078125,122,58,0.08032858629293571,-0.04968357192067985,1.228444290290497,0.48360655737704916,6.654069535251902,4.972035400999392,0.0020840627136088077,0.01,0.010000000000000002,0.010479866120077532,0.01145436142857143,0
3d_or_5d,rth_15_330m,trend_3d_10d,1.0,30,development_2024,1.1057409907394535,67,33,0.05057935702192129,-0.04574249977664013,1.2703255926476889,0.4626865671641791,7.669860868405783,5.415947557064858,0.0020288620771233036,0.01,0.010000000000000002,0.01049288712686566,0.01145436142857143,0
3d_or_5d,rth_15_330m,trend_3d_10d,1.0,30,evaluation_2025,0.5699464389066765,55,25,0.028316974888355162,-0.04968357192067974,1.1802691340859337,0.509090909090909,5.416651002137177,4.4312696836105525,0.0023271123046295157,0.01,0.010000000000000002,0.01042971712109064,0.011072490530303082,0
3d_or_5d,rth_15_330m,trend_3d_10d,1.25,5,all,-0.5207476479210039,152,58,-0.022029249651367433,-0.042303118870177236,0.9092171423027616,0.47368421052631576,-1.3911086126091972,3.767094942794002,0.0027975130949666792,0.01,0.010000000000000002,0.010357473143252333,0.011163489142857143,0
3d_or_5d,rth_15_330m,trend_3d_10d,1.25,5,development_2024,-0.15961708304641892,89,33,-0.004236093807267749,-0.026539100492369183,0.9732344572512166,0.48314606741573035,-0.3980916573984461,4.202280197190877,0.0025360775964041295,0.01,0.010000000000000002,0.010394309701492528,0.011163489142857143,0
3d_or_5d,rth_15_330m,trend_3d_10d,1.25,5,evaluation_2025,-0.668184553912634,63,25,-0.017868849968796563,-0.026742387060825323,0.8249348892641839,0.4603174603174603,-2.793942089018037,3.1523094246777825,0.0034232845949661718,0.01,0.01,0.010292117109243697,0.010837249156626504,0
3d_or_5d,rth_15_330m,trend_3d_10d,1.25,10,all,-0.5051877147118562,150,58,-0.03214615531408338,-0.06363210026280741,0.8816805721951214,0.5133333333333333,-2.07765290304046,3.9623015418547243,0.0026699265010778506,0.01,0.010000000000000002,0.010374587211855617,0.011163489142857143,0
3d_or_5d,rth_15_330m,trend_3d_10d,1.25,10,development_2024,-0.6259018317037889,89,33,-0.03374491615270536,-0.0539140715738875,0.7979248498051763,0.5056179775280899,-3.7525504585040257,4.351212843690132,0.0024906320654258687,0.01,0.010000000000000002,0.0104015045071818,0.011163489142857143,0
3d_or_5d,rth_15_330m,trend_3d_10d,1.25,10,evaluation_2025,0.04967856260229313,61,25,0.0016545950084487782,-0.03330601615217432,1.0227564795203101,0.5245901639344263,0.36605008771785696,3.3948735768817526,0.003168535951358668,0.01,0.01,0.01031560317299578,0.010870048340425532,0
3d_or_5d,rth_15_330m,trend_3d_10d,1.25,15,all,-0.2866336081628407,138,58,-0.023846647852267644,-0.08319557502384722,0.9264857525722416,0.4927536231884058,-1.6084359656645646,3.9848471963004015,0.002633841643857387,0.01,0.010000000000000002,0.010379676077781678,0.011163489142857143,0
3d_or_5d,rth_15_330m,trend_3d_10d,1.25,15,development_2024,0.1652008601348441,78,33,0.008694931582688525,-0.05263248372672724,1.0614116471030022,0.47435897435897434,1.2476607354114142,4.269180500573152,0.0025582580863159074,0.01,0.010000000000000002,0.010390921810007357,0.011163489142857143,0
3d_or_5d,rth_15_330m,trend_3d_10d,1.25,15,evaluation_2025,-0.6695705943539522,60,25,-0.032261071624398174,-0.04818173303373019,0.7774512709691678,0.5166666666666667,-5.321361677063334,3.615213900745825,0.0029573480882242095,0.01,0.01,0.01033816752930623,0.010857992424242466,0
3d_or_5d,rth_15_330m,trend_3d_10d,1.25,30,all,1.4962369088519232,119,58,0.07448383170691941,-0.0497807741984333,1.2652710754267655,0.48739495798319327,6.273390758289921,3.985226913648287,0.002627042049485861,0.01,0.01,0.01038065625945946,0.011163489142857143,0
3d_or_5d,rth_15_330m,trend_3d_10d,1.25,30,development_2024,0.5430659663269505,67,33,0.0270342442445759,-0.0497807741984333,1.1646354167803321,0.4626865671641791,4.2227302322993605,4.332758045651886,0.0025360775964041295,0.01,0.01,0.010394309701492528,0.011163489142857143,0
3d_or_5d,rth_15_330m,trend_3d_10d,1.25,30,evaluation_2025,1.5903667568101871,52,25,0.04620058944309435,-0.029050273621010092,1.423099919312094,0.5192307692307693,8.91558797447006,3.5374464166436486,0.0029462694642527587,0.01,0.01,0.010339466907549557,0.010857992424242466,0
3d_or_5d,rth_15_330m,trend_3d_10d_plus_migration,0.0,5,all,0.4489864004202281,54,22,0.03059375770137196,-0.06813960884502912,1.1259344884346323,0.46296296296296297,6.2919238281180645,14.17362229086576,0.0007403974929970027,0.01,0.01,0.011350628030612792,0.013324356659668564,0
3d_or_5d,rth_15_330m,trend_3d_10d_plus_migration,0.0,5,development_2024,-0.16340273761081217,26,8,-0.008414116409394823,-0.047937483796162916,0.9422895292135156,0.46153846153846156,-2.693848003970353,17.568370217583485,0.0005918588532907533,0.01,0.01,0.011689619394432426,0.013324356659668564,0
3d_or_5d,rth_15_330m,trend_3d_10d_plus_migration,0.0,5,evaluation_2025,0.5697356673333698,28,14,0.039338875992785294,-0.06670631141997185,1.2760931118877492,0.4642857142857143,14.635854815057314,11.021356358913595,0.0009474975035120312,0.01,0.01,0.011055485986549513,0.011994864795261493,0
3d_or_5d,rth_15_330m,trend_3d_10d_plus_migration,0.0,10,all,-0.2856750420260938,54,22,-0.038778127193387024,-0.13574208974771063,0.9014673736750236,0.42592592592592593,-6.437402560758541,15.013205065122635,0.0006928499293341803,0.01,0.01,0.011444996754464665,0.013324356659668564,0
3d_or_5d,rth_15_330m,trend_3d_10d_plus_migration,0.0,10,development_2024,-0.6871468160451658,27,8,-0.09078960628243526,-0.12534524079213227,0.5255580707955828,0.37037037037037035,-34.512602256111514,18.847472266187328,0.0005869180340256471,0.01,0.01,0.011703815425709516,0.013324356659668564,0
3d_or_5d,rth_15_330m,trend_3d_10d_plus_migration,0.0,10,evaluation_2025,0.7901376345522442,27,14,0.05720510835383674,-0.0686836425519819,1.3735689776470081,0.48148148148148145,21.637797134594432,11.17893786405795,0.0009395513768000354,0.01,0.01,0.011064337751710656,0.011994864795261493,0
3d_or_5d,rth_15_330m,trend_3d_10d_plus_migration,0.0,15,all,-0.3246762266845377,52,22,-0.05096281009892489,-0.15696501902629734,0.8744561903715989,0.36538461538461536,-9.07174992213453,14.442244833937414,0.000727976180765819,0.01,0.01,0.01137401316269987,0.013324356659668564,0
3d_or_5d,rth_15_330m,trend_3d_10d_plus_migration,0.0,15,development_2024,-0.6579223415609115,25,8,-0.09853542276599636,-0.1367184502713017,0.5109840190207776,0.28,-40.63994734089779,17.96661636140724,0.0005894768861587579,0.01,0.01,0.011696419356688194,0.013324356659668564,0
3d_or_5d,rth_15_330m,trend_3d_10d_plus_migration,0.0,15,evaluation_2025,0.7733191553604493,27,14,0.052772581273287766,-0.06473972111248949,1.3239954706349868,0.4444444444444444,20.15806250264626,11.17893786405795,0.0009395513768000354,0.01,0.01,0.011064337751710656,0.011994864795261493,0
3d_or_5d,rth_15_330m,trend_3d_10d_plus_migration,0.0,30,all,-0.29783639299472237,51,22,-0.047047864858903665,-0.15796546683177615,0.8856514400370019,0.35294117647058826,-8.421084742245752,14.288186873607307,0.0007394586658798011,0.01,0.01,0.01135234063260346,0.013324356659668564,0
3d_or_5d,rth_15_330m,trend_3d_10d_plus_migration,0.0,30,development_2024,-0.6467817372344928,24,8,-0.09960521023432767,-0.1377429251168637,0.504984076771425,0.25,-42.81849998020885,17.786092009350334,0.0005918588532907533,0.01,0.01,0.011689619394432426,0.013324356659668564,0
3d_or_5d,rth_15_330m,trend_3d_10d_plus_migration,0.0,30,evaluation_2025,0.9265500407288536,27,14,0.05837144547349293,-0.05976581184995522,1.3560820285064465,0.4444444444444444,22.154395469276995,11.17893786405795,0.0009395513768000354,0.01,0.01,0.011064337751710656,0.011994864795261493,0
3d_or_5d,rth_15_330m,trend_3d_10d_plus_migration,0.25,5,all,1.3759830168250209,54,22,0.07353712759869158,-0.05344333956124914,1.3288760875786958,0.5,13.770211893586207,13.369151083372174,0.0008470954667914179,0.01,0.01,0.01118090936012174,0.013324356659668564,0
3d_or_5d,rth_15_330m,trend_3d_10d_plus_migration,0.25,5,development_2024,0.7797428697952299,26,8,0.025145675817218383,-0.030021884288312206,1.2625105155571124,0.5,10.080937617568622,16.968598847041253,0.0006048949796094553,0.01,0.01,0.011653692551830503,0.013324356659668564,0
3d_or_5d,rth_15_330m,trend_3d_10d_plus_migration,0.25,5,evaluation_2025,0.872335086393617,28,14,0.047204463641616456,-0.05227789774840441,1.3813592608609044,0.5,17.195966578459686,10.026806731393748,0.0009988737248386172,0.01,0.01,0.011003023690165705,0.011750055638350809,0
3d_or_5d,rth_15_330m,trend_3d_10d_plus_migration,0.25,10,all,0.2832385169628439,53,22,0.026245442577720768,-0.09266198276685556,1.1066196903978882,0.4716981132075472,5.667419678736278,13.844893450584433,0.0008040140308427147,0.01,0.01,0.011243759389312977,0.013324356659668564,0
3d_or_5d,rth_15_330m,trend_3d_10d_plus_migration,0.25,10,development_2024,-0.5708056760393687,26,8,-0.05681510653347499,-0.09266198276685556,0.6442538621678608,0.38461538461538464,-21.824387321885897,17.739197901566705,0.0005918588532907533,0.01,0.01,0.011689619394432426,0.013324356659668564,0
3d_or_5d,rth_15_330m,trend_3d_10d_plus_migration,0.25,10,evaluation_2025,1.3835402163108672,27,14,0.08806390951186716,-0.060384771711015084,1.7100449075194766,0.5555555555555556,32.14101160526134,10.094822497786694,0.0009554436302240269,0.01,0.01,0.011046634221388367,0.011750055638350809,0
3d_or_5d,rth_15_330m,trend_3d_10d_plus_migration,0.25,15,all,0.21099718550909755,52,22,0.02071791551129687,-0.09819048278444253,1.0777966859274177,0.4230769230769231,4.8859811670166895,13.65867793870654,0.0008177122725397425,0.01,0.01,0.011223267326203339,0.013324356659668564,0
3d_or_5d,rth_15_330m,trend_3d_10d_plus_migration,0.25,15,development_2024,-0.48532632412940957,25,8,-0.04657730658036352,-0.08760923737810833,0.7515932554548813,0.36,-18.185297786668315,17.507641814899973,0.0005942408204227486,0.01,0.01,0.011682819432176656,0.013324356659668564,0
3d_or_5d,rth_15_330m,trend_3d_10d_plus_migration,0.25,15,evaluation_2025,1.0409524424792347,27,14,0.07058277777120381,-0.06432638002373281,1.4936499060032433,0.48148148148148145,26.24827649450281,10.094822497786694,0.0009554436302240269,0.01,0.01,0.011046634221388367,0.011750055638350809,0
3d_or_5d,rth_15_330m,trend_3d_10d_plus_migration,0.25,30,all,0.6827593585169289,50,22,0.06777115792998778,-0.09926067960049412,1.2243464268420683,0.44,14.164623412352961,13.567158408250734,0.0008177122725397425,0.01,0.01,0.011223267326203339,0.013324356659668564,0
3d_or_5d,rth_15_330m,trend_3d_10d_plus_migration,0.25,30,development_2024,-0.43360485368723056,24,8,-0.04299654376409501,-0.08869199118643767,0.7724028612735868,0.3333333333333333,-17.340401494267446,17.307993523405266,0.0006048949796094553,0.01,0.01,0.011653692551830503,0.013324356659668564,0
3d_or_5d,rth_15_330m,trend_3d_10d_plus_migration,0.25,30,evaluation_2025,1.9302344309874409,26,14,0.11574430684895898,-0.05582331550307007,1.846478457475255,0.5384615384615384,43.24618486461796,10.11407984041578,0.0009474975035120312,0.01,0.01,0.011055485986549513,0.011750055638350809,0
3d_or_5d,rth_15_330m,trend_3d_10d_plus_migration,0.5,5,all,1.985643862005893,53,22,0.0640318237031916,-0.03224738581192843,1.4541108177581583,0.5471698113207547,12.042637966056562,8.232459334063284,0.0013109757300403604,0.01,0.010000000000000002,0.010762790627687068,0.012908722857142858,0
3d_or_5d,rth_15_330m,trend_3d_10d_plus_migration,0.5,5,development_2024,0.8085019125006626,25,8,0.019406219041232742,-0.02191135597089211,1.3344540163254552,0.52,7.960357583570107,10.474977440909841,0.0010562564952915651,0.01,0.01,0.01094673974025974,0.012908722857142858,0
3d_or_5d,rth_15_330m,trend_3d_10d_plus_migration,0.5,5,evaluation_2025,1.3879927065158424,28,14,0.04377607653201232,-0.030469690247284298,1.541957691527806,0.5714285714285714,15.68753116470518,6.230211024378859,0.0017541603779184498,0.01,0.010000000000000002,0.010570215628850362,0.011552357894736843,0
3d_or_5d,rth_15_330m,trend_3d_10d_plus_migration,0.5,10,all,0.17029875573132644,52,22,0.012151436007614924,-0.07135363940524475,1.0721355647409494,0.4807692307692308,2.785656043068765,8.628739518802174,0.0012583223675530922,0.01,0.010000000000000002,0.010796084283209443,0.012908722857142858,0
3d_or_5d,rth_15_330m,trend_3d_10d_plus_migration,0.5,10,development_2024,-0.4773552348723166,25,8,-0.03731199253771533,-0.07135363940524475,0.6706668440613963,0.36,-14.779573483943226,11.14035646933285,0.0010508168197943444,0.01,0.01,0.010951640648648649,0.012908722857142858,0
3d_or_5d,rth_15_330m,trend_3d_10d_plus_migration,0.5,10,evaluation_2025,1.0874532262932335,27,14,0.05138053882661264,-0.044823867225807,1.5804248141536177,0.5925925925925926,19.049757456968756,6.303168268310809,0.001726446826569447,0.01,0.010000000000000002,0.010579224326292783,0.011552357894736843,0
3d_or_5d,rth_15_330m,trend_3d_10d_plus_migration,0.5,15,all,-0.0032381276248638637,48,22,-0.0002924278663553048,-0.09030770254696152,1.0115064029707264,0.4583333333333333,0.5694127752311953,8.23841943894926,0.0013160735960690252,0.01,0.010000000000000002,0.010759848950802635,0.012908722857142858,0
3d_or_5d,rth_15_330m,trend_3d_10d_plus_migration,0.5,15,development_2024,-0.39541111356103614,22,8,-0.036789554193304874,-0.0796757878692349,0.7220205369990939,0.36363636363636365,-16.404197209271643,10.55253530776811,0.001066228285211556,0.01,0.01,0.010937967496123236,0.012908722857142858,0
3d_or_5d,rth_15_330m,trend_3d_10d_plus_migration,0.5,15,evaluation_2025,0.7615080635444176,26,14,0.037891123882468625,-0.046322183988457555,1.3604389678884363,0.5384615384615384,14.931698146733602,6.280321396102541,0.0017541603779184498,0.01,0.010000000000000002,0.010570215628850362,0.011552357894736843,0
3d_or_5d,rth_15_330m,trend_3d_10d_plus_migration,0.5,30,all,0.20379665491000115,47,22,0.018206929578410636,-0.08933870669492106,1.0830568544884027,0.46808510638297873,4.619015692618963,8.270558640354398,0.001321522340752631,0.01,0.010000000000000002,0.010756703060676585,0.012908722857142858,0
3d_or_5d,rth_15_330m,trend_3d_10d_plus_migration,0.5,30,development_2024,-0.34402070119849815,21,8,-0.032358268448077654,-0.07869546699965735,0.7732472854933922,0.38095238095238093,-14.878911718127465,10.649764585253763,0.0010762000751315468,0.01,0.01,0.010929195251986734,0.012908722857142858,0
3d_or_5d,rth_15_330m,trend_3d_10d_plus_migration,0.5,30,evaluation_2025,1.1193630517129978,26,14,0.052256115437880446,-0.043460248136220736,1.428497308329486,0.5384615384615384,20.36734167822186,6.3488923002433735,0.0017541603779184498,0.01,0.010000000000000002,0.010570215628850362,0.011552357894736843,0
3d_or_5d,rth_15_330m,trend_3d_10d_plus_migration,0.75,5,all,1.066353612319318,53,22,0.032872840336275244,-0.030827335282127333,1.3084394206463703,0.5471698113207547,6.287569404144377,5.551273995481381,0.001965937277078129,0.01,0.01,0.01050866322728579,0.011939148571428571,0
3d_or_5d,rth_15_330m,trend_3d_10d_plus_migration,0.75,5,development_2024,0.7195162808387212,25,8,0.014149896715742516,-0.017952379545292607,1.3162527607804853,0.52,5.799892628100944,7.079855639662263,0.0015498688407216948,0.01,0.01,0.010645215887774317,0.011939148571428571,0
3d_or_5d,rth_15_330m,trend_3d_10d_plus_migration,0.75,5,evaluation_2025,0.661796979143506,28,14,0.018461712298316613,-0.026950423037682247,1.3026793952374223,0.5714285714285714,6.722995097040299,4.186468956034164,0.002631240566877675,0.01,0.01,0.01038014375256691,0.011034905263157896,0
3d_or_5d,rth_15_330m,trend_3d_10d_plus_migration,0.75,10,all,-0.5235488378934893,53,22,-0.03258209097362641,-0.062233145440110604,0.8100870833532197,0.49056603773584906,-6.004978450695484,5.907002229586981,0.0017901891286311736,0.01,0.01,0.010558600197044335,0.011939148571428571,0
3d_or_5d,rth_15_330m,trend_3d_10d_plus_migration,0.75,10,development_2024,-0.6360045604461799,25,8,-0.04309157814557074,-0.06185026244745773,0.5083411530609566,0.36,-17.38823078547081,7.523441658610938,0.0015485870611324482,0.01,0.01,0.010645749938830511,0.011939148571428571,0
3d_or_5d,rth_15_330m,trend_3d_10d_plus_migration,0.75,10,evaluation_2025,0.27857147625371687,28,14,0.010982751255943501,-0.03808841409989572,1.1470821098200055,0.6071428571428571,4.158639705353919,4.463752739387017,0.002384084661444283,0.01,0.01,0.010422549798413852,0.011034905263157896,0
3d_or_5d,rth_15_330m,trend_3d_10d_plus_migration,0.75,15,all,-0.675970152325903,48,22,-0.05465046523611705,-0.0808474531724126,0.7157639142624672,0.4583333333333333,-11.393006605838998,5.668710000547861,0.0018874835513296385,0.01,0.01,0.010530722855472961,0.011939148571428571,0
3d_or_5d,rth_15_330m,trend_3d_10d_plus_migration,0.75,15,development_2024,-0.5939152833150295,21,8,-0.04146307105093283,-0.058409835712641356,0.5340964286399108,0.3333333333333333,-19.865124618189153,7.22433942637832,0.0015498688407216948,0.01,0.01,0.010645215887774317,0.011939148571428571,0
3d_or_5d,rth_15_330m,trend_3d_10d_plus_migration,0.75,15,evaluation_2025,-0.311599535245124,27,14,-0.013757836330461348,-0.04188655009948539,0.8739075810475835,0.5555555555555556,-4.80358148512221,4.458776002679728,0.0025883412580381964,0.01,0.01,0.010386347819049927,0.011034905263157896,0
3d_or_5d,rth_15_330m,trend_3d_10d_plus_migration,0.75,30,all,0.43036707058469115,45,22,0.032640184368430525,-0.07584266222805103,1.1667570447419293,0.4666666666666667,7.805494666896261,5.810312514525865,0.0017901891286311736,0.01,0.01,0.010558600197044335,0.011939148571428571,0
3d_or_5d,rth_15_330m,trend_3d_10d_plus_migration,0.75,30,development_2024,-inf,19,8,-0.023457247478712362,-0.0655308840623321,0.7843309388087516,0.3684210526315789,-11.865124063308418,7.666609621077317,0.0015485870611324482,0.01,0.01,0.010645749938830511,0.011939148571428571,0
3d_or_5d,rth_15_330m,trend_3d_10d_plus_migration,0.75,30,evaluation_2025,2.3708225712572553,26,14,0.05744493182946475,-0.02255686351479247,1.5435045500866262,0.5384615384615384,22.180177585122756,4.453787705892113,0.002630576075969688,0.01,0.01,0.010380242886660944,0.011034905263157896,0
3d_or_5d,rth_15_330m,trend_3d_10d_plus_migration,1.0,5,all,0.7467902502542171,53,22,0.01826421577336168,-0.024456955305916628,1.214474912839206,0.5471698113207547,3.5327731309349937,4.163455496611036,0.0026212497027708385,0.01,0.010000000000000002,0.010381497420464344,0.01145436142857143,0
3d_or_5d,rth_15_330m,trend_3d_10d_plus_migration,1.0,5,development_2024,0.3187589310918645,25,8,0.005589822458306859,-0.01600829317616459,1.1491579946387083,0.52,2.3499194710755926,5.309891729746697,0.002066491787628926,0.01,0.01,0.010483911915830738,0.01145436142857143,0
3d_or_5d,rth_15_330m,trend_3d_10d_plus_migration,1.0,5,evaluation_2025,0.6390674853150182,28,14,0.01260393953080241,-0.0190536409611487,1.268167196735023,0.5714285714285714,4.5888924700951685,3.1398517170256235,0.0035083207558368997,0.01,0.010000000000000002,0.010285107814425182,0.01077617894736842,0
3d_or_5d,rth_15_330m,trend_3d_10d_plus_migration,1.0,10,all,-0.6659030477333725,53,22,-0.04404596396944527,-0.06614470998348887,0.6977578113628058,0.49056603773584906,-8.321474733476826,4.430251672190235,0.0023869188381748984,0.01,0.010000000000000002,0.01041895014778325,0.01145436142857143,0
3d_or_5d,rth_15_330m,trend_3d_10d_plus_migration,1.0,10,development_2024,-0.6931941407657566,25,8,-0.044525421421263145,-0.05863575647054453,0.4277156644734049,0.36,-18.04117308910294,5.642581243958202,0.0020647827481765977,0.01,0.01,0.010484312454122884,0.01145436142857143,0
3d_or_5d,rth_15_330m,trend_3d_10d_plus_migration,1.0,10,evaluation_2025,0.013469144674016782,28,14,0.0005018003226533452,-0.03599227569343222,1.014887746075614,0.6071428571428571,0.3568273697607737,3.3478145545402636,0.003178779548592377,0.01,0.010000000000000002,0.01031691234881039,0.01077617894736842,0
3d_or_5d,rth_15_330m,trend_3d_10d_plus_migration,1.0,15,all,-0.7215095195560864,47,22,-0.05132630017822082,-0.07113738459029573,0.6666613515138757,0.48936170212765956,-10.989147149086094,4.291066053912002,0.0024120397674415304,0.01,0.010000000000000002,0.0104145868627451,0.01145436142857143,0
3d_or_5d,rth_15_330m,trend_3d_10d_plus_migration,1.0,15,development_2024,-0.6465601981458771,21,8,-0.04329762994280173,-0.056027878487864946,0.45028200029213983,0.3333333333333333,-20.851224416022898,5.41825456978374,0.002066491787628926,0.01,0.01,0.010483911915830738,0.01145436142857143,0
3d_or_5d,rth_15_330m,trend_3d_10d_plus_migration,1.0,15,evaluation_2025,-0.23246782002212626,26,14,-0.008392025029622552,-0.03360701765254004,0.8955846583095772,0.6153846153846154,-3.023623202714059,3.3806445603232897,0.003178779548592377,0.01,0.010000000000000002,0.01031691234881039,0.01077617894736842,0
3d_or_5d,rth_15_330m,trend_3d_10d_plus_migration,1.0,30,all,0.087668504627329,43,22,0.0056805946369449245,-0.0647962989798061,1.0473984196071853,0.46511627906976744,1.732931418970476,4.461869609590898,0.002323748326055829,0.01,0.010000000000000002,0.010430339201877912,0.01145436142857143,0
3d_or_5d,rth_15_330m,trend_3d_10d_plus_migration,1.0,30,development_2024,-inf,19,8,-0.04054248594224796,-0.05460859199180479,0.5105549266603109,0.3157894736842105,-21.46655475649056,5.6869311496584,0.0020647827481765977,0.01,0.01,0.010484312454122884,0.01145436142857143,0
3d_or_5d,rth_15_330m,trend_3d_10d_plus_migration,1.0,30,evaluation_2025,1.0822312579894957,24,14,0.048176266173272975,-0.039816039416820326,1.6529238835734168,0.5833333333333334,20.099191307877124,3.4920292237041255,0.003114976877297564,0.01,0.010000000000000002,0.010324812139460796,0.01077617894736842,0
3d_or_5d,rth_15_330m,trend_3d_10d_plus_migration,1.25,5,all,0.2559627678044953,53,22,0.006524099333608424,-0.025488470020731846,1.08965757279366,0.5471698113207547,1.3167845424840312,3.3307643972888283,0.003276562128463548,0.01,0.01,0.010305197936371474,0.011163489142857143,0
3d_or_5d,rth_15_330m,trend_3d_10d_plus_migration,1.25,5,development_2024,0.025508364638407357,25,8,0.00046891881258215307,-0.01678125423631094,1.0197087031618137,0.52,0.27993557686054543,4.247913383797359,0.0025831147345361577,0.01,0.01,0.010387129532664591,0.011163489142857143,0
3d_or_5d,rth_15_330m,trend_3d_10d_plus_migration,1.25,5,evaluation_2025,0.33902647394212576,28,14,0.00605234246378461,-0.017246789770294924,1.1483337944418344,0.5714285714285714,2.2425425475050007,2.5118813736204983,0.004385400944796125,0.01,0.01,0.010228086251540144,0.010620943157894736,0
3d_or_5d,rth_15_330m,trend_3d_10d_plus_migration,1.25,10,all,-0.7101847405290576,53,22,-0.043493954014716896,-0.061243154819569545,0.6504513602276268,0.49056603773584906,-8.259099490515222,3.5442013377521877,0.002983648547718623,0.01,0.01,0.010335160118226602,0.011163489142857143,0
3d_or_5d,rth_15_330m,trend_3d_10d_plus_migration,1.25,10,development_2024,-0.7101418067979671,25,8,-0.03984169914521962,-0.05121558619765321,0.40077288655413235,0.36,-16.12839609840023,4.514064995166563,0.002580978435220747,0.01,0.01,0.010387449963298307,0.011163489142857143,0
3d_or_5d,rth_15_330m,trend_3d_10d_plus_migration,1.25,10,evaluation_2025,-0.11890185267866848,28,14,-0.003803804920757825,-0.030906370217055557,0.9404165507669533,0.6071428571428571,-1.2329418049036083,2.6782516436322097,0.003973474435740471,0.01,0.01,0.01025352987904831,0.010620943157894736,0
3d_or_5d,rth_15_330m,trend_3d_10d_plus_migration,1.25,15,all,-0.7764605339892586,47,22,-0.054995419943651425,-0.07082835190746761,0.5971351363052403,0.48936170212765956,-11.862066354289247,3.432852843129601,0.003015049709301913,0.01,0.01,0.010331669490196078,0.011163489142857143,0
3d_or_5d,rth_15_330m,trend_3d_10d_plus_migration,1.25,15,development_2024,-0.6636423774356145,21,8,-0.03930901222455818,-0.04955723192046746,0.4192712722228926,0.3333333333333333,-18.925370170428952,4.334603655826991,0.0025831147345361577,0.01,0.01,0.010387129532664591,0.011163489142857143,0
3d_or_5d,rth_15_330m,trend_3d_10d_plus_migration,1.25,15,evaluation_2025,-0.45889940494354337,26,14,-0.016328255306543693,-0.033124423950033455,0.7711485882942825,0.6153846153846154,-6.157090195099481,2.704515648258632,0.003973474435740471,0.01,0.01,0.01025352987904831,0.010620943157894736,0
3d_or_5d,rth_15_330m,trend_3d_10d_plus_migration,1.25,30,all,0.2593551206637482,41,22,0.014360464601198553,-0.05536989038214046,1.1249041346741349,0.4878048780487805,3.798847114530311,3.5749393708469546,0.0029046854075697862,0.01,0.01,0.01034427136150233,0.011163489142857143,0
3d_or_5d,rth_15_330m,trend_3d_10d_plus_migration,1.25,30,development_2024,-inf,19,8,-0.04412606718938794,-0.05536989038214046,0.4326726384404114,0.3157894736842105,-23.4890332788767,4.549544919726721,0.002580978435220747,0.01,0.01,0.010387449963298307,0.011163489142857143,0
3d_or_5d,rth_15_330m,trend_3d_10d_plus_migration,1.25,30,evaluation_2025,2.0412760561366126,22,14,0.06118644915717608,-0.025668720560808378,2.3078768422110745,0.6363636363636364,27.365652908836363,2.733234578632611,0.0043842934599494805,0.01,0.01,0.010228145731996567,0.010620943157894736,0
3d_or_5d,rth_15_330m,trend_10d_30d,0.0,5,all,-0.8274732910085739,179,68,-0.3081211885531764,-0.3723639081783774,0.6737563554494841,0.4022346368715084,-19.941261421122505,17.135633089126408,0.0006120799933389452,0.01,0.010000000000000002,0.011633773380738881,0.014659827543203195,0
3d_or_5d,rth_15_330m,trend_10d_30d,0.0,5,development_2024,-0.2136273256134115,103,33,-0.020004460681117275,-0.09364186263941787,0.9756280102444905,0.49514563106796117,-1.2896336719864028,18.688888112778997,0.0005673519205485429,0.01,0.010000000000000002,0.011762574451203324,0.014659827543203195,0
3d_or_5d,rth_15_330m,trend_10d_30d,0.0,5,evaluation_2025,-0.9801792786572606,76,35,-0.2939979992891666,-0.29994308764812083,0.3741256185062654,0.27631578947368424,-45.21912534429379,15.030563780755127,0.0007059645407526099,0.01,0.010000000000000002,0.011416816902322026,0.013419095142343178,0
3d_or_5d,rth_15_330m,trend_10d_30d,0.0,10,all,-0.7808186996988219,176,68,-0.285655652335699,-0.3658412028885609,0.7344865233689003,0.3806818181818182,-18.29927907198564,17.548269817076047,0.0005893322684411778,0.01,0.010000000000000002,0.011696835747451173,0.014659827543203195,0
3d_or_5d,rth_15_330m,trend_10d_30d,0.0,10,development_2024,-0.29979744167234096,103,33,-0.03331687440728304,-0.11113128324722732,0.9614956940761674,0.46601941747572817,-2.423020446777906,19.234014532980087,0.0005372537568195598,0.01,0.010000000000000002,0.011861317835951134,0.014659827543203195,0
3d_or_5d,rth_15_330m,trend_10d_30d,0.0,10,evaluation_2025,-0.9364500019524393,73,35,-0.2610356705809833,-0.2787502483173051,0.4739865390870279,0.2602739726027397,-40.700027543169156,15.16975330011555,0.0006889706414676465,0.01,0.010000000000000002,0.01145144065626628,0.013419095142343178,0
3d_or_5d,rth_15_330m,trend_10d_30d,0.0,15,all,-0.6613555999183207,172,68,-0.2577196384817598,-0.389683913636762,0.7748371211242515,0.36046511627906974,-16.4209880118757,17.030268884397728,0.0005930967869686192,0.01,0.010000000000000002,0.011686071721681585,0.013419095142343178,0
3d_or_5d,rth_15_330m,trend_10d_30d,0.0,15,development_2024,0.22886653507154708,98,33,0.026751171842304133,-0.11688546704279557,1.0567669870002623,0.42857142857142855,3.6497780706380456,18.30422810496874,0.0005565547715045378,0.01,0.010000000000000002,0.011797432425072862,0.013326394301704446,0
3d_or_5d,rth_15_330m,trend_10d_30d,0.0,15,evaluation_2025,-0.9194099229865014,74,35,-0.27705915330355724,-0.3013445323752776,0.4902981271391069,0.2702702702702703,-43.001191742772306,15.343133700398283,0.0006790884022420851,0.01,0.010000000000000002,0.011472874236199665,0.013419095142343178,0
3d_or_5d,rth_15_330m,trend_10d_30d,0.0,30,all,-0.5801806954725036,169,68,-0.2065785976725243,-0.3560590679500032,0.8330985113754522,0.34911242603550297,-12.673152315856392,16.891434994135533,0.0005947705193383753,0.01,0.010000000000000002,0.01168132072368416,0.013419095142343178,0
3d_or_5d,rth_15_330m,trend_10d_30d,0.0,30,development_2024,0.3244837312803657,95,33,0.03841469572838263,-0.11838712399171392,1.072837791513831,0.4105263157894737,5.052227247576282,18.097480212415075,0.0005673519205485429,0.01,0.010000000000000002,0.011762574451203324,0.013326394301704446,0
3d_or_5d,rth_15_330m,trend_10d_30d,0.0,30,evaluation_2025,-0.9018834526008112,74,35,-0.23593011001164566,-0.261597115826087,0.5800563272543017,0.2702702702702703,-35.42870716080373,15.343133700398283,0.0006790884022420851,0.01,0.010000000000000002,0.011472874236199665,0.013419095142343178,0
3d_or_5d,rth_15_330m,trend_10d_30d,0.25,5,all,-0.7670832530398014,180,68,-0.2614949666998174,-0.34089515794219705,0.7071317975181588,0.4222222222222222,-16.274268200258877,15.705450167118594,0.000680765105514763,0.01,0.010000000000000002,0.011469148899561707,0.01391272351885077,0
3d_or_5d,rth_15_330m,trend_10d_30d,0.25,5,development_2024,0.2518857129546529,104,33,0.018597726068551257,-0.0738339854626825,1.0500957214867244,0.5192307692307693,2.365622941950165,17.31175055108056,0.000616421691656259,0.01,0.010000000000000002,0.011622269328313065,0.01391272351885077,0
3d_or_5d,rth_15_330m,trend_10d_30d,0.25,5,evaluation_2025,-0.966377234235522,76,35,-0.27497871397124907,-0.2845459353031823,0.37630377302356427,0.2894736842105263,-41.78148765801862,13.507354904854855,0.0008202648780889605,0.01,0.01,0.0112191974798894,0.012585152740483357,0
3d_or_5d,rth_15_330m,trend_10d_30d,0.25,10,all,-0.7498575926668871,174,68,-0.2389462584336196,-0.31865551642119316,0.7563935778227824,0.41379310344827586,-14.986135462259611,16.01058991254757,0.0006555179990971895,0.01,0.010000000000000002,0.011525608727343251,0.01391272351885077,0
3d_or_5d,rth_15_330m,trend_10d_30d,0.25,10,development_2024,-0.28182303155179483,102,33,-0.025518567025921812,-0.09054819574329886,0.9688138563107027,0.49019607843137253,-1.7778568364433465,17.75474411798416,0.000604216045002341,0.01,0.010000000000000002,0.011655441706968687,0.01391272351885077,0
3d_or_5d,rth_15_330m,trend_10d_30d,0.25,10,evaluation_2025,-0.9020014523760362,72,35,-0.21901668332081448,-0.2428118965262025,0.5037634502814938,0.3055555555555556,-33.69786351549933,13.539704788179073,0.0008121358081243689,0.01,0.01,0.011231726651731362,0.012585152740483357,0
3d_or_5d,rth_15_330m,trend_10d_30d,0.25,15,all,-0.5463809296809194,167,68,-0.19588833091106217,-0.3585197071674131,0.8187984020881792,0.3772455089820359,-12.216529764342098,15.76491985585313,0.0006502748278180635,0.01,0.010000000000000002,0.011537811333333333,0.013324356659668564,0
3d_or_5d,rth_15_330m,trend_10d_30d,0.25,15,development_2024,0.4629522226260938,95,33,0.05425724903400875,-0.11719837681356149,1.1087109162365307,0.4421052631578947,6.443239573058442,17.29235400411797,0.0006136615706663068,0.01,0.010000000000000002,0.011629562690253215,0.013324356659668564,0
3d_or_5d,rth_15_330m,trend_10d_30d,0.25,15,evaluation_2025,-0.8933670502553981,72,35,-0.23727186146860657,-0.265592805779858,0.5287758192178762,0.2916666666666667,-36.837058751190035,13.749555354670356,0.0008120599618792906,0.01,0.01,0.01123184595818979,0.01276499940083844,0
3d_or_5d,rth_15_330m,trend_10d_30d,0.25,30,all,-0.2913464733334485,164,68,-0.10063515036847015,-0.3454139987247842,0.9226351414375276,0.38414634146341464,-5.47890965255889,15.853621718552596,0.0006555179990971895,0.01,0.010000000000000002,0.011525608727343251,0.01385605366357049,0
3d_or_5d,rth_15_330m,trend_10d_30d,0.25,30,development_2024,1.1149351642916683,94,33,0.13155775337693032,-0.11799587777869625,1.221882297818438,0.44680851063829785,14.225147385180568,17.472033385638746,0.0006145246685862203,0.01,0.010000000000000002,0.011627277184682781,0.01385605366357049,0
3d_or_5d,rth_15_330m,trend_10d_30d,0.25,30,evaluation_2025,-0.8210827567748546,70,35,-0.20519757215437073,-0.24991095046298362,0.5999007873978602,0.3,-31.938643388951874,13.68032605132262,0.0008120599618792906,0.01,0.01,0.01123184595818979,0.01276499940083844,0
3d_or_5d,rth_15_330m,trend_10d_30d,0.5,5,all,-0.573724414412775,177,68,-0.1414955042339502,-0.24662625588066578,0.7695162513628008,0.4406779661016949,-8.302236287128542,9.376044106081306,0.0011370192252878049,0.01,0.010000000000000002,0.010879492604662755,0.012908722857142858,0
3d_or_5d,rth_15_330m,trend_10d_30d,0.5,5,development_2024,0.6591027147082167,103,33,0.04266725834418361,-0.06473537036343768,1.1434762599758461,0.5242718446601942,4.4003450674205045,10.338685516744908,0.0010390392722747245,0.01,0.010000000000000002,0.010962427529626232,0.012908722857142858,0
3d_or_5d,rth_15_330m,trend_10d_30d,0.5,5,evaluation_2025,-0.9490536711091646,74,35,-0.17662659022265148,-0.18610811548331818,0.40227406967866525,0.32432432432432434,-25.98285628062248,8.03615133177927,0.0013592855759379302,0.01,0.010000000000000002,0.010735720623842758,0.01187444516653163,0
3d_or_5d,rth_15_330m,trend_10d_30d,0.5,10,all,-0.250853097211455,171,68,-0.04675092869560438,-0.18636775553221885,0.9412770415771908,0.47953216374269003,-2.3444710984456063,10.00716686493139,0.001083275650047664,0.01,0.010000000000000002,0.010923126075949367,0.012908722857142858,0
3d_or_5d,rth_15_330m,trend_10d_30d,0.5,10,development_2024,0.14179757961635686,101,33,0.015478582090522552,-0.1091597059160031,1.050881195299077,0.5148514851485149,2.0032479098455744,10.81712938560177,0.0009744051151481949,0.01,0.010000000000000002,0.01102626719056982,0.012908722857142858,0
3d_or_5d,rth_15_330m,trend_10d_30d,0.5,10,evaluation_2025,-0.6191377063698604,70,35,-0.061280968287895754,-0.09897792955819062,0.788381768042422,0.42857142857142855,-8.617608524694312,8.838506656535559,0.0012517847219173032,0.01,0.010000000000000002,0.010798983966244726,0.012776075766686542,0
3d_or_5d,rth_15_330m,trend_10d_30d,0.5,15,all,0.6368758065309852,161,68,0.11315903200879296,-0.17767833359091112,1.1639780744080976,0.484472049689441,7.266870635433538,9.801721425696483,0.0010970967163895279,0.01,0.010000000000000002,0.010911496666666666,0.012908722857142858,0
3d_or_5d,rth_15_330m,trend_10d_30d,0.5,15,development_2024,0.9512201007284828,88,33,0.11194663688772177,-0.11768741724653264,1.3013938770700193,0.5,12.676225308844126,10.565952988553617,0.0010449280460345343,0.01,0.010000000000000002,0.010957034089137441,0.012908722857142858,0
3d_or_5d,rth_15_330m,trend_10d_30d,0.5,15,evaluation_2025,0.010920297070783881,73,35,0.0010903357057348018,-0.09984487589187307,1.0158598165495576,0.4657534246575342,0.7460047277604986,8.880455980060487,0.0011635561523147579,0.01,0.010000000000000002,0.01085943424218128,0.01231317060593046,0
3d_or_5d,rth_15_330m,trend_10d_30d,0.5,30,all,1.562844066201268,150,68,0.2018058203976103,-0.129127290919132,1.2598327880130202,0.5,13.012128430886621,9.61268424697786,0.0011053017470341608,0.01,0.010000000000000002,0.010904759056748016,0.012908722857142858,0
3d_or_5d,rth_15_330m,trend_10d_30d,0.5,30,development_2024,1.1282170912803922,85,33,0.1254837921357812,-0.11122309093312177,1.2964508280981664,0.49411764705882355,14.670724679282984,10.548011582756272,0.0010508168197943444,0.01,0.010000000000000002,0.010951640648648649,0.012908722857142858,0
3d_or_5d,rth_15_330m,trend_10d_30d,0.5,30,evaluation_2025,0.7022001278903259,65,35,0.0678126409239499,-0.09657167270488065,1.2132318749027327,0.5076923076923077,10.843194875291385,8.389563884806092,0.0012674143805434673,0.01,0.01,0.010789007932489452,0.01231317060593046,0
3d_or_5d,rth_15_330m,trend_10d_30d,0.75,5,all,-0.4392744900153012,178,68,-0.07210234680482641,-0.16413961758242523,0.8352269158598384,0.4606741573033708,-4.028588872289171,6.346105667010725,0.0016638835092917426,0.01,0.010000000000000002,0.010601006141945774,0.011939148571428571,0
3d_or_5d,rth_15_330m,trend_10d_30d,0.75,5,development_2024,1.0665497630337022,102,33,0.04755637868476459,-0.0445889918436575,1.2322420210531921,0.5294117647058824,4.743863082997194,6.980849160414868,0.0015214846001445593,0.01,0.01,0.010657252798507447,0.011939148571428571,0
3d_or_5d,rth_15_330m,trend_10d_30d,0.75,5,evaluation_2025,-0.9254421132900412,76,35,-0.11422652558311586,-0.1234291415343407,0.4705887124210997,0.3684210526315789,-15.80214281227876,5.494213083757793,0.001987355227144139,0.01,0.010000000000000002,0.010503351380414312,0.011395415261044177,0
3d_or_5d,rth_15_330m,trend_10d_30d,0.75,10,all,0.13816065878546943,164,68,0.015529352853053124,-0.11240068619799004,1.044760431603971,0.524390243902439,1.2048068745153147,6.6981945073900215,0.001604649109004422,0.01,0.010000000000000002,0.010623288605403035,0.011939148571428571,0
3d_or_5d,rth_15_330m,trend_10d_30d,0.75,10,development_2024,0.5339400878098927,95,33,0.04024258322073404,-0.07536909877997822,1.1712336526675227,0.5684210526315789,4.42969887392138,7.223148258951236,0.0014616076727222923,0.01,0.01,0.010684178127046548,0.011939148571428571,0
3d_or_5d,rth_15_330m,trend_10d_30d,0.75,10,evaluation_2025,-0.37639011193643945,69,35,-0.023757180071560913,-0.06311850210234204,0.8859173888472339,0.463768115942029,-3.2352618203191232,5.97543209582023,0.0019011215708152009,0.01,0.010000000000000002,0.010526005288326302,0.011850717177791027,0
3d_or_5d,rth_15_330m,trend_10d_30d,0.75,15,all,0.8807554786698865,154,68,0.10421668132190631,-0.11832646386633205,1.2255329709917022,0.5194805194805194,6.771718339451028,6.599169662503549,0.0016425248839672271,0.01,0.010000000000000002,0.010608820979438867,0.011952924444444445,0
3d_or_5d,rth_15_330m,trend_10d_30d,0.75,15,development_2024,1.1274214607585546,82,33,0.0924156434010237,-0.08197080383660993,1.420204342632193,0.524390243902439,11.092019771386438,6.932901735734358,0.001580304986314432,0.01,0.01,0.010632793462969463,0.011939148571428571,0
3d_or_5d,rth_15_330m,trend_10d_30d,0.75,15,evaluation_2025,0.1877329940526922,72,35,0.010802699496450074,-0.057542892505182186,1.0542002389670904,0.5138888888888888,1.8513750419690354,6.219085912435126,0.0016638835092917426,0.01,0.010000000000000002,0.010601006141945774,0.011952924444444445,0
3d_or_5d,rth_15_330m,trend_10d_30d,0.75,30,all,2.134845949586758,137,68,0.2064921493845413,-0.09672461351345374,1.3876363428403404,0.5182481751824818,14.226233801215932,6.5440103722681835,0.0016394046933501623,0.01,0.010000000000000002,0.010609977514433289,0.011952924444444445,0
3d_or_5d,rth_15_330m,trend_10d_30d,0.75,30,development_2024,1.3322271622206763,74,33,0.10902640363638683,-0.08183769760004878,1.417803266337714,0.5135135135135135,14.475139044259556,7.035031474413222,0.001548935893766997,0.01,0.01,0.010645804967459989,0.011939148571428571,0
3d_or_5d,rth_15_330m,trend_10d_30d,0.75,30,evaluation_2025,1.5043577815928875,63,35,0.08788406247910241,-0.05841965492148182,1.3562489676037786,0.5238095238095238,13.933868912561516,5.967255426891473,0.0017453342284721367,0.01,0.010000000000000002,0.010572956161454186,0.011952924444444445,0
3d_or_5d,rth_15_330m,trend_10d_30d,1.0,5,all,-0.4576532537083953,178,68,-0.0579553207516581,-0.12663587613994265,0.824760556033468,0.4606741573033708,-3.2509565266635376,4.759579250258042,0.0022185113457223234,0.01,0.010000000000000002,0.01045075460645933,0.01145436142857143,0
3d_or_5d,rth_15_330m,trend_10d_30d,1.0,5,development_2024,0.837360085698275,102,33,0.030161284471748484,-0.03601949147910122,1.1911118936045986,0.5294117647058824,3.024695009917059,5.2356368703111515,0.0020286461335260794,0.01,0.010000000000000002,0.010492939598880585,0.01145436142857143,0
3d_or_5d,rth_15_330m,trend_10d_30d,1.0,5,evaluation_2025,-0.9459703612724804,76,35,-0.0855367082335966,-0.09042218629190046,0.47436187761875265,0.3684210526315789,-11.673541483653286,4.120659812818343,0.002649806969525519,0.01,0.010000000000000002,0.010377513535310735,0.011046561445783133,0
3d_or_5d,rth_15_330m,trend_10d_30d,1.0,10,all,0.02535195291463453,164,68,0.0025355732509577678,-0.10001490849622463,1.0152417758098335,0.524390243902439,0.30964772510052735,5.017341886169336,0.002139532145339229,0.01,0.010000000000000002,0.010467466454052277,0.01145436142857143,0
3d_or_5d,rth_15_330m,trend_10d_30d,1.0,10,development_2024,0.2879528982062308,95,33,0.020491266926796703,-0.07116187075887992,1.119840853589025,0.5684210526315789,2.280656164172125,5.406478509190255,0.0019488102302963899,0.01,0.010000000000000002,0.01051313359528491,0.01145436142857143,0
3d_or_5d,rth_15_330m,trend_10d_30d,1.0,10,evaluation_2025,-0.4001677491782479,69,35,-0.017595146825619024,-0.04396942747572985,0.8911449082611211,0.463768115942029,-2.4040595460850054,4.481574071865172,0.0025348287610869346,0.01,0.010000000000000002,0.010394503966244726,0.01138803788334327,0
3d_or_5d,rth_15_330m,trend_10d_30d,1.0,15,all,0.6829561370613336,155,68,0.06984505572252764,-0.10226872844727819,1.1952878063622885,0.5290322580645161,4.56981318241396,5.032652700512388,0.0021125129905831303,0.01,0.010000000000000002,0.010473369870129869,0.011464693333333333,0
3d_or_5d,rth_15_330m,trend_10d_30d,1.0,15,development_2024,0.8265192787863768,82,33,0.058838442388500445,-0.07118822742392183,1.3429422438229863,0.5121951219512195,7.169912950545464,5.187068313054411,0.0021070733150859097,0.01,0.010000000000000002,0.010474595097227098,0.01145436142857143,0
3d_or_5d,rth_15_330m,trend_10d_30d,1.0,15,evaluation_2025,0.2246690250189043,73,35,0.010394988407485206,-0.04626800871464387,1.062942024146583,0.547945205479452,1.6491531688963803,4.859199546698062,0.0021941934327790557,0.01,0.010000000000000002,0.010455748333333332,0.011464693333333333,0
3d_or_5d,rth_15_330m,trend_10d_30d,1.0,30,all,1.9457835652881337,137,68,0.14480900049854029,-0.07442194655246603,1.3553661094342937,0.5255474452554745,10.218241479944613,5.08287419085781,0.0021016336395886888,0.01,0.010000000000000002,0.010475820324324325,0.011464693333333333,0
3d_or_5d,rth_15_330m,trend_10d_30d,1.0,30,development_2024,1.5146443229060098,74,33,0.08291332962423748,-0.054741121971895845,1.4157886180102655,0.5,11.089355600850121,5.321806702235277,0.002065247858355996,0.01,0.010000000000000002,0.010484353725594992,0.01145436142857143,0
3d_or_5d,rth_15_330m,trend_10d_30d,1.0,30,evaluation_2025,1.0804485849079204,63,35,0.05715662480189443,-0.0529008280452008,1.2946994708010364,0.5555555555555556,9.195028068087339,4.802223304477928,0.0021941934327790557,0.01,0.01,0.010455748333333332,0.011464693333333333,0
3d_or_5d,rth_15_330m,trend_10d_30d,1.25,5,all,-0.4330804792880567,178,68,-0.04533008764814539,-0.10466896989368757,0.8281554572120776,0.4606741573033708,-2.5399258732958003,3.8076634002064345,0.002773139182152904,0.01,0.010000000000000002,0.010360603685167464,0.011163489142857143,0
3d_or_5d,rth_15_330m,trend_10d_30d,1.25,5,development_2024,0.8333871383677681,102,33,0.025712443283282482,-0.030852939887747288,1.2044206252428344,0.5294117647058824,2.5596639424336236,4.188509496248921,0.0025358076669075988,0.01,0.010000000000000002,0.010394351679104468,0.011163489142857143,0
3d_or_5d,rth_15_330m,trend_10d_30d,1.25,5,evaluation_2025,-0.9169653293619745,76,35,-0.06926164481735464,-0.07553354810649926,0.4731560211764827,0.3684210526315789,-9.38411220493266,3.2965278502546753,0.003312258711906899,0.01,0.010000000000000002,0.010302010828248588,0.010837249156626504,0
3d_or_5d,rth_15_330m,trend_10d_30d,1.25,10,all,0.0594074714058554,164,68,0.004901613971344698,-0.08250837572025627,1.0248071595506099,0.524390243902439,0.4053211879328784,4.013873508935469,0.0026744151816740364,0.01,0.010000000000000002,0.010373973163241821,0.011163489142857143,0
3d_or_5d,rth_15_330m,trend_10d_30d,1.25,10,development_2024,0.21185928032943324,95,33,0.013119383972999499,-0.06192499074196489,1.0943605974870816,0.5684210526315789,1.4700477780025447,4.3251828073522045,0.002436012787870487,0.01,0.010000000000000002,0.010410506876227929,0.011163489142857143,0
3d_or_5d,rth_15_330m,trend_10d_30d,1.25,10,evaluation_2025,-0.22200600523937786,69,35,-0.00811135403354779,-0.036536642442629996,0.938993108229721,0.463768115942029,-1.0606067259311556,3.585259257492138,0.003168535951358668,0.01,0.010000000000000002,0.01031560317299578,0.011110430306674617,0
3d_or_5d,rth_15_330m,trend_10d_30d,1.25,15,all,0.5554700500342126,155,68,0.0474862149365316,-0.0854883443915776,1.1632893166126228,0.5290322580645161,3.1385470014409296,4.021202935958003,0.0026406412382289127,0.01,0.010000000000000002,0.010378695896103896,0.011171754666666667,0
3d_or_5d,rth_15_330m,trend_10d_30d,1.25,15,development_2024,0.704197985156752,82,33,0.041040598957990504,-0.058279915340648136,1.2972824220754067,0.5121951219512195,5.028162147293133,4.149654650443529,0.002633841643857387,0.01,0.010000000000000002,0.010379676077781678,0.011163489142857143,0
3d_or_5d,rth_15_330m,trend_10d_30d,1.25,15,evaluation_2025,0.16309282940944764,73,35,0.006191512593256787,-0.03796311962749066,1.0465778197503532,0.547945205479452,1.0159656047302348,3.8769147087276865,0.00274274179097382,0.01,0.010000000000000002,0.010364598666666667,0.011171754666666667,0
3d_or_5d,rth_15_330m,trend_10d_30d,1.25,30,all,2.5425022696459076,132,68,0.149777011062316,-0.058909292963256754,1.4855130556633762,0.5378787878787878,10.827414840759992,4.104142607029303,0.0026109888166691206,0.01,0.010000000000000002,0.010383011140094755,0.011171754666666667,0
3d_or_5d,rth_15_330m,trend_10d_30d,1.25,30,development_2024,1.1440211967906988,73,33,0.05639230871900991,-0.04929306281842172,1.3284227376702746,0.5068493150684932,7.764892740104462,4.281887157758511,0.0025360775964041295,0.01,0.01,0.010394309701492528,0.011163489142857143,0
3d_or_5d,rth_15_330m,trend_10d_30d,1.25,30,evaluation_2025,3.011991684201746,59,35,0.08839964241745135,-0.029349231898984973,1.7081522981854134,0.576271186440678,14.61663710089311,3.8842213832457055,0.00274274179097382,0.01,0.010000000000000002,0.010364598666666667,0.011171754666666667,0
focus_cluster,opening_15_30m,none,0.0,5,all,-0.8227486321507644,30,21,-0.11333520197340163,-0.13775191783319007,0.46011088201606565,0.3,-39.45069669253453,11.660168485442181,0.0008333102351911327,0.01,0.010000000000000002,0.011200052819620377,0.01187857549519627,0
focus_cluster,opening_15_30m,none,0.0,5,development_2024,-inf,9,9,-0.010013458708894696,-0.02239031488895149,0.797870249930431,0.4444444444444444,-10.620905746475113,13.211975856353318,0.0008161861721876678,0.01,0.01,0.011225210661581837,0.011689324011186514,0
focus_cluster,opening_15_30m,none,0.0,5,evaluation_2025,-0.6338898541237384,21,12,-0.10436681606778031,-0.13775191783319007,0.36720524909692465,0.23809523809523808,-51.80632138370285,10.995108183623124,0.0010844174782916687,0.01,0.010000000000000002,0.010922154078128053,0.01187857549519627,0
focus_cluster,opening_15_30m,none,0.0,10,all,-0.6190040662503746,30,21,-0.0922167897701377,-0.14897606461415047,0.5992309285950453,0.3,-31.40927793654018,11.660168485442181,0.0008333102351911327,0.01,0.010000000000000002,0.011200052819620377,0.01187857549519627,0
focus_cluster,opening_15_30m,none,0.0,10,development_2024,-inf,9,9,0.018296143583153457,-0.02239031488895149,1.4149106703810455,0.5555555555555556,20.957659306651856,13.211975856353318,0.0008161861721876678,0.01,0.01,0.011225210661581837,0.011689324011186514,0
focus_cluster,opening_15_30m,none,0.0,10,evaluation_2025,-0.6094969404260185,21,12,-0.10852730224865759,-0.14897606461415036,0.40371570926916905,0.19047619047619047,-53.852251040765346,10.995108183623124,0.0010844174782916687,0.01,0.010000000000000002,0.010922154078128053,0.01187857549519627,0
focus_cluster,opening_15_30m,none,0.0,15,all,-0.5285718589069234,30,21,-0.07874455540573944,-0.14897606461415047,0.6628660824733885,0.3,-26.422031221885955,11.660168485442181,0.0008333102351911327,0.01,0.010000000000000002,0.011200052819620377,0.01187857549519627,0
focus_cluster,opening_15_30m,none,0.0,15,development_2024,-inf,9,9,0.033408478933838914,-0.02239031488895149,1.7440285118116288,0.5555555555555556,37.581815022165955,13.211975856353318,0.0008161861721876678,0.01,0.01,0.011225210661581837,0.011689324011186514,0
focus_cluster,opening_15_30m,none,0.0,15,evaluation_2025,-0.6094969404260185,21,12,-0.10852730224865759,-0.14897606461415036,0.40371570926916905,0.19047619047619047,-53.852251040765346,10.995108183623124,0.0010844174782916687,0.01,0.010000000000000002,0.010922154078128053,0.01187857549519627,0
focus_cluster,opening_15_30m,none,0.0,30,all,-0.44062622387733036,30,21,-0.0656427607990383,-0.14897606461415047,0.7236254323348889,0.3,-21.66016848543988,11.660168485442181,0.0008333102351911327,0.01,0.010000000000000002,0.011200052819620377,0.01187857549519627,0
focus_cluster,opening_15_30m,none,0.0,30,development_2024,-inf,9,9,0.048105277433388105,-0.02239031488895149,2.0582728383260673,0.5555555555555556,53.45469081031954,13.211975856353318,0.0008161861721876678,0.01,0.01,0.011225210661581837,0.011689324011186514,0
focus_cluster,opening_15_30m,none,0.0,30,evaluation_2025,-0.6094969404260185,21,12,-0.10852730224865759,-0.14897606461415036,0.40371570926916905,0.19047619047619047,-53.852251040765346,10.995108183623124,0.0010844174782916687,0.01,0.010000000000000002,0.010922154078128053,0.01187857549519627,0
focus_cluster,opening_15_30m,none,0.25,5,all,-0.8498258925225378,30,21,-0.10340483174753556,-0.12167766675194969,0.4440683212482532,0.3333333333333333,-35.87396756984653,10.416308024508943,0.0009189939817039359,0.01,0.01,0.01108828649008795,0.01187857549519627,0
focus_cluster,opening_15_30m,none,0.25,5,development_2024,-inf,9,9,-0.00344509818178651,-0.022262815731415975,0.9228422758278632,0.4444444444444444,-3.3506252005387136,12.174534210296411,0.0008194901384186863,0.01,0.01,0.011220270938134328,0.011418442804428155,0
focus_cluster,opening_15_30m,none,0.25,5,evaluation_2025,-0.6897028283552514,21,12,-0.10030529515571329,-0.12167766675194958,0.3229593874063118,0.2857142857142857,-49.81254287097845,9.662782516314314,0.0011696523020445812,0.01,0.01,0.010854954928273963,0.01187857549519627,0
focus_cluster,opening_15_30m,none,0.25,10,all,-0.4939973990962234,30,21,-0.060005966186652215,-0.12147020671856601,0.7182655281059734,0.3333333333333333,-19.811563770394514,10.416308024508943,0.0009189939817039359,0.01,0.01,0.01108828649008795,0.01187857549519627,0
focus_cluster,opening_15_30m,none,0.25,10,development_2024,-inf,9,9,0.020533067162753715,-0.022262815731415975,1.6166982981754536,0.5555555555555556,23.174613303417313,12.174534210296411,0.0008194901384186863,0.01,0.01,0.011220270938134328,0.011418442804428155,0
focus_cluster,opening_15_30m,none,0.25,10,evaluation_2025,-0.5435738816284501,21,12,-0.07891859258741807,-0.1214702067185659,0.5467304424930157,0.23809523809523808,-38.234211087742445,9.662782516314314,0.0011696523020445812,0.01,0.01,0.010854954928273963,0.01187857549519627,0
focus_cluster,opening_15_30m,none,0.25,15,all,-0.41973968197812767,30,21,-0.050985865937868136,-0.12147020671856557,0.7773290678772037,0.3333333333333333,-16.50407346616676,10.416308024508943,0.0009189939817039359,0.01,0.01,0.01108828649008795,0.01187857549519627,0
focus_cluster,opening_15_30m,none,0.25,15,development_2024,-inf,9,9,0.030326012906954247,-0.022262815731415975,1.6807131349443256,0.5555555555555556,34.199580984176485,12.174534210296411,0.0008194901384186863,0.01,0.01,0.011220270938134328,0.011418442804428155,0
focus_cluster,opening_15_30m,none,0.25,15,evaluation_2025,-0.5435738816284501,21,12,-0.07891859258741807,-0.1214702067185659,0.5467304424930157,0.23809523809523808,-38.234211087742445,9.662782516314314,0.0011696523020445812,0.01,0.01,0.010854954928273963,0.01187857549519627,0
focus_cluster,opening_15_30m,none,0.25,30,all,-0.39926486711153536,30,21,-0.04849878594349899,-0.12147020671856601,0.7893603673702708,0.3333333333333333,-15.612329542368323,10.416308024508943,0.0009189939817039359,0.01,0.01,0.01108828649008795,0.01187857549519627,0
focus_cluster,opening_15_30m,none,0.25,30,development_2024,-inf,9,9,0.03302618682682135,-0.022262815731415975,1.7398777781424632,0.5555555555555556,37.17206073017127,12.174534210296411,0.0008194901384186863,0.01,0.01,0.011220270938134328,0.011418442804428155,0
focus_cluster,opening_15_30m,none,0.25,30,evaluation_2025,-0.5435738816284501,21,12,-0.07891859258741807,-0.1214702067185659,0.5467304424930157,0.23809523809523808,-38.234211087742445,9.662782516314314,0.0011696523020445812,0.01,0.01,0.010854954928273963,0.01187857549519627,0
focus_cluster,opening_15_30m,none,0.5,5,all,-0.8316226972547445,28,21,-0.04935556036595834,-0.057336099022103126,0.5177537825097075,0.39285714285714285,-17.845985043993004,6.154282348149093,0.001735674339274874,0.01,0.01,0.010576161231469372,0.011124869020501173,0
focus_cluster,opening_15_30m,none,0.5,5,development_2024,-inf,9,9,-0.00041503620324701007,-0.011721716183590192,0.9936338334071055,0.4444444444444444,-0.18291193601317554,7.867385626043025,0.0013035240435927814,0.01,0.01,0.010767151173708921,0.011124869020501173,0
focus_cluster,opening_15_30m,none,0.5,5,evaluation_2025,-inf,19,12,-0.04896084468579753,-0.051940248478958506,0.35949822449045693,0.3684210526315789,-26.212703884615028,5.342812374409863,0.001996657044239404,0.01,0.01,0.01050083713819813,0.011091450602409639,0
focus_cluster,opening_15_30m,none,0.5,10,all,-0.3493261518689146,26,21,-0.022755445632538618,-0.0606429461246375,0.7906962761703678,0.46153846153846156,-8.49484085487151,6.048704398631051,0.001736289382366258,0.01,0.01,0.010575959368115336,0.011124869020501173,0
focus_cluster,opening_15_30m,none,0.5,10,development_2024,-inf,9,9,0.026719442927876313,-0.010923408704110127,2.2213869791751484,0.6666666666666666,29.73260781518062,7.867385626043025,0.0013035240435927814,0.01,0.01,0.010767151173708921,0.011124869020501173,0
focus_cluster,opening_15_30m,none,0.5,10,evaluation_2025,-inf,17,12,-0.04818734942753988,-0.05923906147188096,0.4158241040942298,0.35294117647058826,-28.73290191548734,5.0858731605894185,0.001996657044239404,0.01,0.01,0.01050083713819813,0.011091450602409639,0
focus_cluster,opening_15_30m,none,0.5,15,all,-0.22251143843967175,24,21,-0.016174803725042985,-0.06501771038025794,0.8650892917359287,0.4166666666666667,-6.294316503904335,6.141457879683141,0.0017260038326307888,0.01,0.01,0.010579373027433836,0.011124869020501173,0
focus_cluster,opening_15_30m,none,0.5,15,development_2024,-inf,9,9,0.03516959857694446,-0.010923408704110127,2.0801960687969276,0.6666666666666666,39.13551811395662,7.867385626043025,0.0013035240435927814,0.01,0.01,0.010767151173708921,0.011124869020501173,0
focus_cluster,opening_15_30m,none,0.5,15,evaluation_2025,-inf,15,12,-0.04959999054509612,-0.0633777962431199,0.36587052275437826,0.26666666666666666,-33.5522172746209,5.105901231867212,0.001996657044239404,0.01,0.01,0.01050083713819813,0.011091450602409639,0
focus_cluster,opening_15_30m,none,0.5,30,all,-0.0705296414059886,24,21,-0.00475539822319393,-0.060305956333647104,0.9714877790100003,0.4583333333333333,-1.3852162092100238,6.141457879683141,0.0017260038326307888,0.01,0.01,0.010579373027433836,0.011124869020501173,0
focus_cluster,opening_15_30m,none,0.5,30,development_2024,-inf,9,9,0.038619465603142444,-0.010923408704110127,2.1853113212120636,0.6666666666666666,42.94384512400338,7.867385626043025,0.0013035240435927814,0.01,0.01,0.010767151173708921,0.011124869020501173,0
focus_cluster,opening_15_30m,none,0.5,30,evaluation_2025,-inf,15,12,-0.04176203630185993,-0.05053879999184685,0.500266785622078,0.3333333333333333,-27.98265300913807,5.105901231867212,0.001996657044239404,0.01,0.01,0.01050083713819813,0.011091450602409639,0
focus_cluster,opening_15_30m,none,0.75,5,all,-0.5647645187145777,28,21,-0.017629700690832473,-0.030157540729233157,0.6705585377881504,0.39285714285714285,-6.275455820457059,4.102854898766062,0.002603511508912311,0.01,0.01,0.01038410748764625,0.010749912680334114,0
focus_cluster,opening_15_30m,none,0.75,5,development_2024,-inf,9,9,0.0069559241230385815,-0.005566250120040084,1.6919539827938368,0.4444444444444444,7.783731122026988,5.24492375069535,0.001955286065389172,0.01,0.01,0.010511434115805946,0.010749912680334114,0
focus_cluster,opening_15_30m,none,0.75,5,evaluation_2025,-inf,19,12,-0.02441579042824804,-0.02533856186795813,0.43126156040968017,0.3684210526315789,-12.935070687949501,3.5618749162732413,0.002994985566359106,0.01,0.01,0.01033389142546542,0.010727633734939759,0
focus_cluster,opening_15_30m,none,0.75,10,all,1.00903201125372,24,21,0.025451679010375372,-0.02256090342980943,1.593666728720931,0.5833333333333334,10.663418613497797,4.073224254243377,0.0026037695826414,0.01,0.01,0.010384072046170926,0.010749912680334114,0
focus_cluster,opening_15_30m,none,0.75,10,development_2024,-inf,9,9,0.03992803312511617,-0.00199335116297894,20.68318937144471,0.7777777777777778,43.758200085037075,5.24492375069535,0.001955286065389172,0.01,0.01,0.010511434115805946,0.010749912680334114,0
focus_cluster,opening_15_30m,none,0.75,10,evaluation_2025,-inf,15,12,-0.013920534550105224,-0.018312529151921386,0.6645370447162341,0.4666666666666667,-9.193450269425767,3.3702045563721925,0.002994985566359106,0.01,0.01,0.01033389142546542,0.010727633734939759,0
focus_cluster,opening_15_30m,none,0.75,15,all,-0.12294937648137542,22,21,-0.005832264589164193,-0.0406220279446885,0.9309654730585052,0.45454545454545453,-2.3405981291306075,4.144386300022716,0.0025870937833499833,0.01,0.01,0.010386534202565256,0.010749912680334114,0
focus_cluster,opening_15_30m,none,0.75,15,development_2024,-inf,9,9,0.024994824354381162,-0.010615605802739125,2.0042486987041253,0.6666666666666666,27.88268791505428,5.24492375069535,0.001955286065389172,0.01,0.01,0.010511434115805946,0.010749912680334114,0
focus_cluster,opening_15_30m,none,0.75,15,evaluation_2025,-inf,13,12,-0.030075360588247224,-0.036285275796392624,0.3902742058150407,0.3076923076923077,-23.264411544335534,3.3824757572493542,0.002994985566359106,0.01,0.01,0.01033389142546542,0.010727633734939759,0
focus_cluster,opening_15_30m,none,0.75,30,all,-0.05532913823841832,22,21,-0.0031102385977821445,-0.04813827389526926,0.9745091886610786,0.45454545454545453,-0.9820572948165859,4.144386300022716,0.0025870937833499833,0.01,0.01,0.010386534202565256,0.010749912680334114,0
focus_cluster,opening_15_30m,none,0.75,30,development_2024,-inf,9,9,0.033495648013414314,-0.010615605802739125,2.3812576053846755,0.6666666666666666,37.223269222481456,5.24492375069535,0.001955286065389172,0.01,0.01,0.010511434115805946,0.010749912680334114,0
focus_cluster,opening_15_30m,none,0.75,30,evaluation_2025,-inf,13,12,-0.035419487911304004,-0.03833761894466958,0.410584547953788,0.3076923076923077,-27.431898729869076,3.3824757572493542,0.002994985566359106,0.01,0.01,0.01033389142546542,0.010727633734939759,0
focus_cluster,opening_15_30m,none,1.0,5,all,-0.562760254589552,28,21,-0.013211709629838753,-0.022680571361824442,0.6705585377881507,0.39285714285714285,-4.706591865342795,3.0771411740745465,0.003471348678549748,0.01,0.01,0.010288080615734687,0.010562434510250586,0
focus_cluster,opening_15_30m,none,1.0,5,development_2024,-inf,9,9,0.0052262423374180855,-0.004175195157485878,1.6919539827938368,0.4444444444444444,5.837798341520239,3.9336928130215125,0.002607048087185563,0.01,0.01,0.01038357558685446,0.010562434510250586,0
focus_cluster,opening_15_30m,none,1.0,5,evaluation_2025,-inf,19,12,-0.018342091750791933,-0.019048283611626138,0.4312615604096802,0.3684210526315789,-9.701303015962125,2.6714061872049313,0.003993314088478808,0.01,0.01,0.010250418569099065,0.01054572530120482,0
focus_cluster,opening_15_30m,none,1.0,10,all,0.7015110586353599,23,21,0.01627249178087209,-0.02031060358573855,1.4655561883790749,0.5652173913043478,7.146140237201736,3.0612300661493794,0.003492263876326138,0.01,0.01,0.010286347204968944,0.010562434510250586,0
focus_cluster,opening_15_30m,none,1.0,10,development_2024,-inf,9,9,0.03050939934444119,-0.001495013372234233,21.120570273767978,0.7777777777777778,33.5479145395213,3.9336928130215125,0.002607048087185563,0.01,0.01,0.01038357558685446,0.010562434510250586,0
focus_cluster,opening_15_30m,none,1.0,10,evaluation_2025,-inf,14,12,-0.013815407770783383,-0.016663170375406988,0.5930322516051232,0.42857142857142855,-9.826428957146563,2.5003611574458655,0.0040632667360665665,0.01,0.01,0.01024618036147261,0.01054572530120482,0
focus_cluster,opening_15_30m,none,1.0,15,all,-0.0979791610547958,21,21,-0.004154601241234124,-0.03547681718549789,0.938418880957116,0.42857142857142855,-1.7395444226486194,3.1177442331157024,0.0034511216773842617,0.01,0.01,0.010289760864287446,0.010562434510250586,0
focus_cluster,opening_15_30m,none,1.0,15,development_2024,-inf,9,9,0.024031238849542058,-0.007724043277413051,2.3002102048986357,0.6666666666666666,26.73163935255837,3.9336928130215125,0.002607048087185563,0.01,0.01,0.01038357558685446,0.010562434510250586,0
focus_cluster,opening_15_30m,none,1.0,15,evaluation_2025,-inf,12,12,-0.027524394785496953,-0.029776929721161416,0.3210840760249598,0.25,-23.092932254053864,2.505782798186346,0.0040632667360665665,0.01,0.01,0.01024618036147261,0.01054572530120482,0
focus_cluster,opening_15_30m,none,1.0,30,all,-0.21533716077837936,21,21,-0.013268129573981602,-0.051551314233449164,0.843233815846094,0.42857142857142855,-5.958959826357225,3.1177442331157024,0.0034511216773842617,0.01,0.01,0.010289760864287446,0.010562434510250586,0
focus_cluster,opening_15_30m,none,1.0,30,development_2024,-inf,9,9,0.030041433988966748,-0.010461704352054624,2.2990562047032337,0.6666666666666666,33.47300747241602,3.9336928130215125,0.002607048087185563,0.01,0.01,0.01038357558685446,0.010562434510250586,0
focus_cluster,opening_15_30m,none,1.0,30,evaluation_2025,-inf,12,12,-0.04204642855504015,-0.041832113564164164,0.24710722290363987,0.25,-35.53293530043716,2.505782798186346,0.0040632667360665665,0.01,0.01,0.01024618036147261,0.01054572530120482,0
focus_cluster,opening_15_30m,none,1.25,5,all,-0.5615564079760318,28,21,-0.010564196763607425,-0.018174458599695353,0.6705585377881504,0.39285714285714285,-3.7652734922742366,2.461712939259637,0.004339185848187185,0.01,0.010000000000000002,0.01023046449258775,0.010449947608200469,0
focus_cluster,opening_15_30m,none,1.25,5,development_2024,-inf,9,9,0.004185449744356973,-0.0033403997583675293,1.6919539827938368,0.4444444444444444,4.670238673216191,3.1469542504172097,0.0032588101089819537,0.01,0.01,0.010306860469483568,0.010449947608200469,0
focus_cluster,opening_15_30m,none,1.25,5,evaluation_2025,-inf,19,12,-0.01468816991096522,-0.015259947792653827,0.43126156040968017,0.3684210526315789,-7.761042412769703,2.137124949763945,0.00499164261059851,0.01,0.010000000000000002,0.010200334855279252,0.010436580240963856,0
focus_cluster,opening_15_30m,none,1.25,10,all,0.7695708783347186,23,21,0.013717488445898818,-0.015607353558472092,1.5005554136497747,0.5652173913043478,6.003327224002168,2.448984052919503,0.004365329845407673,0.01,0.010000000000000002,0.010229077763975155,0.010449947608200469,0
focus_cluster,opening_15_30m,none,1.25,10,development_2024,-inf,9,9,0.024356714834859128,-0.0011960106977872975,21.120570273767974,0.7777777777777778,26.83833163161705,3.1469542504172097,0.0032588101089819537,0.01,0.01,0.010306860469483568,0.010449947608200469,0
focus_cluster,opening_15_30m,none,1.25,10,evaluation_2025,-inf,14,12,-0.01038625142480265,-0.012683293761538983,0.6078389568070665,0.42857142857142855,-7.39060418089311,2.0002889259566925,0.0050790834200832085,0.01,0.010000000000000002,0.010196944289178087,0.010436580240963856,0
focus_cluster,opening_15_30m,none,1.25,15,all,-0.1546869998873981,21,21,-0.005202459875539245,-0.028138694400173248,0.8955278831828344,0.42857142857142855,-2.3446174759400122,2.4941953864925615,0.004313902096730327,0.01,0.010000000000000002,0.010231808691429957,0.010449947608200469,0
focus_cluster,opening_15_30m,none,1.25,15,development_2024,-inf,9,9,0.016892950806663753,-0.006179234621930485,2.142899762027123,0.6666666666666666,18.797935373544096,3.1469542504172097,0.0032588101089819537,0.01,0.01,0.010306860469483568,0.010449947608200469,0
focus_cluster,opening_15_30m,none,1.25,15,evaluation_2025,-inf,12,12,-0.021728354655891513,-0.022421105954175458,0.3243357569063248,0.25,-18.201532113053098,2.0046262385490765,0.0050790834200832085,0.01,0.010000000000000002,0.010196944289178087,0.010436580240963856,0
focus_cluster,opening_15_30m,none,1.25,30,all,-0.3871053827803477,21,21,-0.01954216234276762,-0.04223693803170547,0.7056091837544523,0.42857142857142855,-9.179768405328,2.4941953864925615,0.004313902096730327,0.01,0.010000000000000002,0.010231808691429957,0.010449947608200469,0
focus_cluster,opening_15_30m,none,1.25,30,development_2024,-inf,9,9,0.015553702223778831,-0.010369363481643967,1.8111069607624495,0.6666666666666666,17.42113805430395,3.1469542504172097,0.0032588101089819537,0.01,0.01,0.010306860469483568,0.010449947608200469,0
focus_cluster,opening_15_30m,none,1.25,30,evaluation_2025,-inf,12,12,-0.03455835421573117,-0.032450346835720456,0.24258338064626386,0.25,-29.13044825005195,2.0046262385490765,0.0050790834200832085,0.01,0.010000000000000002,0.010196944289178087,0.010436580240963856,0
focus_cluster,opening_15_30m,poc_migration,0.0,5,all,-inf,7,6,-0.039157270219425055,-0.04471554470017802,0.32999374131973824,0.14285714285714285,-56.327088253219635,12.562585247012908,0.0007164936956518367,0.01,0.01,0.01139568569279628,0.011633773380738881,0
focus_cluster,opening_15_30m,poc_migration,0.0,5,development_2024,-inf,2,2,-0.013342135485705842,-0.0018303603516008904,0.0,0.0,-66.8162241008834,13.640463579163235,0.0007445195825959462,0.01,0.01,0.011364046357916324,0.011532884468577002,0
focus_cluster,opening_15_30m,poc_migration,0.0,5,evaluation_2025,-inf,5,4,-0.026164221319441183,-0.04471554470017802,0.4269432448317294,0.2,-52.13143391415412,12.13143391415278,0.0007164936956518367,0.01,0.01,0.01139568569279628,0.011633773380738881,0
focus_cluster,opening_15_30m,poc_migration,0.0,10,all,-inf,7,6,-0.029604139520164385,-0.04471554470017802,0.4825395166623325,0.2857142857142857,-42.14958592405886,12.562585247012908,0.0007164936956518367,0.01,0.01,0.01139568569279628,0.011633773380738881,0
focus_cluster,opening_15_30m,poc_migration,0.0,10,development_2024,-inf,2,2,-0.0035323391027838325,0.0,0.701809794493778,0.5,-17.1949659488207,13.640463579163235,0.0007445195825959462,0.01,0.01,0.011364046357916324,0.011532884468577002,0
focus_cluster,opening_15_30m,poc_migration,0.0,10,evaluation_2025,-inf,5,4,-0.026164221319441183,-0.04471554470017802,0.4269432448317294,0.2,-52.13143391415412,12.13143391415278,0.0007164936956518367,0.01,0.01,0.01139568569279628,0.011633773380738881,0
focus_cluster,opening_15_30m,poc_migration,0.0,15,all,-inf,7,6,-0.01929377699160084,-0.04471554470017802,0.6703897856071276,0.2857142857142857,-26.848299532727875,12.562585247012908,0.0007164936956518367,0.01,0.01,0.01139568569279628,0.011633773380738881,0
focus_cluster,opening_15_30m,poc_migration,0.0,15,development_2024,-inf,2,2,0.007055033793427645,0.0,1.6305367320709445,0.5,36.35953642083775,13.640463579163235,0.0007445195825959462,0.01,0.01,0.011364046357916324,0.011532884468577002,0
focus_cluster,opening_15_30m,poc_migration,0.0,15,evaluation_2025,-inf,5,4,-0.026164221319441183,-0.04471554470017802,0.4269432448317294,0.2,-52.13143391415412,12.13143391415278,0.0007164936956518367,0.01,0.01,0.01139568569279628,0.011633773380738881,0
focus_cluster,opening_15_30m,poc_migration,0.0,30,all,-inf,7,6,-0.01929377699160084,-0.04471554470017802,0.6703897856071276,0.2857142857142857,-26.848299532727875,12.562585247012908,0.0007164936956518367,0.01,0.01,0.01139568569279628,0.011633773380738881,0
focus_cluster,opening_15_30m,poc_migration,0.0,30,development_2024,-inf,2,2,0.007055033793427645,0.0,1.6305367320709445,0.5,36.35953642083775,13.640463579163235,0.0007445195825959462,0.01,0.01,0.011364046357916324,0.011532884468577002,0
focus_cluster,opening_15_30m,poc_migration,0.0,30,evaluation_2025,-inf,5,4,-0.026164221319441183,-0.04471554470017802,0.4269432448317294,0.2,-52.13143391415412,12.13143391415278,0.0007164936956518367,0.01,0.01,0.01139568569279628,0.011633773380738881,0
focus_cluster,opening_15_30m,poc_migration,0.25,5,all,-inf,7,6,-0.020071761996516946,-0.02877797131723625,0.4162672661756794,0.2857142857142857,-28.631587825424596,10.411634395595678,0.0008627804193460654,0.01,0.01,0.01115904345714978,0.011633773380738881,0
focus_cluster,opening_15_30m,poc_migration,0.25,5,development_2024,-inf,2,2,-0.005278483882065976,-0.0018303603516008904,0.0,0.0,-26.424033819078062,12.194838182843114,0.0008203441555373709,0.01,0.01,0.01121948381828431,0.011243759389312977,0
focus_cluster,opening_15_30m,poc_migration,0.25,5,evaluation_2025,-inf,5,4,-0.014871778557866255,-0.02877797131723636,0.49199611601856313,0.4,-29.514609427963208,9.6983528806967,0.0008632234132847235,0.01,0.01,0.011158448652585565,0.011633773380738881,0
focus_cluster,opening_15_30m,poc_migration,0.25,10,all,-inf,7,6,0.012698712883326468,-0.03356855984111029,1.389193659508813,0.42857142857142855,18.889042135647394,10.411634395595678,0.0008627804193460654,0.01,0.01,0.01115904345714978,0.011633773380738881,0
focus_cluster,opening_15_30m,poc_migration,0.25,10,development_2024,-inf,2,2,0.008071324750763553,0.0,361.5710107219543,0.5,40.3575296765009,12.194838182843114,0.0008203441555373709,0.01,0.01,0.01121948381828431,0.011243759389312977,0
focus_cluster,opening_15_30m,poc_migration,0.25,10,evaluation_2025,-inf,5,4,0.004590338023658269,-0.03356855984111018,1.1517122700801334,0.4,10.301647119305997,9.6983528806967,0.0008632234132847235,0.01,0.01,0.011158448652585565,0.011633773380738881,0
focus_cluster,opening_15_30m,poc_migration,0.25,15,all,-inf,7,6,0.04267811446616898,-0.03356855984111029,2.258034282553293,0.5714285714285714,61.016937032977054,10.411634395595678,0.0008627804193460654,0.01,0.01,0.01115904345714978,0.011633773380738881,0
focus_cluster,opening_15_30m,poc_migration,0.25,15,development_2024,-inf,2,2,0.03791373956217936,0.0,,1.0,187.80516181715473,12.194838182843114,0.0008203441555373709,0.01,0.01,0.01121948381828431,0.011243759389312977,0
focus_cluster,opening_15_30m,poc_migration,0.25,15,evaluation_2025,-inf,5,4,0.004590338023658269,-0.03356855984111018,1.1517122700801334,0.4,10.301647119305997,9.6983528806967,0.0008632234132847235,0.01,0.01,0.011158448652585565,0.011633773380738881,0
focus_cluster,opening_15_30m,poc_migration,0.25,30,all,-inf,7,6,0.04267811446616898,-0.03356855984111029,2.258034282553293,0.5714285714285714,61.016937032977054,10.411634395595678,0.0008627804193460654,0.01,0.01,0.01115904345714978,0.011633773380738881,0
focus_cluster,opening_15_30m,poc_migration,0.25,30,development_2024,-inf,2,2,0.03791373956217936,0.0,,1.0,187.80516181715473,12.194838182843114,0.0008203441555373709,0.01,0.01,0.01121948381828431,0.011243759389312977,0
focus_cluster,opening_15_30m,poc_migration,0.25,30,evaluation_2025,-inf,5,4,0.004590338023658269,-0.03356855984111018,1.1517122700801334,0.4,10.301647119305997,9.6983528806967,0.0008632234132847235,0.01,0.01,0.011158448652585565,0.011633773380738881,0
focus_cluster,opening_15_30m,poc_migration,0.5,5,all,-inf,7,6,-0.01673934207725658,-0.02063601436776641,0.2987592635910262,0.2857142857142857,-23.96179827074628,6.075083509578738,0.0017255608386921308,0.01,0.01,0.01057952172857489,0.011091450602409639,0
focus_cluster,opening_15_30m,poc_migration,0.5,5,development_2024,-inf,2,2,-0.003151313482637641,-0.0014265542541427312,0.0,0.0,-15.768887301250416,7.767031622453714,0.0013407673387851454,0.01,0.01,0.010776703162245372,0.010931526629834255,0
focus_cluster,opening_15_30m,poc_migration,0.5,5,evaluation_2025,-inf,5,4,-0.013630984098590537,-0.02063601436776641,0.34413330221382155,0.4,-27.238962658544626,5.398304264428747,0.001726446826569447,0.01,0.01,0.010579224326292783,0.011091450602409639,0
focus_cluster,opening_15_30m,poc_migration,0.5,10,all,-inf,7,6,-0.006391798408249771,-0.026305906574943583,0.7660077911689386,0.42857142857142855,-8.871355519796,6.075083509578738,0.0017255608386921308,0.01,0.01,0.01057952172857489,0.011091450602409639,0
focus_cluster,opening_15_30m,poc_migration,0.5,10,development_2024,-inf,2,2,0.006296989097737571,0.0,563.6055906356968,0.5,31.485298519677936,7.767031622453714,0.0013407673387851454,0.01,0.01,0.010776703162245372,0.010931526629834255,0
focus_cluster,opening_15_30m,poc_migration,0.5,10,evaluation_2025,-inf,5,4,-0.01260938633768982,-0.026305906574943583,0.5285343901670508,0.4,-25.014017135585576,5.398304264428747,0.001726446826569447,0.01,0.01,0.010579224326292783,0.011091450602409639,0
focus_cluster,opening_15_30m,poc_migration,0.5,15,all,-inf,7,6,0.011223798212969927,-0.025802311939300604,1.4437886042130152,0.5714285714285714,16.491974438919804,6.075083509578738,0.0017255608386921308,0.01,0.01,0.01057952172857489,0.011091450602409639,0
focus_cluster,opening_15_30m,poc_migration,0.5,15,development_2024,-inf,2,2,0.02800308822067943,0.0,,1.0,139.17953326304243,7.767031622453714,0.0013407673387851454,0.01,0.01,0.010776703162245372,0.010931526629834255,0
focus_cluster,opening_15_30m,poc_migration,0.5,15,evaluation_2025,-inf,5,4,-0.016322217510797654,-0.025802311939300604,0.3737219652533183,0.4,-32.58304909072925,5.398304264428747,0.001726446826569447,0.01,0.01,0.010579224326292783,0.011091450602409639,0
focus_cluster,opening_15_30m,poc_migration,0.5,30,all,-inf,7,6,0.002381672764575793,-0.02829353319734429,1.095476451465788,0.42857142857142855,3.8968580268910245,6.075083509578738,0.0017255608386921308,0.01,0.01,0.01057952172857489,0.011091450602409639,0
focus_cluster,opening_15_30m,poc_migration,0.5,30,development_2024,-inf,2,2,0.02636946700382592,0.0,,1.0,131.1642660874668,7.767031622453714,0.0013407673387851454,0.01,0.01,0.010776703162245372,0.010931526629834255,0
focus_cluster,opening_15_30m,poc_migration,0.5,30,evaluation_2025,-inf,5,4,-0.02337150023497392,-0.0240305190905008,0.17729360490965315,0.2,-47.0101051973393,5.398304264428747,0.001726446826569447,0.01,0.01,0.010579224326292783,0.011091450602409639,0
focus_cluster,opening_15_30m,poc_migration,0.75,5,all,-inf,7,6,-0.009242680587955632,-0.011866706771703206,0.3399583879344893,0.2857142857142857,-13.213806622975788,4.050055673052492,0.0025883412580381964,0.01,0.01,0.010386347819049927,0.010727633734939759,0
focus_cluster,opening_15_30m,poc_migration,0.75,5,development_2024,-inf,2,2,-0.0021014232056723037,-0.0009510361694284875,0.0,0.0,-10.512591534166944,5.178021081635809,0.002011151008177718,0.01,0.01,0.010517802108163582,0.010621017753222836,0
focus_cluster,opening_15_30m,poc_migration,0.75,5,evaluation_2025,-inf,5,4,-0.0071562957883196665,-0.011866706771703317,0.399966299971723,0.4,-14.294292658499325,3.5988695096191647,0.0025896702398541705,0.01,0.01,0.010386149550861855,0.010727633734939759,0
focus_cluster,opening_15_30m,poc_migration,0.75,10,all,-inf,6,6,0.003049347286467663,-0.010413869466864178,1.297241533731977,0.5,5.175662550734628,4.081482367124816,0.0025001916752831702,0.01,0.01,0.010400467141077126,0.010727633734939759,0
focus_cluster,opening_15_30m,poc_migration,0.75,10,development_2024,-inf,2,2,0.004198008422091171,0.0,563.6055906356995,0.5,20.99019901311863,5.178021081635809,0.002011151008177718,0.01,0.01,0.010517802108163582,0.010621017753222836,0
focus_cluster,opening_15_30m,poc_migration,0.75,10,evaluation_2025,-inf,4,4,-0.0011438592050470042,-0.010413869466864178,0.8953400354317131,0.5,-2.7316056804573714,3.5332130098693186,0.004304434557949014,0.01,0.01,0.010276223105842069,0.010727633734939759,0
focus_cluster,opening_15_30m,poc_migration,0.75,15,all,-inf,6,6,0.008723952899855503,-0.014352171732635144,1.6145045604796786,0.6666666666666666,14.739379483767086,4.081482367124816,0.0025001916752831702,0.01,0.01,0.010400467141077126,0.010727633734939759,0
focus_cluster,opening_15_30m,poc_migration,0.75,15,development_2024,-inf,2,2,0.016817718808272764,0.0,,1.0,83.76978092306148,5.178021081635809,0.002011151008177718,0.01,0.01,0.010517802108163582,0.010621017753222836,0
focus_cluster,opening_15_30m,poc_migration,0.75,15,evaluation_2025,-inf,4,4,-0.007959898572482804,-0.014352171732635144,0.4503462713581702,0.5,-19.77582123588011,3.5332130098693186,0.004304434557949014,0.01,0.01,0.010276223105842069,0.010727633734939759,0
focus_cluster,opening_15_30m,poc_migration,0.75,30,all,-inf,6,6,0.006704726552168694,-0.01712775751002049,1.4034987152489335,0.3333333333333333,11.574178130867937,4.081482367124816,0.0025001916752831702,0.01,0.01,0.010400467141077126,0.010727633734939759,0
focus_cluster,opening_15_30m,poc_migration,0.75,30,development_2024,-inf,2,2,0.024247794404909317,0.0,,1.0,120.77617739164576,5.178021081635809,0.002011151008177718,0.01,0.01,0.010517802108163582,0.010621017753222836,0
focus_cluster,opening_15_30m,poc_migration,0.75,30,evaluation_2025,-inf,4,4,-0.01712775751002049,-0.01425728859568609,0.0,0.0,-43.02682149952097,3.5332130098693186,0.004304434557949014,0.01,0.01,0.010276223105842069,0.010727633734939759,0
focus_cluster,opening_15_30m,poc_migration,1.0,5,all,-inf,7,6,-0.006933339469204602,-0.00890837328054217,0.33995838793448935,0.2857142857142857,-9.91035496723184,3.037541754789369,0.0034511216773842617,0.01,0.01,0.010289760864287446,0.01054572530120482,0
focus_cluster,opening_15_30m,poc_migration,1.0,5,development_2024,-inf,2,2,-0.0015762727357219175,-0.0007132771270713656,0.0,0.0,-7.884443650625208,3.883515811226857,0.002681534677570291,0.01,0.01,0.010388351581122685,0.010465763314917127,0
focus_cluster,opening_15_30m,poc_migration,1.0,5,evaluation_2025,-inf,5,4,-0.005365524263091559,-0.008908373280542281,0.39996629997172317,0.4,-10.720719493874492,2.6991521322143734,0.003452893653138894,0.01,0.01,0.010289612163146392,0.01054572530120482,0
focus_cluster,opening_15_30m,poc_migration,1.0,10,all,-inf,6,6,0.002297545493805231,-0.007815287676691263,1.2972415337319771,0.5,3.8817469130509745,3.0611117753436115,0.00333358890037756,0.01,0.01,0.010300350355807845,0.01054572530120482,0
focus_cluster,opening_15_30m,poc_migration,1.0,10,development_2024,-inf,2,2,0.0031485122004182298,0.0,563.6055906356968,0.5,15.742649259838968,3.883515811226857,0.002681534677570291,0.01,0.01,0.010388351581122685,0.010465763314917127,0
focus_cluster,opening_15_30m,poc_migration,1.0,10,evaluation_2025,-inf,4,4,-0.0008482958368211113,-0.007815287676691374,0.8953400354317133,0.5,-2.0487042603430248,2.6499097574019888,0.005739246077265351,0.01,0.01,0.010207167329381551,0.01054572530120482,0
focus_cluster,opening_15_30m,poc_migration,1.0,15,all,-inf,6,6,0.007970292858425765,-0.009390965012727737,1.8520382937595816,0.6666666666666666,13.361763528488549,3.0611117753436115,0.00333358890037756,0.01,0.01,0.010300350355807845,0.01054572530120482,0
focus_cluster,opening_15_30m,poc_migration,1.0,15,development_2024,-inf,2,2,0.012601333614268295,0.0,,1.0,62.8273356922961,3.883515811226857,0.002681534677570291,0.01,0.01,0.010388351581122685,0.010465763314917127,0
focus_cluster,opening_15_30m,poc_migration,1.0,15,evaluation_2025,-inf,4,4,-0.00457340969452702,-0.009390965012727737,0.5166033967469076,0.5,-11.371022553415228,2.6499097574019888,0.005739246077265351,0.01,0.01,0.010207167329381551,0.01054572530120482,0
focus_cluster,opening_15_30m,poc_migration,1.0,30,all,-inf,6,6,0.007481292113009408,-0.015349216732704951,1.5002827700433161,0.3333333333333333,12.847300264817296,3.0611117753436115,0.00333358890037756,0.01,0.01,0.010300350355807845,0.01054572530120482,0
focus_cluster,opening_15_30m,poc_migration,1.0,30,development_2024,-inf,2,2,0.02318640195456667,0.0,,1.0,115.58213304373523,3.883515811226857,0.002681534677570291,0.01,0.01,0.010388351581122685,0.010465763314917127,0
focus_cluster,opening_15_30m,poc_migration,1.0,30,evaluation_2025,-inf,4,4,-0.015349216732705062,-0.013194042929632888,0.0,0.0,-38.52011612464167,2.6499097574019888,0.005739246077265351,0.01,0.01,0.010207167329381551,0.01054572530120482,0
focus_cluster,opening_15_30m,poc_migration,1.25,5,all,-inf,7,6,-0.005547304520404639,-0.007130705170193319,0.3399583879344894,0.2857142857142857,-7.9282839737854705,2.430033403831495,0.004313902096730327,0.01,0.01,0.010231808691429957,0.010436580240963856,0
focus_cluster,opening_15_30m,poc_migration,1.25,5,development_2024,-inf,2,2,-0.001261116747682145,-0.0005706217016571147,0.0,0.0,-6.307554920500166,3.1068126489814856,0.003351918346962863,0.01,0.01,0.010310681264898149,0.010372610651933702,0
focus_cluster,opening_15_30m,poc_migration,1.25,5,evaluation_2025,-inf,5,4,-0.004291599981333327,-0.007130705170193319,0.3999662999717232,0.4,-8.576575595099593,2.159321705771499,0.004316117066423618,0.01,0.01,0.010231689730517112,0.010436580240963856,0
focus_cluster,opening_15_30m,poc_migration,1.25,10,all,-inf,6,6,0.0018430866676890645,-0.006254575218093805,1.2972415337319771,0.5,3.1053975304407806,2.448889420274889,0.00416698612547195,0.01,0.01,0.010240280284646276,0.010436580240963856,0
focus_cluster,opening_15_30m,poc_migration,1.25,10,development_2024,-inf,2,2,0.0025188125845825304,0.0,563.6055906357036,0.5,12.594119407871178,3.1068126489814856,0.003351918346962863,0.01,0.01,0.010310681264898149,0.010372610651933702,0
focus_cluster,opening_15_30m,poc_migration,1.25,10,evaluation_2025,-inf,4,4,-0.0006740281662659386,-0.006254575218093805,0.8953400354317133,0.5,-1.6389634082744187,2.119927805921591,0.00717405759658169,0.01,0.01,0.010165733863505243,0.010436580240963856,0
focus_cluster,opening_15_30m,poc_migration,1.25,15,all,-inf,6,6,0.006383769389877392,-0.007515700763222055,1.8520382937595816,0.6666666666666666,10.68941082279084,2.448889420274889,0.00416698612547195,0.01,0.01,0.010240280284646276,0.010436580240963856,0
focus_cluster,opening_15_30m,poc_migration,1.25,15,development_2024,-inf,2,2,0.01007532825528501,0.0,,1.0,50.26186855383688,3.1068126489814856,0.003351918346962863,0.01,0.01,0.010310681264898149,0.010372610651933702,0
focus_cluster,opening_15_30m,poc_migration,1.25,15,evaluation_2025,-inf,4,4,-0.003654736198520969,-0.007515700763221833,0.5166033967469077,0.5,-9.09681804273218,2.119927805921591,0.00717405759658169,0.01,0.01,0.010165733863505243,0.010436580240963856,0
focus_cluster,opening_15_30m,poc_migration,1.25,30,all,-inf,6,6,0.0030093569708831147,-0.010249499850416899,1.3003014576833736,0.3333333333333333,5.14476869928473,2.448889420274889,0.00416698612547195,0.01,0.01,0.010240280284646276,0.010436580240963856,0
focus_cluster,opening_15_30m,poc_migration,1.25,30,development_2024,-inf,2,2,0.013396160769099108,0.0,,1.0,66.83034731896453,3.1068126489814856,0.003351918346962863,0.01,0.01,0.010310681264898149,0.010372610651933702,0
focus_cluster,opening_15_30m,poc_migration,1.25,30,evaluation_2025,-inf,4,4,-0.010249499850416788,-0.008517189449016582,0.0,0.0,-25.69802061055517,2.119927805921591,0.00717405759658169,0.01,0.01,0.010165733863505243,0.010436580240963856,0
focus_cluster,opening_15_30m,trend_3d_10d,0.0,5,all,-inf,8,7,-0.02380311176807215,-0.04543577575528124,0.593002753275891,0.375,-29.387219015442682,14.067344987650436,0.0006607855239881946,0.01,0.010000000000000002,0.011513596142355026,0.011707314864089371,0
focus_cluster,opening_15_30m,trend_3d_10d,0.0,5,development_2024,-inf,3,3,0.003180888193982989,-0.01153288446857581,1.2862788896276875,0.6666666666666666,11.005404532894302,14.808264726326144,0.0006523648849598655,0.01,0.01,0.011532884468577002,0.011689324011186514,0
focus_cluster,opening_15_30m,trend_3d_10d,0.0,5,evaluation_2025,-inf,5,4,-0.02689843903489264,-0.04543577575528135,0.4200569064113837,0.2,-53.62279314444486,13.622793144445009,0.0006692061630165238,0.01,0.010000000000000002,0.01149430781613305,0.011707314864089371,0
focus_cluster,opening_15_30m,trend_3d_10d,0.0,10,all,-inf,8,7,-0.01368606257985705,-0.04543577575528146,0.7737626402141817,0.375,-16.335459011122378,14.067344987650436,0.0006607855239881946,0.01,0.010000000000000002,0.011513596142355026,0.011707314864089371,0
focus_cluster,opening_15_30m,trend_3d_10d,0.0,10,development_2024,-inf,3,3,0.013577592499113722,-0.01153288446857581,2.1916385186005103,0.6666666666666666,45.810097877748426,14.808264726326144,0.0006523648849598655,0.01,0.01,0.011532884468577002,0.011689324011186514,0
focus_cluster,opening_15_30m,trend_3d_10d,0.0,10,evaluation_2025,-inf,5,4,-0.02689843903489264,-0.04543577575528135,0.4200569064113837,0.2,-53.62279314444486,13.622793144445009,0.0006692061630165238,0.01,0.010000000000000002,0.01149430781613305,0.011707314864089371,0
focus_cluster,opening_15_30m,trend_3d_10d,0.0,15,all,-inf,8,7,-0.016106481191052624,-0.04543577575528135,0.7309834276330206,0.375,-19.424330249317645,14.067344987650436,0.0006607855239881946,0.01,0.010000000000000002,0.011513596142355026,0.011707314864089371,0
focus_cluster,opening_15_30m,trend_3d_10d,0.0,15,development_2024,-inf,3,3,0.011090268762015576,-0.01153288446857581,1.9773732151294383,0.6666666666666666,37.573107909227716,14.808264726326144,0.0006523648849598655,0.01,0.01,0.011532884468577002,0.011689324011186514,0
focus_cluster,opening_15_30m,trend_3d_10d,0.0,15,evaluation_2025,-inf,5,4,-0.02689843903489264,-0.04543577575528135,0.4200569064113837,0.2,-53.62279314444486,13.622793144445009,0.0006692061630165238,0.01,0.010000000000000002,0.01149430781613305,0.011707314864089371,0
focus_cluster,opening_15_30m,trend_3d_10d,0.0,30,all,-inf,8,7,-0.002113868312681455,-0.04543577575528124,0.9782931112228387,0.375,-1.5673449876448582,14.067344987650436,0.0006607855239881946,0.01,0.010000000000000002,0.011513596142355026,0.011707314864089371,0
focus_cluster,opening_15_30m,trend_3d_10d,0.0,30,development_2024,-inf,3,3,0.02546966495216596,-0.01153288446857581,3.216056239160662,0.6666666666666666,85.19173527368848,14.808264726326144,0.0006523648849598655,0.01,0.01,0.011532884468577002,0.011689324011186514,0
focus_cluster,opening_15_30m,trend_3d_10d,0.0,30,evaluation_2025,-inf,5,4,-0.02689843903489264,-0.04543577575528135,0.4200569064113837,0.2,-53.62279314444486,13.622793144445009,0.0006692061630165238,0.01,0.010000000000000002,0.01149430781613305,0.011707314864089371,0
focus_cluster,opening_15_30m,trend_3d_10d,0.25,5,all,-inf,8,7,-0.018141316440549393,-0.04002279537374309,0.5926690672699222,0.375,-22.44497950469914,12.264212824125103,0.0008117520846307005,0.01,0.01,0.011232015163723652,0.011633773380738881,0
focus_cluster,opening_15_30m,trend_3d_10d,0.25,5,development_2024,-inf,3,3,0.01050883709050865,-0.0034544464122147067,4.043749275256563,0.6666666666666666,35.04822921197097,12.941577106251534,0.0008040140308427147,0.01,0.01,0.011243759389312977,0.011418442804428155,0
focus_cluster,opening_15_30m,trend_3d_10d,0.25,5,evaluation_2025,-inf,5,4,-0.028352204829349748,-0.04002279537374309,0.2992338206415824,0.2,-56.94090473470121,11.85779425484925,0.0008627804193460654,0.01,0.01,0.01115904345714978,0.011633773380738881,0
focus_cluster,opening_15_30m,trend_3d_10d,0.25,10,all,-inf,8,7,-0.00841228019853435,-0.04475791838768506,0.8263063503840737,0.375,-9.890044043789235,12.264212824125103,0.0008117520846307005,0.01,0.01,0.011232015163723652,0.011633773380738881,0
focus_cluster,opening_15_30m,trend_3d_10d,0.25,10,development_2024,-inf,3,3,0.018093589460293158,-2.238534351151067e-05,805.850811564986,0.6666666666666666,60.05620630797616,12.941577106251534,0.0008040140308427147,0.01,0.01,0.011243759389312977,0.011418442804428155,0
focus_cluster,opening_15_30m,trend_3d_10d,0.25,10,evaluation_2025,-inf,5,4,-0.026034806557301615,-0.04475791838768506,0.43050062826614793,0.2,-51.857794254848486,11.85779425484925,0.0008627804193460654,0.01,0.01,0.01115904345714978,0.011633773380738881,0
focus_cluster,opening_15_30m,trend_3d_10d,0.25,15,all,-inf,8,7,-0.014688320289301005,-0.04475791838768506,0.7524579133477242,0.375,-17.621198085793775,12.264212824125103,0.0008117520846307005,0.01,0.01,0.011232015163723652,0.011633773380738881,0
focus_cluster,opening_15_30m,trend_3d_10d,0.25,15,development_2024,-inf,3,3,0.011649786198102197,-0.011418442804427498,2.0362129811782586,0.6666666666666666,39.43979552929741,12.941577106251534,0.0008040140308427147,0.01,0.01,0.011243759389312977,0.011418442804428155,0
focus_cluster,opening_15_30m,trend_3d_10d,0.25,15,evaluation_2025,-inf,5,4,-0.026034806557301615,-0.04475791838768506,0.43050062826614793,0.2,-51.857794254848486,11.85779425484925,0.0008627804193460654,0.01,0.01,0.01115904345714978,0.011633773380738881,0
focus_cluster,opening_15_30m,trend_3d_10d,0.25,30,all,-inf,8,7,-0.0006755387889010311,-0.04475791838768506,1.0033123315020216,0.375,0.2357871758790122,12.264212824125103,0.0008117520846307005,0.01,0.01,0.011232015163723652,0.011633773380738881,0
focus_cluster,opening_15_30m,trend_3d_10d,0.25,30,development_2024,-inf,3,3,0.026037139662827835,-0.011418442804427387,3.2873107406554993,0.6666666666666666,87.05842289375815,12.941577106251534,0.0008040140308427147,0.01,0.01,0.011243759389312977,0.011418442804428155,0
focus_cluster,opening_15_30m,trend_3d_10d,0.25,30,evaluation_2025,-inf,5,4,-0.026034806557301615,-0.04475791838768506,0.43050062826614793,0.2,-51.857794254848486,11.85779425484925,0.0008627804193460654,0.01,0.01,0.01115904345714978,0.011633773380738881,0
focus_cluster,opening_15_30m,trend_3d_10d,0.5,5,all,-inf,8,7,-0.011567597417398434,-0.026532838811452186,0.597724157631609,0.375,-14.338077884316105,7.11872824140531,0.0015090124959751526,0.01,0.01,0.010665550548435283,0.011124869020501173,0
focus_cluster,opening_15_30m,trend_3d_10d,0.5,5,development_2024,-inf,3,3,0.009238401044739053,-0.0017272232061072978,6.348272491006372,0.6666666666666666,30.792201196839702,8.186567057905792,0.0014099969302648755,0.01,0.01,0.010709221402214078,0.011124869020501173,0
focus_cluster,opening_15_30m,trend_3d_10d,0.5,5,evaluation_2025,-inf,5,4,-0.020615543800750924,-0.02653283881145241,0.22692519077511716,0.2,-41.41624533300959,6.478024951505022,0.0017255608386921308,0.01,0.01,0.01057952172857489,0.011091450602409639,0
focus_cluster,opening_15_30m,trend_3d_10d,0.5,10,all,-inf,8,7,-0.004274866292983237,-0.02473071965201934,0.8463584747320321,0.5,-5.096889871063796,7.11872824140531,0.0015090124959751526,0.01,0.01,0.010665550548435283,0.011124869020501173,0
focus_cluster,opening_15_30m,trend_3d_10d,0.5,10,development_2024,-inf,3,3,0.011981918239770017,-1.1192671755866357e-05,1068.3502584023472,0.6666666666666666,39.82167030237711,8.186567057905792,0.0014099969302648755,0.01,0.01,0.010709221402214078,0.011124869020501173,0
focus_cluster,opening_15_30m,trend_3d_10d,0.5,10,evaluation_2025,-inf,5,4,-0.016064303363275467,-0.024730719652019117,0.39595699369651194,0.4,-32.04802597512833,6.478024951505022,0.0017255608386921308,0.01,0.01,0.01057952172857489,0.011091450602409639,0
focus_cluster,opening_15_30m,trend_3d_10d,0.5,15,all,-inf,8,7,-0.018025869886135193,-0.03057654899276452,0.5458504751774674,0.375,-22.396612904307,7.11872824140531,0.0015090124959751526,0.01,0.01,0.010665550548435283,0.011124869020501173,0
focus_cluster,opening_15_30m,trend_3d_10d,0.5,15,development_2024,-inf,3,3,0.002098670847996642,-0.010709221402214197,1.2055234956497873,0.6666666666666666,7.336655394235252,8.186567057905792,0.0014099969302648755,0.01,0.01,0.010709221402214078,0.011124869020501173,0
focus_cluster,opening_15_30m,trend_3d_10d,0.5,15,evaluation_2025,-inf,5,4,-0.020082394398450054,-0.0284618094763599,0.30006751370830714,0.2,-40.23657388343235,6.478024951505022,0.0017255608386921308,0.01,0.01,0.01057952172857489,0.011091450602409639,0
focus_cluster,opening_15_30m,trend_3d_10d,0.5,30,all,-inf,8,7,0.0010754467053555317,-0.0293756343569046,1.0408229633441206,0.5,1.8752116308364095,7.11872824140531,0.0015090124959751526,0.01,0.01,0.010665550548435283,0.011124869020501173,0
focus_cluster,opening_15_30m,trend_3d_10d,0.5,30,development_2024,-inf,3,3,0.01518520695286596,-0.010709221402214197,2.4315036405395456,0.6666666666666666,51.100964748712045,8.186567057905792,0.0014099969302648755,0.01,0.01,0.010709221402214078,0.011124869020501173,0
focus_cluster,opening_15_30m,trend_3d_10d,0.5,30,evaluation_2025,-inf,5,4,-0.013898705527695676,-0.014564116527551851,0.4688680049611221,0.4,-27.660240239888974,6.478024951505022,0.0017255608386921308,0.01,0.01,0.01057952172857489,0.011091450602409639,0
focus_cluster,opening_15_30m,trend_3d_10d,0.75,5,all,-inf,8,7,-0.005759076402546026,-0.01583312350923982,0.6653661287152718,0.375,-7.143083726712553,4.745818827603539,0.0022635187439627286,0.01,0.01,0.010443700365623521,0.010749912680334114,0
focus_cluster,opening_15_30m,trend_3d_10d,0.75,5,development_2024,-inf,3,3,0.006158774477403206,-0.0011514821374050133,6.348272491006372,0.6666666666666666,20.528134131226473,5.457711371937195,0.002114995395397313,0.01,0.01,0.010472814268142719,0.010749912680334114,0
focus_cluster,opening_15_30m,trend_3d_10d,0.75,5,evaluation_2025,-inf,5,4,-0.011844900807170489,-0.01583312350923971,0.25446218829998546,0.2,-23.745814441475964,4.318683301003348,0.0025883412580381964,0.01,0.01,0.010386347819049927,0.010727633734939759,0
focus_cluster,opening_15_30m,trend_3d_10d,0.75,10,all,-inf,7,7,0.0044744643270748785,-0.009346605362426597,1.433316186213954,0.5714285714285714,6.46717453587365,4.872150730315681,0.002114995395397313,0.01,0.01,0.010472814268142719,0.010749912680334114,0
focus_cluster,opening_15_30m,trend_3d_10d,0.75,10,development_2024,-inf,3,3,0.007980075074561999,-7.461781170503556e-06,1068.3502584023524,0.6666666666666666,26.547780201584743,5.457711371937195,0.002114995395397313,0.01,0.01,0.010472814268142719,0.010749912680334114,0
focus_cluster,opening_15_30m,trend_3d_10d,0.75,10,evaluation_2025,-inf,4,4,-0.0034778571860438756,-0.009346605362426597,0.6707532288554009,0.5,-8.593279713409672,4.432980249099547,0.0022447314144266985,0.01,0.01,0.010456176553688114,0.010727633734939759,0
focus_cluster,opening_15_30m,trend_3d_10d,0.75,15,all,-inf,7,7,-0.009041744671759666,-0.01751367994077102,0.6158874277889567,0.42857142857142855,-12.791310569147754,4.872150730315681,0.002114995395397313,0.01,0.01,0.010472814268142719,0.010749912680334114,0
focus_cluster,opening_15_30m,trend_3d_10d,0.75,15,development_2024,-inf,3,3,0.0014625126493950091,-0.007099225986807012,1.212359210659209,0.6666666666666666,5.025286756165495,5.457711371937195,0.002114995395397313,0.01,0.01,0.010472814268142719,0.010749912680334114,0
focus_cluster,opening_15_30m,trend_3d_10d,0.75,15,evaluation_2025,-inf,4,4,-0.010488917147148613,-0.01614600885885753,0.35468363197930897,0.25,-26.15375856313269,4.432980249099547,0.0022447314144266985,0.01,0.01,0.010456176553688114,0.010727633734939759,0
focus_cluster,opening_15_30m,trend_3d_10d,0.75,30,all,-inf,7,7,0.0003914878130639732,-0.016556457444574013,1.0284892158377756,0.42857142857142855,0.7534112784488728,4.872150730315681,0.002114995395397313,0.01,0.01,0.010472814268142719,0.010749912680334114,0
focus_cluster,opening_15_30m,trend_3d_10d,0.75,30,development_2024,-inf,3,3,0.011290733335873382,-0.0029887485183943685,4.776885689589545,0.6666666666666666,37.62720502968608,5.457711371937195,0.002114995395397313,0.01,0.01,0.010472814268142719,0.010749912680334114,0
focus_cluster,opening_15_30m,trend_3d_10d,0.75,30,evaluation_2025,-inf,4,4,-0.010777558978372848,-0.010727633734939679,0.30678940811726196,0.25,-26.901934034979032,4.432980249099547,0.0022447314144266985,0.01,0.01,0.010456176553688114,0.010727633734939759,0
focus_cluster,opening_15_30m,trend_3d_10d,1.0,5,all,-inf,8,7,-0.004310985663719236,-0.011892092008262689,0.6653661287152719,0.375,-5.357312795034412,3.559364120702655,0.003018024991950305,0.01,0.01,0.01033277527421764,0.010562434510250586,0
focus_cluster,opening_15_30m,trend_3d_10d,1.0,5,development_2024,-inf,3,3,0.004619019607157382,-0.0008636116030537044,6.348272491006372,0.6666666666666666,15.396100598419851,4.093283528952896,0.002819993860529751,0.01,0.01,0.010354610701107039,0.010562434510250586,0
focus_cluster,opening_15_30m,trend_3d_10d,1.0,5,evaluation_2025,-inf,5,4,-0.008888947050164964,-0.011892092008262689,0.2544621882999855,0.2,-17.809360831106975,3.239012475752511,0.0034511216773842617,0.01,0.01,0.010289760864287446,0.01054572530120482,0
focus_cluster,opening_15_30m,trend_3d_10d,1.0,10,all,-inf,7,7,0.003365739616815855,-0.00701273767945354,1.433316186213954,0.5714285714285714,4.85038090190524,3.6541130477367614,0.002819993860529751,0.01,0.01,0.010354610701107039,0.010562434510250586,0
focus_cluster,opening_15_30m,trend_3d_10d,1.0,10,development_2024,-inf,3,3,0.005982104882360062,-5.596335877822156e-06,1068.3502584023472,0.6666666666666666,19.910835151188554,4.093283528952896,0.002819993860529751,0.01,0.01,0.010354610701107039,0.010562434510250586,0
focus_cluster,opening_15_30m,trend_3d_10d,1.0,10,evaluation_2025,-inf,4,4,-0.002600806965497693,-0.00701273767945354,0.670753228855401,0.5,-6.444959785057249,3.32473518682466,0.002992975219235598,0.01,0.01,0.010342132415266086,0.01054572530120482,0
focus_cluster,opening_15_30m,trend_3d_10d,1.0,15,all,-inf,7,7,-0.005378803763384954,-0.011766929509730906,0.668848115929803,0.42857142857142855,-7.615858142006616,3.6541130477367614,0.002819993860529751,0.01,0.01,0.010354610701107039,0.010562434510250586,0
focus_cluster,opening_15_30m,trend_3d_10d,1.0,15,development_2024,-inf,3,3,0.0011053518612671454,-0.005324419490104981,1.2123592106592087,0.6666666666666666,3.7689650671241144,4.093283528952896,0.002819993860529751,0.01,0.01,0.010354610701107039,0.010562434510250586,0
focus_cluster,opening_15_30m,trend_3d_10d,1.0,15,evaluation_2025,-inf,4,4,-0.006476996264775492,-0.010743114746310956,0.40025546797825295,0.25,-16.154475548854666,3.32473518682466,0.002992975219235598,0.01,0.01,0.010342132415266086,0.01054572530120482,0
focus_cluster,opening_15_30m,trend_3d_10d,1.0,30,all,-inf,7,7,-0.002201965166435005,-0.014919761580846624,0.871553089021876,0.42857142857142855,-3.0063701125924553,3.6541130477367614,0.002819993860529751,0.01,0.01,0.010354610701107039,0.010562434510250586,0
focus_cluster,opening_15_30m,trend_3d_10d,1.0,30,development_2024,-inf,3,3,0.008467586856201192,-0.002241561388795832,4.776885689589544,0.6666666666666666,28.22040377226455,4.093283528952896,0.002819993860529751,0.01,0.01,0.010354610701107039,0.010562434510250586,0
focus_cluster,opening_15_30m,trend_3d_10d,1.0,30,evaluation_2025,-inf,4,4,-0.010579965247963563,-0.010545725301205122,0.25255690116731266,0.25,-26.426450526235207,3.32473518682466,0.002992975219235598,0.01,0.01,0.010342132415266086,0.01054572530120482,0
focus_cluster,opening_15_30m,trend_3d_10d,1.25,5,all,-inf,8,7,-0.003444783225596826,-0.009521961541891555,0.6653661287152719,0.375,-4.28585023602753,2.847491296562124,0.0037725312399378807,0.01,0.01,0.010266220219374112,0.010449947608200469,0
focus_cluster,opening_15_30m,trend_3d_10d,1.25,5,development_2024,-inf,3,3,0.0036951859220999417,-0.0006908892824429858,6.348272491006372,0.6666666666666666,12.316880478735884,3.274626823162317,0.0035249923256621884,0.01,0.01,0.01028368856088563,0.010449947608200469,0
focus_cluster,opening_15_30m,trend_3d_10d,1.25,5,evaluation_2025,-inf,5,4,-0.007113682767280971,-0.009521961541891777,0.2544621882999855,0.2,-14.247488664885578,2.591209980602008,0.004313902096730327,0.01,0.01,0.010231808691429957,0.010436580240963856,0
focus_cluster,opening_15_30m,trend_3d_10d,1.25,10,all,-inf,7,7,0.0026973301472306144,-0.0056115252875654775,1.4333161862139538,0.5714285714285714,3.8803047215241913,2.923290438189409,0.0035249923256621884,0.01,0.01,0.01028368856088563,0.010449947608200469,0
focus_cluster,opening_15_30m,trend_3d_10d,1.25,10,development_2024,-inf,3,3,0.004784267218334248,-4.477068702324338e-06,1068.3502584023602,0.6666666666666666,15.928668120950846,3.274626823162317,0.0035249923256621884,0.01,0.01,0.01028368856088563,0.010449947608200469,0
focus_cluster,opening_15_30m,trend_3d_10d,1.25,10,evaluation_2025,-inf,4,4,-0.002077000147385988,-0.0056115252875654775,0.670753228855401,0.5,-5.1559678280457995,2.6597881494597275,0.003741219024044498,0.01,0.01,0.010273705932212869,0.010436580240963856,0
focus_cluster,opening_15_30m,trend_3d_10d,1.25,15,all,-inf,7,7,-0.004295437192015195,-0.009416652714144935,0.6688481159298031,0.42857142857142855,-6.09268651360529,2.923290438189409,0.0035249923256621884,0.01,0.01,0.01028368856088563,0.010449947608200469,0
focus_cluster,opening_15_30m,trend_3d_10d,1.25,15,development_2024,-inf,3,3,0.0008883417029568186,-0.0042595355920841405,1.2123592106592087,0.6666666666666666,3.015172053699294,3.274626823162317,0.0035249923256621884,0.01,0.01,0.01028368856088563,0.010449947608200469,0
focus_cluster,opening_15_30m,trend_3d_10d,1.25,15,evaluation_2025,-inf,4,4,-0.005179178015154329,-0.008599468290794166,0.400255467978253,0.25,-12.92358043908373,2.6597881494597275,0.003741219024044498,0.01,0.01,0.010273705932212869,0.010436580240963856,0
focus_cluster,opening_15_30m,trend_3d_10d,1.25,30,all,-inf,7,7,0.00031507627551108364,-0.009904057749047901,1.03288116617871,0.42857142857142855,0.519516646587845,2.923290438189409,0.0035249923256621884,0.01,0.01,0.01028368856088563,0.010449947608200469,0
focus_cluster,opening_15_30m,trend_3d_10d,1.25,30,development_2024,-inf,3,3,0.0067738422926291175,-0.001793249111036621,4.776885689589544,0.6666666666666666,22.576323017811646,3.274626823162317,0.0035249923256621884,0.01,0.01,0.01028368856088563,0.010449947608200469,0
focus_cluster,opening_15_30m,trend_3d_10d,1.25,30,evaluation_2025,-inf,4,4,-0.006415309720810836,-0.006389351325300829,0.3083530115445987,0.25,-16.023088131830008,2.6597881494597275,0.003741219024044498,0.01,0.01,0.010273705932212869,0.010436580240963856,0
focus_cluster,opening_15_30m,trend_3d_10d_plus_migration,0.0,5,all,-inf,5,4,-0.026726689822633154,-0.03412800822921569,0.421647788296251,0.2,-53.27393235341804,13.273932353420275,0.0006692061630165238,0.01,0.01,0.01149430781613305,0.011633773380738881,0
focus_cluster,opening_15_30m,trend_3d_10d_plus_migration,0.0,5,development_2024,-inf,1,1,-0.01153288446857581,0.0,0.0,0.0,-115.32884468575823,15.328844685770013,0.0006523648849598655,0.01,0.01,0.011532884468577002,0.011532884468577002,0
focus_cluster,opening_15_30m,trend_3d_10d_plus_migration,0.0,5,evaluation_2025,-inf,4,3,-0.015371078223364809,-0.03412800822921569,0.5625019205927597,0.25,-37.760204270333,12.760204270332842,0.0006928499293341803,0.01,0.01,0.011444996754464665,0.011633773380738881,0
focus_cluster,opening_15_30m,trend_3d_10d_plus_migration,0.0,10,all,-inf,5,4,-0.026726689822633154,-0.03412800822921569,0.421647788296251,0.2,-53.27393235341804,13.273932353420275,0.0006692061630165238,0.01,0.01,0.01149430781613305,0.011633773380738881,0
focus_cluster,opening_15_30m,trend_3d_10d_plus_migration,0.0,10,development_2024,-inf,1,1,-0.01153288446857581,0.0,0.0,0.0,-115.32884468575823,15.328844685770013,0.0006523648849598655,0.01,0.01,0.011532884468577002,0.011532884468577002,0
focus_cluster,opening_15_30m,trend_3d_10d_plus_migration,0.0,10,evaluation_2025,-inf,4,3,-0.015371078223364809,-0.03412800822921569,0.5625019205927597,0.25,-37.760204270333,12.760204270332842,0.0006928499293341803,0.01,0.01,0.011444996754464665,0.011633773380738881,0
focus_cluster,opening_15_30m,trend_3d_10d_plus_migration,0.0,15,all,-inf,5,4,-0.026726689822633154,-0.03412800822921569,0.421647788296251,0.2,-53.27393235341804,13.273932353420275,0.0006692061630165238,0.01,0.01,0.01149430781613305,0.011633773380738881,0
focus_cluster,opening_15_30m,trend_3d_10d_plus_migration,0.0,15,development_2024,-inf,1,1,-0.01153288446857581,0.0,0.0,0.0,-115.32884468575823,15.328844685770013,0.0006523648849598655,0.01,0.01,0.011532884468577002,0.011532884468577002,0
focus_cluster,opening_15_30m,trend_3d_10d_plus_migration,0.0,15,evaluation_2025,-inf,4,3,-0.015371078223364809,-0.03412800822921569,0.5625019205927597,0.25,-37.760204270333,12.760204270332842,0.0006928499293341803,0.01,0.01,0.011444996754464665,0.011633773380738881,0
focus_cluster,opening_15_30m,trend_3d_10d_plus_migration,0.0,30,all,-inf,5,4,-0.026726689822633154,-0.03412800822921569,0.421647788296251,0.2,-53.27393235341804,13.273932353420275,0.0006692061630165238,0.01,0.01,0.01149430781613305,0.011633773380738881,0
focus_cluster,opening_15_30m,trend_3d_10d_plus_migration,0.0,30,development_2024,-inf,1,1,-0.01153288446857581,0.0,0.0,0.0,-115.32884468575823,15.328844685770013,0.0006523648849598655,0.01,0.01,0.011532884468577002,0.011532884468577002,0
focus_cluster,opening_15_30m,trend_3d_10d_plus_migration,0.0,30,evaluation_2025,-inf,4,3,-0.015371078223364809,-0.03412800822921569,0.5625019205927597,0.25,-37.760204270333,12.760204270332842,0.0006928499293341803,0.01,0.01,0.011444996754464665,0.011633773380738881,0
focus_cluster,opening_15_30m,trend_3d_10d_plus_migration,0.25,5,all,-inf,5,4,-0.020366497839432562,-0.02877797131723625,0.37401981550527286,0.2,-40.6937658291714,11.189281303517397,0.0008627804193460654,0.01,0.01,0.01115904345714978,0.011633773380738881,0
focus_cluster,opening_15_30m,trend_3d_10d_plus_migration,0.25,5,development_2024,-inf,1,1,-0.0034544464122147067,0.0,0.0,0.0,-34.54446412214754,12.437593893129772,0.0008040140308427147,0.01,0.01,0.011243759389312977,0.011243759389312977,0
focus_cluster,opening_15_30m,trend_3d_10d_plus_migration,0.25,5,evaluation_2025,-inf,4,3,-0.016970675717061567,-0.02877797131723625,0.4184965669927594,0.25,-42.23109125592736,10.877203156114302,0.0008630019163153944,0.01,0.01,0.011158746054867674,0.011633773380738881,0
focus_cluster,opening_15_30m,trend_3d_10d_plus_migration,0.25,10,all,-inf,5,4,-0.014648190216464907,-0.03356855984111029,0.5769289948792284,0.2,-28.74653321191216,11.189281303517397,0.0008627804193460654,0.01,0.01,0.01115904345714978,0.011633773380738881,0
focus_cluster,opening_15_30m,trend_3d_10d_plus_migration,0.25,10,development_2024,-inf,1,1,-2.238534351151067e-05,0.0,0.0,0.0,-0.22385343511501346,12.437593893129772,0.0008040140308427147,0.01,0.01,0.011243759389312977,0.011243759389312977,0
focus_cluster,opening_15_30m,trend_3d_10d_plus_migration,0.25,10,evaluation_2025,-inf,4,3,-0.014626132283948823,-0.03356855984111029,0.5773093858174025,0.25,-35.87720315611145,10.877203156114302,0.0008630019163153944,0.01,0.01,0.011158746054867674,0.011633773380738881,0
focus_cluster,opening_15_30m,trend_3d_10d_plus_migration,0.25,15,all,-inf,5,4,0.003855777070417288,-0.03356855984111029,1.1297553797951696,0.4,8.810718696485988,11.189281303517397,0.0008627804193460654,0.01,0.01,0.01115904345714978,0.011633773380738881,0
focus_cluster,opening_15_30m,trend_3d_10d_plus_migration,0.25,15,development_2024,-inf,1,1,0.01875624061068759,0.0,,1.0,187.56240610687573,12.437593893129772,0.0008040140308427147,0.01,0.01,0.011243759389312977,0.011243759389312977,0
focus_cluster,opening_15_30m,trend_3d_10d_plus_migration,0.25,15,evaluation_2025,-inf,4,3,-0.014626132283948823,-0.03356855984111029,0.5773093858174025,0.25,-35.87720315611145,10.877203156114302,0.0008630019163153944,0.01,0.01,0.011158746054867674,0.011633773380738881,0
focus_cluster,opening_15_30m,trend_3d_10d_plus_migration,0.25,30,all,-inf,5,4,0.003855777070417288,-0.03356855984111029,1.1297553797951696,0.4,8.810718696485988,11.189281303517397,0.0008627804193460654,0.01,0.01,0.01115904345714978,0.011633773380738881,0
focus_cluster,opening_15_30m,trend_3d_10d_plus_migration,0.25,30,development_2024,-inf,1,1,0.01875624061068759,0.0,,1.0,187.56240610687573,12.437593893129772,0.0008040140308427147,0.01,0.01,0.011243759389312977,0.011243759389312977,0
focus_cluster,opening_15_30m,trend_3d_10d_plus_migration,0.25,30,evaluation_2025,-inf,4,3,-0.014626132283948823,-0.03356855984111029,0.5773093858174025,0.25,-35.87720315611145,10.877203156114302,0.0008630019163153944,0.01,0.01,0.011158746054867674,0.011633773380738881,0
focus_cluster,opening_15_30m,trend_3d_10d_plus_migration,0.5,5,all,-inf,5,4,-0.016384737659724813,-0.02063601436776641,0.2702448836189701,0.2,-32.82854085914872,6.143768475839095,0.0017255608386921308,0.01,0.01,0.01057952172857489,0.011091450602409639,0
focus_cluster,opening_15_30m,trend_3d_10d_plus_migration,0.5,5,development_2024,-inf,1,1,-0.0017272232061074089,0.0,0.0,0.0,-17.27223206107377,6.218796946564886,0.0016080280616854294,0.01,0.01,0.01062187969465649,0.01062187969465649,0
focus_cluster,opening_15_30m,trend_3d_10d_plus_migration,0.5,5,evaluation_2025,-inf,4,3,-0.014682875056146738,-0.02063601436776641,0.29272305385218167,0.25,-36.717618058667455,6.125011358157646,0.0017260038326307888,0.01,0.01,0.010579373027433836,0.011091450602409639,0
focus_cluster,opening_15_30m,trend_3d_10d_plus_migration,0.5,10,all,-inf,5,4,-0.017664482759426448,-0.026305906574943694,0.3348330930953833,0.2,-35.30589756336715,6.143768475839095,0.0017255608386921308,0.01,0.01,0.01057952172857489,0.011091450602409639,0
focus_cluster,opening_15_30m,trend_3d_10d_plus_migration,0.5,10,development_2024,-inf,1,1,-1.1192671755755335e-05,0.0,0.0,0.0,-0.11192671755750673,6.218796946564886,0.0016080280616854294,0.01,0.01,0.01062187969465649,0.01062187969465649,0
focus_cluster,opening_15_30m,trend_3d_10d_plus_migration,0.5,10,evaluation_2025,-inf,4,3,-0.01765348767736341,-0.026305906574943694,0.33497436594791347,0.25,-44.10439027481956,6.125011358157646,0.0017260038326307888,0.01,0.01,0.010579373027433836,0.011091450602409639,0
focus_cluster,opening_15_30m,trend_3d_10d_plus_migration,0.5,15,all,-inf,5,4,-0.008785078670821345,-0.025802311939300604,0.6685950889686508,0.4,-17.24183491348356,6.143768475839095,0.0017255608386921308,0.01,0.01,0.01057952172857489,0.011091450602409639,0
focus_cluster,opening_15_30m,trend_3d_10d_plus_migration,0.5,15,development_2024,-inf,1,1,0.008767433282443005,0.0,,1.0,87.67433282443048,6.218796946564886,0.0016080280616854294,0.01,0.01,0.01062187969465649,0.01062187969465649,0
focus_cluster,opening_15_30m,trend_3d_10d_plus_migration,0.5,15,evaluation_2025,-inf,4,3,-0.017399958973843832,-0.025802311939300493,0.33155782332715056,0.25,-43.47087684796207,6.125011358157646,0.0017260038326307888,0.01,0.01,0.010579373027433836,0.011091450602409639,0
focus_cluster,opening_15_30m,trend_3d_10d_plus_migration,0.5,30,all,-inf,5,4,-0.013878243826848213,-0.025827463194096456,0.4696705844563347,0.4,-27.618443583207494,6.143768475839095,0.0017255608386921308,0.01,0.01,0.01057952172857489,0.011091450602409639,0
focus_cluster,opening_15_30m,trend_3d_10d_plus_migration,0.5,30,development_2024,-inf,1,1,0.007164379847327984,0.0,,1.0,71.64379847327922,6.218796946564886,0.0016080280616854294,0.01,0.01,0.01062187969465649,0.01062187969465649,0
focus_cluster,opening_15_30m,trend_3d_10d_plus_migration,0.5,30,evaluation_2025,-inf,4,3,-0.020892938725023402,-0.021553630088335884,0.1945297087064511,0.25,-52.434004097329165,6.125011358157646,0.0017260038326307888,0.01,0.01,0.010579373027433836,0.011091450602409639,0
focus_cluster,opening_15_30m,trend_3d_10d_plus_migration,0.75,5,all,-inf,5,4,-0.00900483933551266,-0.011866706771703206,0.31022508859432896,0.2,-18.020678125568722,4.095845650559396,0.0025883412580381964,0.01,0.01,0.010386347819049927,0.010727633734939759,0
focus_cluster,opening_15_30m,trend_3d_10d_plus_migration,0.75,5,development_2024,-inf,1,1,-0.0011514821374049022,0.0,0.0,0.0,-11.514821374049179,4.145864631043257,0.002412042092528144,0.01,0.01,0.010414586463104326,0.010414586463104326,0
focus_cluster,opening_15_30m,trend_3d_10d_plus_migration,0.75,5,evaluation_2025,-inf,4,3,-0.007862410623497573,-0.011866706771703206,0.34021513178906243,0.25,-19.6471423134486,4.0833409054384315,0.0025890057489461834,0.01,0.01,0.010386248684955891,0.010727633734939759,0
focus_cluster,opening_15_30m,trend_3d_10d_plus_migration,0.75,10,all,-inf,4,4,-0.004558871708879031,-0.010413869466864067,0.567043051309489,0.25,-11.308172703608676,4.154433186044608,0.0025001916752831702,0.01,0.01,0.010400467141077126,0.010727633734939759,0
focus_cluster,opening_15_30m,trend_3d_10d_plus_migration,0.75,10,development_2024,-inf,1,1,-7.461781170503556e-06,0.0,0.0,0.0,-0.07461781170500412,4.145864631043257,0.002412042092528144,0.01,0.01,0.010414586463104326,0.010414586463104326,0
focus_cluster,opening_15_30m,trend_3d_10d_plus_migration,0.75,10,evaluation_2025,-inf,3,3,-0.004551443889586837,-0.010413869466864178,0.5674483368655117,0.3333333333333333,-15.052691000909903,4.157289371045059,0.0025883412580381964,0.01,0.01,0.010386347819049927,0.010727633734939759,0
focus_cluster,opening_15_30m,trend_3d_10d_plus_migration,0.75,15,all,-inf,4,4,-0.002890572129696012,-0.014352171732635144,0.8056773038783611,0.5,-6.991476088175365,4.154433186044608,0.0025001916752831702,0.01,0.01,0.010400467141077126,0.010727633734939759,0
focus_cluster,opening_15_30m,trend_3d_10d_plus_migration,0.75,15,development_2024,-inf,1,1,0.00584495552162867,0.0,,1.0,58.449555216286996,4.145864631043257,0.002412042092528144,0.01,0.01,0.010414586463104326,0.010414586463104326,0
focus_cluster,opening_15_30m,trend_3d_10d_plus_migration,0.75,15,evaluation_2025,-inf,3,3,-0.008684765582777532,-0.014352171732635144,0.39953720508186635,0.3333333333333333,-28.805153189662818,4.157289371045059,0.0025883412580381964,0.01,0.01,0.010386347819049927,0.010727633734939759,0
focus_cluster,opening_15_30m,trend_3d_10d_plus_migration,0.75,30,all,-inf,4,4,-0.010763842238309396,-0.015466224863377676,0.30768692367256284,0.25,-26.86710348774447,4.154433186044608,0.0025001916752831702,0.01,0.01,0.010400467141077126,0.010727633734939759,0
focus_cluster,opening_15_30m,trend_3d_10d_plus_migration,0.75,30,development_2024,-inf,1,1,0.004776253231551841,0.0,,1.0,47.76253231551947,4.145864631043257,0.002412042092528144,0.01,0.01,0.010414586463104326,0.010414586463104326,0
focus_cluster,opening_15_30m,trend_3d_10d_plus_migration,0.75,30,evaluation_2025,-inf,3,3,-0.015466224863377676,-0.012590903458957414,0.0,0.0,-51.74364875549912,4.157289371045059,0.0025883412580381964,0.01,0.01,0.010386347819049927,0.010727633734939759,0
focus_cluster,opening_15_30m,trend_3d_10d_plus_migration,1.0,5,all,-inf,5,4,-0.006754679551474685,-0.00890837328054217,0.310225088594329,0.2,-13.515508594176538,3.0718842379195475,0.0034511216773842617,0.01,0.01,0.010289760864287446,0.01054572530120482,0
focus_cluster,opening_15_30m,trend_3d_10d_plus_migration,1.0,5,development_2024,-inf,1,1,-0.0008636116030537044,0.0,0.0,0.0,-8.636116030536884,3.109398473282443,0.003216056123370859,0.01,0.01,0.010310939847328244,0.010310939847328244,0
focus_cluster,opening_15_30m,trend_3d_10d_plus_migration,1.0,5,evaluation_2025,-inf,4,3,-0.0058961599405591425,-0.00890837328054217,0.34021513178906254,0.25,-14.735356735086452,3.062505679078823,0.0034520076652615776,0.01,0.01,0.010289686513716919,0.01054572530120482,0
focus_cluster,opening_15_30m,trend_3d_10d_plus_migration,1.0,10,all,-inf,4,4,-0.0034125000333387057,-0.007815287676691374,0.5670430513094892,0.25,-8.481129527706504,3.1158248895334566,0.00333358890037756,0.01,0.01,0.010300350355807845,0.01054572530120482,0
focus_cluster,opening_15_30m,trend_3d_10d_plus_migration,1.0,10,development_2024,-inf,1,1,-5.596335877822156e-06,0.0,0.0,0.0,-0.055963358778753365,3.109398473282443,0.003216056123370859,0.01,0.01,0.010310939847328244,0.010310939847328244,0
focus_cluster,opening_15_30m,trend_3d_10d_plus_migration,1.0,10,evaluation_2025,-inf,3,3,-0.0034069227637447685,-0.007815287676691152,0.5674483368655118,0.3333333333333333,-11.289518250682422,3.1179670282837937,0.0034511216773842617,0.01,0.01,0.010289760864287446,0.01054572530120482,0
focus_cluster,opening_15_30m,trend_3d_10d_plus_migration,1.0,15,all,-inf,4,4,-0.0007577391283383195,-0.009390965012727626,0.9242124523651855,0.5,-1.782763692636674,3.1158248895334566,0.00333358890037756,0.01,0.01,0.010300350355807845,0.01054572530120482,0
focus_cluster,opening_15_30m,trend_3d_10d_plus_migration,1.0,15,development_2024,-inf,1,1,0.004383716641221502,0.0,,1.0,43.83716641221524,3.109398473282443,0.003216056123370859,0.01,0.01,0.010310939847328244,0.010310939847328244,0
focus_cluster,opening_15_30m,trend_3d_10d_plus_migration,1.0,15,evaluation_2025,-inf,3,3,-0.005119015456317544,-0.009390965012727737,0.4583190544679825,0.3333333333333333,-16.989407060920644,3.1179670282837937,0.0034511216773842617,0.01,0.01,0.010289760864287446,0.01054572530120482,0
focus_cluster,opening_15_30m,trend_3d_10d_plus_migration,1.0,30,all,-inf,4,4,-0.010569663431006293,-0.014101339677766278,0.2532957589681323,0.25,-26.400327615809285,3.1158248895334566,0.00333358890037756,0.01,0.01,0.010300350355807845,0.01054572530120482,0
focus_cluster,opening_15_30m,trend_3d_10d_plus_migration,1.0,30,development_2024,-inf,1,1,0.003582189923663881,0.0,,1.0,35.82189923663961,3.109398473282443,0.003216056123370859,0.01,0.01,0.010310939847328244,0.010310939847328244,0
focus_cluster,opening_15_30m,trend_3d_10d_plus_migration,1.0,30,evaluation_2025,-inf,3,3,-0.014101339677766389,-0.011943434559202548,0.0,0.0,-47.141069899958914,3.1179670282837937,0.0034511216773842617,0.01,0.01,0.010289760864287446,0.01054572530120482,0
focus_cluster,opening_15_30m,trend_3d_10d_plus_migration,1.25,5,all,-inf,5,4,-0.005404242846883678,-0.007130705170193319,0.310225088594329,0.2,-10.812406875341228,2.4575073903356377,0.004313902096730327,0.01,0.01,0.010231808691429957,0.010436580240963856,0
focus_cluster,opening_15_30m,trend_3d_10d_plus_migration,1.25,5,development_2024,-inf,1,1,-0.0006908892824429858,0.0,0.0,0.0,-6.908892824429508,2.4875187786259545,0.004020070154213573,0.01,0.01,0.010248751877862596,0.010248751877862596,0
focus_cluster,opening_15_30m,trend_3d_10d_plus_migration,1.25,5,evaluation_2025,-inf,4,3,-0.0047166122212737305,-0.007130705170193319,0.34021513178906254,0.25,-11.788285388069161,2.4500045432630584,0.004315009581576972,0.01,0.01,0.010231749210973536,0.010436580240963856,0
focus_cluster,opening_15_30m,trend_3d_10d_plus_migration,1.25,10,all,-inf,4,4,-0.0027268006609549866,-0.006254575218093694,0.5670430513094891,0.25,-6.784903622165203,2.492659911626765,0.00416698612547195,0.01,0.01,0.010240280284646276,0.010436580240963856,0
focus_cluster,opening_15_30m,trend_3d_10d_plus_migration,1.25,10,development_2024,-inf,1,1,-4.477068702324338e-06,0.0,0.0,0.0,-0.044770687023002145,2.4875187786259545,0.004020070154213573,0.01,0.01,0.010248751877862596,0.010248751877862596,0
focus_cluster,opening_15_30m,trend_3d_10d_plus_migration,1.25,10,evaluation_2025,-inf,3,3,-0.002722335780337093,-0.006254575218093805,0.5674483368655118,0.3333333333333333,-9.031614600545938,2.494373622627035,0.004313902096730327,0.01,0.01,0.010231808691429957,0.010436580240963856,0
focus_cluster,opening_15_30m,trend_3d_10d_plus_migration,1.25,15,all,-inf,4,4,-0.0005990476049445581,-0.007515700763221944,0.9242124523651856,0.5,-1.426210954109335,2.492659911626765,0.00416698612547195,0.01,0.01,0.010240280284646276,0.010436580240963856,0
focus_cluster,opening_15_30m,trend_3d_10d_plus_migration,1.25,15,development_2024,-inf,1,1,0.003506973312977113,0.0,,1.0,35.069733129772196,2.4875187786259545,0.004020070154213573,0.01,0.01,0.010248751877862596,0.010248751877862596,0
focus_cluster,opening_15_30m,trend_3d_10d_plus_migration,1.25,15,evaluation_2025,-inf,3,3,-0.004091671535042751,-0.007515700763221944,0.45831905446798255,0.3333333333333333,-13.59152564873651,2.494373622627035,0.004313902096730327,0.01,0.01,0.010231808691429957,0.010436580240963856,0
focus_cluster,opening_15_30m,trend_3d_10d_plus_migration,1.25,30,all,-inf,4,4,-0.006407027682209909,-0.009246282070370038,0.30925510143773927,0.25,-16.00218980348927,2.492659911626765,0.00416698612547195,0.01,0.01,0.010240280284646276,0.010436580240963856,0
focus_cluster,opening_15_30m,trend_3d_10d_plus_migration,1.25,30,development_2024,-inf,1,1,0.002865751938931238,0.0,,1.0,28.657519389311688,2.4875187786259545,0.004020070154213573,0.01,0.01,0.010248751877862596,0.010248751877862596,0
focus_cluster,opening_15_30m,trend_3d_10d_plus_migration,1.25,30,evaluation_2025,-inf,3,3,-0.009246282070370038,-0.007512215787467413,0.0,0.0,-30.888759534422917,2.494373622627035,0.004313902096730327,0.01,0.01,0.010231808691429957,0.010436580240963856,0
focus_cluster,opening_15_30m,trend_10d_30d,0.0,5,all,-inf,9,8,-0.05644862390550198,-0.06526905805307825,0.20467782827552397,0.2222222222222222,-64.04760046199469,13.715268535596621,0.0006692061630165238,0.01,0.010000000000000002,0.01149430781613305,0.011707314864089371,0
focus_cluster,opening_15_30m,trend_10d_30d,0.0,5,development_2024,-inf,3,3,0.003180888193982989,-0.01153288446857581,1.2862788896276875,0.6666666666666666,11.005404532894302,14.808264726326144,0.0006523648849598655,0.01,0.01,0.011532884468577002,0.011689324011186514,0
focus_cluster,opening_15_30m,trend_10d_30d,0.0,5,evaluation_2025,-inf,6,5,-0.05944043870974791,-0.049150944203992575,0.0,0.0,-101.57410295943919,13.16877044023186,0.0006928499293341803,0.01,0.010000000000000002,0.011444996754464665,0.011707314864089371,0
focus_cluster,opening_15_30m,trend_10d_30d,0.0,10,all,-inf,9,8,-0.05332794466563029,-0.06600928992498667,0.31819960145036974,0.2222222222222222,-60.175814334239355,13.715268535596621,0.0006692061630165238,0.01,0.010000000000000002,0.01149430781613305,0.011707314864089371,0
focus_cluster,opening_15_30m,trend_10d_30d,0.0,10,development_2024,-inf,3,3,0.013577592499113722,-0.01153288446857581,2.1916385186005103,0.6666666666666666,45.810097877748426,14.808264726326144,0.0006523648849598655,0.01,0.01,0.011532884468577002,0.011689324011186514,0
focus_cluster,opening_15_30m,trend_10d_30d,0.0,10,evaluation_2025,-inf,6,5,-0.06600928992498656,-0.055791657065500155,0.0,0.0,-113.16877044023327,13.16877044023186,0.0006928499293341803,0.01,0.010000000000000002,0.011444996754464665,0.011707314864089371,0
focus_cluster,opening_15_30m,trend_10d_30d,0.0,15,all,-inf,9,8,-0.05565108192902901,-0.06600928992498667,0.28709085172248394,0.2222222222222222,-62.92147765707959,13.715268535596621,0.0006692061630165238,0.01,0.010000000000000002,0.01149430781613305,0.011707314864089371,0
focus_cluster,opening_15_30m,trend_10d_30d,0.0,15,development_2024,-inf,3,3,0.011090268762015576,-0.01153288446857581,1.9773732151294383,0.6666666666666666,37.573107909227716,14.808264726326144,0.0006523648849598655,0.01,0.01,0.011532884468577002,0.011689324011186514,0
focus_cluster,opening_15_30m,trend_10d_30d,0.0,15,evaluation_2025,-inf,6,5,-0.06600928992498656,-0.055791657065500155,0.0,0.0,-113.16877044023327,13.16877044023186,0.0006928499293341803,0.01,0.010000000000000002,0.011444996754464665,0.011707314864089371,0
focus_cluster,opening_15_30m,trend_10d_30d,0.0,30,all,-inf,9,8,-0.042220859470940564,-0.06600928992498678,0.466932755953005,0.2222222222222222,-47.048601868926006,13.715268535596621,0.0006692061630165238,0.01,0.010000000000000002,0.01149430781613305,0.011707314864089371,0
focus_cluster,opening_15_30m,trend_10d_30d,0.0,30,development_2024,-inf,3,3,0.02546966495216596,-0.01153288446857581,3.216056239160662,0.6666666666666666,85.19173527368848,14.808264726326144,0.0006523648849598655,0.01,0.01,0.011532884468577002,0.011689324011186514,0
focus_cluster,opening_15_30m,trend_10d_30d,0.0,30,evaluation_2025,-inf,6,5,-0.06600928992498656,-0.055791657065500155,0.0,0.0,-113.16877044023327,13.16877044023186,0.0006928499293341803,0.01,0.010000000000000002,0.011444996754464665,0.011707314864089371,0
focus_cluster,opening_15_30m,trend_10d_30d,0.25,5,all,-inf,9,8,-0.04392770022253589,-0.053870421826077264,0.23858845543072396,0.2222222222222222,-49.53249477579072,12.038514273366708,0.0008194901384186863,0.01,0.01,0.011220270938134328,0.011633773380738881,0
focus_cluster,opening_15_30m,trend_10d_30d,0.25,5,development_2024,-inf,3,3,0.01050883709050865,-0.0034544464122147067,4.043749275256563,0.6666666666666666,35.04822921197097,12.941577106251534,0.0008040140308427147,0.01,0.01,0.011243759389312977,0.011418442804428155,0
focus_cluster,opening_15_30m,trend_10d_30d,0.25,5,evaluation_2025,-inf,6,5,-0.053870421826077375,-0.04375903116754887,0.0,0.0,-91.82285676967156,11.586982856924296,0.0008630019163153944,0.01,0.01,0.011158746054867674,0.011633773380738881,0
focus_cluster,opening_15_30m,trend_10d_30d,0.25,10,all,-inf,9,8,-0.04819692761858918,-0.06511240004371699,0.2693447061123181,0.2222222222222222,-54.372586468623716,12.038514273366708,0.0008194901384186863,0.01,0.01,0.011220270938134328,0.011633773380738881,0
focus_cluster,opening_15_30m,trend_10d_30d,0.25,10,development_2024,-inf,3,3,0.018093589460293158,-2.238534351151067e-05,805.850811564986,0.6666666666666666,60.05620630797616,12.941577106251534,0.0008040140308427147,0.01,0.01,0.011243759389312977,0.011418442804428155,0
focus_cluster,opening_15_30m,trend_10d_30d,0.25,10,evaluation_2025,-inf,6,5,-0.06511240004371699,-0.055121153640431575,0.0,0.0,-111.58698285692365,11.586982856924296,0.0008630019163153944,0.01,0.01,0.011158746054867674,0.011633773380738881,0
focus_cluster,opening_15_30m,trend_10d_30d,0.25,15,all,-inf,9,8,-0.05422115938496952,-0.07578736063238645,0.296672117042108,0.2222222222222222,-61.24472339484997,12.038514273366708,0.0008194901384186863,0.01,0.01,0.011220270938134328,0.011633773380738881,0
focus_cluster,opening_15_30m,trend_10d_30d,0.25,15,development_2024,-inf,3,3,0.011649786198102197,-0.011418442804427498,2.0362129811782586,0.6666666666666666,39.43979552929741,12.941577106251534,0.0008040140308427147,0.01,0.01,0.011243759389312977,0.011418442804428155,0
focus_cluster,opening_15_30m,trend_10d_30d,0.25,15,evaluation_2025,-inf,6,5,-0.06511240004371699,-0.055121153640431575,0.0,0.0,-111.58698285692365,11.586982856924296,0.0008630019163153944,0.01,0.01,0.011158746054867674,0.011633773380738881,0
focus_cluster,opening_15_30m,trend_10d_30d,0.25,30,all,-inf,9,8,-0.04077060103460928,-0.07578736063238622,0.4789545326644537,0.2222222222222222,-45.37184760669638,12.038514273366708,0.0008194901384186863,0.01,0.01,0.011220270938134328,0.011633773380738881,0
focus_cluster,opening_15_30m,trend_10d_30d,0.25,30,development_2024,-inf,3,3,0.026037139662827835,-0.011418442804427387,3.2873107406554993,0.6666666666666666,87.05842289375815,12.941577106251534,0.0008040140308427147,0.01,0.01,0.011243759389312977,0.011418442804428155,0
focus_cluster,opening_15_30m,trend_10d_30d,0.25,30,evaluation_2025,-inf,6,5,-0.06511240004371699,-0.055121153640431575,0.0,0.0,-111.58698285692365,11.586982856924296,0.0008630019163153944,0.01,0.01,0.011158746054867674,0.011633773380738881,0
focus_cluster,opening_15_30m,trend_10d_30d,0.5,5,all,-inf,9,8,-0.030240804955090073,-0.039117819891673955,0.2644092132264743,0.2222222222222222,-33.893874112586815,7.07130589161622,0.0016080280616854294,0.01,0.01,0.01062187969465649,0.011124869020501173,0
focus_cluster,opening_15_30m,trend_10d_30d,0.5,5,development_2024,-inf,3,3,0.009238401044739053,-0.0017272232061072978,6.348272491006372,0.6666666666666666,30.792201196839702,8.186567057905792,0.0014099969302648755,0.01,0.01,0.010709221402214078,0.011124869020501173,0
focus_cluster,opening_15_30m,trend_10d_30d,0.5,5,evaluation_2025,-inf,6,5,-0.03911781989167418,-0.02913043459065523,0.0,0.0,-66.23691176730007,6.513675308471433,0.0017219622214600682,0.01,0.01,0.01058073536978195,0.011091450602409639,0
focus_cluster,opening_15_30m,trend_10d_30d,0.5,10,all,-inf,9,8,-0.022335215822861576,-0.033910817420851225,0.39261987082753447,0.4444444444444444,-24.85276543244271,7.07130589161622,0.0016080280616854294,0.01,0.01,0.01062187969465649,0.011124869020501173,0
focus_cluster,opening_15_30m,trend_10d_30d,0.5,10,development_2024,-inf,3,3,0.011981918239770017,-1.1192671755866357e-05,1068.3502584023472,0.6666666666666666,39.82167030237711,8.186567057905792,0.0014099969302648755,0.01,0.01,0.010709221402214078,0.011124869020501173,0
focus_cluster,opening_15_30m,trend_10d_30d,0.5,10,evaluation_2025,-inf,6,5,-0.033910817420851114,-0.024730719652019117,0.06793417242384124,0.3333333333333333,-57.189983299852614,6.513675308471433,0.0017219622214600682,0.01,0.01,0.01058073536978195,0.011091450602409639,0
focus_cluster,opening_15_30m,trend_10d_30d,0.5,15,all,-inf,9,8,-0.03371497724143491,-0.04606513278451263,0.31637515080086037,0.3333333333333333,-37.781252791778904,7.07130589161622,0.0016080280616854294,0.01,0.01,0.01062187969465649,0.011124869020501173,0
focus_cluster,opening_15_30m,trend_10d_30d,0.5,15,development_2024,-inf,3,3,0.002098670847996642,-0.010709221402214197,1.2055234956497873,0.6666666666666666,7.336655394235252,8.186567057905792,0.0014099969302648755,0.01,0.01,0.010709221402214078,0.011124869020501173,0
focus_cluster,opening_15_30m,trend_10d_30d,0.5,15,evaluation_2025,-inf,6,5,-0.03573864443820218,-0.0284618094763599,0.07240821607091805,0.16666666666666666,-60.34020688478597,6.513675308471433,0.0017219622214600682,0.01,0.01,0.01058073536978195,0.011091450602409639,0
focus_cluster,opening_15_30m,trend_10d_30d,0.5,30,all,-inf,9,8,0.004351793675212656,-0.026198948513983966,1.1137662540794517,0.5555555555555556,5.393436301848908,7.07130589161622,0.0016080280616854294,0.01,0.01,0.01062187969465649,0.011124869020501173,0
focus_cluster,opening_15_30m,trend_10d_30d,0.5,30,development_2024,-inf,3,3,0.01518520695286596,-0.010709221402214197,2.4315036405395456,0.6666666666666666,51.100964748712045,8.186567057905792,0.0014099969302648755,0.01,0.01,0.010709221402214078,0.011124869020501173,0
focus_cluster,opening_15_30m,trend_10d_30d,0.5,30,evaluation_2025,-inf,6,5,-0.010671366370842428,-0.01456411652755174,0.6721888443193119,0.5,-17.46032792158266,6.513675308471433,0.0017219622214600682,0.01,0.01,0.01058073536978195,0.011091450602409639,0
focus_cluster,opening_15_30m,trend_10d_30d,0.75,5,all,-inf,9,8,-0.019457867757259883,-0.025459840816841606,0.272021141154973,0.2222222222222222,-21.736337303680138,4.714203927744146,0.002412042092528144,0.01,0.01,0.010414586463104326,0.010749912680334114,0
focus_cluster,opening_15_30m,trend_10d_30d,0.75,5,development_2024,-inf,3,3,0.006158774477403206,-0.0011514821374050133,6.348272491006372,0.6666666666666666,20.528134131226473,5.457711371937195,0.002114995395397313,0.01,0.01,0.010472814268142719,0.010749912680334114,0
focus_cluster,opening_15_30m,trend_10d_30d,0.75,5,evaluation_2025,-inf,6,5,-0.025459840816841606,-0.017583888079652388,0.0,0.0,-42.86857302113344,4.342450205647622,0.0025829433321901026,0.01,0.01,0.010387156913187968,0.010727633734939759,0
focus_cluster,opening_15_30m,trend_10d_30d,0.75,10,all,-inf,8,8,-0.01103580366703294,-0.01886533197611895,0.46704009272611113,0.5,-13.74953644140023,4.820792480134846,0.0022635187439627286,0.01,0.01,0.010443700365623521,0.010749912680334114,0
focus_cluster,opening_15_30m,trend_10d_30d,0.75,10,development_2024,-inf,3,3,0.007980075074561999,-7.461781170503556e-06,1068.3502584023524,0.6666666666666666,26.547780201584743,5.457711371937195,0.002114995395397313,0.01,0.01,0.010472814268142719,0.010749912680334114,0
focus_cluster,opening_15_30m,trend_10d_30d,0.75,10,evaluation_2025,-inf,5,5,-0.018865331976118727,-0.009346605362426486,0.08081560065371036,0.4,-37.92792642719122,4.438641145053436,0.0025775454063420083,0.01,0.01,0.010387966007326008,0.010727633734939759,0
focus_cluster,opening_15_30m,trend_10d_30d,0.75,15,all,-inf,8,8,-0.02291114719994991,-0.031264509683673,0.3131417986728102,0.375,-28.76392773896729,4.820792480134846,0.0022635187439627286,0.01,0.01,0.010443700365623521,0.010749912680334114,0
focus_cluster,opening_15_30m,trend_10d_30d,0.75,15,development_2024,-inf,3,3,0.0014625126493950091,-0.007099225986807012,1.212359210659209,0.6666666666666666,5.025286756165495,5.457711371937195,0.002114995395397313,0.01,0.01,0.010472814268142719,0.010749912680334114,0
focus_cluster,opening_15_30m,trend_10d_30d,0.75,15,evaluation_2025,-inf,5,5,-0.02433806512124337,-0.01614600885885753,0.07135883213824105,0.2,-49.037456436046966,4.438641145053436,0.0025775454063420083,0.01,0.01,0.010387966007326008,0.010727633734939759,0
focus_cluster,opening_15_30m,trend_10d_30d,0.75,30,all,-inf,8,8,-0.0007727441218846609,-0.017700965761977883,0.9778995945852401,0.5,-0.7124956588616628,4.820792480134846,0.0022635187439627286,0.01,0.01,0.010443700365623521,0.010749912680334114,0
focus_cluster,opening_15_30m,trend_10d_30d,0.75,30,development_2024,-inf,3,3,0.011290733335873382,-0.0029887485183943685,4.776885689589545,0.6666666666666666,37.62720502968608,5.457711371937195,0.002114995395397313,0.01,0.01,0.010472814268142719,0.010749912680334114,0
focus_cluster,opening_15_30m,trend_10d_30d,0.75,30,evaluation_2025,-inf,5,5,-0.011928792641029418,-0.010727633734939679,0.47996183299972983,0.4,-23.71631607199031,4.438641145053436,0.0025775454063420083,0.01,0.01,0.010387966007326008,0.010727633734939759,0
focus_cluster,opening_15_30m,trend_10d_30d,1.0,5,all,-inf,9,8,-0.01461308984250409,-0.019143684396082716,0.27202114115497306,0.2222222222222222,-16.30225297776011,3.53565294580811,0.003216056123370859,0.01,0.01,0.010310939847328244,0.010562434510250586,0
focus_cluster,opening_15_30m,trend_10d_30d,1.0,5,development_2024,-inf,3,3,0.004619019607157382,-0.0008636116030537044,6.348272491006372,0.6666666666666666,15.396100598419851,4.093283528952896,0.002819993860529751,0.01,0.01,0.010354610701107039,0.010562434510250586,0
focus_cluster,opening_15_30m,trend_10d_30d,1.0,5,evaluation_2025,-inf,6,5,-0.019143684396082605,-0.013210423552216466,0.0,0.0,-32.15142976585008,3.2568376542357167,0.0034439244429201364,0.01,0.01,0.010290367684890975,0.01054572530120482,0
focus_cluster,opening_15_30m,trend_10d_30d,1.0,10,all,-inf,8,8,-0.008742574870306608,-0.014637118971801755,0.45319904069877986,0.5,-10.903080780794594,3.6155943601011344,0.003018024991950305,0.01,0.01,0.01033277527421764,0.010562434510250586,0
focus_cluster,opening_15_30m,trend_10d_30d,1.0,10,development_2024,-inf,3,3,0.005982104882360062,-5.596335877822156e-06,1068.3502584023472,0.6666666666666666,19.910835151188554,4.093283528952896,0.002819993860529751,0.01,0.01,0.010354610701107039,0.010562434510250586,0
focus_cluster,opening_15_30m,trend_10d_30d,1.0,10,evaluation_2025,-inf,5,5,-0.014637118971801644,-0.00701273767945354,0.07841973461407296,0.4,-29.391430339984485,3.3289808587900773,0.003436727208456011,0.01,0.01,0.010290974505494505,0.01054572530120482,0
focus_cluster,opening_15_30m,trend_10d_30d,1.0,15,all,-inf,8,8,-0.018310057963663362,-0.024615130505229565,0.2998288586725979,0.375,-22.967524117478174,3.6155943601011344,0.003018024991950305,0.01,0.01,0.01033277527421764,0.010562434510250586,0
focus_cluster,opening_15_30m,trend_10d_30d,1.0,15,development_2024,-inf,3,3,0.0011053518612671454,-0.005324419490104981,1.2123592106592087,0.6666666666666666,3.7689650671241144,4.093283528952896,0.002819993860529751,0.01,0.01,0.010354610701107039,0.010562434510250586,0
focus_cluster,opening_15_30m,trend_10d_30d,1.0,15,evaluation_2025,-inf,5,5,-0.01939397266115217,-0.010743114746310845,0.06755286199337059,0.2,-39.00941762823955,3.3289808587900773,0.003436727208456011,0.01,0.01,0.010290974505494505,0.01054572530120482,0
focus_cluster,opening_15_30m,trend_10d_30d,1.0,30,all,-inf,8,8,-0.005571973208226555,-0.018246815963987584,0.7770445695071084,0.5,-6.784371744146846,3.6155943601011344,0.003018024991950305,0.01,0.01,0.01033277527421764,0.010562434510250586,0
focus_cluster,opening_15_30m,trend_10d_30d,1.0,30,development_2024,-inf,3,3,0.008467586856201192,-0.002241561388795832,4.776885689589544,0.6666666666666666,28.22040377226455,4.093283528952896,0.002819993860529751,0.01,0.01,0.010354610701107039,0.010562434510250586,0
focus_cluster,opening_15_30m,trend_10d_30d,1.0,30,evaluation_2025,-inf,5,5,-0.013921677054782422,-0.010545725301205122,0.3713823081432702,0.4,-27.787237053993685,3.3289808587900773,0.003436727208456011,0.01,0.01,0.010290974505494505,0.01054572530120482,0
focus_cluster,opening_15_30m,trend_10d_30d,1.25,5,all,-inf,9,8,-0.011699914426148483,-0.015338422027106668,0.27202114115497306,0.2222222222222222,-13.041802382208086,2.828522356646488,0.004020070154213573,0.01,0.01,0.010248751877862596,0.010449947608200469,0
focus_cluster,opening_15_30m,trend_10d_30d,1.25,5,development_2024,-inf,3,3,0.0036951859220999417,-0.0006908892824429858,6.348272491006372,0.6666666666666666,12.316880478735884,3.274626823162317,0.0035249923256621884,0.01,0.01,0.01028368856088563,0.010449947608200469,0
focus_cluster,opening_15_30m,trend_10d_30d,1.25,5,evaluation_2025,-inf,6,5,-0.01533842202710678,-0.01057915655562014,0.0,0.0,-25.721143812680065,2.605470123388573,0.00430490555365017,0.01,0.01,0.01023229414791278,0.010436580240963856,0
focus_cluster,opening_15_30m,trend_10d_30d,1.25,10,all,-inf,8,8,-0.0069908670338468815,-0.011719067103607927,0.4531990406987798,0.5,-8.722464624635677,2.892475488080908,0.0037725312399378807,0.01,0.01,0.010266220219374112,0.010449947608200469,0
focus_cluster,opening_15_30m,trend_10d_30d,1.25,10,development_2024,-inf,3,3,0.004784267218334248,-4.477068702324338e-06,1068.3502584023602,0.6666666666666666,15.928668120950846,3.274626823162317,0.0035249923256621884,0.01,0.01,0.01028368856088563,0.010449947608200469,0
focus_cluster,opening_15_30m,trend_10d_30d,1.25,10,evaluation_2025,-inf,5,5,-0.011719067103607705,-0.0056115252875652555,0.07841973461407295,0.4,-23.513144271987592,2.6631846870320617,0.004295909010570013,0.01,0.01,0.010232779604395604,0.010436580240963856,0
focus_cluster,opening_15_30m,trend_10d_30d,1.25,15,all,-inf,8,8,-0.01580262631340379,-0.020864656814448268,0.2842334550229613,0.375,-19.81388300778134,2.892475488080908,0.0037725312399378807,0.01,0.01,0.010266220219374112,0.010449947608200469,0
focus_cluster,opening_15_30m,trend_10d_30d,1.25,15,development_2024,-inf,3,3,0.0008883417029568186,-0.0042595355920841405,1.2123592106592087,0.6666666666666666,3.015172053699294,3.274626823162317,0.0035249923256621884,0.01,0.01,0.01028368856088563,0.010449947608200469,0
focus_cluster,opening_15_30m,trend_10d_30d,1.25,15,evaluation_2025,-inf,5,5,-0.01667615389341226,-0.008599468290794166,0.06320235944105265,0.2,-33.51131604466972,2.6631846870320617,0.004295909010570013,0.01,0.01,0.010232779604395604,0.010436580240963856,0
focus_cluster,opening_15_30m,trend_10d_30d,1.25,30,all,-inf,8,8,-0.0043905735079521335,-0.014561635013211505,0.778933590792721,0.5,-5.368461250738178,2.892475488080908,0.0037725312399378807,0.01,0.01,0.010266220219374112,0.010449947608200469,0
focus_cluster,opening_15_30m,trend_10d_30d,1.25,30,development_2024,-inf,3,3,0.0067738422926291175,-0.001793249111036621,4.776885689589544,0.6666666666666666,22.576323017811646,3.274626823162317,0.0035249923256621884,0.01,0.01,0.01028368856088563,0.010449947608200469,0
focus_cluster,opening_15_30m,trend_10d_30d,1.25,30,evaluation_2025,-inf,5,5,-0.011089298640455048,-0.006389351325300829,0.37237696211585947,0.4,-22.13533181186807,2.6631846870320617,0.004295909010570013,0.01,0.01,0.010232779604395604,0.010436580240963856,0
focus_cluster,postopen_30_45m,none,0.0,5,all,-0.7476140308437852,36,29,-0.05375881371574176,-0.07190717602646857,0.7244957527173976,0.3888888888888889,-14.778292044747737,13.283864091616957,0.0007701890809018322,0.01,0.01,0.011298515763018222,0.012196349677592677,0
focus_cluster,postopen_30_45m,none,0.0,5,development_2024,-inf,18,14,-0.038380370881665904,-0.04188086328995455,0.6435373613038811,0.3333333333333333,-21.149276287566806,13.415017344002,0.0007612863349358095,0.01,0.01,0.011313568942058384,0.01205356570783987,0
focus_cluster,postopen_30_45m,none,0.0,5,evaluation_2025,-inf,18,15,-0.01599223057476029,-0.07190717602646868,0.8246680272563921,0.4444444444444444,-8.407307801928665,13.152710839231915,0.0008586176847318128,0.01,0.01,0.011166257054036881,0.012196349677592677,0
focus_cluster,postopen_30_45m,none,0.0,10,all,-0.23214156176934747,36,29,-0.015808526972882264,-0.06809865003229965,0.9440332209495204,0.4444444444444444,-3.563522366967588,13.283864091616957,0.0007701890809018322,0.01,0.01,0.011298515763018222,0.012196349677592677,0
focus_cluster,postopen_30_45m,none,0.0,10,development_2024,-inf,18,14,-0.052248750022881096,-0.06809865003229965,0.6183795182431794,0.3333333333333333,-28.979160624494686,13.415017344002,0.0007612863349358095,0.01,0.01,0.011313568942058384,0.01205356570783987,0
focus_cluster,postopen_30_45m,none,0.0,10,evaluation_2025,-inf,18,15,0.03844914269527844,-0.05307663924734585,1.4250798919289767,0.5555555555555556,21.85211589055951,13.152710839231915,0.0008586176847318128,0.01,0.01,0.011166257054036881,0.012196349677592677,0
focus_cluster,postopen_30_45m,none,0.0,15,all,-0.5877419032881251,36,29,-0.04583337087617556,-0.07798213913243301,0.8323821702331113,0.3333333333333333,-12.08646778021832,13.283864091616957,0.0007701890809018322,0.01,0.01,0.011298515763018222,0.012196349677592677,0
focus_cluster,postopen_30_45m,none,0.0,15,development_2024,-inf,18,14,-0.07640577367582024,-0.07798213913243301,0.4896358370765836,0.2222222222222222,-43.2974475112704,13.415017344002,0.0007612863349358095,0.01,0.01,0.011313568942058384,0.01205356570783987,0
focus_cluster,postopen_30_45m,none,0.0,15,evaluation_2025,-inf,18,15,0.033101552530617306,-0.056441745089223616,1.322079658392724,0.4444444444444444,19.124511950833757,13.152710839231915,0.0008586176847318128,0.01,0.01,0.011166257054036881,0.012196349677592677,0
focus_cluster,postopen_30_45m,none,0.0,30,all,0.02509605344679056,36,29,0.0019570439315625965,-0.07798213913243301,1.022897125819577,0.3888888888888889,1.59551840302314,13.283864091616957,0.0007701890809018322,0.01,0.01,0.011298515763018222,0.012196349677592677,0
focus_cluster,postopen_30_45m,none,0.0,30,development_2024,-inf,18,14,-0.06029034791694399,-0.07798213913243301,0.588701142745982,0.2777777777777778,-33.65625235472441,13.415017344002,0.0007612863349358095,0.01,0.01,0.011313568942058384,0.01205356570783987,0
focus_cluster,postopen_30_45m,none,0.0,30,evaluation_2025,-inf,18,15,0.06624109022454183,-0.050524580506791095,1.6404338498378865,0.5,36.847289160770686,13.152710839231915,0.0008586176847318128,0.01,0.01,0.011166257054036881,0.012196349677592677,0
focus_cluster,postopen_30_45m,none,0.25,5,all,-0.5889040983755114,36,29,-0.03971554084121942,-0.0674397426521135,0.7815567130323956,0.3888888888888889,-10.722971615986562,12.500105321674699,0.0007789123782773684,0.01,0.01,0.011283843244587576,0.012016319073083898,0
focus_cluster,postopen_30_45m,none,0.25,5,development_2024,-inf,18,14,-0.028271536106128647,-0.04030662639516902,0.7127394854146228,0.3333333333333333,-15.37941876173111,12.926568573483781,0.0007741441574644064,0.01,0.01,0.011291780996607551,0.011891414025974026,0
focus_cluster,postopen_30_45m,none,0.25,5,evaluation_2025,-inf,18,15,-0.011776957411777977,-0.06743974265211339,0.8640951408117884,0.4444444444444444,-6.066524470242014,12.073642069865613,0.0009088400752316024,0.01,0.01,0.01110932721962243,0.012016319073083898,0
focus_cluster,postopen_30_45m,none,0.25,10,all,-0.1018321007982431,36,29,-0.005734082217534353,-0.05630918121678663,0.9871878395692759,0.4722222222222222,-0.7679824596080846,12.500105321674699,0.0007789123782773684,0.01,0.01,0.011283843244587576,0.012016319073083898,0
focus_cluster,postopen_30_45m,none,0.25,10,development_2024,-inf,18,14,-0.04028469813355595,-0.05630918121678663,0.6816474412753479,0.3888888888888889,-22.050410702662738,12.926568573483781,0.0007741441574644064,0.01,0.01,0.011291780996607551,0.011891414025974026,0
focus_cluster,postopen_30_45m,none,0.25,10,evaluation_2025,-inf,18,15,0.03600090135983858,-0.053810940006666974,1.405269704361574,0.5555555555555556,20.51444578344657,12.073642069865613,0.0009088400752316024,0.01,0.01,0.01110932721962243,0.012016319073083898,0
focus_cluster,postopen_30_45m,none,0.25,15,all,-0.46987156869454244,36,29,-0.02814827258414787,-0.05990631155307613,0.8971475408425648,0.3611111111111111,-7.01361100692755,12.500105321674699,0.0007789123782773684,0.01,0.01,0.011283843244587576,0.012016319073083898,0
focus_cluster,postopen_30_45m,none,0.25,15,development_2024,-inf,18,14,-0.05828259888094356,-0.05990631155307613,0.5838445722776435,0.2777777777777778,-32.52707502599236,12.926568573483781,0.0007741441574644064,0.01,0.01,0.011291780996607551,0.011891414025974026,0
focus_cluster,postopen_30_45m,none,0.25,15,evaluation_2025,-inf,18,15,0.03199933043712089,-0.05801933079251742,1.3177516999293282,0.4444444444444444,18.499853012137255,12.073642069865613,0.0009088400752316024,0.01,0.01,0.01110932721962243,0.012016319073083898,0
focus_cluster,postopen_30_45m,none,0.25,30,all,0.5023921280242414,36,29,0.027368340628225463,-0.05447605386624388,1.1296182504236396,0.4166666666666667,8.546188577758782,12.500105321674699,0.0007789123782773684,0.01,0.01,0.011283843244587576,0.012016319073083898,0
focus_cluster,postopen_30_45m,none,0.25,30,development_2024,-inf,18,14,-0.030919955279269495,-0.05447605386624388,0.7804347815117579,0.3333333333333333,-16.501136917540318,12.926568573483781,0.0007741441574644064,0.01,0.01,0.011291780996607551,0.011891414025974026,0
focus_cluster,postopen_30_45m,none,0.25,30,evaluation_2025,-inf,18,15,0.06014807159123037,-0.053021734135799914,1.5923385900164015,0.5,33.59351407305788,12.073642069865613,0.0009088400752316024,0.01,0.01,0.01110932721962243,0.012016319073083898,0
focus_cluster,postopen_30_45m,none,0.5,5,all,-0.31048893954977913,34,29,-0.009791449706710975,-0.03153558294510894,0.9146219981573731,0.4411764705882353,-2.6108418420260415,7.568992707192651,0.001212985254055366,0.01,0.010000000000000002,0.01082441268292683,0.011136370857142858,0
focus_cluster,postopen_30_45m,none,0.5,5,development_2024,-inf,18,14,-0.015385376085879088,-0.029863086180035858,0.7823890106933195,0.3333333333333333,-8.264807527968891,8.120000962934032,0.0012099666838310955,0.01,0.010000000000000002,0.010826470359787049,0.011136370857142858,0
focus_cluster,postopen_30_45m,none,0.5,5,evaluation_2025,-inf,16,15,0.005681335868169768,-0.031535582945109164,1.1684966239057715,0.5625,3.749869554659656,6.949108419483599,0.001370779991652879,0.01,0.01,0.01073087808219178,0.011097613913043479,0
focus_cluster,postopen_30_45m,none,0.5,10,all,-1.024755371386281,34,29,-0.05534771244271053,-0.054010658531934874,0.6601370096224684,0.47058823529411764,-16.319931824993066,7.568992707192651,0.001212985254055366,0.01,0.010000000000000002,0.01082441268292683,0.011136370857142858,0
focus_cluster,postopen_30_45m,none,0.5,10,development_2024,-inf,18,14,-0.056228412848241205,-0.054010658531934874,0.496073624781275,0.3888888888888889,-31.586563931491636,8.120000962934032,0.0012099666838310955,0.01,0.010000000000000002,0.010826470359787049,0.011136370857142858,0
focus_cluster,postopen_30_45m,none,0.5,10,evaluation_2025,-inf,16,15,0.0009331711375089036,-0.03450449254057175,1.0271225462360882,0.5625,0.8550292948178301,6.949108419483599,0.001370779991652879,0.01,0.01,0.01073087808219178,0.011097613913043479,0
focus_cluster,postopen_30_45m,none,0.5,15,all,-0.6495781241822672,34,29,-0.05105512730316364,-0.07859736250729699,0.7239556088511776,0.4117647058823529,-14.872374094721104,7.568992707192651,0.001212985254055366,0.01,0.010000000000000002,0.01082441268292683,0.011136370857142858,0
focus_cluster,postopen_30_45m,none,0.5,15,development_2024,-inf,18,14,-0.08142617242152095,-0.07859736250729699,0.3836380458389395,0.2222222222222222,-46.55590789274499,8.120000962934032,0.0012099666838310955,0.01,0.010000000000000002,0.010826470359787049,0.011136370857142858,0
focus_cluster,postopen_30_45m,none,0.5,15,evaluation_2025,-inf,16,15,0.03306325981268299,-0.023953334099985124,1.7038113157783696,0.625,20.77160142805577,6.949108419483599,0.001370779991652879,0.01,0.01,0.01073087808219178,0.011097613913043479,0
focus_cluster,postopen_30_45m,none,0.5,30,all,-0.8752413646634116,34,29,-0.06497798726010762,-0.0742400780898832,0.7128070861748053,0.35294117647058826,-19.03630388615086,7.568992707192651,0.001212985254055366,0.01,0.010000000000000002,0.01082441268292683,0.011136370857142858,0
focus_cluster,postopen_30_45m,none,0.5,30,development_2024,-inf,18,14,-0.06046987868961029,-0.07419960939106118,0.5488181711204436,0.2777777777777778,-33.91021269040554,8.120000962934032,0.0012099666838310955,0.01,0.010000000000000002,0.010826470359787049,0.011136370857142858,0
focus_cluster,postopen_30_45m,none,0.5,30,evaluation_2025,-inf,16,15,-0.004798258691493196,-0.021896191512533747,0.9590914280887409,0.4375,-2.3031564813643657,6.949108419483599,0.001370779991652879,0.01,0.01,0.01073087808219178,0.011097613913043479,0
focus_cluster,postopen_30_45m,none,0.75,5,all,0.19043316479547812,32,29,0.003769470031075084,-0.019794188870008167,1.0677629976399687,0.46875,1.3140424262525487,5.067687230370023,0.0018189569336178532,0.01,0.01,0.010549766113821139,0.010757580571428572,0
focus_cluster,postopen_30_45m,none,0.75,5,development_2024,-inf,16,14,-0.0014296741561663495,-0.018016999801273026,0.9715433906330329,0.375,-0.7051615172681076,5.502635514417646,0.0017777325757168307,0.01,0.01,0.010562731447614038,0.010757580571428572,0
focus_cluster,postopen_30_45m,none,0.75,5,evaluation_2025,-inf,16,15,0.005206587911420701,-0.019794188870007723,1.2380338861549547,0.5625,3.333246369773208,4.6327389463224,0.0020561699874793184,0.01,0.01,0.01048725205479452,0.010731742608695652,0
focus_cluster,postopen_30_45m,none,0.75,10,all,-1.0770739706007222,31,29,-0.04464891838832463,-0.04145390159547013,0.5464996552971938,0.4838709677419355,-14.546788595925024,5.014022036157893,0.0018206677226342096,0.01,0.01,0.010549249040650407,0.010757580571428572,0
focus_cluster,postopen_30_45m,none,0.75,10,development_2024,-inf,16,14,-0.046150839636153074,-0.04145390159547013,0.296927482802237,0.375,-29.30826546033197,5.502438441246914,0.0017777325757168307,0.01,0.01,0.010562731447614038,0.010757580571428572,0
focus_cluster,postopen_30_45m,none,0.75,10,evaluation_2025,-inf,15,15,0.0015745898934962366,-0.022235937703155795,1.0549227561155439,0.6,1.1987867261090457,4.493044537396273,0.0021450752598185675,0.01,0.01,0.010466184109589041,0.010731742608695652,0
focus_cluster,postopen_30_45m,none,0.75,15,all,-0.7728474050473159,31,29,-0.05153794748643492,-0.06668580000379198,0.571974827203157,0.41935483870967744,-16.797458742353808,5.014022036157893,0.0018206677226342096,0.01,0.01,0.010549249040650407,0.010757580571428572,0
focus_cluster,postopen_30_45m,none,0.75,15,development_2024,-inf,16,14,-0.07169985475038188,-0.06668580000379198,0.17746951149199924,0.1875,-46.19598695786232,5.502438441246914,0.0017777325757168307,0.01,0.01,0.010562731447614038,0.010757580571428572,0
focus_cluster,postopen_30_45m,none,0.75,15,evaluation_2025,-inf,15,15,0.021719168489977125,-0.013866385345983057,1.6869359429588284,0.6666666666666666,14.560971354188606,4.493044537396273,0.0021450752598185675,0.01,0.01,0.010466184109589041,0.010731742608695652,0
focus_cluster,postopen_30_45m,none,0.75,30,all,-0.9362020254709601,31,29,-0.07384567451056157,-0.07887792645333491,0.5907792639673372,0.3870967741935484,-24.240760464005135,5.014022036157893,0.0018206677226342096,0.01,0.01,0.010549249040650407,0.010757580571428572,0
focus_cluster,postopen_30_45m,none,0.75,30,development_2024,-inf,16,14,-0.06051292340023562,-0.07095872541572934,0.43945411261073186,0.3125,-38.47006823371958,5.502438441246914,0.0017777325757168307,0.01,0.01,0.010562731447614038,0.010757580571428572,0
focus_cluster,postopen_30_45m,none,0.75,30,evaluation_2025,-inf,15,15,-0.014191521567897047,-0.023544044305479073,0.8158594171773595,0.4666666666666667,-9.06283217630972,4.493044537396273,0.0021450752598185675,0.01,0.01,0.010466184109589041,0.010731742608695652,0
focus_cluster,postopen_30_45m,none,1.0,5,all,0.023823616770412784,32,29,0.00038141048923967524,-0.016009764298817952,1.013329924135088,0.46875,0.204281819689508,3.800765422777517,0.002425275911490471,0.01,0.010000000000000002,0.010412324585365854,0.010568185428571429,0
focus_cluster,postopen_30_45m,none,1.0,5,development_2024,-inf,16,14,-0.0035334310715361417,-0.016009764298817952,0.8961979051272814,0.375,-2.0913711379508886,4.126976635813235,0.0023703101009557746,0.01,0.010000000000000002,0.010422048585710528,0.010568185428571429,0
focus_cluster,postopen_30_45m,none,1.0,5,evaluation_2025,-inf,16,15,0.003928723434229564,-0.014874144195751393,1.2380338861549547,0.5625,2.4999347773299023,3.4745542097417994,0.002741559983305758,0.01,0.01,0.010365439041095891,0.01054880695652174,0
focus_cluster,postopen_30_45m,none,1.0,10,all,-1.0864244793609845,31,29,-0.036890909163811325,-0.03395625730516483,0.5226443261935123,0.4838709677419355,-12.008161232325179,3.7605165271184204,0.0024275569635122795,0.01,0.010000000000000002,0.010411936780487806,0.010568185428571429,0
focus_cluster,postopen_30_45m,none,1.0,10,development_2024,-inf,16,14,-0.03721173081769713,-0.03395625730516483,0.2826747778221951,0.375,-23.557581193246435,4.126828830935186,0.0023703101009557746,0.01,0.010000000000000002,0.010422048585710528,0.010568185428571429,0
focus_cluster,postopen_30_45m,none,1.0,10,evaluation_2025,-inf,15,15,0.00033322139888336544,-0.017566856590980784,1.0183524550492637,0.6,0.3112200593241608,3.369783403047204,0.002860100346424757,0.01,0.01,0.01034963808219178,0.01054880695652174,0
focus_cluster,postopen_30_45m,none,1.0,15,all,-0.5618262173836052,30,29,-0.026598561269638443,-0.04734304033283909,0.6751844550635664,0.4666666666666667,-8.828648698651833,3.7483751105426935,0.0025138137913571414,0.01,0.010000000000000002,0.010398270859379706,0.010568185428571429,0
focus_cluster,postopen_30_45m,none,1.0,15,development_2024,-inf,15,14,-0.05021198725180975,-0.04734304033283909,0.18925495240599433,0.2,-34.15883399375216,4.126966818038182,0.002323748326055829,0.01,0.010000000000000002,0.010430339201877912,0.010568185428571429,0
focus_cluster,postopen_30_45m,none,1.0,15,evaluation_2025,-inf,15,15,0.024861785646089984,-0.01152998944616146,2.349448852568447,0.7333333333333333,16.501536596448496,3.369783403047204,0.002860100346424757,0.01,0.01,0.01034963808219178,0.01054880695652174,0
focus_cluster,postopen_30_45m,none,1.0,30,all,-0.5306680174404974,30,29,-0.030694614692775124,-0.057841463370678525,0.7521822865203016,0.43333333333333335,-10.073866852039336,3.7483751105426935,0.0025138137913571414,0.01,0.010000000000000002,0.010398270859379706,0.010568185428571429,0
focus_cluster,postopen_30_45m,none,1.0,30,development_2024,-inf,15,14,-0.05227666690635413,-0.057841463370678525,0.35913467661854154,0.3333333333333333,-35.47352733659789,4.126966818038182,0.002323748326055829,0.01,0.010000000000000002,0.010430339201877912,0.010568185428571429,0
focus_cluster,postopen_30_45m,none,1.0,30,evaluation_2025,-inf,15,15,0.02277252385791617,-0.017357431778302623,1.5906331926477664,0.5333333333333333,15.325793632519217,3.369783403047204,0.002860100346424757,0.01,0.01,0.01034963808219178,0.01054880695652174,0
focus_cluster,postopen_30_45m,none,1.25,5,all,-0.11271713264452703,32,29,-0.001668931702485832,-0.014806371164081122,0.9641774955502335,0.46875,-0.4615745442484504,3.0406123382220134,0.0030315948893630887,0.01,0.01,0.010329859668292682,0.010454548342857143,0
focus_cluster,postopen_30_45m,none,1.25,5,development_2024,-inf,16,14,-0.004808148210364349,-0.014806371164081122,0.83169777735812,0.375,-2.9230969103608224,3.3015813086505874,0.0029628876261947176,0.01,0.01,0.010337638868568425,0.010454548342857143,0
focus_cluster,postopen_30_45m,none,1.25,5,evaluation_2025,-inf,16,15,0.0031543832500577906,-0.01191301631742736,1.2380338861549547,0.5625,1.999947821863922,2.7796433677934393,0.0034269499791321975,0.01,0.01,0.010292351232876713,0.010439045565217391,0
focus_cluster,postopen_30_45m,none,1.25,10,all,-1.0747941005625776,31,29,-0.03347728718224563,-0.03114762833618334,0.49115301774721365,0.4838709677419355,-10.896851566505374,3.0084132216947364,0.0030344462043903494,0.01,0.01,0.010329549424390244,0.010454548342857143,0
focus_cluster,postopen_30_45m,none,1.25,10,development_2024,-inf,16,14,-0.03375556643119082,-0.03114762833618334,0.2581137484507281,0.375,-21.346064954597278,3.3014630647481487,0.0029628876261947176,0.01,0.01,0.010337638868568425,0.010454548342857143,0
focus_cluster,postopen_30_45m,none,1.25,10,evaluation_2025,-inf,15,15,0.0002880008818446633,-0.014062423786975864,1.0183524550492637,0.6,0.24897604745932872,2.6958267224377637,0.003575125433030946,0.01,0.01,0.010279710465753425,0.010439045565217391,0
focus_cluster,postopen_30_45m,none,1.25,15,all,-0.4480705162217719,30,29,-0.015531620374202082,-0.03466333938945165,0.7413870923487474,0.4666666666666667,-5.121238823013825,2.998700088434155,0.0031422672391964264,0.01,0.01,0.010318616687503765,0.010454548342857143,0
focus_cluster,postopen_30_45m,none,1.25,15,development_2024,-inf,15,14,-0.0369838376926207,-0.03466333938945165,0.2032770860190734,0.2,-25.00200596296705,3.301573454430546,0.0029046854075697862,0.01,0.01,0.01034427136150233,0.010454548342857143,0
focus_cluster,postopen_30_45m,none,1.25,15,evaluation_2025,-inf,15,15,0.022276071947764153,-0.006890630363333483,2.7946061144847696,0.7333333333333333,14.759528316939392,2.6958267224377637,0.003575125433030946,0.01,0.01,0.010279710465753425,0.010439045565217391,0
focus_cluster,postopen_30_45m,none,1.25,30,all,-0.6498800560058041,30,29,-0.03324250567416809,-0.05115175541541961,0.6891201298649317,0.43333333333333335,-11.03505787448975,2.998700088434155,0.0031422672391964264,0.01,0.01,0.010318616687503765,0.010454548342857143,0
focus_cluster,postopen_30_45m,none,1.25,30,development_2024,-inf,15,14,-0.04673173671604347,-0.05115175541541961,0.33433083923084883,0.3333333333333333,-31.664083988328393,3.301573454430546,0.0029046854075697862,0.01,0.01,0.01034427136150233,0.010454548342857143,0
focus_cluster,postopen_30_45m,none,1.25,30,evaluation_2025,-inf,15,15,0.014150508898099545,-0.017856815359054923,1.4095588805430666,0.5333333333333333,9.5939682393489,2.6958267224377637,0.003575125433030946,0.01,0.01,0.010279710465753425,0.010439045565217391,0
focus_cluster,postopen_30_45m,poc_migration,0.0,5,all,-inf,9,8,0.010872746240750741,-0.010929195251985657,1.3906551115296617,0.4444444444444444,12.431106084405165,11.963483549594498,0.0009156544454298054,0.01,0.01,0.011092115049504952,0.011750055638350809,0
focus_cluster,postopen_30_45m,poc_migration,0.0,5,development_2024,-inf,4,3,-0.005525425103341197,-0.010929195251985657,0.6723686984039204,0.25,-13.521667282860163,12.257036976605562,0.0008458746069638543,0.01,0.01,0.011276880461735542,0.011703815425709516,0
focus_cluster,postopen_30_45m,poc_migration,0.0,5,evaluation_2025,-inf,5,5,0.016489281634772368,-0.007010802927027271,2.368157576703158,0.6,33.19332477821743,11.728640807985647,0.0009156544454298054,0.01,0.01,0.011092115049504952,0.011750055638350809,0
focus_cluster,postopen_30_45m,poc_migration,0.0,10,all,-inf,9,8,-0.010599210499928624,-0.0214580898040162,0.8213259675071509,0.4444444444444444,-11.124956229887744,11.963483549594498,0.0009156544454298054,0.01,0.01,0.011092115049504952,0.011750055638350809,0
focus_cluster,postopen_30_45m,poc_migration,0.0,10,development_2024,-inf,4,3,-0.02930412565650753,-0.0214580898040162,0.11206643126637271,0.25,-73.87218625394448,12.257036976605562,0.0008458746069638543,0.01,0.01,0.011276880461735542,0.011703815425709516,0
focus_cluster,postopen_30_45m,poc_migration,0.0,10,evaluation_2025,-inf,5,5,0.01926959375327475,-0.01359530220205718,1.8583913540200871,0.6,39.07282778935764,11.728640807985647,0.0009156544454298054,0.01,0.01,0.011092115049504952,0.011750055638350809,0
focus_cluster,postopen_30_45m,poc_migration,0.0,15,all,-inf,9,8,-0.014858009460342214,-0.02675487842455071,0.7679161699055295,0.3333333333333333,-15.84630257622525,11.963483549594498,0.0009156544454298054,0.01,0.01,0.011092115049504952,0.011750055638350809,0
focus_cluster,postopen_30_45m,poc_migration,0.0,15,development_2024,-inf,4,3,-0.0381455596914404,-0.02675487842455071,0.0,0.0,-96.72797272931113,12.257036976605562,0.0008458746069638543,0.01,0.01,0.011276880461735542,0.011703815425709516,0
focus_cluster,postopen_30_45m,poc_migration,0.0,15,evaluation_2025,-inf,5,5,0.024211096040298807,-0.011750055638349743,2.073384608556438,0.6,48.85903354624345,11.728640807985647,0.0009156544454298054,0.01,0.01,0.011092115049504952,0.011750055638350809,0
focus_cluster,postopen_30_45m,poc_migration,0.0,30,all,-inf,9,8,0.01194902541141607,-0.0214580898040162,1.2283939011727394,0.4444444444444444,14.220713095629753,11.963483549594498,0.0009156544454298054,0.01,0.01,0.011092115049504952,0.011750055638350809,0
focus_cluster,postopen_30_45m,poc_migration,0.0,30,development_2024,-inf,4,3,-0.02136254678183247,-0.0214580898040162,0.35882931420030184,0.25,-53.34259452485418,12.257036976605562,0.0008458746069638543,0.01,0.01,0.011276880461735542,0.011703815425709516,0
focus_cluster,postopen_30_45m,poc_migration,0.0,30,evaluation_2025,-inf,5,5,0.03403872607134151,-0.011750055638349965,2.499854189554949,0.6,68.27135919201689,11.728640807985647,0.0009156544454298054,0.01,0.01,0.011092115049504952,0.011750055638350809,0
focus_cluster,postopen_30_45m,poc_migration,0.25,5,all,-inf,9,8,0.009644986686775159,-0.010929195251985657,1.3480278925439733,0.4444444444444444,11.074657734812716,11.675582442215038,0.0009908088038605564,0.01,0.01,0.011009276457883329,0.011750055638350809,0
focus_cluster,postopen_30_45m,poc_migration,0.25,5,development_2024,-inf,4,3,-0.005525425103341197,-0.010929195251985657,0.6723686984039204,0.25,-13.521667282860163,12.257036976605562,0.0008458746069638543,0.01,0.01,0.011276880461735542,0.011703815425709516,0
focus_cluster,postopen_30_45m,poc_migration,0.25,5,evaluation_2025,-inf,5,5,0.015254700495176188,-0.008216841944534092,2.2675197774244706,0.6,30.75171774895102,11.210418814702617,0.0009908088038605564,0.01,0.01,0.011009276457883329,0.011750055638350809,0
focus_cluster,postopen_30_45m,poc_migration,0.25,10,all,-inf,9,8,-0.012749252191453508,-0.0214580898040162,0.7821886223073327,0.4444444444444444,-13.561803074542754,11.675582442215038,0.0009908088038605564,0.01,0.01,0.011009276457883329,0.011750055638350809,0
focus_cluster,postopen_30_45m,poc_migration,0.25,10,development_2024,-inf,4,3,-0.02930412565650753,-0.0214580898040162,0.11206643126637271,0.25,-73.87218625394448,12.257036976605562,0.0008458746069638543,0.01,0.01,0.011276880461735542,0.011703815425709516,0
focus_cluster,postopen_30_45m,poc_migration,0.25,10,evaluation_2025,-inf,5,5,0.017054644922902096,-0.015738833162905697,1.762028150086152,0.6,34.68650346897862,11.210418814702617,0.0009908088038605564,0.01,0.01,0.011009276457883329,0.011750055638350809,0
focus_cluster,postopen_30_45m,poc_migration,0.25,15,all,-inf,9,8,-0.017975394696685187,-0.02675487842455071,0.7157249500972268,0.3333333333333333,-19.409833308064666,11.675582442215038,0.0009908088038605564,0.01,0.01,0.011009276457883329,0.011750055638350809,0
focus_cluster,postopen_30_45m,poc_migration,0.25,15,development_2024,-inf,4,3,-0.0381455596914404,-0.02675487842455071,0.0,0.0,-96.72797272931113,12.257036976605562,0.0008458746069638543,0.01,0.01,0.011276880461735542,0.011703815425709516,0
focus_cluster,postopen_30_45m,poc_migration,0.25,15,evaluation_2025,-inf,5,5,0.020970080450306794,-0.012552692985104974,1.9324675708729722,0.6,42.4446782289325,11.210418814702617,0.0009908088038605564,0.01,0.01,0.011009276457883329,0.011750055638350809,0
focus_cluster,postopen_30_45m,poc_migration,0.25,30,all,-inf,9,8,0.004460513637839725,-0.0214580898040162,1.0938411995293489,0.4444444444444444,5.842926488861498,11.675582442215038,0.0009908088038605564,0.01,0.01,0.011009276457883329,0.011750055638350809,0
focus_cluster,postopen_30_45m,poc_migration,0.25,30,development_2024,-inf,4,3,-0.02136254678183247,-0.0214580898040162,0.35882931420030184,0.25,-53.34259452485418,12.257036976605562,0.0008458746069638543,0.01,0.01,0.011276880461735542,0.011703815425709516,0
focus_cluster,postopen_30_45m,poc_migration,0.25,30,evaluation_2025,-inf,5,5,0.02638674857042833,-0.011750055638349965,2.1685611659191983,0.6,53.19134329983403,11.210418814702617,0.0009908088038605564,0.01,0.01,0.011009276457883329,0.011750055638350809,0
focus_cluster,postopen_30_45m,poc_migration,0.5,5,all,-inf,9,8,0.009835178095810138,-0.010929195251985657,1.4531181083586402,0.4444444444444444,11.179811140597176,7.827479533157499,0.0011618741630279145,0.01,0.01,0.010860678403755824,0.011009223262032145,0
focus_cluster,postopen_30_45m,poc_migration,0.5,5,development_2024,-inf,4,3,-0.003021940910707732,-0.010929195251985657,0.7927455450163262,0.25,-7.25474930725947,8.454629593659808,0.0011190371190797307,0.01,0.01,0.01089493682787128,0.01094673974025974,0
focus_cluster,postopen_30_45m,poc_migration,0.5,5,evaluation_2025,-inf,5,5,0.012896090229169266,-0.006241763972063441,2.5801471839940504,0.6,25.927459498882495,7.325759484755648,0.0013000353096010015,0.01,0.01,0.01076920987654321,0.011009223262032145,0
focus_cluster,postopen_30_45m,poc_migration,0.5,10,all,-inf,9,8,-0.03400059971991842,-0.023309017730353432,0.36971523376815935,0.4444444444444444,-38.02690537210304,7.827479533157499,0.0011618741630279145,0.01,0.01,0.010860678403755824,0.011009223262032145,0
focus_cluster,postopen_30_45m,poc_migration,0.5,10,development_2024,-inf,4,3,-0.0302577094659493,-0.02145808980401631,0.06075379856939686,0.25,-76.36347153418816,8.454629593659808,0.0011190371190797307,0.01,0.01,0.01089493682787128,0.01094673974025974,0
focus_cluster,postopen_30_45m,poc_migration,0.5,10,evaluation_2025,-inf,5,5,-0.003859675184329725,-0.018210882901263603,0.8310793895130545,0.6,-7.357652442434945,7.325759484755648,0.0013000353096010015,0.01,0.01,0.01076920987654321,0.011009223262032145,0
focus_cluster,postopen_30_45m,poc_migration,0.5,15,all,-inf,9,8,-0.0349479644464904,-0.02426686779226328,0.38457299586366495,0.3333333333333333,-39.09146325707726,7.827479533157499,0.0011618741630279145,0.01,0.01,0.010860678403755824,0.011009223262032145,0
focus_cluster,postopen_30_45m,poc_migration,0.5,15,development_2024,-inf,4,3,-0.034945399694533585,-0.02426427465389569,0.0,0.0,-88.47223522745819,8.454629593659808,0.0011190371190797307,0.01,0.01,0.01089493682787128,0.01094673974025974,0
focus_cluster,postopen_30_45m,poc_migration,0.5,15,evaluation_2025,-inf,5,5,-2.6576236786812757e-06,-0.01661623159212733,1.0094854004555462,0.6,0.41315431922747325,7.325759484755648,0.0013000353096010015,0.01,0.01,0.01076920987654321,0.011009223262032145,0
focus_cluster,postopen_30_45m,poc_migration,0.5,30,all,-inf,9,8,-0.03374389092671126,-0.025662785520137565,0.47950456798996227,0.3333333333333333,-37.508088996210404,7.827479533157499,0.0011618741630279145,0.01,0.01,0.010860678403755824,0.011009223262032145,0
focus_cluster,postopen_30_45m,poc_migration,0.5,30,development_2024,-inf,4,3,-0.02604711856595998,-0.02145808980401631,0.1945296520052697,0.25,-65.48710220711264,8.454629593659808,0.0011190371190797307,0.01,0.01,0.01089493682787128,0.01094673974025974,0
focus_cluster,postopen_30_45m,poc_migration,0.5,30,evaluation_2025,-inf,5,5,-0.007902612649411389,-0.016099047383758558,0.7661213225983864,0.4,-15.124878427488603,7.325759484755648,0.0013000353096010015,0.01,0.01,0.01076920987654321,0.011009223262032145,0
focus_cluster,postopen_30_45m,poc_migration,0.75,5,all,-inf,9,8,0.006884801610243407,-0.010645749938830718,1.3880202044722263,0.4444444444444444,7.830875852292475,5.486478982444912,0.001645645074584292,0.01,0.01,0.010607664444444444,0.01067281550802143,0
focus_cluster,postopen_30_45m,poc_migration,0.75,5,development_2024,-inf,4,3,-0.0017129142895991878,-0.010645749938830718,0.8743742376788077,0.25,-3.9867455814106765,6.239778139871346,0.001567126791829521,0.01,0.01,0.010638187857307073,0.010645749938830511,0
focus_cluster,postopen_30_45m,poc_migration,0.75,5,evaluation_2025,-inf,5,5,0.008612468319896482,-0.004161183194690166,2.5801471839940504,0.6,17.284972999255,4.883839656503765,0.0019500529644015023,0.01,0.01,0.01051280658436214,0.01067281550802143,0
focus_cluster,postopen_30_45m,poc_migration,0.75,10,all,-inf,9,8,-0.03517107731474711,-0.028925098662925364,0.27364493738544754,0.4444444444444444,-39.47224339455491,5.486478982444912,0.001645645074584292,0.01,0.01,0.010607664444444444,0.01067281550802143,0
focus_cluster,postopen_30_45m,poc_migration,0.75,10,development_2024,-inf,4,3,-0.02619244789812103,-0.021177639520219227,0.04751254503656465,0.25,-66.01450393572406,6.239778139871346,0.001567126791829521,0.01,0.01,0.010638187857307073,0.010645749938830511,0
focus_cluster,postopen_30_45m,poc_migration,0.75,10,evaluation_2025,-inf,5,5,-0.009220127115718513,-0.01877271614876208,0.5695563037495751,0.6,-18.238434961619568,4.883839656503765,0.0019500529644015023,0.01,0.01,0.01051280658436214,0.01067281550802143,0
focus_cluster,postopen_30_45m,poc_migration,0.75,15,all,-inf,9,8,-0.017396418529778912,-0.02955513518036912,0.612450230918666,0.4444444444444444,-19.11412758338307,5.486478982444912,0.001645645074584292,0.01,0.01,0.010607664444444444,0.01067281550802143,0
focus_cluster,postopen_30_45m,poc_migration,0.75,15,development_2024,-inf,4,3,-0.010808733052702357,-0.02304896558885361,0.5399789831364541,0.25,-26.684415661972793,6.239778139871346,0.001567126791829521,0.01,0.01,0.010638187857307073,0.010645749938830511,0
focus_cluster,postopen_30_45m,poc_migration,0.75,15,evaluation_2025,-inf,5,5,-0.00665966805126228,-0.017708978015762322,0.691821720797937,0.6,-13.057897120511294,4.883839656503765,0.0019500529644015023,0.01,0.01,0.01051280658436214,0.01067281550802143,0
focus_cluster,postopen_30_45m,poc_migration,0.75,30,all,-inf,9,8,-0.013526683249100446,-0.032270481621423985,0.7528724631152536,0.4444444444444444,-14.511206278799854,5.486478982444912,0.001645645074584292,0.01,0.01,0.010607664444444444,0.01067281550802143,0
focus_cluster,postopen_30_45m,poc_migration,0.75,30,development_2024,-inf,4,3,0.001989210677587172,-0.021177639520219116,1.1078123650733704,0.5,5.73857345115654,6.239778139871346,0.001567126791829521,0.01,0.01,0.010638187857307073,0.010645749938830511,0
focus_cluster,postopen_30_45m,poc_migration,0.75,30,evaluation_2025,-inf,5,5,-0.015485090818687763,-0.01736398186451904,0.5133974769452749,0.4,-30.71103006276497,4.883839656503765,0.0019500529644015023,0.01,0.01,0.01051280658436214,0.01067281550802143,0
focus_cluster,postopen_30_45m,poc_migration,1.0,5,all,-inf,9,8,0.0026610636799966336,-0.010484312454122735,1.1727911418580668,0.4444444444444444,3.095379111441923,4.114859236833684,0.0021941934327790557,0.01,0.01,0.010455748333333332,0.010504611631016073,0
focus_cluster,postopen_30_45m,poc_migration,1.0,5,development_2024,-inf,4,3,-0.0037794939104368597,-0.010484312454122735,0.6925240337060233,0.25,-9.24005918605723,4.67983360490351,0.0020895023891060282,0.01,0.01,0.010478640892980303,0.010484312454122884,0
focus_cluster,postopen_30_45m,poc_migration,1.0,5,evaluation_2025,-inf,5,5,0.006464991988284208,-0.0031208887862949064,2.5801471839940504,0.6,12.963729749441248,3.662879742377824,0.002600070619202003,0.01,0.01,0.010384604938271605,0.010504611631016073,0
focus_cluster,postopen_30_45m,poc_migration,1.0,10,all,-inf,9,8,-0.03443719411084678,-0.029756721888404614,0.22380911470250098,0.4444444444444444,-38.67962836210383,4.114859236833684,0.0021941934327790557,0.01,0.01,0.010455748333333332,0.010504611631016073,0
focus_cluster,postopen_30_45m,poc_migration,1.0,10,development_2024,-inf,4,3,-0.024619085668190932,-0.020858307761686734,0.03830191842523074,0.25,-62.0108779517924,4.67983360490351,0.0020895023891060282,0.01,0.01,0.010478640892980303,0.010484312454122884,0
focus_cluster,postopen_30_45m,poc_migration,1.0,10,evaluation_2025,-inf,5,5,-0.010065922244728354,-0.017238036079063823,0.4748778672527489,0.6,-20.014628690352968,3.662879742377824,0.002600070619202003,0.01,0.01,0.010384604938271605,0.010504611631016073,0
focus_cluster,postopen_30_45m,poc_migration,1.0,15,all,-inf,9,8,-0.02292318046649633,-0.03201906499729257,0.47097833864891225,0.4444444444444444,-25.44670679864877,4.114859236833684,0.0021941934327790557,0.01,0.01,0.010455748333333332,0.010504611631016073,0
focus_cluster,postopen_30_45m,poc_migration,1.0,15,development_2024,-inf,4,3,-0.013074693306368346,-0.02226226019030275,0.41945917651989145,0.25,-32.51331174647894,4.67983360490351,0.0020895023891060282,0.01,0.01,0.010478640892980303,0.010484312454122884,0
focus_cluster,postopen_30_45m,poc_migration,1.0,15,evaluation_2025,-inf,5,5,-0.009978958988418274,-0.01825604220294852,0.5262286937681026,0.6,-19.793422840384633,3.662879742377824,0.002600070619202003,0.01,0.01,0.010384604938271605,0.010504611631016073,0
focus_cluster,postopen_30_45m,poc_migration,1.0,30,all,-inf,9,8,-0.03000151223615044,-0.028941551747510563,0.3365837067658926,0.3333333333333333,-33.53809124243665,4.114859236833684,0.0021941934327790557,0.01,0.01,0.010455748333333332,0.010504611631016073,0
focus_cluster,postopen_30_45m,poc_migration,1.0,30,development_2024,-inf,4,3,-0.018833284289958008,-0.020858307761686734,0.1433906793557766,0.25,-47.24152445708702,4.67983360490351,0.0020895023891060282,0.01,0.01,0.010478640892980303,0.010484312454122884,0
focus_cluster,postopen_30_45m,poc_migration,1.0,30,evaluation_2025,-inf,5,5,-0.011382599681961536,-0.017997217567792823,0.5184127136539737,0.4,-22.57534467071636,3.662879742377824,0.002600070619202003,0.01,0.01,0.010384604938271605,0.010504611631016073,0
focus_cluster,postopen_30_45m,poc_migration,1.25,5,all,-inf,9,8,0.0001276130076801607,-0.010387449963298323,1.015349162443928,0.4444444444444444,0.2540810669311143,3.291887389466947,0.00274274179097382,0.01,0.01,0.010364598666666667,0.010403689304812858,0
focus_cluster,postopen_30_45m,poc_migration,1.25,5,development_2024,-inf,4,3,-0.005021102297813829,-0.010387449963298323,0.5732921433810884,0.25,-12.39204734884624,3.743866883922808,0.002611877986382535,0.01,0.01,0.010382912714384244,0.010387449963298307,0
focus_cluster,postopen_30_45m,poc_migration,1.25,5,evaluation_2025,-inf,5,5,0.005174697993479693,-0.002496711359801451,2.580147183994051,0.6,10.370983799552999,2.9303037939022594,0.0032500882740025038,0.01,0.01,0.010307683950617284,0.010403689304812858,0
focus_cluster,postopen_30_45m,poc_migration,1.25,10,all,-inf,9,8,-0.03080911174551504,-0.027054304757816894,0.20514764798209664,0.4444444444444444,-34.570163374968175,3.291887389466947,0.00274274179097382,0.01,0.01,0.010364598666666667,0.010403689304812858,0
focus_cluster,postopen_30_45m,poc_migration,1.25,10,development_2024,-inf,4,3,-0.023675148099172594,-0.0206666837076801,0.03208250828183351,0.25,-59.608702361434474,3.743866883922808,0.002611877986382535,0.01,0.01,0.010382912714384244,0.010387449963298307,0
focus_cluster,postopen_30_45m,poc_migration,1.25,10,evaluation_2025,-inf,5,5,-0.007306956933907038,-0.013067294933496343,0.4989722834093824,0.6,-14.539332185795148,2.9303037939022594,0.0032500882740025038,0.01,0.01,0.010307683950617284,0.010403689304812858,0
focus_cluster,postopen_30_45m,poc_migration,1.25,15,all,-inf,9,8,-0.021963617417699477,-0.029261058105409576,0.4259344502529791,0.4444444444444444,-24.426867039285277,3.291887389466947,0.00274274179097382,0.01,0.01,0.010364598666666667,0.010403689304812858,0
focus_cluster,postopen_30_45m,poc_migration,1.25,15,development_2024,-inf,4,3,-0.014436462272687689,-0.021790065460276287,0.342921354464793,0.25,-36.0106493971837,3.743866883922808,0.002611877986382535,0.01,0.01,0.010382912714384244,0.010387449963298307,0
focus_cluster,postopen_30_45m,poc_migration,1.25,15,evaluation_2025,-inf,5,5,-0.00763741236041382,-0.014283327506525278,0.5370736877490121,0.6,-15.159841152966543,2.9303037939022594,0.0032500882740025038,0.01,0.01,0.010307683950617284,0.010403689304812858,0
focus_cluster,postopen_30_45m,poc_migration,1.25,30,all,-inf,9,8,-0.03188064314829464,-0.031034502408444853,0.27593608441270456,0.3333333333333333,-35.719361882838975,3.291887389466947,0.00274274179097382,0.01,0.01,0.010364598666666667,0.010403689304812858,0
focus_cluster,postopen_30_45m,poc_migration,1.25,30,development_2024,-inf,4,3,-0.019045806858269954,-0.02066668370768021,0.1168955082488483,0.25,-47.793219565670164,3.743866883922808,0.002611877986382535,0.01,0.01,0.010382912714384244,0.010387449963298307,0
focus_cluster,postopen_30_45m,poc_migration,1.25,30,evaluation_2025,-inf,5,5,-0.013084032241014398,-0.018377404968481725,0.42726635564180687,0.4,-26.06027573657401,2.9303037939022594,0.0032500882740025038,0.01,0.01,0.010307683950617284,0.010403689304812858,0
focus_cluster,postopen_30_45m,trend_3d_10d,0.0,5,all,-inf,13,11,-0.03862135141803191,-0.03765105420619952,0.514399808622841,0.3076923076923077,-29.76489142129643,12.858118929228313,0.0007779924121594448,0.01,0.01,0.011285359579824612,0.012020368788196827,0
focus_cluster,postopen_30_45m,trend_3d_10d,0.0,5,development_2024,-inf,9,7,-0.0447774989731633,-0.03765105420619952,0.26828959604863817,0.2222222222222222,-50.446859446155486,12.277244283391127,0.0007779924121594448,0.01,0.01,0.011285359579824612,0.011823225404732275,0
focus_cluster,postopen_30_45m,trend_3d_10d,0.0,5,evaluation_2025,-inf,4,4,0.006444726279493995,-0.01756671847528224,1.380386698410958,0.5,16.769536634636417,14.165086882361983,0.0007435324249056072,0.01,0.01,0.01142108534392788,0.012020368788196827,0
focus_cluster,postopen_30_45m,trend_3d_10d,0.0,10,all,-inf,13,11,-0.06315225681262648,-0.06515375535142476,0.3723047459733106,0.3076923076923077,-49.53464531963178,12.858118929228313,0.0007779924121594448,0.01,0.01,0.011285359579824612,0.012020368788196827,0
focus_cluster,postopen_30_45m,trend_3d_10d,0.0,10,development_2024,-inf,9,7,-0.06717498357606766,-0.06515375535142476,0.12375472139003957,0.2222222222222222,-76.7388641777092,12.277244283391127,0.0007779924121594448,0.01,0.01,0.011285359579824612,0.011823225404732275,0
focus_cluster,postopen_30_45m,trend_3d_10d,0.0,10,evaluation_2025,-inf,4,4,0.004312413038473739,-0.02362918442449058,1.1964600530734264,0.5,11.674847111042396,14.165086882361983,0.0007435324249056072,0.01,0.01,0.01142108534392788,0.012020368788196827,0
focus_cluster,postopen_30_45m,trend_3d_10d,0.0,15,all,-inf,13,11,-0.08316514052580304,-0.08457008441875213,0.2758178435932907,0.15384615384615385,-66.07232916844544,12.858118929228313,0.0007779924121594448,0.01,0.01,0.011285359579824612,0.012020368788196827,0
focus_cluster,postopen_30_45m,trend_3d_10d,0.0,15,development_2024,-inf,9,7,-0.09095155573711755,-0.08007507600529651,0.0,0.0,-105.37543795126062,12.277244283391127,0.0007779924121594448,0.01,0.01,0.011285359579824612,0.011823225404732275,0
focus_cluster,postopen_30_45m,trend_3d_10d,0.0,15,evaluation_2025,-inf,4,4,0.00856545683616261,-0.02362918442449058,1.3762602668199546,0.5,22.359665592888728,14.165086882361983,0.0007435324249056072,0.01,0.01,0.01142108534392788,0.012020368788196827,0
focus_cluster,postopen_30_45m,trend_3d_10d,0.0,30,all,-inf,13,11,-0.062206659255004904,-0.0750684771936081,0.442116998037471,0.23076923076923078,-48.57675202099485,12.858118929228313,0.0007779924121594448,0.01,0.01,0.011285359579824612,0.012020368788196827,0
focus_cluster,postopen_30_45m,trend_3d_10d,0.0,30,development_2024,-inf,9,7,-0.07508993350389415,-0.0750684771936081,0.13353332320082692,0.1111111111111111,-86.09304763816864,12.277244283391127,0.0007779924121594448,0.01,0.01,0.011285359579824612,0.011823225404732275,0
focus_cluster,postopen_30_45m,trend_3d_10d,0.0,30,evaluation_2025,-inf,4,4,0.01392921832681071,-0.02362918442449058,1.603016798936548,0.5,35.83491311764617,14.165086882361983,0.0007435324249056072,0.01,0.01,0.01142108534392788,0.012020368788196827,0
focus_cluster,postopen_30_45m,trend_3d_10d,0.25,5,all,-inf,13,11,-0.039505803971681575,-0.03765105420619952,0.5006472617616863,0.3076923076923077,-30.48037317326587,12.400048713755545,0.0007779924121594448,0.01,0.01,0.011285359579824612,0.011823225404732275,0
focus_cluster,postopen_30_45m,trend_3d_10d,0.25,5,development_2024,-inf,9,7,-0.044816640832677446,-0.03765105420619952,0.267625544069684,0.2222222222222222,-50.49264168003701,12.272245354608227,0.0007779924121594448,0.01,0.01,0.011285359579824612,0.011823225404732275,0
focus_cluster,postopen_30_45m,trend_3d_10d,0.25,5,evaluation_2025,-inf,4,4,0.0055600181996739995,-0.01723670035261793,1.3363071088694207,0.5,14.547230966969185,12.687606271837016,0.0008963601780279387,0.01,0.01,0.011260745796745896,0.011750055638350809,0
focus_cluster,postopen_30_45m,trend_3d_10d,0.25,10,all,-inf,13,11,-0.06491567183829772,-0.06515375535142476,0.3516280670605079,0.3076923076923077,-51.0008228958858,12.400048713755545,0.0007779924121594448,0.01,0.01,0.011285359579824612,0.011823225404732275,0
focus_cluster,postopen_30_45m,trend_3d_10d,0.25,10,development_2024,-inf,9,7,-0.06721647744088544,-0.06515375535142476,0.12318696734371737,0.2222222222222222,-76.78858632938365,12.272245354608227,0.0007779924121594448,0.01,0.01,0.011285359579824612,0.011823225404732275,0
focus_cluster,postopen_30_45m,trend_3d_10d,0.25,10,evaluation_2025,-inf,4,4,0.0024666018930903366,-0.023301202800048326,1.1198307382138293,0.5,7.021644829484407,12.687606271837016,0.0008963601780279387,0.01,0.01,0.011260745796745896,0.011750055638350809,0
focus_cluster,postopen_30_45m,trend_3d_10d,0.25,15,all,-inf,13,11,-0.08575520947230941,-0.08425840990891831,0.24948532533894188,0.15384615384615385,-68.28063484166402,12.400048713755545,0.0007779924121594448,0.01,0.01,0.011285359579824612,0.011823225404732275,0
focus_cluster,postopen_30_45m,trend_3d_10d,0.25,15,development_2024,-inf,9,7,-0.0909474220548313,-0.08007089286479718,0.0,0.0,-105.37043902247727,12.272245354608227,0.0007779924121594448,0.01,0.01,0.011285359579824612,0.011823225404732275,0
focus_cluster,postopen_30_45m,trend_3d_10d,0.25,15,evaluation_2025,-inf,4,4,0.005711674669311773,-0.023301202800048326,1.2589141219113382,0.5,15.171424565165818,12.687606271837016,0.0008963601780279387,0.01,0.01,0.011260745796745896,0.011750055638350809,0
focus_cluster,postopen_30_45m,trend_3d_10d,0.25,30,all,-inf,13,11,-0.06882948666599287,-0.07506427128678761,0.37662564498140294,0.23076923076923078,-54.118004069164165,12.400048713755545,0.0007779924121594448,0.01,0.01,0.011285359579824612,0.011823225404732275,0
focus_cluster,postopen_30_45m,trend_3d_10d,0.25,30,development_2024,-inf,9,7,-0.07508572769464117,-0.07506427128678761,0.13354004169957087,0.1111111111111111,-86.0880487093853,12.272245354608227,0.0007779924121594448,0.01,0.01,0.011285359579824612,0.011823225404732275,0
focus_cluster,postopen_30_45m,trend_3d_10d,0.25,30,evaluation_2025,-inf,4,4,0.006764130704843163,-0.023301202800048326,1.3040222463537843,0.5,17.814596371333387,12.687606271837016,0.0008963601780279387,0.01,0.01,0.011260745796745896,0.011750055638350809,0
focus_cluster,postopen_30_45m,trend_3d_10d,0.5,5,all,-inf,13,11,-0.02481628678344472,-0.028077012530238532,0.5622296239880276,0.3076923076923077,-18.995973212808035,7.7196991821020715,0.0012084359379278598,0.01,0.01,0.010827515939086292,0.011048834808259543,0
focus_cluster,postopen_30_45m,trend_3d_10d,0.5,5,development_2024,-inf,9,7,-0.03085457724020091,-0.028077012530238532,0.30835333265439147,0.2222222222222222,-34.52491907686551,8.010213296945075,0.0012084359379278598,0.01,0.01,0.010827515939086292,0.011048834808259543,0
focus_cluster,postopen_30_45m,trend_3d_10d,0.5,5,evaluation_2025,-inf,4,4,0.006230530852182392,-0.011458324952799526,1.5553023676163547,0.5,15.944154981321272,7.066042423705313,0.0014908027076854736,0.01,0.01,0.010700345840509131,0.011009223262032145,0
focus_cluster,postopen_30_45m,trend_3d_10d,0.5,10,all,-inf,13,11,-0.06894753388158315,-0.06185285463111445,0.15097343377130545,0.3076923076923077,-54.605022681539154,7.7196991821020715,0.0012084359379278598,0.01,0.01,0.010827515939086292,0.011048834808259543,0
focus_cluster,postopen_30_45m,trend_3d_10d,0.5,10,development_2024,-inf,9,7,-0.0626741112135214,-0.056890956411596916,0.0716385076879713,0.2222222222222222,-71.50255136564843,8.010213296945075,0.0012084359379278598,0.01,0.01,0.010827515939086292,0.011048834808259543,0
focus_cluster,postopen_30_45m,trend_3d_10d,0.5,10,evaluation_2025,-inf,4,4,-0.006692893840992253,-0.014255038487984595,0.5357809629291896,0.5,-16.585583142293252,7.066042423705313,0.0014908027076854736,0.01,0.01,0.010700345840509131,0.011009223262032145,0
focus_cluster,postopen_30_45m,trend_3d_10d,0.5,15,all,-inf,13,11,-0.07575114638294533,-0.07353499024257515,0.15773712960405875,0.23076923076923078,-60.19609684175557,7.7196991821020715,0.0012084359379278598,0.01,0.01,0.010827515939086292,0.011048834808259543,0
focus_cluster,postopen_30_45m,trend_3d_10d,0.5,15,development_2024,-inf,9,7,-0.07902461206424005,-0.06873522136232235,0.0,0.0,-91.0012358550575,8.010213296945075,0.0012084359379278598,0.01,0.01,0.010827515939086292,0.011048834808259543,0
focus_cluster,postopen_30_45m,trend_3d_10d,0.5,15,evaluation_2025,-inf,4,4,0.0035543465375680316,-0.011009223262032575,1.3311937898329385,0.75,9.115465938173795,7.066042423705313,0.0014908027076854736,0.01,0.01,0.010700345840509131,0.011009223262032145,0
focus_cluster,postopen_30_45m,trend_3d_10d,0.5,30,all,-inf,13,11,-0.07918385875382405,-0.08233194602474325,0.20348657806974893,0.23076923076923078,-62.98107205096533,7.7196991821020715,0.0012084359379278598,0.01,0.01,0.010827515939086292,0.011048834808259543,0
focus_cluster,postopen_30_45m,trend_3d_10d,0.5,30,development_2024,-inf,9,7,-0.07257842335297338,-0.0681124446305511,0.07788502145481731,0.1111111111111111,-83.22247754791067,8.010213296945075,0.0012084359379278598,0.01,0.01,0.010827515939086292,0.011048834808259543,0
focus_cluster,postopen_30_45m,trend_3d_10d,0.5,30,evaluation_2025,-inf,4,4,-0.007122365456205704,-0.011009223262032575,0.6765617069246023,0.5,-17.4379096828383,7.066042423705313,0.0014908027076854736,0.01,0.01,0.010700345840509131,0.011009223262032145,0
focus_cluster,postopen_30_45m,trend_3d_10d,0.75,5,all,-inf,12,11,-0.00847825621961451,-0.012298091115526821,0.7498365981031955,0.3333333333333333,-6.906910223718315,5.318151210174182,0.0017597746293894542,0.01,0.01,0.010568307391356668,0.010699223205506361,0
focus_cluster,postopen_30_45m,trend_3d_10d,0.75,5,development_2024,-inf,8,7,-0.012611823787460952,-0.012298091115526821,0.5077467909694812,0.25,-15.675083662684566,5.621879340692836,0.0016635979937396099,0.01,0.01,0.010602472714671855,0.010699223205506361,0
focus_cluster,postopen_30_45m,trend_3d_10d,0.75,5,evaluation_2025,-inf,4,4,0.004186365268928238,-0.007644816812923061,1.555302367616355,0.5,10.629436654214187,4.710694949136875,0.0022362040615282104,0.01,0.01,0.010466897227006087,0.01067281550802143,0
focus_cluster,postopen_30_45m,trend_3d_10d,0.75,10,all,-inf,12,11,-0.04502674246625493,-0.04121801078421439,0.15514687832908722,0.3333333333333333,-38.18746800168785,5.318151210174182,0.0017597746293894542,0.01,0.01,0.010568307391356668,0.010699223205506361,0
focus_cluster,postopen_30_45m,trend_3d_10d,0.75,10,development_2024,-inf,8,7,-0.0375272087063242,-0.03461601217422883,0.08000521730016107,0.25,-47.58600762176857,5.621879340692836,0.0016635979937396099,0.01,0.01,0.010602472714671855,0.010699223205506361,0
focus_cluster,postopen_30_45m,trend_3d_10d,0.75,10,evaluation_2025,-inf,4,4,-0.007791943655727107,-0.012837428373581705,0.3969140725101918,0.5,-19.390388761526395,4.710694949136875,0.0022362040615282104,0.01,0.01,0.010466897227006087,0.01067281550802143,0
focus_cluster,postopen_30_45m,trend_3d_10d,0.75,15,all,-inf,12,11,-0.033761754297954916,-0.050822164717921,0.3962333997043329,0.3333333333333333,-28.315727472344292,5.318151210174182,0.0017597746293894542,0.01,0.01,0.010568307391356668,0.010699223205506361,0
focus_cluster,postopen_30_45m,trend_3d_10d,0.75,15,development_2024,-inf,8,7,-0.03281784912154795,-0.04435432883286494,0.2747268689672655,0.125,-41.345413187908925,5.621879340692836,0.0016635979937396099,0.01,0.01,0.010602472714671855,0.010699223205506361,0
focus_cluster,postopen_30_45m,trend_3d_10d,0.75,15,evaluation_2025,-inf,4,4,-0.0009759332050842673,-0.010672815508020794,0.9154353960482364,0.75,-2.2563560412150387,4.710694949136875,0.0022362040615282104,0.01,0.01,0.010466897227006087,0.01067281550802143,0
focus_cluster,postopen_30_45m,trend_3d_10d,0.75,30,all,-inf,12,11,-0.02535652550464018,-0.042866699298555355,0.6244892097881556,0.4166666666666667,-20.90424664397696,5.318151210174182,0.0017597746293894542,0.01,0.01,0.010568307391356668,0.010699223205506361,0
focus_cluster,postopen_30_45m,trend_3d_10d,0.75,30,development_2024,-inf,8,7,-0.014129754493922508,-0.03462145428587016,0.6991110958018877,0.375,-17.210400071687662,5.621879340692836,0.0016635979937396099,0.01,0.01,0.010602472714671855,0.010699223205506361,0
focus_cluster,postopen_30_45m,trend_3d_10d,0.75,30,evaluation_2025,-inf,4,4,-0.011387676077955544,-0.010672815508020794,0.46222705735477015,0.5,-28.291939788555567,4.710694949136875,0.0022362040615282104,0.01,0.01,0.010466897227006087,0.01067281550802143,0
focus_cluster,postopen_30_45m,trend_3d_10d,1.0,5,all,-inf,12,11,-0.008827551562925917,-0.011723770551728463,0.6812923560358914,0.3333333333333333,-7.26351600112181,3.9886134076306363,0.002346366172519272,0.01,0.01,0.0104262305435175,0.01052441740412977,0
focus_cluster,postopen_30_45m,trend_3d_10d,1.0,5,development_2024,-inf,8,7,-0.011941943391537979,-0.011723770551728463,0.4489964544712933,0.25,-14.881312747013036,4.216409505519627,0.0022181306583194797,0.01,0.01,0.01045185453600389,0.01052441740412977,0
focus_cluster,postopen_30_45m,trend_3d_10d,1.0,5,evaluation_2025,-inf,4,4,0.0031520332310250865,-0.005735837676338673,1.5553023676163547,0.5,7.972077490660636,3.5330212118526565,0.0029816054153709473,0.01,0.01,0.010350172920254566,0.010504611631016073,0
focus_cluster,postopen_30_45m,trend_3d_10d,1.0,10,all,-inf,12,11,-0.04120442841116412,-0.03834198405839728,0.1309958024232847,0.3333333333333333,-34.890601001266,3.9886134076306363,0.002346366172519272,0.01,0.01,0.0104262305435175,0.01052441740412977,0
focus_cluster,postopen_30_45m,trend_3d_10d,1.0,10,development_2024,-inf,8,7,-0.03313817608339953,-0.030949809381196958,0.06890402908151395,0.25,-41.9395057163261,4.216409505519627,0.0022181306583194797,0.01,0.01,0.01045185453600389,0.01052441740412977,0
focus_cluster,postopen_30_45m,trend_3d_10d,1.0,10,evaluation_2025,-inf,4,4,-0.008342714675701579,-0.012128347298283937,0.3152148234286062,0.5,-20.792791571145774,3.5330212118526565,0.0029816054153709473,0.01,0.01,0.010350172920254566,0.010504611631016073,0
focus_cluster,postopen_30_45m,trend_3d_10d,1.0,15,all,-inf,12,11,-0.029979306362212133,-0.042868730143103995,0.3565598805799508,0.3333333333333333,-25.15050118801474,3.9886134076306363,0.002346366172519272,0.01,0.01,0.0104262305435175,0.01052441740412977,0
focus_cluster,postopen_30_45m,trend_3d_10d,1.0,15,development_2024,-inf,8,7,-0.026829630785185854,-0.03556261304068531,0.25814952312653006,0.125,-33.75461826656598,4.216409505519627,0.0022181306583194797,0.01,0.01,0.01045185453600389,0.01052441740412977,0
focus_cluster,postopen_30_45m,trend_3d_10d,1.0,15,evaluation_2025,-inf,4,4,-0.0032365099438523837,-0.010504611631015903,0.6975702744702379,0.75,-7.942267030912254,3.5330212118526565,0.0029816054153709473,0.01,0.01,0.010350172920254566,0.010504611631016073,0
focus_cluster,postopen_30_45m,trend_3d_10d,1.0,30,all,-inf,12,11,-0.027588461874264336,-0.031028057947591225,0.37654719531111897,0.3333333333333333,-23.126807607504947,3.9886134076306363,0.002346366172519272,0.01,0.01,0.0104262305435175,0.01052441740412977,0
focus_cluster,postopen_30_45m,trend_3d_10d,1.0,30,development_2024,-inf,8,7,-0.02190142141055018,-0.02746420991474341,0.30089968911823933,0.25,-27.491938913272676,4.216409505519627,0.0022181306583194797,0.01,0.01,0.01045185453600389,0.01052441740412977,0
focus_cluster,postopen_30_45m,trend_3d_10d,1.0,30,evaluation_2025,-inf,4,4,-0.005814383732072992,-0.010504611631015903,0.5588574674558796,0.5,-14.396544995969487,3.5330212118526565,0.0029816054153709473,0.01,0.01,0.010350172920254566,0.010504611631016073,0
focus_cluster,postopen_30_45m,trend_3d_10d,1.25,5,all,-inf,12,11,-0.009047078902934769,-0.011379113504623173,0.6242300863950138,0.3333333333333333,-7.477479467564268,3.1908907261045094,0.0029329577156490903,0.01,0.01,0.010340984434814002,0.010419533923303817,0
focus_cluster,postopen_30_45m,trend_3d_10d,1.25,5,development_2024,-inf,8,7,-0.011545410054604632,-0.011379113504623173,0.4024318886373874,0.25,-14.405050197610658,3.3731276044157017,0.0027726633228993495,0.01,0.01,0.010361483628803113,0.010419533923303817,0
focus_cluster,postopen_30_45m,trend_3d_10d,1.25,5,evaluation_2025,-inf,4,4,0.0025275123177967984,-0.004589738173061186,1.5553023676163549,0.5,6.377661992528509,2.826416969482125,0.0037270067692136842,0.01,0.01,0.010280138336203653,0.010403689304812858,0
focus_cluster,postopen_30_45m,trend_3d_10d,1.25,10,all,-inf,12,11,-0.03625073948466928,-0.03395161835837379,0.12076936301400557,0.3333333333333333,-30.63232631497664,3.1908907261045094,0.0029329577156490903,0.01,0.01,0.010340984434814002,0.010419533923303817,0
focus_cluster,postopen_30_45m,trend_3d_10d,1.25,10,development_2024,-inf,8,7,-0.030499072079031908,-0.02874599513950815,0.06050816941060219,0.25,-38.55160457306116,3.3731276044157017,0.0027726633228993495,0.01,0.01,0.010361483628803113,0.010419533923303817,0
focus_cluster,postopen_30_45m,trend_3d_10d,1.25,10,evaluation_2025,-inf,4,4,-0.005932606395717022,-0.008970216950138443,0.3410554961214129,0.5,-14.793769798807586,2.826416969482125,0.0037270067692136842,0.01,0.01,0.010280138336203653,0.010403689304812858,0
focus_cluster,postopen_30_45m,trend_3d_10d,1.25,15,all,-inf,12,11,-0.02990948487612377,-0.04024300901369793,0.307406386448666,0.3333333333333333,-25.12040095041223,3.1908907261045094,0.0029329577156490903,0.01,0.01,0.010340984434814002,0.010419533923303817,0
focus_cluster,postopen_30_45m,trend_3d_10d,1.25,15,development_2024,-inf,8,7,-0.025434870068672844,-0.03244433719597484,0.22697238684408158,0.125,-32.00369461325306,3.3731276044157017,0.0027726633228993495,0.01,0.01,0.010361483628803113,0.010419533923303817,0
focus_cluster,postopen_30_45m,trend_3d_10d,1.25,15,evaluation_2025,-inf,4,4,-0.004591396377752854,-0.010403689304813057,0.5634697157102548,0.75,-11.353813624730575,2.826416969482125,0.0037270067692136842,0.01,0.01,0.010280138336203653,0.010403689304812858,0
focus_cluster,postopen_30_45m,trend_3d_10d,1.25,30,all,-inf,12,11,-0.02800231006129872,-0.03075702799890956,0.32225177161887325,0.3333333333333333,-23.501446086004396,3.1908907261045094,0.0029329577156490903,0.01,0.01,0.010340984434814002,0.010419533923303817,0
focus_cluster,postopen_30_45m,trend_3d_10d,1.25,30,development_2024,-inf,8,7,-0.021495081745592448,-0.025954638002427366,0.25963509823558806,0.25,-26.993551130618417,3.3731276044157017,0.0027726633228993495,0.01,0.01,0.010361483628803113,0.010419533923303817,0
focus_cluster,postopen_30_45m,trend_3d_10d,1.25,30,evaluation_2025,-inf,4,4,-0.006650174357135219,-0.010403689304813057,0.46903136497530556,0.5,-16.517235996776364,2.826416969482125,0.0037270067692136842,0.01,0.01,0.010280138336203653,0.010403689304812858,0
focus_cluster,postopen_30_45m,trend_3d_10d_plus_migration,0.0,5,all,-inf,7,6,0.013061058856195018,-0.010929195251985657,1.6020875650599624,0.42857142857142855,19.027880755579865,12.212115364843129,0.0009156544454298054,0.01,0.01,0.011092115049504952,0.011750055638350809,0
focus_cluster,postopen_30_45m,trend_3d_10d_plus_migration,0.0,5,development_2024,-inf,4,3,-0.005525425103341197,-0.010929195251985657,0.6723686984039204,0.25,-13.521667282860163,12.257036976605562,0.0008458746069638543,0.01,0.01,0.011276880461735542,0.011703815425709516,0
focus_cluster,postopen_30_45m,trend_3d_10d_plus_migration,0.0,5,evaluation_2025,-inf,3,3,0.01868975278877061,-0.005613829993928121,4.33607955037928,0.6666666666666666,62.42727814016657,12.152219882493219,0.0009156544454298054,0.01,0.01,0.011092115049504952,0.011750055638350809,0
focus_cluster,postopen_30_45m,trend_3d_10d_plus_migration,0.0,10,all,-inf,7,6,-0.013257070196209919,-0.0214580898040162,0.7144336892491527,0.42857142857142855,-18.369381241379184,12.212115364843129,0.0009156544454298054,0.01,0.01,0.011092115049504952,0.011750055638350809,0
focus_cluster,postopen_30_45m,trend_3d_10d_plus_migration,0.0,10,development_2024,-inf,4,3,-0.02930412565650753,-0.0214580898040162,0.11206643126637271,0.25,-73.87218625394448,12.257036976605562,0.0008458746069638543,0.01,0.01,0.011276880461735542,0.011703815425709516,0
focus_cluster,postopen_30_45m,trend_3d_10d_plus_migration,0.0,10,evaluation_2025,-inf,3,3,0.016531496511356547,-0.011750055638349854,2.4204449873529503,0.6666666666666666,55.634358775374544,12.152219882493219,0.0009156544454298054,0.01,0.01,0.011092115049504952,0.011750055638350809,0
focus_cluster,postopen_30_45m,trend_3d_10d_plus_migration,0.0,15,all,-inf,7,6,-0.018104086002432962,-0.02675487842455071,0.6485623191648897,0.2857142857142857,-25.324220094819367,12.212115364843129,0.0009156544454298054,0.01,0.01,0.011092115049504952,0.011750055638350809,0
focus_cluster,postopen_30_45m,trend_3d_10d_plus_migration,0.0,15,development_2024,-inf,4,3,-0.0381455596914404,-0.02675487842455071,0.0,0.0,-96.72797272931113,12.257036976605562,0.0008458746069638543,0.01,0.01,0.011276880461735542,0.011703815425709516,0
focus_cluster,postopen_30_45m,trend_3d_10d_plus_migration,0.0,15,evaluation_2025,-inf,3,3,0.020836285459760573,-0.011750055638349854,2.784181766503959,0.6666666666666666,69.88078341783631,12.152219882493219,0.0009156544454298054,0.01,0.01,0.011092115049504952,0.011750055638350809,0
focus_cluster,postopen_30_45m,trend_3d_10d_plus_migration,0.0,30,all,-inf,7,6,0.004341665171549769,-0.0214580898040162,1.1114253857064427,0.42857142857142855,7.167566036160286,12.212115364843129,0.0009156544454298054,0.01,0.01,0.011092115049504952,0.011750055638350809,0
focus_cluster,postopen_30_45m,trend_3d_10d_plus_migration,0.0,30,development_2024,-inf,4,3,-0.02136254678183247,-0.0214580898040162,0.35882931420030184,0.25,-53.34259452485418,12.257036976605562,0.0008458746069638543,0.01,0.01,0.011276880461735542,0.011703815425709516,0
focus_cluster,postopen_30_45m,trend_3d_10d_plus_migration,0.0,30,evaluation_2025,-inf,3,3,0.02626530577677766,-0.011750055638349854,3.242911424967086,0.6666666666666666,87.84778011751291,12.152219882493219,0.0009156544454298054,0.01,0.01,0.011092115049504952,0.011750055638350809,0
focus_cluster,postopen_30_45m,trend_3d_10d_plus_migration,0.25,5,all,-inf,7,6,0.011830641478343562,-0.010929195251985657,1.546903083405017,0.42857142857142855,17.283875734675284,11.841956798212395,0.0010762000751315468,0.01,0.01,0.010929195251986734,0.011750055638350809,0
focus_cluster,postopen_30_45m,trend_3d_10d_plus_migration,0.25,5,development_2024,-inf,4,3,-0.005525425103341197,-0.010929195251985657,0.6723686984039204,0.25,-13.521667282860163,12.257036976605562,0.0008458746069638543,0.01,0.01,0.011276880461735542,0.011703815425709516,0
focus_cluster,postopen_30_45m,trend_3d_10d_plus_migration,0.25,5,evaluation_2025,-inf,3,3,0.017452499058096427,-0.005613829993928121,4.118615979883987,0.6666666666666666,58.357933091389214,11.288516560354838,0.0012004743513101986,0.01,0.01,0.010833004052863436,0.011750055638350809,0
focus_cluster,postopen_30_45m,trend_3d_10d_plus_migration,0.25,10,all,-inf,7,6,-0.015401336160428047,-0.0214580898040162,0.665727388356846,0.42857142857142855,-21.502470041649914,11.841956798212395,0.0010762000751315468,0.01,0.01,0.010929195251986734,0.011750055638350809,0
focus_cluster,postopen_30_45m,trend_3d_10d_plus_migration,0.25,10,development_2024,-inf,4,3,-0.02930412565650753,-0.0214580898040162,0.11206643126637271,0.25,-73.87218625394448,12.257036976605562,0.0008458746069638543,0.01,0.01,0.011276880461735542,0.011703815425709516,0
focus_cluster,postopen_30_45m,trend_3d_10d_plus_migration,0.25,10,evaluation_2025,-inf,3,3,0.01432249777046013,-0.011750055638349854,2.2337937724402774,0.6666666666666666,48.32381824140951,11.288516560354838,0.0012004743513101986,0.01,0.01,0.010833004052863436,0.011750055638350809,0
focus_cluster,postopen_30_45m,trend_3d_10d_plus_migration,0.25,15,all,-inf,7,6,-0.021211199347834775,-0.02675487842455071,0.5849798743656383,0.2857142857142857,-29.9059024643272,11.841956798212395,0.0010762000751315468,0.01,0.01,0.010929195251986734,0.011750055638350809,0
focus_cluster,postopen_30_45m,trend_3d_10d_plus_migration,0.25,15,development_2024,-inf,4,3,-0.0381455596914404,-0.02675487842455071,0.0,0.0,-96.72797272931113,12.257036976605562,0.0008458746069638543,0.01,0.01,0.011276880461735542,0.011703815425709516,0
focus_cluster,postopen_30_45m,trend_3d_10d_plus_migration,0.25,15,evaluation_2025,-inf,3,3,0.017605949126952236,-0.011750055638349854,2.511231768872639,0.6666666666666666,59.190191222318056,11.288516560354838,0.0012004743513101986,0.01,0.01,0.010833004052863436,0.011750055638350809,0
focus_cluster,postopen_30_45m,trend_3d_10d_plus_migration,0.25,30,all,-inf,7,6,-0.0030905514672998624,-0.0214580898040162,0.9439749789745576,0.42857142857142855,-3.6038738868274667,11.841956798212395,0.0010762000751315468,0.01,0.01,0.010929195251986734,0.011750055638350809,0
focus_cluster,postopen_30_45m,trend_3d_10d_plus_migration,0.25,30,development_2024,-inf,4,3,-0.02136254678183247,-0.0214580898040162,0.35882931420030184,0.25,-53.34259452485418,12.257036976605562,0.0008458746069638543,0.01,0.01,0.011276880461735542,0.011703815425709516,0
focus_cluster,postopen_30_45m,trend_3d_10d_plus_migration,0.25,30,evaluation_2025,-inf,3,3,0.018670852269598415,-0.011750055638349854,2.6012116596074804,0.6666666666666666,62.71442029720816,11.288516560354838,0.0012004743513101986,0.01,0.01,0.010833004052863436,0.011750055638350809,0
focus_cluster,postopen_30_45m,trend_3d_10d_plus_migration,0.5,5,all,-inf,7,6,0.011532516167366724,-0.010929195251985657,1.6800505006438426,0.42857142857142855,16.747715381825163,7.662892909474102,0.0011618741630279145,0.01,0.01,0.010860678403755824,0.011009223262032145,0
focus_cluster,postopen_30_45m,trend_3d_10d_plus_migration,0.5,5,development_2024,-inf,4,3,-0.003021940910707732,-0.010929195251985657,0.7927455450163262,0.25,-7.25474930725947,8.454629593659808,0.0011190371190797307,0.01,0.01,0.01089493682787128,0.01094673974025974,0
focus_cluster,postopen_30_45m,trend_3d_10d_plus_migration,0.5,5,evaluation_2025,-inf,3,3,0.014598573103373313,-0.00323738725490208,5.517624657981911,0.6666666666666666,48.751001633938,6.607243997226493,0.0017971134058795898,0.01,0.01,0.010556447910704085,0.011009223262032145,0
focus_cluster,postopen_30_45m,trend_3d_10d_plus_migration,0.5,10,all,-inf,7,6,-0.03357634052448011,-0.02631264981910142,0.22128724910822833,0.42857142857142855,-48.42524994049936,7.662892909474102,0.0011618741630279145,0.01,0.01,0.010860678403755824,0.011009223262032145,0
focus_cluster,postopen_30_45m,trend_3d_10d_plus_migration,0.5,10,development_2024,-inf,4,3,-0.0302577094659493,-0.02145808980401631,0.06075379856939686,0.25,-76.36347153418816,8.454629593659808,0.0011190371190797307,0.01,0.01,0.01089493682787128,0.01094673974025974,0
focus_cluster,postopen_30_45m,trend_3d_10d_plus_migration,0.5,10,evaluation_2025,-inf,3,3,-0.0034221783363734826,-0.011009223262032575,0.695502010915221,0.6666666666666666,-11.174287815580977,6.607243997226493,0.0017971134058795898,0.01,0.01,0.010556447910704085,0.011009223262032145,0
focus_cluster,postopen_30_45m,trend_3d_10d_plus_migration,0.5,15,all,-inf,7,6,-0.03496981451900327,-0.029293248236165303,0.2387095482184167,0.2857142857142857,-50.460633887846235,7.662892909474102,0.0011618741630279145,0.01,0.01,0.010860678403755824,0.011009223262032145,0
focus_cluster,postopen_30_45m,trend_3d_10d_plus_migration,0.5,15,development_2024,-inf,4,3,-0.034945399694533585,-0.02426427465389569,0.0,0.0,-88.47223522745819,8.454629593659808,0.0011190371190797307,0.01,0.01,0.01089493682787128,0.01094673974025974,0
focus_cluster,postopen_30_45m,trend_3d_10d_plus_migration,0.5,15,evaluation_2025,-inf,3,3,-2.5298904810178158e-05,-0.011009223262032575,1.0060358817247423,0.6666666666666666,0.2215012316363728,6.607243997226493,0.0017971134058795898,0.01,0.01,0.010556447910704085,0.011009223262032145,0
focus_cluster,postopen_30_45m,trend_3d_10d_plus_migration,0.5,30,all,-inf,7,6,-0.041520728497178805,-0.03638948144685328,0.22205531013050483,0.2857142857142857,-60.10939079054235,7.662892909474102,0.0011618741630279145,0.01,0.01,0.010860678403755824,0.011009223262032145,0
focus_cluster,postopen_30_45m,trend_3d_10d_plus_migration,0.5,30,development_2024,-inf,4,3,-0.02604711856595998,-0.02145808980401631,0.1945296520052697,0.25,-65.48710220711264,8.454629593659808,0.0011190371190797307,0.01,0.01,0.01089493682787128,0.01094673974025974,0
focus_cluster,postopen_30_45m,trend_3d_10d_plus_migration,0.5,30,evaluation_2025,-inf,3,3,-0.01588743174971219,-0.011009223262032575,0.2635641829403325,0.3333333333333333,-52.939108901781964,6.607243997226493,0.0017971134058795898,0.01,0.01,0.010556447910704085,0.011009223262032145,0
focus_cluster,postopen_30_45m,trend_3d_10d_plus_migration,0.75,5,all,-inf,7,6,0.008008741227852889,-0.010645749938830718,1.5491071455594425,0.42857142857142855,11.650717277461903,5.453371507705482,0.0015843847429373476,0.01,0.01,0.010631159826839827,0.01067281550802143,0
focus_cluster,postopen_30_45m,trend_3d_10d_plus_migration,0.75,5,development_2024,-inf,4,3,-0.0017129142895991878,-0.010645749938830718,0.8743742376788077,0.25,-3.9867455814106765,6.239778139871346,0.001567126791829521,0.01,0.01,0.010638187857307073,0.010645749938830511,0
focus_cluster,postopen_30_45m,trend_3d_10d_plus_migration,0.75,5,evaluation_2025,-inf,3,3,0.00973833645311939,-0.002158258169934646,5.517624657981911,0.6666666666666666,32.50066775595868,4.404829331484328,0.0026956701088193848,0.01,0.01,0.010370965273802723,0.01067281550802143,0
focus_cluster,postopen_30_45m,trend_3d_10d_plus_migration,0.75,10,all,-inf,7,6,-0.0316616113525352,-0.027678095775095612,0.16725301535903608,0.42857142857142855,-45.677132101054546,5.453371507705482,0.0015843847429373476,0.01,0.01,0.010631159826839827,0.01067281550802143,0
focus_cluster,postopen_30_45m,trend_3d_10d_plus_migration,0.75,10,development_2024,-inf,4,3,-0.02619244789812103,-0.021177639520219227,0.04751254503656465,0.25,-66.01450393572406,6.239778139871346,0.001567126791829521,0.01,0.01,0.010638187857307073,0.010645749938830511,0
focus_cluster,postopen_30_45m,trend_3d_10d_plus_migration,0.75,10,evaluation_2025,-inf,3,3,-0.005616267241519535,-0.010672815508020794,0.4782828493321193,0.6666666666666666,-18.56063632149518,4.404829331484328,0.0026956701088193848,0.01,0.01,0.010370965273802723,0.01067281550802143,0
focus_cluster,postopen_30_45m,trend_3d_10d_plus_migration,0.75,15,all,-inf,7,6,-0.014126894624589714,-0.029660996751606605,0.5878212823112287,0.42857142857142855,-19.94685621684886,5.453371507705482,0.0015843847429373476,0.01,0.01,0.010631159826839827,0.01067281550802143,0
focus_cluster,postopen_30_45m,trend_3d_10d_plus_migration,0.75,15,development_2024,-inf,4,3,-0.010808733052702357,-0.02304896558885361,0.5399789831364541,0.25,-26.684415661972793,6.239778139871346,0.001567126791829521,0.01,0.01,0.010638187857307073,0.010645749938830511,0
focus_cluster,postopen_30_45m,trend_3d_10d_plus_migration,0.75,15,evaluation_2025,-inf,3,3,-0.003354418586940633,-0.010672815508020794,0.6918307934271573,0.6666666666666666,-10.963443623350287,4.404829331484328,0.0026956701088193848,0.01,0.01,0.010370965273802723,0.01067281550802143,0
focus_cluster,postopen_30_45m,trend_3d_10d_plus_migration,0.75,30,all,-inf,7,6,-0.015268172400219715,-0.03762559899785167,0.646648196458535,0.42857142857142855,-21.370084380798748,5.453371507705482,0.0015843847429373476,0.01,0.01,0.010631159826839827,0.01067281550802143,0
focus_cluster,postopen_30_45m,trend_3d_10d_plus_migration,0.75,30,development_2024,-inf,4,3,0.001989210677587172,-0.021177639520219116,1.1078123650733704,0.5,5.73857345115654,6.239778139871346,0.001567126791829521,0.01,0.01,0.010638187857307073,0.010645749938830511,0
focus_cluster,postopen_30_45m,trend_3d_10d_plus_migration,0.75,30,evaluation_2025,-inf,3,3,-0.017223122658313605,-0.010672815508020794,0.18006708842331928,0.3333333333333333,-57.51496149007246,4.404829331484328,0.0026956701088193848,0.01,0.01,0.010370965273802723,0.01067281550802143,0
focus_cluster,postopen_30_45m,trend_3d_10d_plus_migration,1.0,5,all,-inf,7,6,0.0034988742038035703,-0.010484312454122735,1.265163693823923,0.42857142857142855,5.166609386668298,4.090028630779111,0.0021125129905831303,0.01,0.01,0.010473369870129869,0.010504611631016073,0
focus_cluster,postopen_30_45m,trend_3d_10d_plus_migration,1.0,5,development_2024,-inf,4,3,-0.0037794939104368597,-0.010484312454122735,0.6925240337060233,0.25,-9.24005918605723,4.67983360490351,0.0020895023891060282,0.01,0.01,0.010478640892980303,0.010484312454122884,0
focus_cluster,postopen_30_45m,trend_3d_10d_plus_migration,1.0,5,evaluation_2025,-inf,3,3,0.007305981025034214,-0.001618693627450929,5.517624657981911,0.6666666666666666,24.375500816969,3.3036219986132465,0.0035942268117591797,0.01,0.01,0.010278223955352044,0.010504611631016073,0
focus_cluster,postopen_30_45m,trend_3d_10d_plus_migration,1.0,10,all,-inf,7,6,-0.031166580411638334,-0.028183250417366135,0.1326936132419853,0.42857142857142855,-44.972134790076815,4.090028630779111,0.0021125129905831303,0.01,0.01,0.010473369870129869,0.010504611631016073,0
focus_cluster,postopen_30_45m,trend_3d_10d_plus_migration,1.0,10,development_2024,-inf,4,3,-0.024619085668190932,-0.020858307761686734,0.03830191842523074,0.25,-62.0108779517924,4.67983360490351,0.0020895023891060282,0.01,0.01,0.010478640892980303,0.010484312454122884,0
focus_cluster,postopen_30_45m,trend_3d_10d_plus_migration,1.0,10,evaluation_2025,-inf,3,3,-0.006712756675101406,-0.010504611631015903,0.3644559735435812,0.6666666666666666,-22.25381057445602,3.3036219986132465,0.0035942268117591797,0.01,0.01,0.010278223955352044,0.010504611631016073,0
focus_cluster,postopen_30_45m,trend_3d_10d_plus_migration,1.0,15,all,-inf,7,6,-0.018026489840840654,-0.029669134414689435,0.4538467388573597,0.42857142857142855,-25.674427876922547,4.090028630779111,0.0021125129905831303,0.01,0.01,0.010473369870129869,0.010504611631016073,0
focus_cluster,postopen_30_45m,trend_3d_10d_plus_migration,1.0,15,development_2024,-inf,4,3,-0.013074693306368346,-0.02226226019030275,0.41945917651989145,0.25,-32.51331174647894,4.67983360490351,0.0020895023891060282,0.01,0.01,0.010478640892980303,0.010484312454122884,0
focus_cluster,postopen_30_45m,trend_3d_10d_plus_migration,1.0,15,evaluation_2025,-inf,3,3,-0.005017397467556806,-0.010504611631015903,0.5271814904047201,0.6666666666666666,-16.555916050847348,3.3036219986132465,0.0035942268117591797,0.01,0.01,0.010278223955352044,0.010504611631016073,0
focus_cluster,postopen_30_45m,trend_3d_10d_plus_migration,1.0,30,all,-inf,7,6,-0.028862913715583027,-0.0305568366905159,0.17101998564017998,0.2857142857142857,-41.58358882846034,4.090028630779111,0.0021125129905831303,0.01,0.01,0.010473369870129869,0.010504611631016073,0
focus_cluster,postopen_30_45m,trend_3d_10d_plus_migration,1.0,30,development_2024,-inf,4,3,-0.018833284289958008,-0.020858307761686734,0.1433906793557766,0.25,-47.24152445708702,4.67983360490351,0.0020895023891060282,0.01,0.01,0.010478640892980303,0.010484312454122884,0
focus_cluster,postopen_30_45m,trend_3d_10d_plus_migration,1.0,30,evaluation_2025,-inf,3,3,-0.010222146007436539,-0.010504611631015903,0.21771083152142878,0.3333333333333333,-34.0396746569581,3.3036219986132465,0.0035942268117591797,0.01,0.01,0.010278223955352044,0.010504611631016073,0
focus_cluster,postopen_30_45m,trend_3d_10d_plus_migration,1.25,5,all,-inf,7,6,0.0007953985851343326,-0.010387449963298323,1.0691871360764098,0.42857142857142855,1.2761446521915192,3.2720229046232885,0.0026406412382289127,0.01,0.01,0.010378695896103896,0.010403689304812858,0
focus_cluster,postopen_30_45m,trend_3d_10d_plus_migration,1.25,5,development_2024,-inf,4,3,-0.005021102297813829,-0.010387449963298323,0.5732921433810884,0.25,-12.39204734884624,3.743866883922808,0.002611877986382535,0.01,0.01,0.010382912714384244,0.010387449963298307,0
focus_cluster,postopen_30_45m,trend_3d_10d_plus_migration,1.25,5,evaluation_2025,-inf,3,3,0.005845853511446952,-0.0012949549019608542,5.517624657981912,0.6666666666666666,19.500400653575202,2.6428975988905967,0.004492783514698975,0.01,0.01,0.010222579164281634,0.010403689304812858,0
focus_cluster,postopen_30_45m,trend_3d_10d_plus_migration,1.25,10,all,-inf,7,6,-0.028191529636416246,-0.025800338905754172,0.11928587514422812,0.42857142857142855,-40.640300141713745,3.2720229046232885,0.0026406412382289127,0.01,0.01,0.010378695896103896,0.010403689304812858,0
focus_cluster,postopen_30_45m,trend_3d_10d_plus_migration,1.25,10,development_2024,-inf,4,3,-0.023675148099172594,-0.0206666837076801,0.03208250828183351,0.25,-59.608702361434474,3.743866883922808,0.002611877986382535,0.01,0.01,0.010382912714384244,0.010387449963298307,0
focus_cluster,postopen_30_45m,trend_3d_10d_plus_migration,1.25,10,evaluation_2025,-inf,3,3,-0.004625900414652606,-0.007667503921569119,0.39944873824290417,0.6666666666666666,-15.34909718208611,2.6428975988905967,0.004492783514698975,0.01,0.01,0.010222579164281634,0.010403689304812858,0
focus_cluster,postopen_30_45m,trend_3d_10d_plus_migration,1.25,15,all,-inf,7,6,-0.02036430999068306,-0.02967461261511728,0.36960697538686055,0.42857142857142855,-29.110970872967364,3.2720229046232885,0.0026406412382289127,0.01,0.01,0.010378695896103896,0.010403689304812858,0
focus_cluster,postopen_30_45m,trend_3d_10d_plus_migration,1.25,15,development_2024,-inf,4,3,-0.014436462272687689,-0.021790065460276287,0.342921354464793,0.25,-36.0106493971837,3.743866883922808,0.002611877986382535,0.01,0.01,0.010382912714384244,0.010387449963298307,0
focus_cluster,postopen_30_45m,trend_3d_10d_plus_migration,1.25,15,evaluation_2025,-inf,3,3,-0.006014678395737771,-0.010403689304813057,0.42583638580592914,0.6666666666666666,-19.91139950734558,2.6428975988905967,0.004492783514698975,0.01,0.01,0.010222579164281634,0.010403689304812858,0
focus_cluster,postopen_30_45m,trend_3d_10d_plus_migration,1.25,30,all,-inf,7,6,-0.029028532947670826,-0.03038439364140555,0.14092047617933723,0.2857142857142857,-41.83829963419759,3.2720229046232885,0.0026406412382289127,0.01,0.01,0.010378695896103896,0.010403689304812858,0
focus_cluster,postopen_30_45m,trend_3d_10d_plus_migration,1.25,30,development_2024,-inf,4,3,-0.019045806858269954,-0.02066668370768021,0.1168955082488483,0.25,-47.793219565670164,3.743866883922808,0.002611877986382535,0.01,0.01,0.010382912714384244,0.010387449963298307,0
focus_cluster,postopen_30_45m,trend_3d_10d_plus_migration,1.25,30,evaluation_2025,-inf,3,3,-0.010176546631019301,-0.010403689304813057,0.18271780270425766,0.3333333333333333,-33.89840639223418,2.6428975988905967,0.004492783514698975,0.01,0.01,0.010222579164281634,0.010403689304812858,0
focus_cluster,postopen_30_45m,trend_10d_30d,0.0,5,all,-inf,11,10,-0.05513735806574949,-0.055716978206121426,0.18084290232536862,0.2727272727272727,-51.20709992144627,14.611973651622849,0.0007184286233965371,0.01,0.01,0.011391926723732512,0.012020368788196827,0
focus_cluster,postopen_30_45m,trend_10d_30d,0.0,5,development_2024,-inf,6,5,-0.05010250926533599,-0.04580051052052159,0.0,0.0,-85.21489333019385,14.796862387764643,0.0006669888810963495,0.01,0.01,0.011508246197608431,0.011831981305841925,0
focus_cluster,postopen_30_45m,trend_10d_30d,0.0,5,evaluation_2025,-inf,5,5,-0.00530041278087745,-0.01756671847528246,0.7051823006132357,0.6,-10.397747830949168,14.390107168252694,0.0008268713466026482,0.01,0.01,0.01120937798136153,0.012020368788196827,0
focus_cluster,postopen_30_45m,trend_10d_30d,0.0,10,all,-inf,11,10,-0.04489563215681369,-0.04477774471017626,0.4411816251221339,0.36363636363636365,-41.16153336305866,14.611973651622849,0.0007184286233965371,0.01,0.01,0.011391926723732512,0.012020368788196827,0
focus_cluster,postopen_30_45m,trend_10d_30d,0.0,10,development_2024,-inf,6,5,-0.052436801500702956,-0.04477774471017626,0.06513787359662104,0.16666666666666666,-89.20696190599591,14.796862387764643,0.0006669888810963495,0.01,0.01,0.011508246197608431,0.011831981305841925,0
focus_cluster,postopen_30_45m,trend_10d_30d,0.0,10,evaluation_2025,-inf,5,5,0.007958486944018572,-0.023629184424490468,1.3469223054773845,0.6,16.492980888466047,14.390107168252694,0.0008268713466026482,0.01,0.01,0.01120937798136153,0.012020368788196827,0
focus_cluster,postopen_30_45m,trend_10d_30d,0.0,15,all,-inf,11,10,-0.060539971786555125,-0.062092921601595075,0.3118754268669858,0.18181818181818182,-56.14776754159352,14.611973651622849,0.0007184286233965371,0.01,0.01,0.011391926723732512,0.012020368788196827,0
focus_cluster,postopen_30_45m,trend_10d_30d,0.0,15,development_2024,-inf,6,5,-0.061067535116551164,-0.04994830543852269,0.0,0.0,-104.44415288957369,14.796862387764643,0.0006669888810963495,0.01,0.01,0.011508246197608431,0.011831981305841925,0
focus_cluster,postopen_30_45m,trend_10d_30d,0.0,15,evaluation_2025,-inf,5,5,0.0005618756936491831,-0.023629184424490468,1.0333702820335553,0.4,1.8078948759826867,14.390107168252694,0.0008268713466026482,0.01,0.01,0.01120937798136153,0.012020368788196827,0
focus_cluster,postopen_30_45m,trend_10d_30d,0.0,30,all,-inf,11,10,-0.013486152177670907,-0.04477774471017626,0.845633420814773,0.36363636363636365,-11.370358214621465,14.611973651622849,0.0007184286233965371,0.01,0.01,0.011391926723732512,0.012020368788196827,0
focus_cluster,postopen_30_45m,trend_10d_30d,0.0,30,development_2024,-inf,6,5,-0.044684478575965136,-0.04477774471017626,0.2085671708023331,0.16666666666666666,-75.52056741993572,14.796862387764643,0.0006669888810963495,0.01,0.01,0.011508246197608431,0.011831981305841925,0
focus_cluster,postopen_30_45m,trend_10d_30d,0.0,30,evaluation_2025,-inf,5,5,0.0326576148912443,-0.023629184424490468,2.3800740713423423,0.6,65.60989283175564,14.390107168252694,0.0008268713466026482,0.01,0.01,0.01120937798136153,0.012020368788196827,0
focus_cluster,postopen_30_45m,trend_10d_30d,0.25,5,all,-inf,11,10,-0.04668099823916272,-0.04610725161240703,0.18365523793231447,0.2727272727272727,-43.179978204160385,13.256739784426532,0.0007779924121594448,0.01,0.01,0.011285359579824612,0.011750055638350809,0
focus_cluster,postopen_30_45m,trend_10d_30d,0.25,5,development_2024,-inf,6,5,-0.040251851197147026,-0.03590523972405579,0.0,0.0,-68.13567274582769,13.638039813351483,0.000748210517777991,0.01,0.01,0.011338643151778561,0.011703815425709516,0
focus_cluster,postopen_30_45m,trend_10d_30d,0.25,5,evaluation_2025,-inf,5,5,-0.006698785561644494,-0.01723670035261804,0.6175903971323651,0.6,-13.233144754159602,12.79917974971659,0.0008268713466026482,0.01,0.01,0.01120937798136153,0.011750055638350809,0
focus_cluster,postopen_30_45m,trend_10d_30d,0.25,10,all,-inf,11,10,-0.036301861567297755,-0.033340244554635245,0.47102350587390157,0.45454545454545453,-33.11398317763816,13.256739784426532,0.0007779924121594448,0.01,0.01,0.011285359579824612,0.011750055638350809,0
focus_cluster,postopen_30_45m,trend_10d_30d,0.25,10,development_2024,-inf,6,5,-0.04060666015575043,-0.033340244554635245,0.09322614473060133,0.3333333333333333,-68.64515425695163,13.638039813351483,0.000748210517777991,0.01,0.01,0.011338643151778561,0.011703815425709516,0
focus_cluster,postopen_30_45m,trend_10d_30d,0.25,10,evaluation_2025,-inf,5,5,0.004487000701038468,-0.023301202800048326,1.2031572961855233,0.6,9.52342211753801,12.79917974971659,0.0008268713466026482,0.01,0.01,0.01120937798136153,0.011750055638350809,0
focus_cluster,postopen_30_45m,trend_10d_30d,0.25,15,all,-inf,11,10,-0.04441485229957043,-0.049968485584090616,0.4176802783133891,0.2727272727272727,-40.75548566343141,13.256739784426532,0.0007779924121594448,0.01,0.01,0.011285359579824612,0.011750055638350809,0
focus_cluster,postopen_30_45m,trend_10d_30d,0.25,15,development_2024,-inf,6,5,-0.042821557813461086,-0.03857271578475985,0.1449954934813025,0.16666666666666666,-72.4395591708778,13.638039813351483,0.000748210517777991,0.01,0.01,0.011338643151778561,0.011703815425709516,0
focus_cluster,postopen_30_45m,trend_10d_30d,0.25,15,evaluation_2025,-inf,5,5,-0.0016645741440539652,-0.02330120280004855,0.9477181705045534,0.4,-2.7345974544957277,12.79917974971659,0.0008268713466026482,0.01,0.01,0.01120937798136153,0.011750055638350809,0
focus_cluster,postopen_30_45m,trend_10d_30d,0.25,30,all,-inf,11,10,0.010172539521438706,-0.033340244554635357,1.1624197766284787,0.45454545454545453,10.167494795542057,13.256739784426532,0.0007779924121594448,0.01,0.01,0.011285359579824612,0.011750055638350809,0
focus_cluster,postopen_30_45m,trend_10d_30d,0.25,30,development_2024,-inf,6,5,-0.015009676514854076,-0.033340244554635357,0.6781915120771107,0.3333333333333333,-24.361744845521663,13.638039813351483,0.000748210517777991,0.01,0.01,0.011338643151778561,0.011703815425709516,0
focus_cluster,postopen_30_45m,trend_10d_30d,0.25,30,evaluation_2025,-inf,5,5,0.02556595271635942,-0.023301202800048437,2.1008060947042706,0.6,51.60258236481853,12.79917974971659,0.0008268713466026482,0.01,0.01,0.01120937798136153,0.011750055638350809,0
focus_cluster,postopen_30_45m,trend_10d_30d,0.5,5,all,-inf,11,10,-0.03436083504135923,-0.03383162138569473,0.15652374779932213,0.2727272727272727,-31.624385631568845,7.722229641215017,0.0012084359379278598,0.01,0.01,0.010827515939086292,0.011009223262032145,0
focus_cluster,postopen_30_45m,trend_10d_30d,0.5,5,development_2024,-inf,6,5,-0.02944565368506158,-0.027008132655200745,0.0,0.0,-49.5953060346918,8.089424248441214,0.0012099666838310955,0.01,0.01,0.010826470359787049,0.01094673974025974,0
focus_cluster,postopen_30_45m,trend_10d_30d,0.5,5,evaluation_2025,-inf,5,5,-0.005064303070672738,-0.011458324952799415,0.5620697173629059,0.6,-10.059281147821292,7.281596112543579,0.0011844920094913574,0.01,0.01,0.010844243770314177,0.011009223262032145,0
focus_cluster,postopen_30_45m,trend_10d_30d,0.5,10,all,-inf,11,10,-0.030974977873010068,-0.025542730945609993,0.3891935861792644,0.45454545454545453,-28.311458291551077,7.722229641215017,0.0012084359379278598,0.01,0.01,0.010827515939086292,0.011009223262032145,0
focus_cluster,postopen_30_45m,trend_10d_30d,0.5,10,development_2024,-inf,6,5,-0.03406173143037794,-0.025542730945609993,0.06072609297474467,0.3333333333333333,-57.4442328422171,8.089424248441214,0.0012099666838310955,0.01,0.01,0.010826470359787049,0.01094673974025974,0
focus_cluster,postopen_30_45m,trend_10d_30d,0.5,10,evaluation_2025,-inf,5,5,0.003195601269570636,-0.014255038487984484,1.2325866632396019,0.6,6.647871169248156,7.281596112543579,0.0011844920094913574,0.01,0.01,0.010844243770314177,0.011009223262032145,0
focus_cluster,postopen_30_45m,trend_10d_30d,0.5,15,all,-inf,11,10,-0.02795173947423024,-0.02929896007975763,0.4543866854624105,0.36363636363636365,-25.466955431484244,7.722229641215017,0.0012084359379278598,0.01,0.01,0.010827515939086292,0.011009223262032145,0
focus_cluster,postopen_30_45m,trend_10d_30d,0.5,15,development_2024,-inf,6,5,-0.03486504088942188,-0.027766085126469497,0.09455231608039646,0.16666666666666666,-58.819739180139585,8.089424248441214,0.0012099666838310955,0.01,0.01,0.010826470359787049,0.01094673974025974,0
focus_cluster,postopen_30_45m,trend_10d_30d,0.5,15,evaluation_2025,-inf,5,5,0.007163041137337567,-0.011009223262032575,1.588556046770541,0.6,14.556385066902157,7.281596112543579,0.0011844920094913574,0.01,0.01,0.010844243770314177,0.011009223262032145,0
focus_cluster,postopen_30_45m,trend_10d_30d,0.5,30,all,-inf,11,10,0.00852813236958605,-0.027115910574707858,1.1843251117777327,0.5454545454545454,8.263111157639651,7.722229641215017,0.0012084359379278598,0.01,0.01,0.010827515939086292,0.011009223262032145,0
focus_cluster,postopen_30_45m,trend_10d_30d,0.5,30,development_2024,-inf,6,5,-0.021317062100822404,-0.027115910574707858,0.44452881422555995,0.3333333333333333,-35.46005943086292,8.089424248441214,0.0012099666838310955,0.01,0.01,0.010826470359787049,0.01094673974025974,0
focus_cluster,postopen_30_45m,trend_10d_30d,0.5,30,evaluation_2025,-inf,5,5,0.030495263904849024,-0.011009223262032575,3.7581834984346685,0.8,60.730915863842725,7.281596112543579,0.0011844920094913574,0.01,0.01,0.010844243770314177,0.011009223262032145,0
focus_cluster,postopen_30_45m,trend_10d_30d,0.75,5,all,-inf,10,10,-0.015285860400199525,-0.014927224254935312,0.2189027871715945,0.3,-15.356233196550424,5.11300053363898,0.001794695960564413,0.01,0.01,0.010557253236466824,0.01067281550802143,0
focus_cluster,postopen_30_45m,trend_10d_30d,0.75,5,development_2024,-inf,5,5,-0.011957635419810098,-0.01030472468972976,0.0,0.0,-24.006278961219987,5.371603658915572,0.0018126539068917898,0.01,0.01,0.010551677292724196,0.010631159826839827,0
focus_cluster,postopen_30_45m,trend_10d_30d,0.75,5,evaluation_2025,-inf,5,5,-0.0033685043270422765,-0.007644816812923172,0.5620697173629059,0.6,-6.706187431880861,4.854397408362386,0.0017767380142370362,0.01,0.01,0.010562829180209453,0.01067281550802143,0
focus_cluster,postopen_30_45m,trend_10d_30d,0.75,10,all,-inf,10,10,-0.01345518723323047,-0.012837428373581705,0.49655822204332745,0.5,-13.41234842683375,5.11300053363898,0.001794695960564413,0.01,0.01,0.010557253236466824,0.01067281550802143,0
focus_cluster,postopen_30_45m,trend_10d_30d,0.75,10,development_2024,-inf,5,5,-0.012263742108287956,-0.0073443364056605676,0.10780119949897825,0.4,-24.58994429983489,5.371603658915572,0.0018126539068917898,0.01,0.01,0.010551677292724196,0.010631159826839827,0
focus_cluster,postopen_30_45m,trend_10d_30d,0.75,10,evaluation_2025,-inf,5,5,-0.0012062381181445758,-0.012837428373581705,0.9131175351089077,0.6,-2.234752553832614,4.854397408362386,0.0017767380142370362,0.01,0.01,0.010562829180209453,0.01067281550802143,0
focus_cluster,postopen_30_45m,trend_10d_30d,0.75,15,all,-inf,10,10,0.0011753062017310079,-0.01935532772958548,1.052850561998002,0.5,1.4096582665184094,5.11300053363898,0.001794695960564413,0.01,0.01,0.010557253236466824,0.01067281550802143,0
focus_cluster,postopen_30_45m,trend_10d_30d,0.75,15,development_2024,-inf,5,5,-0.00025131930190669394,-0.015042156585139854,0.9927700421946352,0.4,-0.21827351156656014,5.371603658915572,0.0018126539068917898,0.01,0.01,0.010551677292724196,0.010631159826839827,0
focus_cluster,postopen_30_45m,trend_10d_30d,0.75,15,evaluation_2025,-inf,5,5,0.001426984132293807,-0.010672815508020794,1.1311855556019454,0.6,3.0375900446033803,4.854397408362386,0.0017767380142370362,0.01,0.01,0.010562829180209453,0.01067281550802143,0
focus_cluster,postopen_30_45m,trend_10d_30d,0.75,30,all,-inf,10,10,0.03364925083662351,-0.013734682929659736,2.3725755400223494,0.7,33.547726350292685,5.11300053363898,0.001794695960564413,0.01,0.01,0.010557253236466824,0.01067281550802143,0
focus_cluster,postopen_30_45m,trend_10d_30d,0.75,30,development_2024,-inf,5,5,0.01681041109194714,-0.013734682929659736,2.231154694728331,0.6,33.90261990246525,5.371603658915572,0.0018126539068917898,0.01,0.01,0.010551677292724196,0.010631159826839827,0
focus_cluster,postopen_30_45m,trend_10d_30d,0.75,30,evaluation_2025,-inf,5,5,0.01656045174300802,-0.010672815508020794,2.5550176414637407,0.8,33.192832798120115,4.854397408362386,0.0017767380142370362,0.01,0.01,0.010562829180209453,0.01067281550802143,0
focus_cluster,postopen_30_45m,trend_10d_30d,1.0,5,all,-inf,10,10,-0.011477586610925461,-0.011207999035414695,0.2189027871715945,0.3,-11.517174897412819,3.8347504002292347,0.0023929279474192173,0.01,0.01,0.010417939927350118,0.010504611631016073,0
focus_cluster,postopen_30_45m,trend_10d_30d,1.0,5,development_2024,-inf,5,5,-0.008976749176532572,-0.007733845870202427,0.0,0.0,-18.00470922091499,4.028702744186679,0.0024168718758557197,0.01,0.01,0.010413757969543146,0.010473369870129869,0
focus_cluster,postopen_30_45m,trend_10d_30d,1.0,5,evaluation_2025,-inf,5,5,-0.0025234901727231307,-0.005735837676338673,0.5620697173629059,0.6,-5.029640573910646,3.6407980562717897,0.002368984018982715,0.01,0.01,0.01042212188515709,0.010504611631016073,0
focus_cluster,postopen_30_45m,trend_10d_30d,1.0,10,all,-inf,10,10,-0.012578247566155554,-0.012128347298284048,0.4413384130804853,0.5,-12.559261320125703,3.8347504002292347,0.0023929279474192173,0.01,0.01,0.010417939927350118,0.010504611631016073,0
focus_cluster,postopen_30_45m,trend_10d_30d,1.0,10,development_2024,-inf,5,5,-0.009203668752304495,-0.00550903375882672,0.10780119949897825,0.4,-18.442458224876162,4.028702744186679,0.0024168718758557197,0.01,0.01,0.010413757969543146,0.010473369870129869,0
focus_cluster,postopen_30_45m,trend_10d_30d,1.0,10,evaluation_2025,-inf,5,5,-0.0034059258269572013,-0.012128347298283937,0.7251649728078808,0.6,-6.676064415375242,3.6407980562717897,0.002368984018982715,0.01,0.01,0.01042212188515709,0.010504611631016073,0
focus_cluster,postopen_30_45m,trend_10d_30d,1.0,15,all,-inf,10,10,0.0012243619970926378,-0.014230647137119967,1.0690730265530426,0.5,1.3607969993807283,3.8347504002292347,0.0023929279474192173,0.01,0.01,0.010417939927350118,0.010504611631016073,0
focus_cluster,postopen_30_45m,trend_10d_30d,1.0,15,development_2024,-inf,5,5,0.002663590216196665,-0.008497524198225026,1.3195327139767767,0.4,5.443401465309698,4.028702744186679,0.0024168718758557197,0.01,0.01,0.010413757969543146,0.010473369870129869,0
focus_cluster,postopen_30_45m,trend_10d_30d,1.0,15,evaluation_2025,-inf,5,5,-0.0014354048886864312,-0.010504611631015903,0.8783070266935663,0.6,-2.7218074665482415,3.6407980562717897,0.002368984018982715,0.01,0.01,0.01042212188515709,0.010504611631016073,0
focus_cluster,postopen_30_45m,trend_10d_30d,1.0,30,all,-inf,10,10,0.01161895210651731,-0.010504611631015903,1.6776593202789907,0.6,11.699973350628294,3.8347504002292347,0.0023929279474192173,0.01,0.01,0.010417939927350118,0.010504611631016073,0
focus_cluster,postopen_30_45m,trend_10d_30d,1.0,30,development_2024,-inf,5,5,0.001726070412235492,-0.005661253202946526,1.2592440125154871,0.4,3.505322102667284,4.028702744186679,0.0024168718758557197,0.01,0.01,0.010413757969543146,0.010473369870129869,0
focus_cluster,postopen_30_45m,trend_10d_30d,1.0,30,evaluation_2025,-inf,5,5,0.009875835307161962,-0.010504611631015903,1.946947174127236,0.8,19.894624598589303,3.6407980562717897,0.002368984018982715,0.01,0.01,0.01042212188515709,0.010504611631016073,0
focus_cluster,postopen_30_45m,trend_10d_30d,1.25,5,all,-inf,10,10,-0.009188402047595634,-0.00897243925636293,0.2189027871715945,0.3,-9.213739917930253,3.0678003201833874,0.0029911599342740216,0.01,0.01,0.010334351941880095,0.010403689304812858,0
focus_cluster,postopen_30_45m,trend_10d_30d,1.25,5,development_2024,-inf,5,5,-0.0071854926003678266,-0.006189622531531991,0.0,0.0,-14.403767376731992,3.2229621953493437,0.0030210898448196494,0.01,0.01,0.010331006375634518,0.010378695896103896,0
focus_cluster,postopen_30_45m,trend_10d_30d,1.25,5,evaluation_2025,-inf,5,5,-0.002017405499516567,-0.004589738173060964,0.5620697173629059,0.6,-4.023712459128515,2.9126384450174316,0.002961230023728394,0.01,0.01,0.010337697508125672,0.010403689304812858,0
focus_cluster,postopen_30_45m,trend_10d_30d,1.25,10,all,-inf,10,10,-0.009324666745055943,-0.008970216950138332,0.4601751232020974,0.5,-9.311223672856949,3.0678003201833874,0.0029911599342740216,0.01,0.01,0.010334351941880095,0.010403689304812858,0
focus_cluster,postopen_30_45m,trend_10d_30d,1.25,10,development_2024,-inf,5,5,-0.007365747170779757,-0.004407602105260255,0.10780119949897829,0.4,-14.75396657990093,3.2229621953493437,0.0030210898448196494,0.01,0.01,0.010331006375634518,0.010378695896103896,0
focus_cluster,postopen_30_45m,trend_10d_30d,1.25,10,evaluation_2025,-inf,5,5,-0.00197345554890227,-0.008970216950138332,0.7846125283092187,0.6,-3.8684807658129667,2.9126384450174316,0.002961230023728394,0.01,0.01,0.010337697508125672,0.010403689304812858,0
focus_cluster,postopen_30_45m,trend_10d_30d,1.25,15,all,-inf,10,10,-0.0010176152922148907,-0.013381031879534877,0.948686502991035,0.5,-0.9113624004957257,3.0678003201833874,0.0029911599342740216,0.01,0.01,0.010334351941880095,0.010403689304812858,0
focus_cluster,postopen_30_45m,trend_10d_30d,1.25,15,development_2024,-inf,5,5,0.0021401614189531237,-0.0068012541155382245,1.3195327139767772,0.4,4.354721172247763,3.2229621953493437,0.0030210898448196494,0.01,0.01,0.010331006375634518,0.010378695896103896,0
focus_cluster,postopen_30_45m,trend_10d_30d,1.25,15,evaluation_2025,-inf,5,5,-0.0031510329919290925,-0.010403689304813057,0.7178339739456214,0.6,-6.177445973239215,2.9126384450174316,0.002961230023728394,0.01,0.01,0.010337697508125672,0.010403689304812858,0
focus_cluster,postopen_30_45m,trend_10d_30d,1.25,30,all,-inf,10,10,0.007272591316873411,-0.010403689304813057,1.4654614800182972,0.6,7.359978680502322,3.0678003201833874,0.0029911599342740216,0.01,0.01,0.010334351941880095,0.010403689304812858,0
focus_cluster,postopen_30_45m,trend_10d_30d,1.25,30,development_2024,-inf,5,5,0.0013851112320473202,-0.004530259642477219,1.2592440125154871,0.4,2.8042576821338243,3.2229621953493437,0.0030210898448196494,0.01,0.01,0.010331006375634518,0.010378695896103896,0
focus_cluster,postopen_30_45m,trend_10d_30d,1.25,30,evaluation_2025,-inf,5,5,0.005879336549734049,-0.010403689304813168,1.5726670284818218,0.8,11.915699678870823,2.9126384450174316,0.002961230023728394,0.01,0.01,0.010337697508125672,0.010403689304812858,0
focus_cluster,rth_15_330m,none,0.0,5,all,-1.0132982415581717,272,96,-0.4679341901508304,-0.46179315324901515,0.6434961607446102,0.3713235294117647,-22.541802816062116,15.21042375801268,0.0007220813258940659,0.01,0.010000000000000002,0.011384885851845867,0.01391272351885077,0
focus_cluster,rth_15_330m,none,0.0,5,development_2024,-0.9669457812211949,144,49,-0.1819983582426299,-0.18821981726087766,0.7717532351752591,0.4097222222222222,-13.291212408489987,16.93670256224833,0.0006044440180239467,0.01,0.010000000000000002,0.011654413472732293,0.01391272351885077,0
focus_cluster,rth_15_330m,none,0.0,5,evaluation_2025,-1.007106667009959,128,47,-0.3495541051652471,-0.34708747009197427,0.5214656499937582,0.328125,-32.94871702458076,13.26836010324757,0.0008232661577977571,0.01,0.010000000000000002,0.011214697297669397,0.013136214736433293,0
focus_cluster,rth_15_330m,none,0.0,10,all,-1.0171787243781205,268,96,-0.40596841606231016,-0.39911217796116394,0.735931101047702,0.35447761194029853,-18.596312152623074,15.486013566533265,0.0007138601755192083,0.01,0.010000000000000002,0.0114008536182993,0.01391272351885077,0
focus_cluster,rth_15_330m,none,0.0,10,development_2024,-0.7739674819529405,141,49,-0.17488204711443744,-0.22595529036072703,0.8050597721871878,0.3829787234042553,-12.818719130152976,17.451412192489354,0.0005919527535144897,0.01,0.010000000000000002,0.011689324011186514,0.01391272351885077,0
focus_cluster,rth_15_330m,none,0.0,10,evaluation_2025,-0.9687794327888326,127,47,-0.28006464789637464,-0.289090208170657,0.6691756841847833,0.3228346456692913,-25.010805193318223,13.303956824330049,0.0008089835401349657,0.01,0.010000000000000002,0.011236119093143931,0.013136214736433293,0
focus_cluster,rth_15_330m,none,0.0,15,all,-1.0270557481810847,266,96,-0.30465639023767366,-0.29663082143030695,0.8238946612895535,0.35714285714285715,-12.717690672313653,15.2119055055523,0.000716597905199029,0.01,0.010000000000000002,0.0113954827580329,0.013326394301704446,0
focus_cluster,rth_15_330m,none,0.0,15,development_2024,-0.5459905979839383,139,49,-0.06434041884045272,-0.11784162415621935,0.9428663702519864,0.4028776978417266,-3.8482806470182624,16.840825312027025,0.0006040984096662178,0.01,0.010000000000000002,0.011655359431508071,0.013326394301704446,0
focus_cluster,rth_15_330m,none,0.0,15,evaluation_2025,-0.9649955845236806,127,47,-0.2568412446537458,-0.2661579480495986,0.7107784321855433,0.30708661417322836,-22.425155188188143,13.429072016576027,0.0008089835401349657,0.01,0.010000000000000002,0.011236119093143931,0.013136214736433293,0
focus_cluster,rth_15_330m,none,0.0,30,all,-1.0222245355179829,263,96,-0.2764300087772028,-0.2704200487979188,0.8496757667688775,0.34600760456273766,-11.28394235502561,15.078103279047442,0.0007184286233965371,0.01,0.010000000000000002,0.011391926723732512,0.013326394301704446,0
focus_cluster,rth_15_330m,none,0.0,30,development_2024,-0.4736851712526215,136,49,-0.07140346974650857,-0.15074035262216035,0.9391524634012137,0.375,-4.408483816900383,16.71288668565109,0.0006101693825889188,0.01,0.010000000000000002,0.011639016592720434,0.013326394301704446,0
focus_cluster,rth_15_330m,none,0.0,30,evaluation_2025,-0.9576308953765172,127,47,-0.2207918426905222,-0.23056048395735207,0.7605165176827994,0.31496062992125984,-18.646638112388057,13.327469079849834,0.0008089835401349657,0.01,0.010000000000000002,0.011236119093143931,0.013136214736433293,0
focus_cluster,rth_15_330m,none,0.25,5,all,-1.0194086562069513,276,96,-0.37741970745589404,-0.37023396373757456,0.709935955380415,0.39492753623188404,-16.564789671256662,14.07753413726533,0.0007706356666301883,0.01,0.010000000000000002,0.011297630214189374,0.01391272351885077,0
focus_cluster,rth_15_330m,none,0.25,5,development_2024,-0.6363695237476626,146,49,-0.09120081272087477,-0.14331423696059697,0.8846866215044203,0.4246575342465753,-5.9353821177755925,15.635352512820994,0.0007120389030135777,0.01,0.010000000000000002,0.011404424792534174,0.01391272351885077,0
focus_cluster,rth_15_330m,none,0.25,5,evaluation_2025,-1.0083174090351883,130,47,-0.31494184715540596,-0.31234395472429566,0.5506939267399671,0.36153846153846153,-28.50243200055079,12.327984269333582,0.0008775178000538581,0.01,0.010000000000000002,0.011139602345331595,0.012933375871208432,0
focus_cluster,rth_15_330m,none,0.25,10,all,-1.0242962044647919,268,96,-0.32731972491835715,-0.31955573347983457,0.7846971538917555,0.3805970149253731,-14.010723888969432,14.29258014761266,0.0007702454272577769,0.01,0.010000000000000002,0.01129828749240953,0.01391272351885077,0
focus_cluster,rth_15_330m,none,0.25,10,development_2024,-0.7039230069373832,143,49,-0.10361867118956891,-0.14720171122178738,0.8846802324603716,0.4195804195804196,-6.8854190614423265,16.06269139543424,0.0006872391437928037,0.01,0.010000000000000002,0.011455097558152903,0.01391272351885077,0
focus_cluster,rth_15_330m,none,0.25,10,evaluation_2025,-0.9606689012319535,125,47,-0.24956014425875783,-0.2597774778997468,0.6887991556730856,0.336,-22.16207261166044,12.267572880104776,0.0008815717571706208,0.01,0.010000000000000002,0.011134337609917848,0.012933375871208432,0
focus_cluster,rth_15_330m,none,0.25,15,all,-0.933099090512063,263,96,-0.25718261627904027,-0.2756219772306331,0.8478473867234684,0.3688212927756654,-10.414685657172088,14.122737540047153,0.0007703630409491689,0.01,0.010000000000000002,0.011298089273296256,0.013324356659668564,0
focus_cluster,rth_15_330m,none,0.25,15,development_2024,-0.39031120776651557,138,49,-0.04204109189558214,-0.10771172095250503,0.9649803429285265,0.41304347826086957,-2.234725708244276,15.644701776382323,0.0007097810550290916,0.01,0.010000000000000002,0.011408886354151531,0.013324356659668564,0
focus_cluster,rth_15_330m,none,0.25,15,evaluation_2025,-0.9114352296367803,125,47,-0.22458324941011754,-0.2464061538411425,0.7356764474959554,0.32,-19.445361440788396,12.44248902313313,0.0008815717571706208,0.01,0.010000000000000002,0.011134337609917848,0.012933375871208432,0
focus_cluster,rth_15_330m,none,0.25,30,all,-0.7394500403669427,258,96,-0.18179768970345545,-0.2458552705105549,0.9057464230043317,0.3643410852713178,-6.774368911117221,14.105268047728707,0.0007706356666301883,0.01,0.010000000000000002,0.011297630214189374,0.01376841671469713,0
focus_cluster,rth_15_330m,none,0.25,30,development_2024,-0.3527340608736259,135,49,-0.046138972599796046,-0.13080384833129644,0.964244020325684,0.3851851851851852,-2.4924484726386607,15.67422300632276,0.0007104326885649592,0.01,0.010000000000000002,0.011407592888243858,0.01376841671469713,0
focus_cluster,rth_15_330m,none,0.25,30,evaluation_2025,-0.6510477897622308,123,47,-0.14222063089568127,-0.21844883452814068,0.8454715351740821,0.34146341463414637,-11.474037685057107,12.383244312686454,0.0008734638429370953,0.01,0.010000000000000002,0.011144867080745342,0.012933375871208432,0
focus_cluster,rth_15_330m,none,0.5,5,all,-0.810294952493953,274,96,-0.19502001630676347,-0.24067781208129746,0.7864735743203344,0.42700729927007297,-7.598710770102639,8.443118273807073,0.00127711587327927,0.01,0.010000000000000002,0.0107830216584194,0.012908722857142858,0
focus_cluster,rth_15_330m,none,0.5,5,development_2024,-0.1398666508895722,145,49,-0.010869643890380587,-0.07771433591387278,0.9859424093270768,0.4413793103448276,-0.4379745398496161,9.296545221031458,0.0011485791485234917,0.01,0.010000000000000002,0.010870640914285714,0.012908722857142858,0
focus_cluster,rth_15_330m,none,0.5,5,evaluation_2025,-0.9213392770523667,129,47,-0.18617401769031894,-0.2020689037440626,0.6142808688751803,0.4108527131782946,-15.647600331239756,7.483839922275788,0.0014498664569614261,0.01,0.010000000000000002,0.010689718694572576,0.011733027407407408,0
focus_cluster,rth_15_330m,none,0.5,10,all,-0.9789693324013796,263,96,-0.2148200193358415,-0.21943488138580913,0.7987904952886935,0.44106463878326996,-8.75229326976605,8.780129992408835,0.0012307755330122677,0.01,0.010000000000000002,0.010812495839556173,0.012908722857142858,0
focus_cluster,rth_15_330m,none,0.5,10,development_2024,-0.6371267430330159,143,49,-0.04516408372493008,-0.07088712602131297,0.9314572465875365,0.4825174825174825,-2.7825113976598574,9.839356712124822,0.001083275650047664,0.01,0.010000000000000002,0.010923126075949367,0.012908722857142858,0
focus_cluster,rth_15_330m,none,0.5,10,evaluation_2025,-0.9531240079728104,120,47,-0.177680722644745,-0.18641931286848212,0.6621174617414529,0.39166666666666666,-15.866283334025928,7.517884818080616,0.0014389172439830044,0.01,0.010000000000000002,0.010694993391615122,0.011733027407407408,0
focus_cluster,rth_15_330m,none,0.5,15,all,-0.4722151487565104,254,96,-0.10260747200096165,-0.21728966610063039,0.9246649048416129,0.4448818897637795,-3.683977982288911,8.747674539086768,0.0012222626344738454,0.01,0.010000000000000002,0.010818194456363454,0.012908722857142858,0
focus_cluster,rth_15_330m,none,0.5,15,development_2024,0.113242285108211,132,49,0.012439057699758616,-0.10984463699114,1.0325232871401395,0.4696969696969697,1.523530752377156,9.484509942981266,0.0011457766893361479,0.01,0.010000000000000002,0.010872771163226673,0.012908722857142858,0
focus_cluster,rth_15_330m,none,0.5,15,evaluation_2025,-0.7580339309491347,122,47,-0.11363304173794342,-0.14990495424876749,0.8177405228457871,0.4180327868852459,-9.318331695206295,7.950442790610753,0.0013793649382959508,0.01,0.010000000000000002,0.010725009801188769,0.012136196242171125,0
focus_cluster,rth_15_330m,none,0.5,30,all,0.37261768937212564,242,96,0.0727550000432089,-0.19525374698609643,1.066287039772806,0.43388429752066116,3.688148283678601,9.01489445925017,0.0012072279108243126,0.01,0.010000000000000002,0.010828344832288245,0.012908722857142858,0
focus_cluster,rth_15_330m,none,0.5,30,development_2024,1.2597980925476477,130,49,0.13358290693221564,-0.10603517160601139,1.197135769365986,0.46923076923076923,10.445760845192018,9.749159291645714,0.0011457766893361479,0.01,0.010000000000000002,0.010872771163226673,0.012908722857142858,0
focus_cluster,rth_15_330m,none,0.5,30,evaluation_2025,-0.4048141307134474,112,47,-0.053659866002763734,-0.13255433032486585,0.9292276721846953,0.39285714285714285,-4.155509153792334,8.162622778791057,0.0013118262343178365,0.01,0.010000000000000002,0.010762357671822336,0.01277772940469015,0
focus_cluster,rth_15_330m,none,0.75,5,all,-0.5855355185090986,275,96,-0.08749922034941993,-0.14943452204609564,0.866059902510002,0.43636363636363634,-3.1564895060449523,5.7283797229430355,0.0019011215708152009,0.01,0.010000000000000002,0.010526005288326302,0.011939148571428571,0
focus_cluster,rth_15_330m,none,0.75,5,development_2024,0.35275420808709923,144,49,0.01962705978599888,-0.05563947739257791,1.07296025277411,0.4444444444444444,1.5218684095524135,6.2423744921560695,0.0017199727746204899,0.01,0.01,0.010581406199951694,0.011939148571428571,0
focus_cluster,rth_15_330m,none,0.75,5,evaluation_2025,-0.8606114694417901,131,47,-0.1050641792087218,-0.12208084941845887,0.6873294554221551,0.42748091603053434,-8.299111947617629,5.163377839227944,0.0021716764721304454,0.01,0.010000000000000002,0.010460473745897786,0.011598779791046275,0
focus_cluster,rth_15_330m,none,0.75,10,all,-0.7177278977537515,259,96,-0.13461215107891122,-0.18755318206273197,0.825117873780463,0.4671814671814672,-5.319559800533001,6.005824271174197,0.001809029825581148,0.01,0.010000000000000002,0.010552782483660131,0.011939148571428571,0
focus_cluster,rth_15_330m,none,0.75,10,development_2024,-0.13109667934069716,140,49,-0.010310582848719774,-0.07864869576081623,0.9812954148516283,0.5071428571428571,-0.4974111644395614,6.639700644773127,0.0016148934910916826,0.01,0.01,0.010619240982950865,0.011939148571428571,0
focus_cluster,rth_15_330m,none,0.75,10,evaluation_2025,-0.9579349595471659,119,47,-0.1255965417797239,-0.1311117634114698,0.6851853794278732,0.42016806722689076,-10.992675842995869,5.26008736105781,0.0020841240579081498,0.01,0.010000000000000002,0.010479817886178862,0.011598779791046275,0
focus_cluster,rth_15_330m,none,0.75,15,all,-0.6543410852319199,246,96,-0.13010009810621392,-0.19882611843042408,0.8553560536408499,0.45934959349593496,-5.3216822273952165,6.05867709283767,0.0018075987266954246,0.01,0.010000000000000002,0.010553220475341652,0.011939148571428571,0
focus_cluster,rth_15_330m,none,0.75,15,development_2024,-0.2406986708483802,126,49,-0.024251762407232924,-0.10075569724483224,0.953469658031534,0.46825396825396826,-1.6098836000999996,6.524480701416051,0.0016754001516539607,0.01,0.01,0.010596909109721648,0.011939148571428571,0
focus_cluster,rth_15_330m,none,0.75,15,evaluation_2025,-0.8811484771308797,120,47,-0.10847914617823629,-0.12311108626262035,0.7641836087652734,0.45,-9.219070786055198,5.56958330383037,0.0019949446209890365,0.01,0.010000000000000002,0.010501278460178416,0.011598779791046275,0
focus_cluster,rth_15_330m,none,0.75,30,all,1.0921506091006117,226,96,0.13094888412857308,-0.1199000238954312,1.1369398987216561,0.46017699115044247,6.028349395718909,6.278728618152923,0.0017535365549619705,0.01,0.010000000000000002,0.010570276108146648,0.011939148571428571,0
focus_cluster,rth_15_330m,none,0.75,30,development_2024,3.7498137006233976,118,49,0.2202378341703719,-0.058733006958121114,1.4591081283223188,0.5254237288135594,17.447842249510643,6.730231237194825,0.0016377340069242722,0.01,0.01,0.010610640145317492,0.011939148571428571,0
focus_cluster,rth_15_330m,none,0.75,30,evaluation_2025,-0.7212287230881769,108,47,-0.07317339910420462,-0.10145657925392759,0.8725521079963119,0.3888888888888889,-6.448503907497983,5.785420201051585,0.001925559874496319,0.01,0.010000000000000002,0.0105193295105976,0.011851819603126767,0
focus_cluster,rth_15_330m,none,1.0,5,all,-0.6366619435300421,274,96,-0.07411364851116209,-0.11640973559724777,0.8540761000520197,0.43795620437956206,-2.696615297884225,4.319801040588815,0.0025179440441871633,0.01,0.010000000000000002,0.01039716727283374,0.01145436142857143,0
focus_cluster,rth_15_330m,none,1.0,5,development_2024,0.012544607800141183,144,49,0.0005274406174040625,-0.04204520586112914,1.0083816565120638,0.4444444444444444,0.1374207574814216,4.681780869117052,0.00229329703282732,0.01,0.010000000000000002,0.01043605464996377,0.01145436142857143,0
focus_cluster,rth_15_330m,none,1.0,5,evaluation_2025,-0.8082315690949025,130,47,-0.0746017411401605,-0.09230243409534622,0.7192712214465207,0.4307692307692308,-5.835855236135403,3.9188387689883055,0.0028976507717150563,0.01,0.010000000000000002,0.010345107328354815,0.011330950588235295,0
focus_cluster,rth_15_330m,none,1.0,10,all,-0.6617523292486162,256,96,-0.10712859247718898,-0.1618862340822097,0.8261810160659617,0.46875,-4.240707618725185,4.550621946389203,0.0023874447473447636,0.01,0.010000000000000002,0.010418877581848292,0.01145436142857143,0
focus_cluster,rth_15_330m,none,1.0,10,development_2024,-0.19517552480181696,140,49,-0.013872557081939019,-0.07107733972292551,0.9599526013333822,0.5071428571428571,-0.8373539181905633,4.990997290342227,0.0021531913214555766,0.01,0.010000000000000002,0.010464430737213148,0.01145436142857143,0
focus_cluster,rth_15_330m,none,1.0,10,evaluation_2025,-0.9268452024683898,116,47,-0.09456793446422573,-0.10203206987787261,0.7081777433945823,0.4224137931034483,-8.348203464198008,4.019134462307968,0.0027205728971833472,0.01,0.010000000000000002,0.010367585828936226,0.011330950588235295,0
focus_cluster,rth_15_330m,none,1.0,15,all,-0.6221659392518707,245,96,-0.11123975943130326,-0.17879435760347884,0.8454763391889787,0.45714285714285713,-4.5667774948442466,4.633092924384979,0.002352960971344353,0.01,0.010000000000000002,0.010424996424581006,0.01145436142857143,0
focus_cluster,rth_15_330m,none,1.0,15,development_2024,-0.06794790364600913,128,49,-0.005454092878605432,-0.08026874393387962,0.9932430580062214,0.46875,-0.18437092188877138,4.9118383413648,0.0022094144901344303,0.01,0.010000000000000002,0.010452613038357704,0.01145436142857143,0
focus_cluster,rth_15_330m,none,1.0,15,evaluation_2025,-0.9233589389931316,117,47,-0.10636579548035463,-0.11519441788947238,0.7077807486288145,0.4444444444444444,-9.361205198590406,4.328140673330132,0.002623019620186759,0.01,0.010000000000000002,0.01038124,0.011330950588235295,0
focus_cluster,rth_15_330m,none,1.0,30,all,1.3600157551441387,222,96,0.11625807541900679,-0.08548288869395149,1.148506097157806,0.4594594594594595,5.4046514472864295,4.786666382577653,0.0023120715926230996,0.01,0.010000000000000002,0.010432523590408388,0.01145436142857143,0
focus_cluster,rth_15_330m,none,1.0,30,development_2024,3.1749710020936788,116,49,0.18020641222567324,-0.05675844349659864,1.4733573599462735,0.5172413793103449,14.716149563339707,5.074592779312859,0.002183645342565696,0.01,0.010000000000000002,0.01045798010898812,0.01145436142857143,0
focus_cluster,rth_15_330m,none,1.0,30,evaluation_2025,-0.6338581723414138,106,47,-0.05418402759401253,-0.08548288869395138,0.8866004309889217,0.39622641509433965,-4.785289887262442,4.471577118225921,0.002540616982242041,0.01,0.010000000000000002,0.010393607221217602,0.011330950588235295,0
focus_cluster,rth_15_330m,none,1.25,5,all,-0.5369238877593825,274,96,-0.05058530228909386,-0.09421317144258479,0.8767531277050632,0.43795620437956206,-1.8159304049622316,3.458611352722753,0.0031474300552339542,0.01,0.010000000000000002,0.010317733818266991,0.011163489142857143,0
focus_cluster,rth_15_330m,none,1.25,5,development_2024,-0.08248359635721457,144,49,-0.002784690935584311,-0.03376054219950053,0.9905325094976913,0.4444444444444444,-0.12641643742449923,3.745424695293641,0.0028666212910341497,0.01,0.010000000000000002,0.010348843719971017,0.011163489142857143,0
focus_cluster,rth_15_330m,none,1.25,5,evaluation_2025,-0.6595340574218373,130,47,-0.04793409298775775,-0.07267872287768629,0.7732824885420723,0.4307692307692308,-3.6873920305424903,3.140910419413461,0.0036220634646438204,0.01,0.010000000000000002,0.010276085862683852,0.011064807529411766,0
focus_cluster,rth_15_330m,none,1.25,10,all,-0.5133619973296952,253,96,-0.0695666872122166,-0.13551195369753666,0.857981546184342,0.4743083003952569,-2.725154533481818,3.6628907983847325,0.002963829083073326,0.01,0.010000000000000002,0.010337401372336578,0.011163489142857143,0
focus_cluster,rth_15_330m,none,1.25,10,development_2024,-0.14828882834186555,139,49,-0.009542714609089176,-0.06435221530707202,0.9651184304254902,0.5107913669064749,-0.5836135601497078,3.9808263133551605,0.0026992117639267886,0.01,0.010000000000000002,0.010370478527607337,0.011163489142857143,0
focus_cluster,rth_15_330m,none,1.25,10,evaluation_2025,-0.7617232620456122,114,47,-0.06060228289343894,-0.07955944883538302,0.7594632319820401,0.4298245614035088,-5.336331685176232,3.2752325827628934,0.0033594600768511525,0.01,0.010000000000000002,0.010297676091213888,0.011064807529411766,0
focus_cluster,rth_15_330m,none,1.25,15,all,-0.4411978455734959,243,96,-0.06586120733677359,-0.14927817077430006,0.8816902660745383,0.46502057613168724,-2.648121473526805,3.7102582206229715,0.002965718215678538,0.01,0.010000000000000002,0.01033718645106383,0.011163489142857143,0
focus_cluster,rth_15_330m,none,1.25,15,development_2024,-0.08156057542459585,128,49,-0.006655738964722158,-0.08160485541051021,0.9824212738800092,0.4609375,-0.3708597692663755,3.92947067309184,0.002761768112668038,0.01,0.010000000000000002,0.010362090430686161,0.011163489142857143,0
focus_cluster,rth_15_330m,none,1.25,15,evaluation_2025,-0.7142406607009718,115,47,-0.05960216482284486,-0.08344829425469835,0.7823645306997761,0.46956521739130436,-5.182812761747111,3.4662652300489265,0.0033090428975866785,0.01,0.010000000000000002,0.010302202186840585,0.011064807529411766,0
focus_cluster,rth_15_330m,none,1.25,30,all,1.112130297951314,217,96,0.10624928477347195,-0.09553672350191045,1.1675292763669822,0.4700460829493088,4.983172173784169,3.8749032480207317,0.0028617947107595705,0.01,0.010000000000000002,0.010349431074227746,0.011163489142857143,0
focus_cluster,rth_15_330m,none,1.25,30,development_2024,2.5676070735863505,115,49,0.13337970714827474,-0.05194708665527015,1.4471703342122266,0.5304347826086957,11.179114006071094,4.083263505843041,0.0027073602283319695,0.01,0.010000000000000002,0.01036936348164356,0.011163489142857143,0
focus_cluster,rth_15_330m,none,1.25,30,evaluation_2025,-0.3244053252884422,102,47,-0.023937628496160435,-0.07378925877642883,0.9429425358551495,0.4019607843137255,-2.0024485194804984,3.6399872710642067,0.0030593516633002915,0.01,0.010000000000000002,0.010326935196905283,0.011064807529411766,0
focus_cluster,rth_15_330m,poc_migration,0.0,5,all,-0.17567900288006347,68,28,-0.013446258163994251,-0.07653878917547163,0.9731918281189074,0.4411764705882353,-1.3558229115867106,14.71198115077831,0.0006823207744349534,0.01,0.010000000000000002,0.011466127963990411,0.013324356659668564,0
focus_cluster,rth_15_330m,poc_migration,0.0,5,development_2024,-0.7850454558923369,32,11,-0.056159765168110054,-0.07153695973473917,0.6575731419658214,0.40625,-17.576986760980915,17.830127305871223,0.000590017940714843,0.01,0.010000000000000002,0.011694865142072353,0.013324356659668564,0
focus_cluster,rth_15_330m,poc_migration,0.0,5,evaluation_2025,0.7437865896056801,36,17,0.04525501819884159,-0.060844090000108264,1.2617660384690732,0.4722222222222222,13.062989398985913,11.940295679584615,0.0009394956678769532,0.01,0.010000000000000002,0.0110644008670906,0.012197598845792666,0
focus_cluster,rth_15_330m,poc_migration,0.0,10,all,-0.22109550688021978,69,28,-0.028410804080168606,-0.12850014222840078,0.9464966135031654,0.43478260869565216,-3.333858604118412,15.322492218301404,0.0006523648849598655,0.01,0.010000000000000002,0.011532884468577002,0.013324356659668564,0
focus_cluster,rth_15_330m,poc_migration,0.0,10,development_2024,-0.8179712753697846,34,11,-0.09842295625416286,-0.12032568773233299,0.568932114666245,0.38235294117647056,-29.773530199286316,18.651999244640194,0.0005881974600922026,0.01,0.010000000000000002,0.011700117391198854,0.013324356659668564,0
focus_cluster,rth_15_330m,poc_migration,0.0,10,evaluation_2025,1.174289970945803,35,17,0.07765520723898511,-0.06612949881232455,1.4009313264176935,0.4857142857142857,22.350393802616132,12.088113964143718,0.000939439958953871,0.01,0.010000000000000002,0.011064463982470542,0.012197598845792666,0
focus_cluster,rth_15_330m,poc_migration,0.0,15,all,0.05870612177596921,66,28,0.006431899934058016,-0.10956097489462935,1.0293825244652266,0.4090909090909091,1.97021248847819,14.660918524149341,0.0006823207744349534,0.01,0.010000000000000002,0.011466127963990411,0.013324356659668564,0
focus_cluster,rth_15_330m,poc_migration,0.0,15,development_2024,-0.7320207899638776,31,11,-0.06547271916914499,-0.08944106515386785,0.7161199223408807,0.3548387096774194,-20.961947057632223,17.565697866091174,0.000590558995270928,0.01,0.010000000000000002,0.011693310927456511,0.013324356659668564,0
focus_cluster,rth_15_330m,poc_migration,0.0,15,evaluation_2025,1.0882912358132166,35,17,0.07694223654902288,-0.07070004243076389,1.3650166090192104,0.45714285714285713,22.28155380074741,12.088113964143718,0.000939439958953871,0.01,0.010000000000000002,0.011064463982470542,0.012197598845792666,0
focus_cluster,rth_15_330m,poc_migration,0.0,30,all,0.26478669021621165,65,28,0.02888167948591036,-0.10907526908670151,1.0799974788110935,0.4,5.44462749101957,14.543406488970517,0.000695435385853383,0.01,0.010000000000000002,0.011437948111847774,0.013324356659668564,0
focus_cluster,rth_15_330m,poc_migration,0.0,30,development_2024,-0.611264155363537,30,11,-0.053706848828269926,-0.08786193065145276,0.7713503811040197,0.3333333333333333,-17.433840811291816,17.407914434601782,0.0005909672715913219,0.01,0.010000000000000002,0.011692141892387025,0.013324356659668564,0
focus_cluster,rth_15_330m,poc_migration,0.0,30,evaluation_2025,1.2344524215640362,35,17,0.08727583858333632,-0.07070004243076367,1.4104470216361207,0.45714285714285713,25.05474317871505,12.088113964143718,0.000939439958953871,0.01,0.010000000000000002,0.011064463982470542,0.012197598845792666,0
focus_cluster,rth_15_330m,poc_migration,0.25,5,all,0.9092040422749014,67,28,0.050244128803035526,-0.05526166456246795,1.188538805701911,0.4925373134328358,7.8773338240308615,13.956204962622168,0.0007380162629643801,0.01,0.010000000000000002,0.011354983690987124,0.013324356659668564,0
focus_cluster,rth_15_330m,poc_migration,0.25,5,development_2024,-0.42711334234839726,32,11,-0.019773034434886982,-0.04629458383615204,0.8649639614515456,0.4375,-5.795924542439334,17.111969091039228,0.0005928081841672323,0.01,0.01,0.011686896144747098,0.013324356659668564,0
focus_cluster,rth_15_330m,poc_migration,0.25,5,evaluation_2025,1.7841609491749952,35,17,0.07142954203219398,-0.04003536904292371,1.5002311502132526,0.5428571428571428,20.378598616232182,11.07093490235514,0.0009395513768000354,0.01,0.010000000000000002,0.011064337751710656,0.012197598845792666,0
focus_cluster,rth_15_330m,poc_migration,0.25,10,all,0.975308729947222,68,28,0.08150679456150822,-0.08357025017700692,1.237893546446658,0.5,12.328779425687156,14.505395804685289,0.0007115449960402775,0.01,0.010000000000000002,0.011406113250427799,0.013324356659668564,0
focus_cluster,rth_15_330m,poc_migration,0.25,10,development_2024,-0.7157609706500234,34,11,-0.059816323384159764,-0.08357025017700692,0.7153440976065609,0.4117647058823529,-17.452053801850443,17.85513453455747,0.0005909672715913219,0.01,0.01,0.011692141892387025,0.013324356659668564,0
focus_cluster,rth_15_330m,poc_migration,0.25,10,evaluation_2025,3.007616100703274,34,17,0.15031437096882616,-0.04997791138758634,1.994552756064277,0.5882352941176471,42.10961265322476,11.155657074813108,0.0009394956678769532,0.01,0.010000000000000002,0.0110644008670906,0.012197598845792666,0
focus_cluster,rth_15_330m,poc_migration,0.25,15,all,1.0594686739988397,66,28,0.08671085934046174,-0.08184372173382137,1.2261150921159414,0.45454545454545453,13.586210724661802,14.164887906156485,0.0007328354345957761,0.01,0.010000000000000002,0.011364631039997474,0.013324356659668564,0
focus_cluster,rth_15_330m,poc_migration,0.25,15,development_2024,-0.6625465121130417,32,11,-0.0479415576534411,-0.07235953518273364,0.798364008041116,0.375,-14.441274571583238,17.362195664458824,0.0005928081841672323,0.01,0.01,0.011686896144747098,0.013324356659668564,0
focus_cluster,rth_15_330m,poc_migration,0.25,15,evaluation_2025,2.4805963038154655,34,17,0.14143293206037066,-0.05701569894417291,1.8118223889328955,0.5294117647058824,39.96502041524537,11.155657074813108,0.0009394956678769532,0.01,0.010000000000000002,0.0110644008670906,0.012197598845792666,0
focus_cluster,rth_15_330m,poc_migration,0.25,30,all,1.9995307642645659,63,28,0.16460592344925384,-0.082322276001488,1.4252142941710921,0.47619047619047616,25.290066579390075,14.17960153219959,0.0007276546062271722,0.01,0.01,0.011374278389007824,0.013324356659668564,0
focus_cluster,rth_15_330m,poc_migration,0.25,30,development_2024,-0.49951383244617725,31,11,-0.035835845769674024,-0.07174144826817253,0.8541311016535974,0.3548387096774194,-10.776414572665852,17.202937433932558,0.0005942408204227486,0.01,0.01,0.011682819432176656,0.013324356659668564,0
focus_cluster,rth_15_330m,poc_migration,0.25,30,evaluation_2025,4.694460763773547,32,17,0.20789174575665115,-0.04428447828575344,2.3230051227907054,0.59375,60.22947019544426,11.250744877395771,0.0009013316861192972,0.01,0.01,0.011111456317528055,0.012197598845792666,0
focus_cluster,rth_15_330m,poc_migration,0.5,5,all,1.7658853995533248,65,28,0.05994055631445461,-0.03394362755907965,1.3472421339140521,0.5384615384615384,9.265426450089171,8.642142452106969,0.001172666381672566,0.01,0.010000000000000002,0.010852757455682926,0.012908722857142858,0
focus_cluster,rth_15_330m,poc_migration,0.5,5,development_2024,-0.20780262360143767,30,11,-0.005700017487988096,-0.027429959204560594,0.9399730368149626,0.4666666666666667,-1.6579283314523192,10.459640797135984,0.0010535366575429549,0.01,0.01,0.010949190194454193,0.012908722857142858,0
focus_cluster,rth_15_330m,poc_migration,0.5,5,evaluation_2025,1.94489734508895,35,17,0.06601687112234234,-0.03394362755907976,1.7197980155102046,0.6,18.628301977124735,7.084286727796384,0.001453218709900246,0.01,0.010000000000000002,0.010688127666666667,0.011733027407407408,0
focus_cluster,rth_15_330m,poc_migration,0.5,10,all,0.037455603312368274,66,28,0.0032855853397930623,-0.08771946115491147,1.0247585691491643,0.4696969696969697,0.9367548465653995,9.02605124785153,0.001154354828698191,0.01,0.010000000000000002,0.0108663215223199,0.012908722857142858,0
focus_cluster,rth_15_330m,poc_migration,0.5,10,development_2024,-0.720806169516943,32,11,-0.06322872878716201,-0.08771946115491147,0.5406824052753848,0.375,-20.051629523441765,11.000928510110747,0.001032623929177998,0.01,0.01,0.010968707451189986,0.012908722857142858,0
focus_cluster,rth_15_330m,poc_migration,0.5,10,evaluation_2025,1.3295753416286027,34,17,0.07100379374448473,-0.05340336235290877,1.6394207981322764,0.5588235294117647,20.690528371278024,7.167343236313447,0.001451542583430836,0.01,0.010000000000000002,0.010688923180619621,0.011733027407407408,0
focus_cluster,rth_15_330m,poc_migration,0.5,15,all,0.1097379647461933,61,28,0.007535717799538322,-0.06867010716817334,1.0378493086687237,0.47540983606557374,1.8734013978546264,8.663786131607113,0.001172666381672566,0.01,0.010000000000000002,0.010852757455682926,0.012908722857142858,0
focus_cluster,rth_15_330m,poc_migration,0.5,15,development_2024,-0.49676290963448316,28,11,-0.032490972621411984,-0.0631876113635308,0.8058323733065278,0.39285714285714285,-11.141624469025896,10.417802533539376,0.0010648815555882132,0.01,0.01,0.010939133185046997,0.012908722857142858,0
focus_cluster,rth_15_330m,poc_migration,0.5,15,evaluation_2025,0.6639419372195571,33,17,0.04137087023301578,-0.06231097617702519,1.3017448293452198,0.5454545454545454,12.916453648541133,7.1755297905736795,0.001453218709900246,0.01,0.010000000000000002,0.010688127666666667,0.011733027407407408,0
focus_cluster,rth_15_330m,poc_migration,0.5,30,all,0.5981890592622797,59,28,0.043053871556679946,-0.0719736860613539,1.1425869907133308,0.4576271186440678,7.976718278920607,8.754175347530918,0.001172666381672566,0.01,0.010000000000000002,0.010852757455682926,0.012908722857142858,0
focus_cluster,rth_15_330m,poc_migration,0.5,30,development_2024,-0.2702969480018451,27,11,-0.017416323587466698,-0.0611274948645002,0.9099785674888037,0.4074074074074074,-5.681260375820155,10.488435202167896,0.0010735066158848612,0.01,0.01,0.010931526629834255,0.012908722857142858,0
focus_cluster,rth_15_330m,poc_migration,0.5,30,evaluation_2025,1.025847657917146,32,17,0.061542031071517345,-0.05999139404038867,1.39083007444072,0.5,19.500637768858123,7.290893595180966,0.0014091145331685678,0.01,0.010000000000000002,0.010709804232848667,0.011733027407407408,0
focus_cluster,rth_15_330m,poc_migration,0.75,5,all,1.5739370324270463,65,28,0.03855686686455928,-0.024497083472966974,1.3206674210100857,0.5384615384615384,5.979122981268642,5.834449415730122,0.0017202532415527012,0.01,0.01,0.01058130976058932,0.011939148571428571,0
focus_cluster,rth_15_330m,poc_migration,0.75,5,development_2024,-0.12685799072055393,30,11,-0.002725989246760707,-0.02148851035143373,0.963432409141425,0.4666666666666667,-0.7507123548047087,7.053541652859297,0.0015492279509270715,0.01,0.01,0.010645482913302414,0.011939148571428571,0
focus_cluster,rth_15_330m,poc_migration,0.75,5,evaluation_2025,2.568006087654844,35,17,0.04139570034532425,-0.01611978279347759,1.6897594704404106,0.6,11.747553269331515,4.789513212476545,0.002179828064850369,0.01,0.01,0.010458751777777778,0.011155351604938272,0
focus_cluster,rth_15_330m,poc_migration,0.75,10,all,-0.5751605607843571,67,28,-0.04539679528745855,-0.0789289085217354,0.7780073930743499,0.4626865671641791,-6.700197124394021,6.156668908895235,0.001645645074584292,0.01,0.01,0.010607664444444444,0.011939148571428571,0
focus_cluster,rth_15_330m,poc_migration,0.75,10,development_2024,-0.842004171900221,32,11,-0.06645847025883211,-0.0789289085217354,0.3985739203330788,0.375,-21.284207991221063,7.40937214141943,0.001535116809487463,0.01,0.01,0.010651466387325696,0.011939148571428571,0
focus_cluster,rth_15_330m,poc_migration,0.75,10,evaluation_2025,0.5685435631943059,35,17,0.022561047688165692,-0.03968217942950347,1.2609563793794267,0.5428571428571428,6.633755668133563,5.011340239158827,0.0020841240579081498,0.01,0.01,0.010479817886178862,0.011155351604938272,0
focus_cluster,rth_15_330m,poc_migration,0.75,15,all,-0.5013390289498304,61,28,-0.029661207041472015,-0.0591639695469236,0.8781273875188439,0.47540983606557374,-4.592244799232084,5.937768300038761,0.0017202532415527012,0.01,0.01,0.01058130976058932,0.011939148571428571,0
focus_cluster,rth_15_330m,poc_migration,0.75,15,development_2024,-0.7035357479784748,27,11,-0.036090372923122116,-0.04866608997618127,0.6907457123663009,0.37037037037037035,-13.258298573670514,7.089077131936642,0.0015498688407216948,0.01,0.01,0.010645215887774317,0.011939148571428571,0
focus_cluster,rth_15_330m,poc_migration,0.75,15,evaluation_2025,0.17134046951681614,34,17,0.006669884500631662,-0.03892766559728056,1.0682281292847444,0.5588235294117647,2.2896214334102014,5.023493639413974,0.0020690474074439263,0.01,0.01,0.010483339867459179,0.011155351604938272,0
focus_cluster,rth_15_330m,poc_migration,0.75,30,all,1.0528165237063662,56,28,0.06417039936411251,-0.060951170426358,1.2650149398348705,0.48214285714285715,11.752922384954116,6.126269012233038,0.001627952499205792,0.01,0.01,0.01061434109883364,0.011939148571428571,0
focus_cluster,rth_15_330m,poc_migration,0.75,30,development_2024,-0.34312758909342417,25,11,-0.018971749486944245,-0.05047323250218727,0.8713386744810174,0.4,-7.01272941423374,7.414430924835708,0.0015485870611324482,0.01,0.01,0.010645749938830511,0.011939148571428571,0
focus_cluster,rth_15_330m,poc_migration,0.75,30,evaluation_2025,2.680250223818705,31,17,0.08475000470942207,-0.031620183800851964,1.7436073527122018,0.5483870967741935,26.886512545589483,5.087428760134111,0.002053970756979703,0.01,0.01,0.010486861848739495,0.011155351604938272,0
focus_cluster,rth_15_330m,poc_migration,1.0,5,all,0.7199307947240581,65,28,0.018539240107529276,-0.025751419780057017,1.1885679437988563,0.5384615384615384,2.9300918044228714,4.391625954864713,0.002293670988736935,0.01,0.010000000000000002,0.010435982320441989,0.01145436142857143,0
focus_cluster,rth_15_330m,poc_migration,1.0,5,development_2024,-0.33138473185470896,30,11,-0.006981180385127073,-0.021066692922315666,0.8693311345461182,0.4666666666666667,-2.2297009327702955,5.290156239644473,0.002065637267902762,0.01,0.01,0.010484112184976812,0.01145436142857143,0
focus_cluster,rth_15_330m,poc_migration,1.0,5,evaluation_2025,1.7614294621523303,35,17,0.025699835681416205,-0.014590329180717232,1.5166573790364095,0.6,7.352771293445585,3.621457139339204,0.002906437419800492,0.01,0.010000000000000002,0.010344063833333333,0.010866513703703704,0
focus_cluster,rth_15_330m,poc_migration,1.0,10,all,-0.8265652431548395,67,28,-0.060569376075466086,-0.07327839704980155,0.6579648888992524,0.4626865671641791,-9.15507755068403,4.632819264497736,0.0021941934327790557,0.01,0.010000000000000002,0.010455748333333332,0.01145436142857143,0
focus_cluster,rth_15_330m,poc_migration,1.0,10,development_2024,-0.8714713285498482,32,11,-0.06386002203099383,-0.07327839704980155,0.3407950222135635,0.375,-20.46315599341546,5.557029106064573,0.002046822412649951,0.01,0.01,0.010488599790494272,0.01145436142857143,0
focus_cluster,rth_15_330m,poc_migration,1.0,10,evaluation_2025,0.09711610302507197,35,17,0.0035151217050541916,-0.036195044854165026,1.051788178605736,0.5428571428571428,1.1837370255275632,3.7878274093509154,0.002778832077210866,0.01,0.010000000000000002,0.010359863414634147,0.010866513703703704,0
focus_cluster,rth_15_330m,poc_migration,1.0,15,all,-0.7068449344649698,60,28,-0.046756873965208334,-0.0661487006348852,0.762635457730273,0.48333333333333334,-7.743714599399777,4.504762038171285,0.0022725359068453826,0.01,0.010000000000000002,0.010440075115444852,0.01145436142857143,0
focus_cluster,rth_15_330m,poc_migration,1.0,15,development_2024,-0.7812899808234414,27,11,-0.04164076502177316,-0.05056240226268749,0.5889813513013887,0.37037037037037035,-15.499279485808664,5.316807848952481,0.002066491787628926,0.01,0.01,0.010483911915830738,0.01145436142857143,0
focus_cluster,rth_15_330m,poc_migration,1.0,15,evaluation_2025,-0.1417181628211915,33,17,-0.005338404177377298,-0.037669160191646456,0.9508741917722755,0.5757575757575758,-1.3982524196106882,3.8403609202594002,0.0027386276759729373,0.01,0.010000000000000002,0.010365146386554622,0.010866513703703704,0
focus_cluster,rth_15_330m,poc_migration,1.0,30,all,0.804916154902421,55,28,0.03940769620880813,-0.04895875920590198,1.21306016609661,0.4727272727272727,7.482307391940714,4.6316113785536235,0.0021470132317697225,0.01,0.010000000000000002,0.010465763314917127,0.01145436142857143,0
focus_cluster,rth_15_330m,poc_migration,1.0,30,development_2024,-0.5701379198379302,25,11,-0.030577428023386588,-0.04895875920590198,0.7119547764196891,0.36,-12.049199784580269,5.512923383353094,0.0020647827481765977,0.01,0.01,0.010484312454122884,0.01145436142857143,0
focus_cluster,rth_15_330m,poc_migration,1.0,30,evaluation_2025,2.2409617011376555,30,17,0.07219258789229333,-0.032215002985389596,1.8047091260863062,0.5666666666666667,23.758563372374866,3.8971847078873982,0.0027205728971833472,0.01,0.010000000000000002,0.010367585828936226,0.010866513703703704,0
focus_cluster,rth_15_330m,poc_migration,1.25,5,all,0.44759884935482214,65,28,0.011869863907387757,-0.026518977706259106,1.1464595978742271,0.5384615384615384,1.8874977611562649,3.51330076389177,0.0028670887359211685,0.01,0.01,0.010348785856353591,0.011163489142857143,0
focus_cluster,rth_15_330m,poc_migration,1.25,5,development_2024,-0.4585015677087423,30,11,-0.009546683879487983,-0.020821485795992745,0.7919764657878503,0.4666666666666667,-3.1170940795495103,4.232124991715578,0.0025820465848784523,0.01,0.01,0.010387289747981449,0.011163489142857143,0
focus_cluster,rth_15_330m,poc_migration,1.25,5,evaluation_2025,1.5814939635779184,35,17,0.021622975498492902,-0.013672499545666184,1.5569910687976762,0.6,6.177147910332646,2.8971657114713625,0.0036330467747506152,0.01,0.01,0.010275251066666666,0.010693210962962963,0
focus_cluster,rth_15_330m,poc_migration,1.25,10,all,-0.7885741217190105,66,28,-0.049703164113813814,-0.06302915952335086,0.6528171704133181,0.4696969696969697,-7.606442384014617,3.743668260325037,0.00272546545804649,0.01,0.01,0.010366924548523207,0.011163489142857143,0
focus_cluster,rth_15_330m,poc_migration,1.25,10,development_2024,-0.8790721927688321,32,11,-0.055407181470568556,-0.06302915952335086,0.32353821557845946,0.375,-17.69510106591821,4.445623284851658,0.002558528015812438,0.01,0.01,0.010390879832395419,0.011163489142857143,0
focus_cluster,rth_15_330m,poc_migration,1.25,10,evaluation_2025,0.20558100929431875,34,17,0.006038599113673548,-0.02937333139087972,1.1054603700873673,0.5588235294117647,1.8887657871887638,3.0830047078293936,0.0034484123457398774,0.01,0.01,0.010290003920475507,0.010693210962962963,0
focus_cluster,rth_15_330m,poc_migration,1.25,15,all,-0.7053797175813707,59,28,-0.037606671734854547,-0.053314081476288466,0.7617223227796216,0.4915254237288136,-6.331788329536258,3.6439249226541612,0.002814251031192288,0.01,0.01,0.010355334328358171,0.011163489142857143,0
focus_cluster,rth_15_330m,poc_migration,1.25,15,development_2024,-0.7826955208324933,27,11,-0.03649720330239192,-0.04423723692925452,0.5665837746701642,0.37037037037037035,-13.591974331479586,4.2534462791619845,0.0025831147345361577,0.01,0.01,0.010387129532664591,0.011163489142857143,0
focus_cluster,rth_15_330m,poc_migration,1.25,15,evaluation_2025,-0.034083687537503564,32,17,-0.0011514947712298884,-0.033784336567539985,0.9908580413798579,0.59375,-0.20600639039657737,3.129641278100685,0.003400716121479184,0.01,0.01,0.01029406866314898,0.010693210962962963,0
focus_cluster,rth_15_330m,poc_migration,1.25,30,all,0.8174681356640826,52,28,0.04002307205755651,-0.04895979465308842,1.2705804006166084,0.5,7.881734329736034,3.8134195996676867,0.002633841643857387,0.01,0.01,0.010379676077781678,0.011163489142857143,0
focus_cluster,rth_15_330m,poc_migration,1.25,30,development_2024,-0.7362799041883097,25,11,-0.03948872919945268,-0.04895979465308842,0.5785543978452411,0.36,-15.86158691181412,4.516727758170005,0.0025360775964041295,0.01,0.01,0.010394309701492528,0.011163489142857143,0
focus_cluster,rth_15_330m,poc_migration,1.25,30,evaluation_2025,2.4763949740749625,27,17,0.08278070614490507,-0.031712499073308864,2.4053402221970015,0.6296296296296297,29.866291034875065,3.162208341795169,0.0033781476479921965,0.01,0.01,0.010296020217054263,0.010693210962962963,0
focus_cluster,rth_15_330m,trend_3d_10d,0.0,5,all,-0.7821100110365271,117,43,-0.10502785620929189,-0.13428783000757005,0.8486467339113529,0.4358974358974359,-8.790913020831894,17.002983136177463,0.0005942408204227486,0.01,0.010000000000000002,0.011682819432176656,0.01391272351885077,0
focus_cluster,rth_15_330m,trend_3d_10d,0.0,5,development_2024,-0.3724713602275684,67,24,-0.02375217056316903,-0.06376911918451178,0.945574219417077,0.4626865671641791,-2.9147382981733347,19.192420853797127,0.0005484785355691339,0.01,0.010000000000000002,0.011823225404732275,0.01391272351885077,0
focus_cluster,rth_15_330m,trend_3d_10d,0.0,5,evaluation_2025,-0.6199603355051997,50,19,-0.08325312814575836,-0.13428783000757005,0.7402152865526308,0.4,-16.664987149194364,14.069136594567103,0.000727597670845126,0.01,0.010000000000000002,0.011374474746383326,0.012687283505928073,0
focus_cluster,rth_15_330m,trend_3d_10d,0.0,10,all,-1.0708258387843093,117,43,-0.15013589683785677,-0.14020570983634795,0.8053975057137412,0.41025641025641024,-13.064698582566654,17.450386314208444,0.0005905120142908085,0.01,0.010000000000000002,0.011693445646827318,0.01391272351885077,0
focus_cluster,rth_15_330m,trend_3d_10d,0.0,10,development_2024,-0.971419644729302,70,24,-0.10359969109680045,-0.10664772084743024,0.7755799296193193,0.42857142857142855,-14.818229232927502,19.668325016361816,0.0005320861327266365,0.01,0.010000000000000002,0.011879572254302445,0.01391272351885077,0
focus_cluster,rth_15_330m,trend_3d_10d,0.0,10,evaluation_2025,-0.370274046987079,47,19,-0.0519145355918007,-0.14020570983634806,0.8480285379304612,0.3829787234042553,-10.4530571884122,14.14707335355448,0.0007217487662840382,0.01,0.010000000000000002,0.011385523670720704,0.012687283505928073,0
focus_cluster,rth_15_330m,trend_3d_10d,0.0,15,all,-0.7586734298053425,112,43,-0.11236597205464882,-0.1481084846789471,0.8630692296877519,0.38392857142857145,-9.69691107290112,16.70457305001806,0.0005964483958583671,0.01,0.010000000000000002,0.01167661394685756,0.013326394301704446,0
focus_cluster,rth_15_330m,trend_3d_10d,0.0,15,development_2024,-0.5616518240210915,65,24,-0.05113767745972031,-0.09104871607752485,0.8925086895449199,0.4153846153846154,-7.188316960752592,18.55384206130711,0.0005559288032627106,0.01,0.010000000000000002,0.011798791489361703,0.013326394301704446,0
focus_cluster,rth_15_330m,trend_3d_10d,0.0,15,evaluation_2025,-0.4636626754456659,47,19,-0.06452811239359735,-0.13917038358020484,0.8273705446077244,0.3404255319148936,-13.166243355659722,14.14707335355448,0.0007217487662840382,0.01,0.010000000000000002,0.011385523670720704,0.012687283505928073,0
focus_cluster,rth_15_330m,trend_3d_10d,0.0,30,all,-0.8156358985580346,109,43,-0.13151392909131587,-0.1612409769160722,0.8434682967952304,0.3486238532110092,-11.90033246601002,16.48035272930751,0.0006090762529913404,0.01,0.010000000000000002,0.011641830550918258,0.013326394301704446,0
focus_cluster,rth_15_330m,trend_3d_10d,0.0,30,development_2024,-0.7036924716015315,62,24,-0.07651771688245024,-0.10873743854087825,0.8442772042451976,0.3548387096774194,-11.810061148034121,18.249129030281576,0.000571658553272532,0.01,0.010000000000000002,0.01174939989040626,0.013326394301704446,0
focus_cluster,rth_15_330m,trend_3d_10d,0.0,30,evaluation_2025,-0.44247012938082303,47,19,-0.05955307775175356,-0.13459231210723765,0.842407222867724,0.3404255319148936,-12.01941377908462,14.14707335355448,0.0007217487662840382,0.01,0.010000000000000002,0.011385523670720704,0.012687283505928073,0
focus_cluster,rth_15_330m,trend_3d_10d,0.25,5,all,-0.7470524515002777,116,43,-0.0915882751622823,-0.12259952427483367,0.8581552934549277,0.45689655172413796,-7.66250735909017,15.754132961605377,0.0006370142951064507,0.01,0.010000000000000002,0.011569865795503152,0.01391272351885077,0
focus_cluster,rth_15_330m,trend_3d_10d,0.25,5,development_2024,-0.18655762329489692,67,24,-0.011932855917151985,-0.0639633787480739,0.9763240393952043,0.47761194029850745,-1.1793713978890747,17.804444672711845,0.0005894768861587579,0.01,0.010000000000000002,0.011696419356688194,0.01391272351885077,0
focus_cluster,rth_15_330m,trend_3d_10d,0.25,5,evaluation_2025,-0.6880370682159149,49,19,-0.08061741524567112,-0.11717016272787839,0.7235020169449419,0.42857142857142855,-16.52720346930391,12.950645519888356,0.0008272467106028367,0.01,0.010000000000000002,0.011208829224925262,0.012585152740483357,0
focus_cluster,rth_15_330m,trend_3d_10d,0.25,10,all,-1.0724665986629895,114,43,-0.14849224017489226,-0.1384586152706414,0.7864014233649449,0.42105263157894735,-13.36028426139881,16.138680563894294,0.0006298869821348568,0.01,0.010000000000000002,0.011587644788438644,0.01391272351885077,0
focus_cluster,rth_15_330m,trend_3d_10d,0.25,10,development_2024,-1.0472971373286142,70,24,-0.08454194956606764,-0.08072393836739822,0.8072265961197573,0.44285714285714284,-11.871656218942826,18.272883921799103,0.0005877594648483199,0.01,0.010000000000000002,0.01170137974675306,0.01391272351885077,0
focus_cluster,rth_15_330m,trend_3d_10d,0.25,10,evaluation_2025,-0.5045266255130737,44,19,-0.06985605793570981,-0.13845861527064174,0.7545631856946704,0.38636363636363635,-15.72855614712424,12.74335703995481,0.0008293286124198035,0.01,0.010000000000000002,0.011205802244009482,0.012585152740483357,0
focus_cluster,rth_15_330m,trend_3d_10d,0.25,15,all,-0.840923563817015,109,43,-0.15087893737612246,-0.1794205131929847,0.7954347328489081,0.3761467889908257,-14.146650786963349,15.607331161367792,0.0006403213999411677,0.01,0.010000000000000002,0.011561715726027398,0.013324356659668564,0
focus_cluster,rth_15_330m,trend_3d_10d,0.25,15,development_2024,-0.6695515881683242,65,24,-0.0669625855674405,-0.10001109212604276,0.8516626810501862,0.4153846153846154,-9.822329364590376,17.54602133586273,0.0005894768861587579,0.01,0.010000000000000002,0.011696419356688194,0.013324356659668564,0
focus_cluster,rth_15_330m,trend_3d_10d,0.25,15,evaluation_2025,-0.6384084265281541,44,19,-0.0899388926002681,-0.14087986446134693,0.720597981353695,0.3181818181818182,-20.534852888196152,12.74335703995481,0.0008293286124198035,0.01,0.010000000000000002,0.011205802244009482,0.012585152740483357,0
focus_cluster,rth_15_330m,trend_3d_10d,0.25,30,all,-0.9573317909832604,105,43,-0.14408361621796262,-0.1505054126218629,0.8146622410939038,0.3523809523809524,-13.838566314223982,15.667247858681668,0.0006403213999411677,0.01,0.010000000000000002,0.011561715726027398,0.01376841671469713,0
focus_cluster,rth_15_330m,trend_3d_10d,0.25,30,development_2024,-0.9318443717526351,63,24,-0.1006106962996497,-0.10796941994768794,0.7895681669387826,0.3492063492063492,-15.856780000529815,17.51780666461181,0.0005942408204227486,0.01,0.010000000000000002,0.011682819432176656,0.01376841671469713,0
focus_cluster,rth_15_330m,trend_3d_10d,0.25,30,evaluation_2025,-0.4284297844055624,42,19,-0.048336042845353644,-0.1128213877856763,0.853181016439167,0.35714285714285715,-10.811245784765232,12.891409649786443,0.0008204525600890547,0.01,0.01,0.011218923101671264,0.012585152740483357,0
focus_cluster,rth_15_330m,trend_3d_10d,0.5,5,all,-0.7119207318806133,115,43,-0.06972175638283029,-0.09793471837609358,0.8320808931325827,0.46956521739130436,-5.969768329660284,9.359765207854,0.001168971355089019,0.01,0.010000000000000002,0.010855452954981817,0.012908722857142858,0
focus_cluster,rth_15_330m,trend_3d_10d,0.5,5,development_2024,-0.3457784728948057,66,24,-0.022306673423240442,-0.06451145797623636,0.9080430379003527,0.4696969696969697,-3.09268800730364,10.684823160444251,0.0010535366575429549,0.01,0.01,0.010949190194454193,0.012908722857142858,0
focus_cluster,rth_15_330m,trend_3d_10d,0.5,5,evaluation_2025,-0.6825139312146604,49,19,-0.04849688718404832,-0.07105625975683616,0.7418510007715812,0.46938775510204084,-9.84501937609984,7.574993271712029,0.0014498664569614261,0.01,0.010000000000000002,0.010689718694572576,0.011711908553409364,0
focus_cluster,rth_15_330m,trend_3d_10d,0.5,10,all,-0.9129723433881359,115,43,-0.13595772422863395,-0.14891768103739111,0.7152851077658627,0.43478260869565216,-12.299593776281776,9.888719502382797,0.0011115312829364271,0.01,0.010000000000000002,0.010899659789473685,0.012908722857142858,0
focus_cluster,rth_15_330m,trend_3d_10d,0.5,10,development_2024,-0.8675161972004878,72,24,-0.09426389282996983,-0.10865951913539307,0.7083746060498057,0.4444444444444444,-13.30027735430482,11.324926258972372,0.0009693430895624327,0.01,0.01,0.011031654614393191,0.012908722857142858,0
focus_cluster,rth_15_330m,trend_3d_10d,0.5,10,evaluation_2025,-0.5955668522413075,43,19,-0.04603308962578034,-0.07729290079282147,0.728758466055519,0.4186046511627907,-10.624030575871092,7.483908189023508,0.001453218709900246,0.01,0.010000000000000002,0.010688127666666667,0.011711908553409364,0
focus_cluster,rth_15_330m,trend_3d_10d,0.5,15,all,-0.6472500804618423,106,43,-0.10364007844840928,-0.16012370114262076,0.8040813389951769,0.42452830188679247,-9.786664751787685,9.501329844788641,0.0011552266557757031,0.01,0.010000000000000002,0.010865659659020768,0.012908722857142858,0
focus_cluster,rth_15_330m,trend_3d_10d,0.5,15,development_2024,-0.4902855522897038,62,24,-0.05690740515672221,-0.11606992066349187,0.8237531111182486,0.41935483870967744,-8.893639086137838,10.834228852561125,0.001066228285211556,0.01,0.01,0.010937967496123236,0.012908722857142858,0
focus_cluster,rth_15_330m,trend_3d_10d,0.5,15,evaluation_2025,-0.5595625731334497,44,19,-0.04955258216130187,-0.08855592661213263,0.775672267852154,0.4318181818181818,-11.045019098839738,7.623153970200139,0.0014213173742528395,0.01,0.010000000000000002,0.01070392724796748,0.011711908553409364,0
focus_cluster,rth_15_330m,trend_3d_10d,0.5,30,all,-0.6994861926510942,101,43,-0.11083015389755935,-0.1584450916429193,0.8167591857949196,0.40594059405940597,-10.926268115522719,9.524063266952416,0.0011485791485234917,0.01,0.010000000000000002,0.010870640914285714,0.012908722857142858,0
focus_cluster,rth_15_330m,trend_3d_10d,0.5,30,development_2024,-0.7521006598258609,60,24,-0.11391816550878198,-0.15146664747662664,0.6997017746049158,0.36666666666666664,-19.446456564702473,10.945079621712262,0.001066228285211556,0.01,0.01,0.010937967496123236,0.012908722857142858,0
focus_cluster,rth_15_330m,trend_3d_10d,0.5,30,evaluation_2025,0.05101151427105308,41,19,0.0034850185287855773,-0.06831827242507837,1.0295903542576608,0.4634146341463415,1.5423003466915508,7.444527138035567,0.0013693138379864687,0.01,0.010000000000000002,0.010730292773109244,0.011552357894736843,0
focus_cluster,rth_15_330m,trend_3d_10d,0.75,5,all,-0.49179460854707097,115,43,-0.03543326607506436,-0.07204891119027579,0.8774342326643823,0.46956521739130436,-2.968313441112594,6.294396287237856,0.0017228687227852375,0.01,0.010000000000000002,0.010580427276190477,0.011939148571428571,0
focus_cluster,rth_15_330m,trend_3d_10d,0.75,5,development_2024,0.007953933351459915,66,24,0.00036090178480452373,-0.04537400162377292,1.0106020130920883,0.4696969696969697,0.24153057967747582,7.218269588228695,0.001535116809487463,0.01,0.01,0.010651466387325696,0.011939148571428571,0
focus_cluster,rth_15_330m,trend_3d_10d,0.75,5,evaluation_2025,-0.7929191665851838,49,19,-0.035781254341315294,-0.04512597985922351,0.7211885369828174,0.46938775510204084,-7.291776816054325,5.049995514474685,0.002174799685442139,0.01,0.010000000000000002,0.010459812463048383,0.011141272368939576,0
focus_cluster,rth_15_330m,trend_3d_10d,0.75,10,all,-0.7498687737051168,115,43,-0.09413950373685365,-0.12554130407605646,0.7140329035905867,0.4608695652173913,-8.378685342223585,6.684369019532316,0.0016195270583560732,0.01,0.010000000000000002,0.010617464212678895,0.011939148571428571,0
focus_cluster,rth_15_330m,trend_3d_10d,0.75,10,development_2024,-0.59193288297566,70,24,-0.04787702316261522,-0.08088251985923867,0.77107296575937,0.4714285714285714,-6.765278154950239,7.63241393936235,0.0014382900402938497,0.01,0.01,0.010695292282158701,0.011939148571428571,0
focus_cluster,rth_15_330m,trend_3d_10d,0.75,10,evaluation_2025,-0.7962778917815113,45,19,-0.048588766051950394,-0.061019860721290176,0.6233221109195413,0.4444444444444444,-10.8884298557599,5.209632477574483,0.0020841240579081498,0.01,0.010000000000000002,0.010479817886178862,0.011141272368939576,0
focus_cluster,rth_15_330m,trend_3d_10d,0.75,15,all,-0.535492378481548,106,43,-0.07809982108778768,-0.14584674633325123,0.789885789014541,0.4528301886792453,-7.3785363963946065,6.541839299386403,0.0016340676875269576,0.01,0.010000000000000002,0.010612018214346897,0.011939148571428571,0
focus_cluster,rth_15_330m,trend_3d_10d,0.75,15,development_2024,-0.16746306635361125,60,24,-0.014529967981308234,-0.08676520917530006,0.9366260735861404,0.45,-2.118871902780108,7.412934278184351,0.0015349548517895445,0.01,0.01,0.010651536350012262,0.011939148571428571,0
focus_cluster,rth_15_330m,trend_3d_10d,0.75,15,evaluation_2025,-0.8848912677952896,46,19,-0.06450713978207934,-0.07289837986852232,0.6183723385615344,0.45652173913043476,-14.238968344587432,5.405628457476034,0.0020404296728875103,0.01,0.010000000000000002,0.010490114438581635,0.011141272368939576,0
focus_cluster,rth_15_330m,trend_3d_10d,0.75,30,all,0.7277159494792003,91,43,0.0593005762218457,-0.08148863064535683,1.1733421062714604,0.46153846153846156,6.841788671347107,6.541064097305523,0.0015843847429373476,0.01,0.010000000000000002,0.010631159826839827,0.011939148571428571,0
focus_cluster,rth_15_330m,trend_3d_10d,0.75,30,development_2024,0.4918741512092165,50,24,0.03606418915710852,-0.07331995200082952,1.1962633595158654,0.48,7.566430608450118,7.5831904829589485,0.001491627115282385,0.01,0.01,0.010670680481433714,0.011939148571428571,0
focus_cluster,rth_15_330m,trend_3d_10d,0.75,30,evaluation_2025,0.5338494374057206,41,19,0.02242755546221553,-0.04201101263907636,1.146791679065608,0.43902439024390244,5.958078991953188,5.270178261142807,0.0020268885887953178,0.01,0.010000000000000002,0.010493367028423774,0.011191354057515233,0
focus_cluster,rth_15_330m,trend_3d_10d,1.0,5,all,-0.5295853250064981,115,43,-0.028835674000202927,-0.05444953369855765,0.8669576687093166,0.46956521739130436,-2.445729159928606,4.720797215428392,0.0022971582970469835,0.01,0.010000000000000002,0.010435320457142858,0.01145436142857143,0
focus_cluster,rth_15_330m,trend_3d_10d,1.0,5,development_2024,-0.1254401356878506,66,24,-0.004597015748066147,-0.036647088452658516,0.9671977935413024,0.4696969696969697,-0.5856160494639855,5.413702191171521,0.002046822412649951,0.01,0.01,0.010488599790494272,0.01145436142857143,0
focus_cluster,rth_15_330m,trend_3d_10d,1.0,5,evaluation_2025,-0.7161247335865687,49,19,-0.024350598336163043,-0.034003291876553265,0.7407369731742242,0.46938775510204084,-4.951187635248298,3.7874966358560145,0.0028997329139228522,0.01,0.010000000000000002,0.010344859347286288,0.010855954276704683,0
focus_cluster,rth_15_330m,trend_3d_10d,1.0,10,all,-0.7260621573870347,115,43,-0.08441564131602997,-0.11626503386407916,0.6696345680773329,0.4608695652173913,-7.534798985365279,5.016711439891213,0.0021593694111414308,0.01,0.010000000000000002,0.010463098159509172,0.01145436142857143,0
focus_cluster,rth_15_330m,trend_3d_10d,1.0,10,development_2024,-0.5851511722568634,70,24,-0.04677116340831444,-0.07993005162738243,0.710131062628621,0.4714285714285714,-6.695774103427769,5.70954109627603,0.0019177200537251328,0.01,0.01,0.010521469211619026,0.01145436142857143,0
focus_cluster,rth_15_330m,trend_3d_10d,1.0,10,evaluation_2025,-0.8299827722006636,45,19,-0.039491543334248425,-0.04758116030473536,0.604538181499633,0.4444444444444444,-8.839948801712522,3.9389764188481657,0.0027386276759729373,0.01,0.010000000000000002,0.010365146386554622,0.010855954276704683,0
focus_cluster,rth_15_330m,trend_3d_10d,1.0,15,all,-0.613356211872668,107,43,-0.0819366818612941,-0.133587433004272,0.7316102223592645,0.45794392523364486,-7.787379554753483,5.04076765973372,0.0021125129905831303,0.01,0.010000000000000002,0.010473369870129869,0.01145436142857143,0
focus_cluster,rth_15_330m,trend_3d_10d,1.0,15,development_2024,-0.33191369359829764,60,24,-0.02712416705510068,-0.0817205423525792,0.846357461325056,0.43333333333333335,-4.359291912575417,5.5424697906849065,0.002046606469052726,0.01,0.01,0.010488652262509198,0.01145436142857143,0
focus_cluster,rth_15_330m,trend_3d_10d,1.0,15,evaluation_2025,-0.9794103630660052,47,19,-0.05634070962609483,-0.05752513119191682,0.5923031628494974,0.48936170212765956,-12.163661651151015,4.400296854264118,0.0025348287610869346,0.01,0.010000000000000002,0.010394503966244726,0.011072490530303082,0
focus_cluster,rth_15_330m,trend_3d_10d,1.0,30,all,0.5801667853074407,92,43,0.033117054698072135,-0.05708195563198748,1.1265862225479693,0.4673913043478261,3.872607060234522,5.108641060916864,0.002065637267902762,0.01,0.010000000000000002,0.010484112184976812,0.01145436142857143,0
focus_cluster,rth_15_330m,trend_3d_10d,1.0,30,development_2024,0.5285683568120312,50,24,0.0287192714721356,-0.05433407259819889,1.208299256144218,0.46,5.963687078607589,5.754781844928746,0.001988836153709847,0.01,0.01,0.010503010361075284,0.01145436142857143,0
focus_cluster,rth_15_330m,trend_3d_10d,1.0,30,evaluation_2025,0.09128831861726212,42,19,0.0042750081075499935,-0.0468297387037383,1.0420067425454238,0.47619047619047616,1.3832260859808736,4.3394258418551015,0.0024734342642642325,0.01,0.010000000000000002,0.010404545414494912,0.011072490530303082,0
focus_cluster,rth_15_330m,trend_3d_10d,1.25,5,all,-0.5829301919090989,115,43,-0.028859169805907192,-0.049507076844644615,0.8372545253436684,0.46956521739130436,-2.4783224583776358,3.776637772342714,0.0028714478713087292,0.01,0.010000000000000002,0.010348256365714285,0.011163489142857143,0
focus_cluster,rth_15_330m,trend_3d_10d,1.25,5,development_2024,-0.2275825517902586,66,24,-0.007577255591629473,-0.03329453656277093,0.9278262178244479,0.4696969696969697,-1.0745534456317656,4.330961752937217,0.002558528015812438,0.01,0.010000000000000002,0.010390879832395419,0.011163489142857143,0
focus_cluster,rth_15_330m,trend_3d_10d,1.25,5,evaluation_2025,-0.7861101196234489,49,19,-0.02144440394397118,-0.027279134829409357,0.7214622243655132,0.46938775510204084,-4.369113373504726,3.0299973086848113,0.0036246661424035654,0.01,0.01,0.01027588747782903,0.010684763421363746,0
focus_cluster,rth_15_330m,trend_3d_10d,1.25,10,all,-0.748477533314438,115,43,-0.07689058976165797,-0.10272932231000709,0.6403541171188881,0.4608695652173913,-6.862143742742911,4.01336915191297,0.0026992117639267886,0.01,0.01,0.010370478527607337,0.011163489142857143,0
focus_cluster,rth_15_330m,trend_3d_10d,1.25,10,development_2024,-0.632905075223108,70,24,-0.04603727728579199,-0.07273962413646817,0.6645202584518438,0.4714285714285714,-6.62499700671298,4.567632877020824,0.002397150067156416,0.01,0.01,0.01041717536929522,0.011163489142857143,0
focus_cluster,rth_15_330m,trend_3d_10d,1.25,10,evaluation_2025,-0.8409561540136733,45,19,-0.0323422621673124,-0.03845891609562624,0.5992078177186708,0.4444444444444444,-7.231038665456143,3.1511811350785326,0.0034232845949661718,0.01,0.01,0.010292117109243697,0.010684763421363746,0
focus_cluster,rth_15_330m,trend_3d_10d,1.25,15,all,-0.6327534281798388,107,43,-0.07589644416296348,-0.11994631839654368,0.6979036018309154,0.45794392523364486,-7.239935908875666,4.032614127786975,0.0026406412382289127,0.01,0.01,0.010378695896103896,0.011163489142857143,0
focus_cluster,rth_15_330m,trend_3d_10d,1.25,15,development_2024,-0.3384147401091788,60,24,-0.023746752222861378,-0.0701705611735477,0.8291638683532346,0.43333333333333335,-3.863850452746914,4.433975832547926,0.0025582580863159074,0.01,0.01,0.010390921810007357,0.011163489142857143,0
focus_cluster,rth_15_330m,trend_3d_10d,1.25,15,evaluation_2025,-0.9949083697671673,47,19,-0.05341820071671288,-0.05369157838044325,0.5503619537102697,0.48936170212765956,-11.549832235848543,3.5202374834112944,0.003168535951358668,0.01,0.01,0.01031560317299578,0.010857992424242466,0
focus_cluster,rth_15_330m,trend_3d_10d,1.25,30,all,0.7635334366198321,89,43,0.042664418519649194,-0.05587760335490333,1.2031274437625965,0.47191011235955055,4.941867681515692,4.100756513147042,0.0025831147345361577,0.01,0.010000000000000002,0.010387129532664591,0.011163489142857143,0
focus_cluster,rth_15_330m,trend_3d_10d,1.25,30,development_2024,0.24786041778310514,50,24,0.013665501944643665,-0.05513386149700561,1.1134463433788624,0.46,2.961437931750763,4.603825475942997,0.0024860451921373083,0.01,0.010000000000000002,0.01040240828886023,0.011163489142857143,0
focus_cluster,rth_15_330m,trend_3d_10d,1.25,30,evaluation_2025,0.9219327113147157,39,19,0.028607974247297552,-0.031030436273924322,1.3392267183937987,0.48717948717948717,7.480880181214317,3.4557963044342785,0.003168535951358668,0.01,0.01,0.01031560317299578,0.010857992424242466,0
focus_cluster,rth_15_330m,trend_3d_10d_plus_migration,0.0,5,all,-0.1065768333720063,50,18,-0.008689831322964192,-0.08153583708602363,0.9789852955549105,0.44,-1.0869785579172468,14.487977612273935,0.000727976180765819,0.01,0.010000000000000002,0.01137401316269987,0.013324356659668564,0
focus_cluster,rth_15_330m,trend_3d_10d_plus_migration,0.0,5,development_2024,-0.5649734908004318,24,7,-0.027179716401690035,-0.0430290585119244,0.783394085691745,0.4166666666666667,-10.94512998809724,17.969245070101334,0.0005881974600922026,0.01,0.010000000000000002,0.011700117391198854,0.013324356659668564,0
focus_cluster,rth_15_330m,trend_3d_10d_plus_migration,0.0,5,evaluation_2025,0.2170096802569703,26,11,0.019006475697993075,-0.08153583708602363,1.1516801858180234,0.46153846153846156,8.012853531479669,11.274499958894797,0.0009840462028002856,0.01,0.010000000000000002,0.011018294354566752,0.011994864795261493,0
focus_cluster,rth_15_330m,trend_3d_10d_plus_migration,0.0,10,all,-0.45071343529133673,51,18,-0.056846691430667784,-0.12612601928301215,0.835301846543341,0.4117647058823529,-10.648893034309472,15.31835540046212,0.0006692061630165238,0.01,0.010000000000000002,0.01149430781613305,0.013324356659668564,0
focus_cluster,rth_15_330m,trend_3d_10d_plus_migration,0.0,10,development_2024,-0.7575752811400307,26,7,-0.09596689762431321,-0.11792929609715386,0.4731508797262463,0.34615384615384615,-38.10257270646668,19.033299315858443,0.0005814913479999458,0.01,0.010000000000000002,0.011719865831109118,0.013324356659668564,0
focus_cluster,rth_15_330m,trend_3d_10d_plus_migration,0.0,10,evaluation_2025,0.467487206525257,25,11,0.043272979817710944,-0.08449994939539074,1.3158271016551537,0.48,17.902933824734028,11.454813728449949,0.0009395513768000354,0.01,0.010000000000000002,0.011064337751710656,0.011994864795261493,0
focus_cluster,rth_15_330m,trend_3d_10d_plus_migration,0.0,15,all,-0.3679977523080776,48,18,-0.048452574842772544,-0.13166540974470242,0.8675254215608331,0.375,-9.391447916485522,14.408433019888085,0.000727976180765819,0.01,0.010000000000000002,0.01137401316269987,0.013324356659668564,0
focus_cluster,rth_15_330m,trend_3d_10d_plus_migration,0.0,15,development_2024,-0.7006547562369632,23,7,-0.08867160961792897,-0.11081123835119844,0.5000103498035362,0.30434782608695654,-39.58774637743829,17.61888877145127,0.0005894768861587579,0.01,0.010000000000000002,0.011696419356688194,0.013324356659668564,0
focus_cluster,rth_15_330m,trend_3d_10d_plus_migration,0.0,15,evaluation_2025,0.47328327553803634,25,11,0.0441323184920146,-0.08512261613864458,1.2906430668080666,0.44,18.38914666759103,11.454813728449949,0.0009395513768000354,0.01,0.010000000000000002,0.011064337751710656,0.011994864795261493,0
focus_cluster,rth_15_330m,trend_3d_10d_plus_migration,0.0,30,all,-0.249747089641321,47,18,-0.031348177076062966,-0.12551968922274226,0.9205912833495982,0.3617021276595745,-5.746454796690015,14.240544343486278,0.0007394586658798011,0.01,0.010000000000000002,0.01135234063260346,0.013324356659668564,0
focus_cluster,rth_15_330m,trend_3d_10d_plus_migration,0.0,30,development_2024,-0.6325064748272204,22,7,-0.07719781757446853,-0.10451792045083164,0.5692503938395607,0.2727272727272727,-35.6233196469653,17.406147315118467,0.0005918588532907533,0.01,0.010000000000000002,0.011689619394432426,0.013324356659668564,0
focus_cluster,rth_15_330m,trend_3d_10d_plus_migration,0.0,30,evaluation_2025,0.5651362896906068,25,11,0.04968523197235242,-0.08025710736382108,1.3247195780232017,0.44,20.54518627155222,11.454813728449949,0.0009395513768000354,0.01,0.010000000000000002,0.011064337751710656,0.011994864795261493,0
focus_cluster,rth_15_330m,trend_3d_10d_plus_migration,0.25,5,all,0.5896340278531288,49,18,0.03674942460710584,-0.062325820544840926,1.1844491552716871,0.4897959183673469,7.945996953669805,13.774014636762166,0.0008040140308427147,0.01,0.010000000000000002,0.011243759389312977,0.013324356659668564,0
focus_cluster,rth_15_330m,trend_3d_10d_plus_migration,0.25,5,development_2024,0.1734464548000695,24,7,0.00582177614395718,-0.030021685303814327,1.0703413292176291,0.4583333333333333,2.926348308387012,17.428994880043252,0.0005918588532907533,0.01,0.01,0.011689619394432426,0.013324356659668564,0
focus_cluster,rth_15_330m,trend_3d_10d_plus_migration,0.25,5,evaluation_2025,0.45036770291432826,25,11,0.030748636783066052,-0.062325820544840815,1.2868637084954193,0.52,12.76485965314129,10.265233603212318,0.0010336587318445218,0.01,0.010000000000000002,0.010967437287755063,0.011750055638350809,0
focus_cluster,rth_15_330m,trend_3d_10d_plus_migration,0.25,10,all,0.2353589418692852,50,18,0.018955189592533728,-0.08053736748638662,1.085458458561677,0.48,4.508901242108269,14.52455798848521,0.0007403974929970027,0.01,0.010000000000000002,0.011350628030612792,0.013324356659668564,0
focus_cluster,rth_15_330m,trend_3d_10d_plus_migration,0.25,10,development_2024,-0.6554637154934972,26,7,-0.05670482815022315,-0.08053736748638662,0.6513977451009857,0.38461538461538464,-21.758829484590738,18.376440014720643,0.0005881974600922026,0.01,0.01,0.011700117391198854,0.013324356659668564,0
focus_cluster,rth_15_330m,trend_3d_10d_plus_migration,0.25,10,evaluation_2025,1.01486012865022,24,11,0.0802082105375237,-0.07068994280189433,1.779317349529611,0.5833333333333334,32.96560952936553,10.351685793396824,0.0009866050543222787,0.01,0.010000000000000002,0.01101588751973286,0.011750055638350809,0
focus_cluster,rth_15_330m,trend_3d_10d_plus_migration,0.25,15,all,-0.04142035150145916,48,18,-0.004371232201796249,-0.10553344052723113,0.9999965873729129,0.4166666666666667,-0.0002174739182226465,14.057158052333103,0.0007726751754784595,0.01,0.010000000000000002,0.01129633740896755,0.013324356659668564,0
focus_cluster,rth_15_330m,trend_3d_10d_plus_migration,0.25,15,development_2024,-0.682370179515651,24,7,-0.07250599979467665,-0.09503835260360416,0.5995863782107642,0.3333333333333333,-30.534735520765782,17.76263031126938,0.0005918588532907533,0.01,0.01,0.011689619394432426,0.013324356659668564,0
focus_cluster,rth_15_330m,trend_3d_10d_plus_migration,0.25,15,evaluation_2025,0.8809105835270425,24,11,0.0734611410723931,-0.07458832177262864,1.5964370002559702,0.5,30.534300572929336,10.351685793396824,0.0009866050543222787,0.01,0.010000000000000002,0.01101588751973286,0.011750055638350809,0
focus_cluster,rth_15_330m,trend_3d_10d_plus_migration,0.25,30,all,0.6294026508169923,45,18,0.06247481856103243,-0.09926049481986987,1.230057569252167,0.4444444444444444,14.520293551021856,14.070575138538551,0.0007413363201142042,0.01,0.01,0.011348915428622125,0.013324356659668564,0
focus_cluster,rth_15_330m,trend_3d_10d_plus_migration,0.25,30,development_2024,-0.5993753296400026,23,7,-0.06071263224390555,-0.08869180423771794,0.6692532816972325,0.30434782608695654,-26.294857302624212,17.56538811563879,0.0005942408204227486,0.01,0.01,0.011682819432176656,0.013324356659668564,0
focus_cluster,rth_15_330m,trend_3d_10d_plus_migration,0.25,30,evaluation_2025,2.011884629480948,22,11,0.13114990686952988,-0.05582331550307007,2.243666670967424,0.5909090909090909,57.19067853437911,10.416907026115577,0.0009394956678769532,0.01,0.01,0.0110644008670906,0.011750055638350809,0
focus_cluster,rth_15_330m,trend_3d_10d_plus_migration,0.5,5,all,1.1142570842668083,48,18,0.03889145238847891,-0.034903482273186404,1.3121501702270861,0.5416666666666666,8.24052334746183,8.418460292869256,0.0013454180893695499,0.01,0.010000000000000002,0.010743497916892913,0.012908722857142858,0
focus_cluster,rth_15_330m,trend_3d_10d_plus_migration,0.5,5,development_2024,0.04019251751859647,23,7,0.0012127601407050381,-0.026420011095121043,1.0289955012315102,0.4782608695652174,0.8078818129326271,10.722335353756845,0.0010508168197943444,0.01,0.01,0.010951640648648649,0.012908722857142858,0
focus_cluster,rth_15_330m,trend_3d_10d_plus_migration,0.5,5,evaluation_2025,0.9842605166629028,25,11,0.03763305238187176,-0.034903482273186626,1.6018617135308537,0.6,15.078553559228697,6.298895236852673,0.001781873929267453,0.01,0.010000000000000002,0.010561206931407942,0.011552357894736843,0
focus_cluster,rth_15_330m,trend_3d_10d_plus_migration,0.5,10,all,-0.2391364349294553,49,18,-0.018402869439036684,-0.07695552308649867,0.9103563135883367,0.46938775510204084,-3.3932828673817887,8.940126878142294,0.0012060198837207652,0.01,0.010000000000000002,0.010829173725490198,0.012908722857142858,0
focus_cluster,rth_15_330m,trend_3d_10d_plus_migration,0.5,10,development_2024,-0.6189262708350101,25,7,-0.05217582617853189,-0.07695552308649867,0.5369063906200802,0.36,-21.0398045732621,11.39416806183487,0.0010144310385616518,0.01,0.01,0.010985774253731321,0.012908722857142858,0
focus_cluster,rth_15_330m,trend_3d_10d_plus_migration,0.5,10,evaluation_2025,0.6483259247249513,24,11,0.03563209049978999,-0.04915785317192545,1.5003339550672798,0.5833333333333334,14.988510576243533,6.383833978462526,0.0017541603779184498,0.01,0.010000000000000002,0.010570215628850362,0.011552357894736843,0
focus_cluster,rth_15_330m,trend_3d_10d_plus_migration,0.5,15,all,-0.336809211899064,44,18,-0.031161613420407464,-0.09252007462832124,0.864790374781249,0.45454545454545453,-6.64616366014877,8.428131561336487,0.0013454180893695499,0.01,0.010000000000000002,0.010743497916892913,0.012908722857142858,0
focus_cluster,rth_15_330m,trend_3d_10d_plus_migration,0.5,15,development_2024,-0.5849227576495656,21,7,-0.05726743367777942,-0.08191401677192878,0.5551887633842794,0.3333333333333333,-27.499226420902392,10.691569531496693,0.0010562564952915651,0.01,0.01,0.01094673974025974,0.012908722857142858,0
focus_cluster,rth_15_330m,trend_3d_10d_plus_migration,0.5,15,evaluation_2025,0.5234354076749994,23,11,0.027691649986396616,-0.046322183988457444,1.3297190363920983,0.5652173913043478,12.393589295321924,6.361514284233691,0.001781873929267453,0.01,0.010000000000000002,0.010561206931407942,0.011552357894736843,0
focus_cluster,rth_15_330m,trend_3d_10d_plus_migration,0.5,30,all,-0.13192735924648233,42,18,-0.011786206705204139,-0.08933860855339149,0.9635256763649468,0.4523809523809524,-2.085322711748347,8.54388524226418,0.0013363906999747548,0.01,0.010000000000000002,0.010748376801656122,0.012908722857142858,0
focus_cluster,rth_15_330m,trend_3d_10d_plus_migration,0.5,30,development_2024,-0.5447108310600635,20,7,-0.05250018205561957,-0.07869536771111096,0.6190716206459271,0.35,-26.24523253781724,10.800611984043057,0.001066228285211556,0.01,0.01,0.010937967496123236,0.012908722857142858,0
focus_cluster,rth_15_330m,trend_3d_10d_plus_migration,0.5,30,evaluation_2025,0.8466869882003693,22,11,0.04296990308530635,-0.043460248136220625,1.4273731005574157,0.5454545454545454,19.87823167558701,6.492315477010655,0.0017541603779184498,0.01,0.010000000000000002,0.010570215628850362,0.011552357894736843,0
focus_cluster,rth_15_330m,trend_3d_10d_plus_migration,0.75,5,all,1.1014518609602681,48,18,0.02556585434615921,-0.023211050116952348,1.2822655237815404,0.5416666666666666,5.42345184735428,5.662586729476573,0.0018956566683550472,0.01,0.01,0.010528625595388927,0.011939148571428571,0
focus_cluster,rth_15_330m,trend_3d_10d_plus_migration,0.75,5,development_2024,0.07746686785012934,23,7,0.0018694727416601609,-0.021130337362722518,1.0469211355316337,0.4782608695652174,1.001074657240813,7.253155466695546,0.0015485870611324482,0.01,0.01,0.010645749938830511,0.011939148571428571,0
focus_cluster,rth_15_330m,trend_3d_10d_plus_migration,0.75,5,evaluation_2025,1.005429054425966,25,11,0.023652164527632857,-0.02147478562937888,1.549866125728607,0.6,9.492038862258667,4.199263491235116,0.0026728108939011795,0.01,0.01,0.010374137954271962,0.011034905263157896,0
focus_cluster,rth_15_330m,trend_3d_10d_plus_migration,0.75,10,all,-0.6805375459477634,50,18,-0.045816456493880886,-0.06732392175375679,0.6992562980251552,0.48,-9.16694760092052,6.1012353577679646,0.0017156809316286226,0.01,0.01,0.010583004741550417,0.011939148571428571,0
focus_cluster,rth_15_330m,trend_3d_10d_plus_migration,0.75,10,development_2024,-0.7416490050752705,25,7,-0.054696362859915415,-0.06732392175375679,0.38882882236513117,0.36,-22.28114571225994,7.692649386945618,0.0015216465578424777,0.01,0.01,0.01065718283582088,0.011939148571428571,0
focus_cluster,rth_15_330m,trend_3d_10d_plus_migration,0.75,10,evaluation_2025,0.20916189826308604,25,11,0.009393708028988534,-0.040998112218497806,1.1610768559937514,0.6,3.947250510418896,4.509821328590311,0.0025883412580381964,0.01,0.01,0.010386347819049927,0.011034905263157896,0
focus_cluster,rth_15_330m,trend_3d_10d_plus_migration,0.75,15,all,-0.7668070576784016,44,18,-0.0612805035129782,-0.07991645734001473,0.6420189204203957,0.45454545454545453,-14.082396929771999,5.790200393063225,0.0018956566683550472,0.01,0.01,0.010528625595388927,0.011939148571428571,0
focus_cluster,rth_15_330m,trend_3d_10d_plus_migration,0.75,15,development_2024,-0.6636672520318174,20,7,-0.05099432937273185,-0.06273730616068085,0.4325938704348881,0.3,-25.862330020463546,7.3310704355253975,0.0015492279509270715,0.01,0.01,0.010645482913302414,0.011939148571428571,0
focus_cluster,rth_15_330m,trend_3d_10d_plus_migration,0.75,15,evaluation_2025,-0.23144908404381384,24,11,-0.01083889639294533,-0.04188655009948539,0.8750395781728235,0.5833333333333334,-4.2657860208623815,4.506142024344747,0.002630576075969688,0.01,0.01,0.010380242886660944,0.011034905263157896,0
focus_cluster,rth_15_330m,trend_3d_10d_plus_migration,0.75,30,all,-0.02930567747278977,40,18,-0.002309376185479328,-0.07880303015084966,1.0002465433487693,0.45,0.011692609495499856,6.015622044175653,0.0017156809316286226,0.01,0.01,0.010583004741550417,0.011939148571428571,0
focus_cluster,rth_15_330m,trend_3d_10d_plus_migration,0.75,30,development_2024,-inf,18,7,-0.0451958320251169,-0.06852428386840548,0.5668717737568822,0.3333333333333333,-25.152549856525038,7.809838848283964,0.001535116809487463,0.01,0.01,0.010651466387325696,0.011939148571428571,0
focus_cluster,rth_15_330m,trend_3d_10d_plus_migration,0.75,30,evaluation_2025,1.7052099280568351,22,11,0.0449164941650797,-0.022556863514792358,1.5320943208613225,0.5454545454545454,20.600618263512306,4.547626477177945,0.002630576075969688,0.01,0.01,0.010380242886660944,0.011034905263157896,0
focus_cluster,rth_15_330m,trend_3d_10d_plus_migration,1.0,5,all,0.5169501125324376,48,18,0.011576681356192609,-0.022394194479387397,1.156832656450928,0.5416666666666666,2.5050888855156943,4.246940047107429,0.0025275422244733963,0.01,0.010000000000000002,0.010396469196541695,0.01145436142857143,0
focus_cluster,rth_15_330m,trend_3d_10d_plus_migration,1.0,5,development_2024,-0.1694294566698847,23,7,-0.0035592735197357284,-0.018393981106270108,0.9217012942401179,0.4782608695652174,-1.4231070505477776,5.4398666000216584,0.0020647827481765977,0.01,0.01,0.010484312454122884,0.01145436142857143,0
focus_cluster,rth_15_330m,trend_3d_10d_plus_migration,1.0,5,evaluation_2025,0.8591276410884368,25,11,0.015190020312992658,-0.016140241908344732,1.4387394442863777,0.6,6.11902914669409,3.1494476184263367,0.003563747858534906,0.01,0.010000000000000002,0.010280603465703971,0.01077617894736842,0
focus_cluster,rth_15_330m,trend_3d_10d_plus_migration,1.0,10,all,-0.8237491816679811,50,18,-0.056055194856579615,-0.06804886257134168,0.5842499690559068,0.48,-11.375210700690204,4.575926518325973,0.00228757457550483,0.01,0.010000000000000002,0.010437253556162812,0.01145436142857143,0
focus_cluster,rth_15_330m,trend_3d_10d_plus_migration,1.0,10,development_2024,-0.7743215526152845,25,7,-0.05323463963249342,-0.06275991515603596,0.32871742621483563,0.36,-21.710859284194783,5.769487040209213,0.0020288620771233036,0.01,0.01,0.01049288712686566,0.01145436142857143,0
focus_cluster,rth_15_330m,trend_3d_10d_plus_migration,1.0,10,evaluation_2025,-0.07123174911701965,25,11,-0.0029791491558067706,-0.03817930475840681,0.9535475094090295,0.6,-1.0395621171856257,3.3823659964427333,0.0034511216773842617,0.01,0.010000000000000002,0.010289760864287446,0.01077617894736842,0
focus_cluster,rth_15_330m,trend_3d_10d_plus_migration,1.0,15,all,-0.8143660423630864,43,18,-0.06152787359982326,-0.0755530933255576,0.5700316055229031,0.46511627906976744,-14.55564818548613,4.387980406633198,0.0024120397674415304,0.01,0.010000000000000002,0.0104145868627451,0.01145436142857143,0
focus_cluster,rth_15_330m,trend_3d_10d_plus_migration,1.0,15,development_2024,-0.694749956612889,20,7,-0.050443877987228714,-0.059283564559122315,0.3657281514733948,0.3,-25.646747515347744,5.498302826644049,0.002065637267902762,0.01,0.01,0.010484112184976812,0.01145436142857143,0
focus_cluster,rth_15_330m,trend_3d_10d_plus_migration,1.0,15,evaluation_2025,-0.3041228303426529,23,11,-0.01167281780996765,-0.03360701765254004,0.8254054834928731,0.6086956521739131,-4.911213985606466,3.4224826501020225,0.0034511216773842617,0.01,0.010000000000000002,0.010289760864287446,0.01077617894736842,0
focus_cluster,rth_15_330m,trend_3d_10d_plus_migration,1.0,30,all,-0.32539678889014756,39,18,-0.021485927724497755,-0.06602993163448612,0.8619794625698499,0.4358974358974359,-5.188846499101604,4.535325912373551,0.0022514008249538307,0.01,0.010000000000000002,0.010444167910447713,0.01145436142857143,0
focus_cluster,rth_15_330m,trend_3d_10d_plus_migration,1.0,30,development_2024,-inf,18,7,-0.05688624565489597,-0.05585566331017178,0.3028527665715367,0.2777777777777778,-32.274832074919495,5.790851621943963,0.002046822412649951,0.01,0.01,0.010488599790494272,0.01145436142857143,0
focus_cluster,rth_15_330m,trend_3d_10d_plus_migration,1.0,30,evaluation_2025,0.7887403269591979,21,11,0.03753557592316059,-0.03981603941682055,1.5981942885825575,0.5714285714285714,18.027712565885153,3.4591610184560553,0.0034511216773842617,0.01,0.010000000000000002,0.010289760864287446,0.01077617894736842,0
focus_cluster,rth_15_330m,trend_3d_10d_plus_migration,1.25,5,all,0.13583304419699616,48,18,0.0032382599961573444,-0.023840001638047337,1.0537531629767038,0.5416666666666666,0.7540711084126307,3.397552037685943,0.003159427780591745,0.01,0.01,0.010317175357233355,0.011163489142857143,0
focus_cluster,rth_15_330m,trend_3d_10d_plus_migration,1.25,5,development_2024,-0.3196018483926967,23,7,-0.006821000820648293,-0.018687108624636628,0.8232359286697316,0.4782608695652174,-2.877616075220751,4.351893280017327,0.002580978435220747,0.01,0.01,0.010387449963298307,0.011163489142857143,0
focus_cluster,rth_15_330m,trend_3d_10d_plus_migration,1.25,5,evaluation_2025,0.6762386675706966,25,11,0.010128346275059208,-0.013672499545666184,1.3424823508099104,0.6,4.095223317355342,2.519558094741069,0.004454684823168633,0.01,0.01,0.010224482772563177,0.010620943157894736,0
focus_cluster,rth_15_330m,trend_3d_10d_plus_migration,1.25,10,all,-0.8412230405342951,50,18,-0.05122496894075568,-0.06089344498721838,0.5515424102538823,0.48,-10.398203446510076,3.6607412146607783,0.002859468219381037,0.01,0.01,0.01034980284493025,0.011163489142857143,0
focus_cluster,rth_15_330m,trend_3d_10d_plus_migration,1.25,10,development_2024,-0.7841493233064614,25,7,-0.0468522656643372,-0.054543273863484565,0.30850198271524,0.36,-19.064145054473702,4.61558963216737,0.0025360775964041295,0.01,0.01,0.010394309701492528,0.011163489142857143,0
focus_cluster,rth_15_330m,trend_3d_10d_plus_migration,1.25,10,evaluation_2025,-0.13562413014497016,25,11,-0.004587644830804538,-0.03087892689115257,0.9078772473654309,0.6,-1.7322618385464525,2.705892797154186,0.004313902096730327,0.01,0.01,0.010231808691429957,0.010620943157894736,0
focus_cluster,rth_15_330m,trend_3d_10d_plus_migration,1.25,15,all,-0.844866208205113,43,18,-0.0612596323436968,-0.07250808678197773,0.5150456952039796,0.46511627906976744,-14.535801940155505,3.5103843253065574,0.003015049709301913,0.01,0.01,0.010331669490196078,0.011163489142857143,0
focus_cluster,rth_15_330m,trend_3d_10d_plus_migration,1.25,15,development_2024,-0.7050056539515315,20,7,-0.04505539645657852,-0.05218054203245959,0.3408934173235192,0.3,-22.874008181769366,4.3986422613152385,0.0025820465848784523,0.01,0.01,0.010387289747981449,0.011163489142857143,0
focus_cluster,rth_15_330m,trend_3d_10d_plus_migration,1.25,15,evaluation_2025,-0.4527193756266763,23,11,-0.016968770572650005,-0.032818942763342185,0.7182794162929608,0.6086956521739131,-7.285187817013021,2.737986120081618,0.004313902096730327,0.01,0.01,0.010231808691429957,0.010620943157894736,0
focus_cluster,rth_15_330m,trend_3d_10d_plus_migration,1.25,30,all,-0.10045274822879141,37,18,-0.0056624806809160155,-0.05636959446862655,0.959945172173477,0.4594594594594595,-1.2365437807788673,3.637469408131163,0.002814251031192288,0.01,0.01,0.010355334328358171,0.011163489142857143,0
focus_cluster,rth_15_330m,trend_3d_10d_plus_migration,1.25,30,development_2024,-inf,18,7,-0.05719361155846692,-0.05636959446862655,0.25665427700136073,0.2777777777777778,-32.4865323266023,4.6326812975551706,0.002558528015812438,0.01,0.01,0.010390879832395419,0.011163489142857143,0
focus_cluster,rth_15_330m,trend_3d_10d_plus_migration,1.25,30,evaluation_2025,-inf,19,11,0.05465717193827291,-0.025668720560808156,2.515844143145822,0.631578947368421,28.36870852579071,2.6946370918347355,0.004454684823168633,0.01,0.01,0.010224482772563177,0.010620943157894736,0
focus_cluster,rth_15_330m,trend_10d_30d,0.0,5,all,-0.758918572102925,117,43,-0.2281236028641005,-0.30059035481498564,0.6463015058243522,0.4188034188034188,-21.521245887360948,18.066844465687186,0.0005857150435654238,0.01,0.010000000000000002,0.011707314864089371,0.01391272351885077,0
focus_cluster,rth_15_330m,trend_10d_30d,0.0,5,development_2024,-0.06270492361273124,62,20,-0.005846228882763538,-0.09323396865723244,0.9939645436994724,0.5,-0.3061443713105278,20.80613939232925,0.0005056764769462093,0.01,0.010000000000000002,0.01197758500903322,0.01391272351885077,0
focus_cluster,rth_15_330m,trend_10d_30d,0.0,5,evaluation_2025,-1.0151914881977755,55,23,-0.22358450014381615,-0.2202387458357593,0.37117876962417956,0.32727272727272727,-45.43645123272687,14.978912002927041,0.0007334465754062139,0.01,0.010000000000000002,0.011363425822045945,0.013419095142343178,0
focus_cluster,rth_15_330m,trend_10d_30d,0.0,10,all,-0.6383443470297335,116,43,-0.17005536240468277,-0.26640067104214793,0.7726336198520889,0.41379310344827586,-15.266667780909783,18.524506590773605,0.0005809744757212896,0.01,0.010000000000000002,0.011721290106645637,0.01391272351885077,0
focus_cluster,rth_15_330m,trend_10d_30d,0.0,10,development_2024,-0.030687017968110603,64,20,-0.0033980121694749954,-0.11073126013763046,1.0050799663487044,0.484375,0.3051215301513009,21.253279498161305,0.0005007347955860932,0.01,0.010000000000000002,0.011997126830398417,0.01391272351885077,0
focus_cluster,rth_15_330m,trend_10d_30d,0.0,10,evaluation_2025,-1.0072097316640418,52,23,-0.16722558480743122,-0.16602856341663097,0.5461236248033488,0.3269230769230769,-34.431946932984964,15.166016858604136,0.0007059645407526099,0.01,0.010000000000000002,0.011416816902322026,0.013419095142343178,0
focus_cluster,rth_15_330m,trend_10d_30d,0.0,15,all,-0.37603809564474794,109,43,-0.10856084138900124,-0.2886963917920732,0.8611880306437303,0.3853211009174312,-9.629236369391053,17.838801865270213,0.0005869180340256471,0.01,0.010000000000000002,0.011703815425709516,0.013419095142343178,0
focus_cluster,rth_15_330m,trend_10d_30d,0.0,15,development_2024,0.7041460787359904,58,20,0.08202459202578316,-0.11648803352427262,1.2526203474711604,0.5,14.52360373368226,20.14362370740651,0.0005182607905524258,0.01,0.010000000000000002,0.011929643913411336,0.013326394301704446,0
focus_cluster,rth_15_330m,trend_10d_30d,0.0,15,evaluation_2025,-0.9464381171701836,51,23,-0.17613780206045726,-0.18610598925062638,0.5523785093756071,0.2549019607843137,-37.0971721728862,15.217631927154423,0.000695435385853383,0.01,0.010000000000000002,0.011437948111847774,0.013419095142343178,0
focus_cluster,rth_15_330m,trend_10d_30d,0.0,30,all,-0.29353922703250707,105,43,-0.07821032345891854,-0.26643908635167657,0.9092601528281502,0.37142857142857144,-6.709628689252948,17.68890396177083,0.0005892280804140988,0.01,0.010000000000000002,0.011697135681818183,0.013419095142343178,0
focus_cluster,rth_15_330m,trend_10d_30d,0.0,30,development_2024,0.704050231900365,55,20,0.08307114473665189,-0.11799036627319492,1.2399603576336435,0.45454545454545453,15.619044776224506,19.88684438040133,0.0005225929173641436,0.01,0.010000000000000002,0.011913535309747031,0.013326394301704446,0
focus_cluster,rth_15_330m,trend_10d_30d,0.0,30,evaluation_2025,-0.935320112805981,50,23,-0.14891124094602803,-0.15920885150142983,0.6263112390269053,0.28,-31.271169501278152,15.271169501277274,0.0006823207744349534,0.01,0.010000000000000002,0.011466127963990411,0.013419095142343178,0
focus_cluster,rth_15_330m,trend_10d_30d,0.25,5,all,-0.628159003048045,118,43,-0.16298016759947287,-0.2594568680996956,0.72796704276675,0.4491525423728814,-14.53596378928046,16.636775828234523,0.0006208270707168268,0.01,0.010000000000000002,0.011610786098271902,0.01391272351885077,0
focus_cluster,rth_15_330m,trend_10d_30d,0.25,5,development_2024,0.6650457312233901,64,20,0.04570187914247681,-0.06871990450702625,1.1776307266874666,0.53125,7.5403385499945035,19.191611119651547,0.0005685698902501018,0.01,0.010000000000000002,0.01175897673518114,0.01391272351885077,0
focus_cluster,rth_15_330m,trend_10d_30d,0.25,5,evaluation_2025,-1.0165468677504605,54,23,-0.19956170195761547,-0.19631333122813122,0.3875381788343099,0.35185185185185186,-40.70047026545821,13.608822890258791,0.0007976262779039391,0.01,0.010000000000000002,0.011253720079177566,0.012585152740483357,0
focus_cluster,rth_15_330m,trend_10d_30d,0.25,10,all,-0.5693765350675851,113,43,-0.1516598504201483,-0.2663612584634283,0.7769408455782291,0.4336283185840708,-13.839509588785102,16.98368832969946,0.0006180775316455696,0.01,0.010000000000000002,0.01161792,0.01391272351885077,0
focus_cluster,rth_15_330m,trend_10d_30d,0.25,10,development_2024,0.12438363628077141,63,20,0.013131072920375075,-0.105569135241667,1.0520668770152468,0.5079365079365079,2.8198677736575006,19.62759718089365,0.0005628502062384577,0.01,0.010000000000000002,0.011776671641790852,0.01391272351885077,0
focus_cluster,rth_15_330m,trend_10d_30d,0.25,10,evaluation_2025,-0.9511746680174692,50,23,-0.16265508752535862,-0.1710044358775662,0.5161105029830904,0.34,-34.83032506546278,13.652363177194784,0.0007973244234010113,0.01,0.010000000000000002,0.011254194628559623,0.012585152740483357,0
focus_cluster,rth_15_330m,trend_10d_30d,0.25,15,all,-0.34882397771190143,106,43,-0.1066529938913845,-0.30575017976393437,0.8542426989963444,0.3867924528301887,-9.77538525580935,16.480339146285466,0.000624821691893032,0.01,0.010000000000000002,0.011600462954221093,0.013324356659668564,0
focus_cluster,rth_15_330m,trend_10d_30d,0.25,15,development_2024,0.5636725242871233,57,20,0.07485317915265921,-0.13279550790119854,1.2427996972720705,0.5087719298245614,13.547321566897253,18.891779631737883,0.0005882402428360882,0.01,0.010000000000000002,0.011699985698324023,0.013324356659668564,0
focus_cluster,rth_15_330m,trend_10d_30d,0.25,15,evaluation_2025,-0.8846542179719671,49,23,-0.16886601497251164,-0.19088363740539205,0.5396894804526382,0.24489795918367346,-36.90588094752928,13.675194091779591,0.0007972485771559328,0.01,0.010000000000000002,0.011254313935018051,0.012585152740483357,0
focus_cluster,rth_15_330m,trend_10d_30d,0.25,30,all,-0.16404385410858363,101,43,-0.04672140652813295,-0.2848104659697107,0.947793543315498,0.38613861386138615,-3.715875117116051,16.61620915700726,0.0006235766097880841,0.01,0.010000000000000002,0.011603652196543803,0.01376841671469713,0
focus_cluster,rth_15_330m,trend_10d_30d,0.25,30,development_2024,0.5863262652209742,55,20,0.07832082857646672,-0.1335789188071751,1.2315681946490131,0.45454545454545453,14.793911930406196,18.90839767360957,0.0005894768861587579,0.01,0.010000000000000002,0.011696419356688194,0.01376841671469713,0
focus_cluster,rth_15_330m,trend_10d_30d,0.25,30,evaluation_2025,-0.6997112847727238,46,23,-0.11596014079564165,-0.16572569761156153,0.6764811474767394,0.30434782608695654,-25.84714223915352,13.875548974113194,0.0007558496805316866,0.01,0.01,0.011323502350959191,0.012585152740483357,0
focus_cluster,rth_15_330m,trend_10d_30d,0.5,5,all,-0.49816124904877274,115,43,-0.08370049470778151,-0.16801887916333447,0.7759950536615838,0.4782608695652174,-7.332150104468799,9.72842383177365,0.0011132897736248295,0.01,0.010000000000000002,0.010898238736842106,0.012908722857142858,0
focus_cluster,rth_15_330m,trend_10d_30d,0.5,5,development_2024,0.587948813276069,63,20,0.03393145759181637,-0.057711584453669085,1.2134493436434763,0.5396825396825397,5.579193114288908,11.243219265262491,0.0010142150949644273,0.01,0.01,0.01098598414179102,0.012908722857142858,0
focus_cluster,rth_15_330m,trend_10d_30d,0.5,5,evaluation_2025,-1.0545533797598023,52,23,-0.1137715188331544,-0.1078859743060786,0.43579811262037876,0.40384615384615385,-22.974739004117563,7.893190902739095,0.0014022046716413148,0.01,0.010000000000000002,0.010713221977072055,0.011711908553409364,0
focus_cluster,rth_15_330m,trend_10d_30d,0.5,10,all,-0.5322257200028648,111,43,-0.08492555465898433,-0.15956679932440543,0.8065189451483177,0.4774774774774775,-7.604558796759606,10.366639224959057,0.001083275650047664,0.01,0.010000000000000002,0.010923126075949367,0.012908722857142858,0
focus_cluster,rth_15_330m,trend_10d_30d,0.5,10,development_2024,-0.3610027925832134,64,20,-0.039913309211831116,-0.1105623281366469,0.8490577843525822,0.484375,-5.960655226526346,11.654417241732157,0.0009693430895624327,0.01,0.01,0.011031654614393191,0.012908722857142858,0
focus_cluster,rth_15_330m,trend_10d_30d,0.5,10,evaluation_2025,-0.5299281585798685,47,23,-0.046883521955919605,-0.08847146768263969,0.7479429819288809,0.46808510638297873,-9.843065786013408,8.613069159565901,0.0013693138379864687,0.01,0.010000000000000002,0.010730292773109244,0.012776075766686542,0
focus_cluster,rth_15_330m,trend_10d_30d,0.5,15,all,-0.10645560462539883,101,43,-0.01960894168413785,-0.18419830269283377,0.9677156204558173,0.46534653465346537,-1.4419648206775204,9.917834518676365,0.001106402752730049,0.01,0.010000000000000002,0.01090383,0.012908722857142858,0
focus_cluster,rth_15_330m,trend_10d_30d,0.5,15,development_2024,0.17949337312623767,54,20,0.022573705669510113,-0.12576344895827452,1.1146707758836536,0.5185185185185185,4.633278146842151,11.202514414470764,0.0010535366575429549,0.01,0.010000000000000002,0.010949190194454193,0.012908722857142858,0
focus_cluster,rth_15_330m,trend_10d_30d,0.5,15,evaluation_2025,-0.49741347949501236,47,23,-0.04125144927917923,-0.0829319087232192,0.8300580491323969,0.40425531914893614,-8.422031208891614,8.44181931925301,0.0012674143805434673,0.01,0.010000000000000002,0.010789007932489452,0.011827728316831683,0
focus_cluster,rth_15_330m,trend_10d_30d,0.5,30,all,0.729631468404856,94,43,0.10085693039698351,-0.13822996233630136,1.2211627728693166,0.5106382978723404,10.939580951154237,10.343060781490678,0.0010980844637607113,0.01,0.010000000000000002,0.010910677495344506,0.012908722857142858,0
focus_cluster,rth_15_330m,trend_10d_30d,0.5,30,development_2024,0.4290905450343651,52,20,0.05112084828117802,-0.11913767122760499,1.2085816823926037,0.5,10.294795480902494,11.465922104172906,0.0010535366575429549,0.01,0.010000000000000002,0.010949190194454193,0.012908722857142858,0
focus_cluster,rth_15_330m,trend_10d_30d,0.5,30,evaluation_2025,0.5536520317249427,42,23,0.04731718735969803,-0.0854637654128676,1.236663621911708,0.5238095238095238,11.737886771465924,8.952851524836495,0.0012517847219173032,0.01,0.01,0.010798983966244726,0.01277772940469015,0
focus_cluster,rth_15_330m,trend_10d_30d,0.75,5,all,-0.2736912121553574,115,43,-0.02986406319459667,-0.10911590094330359,0.8798984530804603,0.48695652173913045,-2.4994784096250555,6.519182323679428,0.0016604700941788445,0.01,0.010000000000000002,0.01060223909090909,0.011939148571428571,0
focus_cluster,rth_15_330m,trend_10d_30d,0.75,5,development_2024,1.5399227213873867,63,20,0.050579885829025395,-0.03284572993601631,1.519217889191346,0.5396825396825397,7.979636588873419,7.5567515755795585,0.0014738848906554987,0.01,0.01,0.010678479036144578,0.011939148571428571,0
focus_cluster,rth_15_330m,trend_10d_30d,0.75,5,evaluation_2025,-1.0721824554486334,52,23,-0.07657099675018408,-0.07141601353488336,0.44553812192137693,0.4230769230769231,-15.195329273190511,5.26212726849273,0.0021033070074619725,0.01,0.010000000000000002,0.010475481318048038,0.011141272368939576,0
focus_cluster,rth_15_330m,trend_10d_30d,0.75,10,all,-0.4237913306883764,111,43,-0.04916473039491309,-0.11601164732429381,0.8374113402925595,0.5135135135135135,-4.32234771776349,6.986597869476494,0.0015762252296915166,0.01,0.010000000000000002,0.010634427099099099,0.011939148571428571,0
focus_cluster,rth_15_330m,trend_10d_30d,0.75,10,development_2024,-0.16153912007695076,63,20,-0.012352093016361976,-0.07646502599790028,0.9312803532410849,0.5238095238095238,-1.7521850166891055,7.825849149840973,0.0013903001411905724,0.01,0.01,0.010719269149425288,0.011939148571428571,0
focus_cluster,rth_15_330m,trend_10d_30d,0.75,10,evaluation_2025,-0.6916219163780318,48,23,-0.03727303740356225,-0.053892215560140344,0.7252640673445999,0.5,-7.69568626292362,5.885080563998113,0.00197597456043159,0.01,0.010000000000000002,0.010506415606616748,0.011850717177791027,0
focus_cluster,rth_15_330m,trend_10d_30d,0.75,15,all,-0.09423188960416966,98,43,-0.012518499429823748,-0.1328478021868068,0.9691736320754804,0.5,-0.9851032901227218,6.698110414489145,0.0016502401836534693,0.01,0.010000000000000002,0.01060597298972788,0.011939148571428571,0
focus_cluster,rth_15_330m,trend_10d_30d,0.75,15,development_2024,0.161932824813917,51,20,0.015024894428739666,-0.0927847361769013,1.1163034521823945,0.5294117647058824,3.1929779405384253,7.454327111738203,0.0015762252296915166,0.01,0.01,0.010634427099099099,0.011939148571428571,0
focus_cluster,rth_15_330m,trend_10d_30d,0.75,15,evaluation_2025,-0.5421559764765714,47,23,-0.027135683084960283,-0.050051432175133304,0.8502060498093061,0.46808510638297873,-5.5187659021167335,5.877534849389102,0.0019011215708152009,0.01,0.010000000000000002,0.010526005288326302,0.011218485544554456,0
focus_cluster,rth_15_330m,trend_10d_30d,0.75,30,all,0.9856338883183412,87,43,0.10604515814987536,-0.10759081988425379,1.3330928165766673,0.5287356321839081,12.074822901376939,6.918937883376678,0.0015843847429373476,0.01,0.010000000000000002,0.010631159826839827,0.011939148571428571,0
focus_cluster,rth_15_330m,trend_10d_30d,0.75,30,development_2024,0.5176195325149721,46,20,0.04644035831427673,-0.0897190994486543,1.303685440968961,0.5217391304347826,10.287965855235536,7.618714016752889,0.001548935893766997,0.01,0.01,0.010645804967459989,0.011939148571428571,0
focus_cluster,rth_15_330m,trend_10d_30d,0.75,30,evaluation_2025,1.035613197284978,41,23,0.05695957668492113,-0.05500082157532327,1.3618160714394476,0.5365853658536586,14.07958934338924,6.133823197149707,0.001669934660437244,0.01,0.010000000000000002,0.010598825824561404,0.011851819603126767,0
focus_cluster,rth_15_330m,trend_10d_30d,1.0,5,all,-0.23845595679785753,115,43,-0.019056635536946365,-0.07991679382998573,0.8958735995547938,0.48695652173913045,-1.5962787158607288,4.88938674275957,0.0022139601255717926,0.01,0.010000000000000002,0.010451679318181818,0.01145436142857143,0
focus_cluster,rth_15_330m,trend_10d_30d,1.0,5,development_2024,1.2985016764066486,63,20,0.03526331839839125,-0.02715692943575987,1.468655828765073,0.5396825396825397,5.58790204482957,5.667563681684669,0.0019651798542073317,0.01,0.01,0.010508859277108434,0.01145436142857143,0
focus_cluster,rth_15_330m,trend_10d_30d,1.0,5,evaluation_2025,-1.0601852426410192,52,23,-0.05246969825935133,-0.04949106641839729,0.4706409215253905,0.4230769230769231,-10.30019002208167,3.9465954513695474,0.0028044093432826296,0.01,0.010000000000000002,0.010356610988536028,0.010855954276704683,0
focus_cluster,rth_15_330m,trend_10d_30d,1.0,10,all,-0.386586797595867,111,43,-0.037803661194827254,-0.09778828824451147,0.8336292072176639,0.5135135135135135,-3.3357065445570684,5.230634392402852,0.0021016336395886888,0.01,0.010000000000000002,0.010475820324324325,0.01145436142857143,0
focus_cluster,rth_15_330m,trend_10d_30d,1.0,10,development_2024,-0.19821258320359714,63,20,-0.013992908422106098,-0.0705954596622812,0.8898115676246173,0.5238095238095238,-2.110886713588151,5.852976464329913,0.00185373352158743,0.01,0.01,0.010539451862068967,0.01145436142857143,0
focus_cluster,rth_15_330m,trend_10d_30d,1.0,10,evaluation_2025,-0.7650886641734358,48,23,-0.02414866279979555,-0.03156322127172617,0.7670635485433018,0.5,-4.943282572703773,4.413810422998585,0.00263463274724212,0.01,0.010000000000000002,0.01037981170496256,0.01138803788334327,0
focus_cluster,rth_15_330m,trend_10d_30d,1.0,15,all,-0.08499442611950658,99,43,-0.009071179064696011,-0.10672675231598672,0.9707811613112717,0.5050505050505051,-0.722132246774486,5.153214020456692,0.0021941934327790557,0.01,0.010000000000000002,0.010455748333333332,0.01145436142857143,0
focus_cluster,rth_15_330m,trend_10d_30d,1.0,15,development_2024,0.15634824383971116,51,20,0.011442861914446434,-0.07318829833597429,1.1136525879735124,0.5098039215686274,2.4089923719048887,5.570473665623232,0.0021016336395886888,0.01,0.010000000000000002,0.010475820324324325,0.01145436142857143,0
focus_cluster,rth_15_330m,trend_10d_30d,1.0,15,evaluation_2025,-0.5255439997110818,48,23,-0.020281957341924062,-0.038592310735303004,0.8576969427187761,0.5,-4.048952154121319,4.709875647467243,0.002220269836410726,0.01,0.010000000000000002,0.010450399343301435,0.011072490530303082,0
focus_cluster,rth_15_330m,trend_10d_30d,1.0,30,all,1.3899207921667585,86,43,0.09756360112917206,-0.0701936410182622,1.4348269763854267,0.5232558139534884,11.140194824859815,5.305326075567646,0.0021070733150859097,0.01,0.010000000000000002,0.010474595097227098,0.01145436142857143,0
focus_cluster,rth_15_330m,trend_10d_30d,1.0,30,development_2024,0.7825319653312972,46,20,0.04306506128680532,-0.055032973980268074,1.4053012244686902,0.5,9.411659105760513,5.787284406814161,0.002065247858355996,0.01,0.010000000000000002,0.010484353725594992,0.01145436142857143,0
focus_cluster,rth_15_330m,trend_10d_30d,1.0,30,evaluation_2025,1.3930900888556221,40,23,0.05224845684614676,-0.037505440074638074,1.4626116102936244,0.55,13.128010901824016,4.751073994634157,0.002210386490014357,0.01,0.01,0.010452433850877192,0.01117632806928165,0
focus_cluster,rth_15_330m,trend_10d_30d,1.25,5,all,-0.28029154206118145,115,43,-0.019104844725920556,-0.06816061799592366,0.8711662954245246,0.48695652173913045,-1.624849059645057,3.911509394207657,0.0027674501569647405,0.01,0.010000000000000002,0.010361343454545455,0.011163489142857143,0
focus_cluster,rth_15_330m,trend_10d_30d,1.25,5,development_2024,1.1007527491662243,63,20,0.026127872532142327,-0.023736368182530665,1.4213509407280729,0.5396825396825397,4.152861318403398,4.534050945347736,0.002456474817759165,0.01,0.010000000000000002,0.010407087421686747,0.011163489142857143,0
focus_cluster,rth_15_330m,trend_10d_30d,1.25,5,evaluation_2025,-1.0780143939181925,52,23,-0.04408097515804077,-0.04089089663990697,0.4592926099414282,0.4230769230769231,-8.624767402280686,3.157276361095638,0.0035055116791032873,0.01,0.010000000000000002,0.010285288790828823,0.010684763421363746,0
focus_cluster,rth_15_330m,trend_10d_30d,1.25,10,all,-0.36367952611020193,111,43,-0.029843145380152425,-0.0820589096651797,0.8391540603380704,0.5135135135135135,-2.6320339181844954,4.184507513922282,0.002627042049485861,0.01,0.010000000000000002,0.01038065625945946,0.011163489142857143,0
focus_cluster,rth_15_330m,trend_10d_30d,1.25,10,development_2024,-0.23444027167200707,63,20,-0.013966232942981716,-0.0595726700168695,0.864050282306784,0.5238095238095238,-2.145637000679297,4.682381171463931,0.0023171669019842875,0.01,0.01,0.010431561489655173,0.011163489142857143,0
focus_cluster,rth_15_330m,trend_10d_30d,1.25,10,evaluation_2025,-0.7352051929228279,48,23,-0.0161017938407505,-0.021901088289022264,0.809041732996531,0.5,-3.270429872410067,3.531048338398868,0.0032932909340526503,0.01,0.010000000000000002,0.010303849363970049,0.011110430306674617,0
focus_cluster,rth_15_330m,trend_10d_30d,1.25,15,all,-0.15883695183558852,99,43,-0.014456808176549596,-0.0910166558189418,0.935575051495032,0.5050505050505051,-1.3304533519924453,4.122571216365354,0.00274274179097382,0.01,0.010000000000000002,0.010364598666666667,0.011163489142857143,0
focus_cluster,rth_15_330m,trend_10d_30d,1.25,15,development_2024,0.09222863455541341,51,20,0.005524880340253224,-0.05990417582224672,1.0694645578681752,0.5098039215686274,1.1916123055490109,4.456378932498587,0.002627042049485861,0.01,0.01,0.01038065625945946,0.011163489142857143,0
focus_cluster,rth_15_330m,trend_10d_30d,1.25,15,evaluation_2025,-0.6662425532268403,48,23,-0.019871898654602704,-0.029826822916603435,0.8354253203708255,0.5,-4.010148113130244,3.767900517973794,0.0027753372955134073,0.01,0.010000000000000002,0.010360319474641149,0.010857992424242466,0
focus_cluster,rth_15_330m,trend_10d_30d,1.25,30,all,1.8274144108953458,83,43,0.10949635584931183,-0.05991873282626892,1.647891378582584,0.5421686746987951,12.758086110902369,4.270583024737436,0.002627042049485861,0.01,0.010000000000000002,0.01038065625945946,0.011163489142857143,0
focus_cluster,rth_15_330m,trend_10d_30d,1.25,30,development_2024,0.6906714906374978,45,20,0.03320854794038941,-0.048081538604898166,1.3596629069828288,0.5111111111111111,7.467916638895053,4.651996079780355,0.0025360775964041295,0.01,0.010000000000000002,0.010394309701492528,0.011163489142857143,0
focus_cluster,rth_15_330m,trend_10d_30d,1.25,30,evaluation_2025,3.413939831177284,38,23,0.07383582729836635,-0.021627747104407624,2.032594732774251,0.5789473684210527,19.02276048564787,3.818909670081349,0.0027629831125179465,0.01,0.01,0.010361947080701754,0.01094106245542532,0
