date,symbol,sector_label,prob_elastic_net,prob_extra_trees,prob_lightgbm,ensemble_probability,target,forward_return,regime_label,quadrant_label,fold_label
2010-01-04,GLD,Gold,0.33720199236902776,0.4373356477176615,0.3368712460978906,0.3704696287281933,1,0.02777773531504879,Fragile Late-Cycle Watch,Growth Down / Inflation Down,2010
2010-01-05,GLD,Gold,0.5810530548502948,0.4368892532431218,0.49223919665761867,0.5033938349170118,1,0.007201467069320566,Fragile Late-Cycle Watch,Growth Down / Inflation Down,2010
2010-01-06,GLD,Gold,0.597554673263287,0.4476045886559299,0.5127509174095426,0.5193033931095865,0,0.00026902321515720473,Fragile Late-Cycle Watch,Growth Down / Inflation Down,2010
2010-01-07,GLD,Gold,0.659756241580706,0.4469070870628865,0.6437853120506132,0.5834828802314019,1,0.010918598518360856,Fragile Late-Cycle Watch,Growth Down / Inflation Down,2010
2010-01-08,GLD,Gold,0.6645694150114431,0.447716645174852,0.6036998796227314,0.5719953132696755,0,-0.004579349229172247,Fragile Late-Cycle Watch,Growth Down / Inflation Down,2010
2010-01-11,GLD,Gold,0.7304794466710693,0.4612065850227717,0.5557385522593767,0.5824748613177393,0,-0.011785572432769564,Fragile Late-Cycle Watch,Growth Down / Inflation Down,2010
2010-01-12,GLD,Gold,0.7046966096547892,0.46281597149019854,0.5332600740542108,0.5669242183997328,0,-0.014028377702336225,Fragile Late-Cycle Watch,Growth Down / Inflation Down,2010
2010-01-13,GLD,Gold,0.7742420210354392,0.47802132383637397,0.6075160904078954,0.6199264784265694,0,-0.037385674508855216,Fragile Late-Cycle Watch,Growth Down / Inflation Down,2010
2010-01-14,GLD,Gold,0.7985034082547716,0.4662867360889462,0.6577905774722125,0.6408602406053102,0,-0.043381243089415156,Fragile Late-Cycle Watch,Growth Down / Inflation Down,2010
2010-01-15,GLD,Gold,0.8289054150291059,0.4676933056868651,0.6841970334409493,0.6602652513856401,0,-0.03048887998204075,Fragile Late-Cycle Watch,Growth Down / Inflation Down,2010
2010-01-19,GLD,Gold,0.8691833236452674,0.48351120208231146,0.7469116878327844,0.6998687378534544,0,-0.03550931854084538,Fragile Late-Cycle Watch,Growth Down / Inflation Down,2010
2010-01-20,GLD,Gold,0.7896469494573211,0.4727611985412603,0.6703485231900211,0.6442522237295342,0,-0.022122302259040327,Fragile Late-Cycle Watch,Growth Down / Inflation Down,2010
2010-01-21,GLD,Gold,0.7748272461853367,0.4743137895258279,0.5961730763298143,0.6151047040136596,0,-0.008289087891233837,Fragile Late-Cycle Watch,Growth Down / Inflation Down,2010
2010-01-22,GLD,Gold,0.7667796321023763,0.4819387096093337,0.732014178263714,0.6602441733251413,0,-0.01129046473029871,Fragile Late-Cycle Watch,Growth Down / Inflation Down,2010
2010-01-25,GLD,Gold,0.6803736484351817,0.4829766060311678,0.7309623858753979,0.6314375467805825,1,0.008094483531958074,Fragile Late-Cycle Watch,Growth Down / Inflation Down,2010
2010-01-26,GLD,Gold,0.7364556875659836,0.49099196560180824,0.7688330130767267,0.6654268887481728,1,0.014596501770734571,Fragile Late-Cycle Watch,Growth Down / Inflation Down,2010
2010-01-27,GLD,Gold,0.7558960917483839,0.5022200335979168,0.7407348899607249,0.6662836717690085,1,0.020369831914116565,Fragile Late-Cycle Watch,Growth Down / Inflation Down,2010
2010-01-28,GLD,Gold,0.8147661384774001,0.486243498517951,0.7379470495598711,0.6796522288517407,0,-0.019815932981130602,Fragile Late-Cycle Watch,Growth Down / Inflation Down,2010
2010-01-29,GLD,Gold,0.7506103851695382,0.49001970955323665,0.6870508855433479,0.6425603267553742,0,-0.012080018784036084,Fragile Late-Cycle Watch,Growth Down / Inflation Down,2010
2010-02-01,GLD,Gold,0.6310633539504336,0.4836586648084703,0.6153289914306596,0.5766836700631878,0,-0.03977847364366294,Fragile Late-Cycle Watch,Growth Down / Inflation Down,2010
2010-02-02,GLD,Gold,0.7432119044855281,0.46249741246349785,0.32108067881116675,0.5089299985867308,0,-0.03408772734292431,Fragile Late-Cycle Watch,Growth Down / Inflation Down,2010
2010-02-03,GLD,Gold,0.8078775916382072,0.47665980200587504,0.29358327324163136,0.5260402222952378,0,-0.032934630194743963,Fragile Late-Cycle Watch,Growth Down / Inflation Down,2010
2010-02-04,GLD,Gold,0.8774217551041569,0.47688145681280786,0.3726288905012056,0.5756440341393901,1,0.02644432724158685,Fragile Late-Cycle Watch,Growth Down / Inflation Down,2010
2010-02-05,GLD,Gold,0.9594300388380689,0.4721858005292271,0.46934943831441167,0.6336550925605692,1,0.022544904503930097,Fragile Late-Cycle Watch,Growth Down / Inflation Down,2010
2010-02-08,GLD,Gold,0.9701597146931594,0.4744518233702707,0.4094173390540219,0.6180096257058173,1,0.053633235120645883,Fragile Late-Cycle Watch,Growth Down / Inflation Down,2010
2010-02-09,GLD,Gold,0.8779546473493092,0.48253953954567586,0.503304283378491,0.6212661567578253,1,0.03642914528491703,Fragile Late-Cycle Watch,Growth Down / Inflation Down,2010
2010-02-10,GLD,Gold,0.8987458458176644,0.4827154402250642,0.4836058833659865,0.6216890564695716,1,0.046232881310589446,Fragile Late-Cycle Watch,Growth Down / Inflation Down,2010
2010-02-11,GLD,Gold,0.8395193200588753,0.47644790992833935,0.5159168805034572,0.6106280368302239,1,0.021842658706971108,Fragile Late-Cycle Watch,Growth Down / Inflation Down,2010
2010-02-12,GLD,Gold,0.8195901529091372,0.48070030009852893,0.26783408370840406,0.5227081789053567,1,0.01896486137830733,Fragile Late-Cycle Watch,Growth Down / Inflation Down,2010
2010-02-16,GLD,Gold,0.9182033375136378,0.486419440430928,0.4507306722265192,0.6184511500570283,0,-0.015781821871807433,Fragile Late-Cycle Watch,Growth Down / Inflation Down,2010
2010-02-17,GLD,Gold,0.8571913524933287,0.482668993996614,0.40849338409585034,0.582784576861931,0,-0.017299765580306103,Fragile Late-Cycle Watch,Growth Down / Inflation Down,2010
2010-02-18,GLD,Gold,0.9065263082317411,0.47920713999452047,0.5230625445852635,0.636265330937175,0,-0.015184631272650018,Fragile Late-Cycle Watch,Growth Down / Inflation Down,2010
2010-02-19,GLD,Gold,0.9001980878593493,0.4861025188584187,0.4986916758717913,0.6283307608631864,0,-0.00036540527159301117,Fragile Late-Cycle Watch,Growth Down / Inflation Down,2010
2010-02-22,GLD,Gold,0.8770868572956283,0.47683484349561817,0.27869106243072633,0.5442042544073243,1,0.003300638226449326,Fragile Late-Cycle Watch,Growth Down / Inflation Down,2010
2010-02-23,GLD,Gold,0.9369559809736423,0.47658554867127284,0.4785979139757898,0.6307131478735684,1,0.02901100445940208,Fragile Late-Cycle Watch,Growth Down / Inflation Down,2010
2010-02-24,GLD,Gold,0.9285846548550136,0.4866957505526041,0.28752467309590896,0.5676016928345089,1,0.03977269577860554,Fragile Late-Cycle Watch,Growth Down / Inflation Down,2010
2010-02-25,GLD,Gold,0.9448416146564296,0.4861765567679302,0.374123206606619,0.601713792676993,1,0.02326658968944817,Fragile Late-Cycle Watch,Growth Down / Inflation Down,2010
2010-02-26,GLD,Gold,0.9557854808642952,0.5049766492504907,0.4405286632765102,0.6337635977970987,1,0.012610776291414272,Fragile Late-Cycle Watch,Growth Down / Inflation Down,2010
2010-03-01,GLD,Gold,0.9543375739314278,0.5088448992252601,0.5064923793952695,0.6565582841839858,1,0.004112189956933632,Fragile Late-Cycle Watch,Growth Up / Inflation Down,2010
2010-03-02,GLD,Gold,0.9685448594835585,0.5016103042070383,0.4353277345768932,0.6351609660891633,0,-0.011709560995059487,Fragile Late-Cycle Watch,Growth Up / Inflation Down,2010
2010-03-03,GLD,Gold,0.9446433697635022,0.4958474077357995,0.2927402306932129,0.5777436693975049,0,-0.02830776771893262,Fragile Late-Cycle Watch,Growth Up / Inflation Down,2010
2010-03-04,GLD,Gold,0.9512105218277298,0.4950174340607565,0.3572611530540706,0.6011630363141857,0,-0.020120935848516264,Fragile Late-Cycle Watch,Growth Up / Inflation Down,2010
2010-03-05,GLD,Gold,0.8994937070007955,0.4834773854226507,0.3028718460209471,0.5619476461481311,0,-0.025809951027561895,Fragile Late-Cycle Watch,Growth Up / Inflation Down,2010
2010-03-08,GLD,Gold,0.8880496308531619,0.4664792704933373,0.2589768777455837,0.5378352596973609,0,-0.013833242455956851,Fragile Late-Cycle Watch,Growth Up / Inflation Down,2010
2010-03-09,GLD,Gold,0.9300140553910359,0.46713308667660025,0.23957493014822812,0.5455740240719548,1,0.006197596587772081,Fragile Late-Cycle Watch,Growth Up / Inflation Down,2010
2010-03-10,GLD,Gold,0.9328843563003313,0.4744581452734154,0.24509539233206037,0.5508126313019357,1,0.010325390472787577,Fragile Late-Cycle Watch,Growth Up / Inflation Down,2010
2010-03-11,GLD,Gold,0.9362093586673695,0.478932987368603,0.3329988099871429,0.5827137186743718,1,0.016022080002000783,Fragile Late-Cycle Watch,Growth Up / Inflation Down,2010
2010-03-12,GLD,Gold,0.8395694258623647,0.49016795901653454,0.24525093042696308,0.524996105101954,1,0.003056987868308214,Fragile Late-Cycle Watch,Growth Up / Inflation Down,2010
2010-03-15,GLD,Gold,0.9277046841355684,0.5043281781978681,0.3262941014833954,0.586108987938944,0,-0.00562938913727995,Fragile Late-Cycle Watch,Growth Up / Inflation Down,2010
2010-03-16,GLD,Gold,0.9040790477879295,0.5131604512379994,0.393469143337299,0.6035695474544093,0,-0.018840596035382462,Fragile Late-Cycle Watch,Growth Up / Inflation Down,2010
2010-03-17,GLD,Gold,0.9332933895516357,0.5129341861299441,0.4230038823620359,0.6230771526812052,0,-0.03002092705605197,Fragile Late-Cycle Watch,Growth Up / Inflation Down,2010
2010-03-18,GLD,Gold,0.882736597164032,0.5126624528509575,0.39349245320718207,0.5962971677407238,0,-0.032263890490734526,Fragile Late-Cycle Watch,Growth Up / Inflation Down,2010
2010-03-19,GLD,Gold,0.8587743919813067,0.5107339871174017,0.32448266497066036,0.5646636813564562,1,0.0028629253979362,Fragile Late-Cycle Watch,Growth Up / Inflation Down,2010
2010-03-22,GLD,Gold,0.8576844612644596,0.5180274772772759,0.4406121838156732,0.6054413741191362,1,0.009280742459396807,Fragile Late-Cycle Watch,Growth Up / Inflation Down,2010
2010-03-23,GLD,Gold,0.8506715102268273,0.5188757251169585,0.4188847448329662,0.5961439933922507,0,-0.00323115283518427,Fragile Late-Cycle Watch,Growth Up / Inflation Down,2010
2010-03-24,GLD,Gold,0.79386405471726,0.5171488326058429,0.4393003351545215,0.5834377408258747,1,0.02492938683354584,Fragile Late-Cycle Watch,Growth Up / Inflation Down,2010
2010-03-25,GLD,Gold,0.9443110460018163,0.48791940319549004,0.37395571100235675,0.6020620533998877,1,0.03259040453939699,Fragile Late-Cycle Watch,Growth Up / Inflation Down,2010
2010-03-26,GLD,Gold,0.9604705427582118,0.4896360552397311,0.2784114168316835,0.5761726716098755,1,0.021180616348867698,Fragile Late-Cycle Watch,Growth Up / Inflation Down,2010
2010-03-29,GLD,Gold,0.9690506326564017,0.496334543121113,0.24896476183729907,0.5714499792049379,1,0.020965506016523028,Fragile Late-Cycle Watch,Growth Up / Inflation Down,2010
2010-03-30,GLD,Gold,0.9699009791622217,0.5025076182882862,0.47931309397416894,0.650573897141559,1,0.04186344903180106,Fragile Late-Cycle Watch,Growth Up / Inflation Down,2010
2010-03-31,GLD,Gold,0.9779237007073505,0.5080358247857572,0.4426861022609784,0.6428818759180287,1,0.03396057532148844,Disinflationary Growth,Growth Up / Inflation Down,2010
2010-04-01,GLD,Gold,0.9716025051094481,0.5069246979482184,0.43632895570386765,0.6382853862538447,1,0.030654790385745256,Disinflationary Growth,Growth Up / Inflation Down,2010
2010-04-05,GLD,Gold,0.977886195272901,0.48990292856760037,0.369512254257773,0.6124337926994249,1,0.01911806978312547,Disinflationary Growth,Growth Up / Inflation Down,2010
2010-04-06,GLD,Gold,0.9663959485982094,0.4869567706523027,0.3105391387594076,0.5879639526699733,1,0.014950947314780194,Disinflationary Growth,Growth Up / Inflation Down,2010
2010-04-07,GLD,Gold,0.976110852199368,0.48169227068481535,0.32051984742336675,0.5927743234358501,1,0.004800434934502329,Disinflationary Growth,Growth Up / Inflation Down,2010
2010-04-08,GLD,Gold,0.9347258405110175,0.4818627888438561,0.3412762822919655,0.5859549705489463,1,0.00887705269822181,Disinflationary Growth,Growth Up / Inflation Down,2010
2010-04-09,GLD,Gold,0.9458953381204078,0.47257835350936794,0.23860862385297302,0.5523607718275829,0,-0.021119337722361187,Disinflationary Growth,Growth Up / Inflation Down,2010
2010-04-12,GLD,Gold,0.9275028787618703,0.4746322888977686,0.24777783505700693,0.5499710009055486,0,-0.01645872555695893,Disinflationary Growth,Growth Up / Inflation Down,2010
2010-04-13,GLD,Gold,0.9288197109262258,0.4822349745971904,0.28097037670448155,0.564008354075966,0,-0.010914928833843485,Disinflationary Growth,Growth Up / Inflation Down,2010
2010-04-14,GLD,Gold,0.9506472816706928,0.48228283468860367,0.21684802111342913,0.5499260458242419,0,-0.006370001136680625,Disinflationary Growth,Growth Up / Inflation Down,2010
2010-04-15,GLD,Gold,0.9625542097071264,0.478018626735228,0.2786495463841918,0.5730741276088488,0,-0.015926134304328432,Disinflationary Growth,Growth Up / Inflation Down,2010
2010-04-16,GLD,Gold,0.967559943163103,0.47255296498683486,0.20563060697530985,0.5485811717084159,1,0.017529707075550238,Disinflationary Growth,Growth Up / Inflation Down,2010
2010-04-19,GLD,Gold,0.9857791898918421,0.4923214384634238,0.3239246560393705,0.6006750947982121,1,0.014394947837662153,Disinflationary Growth,Growth Up / Inflation Down,2010
2010-04-20,GLD,Gold,0.9800088517766887,0.4912500694741263,0.28781521370097923,0.5863580449839314,1,0.028440680019590214,Disinflationary Growth,Growth Up / Inflation Down,2010
2010-04-21,GLD,Gold,0.9552178011248995,0.4822805792722454,0.24822206019304607,0.5619068135300637,1,0.017807853650398053,Disinflationary Growth,Growth Up / Inflation Down,2010
2010-04-22,GLD,Gold,0.946762892032786,0.49298000719400714,0.2692045880251981,0.5696491624173304,1,0.021816903802773124,Disinflationary Growth,Growth Up / Inflation Down,2010
2010-04-23,GLD,Gold,0.940123859893525,0.482086853884816,0.22310798726425904,0.5484395670142,1,0.019171288295259492,Disinflationary Growth,Growth Up / Inflation Down,2010
2010-04-26,GLD,Gold,0.9117683263909896,0.47435604426206923,0.13230460006298128,0.50614299023868,1,0.026430184983889937,Disinflationary Growth,Growth Up / Inflation Down,2010
2010-04-27,GLD,Gold,0.9161552284628024,0.48296292911820676,0.26707649130779054,0.5553982162962666,1,0.002093740721579751,Disinflationary Growth,Growth Up / Inflation Down,2010
2010-04-28,GLD,Gold,0.7507126498266531,0.48074086751954326,0.22483895133852796,0.4854308228949081,1,0.0068235394624784895,Disinflationary Growth,Growth Up / Inflation Down,2010
2010-04-29,GLD,Gold,0.8261563340999828,0.49154074703642214,0.1361098206455736,0.48460230059399284,1,0.036839334349339836,Disinflationary Growth,Growth Up / Inflation Down,2010
2010-04-30,GLD,Gold,0.8921599644085227,0.5051471602374307,0.22069047363214056,0.5393325327593647,1,0.025225346890763722,Disinflationary Growth,Growth Up / Inflation Down,2010
2010-05-03,GLD,Gold,0.672135369404176,0.4855619282914667,0.27377770964775033,0.4771583357811309,1,0.015899043329461682,Disinflationary Growth,Growth Up / Inflation Down,2010
2010-05-04,GLD,Gold,0.7211463089795053,0.5155388498874633,0.3281394094374422,0.5216081894348036,1,0.0504048121971481,Disinflationary Growth,Growth Up / Inflation Down,2010
2010-05-05,GLD,Gold,0.589357262484016,0.48484444601438065,0.38980465679875487,0.48800212176571717,1,0.05482670422078084,Disinflationary Growth,Growth Up / Inflation Down,2010
2010-05-06,GLD,Gold,0.7063854834754693,0.496353095887309,0.5811370862900972,0.5946252218842919,1,0.017469826416944834,Disinflationary Growth,Growth Up / Inflation Down,2010
2010-05-07,GLD,Gold,0.6731362480281773,0.47452862765576515,0.5120503756095424,0.5532384170978283,1,0.017756034185520075,Disinflationary Growth,Growth Up / Inflation Down,2010
2010-05-10,GLD,Gold,0.4001315122367015,0.4717638970488508,0.6366736989629201,0.5028563694161575,1,0.01522498018349605,Disinflationary Growth,Growth Up / Inflation Down,2010
2010-05-11,GLD,Gold,0.6869248168969724,0.48079074827862434,0.6307920373553738,0.5995025341769903,0,-0.009696716085110246,Disinflationary Growth,Growth Up / Inflation Down,2010
2010-05-12,GLD,Gold,0.6182066209917688,0.4545239516830446,0.3830851370034297,0.48527190322608105,0,-0.03929163272246017,Disinflationary Growth,Growth Up / Inflation Down,2010
2010-05-13,GLD,Gold,0.5246790454896362,0.4591767336536335,0.37547233420723486,0.4531093711168348,0,-0.03915064130960311,Disinflationary Growth,Growth Up / Inflation Down,2010
2010-05-14,GLD,Gold,0.6607905162889558,0.460981373319643,0.4357726882708201,0.5191815259598064,0,-0.04278475873030707,Disinflationary Growth,Growth Up / Inflation Down,2010
2010-05-17,GLD,Gold,0.4448878433609231,0.45955999698447647,0.39207540584417155,0.4321744153965237,0,-0.02111263622297932,Disinflationary Growth,Growth Up / Inflation Down,2010
2010-07-23,GLD,Gold,0.9955631292501077,0.5501668476247648,0.7344586500849062,0.7600628756532596,0,-0.005168390843727333,Disinflationary Growth,Growth Up / Inflation Down,2010
2010-07-26,GLD,Gold,0.9964315557893522,0.5357200389874887,0.5820062462913925,0.7047192803560778,0,0.0001731671835374371,Disinflationary Growth,Growth Up / Inflation Down,2010
2010-07-27,GLD,Gold,0.9968726531694321,0.5414870829424685,0.6702425361696484,0.7362007574271829,1,0.02184825725368822,Disinflationary Growth,Growth Up / Inflation Down,2010
2010-07-28,GLD,Gold,0.9987110695659783,0.5281691376063175,0.6755488197302686,0.7341430089675214,1,0.025839360809882583,Disinflationary Growth,Growth Up / Inflation Down,2010
2010-07-29,GLD,Gold,0.9990695095327248,0.53208583395854,0.6356969306239614,0.722284091371742,1,0.023536638549810363,Disinflationary Growth,Growth Up / Inflation Down,2010
2010-07-30,GLD,Gold,0.9994087633462326,0.5483610968009601,0.7332043664785924,0.7603247422085951,1,0.020348069249192635,Disinflationary Growth,Growth Up / Inflation Down,2010
2010-08-02,GLD,Gold,0.99878964422895,0.5543843710930462,0.7519583354024408,0.768377450241479,1,0.01609832608285533,Fragile Late-Cycle Watch,Growth Up / Inflation Down,2010
2010-08-03,GLD,Gold,0.9992084572485744,0.5426870967673847,0.6727668402511531,0.7382207980890373,1,0.015001340850162803,Fragile Late-Cycle Watch,Growth Up / Inflation Down,2010
2010-08-04,GLD,Gold,0.99924007585095,0.5480975363070664,0.6860260195889928,0.7444545439156697,1,0.005311815547492715,Fragile Late-Cycle Watch,Growth Up / Inflation Down,2010
2010-08-05,GLD,Gold,0.9986667202996691,0.5404321991022398,0.70672612225468,0.7486083472188629,1,0.015301703152385215,Fragile Late-Cycle Watch,Growth Up / Inflation Down,2010
2010-08-06,GLD,Gold,0.9980500557569841,0.545969000263862,0.733439041040886,0.7591526990205774,1,0.007637487727836234,Fragile Late-Cycle Watch,Growth Up / Inflation Down,2010
2010-08-09,GLD,Gold,0.9984658344374449,0.5485403807919161,0.7512627774430047,0.766089664224122,1,0.019846693362615353,Fragile Late-Cycle Watch,Growth Up / Inflation Down,2010
2010-08-10,GLD,Gold,0.9980931898448124,0.5526388790033614,0.7129165871929849,0.7545495520137195,1,0.017157874674837092,Fragile Late-Cycle Watch,Growth Up / Inflation Down,2010
2010-08-11,GLD,Gold,0.9983194424892773,0.5490471484322734,0.7541908339029443,0.7671858082748316,1,0.024544102375112287,Fragile Late-Cycle Watch,Growth Up / Inflation Down,2010
2010-08-12,GLD,Gold,0.9972182056574491,0.5549653648115372,0.8018826502042299,0.7846887402244054,1,0.013639831543066805,Fragile Late-Cycle Watch,Growth Up / Inflation Down,2010
2010-08-13,GLD,Gold,0.9957319343354046,0.5511608661710476,0.7648985821638223,0.7705971275567581,1,0.010358795511726138,Fragile Late-Cycle Watch,Growth Up / Inflation Down,2010
2010-08-16,GLD,Gold,0.989996019285874,0.5538173414232967,0.790790336242427,0.7782012323171993,0,0.00041756803609405146,Fragile Late-Cycle Watch,Growth Up / Inflation Down,2010
2010-08-17,GLD,Gold,0.9817276410999908,0.5390490105518516,0.6673138160396617,0.7293634892305013,1,0.0050939508171321535,Fragile Late-Cycle Watch,Growth Up / Inflation Down,2010
2010-08-18,GLD,Gold,0.9876794797038753,0.5453203161814135,0.6328544073675877,0.7219514010842921,1,0.009482610032215844,Fragile Late-Cycle Watch,Growth Up / Inflation Down,2010
2010-08-19,GLD,Gold,0.9860874809800949,0.5345555831514427,0.6660826030368889,0.7289085557228088,1,0.004734609998454875,Fragile Late-Cycle Watch,Growth Up / Inflation Down,2010
2010-08-20,GLD,Gold,0.9836018983223771,0.5395051807199489,0.6184880444505433,0.7138650411642898,1,0.008668841418231654,Fragile Late-Cycle Watch,Growth Up / Inflation Down,2010
2010-08-23,GLD,Gold,0.9909762046097147,0.5377179830292049,0.6481788300642419,0.7256243392343872,1,0.009434003125134538,Fragile Late-Cycle Watch,Growth Up / Inflation Down,2010
2010-08-24,GLD,Gold,0.9874106482549899,0.5336364641593861,0.6645304360920101,0.7285258495021288,1,0.014290472017122857,Fragile Late-Cycle Watch,Growth Up / Inflation Down,2010
2010-08-25,GLD,Gold,0.9719277245786019,0.5224866223915655,0.4637196059044458,0.652711317624871,1,0.002719197671349871,Fragile Late-Cycle Watch,Growth Up / Inflation Down,2010
2010-08-26,GLD,Gold,0.9512548027606846,0.5231522814784951,0.4048390430768078,0.6264153757719959,1,0.010995385591280327,Fragile Late-Cycle Watch,Growth Up / Inflation Down,2010
2010-08-27,GLD,Gold,0.975784650919452,0.5221609166096424,0.3938325599918249,0.6305927091736397,1,0.007024200141441117,Fragile Late-Cycle Watch,Growth Up / Inflation Down,2010
2010-09-02,GLD,Gold,0.990391793183975,0.5280132157182155,0.3149884492851083,0.6111311527290996,0,-0.004579258765240901,Fragile Late-Cycle Watch,Growth Up / Inflation Down,2010
2010-09-03,GLD,Gold,0.9897365149066908,0.5246624896130765,0.33079697557574644,0.6150653266985046,0,-0.0019694556258613716,Fragile Late-Cycle Watch,Growth Up / Inflation Down,2010
2010-09-07,GLD,Gold,0.9964703646320183,0.5400013667185508,0.4305045039213487,0.6556587450906393,1,0.010757943990667096,Fragile Late-Cycle Watch,Growth Up / Inflation Down,2010
2010-09-08,GLD,Gold,0.9944085205662281,0.5245625851352301,0.3907055156186333,0.6365588737733638,1,0.01002366038717728,Fragile Late-Cycle Watch,Growth Up / Inflation Down,2010
2010-09-09,GLD,Gold,0.9913311418546645,0.5147351078448069,0.26885075328713653,0.591639000995536,1,0.0252550160947842,Fragile Late-Cycle Watch,Growth Up / Inflation Down,2010
2010-09-10,GLD,Gold,0.9842746190059191,0.5278107258112825,0.42221019430335155,0.6447651797068511,1,0.02308385345521069,Fragile Late-Cycle Watch,Growth Up / Inflation Down,2010
2010-09-13,GLD,Gold,0.9907526829838187,0.5305496488771221,0.41506481985548405,0.6454557172388083,1,0.02672257791978505,Fragile Late-Cycle Watch,Growth Up / Inflation Down,2010
2010-09-14,GLD,Gold,0.9952506900960686,0.5379898712977027,0.4965439576944845,0.6765948396960852,1,0.016045843791556935,Fragile Late-Cycle Watch,Growth Up / Inflation Down,2010
2010-09-15,GLD,Gold,0.9896465498712388,0.5339051327897045,0.40267472285728584,0.6420754685060763,1,0.018234584979166524,Fragile Late-Cycle Watch,Growth Up / Inflation Down,2010
2010-09-16,GLD,Gold,0.9928095420641686,0.5378222759814497,0.42717170512522556,0.6526011743902813,1,0.01339970982221983,Fragile Late-Cycle Watch,Growth Up / Inflation Down,2010
2010-09-17,GLD,Gold,0.9944363450976802,0.5427133036577416,0.49116711809156977,0.6761055889489972,1,0.017263541914835923,Fragile Late-Cycle Watch,Growth Up / Inflation Down,2010
2010-09-20,GLD,Gold,0.9968042748603698,0.5492290724346013,0.5125912619530756,0.6862082030826823,1,0.014815395478733118,Fragile Late-Cycle Watch,Growth Up / Inflation Down,2010
2010-09-21,GLD,Gold,0.9945320188454334,0.539371138112102,0.46025748381470283,0.6647202135907461,1,0.01460198640343946,Fragile Late-Cycle Watch,Growth Up / Inflation Down,2010
2010-09-22,GLD,Gold,0.9946372794393481,0.5305074601184081,0.39914491796339685,0.6414298858403843,1,0.013866878306801445,Fragile Late-Cycle Watch,Growth Up / Inflation Down,2010
2010-09-23,GLD,Gold,0.9937418452722344,0.5281026092826583,0.6354490321818121,0.719097828912235,1,0.012747431286219246,Fragile Late-Cycle Watch,Growth Up / Inflation Down,2010
2010-09-24,GLD,Gold,0.9913412029707835,0.5396021174375311,0.5204514720923717,0.6837982641668955,1,0.017523097149910294,Fragile Late-Cycle Watch,Growth Up / Inflation Down,2010
2010-09-27,GLD,Gold,0.9926150115057646,0.5228021454897848,0.43541999782259816,0.6502790516060492,1,0.013731103822620438,Fragile Late-Cycle Watch,Growth Up / Inflation Down,2010
2010-09-28,GLD,Gold,0.9869846583852536,0.523932438336249,0.4021488636172015,0.6376886534462347,1,0.024560086480396537,Fragile Late-Cycle Watch,Growth Up / Inflation Down,2010
2010-09-29,GLD,Gold,0.9805080473270719,0.5143989656648389,0.21701419379128364,0.5706404022610648,1,0.03016803987821115,Fragile Late-Cycle Watch,Growth Up / Inflation Down,2010
2010-09-30,GLD,Gold,0.930962389587657,0.5110286611823746,0.3863179657422354,0.6094363388374223,1,0.01923220533693759,Fragile Late-Cycle Watch,Growth Down / Inflation Down,2010
2010-10-01,GLD,Gold,0.9409836978391748,0.5198453640315722,0.3103558315278626,0.5903949644662032,1,0.02133271213930077,Fragile Late-Cycle Watch,Growth Down / Inflation Down,2010
2010-10-04,GLD,Gold,0.9426031197612746,0.5028091889996039,0.29929706525504957,0.5815697913386427,1,0.029814622233335086,Fragile Late-Cycle Watch,Growth Down / Inflation Down,2010
2010-10-05,GLD,Gold,0.9540417065353902,0.513310330159007,0.26012380538118013,0.5758252806918591,1,0.00740515443946399,Fragile Late-Cycle Watch,Growth Down / Inflation Down,2010
2010-10-06,GLD,Gold,0.9321342567000835,0.48978079228030885,0.2302438925243181,0.5507196471682368,1,0.017145966220205366,Fragile Late-Cycle Watch,Growth Down / Inflation Down,2010
2010-10-07,GLD,Gold,0.9333403730584154,0.492231578620639,0.30642536396676123,0.5773324385486052,1,0.03359672506603517,Fragile Late-Cycle Watch,Growth Down / Inflation Down,2010
2010-10-08,GLD,Gold,0.9780481789137841,0.49779096289856267,0.2914005353187304,0.5890798923770257,1,0.015342465118381332,Fragile Late-Cycle Watch,Growth Down / Inflation Down,2010
2010-10-11,GLD,Gold,0.981648850603055,0.4998573477108089,0.2814502653999488,0.5876521545712708,1,0.015042751486575634,Fragile Late-Cycle Watch,Growth Down / Inflation Down,2010
2010-10-12,GLD,Gold,0.9743274445514347,0.4988536750481362,0.25630367896813744,0.5764949328559028,0,-0.014019445357615457,Fragile Late-Cycle Watch,Growth Down / Inflation Down,2010
2010-10-13,GLD,Gold,0.9864905011466338,0.5024039801661444,0.30499134343526835,0.5979619415826822,0,-0.0205116718860896,Fragile Late-Cycle Watch,Growth Down / Inflation Down,2010
2010-10-14,GLD,Gold,0.9759678394289072,0.49681994227503096,0.29810506658395486,0.5902976160959643,0,-0.03918366441036647,Fragile Late-Cycle Watch,Growth Down / Inflation Down,2010
2010-10-15,GLD,Gold,0.9847137298689685,0.4989310435422425,0.24916571019515568,0.5776034945354556,0,-0.02954815353575202,Fragile Late-Cycle Watch,Growth Down / Inflation Down,2010
2010-10-18,GLD,Gold,0.9927547870839238,0.5002422765089658,0.3410660110132158,0.6113543582020351,0,-0.02554358584273453,Fragile Late-Cycle Watch,Growth Down / Inflation Down,2010
2010-10-19,GLD,Gold,0.9876551148774484,0.49816240149360475,0.22425658305148222,0.5700246998075118,1,0.00591810213549171,Fragile Late-Cycle Watch,Growth Down / Inflation Down,2010
2010-10-20,GLD,Gold,0.9937610156005061,0.5283144771431711,0.6033598135359242,0.7084784354265338,0,-0.01370699780204665,Fragile Late-Cycle Watch,Growth Down / Inflation Down,2010
2010-10-21,GLD,Gold,0.9973984533951051,0.5297681872054922,0.6094155183965501,0.712194052999049,1,0.013671153593670438,Fragile Late-Cycle Watch,Growth Down / Inflation Down,2010
2010-10-22,GLD,Gold,0.997034649389589,0.5334009222606898,0.5934830787233969,0.7079728834578919,1,0.02227703295171657,Fragile Late-Cycle Watch,Growth Down / Inflation Down,2010
2010-10-25,GLD,Gold,0.9983808289078507,0.5293391774425905,0.5576437466579935,0.6951212510028116,1,0.008177241234388788,Fragile Late-Cycle Watch,Growth Down / Inflation Down,2010
2010-10-26,GLD,Gold,0.9977229368327476,0.5363159140376976,0.5579467320152459,0.6973285276285637,1,0.012301348947787227,Fragile Late-Cycle Watch,Growth Down / Inflation Down,2010
2010-10-27,GLD,Gold,0.9978346158678606,0.5251854621206594,0.5824476591498914,0.7018225790461371,1,0.015827694442052342,Fragile Late-Cycle Watch,Growth Down / Inflation Down,2010
2010-10-28,GLD,Gold,0.9983054035592654,0.5241953397687947,0.5980998861763764,0.7068668765014788,1,0.036497966211852306,Fragile Late-Cycle Watch,Growth Down / Inflation Down,2010
2010-10-29,GLD,Gold,0.9973520360040752,0.5310652358723776,0.7016077458158014,0.7433416725640848,1,0.028351756176001386,Fragile Late-Cycle Watch,Growth Down / Inflation Down,2010
2010-11-01,GLD,Gold,0.998771103419328,0.5462752140000965,0.8020187572135403,0.782355024877655,1,0.04442086637119913,Fragile Late-Cycle Watch,Growth Down / Inflation Down,2010
2010-11-02,GLD,Gold,0.9999489444451974,0.5414096084221353,0.7788793350363933,0.7734126293012419,1,0.023397922229586587,Fragile Late-Cycle Watch,Growth Down / Inflation Down,2010
2010-11-03,GLD,Gold,0.9999437389455303,0.5373225214401007,0.7129354265478351,0.7500672289778221,1,0.04309491413930777,Fragile Late-Cycle Watch,Growth Down / Inflation Down,2010
2010-11-04,GLD,Gold,0.9999715187102075,0.5335517295807414,0.7376569541721991,0.7570600674877159,1,0.011982686888479144,Fragile Late-Cycle Watch,Growth Down / Inflation Down,2010
2010-11-05,GLD,Gold,0.9998329373904485,0.5089560255526917,0.6832173155494241,0.7306687594975214,0,-0.019724316946004627,Fragile Late-Cycle Watch,Growth Down / Inflation Down,2010
2010-11-08,GLD,Gold,0.9997468570945569,0.5093749233418674,0.6632766982231958,0.7241328262198734,0,-0.038902603119756796,Fragile Late-Cycle Watch,Growth Down / Inflation Down,2010
2010-11-09,GLD,Gold,0.9989798186393306,0.4984302952667214,0.5797192030421043,0.6923764389827188,0,-0.03407327414977179,Fragile Late-Cycle Watch,Growth Down / Inflation Down,2010
2010-11-10,GLD,Gold,0.998796284807905,0.49942269323658783,0.7499818637682665,0.7494002806042532,0,-0.04998542943583062,Fragile Late-Cycle Watch,Growth Down / Inflation Down,2010
2010-11-11,GLD,Gold,0.9989095189529432,0.4988646554021956,0.5611590593658038,0.6863110779069809,0,-0.04046205997415564,Fragile Late-Cycle Watch,Growth Down / Inflation Down,2010
2010-11-12,GLD,Gold,0.9992219118919494,0.5059048635126306,0.5858203314514594,0.6969823689520132,0,-0.011145227511063172,Fragile Late-Cycle Watch,Growth Down / Inflation Down,2010
2010-11-15,GLD,Gold,0.999597033015717,0.5136063636184207,0.6264808492968093,0.7132280819769824,1,0.008004814780629754,Fragile Late-Cycle Watch,Growth Down / Inflation Down,2010
2010-11-16,GLD,Gold,0.9996552367226542,0.520890245805941,0.7129139905397381,0.7444864910227778,1,0.026265575393935814,Fragile Late-Cycle Watch,Growth Down / Inflation Down,2010
2010-11-17,GLD,Gold,0.9995568390732918,0.5190880457598762,0.7497922424506227,0.756145709094597,1,0.029145479756533588,Fragile Late-Cycle Watch,Growth Down / Inflation Down,2010
2010-11-18,GLD,Gold,0.9997906437964158,0.5265943273839574,0.7327512104943115,0.7530453938915617,1,0.007722040281171072,Fragile Late-Cycle Watch,Growth Down / Inflation Down,2010
2010-11-19,GLD,Gold,0.9995200375054657,0.5211149949017851,0.6787199650219639,0.7331183324764049,1,0.0099092102029823,Fragile Late-Cycle Watch,Growth Down / Inflation Down,2010
2010-11-22,GLD,Gold,0.9992523632983079,0.5193070836292211,0.7618858240259588,0.7601484236511626,1,0.014534031341791431,Fragile Late-Cycle Watch,Growth Down / Inflation Down,2010
2010-11-23,GLD,Gold,0.9995074409027148,0.5235242053302737,0.7470528324416981,0.7566948262248955,1,0.007216733831371558,Fragile Late-Cycle Watch,Growth Down / Inflation Down,2010
2010-11-24,GLD,Gold,0.9992936471565147,0.5225736890064119,0.7203755985490672,0.7474143115706647,1,0.007601761276925689,Fragile Late-Cycle Watch,Growth Down / Inflation Down,2010
2010-11-26,GLD,Gold,0.9977975810652993,0.5177398757440661,0.7230873875509463,0.7462082814534372,1,0.037262464811989915,Fragile Late-Cycle Watch,Growth Down / Inflation Down,2010
2010-11-29,GLD,Gold,0.9984244349736899,0.517246500356328,0.7194353101390876,0.7450354151563685,1,0.041944471080244794,Fragile Late-Cycle Watch,Growth Down / Inflation Down,2010
2010-11-30,GLD,Gold,0.9962790306864405,0.5135688079625544,0.6443849819689798,0.7180776068726583,1,0.007975201932194143,Fragile Late-Cycle Watch,Growth Down / Inflation Down,2010
2010-12-01,GLD,Gold,0.9948410315904833,0.4880487173037652,0.6150189557545085,0.6993029015495856,0,-0.00435818862017634,Fragile Late-Cycle Watch,Growth Down / Inflation Down,2010
2010-12-02,GLD,Gold,0.9986393773012726,0.5019356308898453,0.5405977876824152,0.6803909319578444,0,0.0012573829347821697,Fragile Late-Cycle Watch,Growth Down / Inflation Down,2010
2010-12-03,GLD,Gold,0.9991084401932375,0.501429634498922,0.6147477460457736,0.7050952735793111,0,-0.019265615419742144,Fragile Late-Cycle Watch,Growth Down / Inflation Down,2010
2010-12-06,GLD,Gold,0.9995411689813574,0.5191168875941371,0.6219947805036998,0.7135509456930648,0,-0.021996963159858218,Fragile Late-Cycle Watch,Growth Down / Inflation Down,2010
2010-12-07,GLD,Gold,0.9996869568436226,0.5105013459078842,0.7282676905914905,0.746151997780999,0,-0.002344376001602533,Fragile Late-Cycle Watch,Growth Down / Inflation Down,2010
2010-12-08,GLD,Gold,0.9992940212291507,0.4945527456326804,0.6178459773566746,0.7038975814061685,0,-0.0006676781836436607,Fragile Late-Cycle Watch,Growth Down / Inflation Down,2010
2010-12-09,GLD,Gold,0.9992932547137394,0.5078201942419,0.5804227936592223,0.6958454142049538,0,-0.011523953718423963,Fragile Late-Cycle Watch,Growth Down / Inflation Down,2010
2010-12-10,GLD,Gold,0.9988700810214701,0.502877921498218,0.5406814973955384,0.6808098333050755,0,-0.008935873873000766,Fragile Late-Cycle Watch,Growth Down / Inflation Down,2010
2010-12-13,GLD,Gold,0.9994330793438443,0.49193124589125437,0.46304637292496414,0.6514702327200209,0,-0.006909242339734778,Fragile Late-Cycle Watch,Growth Down / Inflation Down,2010
2010-12-14,GLD,Gold,0.9992281083911205,0.5046509922126912,0.5288765379813086,0.6775852128617067,0,-0.006315063869991255,Fragile Late-Cycle Watch,Growth Down / Inflation Down,2010
2010-12-15,GLD,Gold,0.9990768805310936,0.5066229410436542,0.5779595659605062,0.694553129178418,1,0.002598412111695314,Fragile Late-Cycle Watch,Growth Down / Inflation Down,2010
2010-12-16,GLD,Gold,0.9986121717147085,0.5067187977418961,0.5753349675889811,0.6935553123485286,1,0.006352336290443628,Fragile Late-Cycle Watch,Growth Down / Inflation Down,2010
2010-12-17,GLD,Gold,0.9987376852492614,0.5066549078939371,0.5462455425881297,0.6838793785771095,1,0.0061103378753055715,Fragile Late-Cycle Watch,Growth Down / Inflation Down,2010
2010-12-20,GLD,Gold,0.9988602668459996,0.5157735305082064,0.6646216997847648,0.7264184990463236,1,0.015616909191175754,Fragile Late-Cycle Watch,Growth Down / Inflation Down,2010
2010-12-21,GLD,Gold,0.9978746791957784,0.5125538898806303,0.6101920633454025,0.7068735441406039,1,0.017661833138407523,Fragile Late-Cycle Watch,Growth Down / Inflation Down,2010
2010-12-22,GLD,Gold,0.9985116955366607,0.5123010535548065,0.5451307779957115,0.6853145090290594,1,0.014661204611600365,Fragile Late-Cycle Watch,Growth Down / Inflation Down,2010
2010-12-23,GLD,Gold,0.9986067627237599,0.5079795580354678,0.6367980662755456,0.7144614623449245,1,0.03014998847602257,Fragile Late-Cycle Watch,Growth Down / Inflation Down,2010
2010-12-27,GLD,Gold,0.9981014461775112,0.5155746423190217,0.677236938038066,0.7303043421781997,1,0.02207077198372498,Fragile Late-Cycle Watch,Growth Down / Inflation Down,2010
2010-12-28,GLD,Gold,0.9963500123775749,0.5113929957350495,0.7006908423155515,0.7361446168093919,0,-0.018000300238522837,Fragile Late-Cycle Watch,Growth Down / Inflation Down,2010
2010-12-29,GLD,Gold,0.9956863411981568,0.5084062209979824,0.6734534635945896,0.7258486752635762,0,-0.0242539498499883,Fragile Late-Cycle Watch,Growth Down / Inflation Down,2010
2010-12-30,GLD,Gold,0.9983537627137237,0.5250040942428774,0.7349633851454369,0.752773747367346,0,-0.0233525284736823,Fragile Late-Cycle Watch,Growth Down / Inflation Down,2010
2010-12-31,GLD,Gold,0.9987992131429168,0.5282682674110774,0.7579881622499993,0.7616852142679978,0,-0.037053051790784775,Fragile Late-Cycle Watch,Growth Down / Inflation Down,2010
2011-01-03,GLD,Gold,0.6032199260658049,0.549333777898978,0.8324818358276601,0.6616785132641477,0,-0.02811597741168481,Fragile Late-Cycle Watch,Growth Down / Inflation Down,2011
2011-01-04,GLD,Gold,0.6570219315809128,0.5411586159585005,0.7600894704898022,0.6527566726764051,0,0.0011874112215908283,Fragile Late-Cycle Watch,Growth Down / Inflation Down,2011
2011-01-05,GLD,Gold,0.8850315312313465,0.5892747767500608,0.8189149728643541,0.7644070936152539,1,0.008112016345085626,Fragile Late-Cycle Watch,Growth Down / Inflation Down,2011
2011-01-06,GLD,Gold,0.8515892710105067,0.5808220388873364,0.8127127341921146,0.7483746813633192,1,0.001643885658619837,Fragile Late-Cycle Watch,Growth Down / Inflation Down,2011
2011-01-07,GLD,Gold,0.7978325006802522,0.593981426309618,0.8043589656019265,0.7320576308639323,0,-0.006662669392489384,Fragile Late-Cycle Watch,Growth Down / Inflation Down,2011
2011-01-10,GLD,Gold,0.7880607482757517,0.6038796533623946,0.7558437715279791,0.7159280577220418,0,-0.005144664975594182,Fragile Late-Cycle Watch,Growth Down / Inflation Down,2011
2011-01-11,GLD,Gold,0.8338909654011571,0.6084548725076566,0.8440087095448843,0.7621181824845661,0,-0.008820713135452074,Fragile Late-Cycle Watch,Growth Down / Inflation Down,2011
2011-01-12,GLD,Gold,0.7353044823521122,0.5907665606319016,0.7989973714695747,0.7083561381511961,0,-0.03144846858470518,Fragile Late-Cycle Watch,Growth Down / Inflation Down,2011
2011-01-13,GLD,Gold,0.8298293878444275,0.5522995432934183,0.713187172304448,0.6984387011474312,0,-0.022528938483461936,Fragile Late-Cycle Watch,Growth Down / Inflation Down,2011
2011-01-14,GLD,Gold,0.8515883728037442,0.5782504616615546,0.7620274778326898,0.7306221040993295,0,-0.017559739152793963,Fragile Late-Cycle Watch,Growth Down / Inflation Down,2011
2011-01-18,GLD,Gold,0.9455028206501863,0.5774904155472217,0.8446709955238594,0.7892214105737558,0,-0.02495680697785163,Fragile Late-Cycle Watch,Growth Down / Inflation Down,2011
2011-01-19,GLD,Gold,0.92647320402272,0.5752686396196469,0.8506464981046269,0.7841294472489979,0,-0.0191444625727194,Fragile Late-Cycle Watch,Growth Down / Inflation Down,2011
2011-01-20,GLD,Gold,0.9454462889037439,0.5941929040576234,0.8821103843337793,0.8072498590983822,0,-0.024923755481155996,Fragile Late-Cycle Watch,Growth Down / Inflation Down,2011
2011-01-21,GLD,Gold,0.9621660223366313,0.5991264818498947,0.892179042271673,0.8178238488193997,0,-0.005723880080799493,Fragile Late-Cycle Watch,Growth Down / Inflation Down,2011
2011-01-24,GLD,Gold,0.9721694667855327,0.5971234861108322,0.8912460427119883,0.8201796652027844,0,-0.0037588638452733525,Fragile Late-Cycle Watch,Growth Down / Inflation Down,2011
2011-01-25,GLD,Gold,0.9623906468830855,0.5934540821953616,0.8771314191318577,0.8109920494034348,1,0.005380452847060013,Fragile Late-Cycle Watch,Growth Down / Inflation Down,2011
2011-01-26,GLD,Gold,0.9741586132888249,0.602577150333326,0.8272197534045905,0.8013185056755806,0,-0.0054132867798348805,Fragile Late-Cycle Watch,Growth Down / Inflation Down,2011
2011-01-27,GLD,Gold,0.9760224225265883,0.5872968998693266,0.7509457679471211,0.771421696781012,1,0.033377602070510104,Fragile Late-Cycle Watch,Growth Down / Inflation Down,2011
2011-01-28,GLD,Gold,0.986635152296862,0.5868011978949742,0.8189010870228288,0.7974458124048883,1,0.010592607428177248,Fragile Late-Cycle Watch,Growth Down / Inflation Down,2011
2011-01-31,GLD,Gold,0.9431228267337866,0.5946592820081174,0.8331796896119343,0.7903205994512795,1,0.013936995662165996,Fragile Late-Cycle Watch,Growth Down / Inflation Down,2011
2011-02-01,GLD,Gold,0.9533475239448677,0.585661932006463,0.9113029777056342,0.8167708112189883,1,0.017889879841705314,Fragile Late-Cycle Watch,Growth Down / Inflation Down,2011
2011-02-02,GLD,Gold,0.9585956957936246,0.5320072052270175,0.4931636389747155,0.6612555133317858,1,0.020084403505322257,Fragile Late-Cycle Watch,Growth Down / Inflation Down,2011
2011-02-03,GLD,Gold,0.8876691718075629,0.5292509719555172,0.4500742681174231,0.6223314706268344,1,0.004916862104981101,Fragile Late-Cycle Watch,Growth Down / Inflation Down,2011
2011-07-12,GLD,Gold,0.007094865132599426,0.5103968827467213,0.38380232755977034,0.300431358479697,1,0.012371534573486498,Fragile Late-Cycle Watch,Growth Down / Inflation Down,2011
2011-07-13,GLD,Gold,0.012227048739153973,0.5014109773854639,0.36642397868878684,0.29335400160446823,1,0.012196736020869237,Fragile Late-Cycle Watch,Growth Down / Inflation Down,2011
2011-07-14,GLD,Gold,0.013455429161113563,0.4891186786842583,0.26005688950934186,0.2542103324515712,1,0.001876592193096105,Fragile Late-Cycle Watch,Growth Down / Inflation Down,2011
2011-07-15,GLD,Gold,0.014852712590545263,0.47612403165360795,0.20382974896341158,0.2316021644025216,1,0.005927823370074803,Fragile Late-Cycle Watch,Growth Down / Inflation Down,2011
2011-07-18,GLD,Gold,0.012619155255555348,0.48352579996530065,0.2551595022650545,0.25043481916197013,1,0.004917857684437754,Fragile Late-Cycle Watch,Growth Down / Inflation Down,2011
2011-07-19,GLD,Gold,0.011901929254358389,0.48187107025763304,0.298856458518533,0.2642098193435081,1,0.02010862884205067,Fragile Late-Cycle Watch,Growth Down / Inflation Down,2011
2011-07-20,GLD,Gold,0.012989377560183056,0.4977010310990583,0.30624650007065907,0.2723123029099668,1,0.007499026643417617,Fragile Late-Cycle Watch,Growth Down / Inflation Down,2011
2011-07-21,GLD,Gold,0.028017185059393938,0.49611441777905696,0.4993066444387312,0.34114608242572736,1,0.01608218990968613,Fragile Late-Cycle Watch,Growth Down / Inflation Down,2011
2011-07-22,GLD,Gold,0.06316258038469433,0.4882391162554343,0.5261533679955788,0.35918502154523574,1,0.013899553143826626,Fragile Late-Cycle Watch,Growth Down / Inflation Down,2011
2011-07-25,GLD,Gold,0.025460815049736088,0.48672935317303156,0.4332948534621754,0.315161673894981,1,0.002415182990067155,Fragile Late-Cycle Watch,Growth Down / Inflation Down,2011
2011-07-26,GLD,Gold,0.016643773597398562,0.4800388764996147,0.3446587369858164,0.2804471290276099,1,0.023768776690427984,Fragile Late-Cycle Watch,Growth Down / Inflation Down,2011
2011-07-27,GLD,Gold,0.02477746808993716,0.4794476581123341,0.34488639328195364,0.2830371731614083,1,0.02735544872429574,Fragile Late-Cycle Watch,Growth Down / Inflation Down,2011
2011-07-28,GLD,Gold,0.018790351544730095,0.48630505326880014,0.2937441601101988,0.26627985497457635,1,0.021103431927685934,Fragile Late-Cycle Watch,Growth Down / Inflation Down,2011
2011-07-29,GLD,Gold,0.014061829662771013,0.4627083145758032,0.25523357412678666,0.2440012394551203,1,0.0218586572785604,Fragile Late-Cycle Watch,Growth Down / Inflation Down,2011
2011-08-01,GLD,Gold,0.013498654478045874,0.4711373033608063,0.307311317233102,0.2639824250239847,1,0.05959925072109673,Fragile Late-Cycle Watch,Growth Down / Inflation Up,2011
2011-08-02,GLD,Gold,0.0013444426020023533,0.4713560956726343,0.23983066480430848,0.23751040102631504,1,0.04389546898432983,Fragile Late-Cycle Watch,Growth Down / Inflation Up,2011
2011-08-03,GLD,Gold,0.00039388361116381165,0.4644782763144669,0.19621721836059486,0.22036312609540853,1,0.08105762519430182,Fragile Late-Cycle Watch,Growth Down / Inflation Up,2011
2011-08-04,GLD,Gold,0.0003668247459698116,0.460772464890309,0.13395227757744324,0.19836385573790735,1,0.06293576101073528,Fragile Late-Cycle Watch,Growth Down / Inflation Up,2011
2011-08-05,GLD,Gold,0.0005863666194408444,0.4600874317913425,0.14110388653755243,0.20059256164944525,1,0.05081917292552163,Fragile Late-Cycle Watch,Growth Down / Inflation Up,2011
2011-08-08,GLD,Gold,0.0009905572672064546,0.4558219786919512,0.1322428952491045,0.19635181040275404,1,0.02800387788001424,Fragile Late-Cycle Watch,Growth Down / Inflation Up,2011
2011-08-09,GLD,Gold,0.00025720063723878763,0.4494890739392565,0.08413328385032291,0.17795985280893942,1,0.0314927794281008,Fragile Late-Cycle Watch,Growth Down / Inflation Up,2011
2011-08-10,GLD,Gold,0.0002886127950623435,0.4461073575124878,0.09812473940200307,0.18150690323651775,0,-0.0009165062460259055,Fragile Late-Cycle Watch,Growth Down / Inflation Up,2011
2011-08-11,GLD,Gold,0.00016603253032465733,0.43111171775406926,0.08255491554940553,0.17127755527793317,1,0.040819919301336105,Fragile Late-Cycle Watch,Growth Down / Inflation Up,2011
2011-08-12,GLD,Gold,0.00018032117024408703,0.4329288102462978,0.1260634379258467,0.18639085644746287,1,0.0587162184848149,Fragile Late-Cycle Watch,Growth Down / Inflation Up,2011
2011-08-15,GLD,Gold,0.00014673215703551372,0.44292035551509845,0.18256631790365963,0.20854446852526454,1,0.07444699102991059,Fragile Late-Cycle Watch,Growth Down / Inflation Up,2011
2011-08-16,GLD,Gold,6.202223539471058e-05,0.43850046976672447,0.11647068023047237,0.18501105741086385,1,0.02156163776150266,Fragile Late-Cycle Watch,Growth Down / Inflation Up,2011
2011-08-17,GLD,Gold,8.672341610263995e-05,0.4399523236269384,0.12930972723377968,0.18978292475894024,0,-0.015881230945650415,Fragile Late-Cycle Watch,Growth Down / Inflation Up,2011
2011-08-18,GLD,Gold,0.00011541493398179539,0.4499604920322794,0.17240103535688178,0.20749231410771432,0,-0.030159805162814468,Fragile Late-Cycle Watch,Growth Down / Inflation Up,2011
2011-08-19,GLD,Gold,0.00022434355137071236,0.4343320135465624,0.22253846253986637,0.21903160654593315,0,-0.013781582492898625,Fragile Late-Cycle Watch,Growth Down / Inflation Up,2011
2011-08-22,GLD,Gold,0.00011191494009777189,0.43374221096472176,0.2286761081911716,0.22084341136533037,0,-0.0579662883174662,Fragile Late-Cycle Watch,Growth Down / Inflation Up,2011
2011-08-23,GLD,Gold,0.00015225021116208105,0.4227602548119591,0.24532112955844662,0.22274454486052261,1,0.00804867422360478,Fragile Late-Cycle Watch,Growth Down / Inflation Up,2011
2011-08-24,GLD,Gold,0.0002205427057507352,0.4386175862650293,0.34441059777580146,0.26108290891552716,1,0.03536270049551726,Fragile Late-Cycle Watch,Growth Down / Inflation Up,2011
2011-08-25,GLD,Gold,0.001956320927010097,0.4608189505142992,0.4897755282955511,0.31751693324562014,1,0.03196794202439235,Fragile Late-Cycle Watch,Growth Down / Inflation Up,2011
2011-08-26,GLD,Gold,0.000911888033002176,0.44749593743385546,0.35696453904572967,0.2684574548375291,1,0.032512561180891186,Fragile Late-Cycle Watch,Growth Down / Inflation Up,2011
2011-08-29,GLD,Gold,0.0004248772209065667,0.4429938098339958,0.304084158668611,0.24916761524117112,1,0.05181433399540447,Fragile Late-Cycle Watch,Growth Down / Inflation Up,2011
2011-08-30,GLD,Gold,0.000838113011486369,0.47490079358954806,0.37297396550310263,0.282904290701379,0,-0.011278638769523064,Fragile Late-Cycle Watch,Growth Down / Inflation Up,2011
2011-08-31,GLD,Gold,0.0006721372940341312,0.45344523317434926,0.44166453313490717,0.29859396786776354,1,0.02301370869793895,Fragile Late-Cycle Watch,Growth Down / Inflation Up,2011
2011-09-01,GLD,Gold,0.00021519112213770893,0.45052118090993465,0.3306268815577872,0.26045441786328655,1,0.015910507161087883,Fragile Late-Cycle Watch,Growth Down / Inflation Up,2011
2011-09-02,GLD,Gold,0.00033920635566671097,0.44667882180101887,0.312652602861485,0.25322354367272354,0,-0.03585465579165703,Fragile Late-Cycle Watch,Growth Down / Inflation Up,2011
2011-09-06,GLD,Gold,0.0001719298537420784,0.45144636402967586,0.3189937240946271,0.2568706726593484,0,-0.02383816706313935,Fragile Late-Cycle Watch,Growth Down / Inflation Up,2011
2011-09-07,GLD,Gold,0.00022549130655209813,0.46728089846277593,0.23083187298251448,0.23277942091728085,0,0.0007341590324612124,Fragile Late-Cycle Watch,Growth Down / Inflation Up,2011
2011-09-08,GLD,Gold,0.0005285719273634225,0.4908031861504689,0.4384217194304389,0.3099178258360904,0,-0.04075685474733737,Fragile Late-Cycle Watch,Growth Down / Inflation Up,2011
2011-09-09,GLD,Gold,0.00018623960156826782,0.48175977433721,0.3178463791316426,0.266597464356807,0,-0.02584393053577605,Fragile Late-Cycle Watch,Growth Down / Inflation Up,2011
2011-09-12,GLD,Gold,0.0011087392148206032,0.4800621621371795,0.34668755083657815,0.27595281739619276,0,-0.019018512736602156,Fragile Late-Cycle Watch,Growth Down / Inflation Up,2011
2011-09-13,GLD,Gold,0.0018984101525172923,0.5111007826539485,0.5658837785213031,0.3596276571092563,0,-0.015458690549028375,Fragile Late-Cycle Watch,Growth Down / Inflation Up,2011
2011-09-14,GLD,Gold,0.0009632128051317666,0.48762504838768883,0.3842098422314468,0.29093270114142245,0,-0.020427798876062497,Fragile Late-Cycle Watch,Growth Down / Inflation Up,2011
2011-09-15,GLD,Gold,0.0013588496777851662,0.5093074570622802,0.5486439326543673,0.3531034131314776,0,-0.030676554082347374,Fragile Late-Cycle Watch,Growth Down / Inflation Up,2011
2011-09-16,GLD,Gold,0.01379943414591861,0.5242769612913792,0.659448776921178,0.3991750574528252,0,-0.09220016951706012,Fragile Late-Cycle Watch,Growth Down / Inflation Up,2011
2011-09-19,GLD,Gold,0.0076981826505455875,0.5243638284326938,0.5327911541117635,0.35495105506500096,0,-0.09076219461731261,Fragile Late-Cycle Watch,Growth Down / Inflation Up,2011
2011-09-20,GLD,Gold,0.005953418302518162,0.534741197520986,0.615777895279459,0.3854908370343211,0,-0.08618724543004563,Fragile Late-Cycle Watch,Growth Down / Inflation Up,2011
2011-09-21,GLD,Gold,0.00468989684039771,0.5206081273088623,0.5711254935304811,0.365474505893247,0,-0.10006334168806041,Fragile Late-Cycle Watch,Growth Down / Inflation Up,2011
2011-09-22,GLD,Gold,0.006488865085249693,0.5325458989927189,0.6843170869778401,0.4077839503519362,0,-0.06713993433079446,Fragile Late-Cycle Watch,Growth Down / Inflation Up,2011
2011-09-23,GLD,Gold,0.02572951173873824,0.5409871242826956,0.7172035395525022,0.42797339185797867,0,-0.010888644930754365,Fragile Late-Cycle Watch,Growth Down / Inflation Up,2011
2011-09-26,GLD,Gold,0.2460694231440315,0.5304149568668469,0.7872308331649442,0.5212384043919408,1,0.02144945325255354,Fragile Late-Cycle Watch,Growth Down / Inflation Up,2011
2011-09-27,GLD,Gold,0.4394288082135394,0.533350078165483,0.8261158729827552,0.5996315864539259,0,-0.018614240193452147,Fragile Late-Cycle Watch,Growth Down / Inflation Up,2011
2011-09-28,GLD,Gold,0.187695043868547,0.5296747163643931,0.8065704545966357,0.5079800716098586,1,0.020740017077497397,Fragile Late-Cycle Watch,Growth Down / Inflation Up,2011
2011-09-29,GLD,Gold,0.36253211824478826,0.5259090815306544,0.833761924728492,0.5740677081679783,1,0.017691874438257482,Fragile Late-Cycle Watch,Growth Down / Inflation Up,2011
2011-11-02,GLD,Gold,0.012090024534133634,0.5013067662516422,0.1766356172756501,0.230010802687142,1,0.017804387845100855,Fragile Late-Cycle Watch,Growth Down / Inflation Up,2011
2011-11-03,GLD,Gold,0.011619349531666795,0.49168279360243133,0.18713785847114733,0.23014666720174848,0,-0.0033776020669208373,Fragile Late-Cycle Watch,Growth Down / Inflation Up,2011
2011-11-04,GLD,Gold,0.010529686294004251,0.48817086254626474,0.1288633150530349,0.2091879546311013,1,0.01820310505852274,Fragile Late-Cycle Watch,Growth Down / Inflation Up,2011
2011-11-07,GLD,Gold,0.012981007170283096,0.4917755448902143,0.13679437801393765,0.2138503100248117,0,-0.010172584425413467,Fragile Late-Cycle Watch,Growth Down / Inflation Up,2011
2011-11-08,GLD,Gold,0.003921711488955796,0.46406108770509846,0.09538608515577998,0.1877896281166114,0,-0.0009796471511621663,Fragile Late-Cycle Watch,Growth Down / Inflation Up,2011
2011-11-09,GLD,Gold,0.0013583264167779136,0.4660934305065437,0.1460805359185161,0.20451076428061257,0,-0.0032545638027876578,Fragile Late-Cycle Watch,Growth Down / Inflation Up,2011
2011-11-10,GLD,Gold,0.0026797988910064433,0.5050683354492328,0.19625592439328265,0.23466801957784064,0,-0.02360636496751778,Fragile Late-Cycle Watch,Growth Down / Inflation Up,2011
2011-11-11,GLD,Gold,0.005928731665782694,0.5096724046589045,0.17876540194693963,0.23145551275720896,0,-0.03644522506318282,Fragile Late-Cycle Watch,Growth Down / Inflation Up,2011
2011-11-14,GLD,Gold,0.005125366796661962,0.4866834050953274,0.15256303870833132,0.21479060353344023,0,-0.05600460230458815,Fragile Late-Cycle Watch,Growth Down / Inflation Up,2011
2011-11-15,GLD,Gold,0.009413287566167237,0.49911221446444853,0.1998374488157653,0.23612098361546033,0,-0.04643518126105228,Fragile Late-Cycle Watch,Growth Down / Inflation Up,2011
2011-11-16,GLD,Gold,0.0073414252336008005,0.5028197753224223,0.2096620607795932,0.23994108711187212,0,-0.03894812483079524,Fragile Late-Cycle Watch,Growth Down / Inflation Up,2011
2011-11-17,GLD,Gold,0.0041384116226021676,0.5023732600479538,0.1561546201831243,0.22088876395122678,0,-0.02214250192629652,Fragile Late-Cycle Watch,Growth Down / Inflation Up,2011
2011-11-18,GLD,Gold,0.005087061426955199,0.528931813141633,0.21549179348621977,0.24983688935160267,0,-0.005906158353499946,Fragile Late-Cycle Watch,Growth Down / Inflation Up,2011
2011-11-21,GLD,Gold,0.005185240293770616,0.5443583094362513,0.28519859858250607,0.27824738277084266,1,0.020672812738914415,Fragile Late-Cycle Watch,Growth Down / Inflation Up,2011
2011-11-22,GLD,Gold,0.00976977362166931,0.5444500707713258,0.3534564734388824,0.30255877261062586,1,0.02915738549031377,Fragile Late-Cycle Watch,Growth Down / Inflation Up,2011
2011-11-23,GLD,Gold,0.017038430769600023,0.5559737012479232,0.3740827866805932,0.31569830623270545,1,0.029120930646337362,Fragile Late-Cycle Watch,Growth Down / Inflation Up,2011
2011-11-25,GLD,Gold,0.018738492702550076,0.5588966668257087,0.3571694362490831,0.3116015319257806,1,0.03929016932400575,Fragile Late-Cycle Watch,Growth Down / Inflation Up,2011
2011-11-28,GLD,Gold,0.006364131331242743,0.5539573625559027,0.38991298528675333,0.3167448263912996,1,0.004140925530738082,Fragile Late-Cycle Watch,Growth Down / Inflation Up,2011
2011-11-29,GLD,Gold,0.004942155129861,0.5492438563789567,0.35396044120116993,0.30271548423666256,1,0.007789955386696246,Fragile Late-Cycle Watch,Growth Down / Inflation Up,2011
2011-11-30,GLD,Gold,0.0024040902712661434,0.5422327571459912,0.5445836136680235,0.3630734870284269,0,-0.004290900872135794,Fragile Late-Cycle Watch,Growth Down / Inflation Up,2011
2011-12-01,GLD,Gold,0.002279026513491246,0.4978783444055722,0.28628232085829347,0.2621465639257856,0,-0.02151747362027734,Fragile Late-Cycle Watch,Growth Down / Inflation Up,2011
2011-12-02,GLD,Gold,0.002341179222749655,0.4885376753089739,0.18399511527766416,0.22495798993646257,0,-0.020139048876643306,Fragile Late-Cycle Watch,Growth Down / Inflation Up,2011
2011-12-05,GLD,Gold,0.002294114173953549,0.4875921663731438,0.17769655631258371,0.22252761228656034,0,-0.03185513744764934,Fragile Late-Cycle Watch,Growth Down / Inflation Up,2011
2011-12-06,GLD,Gold,0.0036458319339051,0.5114519353786613,0.26654605054088254,0.260547939284483,0,-0.0578546566255157,Fragile Late-Cycle Watch,Growth Down / Inflation Up,2011
2011-12-07,GLD,Gold,0.00828391707705083,0.5137857883297469,0.24614694264403808,0.25607221601694524,0,-0.09746160036419327,Fragile Late-Cycle Watch,Growth Down / Inflation Up,2011
2011-12-08,GLD,Gold,0.010269362132873954,0.5226188394740574,0.2114074416559303,0.24809854775428722,0,-0.0822387892989902,Fragile Late-Cycle Watch,Growth Down / Inflation Up,2011
2011-12-09,GLD,Gold,0.10083105757812488,0.5649384128674041,0.5325389641175204,0.3994361448543498,0,-0.06712739530443756,Fragile Late-Cycle Watch,Growth Down / Inflation Up,2011
2011-12-12,GLD,Gold,0.049436103054268175,0.5460876647301893,0.3730317814875093,0.3228518497573223,0,-0.04395339301520684,Fragile Late-Cycle Watch,Growth Down / Inflation Up,2011
2011-12-13,GLD,Gold,0.08217318563661308,0.5474021214450484,0.4820706605995131,0.3705486558937248,0,-0.009277382448819482,Fragile Late-Cycle Watch,Growth Down / Inflation Up,2011
2011-12-14,GLD,Gold,0.10828945567358596,0.5521079231031745,0.551225421693148,0.4038742668233028,1,0.027928604156630232,Fragile Late-Cycle Watch,Growth Down / Inflation Up,2011
2011-12-15,GLD,Gold,0.4718501727264445,0.5465263242194104,0.5968783833231239,0.538418293422993,1,0.024354962321820217,Fragile Late-Cycle Watch,Growth Down / Inflation Up,2011
2011-12-16,GLD,Gold,0.3851752138595134,0.5444086568847318,0.5596278096776244,0.4964038934739565,1,0.006957430012111354,Fragile Late-Cycle Watch,Growth Down / Inflation Up,2011
2011-12-19,GLD,Gold,0.3021100098888507,0.5469721907115344,0.5579869199135654,0.46902304017131685,0,0.0002583363219685886,Fragile Late-Cycle Watch,Growth Down / Inflation Up,2011
2011-12-20,GLD,Gold,0.21776432341079832,0.5541121355619887,0.6477271742868635,0.47320121108655017,0,-0.037902899160280557,Fragile Late-Cycle Watch,Growth Down / Inflation Up,2011
2011-12-21,GLD,Gold,0.12243729703859092,0.5402043357101474,0.3802602929763501,0.34763397524169615,0,-0.04339531156337728,Fragile Late-Cycle Watch,Growth Down / Inflation Up,2011
2011-12-22,GLD,Gold,0.03160898514923914,0.5212358971013252,0.4068397029356979,0.3198948617287541,0,-0.025954806249845364,Fragile Late-Cycle Watch,Growth Down / Inflation Up,2011
2011-12-23,GLD,Gold,0.03636054775032159,0.5295198118711884,0.5961143121390405,0.3873315572535168,0,-0.002495038038128339,Fragile Late-Cycle Watch,Growth Down / Inflation Up,2011
2011-12-27,GLD,Gold,0.038649754191957465,0.5277577314621261,0.5414927335136591,0.3693000730559142,1,0.011619669544931321,Fragile Late-Cycle Watch,Growth Down / Inflation Up,2011
2011-12-28,GLD,Gold,0.016569955696838033,0.5334650627525608,0.6901619894629365,0.41339900263744517,1,0.04469310769090251,Fragile Late-Cycle Watch,Growth Down / Inflation Up,2011
2011-12-29,GLD,Gold,0.08279820093405585,0.5557473112925776,0.7740203027758222,0.4708552716674852,1,0.04562991071872613,Fragile Late-Cycle Watch,Growth Down / Inflation Up,2011
2011-12-30,GLD,Gold,0.15666519088588318,0.5542599603809173,0.7563275040515006,0.4890842184394337,1,0.029672967588903587,Fragile Late-Cycle Watch,Growth Down / Inflation Up,2011
2012-01-03,GLD,Gold,0.6137138302472979,0.45502446833400556,0.5183170933212867,0.52901846396753,1,0.017444851543391593,Fragile Late-Cycle Watch,Growth Down / Inflation Up,2012
2012-01-04,GLD,Gold,0.39571192057444765,0.43894960080462636,0.45522463060297136,0.42996205066068177,1,0.018888337236068864,Fragile Late-Cycle Watch,Growth Down / Inflation Up,2012
2012-01-05,GLD,Gold,0.5158187353706679,0.436227986008244,0.3614152921337876,0.43782067117089984,1,0.01647867995709973,Fragile Late-Cycle Watch,Growth Down / Inflation Up,2012
2012-01-06,GLD,Gold,0.5250882717477058,0.41365414669522627,0.2597339330878252,0.39949211717691907,1,0.013104310423568188,Fragile Late-Cycle Watch,Growth Down / Inflation Up,2012
2012-01-09,GLD,Gold,0.47162776412427726,0.41939209331972743,0.31868670160889745,0.4032355196843007,1,0.025559105431310014,Fragile Late-Cycle Watch,Growth Down / Inflation Up,2012
2012-01-10,GLD,Gold,0.5780590676729815,0.4215175692290238,0.3429299016984075,0.447502179533471,1,0.01865864047690069,Fragile Late-Cycle Watch,Growth Down / Inflation Up,2012
2012-01-11,GLD,Gold,0.6734108794233893,0.4180029338300455,0.2118066294544098,0.43440681423594824,1,0.009707540987867747,Fragile Late-Cycle Watch,Growth Down / Inflation Up,2012
2012-01-12,GLD,Gold,0.5624165377352903,0.42866713167618786,0.2683821942050521,0.41982195453884347,1,0.010537488402255102,Fragile Late-Cycle Watch,Growth Down / Inflation Up,2012
2012-01-13,GLD,Gold,0.7935821705096155,0.424646864302831,0.37828384058917586,0.5321709584672075,1,0.024488316525127285,Fragile Late-Cycle Watch,Growth Down / Inflation Up,2012
2012-01-17,GLD,Gold,0.7293513798351327,0.4422071625787858,0.5420709524945279,0.5712098316361488,1,0.009408065463152315,Fragile Late-Cycle Watch,Growth Down / Inflation Up,2012
2012-08-02,GLD,Gold,0.2071950748521133,0.4653702302560908,0.47351089558941384,0.38202540023253934,1,0.01855576798642211,Sideways Low-Volatility Regime,Growth Down / Inflation Down,2012
2012-08-03,GLD,Gold,0.4291218747965191,0.4878548334543339,0.585205404102139,0.5007273707843306,1,0.01047887876595599,Sideways Low-Volatility Regime,Growth Down / Inflation Down,2012
2012-08-06,GLD,Gold,0.4126280902169666,0.46034340109296,0.4423766779329291,0.43844938974761866,0,-0.001983349664370082,Sideways Low-Volatility Regime,Growth Down / Inflation Down,2012
2012-08-07,GLD,Gold,0.42635076561636953,0.4637876053058941,0.4381266576712544,0.4427550095311727,0,-0.00735854815374315,Sideways Low-Volatility Regime,Growth Down / Inflation Down,2012
2012-08-08,GLD,Gold,0.29601910612805943,0.4531203764494042,0.32419895214392475,0.3577794782404628,0,-0.005431945730664189,Sideways Low-Volatility Regime,Growth Down / Inflation Down,2012
2012-08-09,GLD,Gold,0.17877390676805788,0.4615086136272037,0.29325677322188076,0.31117976453904744,0,-0.0027390784096064102,Sideways Low-Volatility Regime,Growth Down / Inflation Down,2012
2012-08-10,GLD,Gold,0.1440887806608112,0.46065685092496544,0.30156744105976946,0.3021043575485154,0,-0.002926526762391135,Sideways Low-Volatility Regime,Growth Down / Inflation Down,2012
2012-08-13,GLD,Gold,0.3013860104357707,0.4729901373087609,0.39945420403229426,0.3912767839256086,1,0.008141476818702476,Sideways Low-Volatility Regime,Growth Down / Inflation Down,2012
2012-08-14,GLD,Gold,0.34514604870627114,0.4772603921351265,0.428692161070054,0.4170328673038172,1,0.023850943284873916,Sideways Low-Volatility Regime,Growth Down / Inflation Down,2012
2012-08-15,GLD,Gold,0.38826196699586113,0.4799364627845597,0.5193439122615171,0.4625141140139793,1,0.03154911167044849,Sideways Low-Volatility Regime,Growth Down / Inflation Down,2012
2012-08-16,GLD,Gold,0.4539753375810443,0.47999684519273933,0.5314743413004318,0.4884821746914052,1,0.034044468026130925,Sideways Low-Volatility Regime,Growth Down / Inflation Down,2012
2012-08-17,GLD,Gold,0.33705445644280546,0.47745260720606486,0.5069827246487817,0.4404965960992173,1,0.03349923404228794,Sideways Low-Volatility Regime,Growth Down / Inflation Down,2012
2012-08-20,GLD,Gold,0.378210214650013,0.4754410669882255,0.5450399400942615,0.4662304072441666,1,0.02607151371442651,Sideways Low-Volatility Regime,Growth Down / Inflation Down,2012
2012-08-21,GLD,Gold,0.2933427066389226,0.4848354372432598,0.5583472112698785,0.4455084517173537,1,0.017691856237480375,Sideways Low-Volatility Regime,Growth Down / Inflation Down,2012
2012-08-22,GLD,Gold,0.17633397036740095,0.47921432730076324,0.6080568539069621,0.4212017171917088,0,0.0003114678824527317,Sideways Low-Volatility Regime,Growth Down / Inflation Down,2012
2012-08-23,GLD,Gold,0.4017640716089026,0.48097096422238567,0.49588408937428413,0.4595397084018575,0,-0.008462506160680783,Sideways Low-Volatility Regime,Growth Down / Inflation Down,2012
2012-08-24,GLD,Gold,0.38710341172757035,0.49006588229177667,0.4759502943950012,0.4510398628047827,1,0.013891461277042882,Sideways Low-Volatility Regime,Growth Down / Inflation Down,2012
2012-08-27,GLD,Gold,0.37180334275479515,0.4906006009462294,0.4169205127828037,0.4264414854946094,1,0.019335616666992905,Sideways Low-Volatility Regime,Growth Down / Inflation Down,2012
2012-08-28,GLD,Gold,0.327450928938753,0.4941533907027178,0.4854827116829184,0.43569567710812973,1,0.016518177301578785,Sideways Low-Volatility Regime,Growth Down / Inflation Down,2012
2012-08-29,GLD,Gold,0.3704236171906122,0.49310969111427766,0.4652586976102075,0.4429306686383658,1,0.02677628214593364,Sideways Low-Volatility Regime,Growth Down / Inflation Down,2012
2012-08-30,GLD,Gold,0.4182127321524085,0.4955244569830856,0.48249125909964075,0.465409482745045,1,0.04933963342975112,Sideways Low-Volatility Regime,Growth Down / Inflation Down,2012
2012-08-31,GLD,Gold,0.39557936063610505,0.48915435381744743,0.513568770276215,0.4661008282432559,1,0.018694385839784333,Fragile Late-Cycle Watch,Growth Down / Inflation Down,2012
2012-09-04,GLD,Gold,0.47421427570840347,0.5080076308501678,0.5562379605346004,0.5128199556977239,1,0.020792790964139662,Fragile Late-Cycle Watch,Growth Down / Inflation Down,2012
2012-09-05,GLD,Gold,0.4293695681445286,0.4952024265656674,0.5428082026479945,0.4891267324527302,1,0.02197066924709934,Fragile Late-Cycle Watch,Growth Down / Inflation Down,2012
2012-09-06,GLD,Gold,0.38409478257534296,0.4942603797701092,0.5771414696875409,0.4851655440109977,1,0.038935036646912335,Fragile Late-Cycle Watch,Growth Down / Inflation Down,2012
2012-09-07,GLD,Gold,0.37276133761086483,0.48038743327687905,0.5290378564775898,0.4607288757884446,1,0.01994775921189129,Fragile Late-Cycle Watch,Growth Down / Inflation Down,2012
2012-09-10,GLD,Gold,0.3359042815073223,0.4628947855367594,0.3548912087488875,0.3845634252643231,1,0.01859047603063879,Fragile Late-Cycle Watch,Growth Down / Inflation Down,2012
2012-09-11,GLD,Gold,0.4549722439537045,0.4732619966622644,0.5683827861838147,0.49887234226659455,1,0.022751682329267497,Fragile Late-Cycle Watch,Growth Down / Inflation Down,2012
2012-09-12,GLD,Gold,0.4857233704467964,0.466848151849136,0.4137383526971121,0.4554366249976815,1,0.022748971926354056,Fragile Late-Cycle Watch,Growth Down / Inflation Down,2012
2012-09-13,GLD,Gold,0.5648069129949723,0.4680107706273936,0.5169886372835791,0.5166021069686484,0,0.000934000726108497,Fragile Late-Cycle Watch,Growth Down / Inflation Down,2012
2012-09-14,GLD,Gold,0.44263486493348037,0.4577173149902665,0.43259407309163445,0.4443154176717938,0,0.0009313367826959684,Fragile Late-Cycle Watch,Growth Down / Inflation Down,2012
2012-09-17,GLD,Gold,0.40122581680368025,0.4735037540451011,0.36868191919948684,0.4144704966827561,1,0.0038146078553753515,Fragile Late-Cycle Watch,Growth Down / Inflation Down,2012
2012-09-18,GLD,Gold,0.5217868941596298,0.47734422387988873,0.5149215953700754,0.504684237803198,0,-0.005532244010534315,Fragile Late-Cycle Watch,Growth Down / Inflation Down,2012
2012-09-19,GLD,Gold,0.43542323619496304,0.4718607162575953,0.4239825866579012,0.4437555130368198,0,-0.01123796362430618,Fragile Late-Cycle Watch,Growth Down / Inflation Down,2012
2012-09-20,GLD,Gold,0.4288211285999319,0.4721982655807065,0.2966978827779959,0.39923909231954474,1,0.005073745325677725,Fragile Late-Cycle Watch,Growth Down / Inflation Down,2012
2012-09-21,GLD,Gold,0.5802015596760519,0.4840146130716043,0.6198313660023199,0.5613491795833254,0,-0.0004071139886336894,Fragile Late-Cycle Watch,Growth Down / Inflation Down,2012
2012-09-24,GLD,Gold,0.58537304917879,0.4910405083001328,0.4953916931564821,0.523935083545135,1,0.007249285076012413,Fragile Late-Cycle Watch,Growth Down / Inflation Down,2012
2012-09-25,GLD,Gold,0.541532089227646,0.4907097615512197,0.517404591367861,0.5165488140489088,1,0.0077882637335575655,Fragile Late-Cycle Watch,Growth Down / Inflation Down,2012
2012-09-26,GLD,Gold,0.5997662582178263,0.49085053453385596,0.5865523869416275,0.5590563932311032,1,0.015311266361796472,Fragile Late-Cycle Watch,Growth Down / Inflation Down,2012
2012-09-27,GLD,Gold,0.6551127374002249,0.502337623749371,0.703583617343133,0.6203446594975763,1,0.007369178945385135,Fragile Late-Cycle Watch,Growth Down / Inflation Down,2012
2012-09-28,GLD,Gold,0.6183746675001188,0.48943705729693043,0.5823656619898699,0.5633924622623064,1,0.0042468772478396755,Fragile Late-Cycle Watch,Growth Down / Inflation Down,2012
2012-10-01,GLD,Gold,0.5824866286560515,0.5010077952491934,0.715085206529027,0.5995265434780906,0,-0.001392943547083636,Fragile Late-Cycle Watch,Growth Down / Inflation Down,2012
2012-10-02,GLD,Gold,0.7473372207821226,0.47869316412541046,0.5732137820993704,0.5997480556689678,0,-0.006449741841867862,Fragile Late-Cycle Watch,Growth Down / Inflation Down,2012
2012-10-03,GLD,Gold,0.8062501102362949,0.4787959384788627,0.6069572941215985,0.6306677809455854,0,-0.00910624262438775,Fragile Late-Cycle Watch,Growth Down / Inflation Down,2012
2012-10-04,GLD,Gold,0.8058135302448273,0.47509965596901194,0.6128634126540403,0.6312588662892932,0,-0.013190445700604791,Fragile Late-Cycle Watch,Growth Down / Inflation Down,2012
2012-10-05,GLD,Gold,0.7104581645043773,0.4646850317815553,0.5661870477301879,0.5804434146720402,0,-0.01483024928170018,Fragile Late-Cycle Watch,Growth Down / Inflation Down,2012
2012-10-08,GLD,Gold,0.6756995443447714,0.46102950916713664,0.4564857673306353,0.5310716069475144,0,-0.02150535822501043,Fragile Late-Cycle Watch,Growth Down / Inflation Down,2012
2012-10-09,GLD,Gold,0.3910856849854816,0.4674533949757857,0.5111267039063114,0.45655526128919294,0,-0.00918186603767035,Fragile Late-Cycle Watch,Growth Down / Inflation Down,2012
2012-10-10,GLD,Gold,0.5102787356688039,0.4852505088074212,0.6048005876956165,0.5334432773906138,0,-0.00760947716942495,Fragile Late-Cycle Watch,Growth Down / Inflation Down,2012
2012-10-11,GLD,Gold,0.3661449792579299,0.48610034081249365,0.5763706988501032,0.4762053396401756,0,-0.014767767510644236,Fragile Late-Cycle Watch,Growth Down / Inflation Down,2012
2012-10-12,GLD,Gold,0.47370706120409356,0.49462064434185316,0.5695192116501758,0.5126156390653742,0,-0.018170036353352126,Fragile Late-Cycle Watch,Growth Down / Inflation Down,2012
2012-10-15,GLD,Gold,0.6135124923269042,0.5003772123199575,0.6470185361625507,0.5869694136031375,0,-0.004573829786424066,Fragile Late-Cycle Watch,Growth Down / Inflation Down,2012
2012-10-16,GLD,Gold,0.5473471581078143,0.4994092151013293,0.5984430265158838,0.5483997999083424,0,-0.02355097117392979,Fragile Late-Cycle Watch,Growth Down / Inflation Down,2012
2012-10-17,GLD,Gold,0.45850097570011594,0.480978444797673,0.5170463722196132,0.4855085975724674,0,-0.027604063118504607,Fragile Late-Cycle Watch,Growth Down / Inflation Down,2012
2012-10-18,GLD,Gold,0.3902227391466764,0.4778045573462499,0.5770693355555891,0.4816988773495052,0,-0.01641086038184847,Fragile Late-Cycle Watch,Growth Down / Inflation Down,2012
2012-10-19,GLD,Gold,0.40489691133706673,0.4775465895345403,0.603102763082356,0.4951820879846543,0,-0.006228714962678739,Fragile Late-Cycle Watch,Growth Down / Inflation Down,2012
2012-10-22,GLD,Gold,0.4745940941278183,0.5029906646496981,0.6366302745918835,0.5380716777897999,0,-0.0044754743513854,Fragile Late-Cycle Watch,Growth Down / Inflation Down,2012
2012-10-23,GLD,Gold,0.4048183442292476,0.5038150406273791,0.6341522383990164,0.5142618744185478,1,0.0038687945159487924,Fragile Late-Cycle Watch,Growth Down / Inflation Down,2012
2012-10-24,GLD,Gold,0.7063441961562006,0.5022698778764862,0.6892063153357637,0.6326067964561503,0,-0.01370856786648611,Fragile Late-Cycle Watch,Growth Down / Inflation Down,2012
2012-10-25,GLD,Gold,0.7126070311265184,0.5083671609270844,0.6632854238692246,0.6280865386409425,0,-0.0168052552290211,Fragile Late-Cycle Watch,Growth Down / Inflation Down,2012
2012-10-26,GLD,Gold,0.7163404189876109,0.5102508332682975,0.7285678285727186,0.6517196936095423,1,0.002229918594039537,Fragile Late-Cycle Watch,Growth Down / Inflation Down,2012
2012-10-31,GLD,Gold,0.639772354492088,0.5046620505784146,0.5713951594339255,0.5719431881681427,0,-0.002037980783785698,Fragile Late-Cycle Watch,Growth Down / Inflation Down,2012
2012-11-01,GLD,Gold,0.6191970123345506,0.49880637427150076,0.6438200015307648,0.587274462712272,1,0.011561378239701714,Fragile Late-Cycle Watch,Growth Down / Inflation Down,2012
2012-11-02,GLD,Gold,0.5039886633138889,0.5004027192430659,0.657707706314864,0.5540330296239396,1,0.032103327335547105,Fragile Late-Cycle Watch,Growth Down / Inflation Down,2012
2012-11-05,GLD,Gold,0.66400667371597,0.4982805289601917,0.6840265670862993,0.6154379232541537,1,0.02585309888598597,Fragile Late-Cycle Watch,Growth Down / Inflation Down,2012
2012-11-06,GLD,Gold,0.5708966537323819,0.5050001162588427,0.7200100490287311,0.5986356063399852,1,0.004810601545863102,Fragile Late-Cycle Watch,Growth Down / Inflation Down,2012
2012-11-07,GLD,Gold,0.37724817060003335,0.48730975587702674,0.6322227663968594,0.49892689762463976,1,0.0039041015979248694,Fragile Late-Cycle Watch,Growth Down / Inflation Down,2012
2012-11-08,GLD,Gold,0.5463088636034413,0.5096820055612419,0.7670789487542853,0.6076899393063229,0,-0.011310251164619145,Fragile Late-Cycle Watch,Growth Down / Inflation Down,2012
2012-11-09,GLD,Gold,0.5897372573517539,0.49702399601159913,0.6781859601301554,0.5883157378311695,0,-0.011560018810261807,Fragile Late-Cycle Watch,Growth Down / Inflation Down,2012
2012-11-12,GLD,Gold,0.6010697370537658,0.5087198543874525,0.7062438655817633,0.6053444856743272,1,0.0025082005171677135,Fragile Late-Cycle Watch,Growth Down / Inflation Down,2012
2012-11-13,GLD,Gold,0.5721485016287209,0.5004150164326691,0.7194038363643211,0.597322451475237,1,0.0017354474897695038,Fragile Late-Cycle Watch,Growth Down / Inflation Down,2012
2012-11-14,GLD,Gold,0.5879363099186881,0.499099286957094,0.7031024202641849,0.596712672379989,1,0.0025128525217126274,Fragile Late-Cycle Watch,Growth Down / Inflation Down,2012
2012-11-15,GLD,Gold,0.6013766418850772,0.4860936776517337,0.6800411364011401,0.5891704853126504,1,0.021193355109117462,Fragile Late-Cycle Watch,Growth Down / Inflation Down,2012
2012-11-16,GLD,Gold,0.7076425468172305,0.4866443099078365,0.6872896048075555,0.6271921538442076,1,0.021400938560839133,Fragile Late-Cycle Watch,Growth Down / Inflation Down,2012
2012-11-19,GLD,Gold,0.6019496185519199,0.49031294126442043,0.6893541102587019,0.5938722233583474,1,0.005003941270703471,Fragile Late-Cycle Watch,Growth Down / Inflation Down,2012
2012-11-20,GLD,Gold,0.6428251367622003,0.49821802538920695,0.7754520659240295,0.6388317426918122,0,-0.005018199061792794,Fragile Late-Cycle Watch,Growth Down / Inflation Down,2012
2012-11-21,GLD,Gold,0.5642772218728438,0.49185985744929167,0.6977477072079177,0.5846282621766844,0,-0.002267873527985853,Fragile Late-Cycle Watch,Growth Down / Inflation Down,2012
2012-11-23,GLD,Gold,0.47153604865361726,0.4861086580760319,0.7050716919614697,0.5542387995637063,0,-0.020989313989640324,Fragile Late-Cycle Watch,Growth Down / Inflation Down,2012
2012-11-26,GLD,Gold,0.33037028108993505,0.48765331870436973,0.628667243212863,0.4822302810023893,0,-0.019476998970799464,Fragile Late-Cycle Watch,Growth Down / Inflation Down,2012
2012-11-27,GLD,Gold,0.4279846803792611,0.48950964459895263,0.7375204340392396,0.5516715863391511,0,-0.025428299295831014,Fragile Late-Cycle Watch,Growth Down / Inflation Down,2012
2012-11-28,GLD,Gold,0.5372454109207286,0.49906133429301996,0.7951251759615076,0.6104773070584187,0,-0.014590260522632015,Fragile Late-Cycle Watch,Growth Down / Inflation Down,2012
2012-11-29,GLD,Gold,0.46888031790860507,0.508319269563771,0.762735410944658,0.5799783328056781,0,-0.016030582564856677,Fragile Late-Cycle Watch,Growth Down / Inflation Down,2012
2012-11-30,GLD,Gold,0.6021421528352299,0.5015227663568314,0.7460799605817643,0.6165816265912752,0,-0.005359827601876144,Sideways Low-Volatility Regime,Growth Down / Inflation Down,2012
2012-12-03,GLD,Gold,0.5081863935295533,0.504783956840108,0.7572723345351616,0.5900808949682744,0,-0.0019864071591851884,Sideways Low-Volatility Regime,Growth Down / Inflation Down,2012
2012-12-04,GLD,Gold,0.5073326848279528,0.509140996106945,0.7727836661482059,0.5964191156943679,1,0.007480815845011923,Sideways Low-Volatility Regime,Growth Down / Inflation Down,2012
2012-12-05,GLD,Gold,0.5002674700574506,0.5138979347666025,0.7794141646663658,0.5978598564968064,1,0.010053675386081151,Sideways Low-Volatility Regime,Growth Down / Inflation Down,2012
2012-12-06,GLD,Gold,0.6928693465444472,0.5152354587798649,0.8348631413611893,0.6809893155618338,0,-0.000790303238981771,Sideways Low-Volatility Regime,Growth Down / Inflation Down,2012
2012-12-07,GLD,Gold,0.7146228161881714,0.5221849638518183,0.8227550320811086,0.6865209373736993,0,-0.006236369317380808,Sideways Low-Volatility Regime,Growth Down / Inflation Down,2012
2012-12-10,GLD,Gold,0.7670082309967399,0.5198151998231403,0.8302791050781566,0.7057008452993457,0,-0.008202657330030338,Sideways Low-Volatility Regime,Growth Down / Inflation Down,2012
2012-12-11,GLD,Gold,0.7214531872594936,0.5189443465483755,0.810256653488778,0.6835513957655491,0,-0.021551416824443725,Sideways Low-Volatility Regime,Growth Down / Inflation Down,2012
2012-12-12,GLD,Gold,0.7657564013532868,0.5209145301400653,0.7455701556430266,0.6774136957121263,0,-0.024612425202986454,Sideways Low-Volatility Regime,Growth Down / Inflation Down,2012
2012-12-13,GLD,Gold,0.735700708163975,0.507045278111646,0.760588448934869,0.6677781450701633,0,-0.02822899268409873,Sideways Low-Volatility Regime,Growth Down / Inflation Down,2012
2012-12-14,GLD,Gold,0.6357118865590237,0.5094504884832741,0.7591841290718083,0.6347821680380353,0,-0.023152397116365075,Sideways Low-Volatility Regime,Growth Down / Inflation Down,2012
2012-12-17,GLD,Gold,0.7671963001220512,0.5180563029613361,0.8367543017535729,0.7073356349456534,0,-0.023230401772706744,Sideways Low-Volatility Regime,Growth Down / Inflation Down,2012
2012-12-18,GLD,Gold,0.7406438369891425,0.5076825524837594,0.7374211680401145,0.6619158525043388,0,-0.008020749241555936,Sideways Low-Volatility Regime,Growth Down / Inflation Down,2012
2012-12-19,GLD,Gold,0.824321535213365,0.5159332730307411,0.8015224590002245,0.7139257557481101,0,-0.0032778698206089585,Sideways Low-Volatility Regime,Growth Down / Inflation Down,2012
2012-12-20,GLD,Gold,0.7749810675624001,0.5187250496598447,0.7671750758453404,0.686960397689195,1,0.005071042260436753,Sideways Low-Volatility Regime,Growth Down / Inflation Down,2012
2012-12-21,GLD,Gold,0.8362876900569663,0.5196049973724047,0.7460109422434681,0.7006345432242798,1,0.010540774790154694,Sideways Low-Volatility Regime,Growth Down / Inflation Down,2012
2012-12-24,GLD,Gold,0.7840948565044942,0.5103008780467578,0.7719163877819456,0.6887707074443993,1,0.015876000057759576,Sideways Low-Volatility Regime,Growth Down / Inflation Down,2012
2012-12-26,GLD,Gold,0.8224975432264563,0.5162731439546882,0.7704074309262717,0.7030593727024721,1,0.002612253838375933,Sideways Low-Volatility Regime,Growth Down / Inflation Down,2012
2012-12-27,GLD,Gold,0.7772618637170406,0.5218178649139757,0.830895100265519,0.7099916096321784,0,-0.004467617301701532,Sideways Low-Volatility Regime,Growth Down / Inflation Down,2012
2012-12-28,GLD,Gold,0.732737376300387,0.5312750557767056,0.7942448224360837,0.6860857515043922,0,-0.006914168785177366,Sideways Low-Volatility Regime,Growth Down / Inflation Down,2012
2012-12-31,GLD,Gold,0.6234937028391226,0.5250170522408711,0.7633021133798471,0.6372709561532802,0,-0.00901127438197058,Sideways Low-Volatility Regime,Growth Down / Inflation Down,2012
2013-01-02,GLD,Gold,0.529665980001958,0.46203088637054557,0.6993207809471467,0.5636725491065501,0,-0.01642454315042896,Sideways Low-Volatility Regime,Growth Down / Inflation Down,2013
2013-01-03,GLD,Gold,0.3550394537695682,0.4484695917900962,0.5421607163830819,0.44855658731424874,1,0.004838702196423128,Sideways Low-Volatility Regime,Growth Down / Inflation Down,2013
2013-01-04,GLD,Gold,0.30391997863018944,0.447775829750763,0.488270163352463,0.4133219905778051,1,0.0038643424816322547,Sideways Low-Volatility Regime,Growth Down / Inflation Down,2013
2013-01-07,GLD,Gold,0.2696491331936313,0.45622335335341824,0.6115750250080316,0.4458158371850271,1,0.01323465287138581,Sideways Low-Volatility Regime,Growth Down / Inflation Down,2013
2013-01-08,GLD,Gold,0.30772498256604536,0.4520232981281244,0.5944249211492554,0.4513910672811417,1,0.012456402780338438,Sideways Low-Volatility Regime,Growth Down / Inflation Down,2013
2013-01-09,GLD,Gold,0.40873231951306244,0.4632304805731177,0.6539956888089764,0.5086528296317189,1,0.013458709760043597,Sideways Low-Volatility Regime,Growth Down / Inflation Down,2013
2013-01-10,GLD,Gold,0.5749486254517276,0.4710247138183902,0.7684955914583456,0.6048229769094878,1,0.008457898580766843,Sideways Low-Volatility Regime,Growth Down / Inflation Down,2013
2013-01-11,GLD,Gold,0.5700547663826445,0.4634044960435963,0.6035687188163437,0.5456759937475282,1,0.012603991121745484,Sideways Low-Volatility Regime,Growth Down / Inflation Down,2013
2013-01-14,GLD,Gold,0.4580082980645119,0.46228665759899584,0.7085165820264036,0.5429371792299704,1,0.013185619483341515,Sideways Low-Volatility Regime,Growth Down / Inflation Down,2013
2013-01-15,GLD,Gold,0.539052323913236,0.4547439810745525,0.5387561669630534,0.5108508239836139,1,0.003998580001449259,Sideways Low-Volatility Regime,Growth Down / Inflation Down,2013
2013-01-16,GLD,Gold,0.5292693361073036,0.45907315554289935,0.5494002619600254,0.5125809178700762,0,-0.007562224246512206,Sideways Low-Volatility Regime,Growth Down / Inflation Down,2013
2013-01-17,GLD,Gold,0.45867277964847036,0.45531519678439997,0.5940932486718178,0.5026937417015627,0,-0.016528999731534988,Sideways Low-Volatility Regime,Growth Down / Inflation Down,2013
2013-01-18,GLD,Gold,0.32943906449246585,0.4533721012523329,0.4935395138687839,0.42545022653786085,0,-0.01716845370427722,Sideways Low-Volatility Regime,Growth Down / Inflation Down,2013
2013-01-22,GLD,Gold,0.42459302738109667,0.45745134298085666,0.5180756113966355,0.46670666058619625,0,-0.016374367359709208,Sideways Low-Volatility Regime,Growth Down / Inflation Down,2013
2013-01-23,GLD,Gold,0.26541488367696164,0.459390693054576,0.5273695724844689,0.4173917164053355,0,-0.006249642978381598,Sideways Low-Volatility Regime,Growth Down / Inflation Down,2013
2013-01-24,GLD,Gold,0.2783359198016432,0.45530369004822563,0.49750831514072585,0.4103826416635315,0,-0.0013629118027425058,Sideways Low-Volatility Regime,Growth Down / Inflation Down,2013
2013-01-25,GLD,Gold,0.4516497579226919,0.4593288728089418,0.5708679526237987,0.49394886111847747,1,0.004979788871161128,Sideways Low-Volatility Regime,Growth Down / Inflation Down,2013
2013-01-28,GLD,Gold,0.2414631867195388,0.4482357314190679,0.5301302907326998,0.4066097362904355,1,0.010668206285433302,Sideways Low-Volatility Regime,Growth Down / Inflation Down,2013
2013-01-29,GLD,Gold,0.1708833651131172,0.4478005354792996,0.5486670724374835,0.3891169910099667,1,0.006025226334589462,Sideways Low-Volatility Regime,Growth Down / Inflation Down,2013
2013-01-30,GLD,Gold,0.1360446626574093,0.44618012022325865,0.5866786316129124,0.3896344714978601,0,0.0012331028129457522,Sideways Low-Volatility Regime,Growth Down / Inflation Down,2013
2013-01-31,GLD,Gold,0.32766132902757983,0.44606491445495344,0.7184535668461517,0.49739327010956164,1,0.003970219613924186,Fragile Late-Cycle Watch,Growth Down / Inflation Down,2013
2013-02-01,GLD,Gold,0.41377072275367177,0.4493356030645596,0.71039500877498,0.5245004448644038,0,0.0007433284499536175,Fragile Late-Cycle Watch,Growth Down / Inflation Down,2013
2013-03-04,GLD,Gold,0.3898781505747886,0.48055698571498084,0.6511261523503384,0.5071870962133693,1,0.004530547784505012,Fragile Late-Cycle Watch,Growth Down / Inflation Down,2013
2013-03-05,GLD,Gold,0.3812579421039385,0.459906278639621,0.6531642957622518,0.4981095055019371,1,0.011878182836296158,Fragile Late-Cycle Watch,Growth Down / Inflation Down,2013
2013-03-06,GLD,Gold,0.4062586953026136,0.4683806997440169,0.6496806786138131,0.5081066912201478,1,0.002806290847484627,Fragile Late-Cycle Watch,Growth Down / Inflation Down,2013
2013-03-07,GLD,Gold,0.3445947577267255,0.46377661000028964,0.5277806385933038,0.445384002106773,1,0.006483661133969143,Fragile Late-Cycle Watch,Growth Down / Inflation Down,2013
2013-03-08,GLD,Gold,0.47157168550880374,0.4638012136783521,0.6655210243726061,0.533631307853254,1,0.008447339594122916,Fragile Late-Cycle Watch,Growth Down / Inflation Down,2013
2013-03-11,GLD,Gold,0.3765698874240629,0.47066497970343657,0.6713639735877475,0.5061996135717489,1,0.01562193152385527,Fragile Late-Cycle Watch,Growth Down / Inflation Down,2013
2013-03-12,GLD,Gold,0.31866089151229604,0.46965901737191584,0.6105690303856685,0.46629631308996017,1,0.012257600101969413,Fragile Late-Cycle Watch,Growth Down / Inflation Down,2013
2013-03-13,GLD,Gold,0.33513415036251476,0.46430277486102406,0.5522672236221277,0.4505680496152222,1,0.011128409568688546,Fragile Late-Cycle Watch,Growth Down / Inflation Down,2013
2013-03-14,GLD,Gold,0.4266980850617846,0.474296161188979,0.5466875859325165,0.4825606107277601,1,0.016723109361676647,Fragile Late-Cycle Watch,Growth Down / Inflation Down,2013
2013-03-15,GLD,Gold,0.3267860857626505,0.47320617333047216,0.5216647761791515,0.440552345090758,1,0.01006495488154413,Fragile Late-Cycle Watch,Growth Down / Inflation Down,2013
2013-03-18,GLD,Gold,0.4278286728763379,0.47678680137775215,0.4993971459812843,0.46800420674512483,0,-0.0009010129054508598,Fragile Late-Cycle Watch,Growth Down / Inflation Down,2013
2013-03-19,GLD,Gold,0.40732365053666125,0.482823804223581,0.5288741390213726,0.47300719792720497,0,-0.008713484074812206,Fragile Late-Cycle Watch,Growth Down / Inflation Down,2013
2013-03-20,GLD,Gold,0.5268292019071267,0.4854393544276123,0.5068510943516448,0.5063732168954612,0,-6.432713619120012e-05,Fragile Late-Cycle Watch,Growth Down / Inflation Down,2013
2013-03-21,GLD,Gold,0.24449400974924063,0.4754195546740187,0.4829731278844411,0.4009622307692335,0,-0.011520019531250036,Fragile Late-Cycle Watch,Growth Down / Inflation Down,2013
2013-03-22,GLD,Gold,0.4384328711981857,0.48626886043493883,0.54480635186794,0.4898360278336882,0,-0.005657376184812324,Fragile Late-Cycle Watch,Growth Down / Inflation Down,2013
2013-03-25,GLD,Gold,0.40255243475810176,0.47869996703707846,0.5876146589765268,0.489622353590569,0,-0.018101086820088708,Fragile Late-Cycle Watch,Growth Down / Inflation Down,2013
2013-03-26,GLD,Gold,0.5487583427364058,0.47249125347225457,0.5423778949543241,0.5212091637209948,0,-0.025788556500025095,Fragile Late-Cycle Watch,Growth Down / Inflation Down,2013
2013-03-27,GLD,Gold,0.3372483412486009,0.46406975076303814,0.4509002259914198,0.41740610600101963,0,-0.032633929610585644,Fragile Late-Cycle Watch,Growth Down / Inflation Down,2013
2013-03-28,GLD,Gold,0.39485119066337376,0.4850072934726294,0.5515102630934661,0.4771229157431564,0,-0.010618319339935067,Fragile Late-Cycle Watch,Growth Down / Inflation Down,2013
2013-04-01,GLD,Gold,0.3553353986445618,0.4859353348086899,0.5347901701782011,0.45868696787715085,0,-0.01622806320909298,Fragile Late-Cycle Watch,Growth Down / Inflation Down,2013
2013-04-02,GLD,Gold,0.5544091725898099,0.4831809168648139,0.6010354272515831,0.5462085055687357,1,0.005969977732958043,Fragile Late-Cycle Watch,Growth Down / Inflation Down,2013
2013-04-03,GLD,Gold,0.5082011286067458,0.4758471097297005,0.6074463957377118,0.5304982113580526,0,0.00013271593596475562,Fragile Late-Cycle Watch,Growth Down / Inflation Down,2013
2013-04-04,GLD,Gold,0.5458859056471149,0.4885717207723741,0.6540980033965591,0.5628518766053493,1,0.005056955217091819,Fragile Late-Cycle Watch,Growth Down / Inflation Down,2013
2013-04-05,GLD,Gold,0.7101757549126566,0.4872012958505321,0.7031918330998692,0.6335229612876859,0,-0.05798050357899043,Fragile Late-Cycle Watch,Growth Down / Inflation Down,2013
2013-04-08,GLD,Gold,0.5464978676515029,0.5001802438443049,0.5911603161200432,0.545946142538617,0,-0.1370268506947181,Fragile Late-Cycle Watch,Growth Down / Inflation Down,2013
2013-04-09,GLD,Gold,0.5850201400228727,0.49309135944567833,0.65406322424082,0.5773915745697903,0,-0.13395065721060895,Fragile Late-Cycle Watch,Growth Down / Inflation Down,2013
2013-04-10,GLD,Gold,0.4861429672984401,0.48645083043288556,0.6338497080398018,0.5354811685903759,0,-0.11860699756426207,Fragile Late-Cycle Watch,Growth Down / Inflation Down,2013
2013-04-11,GLD,Gold,0.4740829470782683,0.477321005485756,0.6079168960621233,0.5197736162087159,0,-0.11089043139085908,Fragile Late-Cycle Watch,Growth Down / Inflation Down,2013
2013-04-12,GLD,Gold,0.5175325998194816,0.47033304742149035,0.5194150526451551,0.5024268999620424,0,-0.0589093150907678,Fragile Late-Cycle Watch,Growth Down / Inflation Down,2013
2013-04-15,GLD,Gold,0.7849515068643594,0.4903265537662474,0.6325036706094526,0.6359272437466865,1,0.05018655441639175,Fragile Late-Cycle Watch,Growth Down / Inflation Down,2013
2013-04-16,GLD,Gold,0.9528816836786113,0.5063167502990437,0.6833643400495204,0.7141875913423918,1,0.030722904648311955,Fragile Late-Cycle Watch,Growth Down / Inflation Down,2013
2013-04-17,GLD,Gold,0.9140920124748575,0.5029955725691896,0.7612366304040671,0.726108071816038,1,0.04139384512770672,Fragile Late-Cycle Watch,Growth Down / Inflation Down,2013
2013-04-18,GLD,Gold,0.9111688662700033,0.5173670560211003,0.6933326506067826,0.7072895242992954,1,0.05457931246829362,Fragile Late-Cycle Watch,Growth Down / Inflation Down,2013
2013-04-19,GLD,Gold,0.9152889204105812,0.5066067513198216,0.661934765309239,0.6946101456798806,1,0.040156509872200985,Fragile Late-Cycle Watch,Growth Down / Inflation Down,2013
2013-04-22,GLD,Gold,0.8892135067803243,0.5127896136253852,0.7394244876791676,0.713809202694959,1,0.03190724691820024,Fragile Late-Cycle Watch,Growth Down / Inflation Down,2013
2013-04-23,GLD,Gold,0.7931185543062663,0.5087852677698627,0.6569080527303033,0.6529372916021441,1,0.043030385589853504,Fragile Late-Cycle Watch,Growth Down / Inflation Down,2013
2013-04-24,GLD,Gold,0.7944647266747571,0.5005397375107166,0.7082373843749837,0.6677472828534858,1,0.0198020205958922,Fragile Late-Cycle Watch,Growth Down / Inflation Down,2013
2013-04-25,GLD,Gold,0.7572402373022231,0.49285454054201433,0.5682727453558122,0.60612250773335,1,0.002047541312822476,Fragile Late-Cycle Watch,Growth Down / Inflation Down,2013
2013-04-26,GLD,Gold,0.7839611162828927,0.48519441174918027,0.5939650015509935,0.6210401765276888,1,0.008374087326055157,Fragile Late-Cycle Watch,Growth Down / Inflation Down,2013
2013-04-29,GLD,Gold,0.7713749484415808,0.4898903380277664,0.6420898505338263,0.6344517123343912,0,-0.001054175348252584,Fragile Late-Cycle Watch,Growth Down / Inflation Down,2013
2013-04-30,GLD,Gold,0.8157243292285099,0.4889479989622869,0.6269284322454287,0.6438669201454085,0,-0.01674020675300525,Fragile Late-Cycle Watch,Growth Down / Inflation Down,2013
2013-05-01,GLD,Gold,0.8012755221102604,0.481763191036017,0.5420855970372687,0.608374770061182,1,0.009567047676822149,Fragile Late-Cycle Watch,Growth Down / Inflation Down,2013
2013-05-02,GLD,Gold,0.8425541386899562,0.4828009761996209,0.5291026129788244,0.6181525759561338,0,-0.007821312180614548,Fragile Late-Cycle Watch,Growth Down / Inflation Down,2013
2013-05-03,GLD,Gold,0.8401325385984619,0.4743952215714814,0.5592647704375238,0.6245975102024891,0,-0.017524036164050516,Fragile Late-Cycle Watch,Growth Down / Inflation Down,2013
2013-05-06,GLD,Gold,0.7946066344303555,0.4554368479930747,0.49234390137785267,0.5807957946004277,0,-0.026169548930210174,Fragile Late-Cycle Watch,Growth Down / Inflation Down,2013
2013-05-07,GLD,Gold,0.8508769360528112,0.4567769659400422,0.517950517650476,0.6085348065477765,0,-0.01830750274132098,Fragile Late-Cycle Watch,Growth Down / Inflation Down,2013
2013-05-08,GLD,Gold,0.8154574791415377,0.46104853377398314,0.577224479021399,0.6179101639789732,0,-0.054962806837299594,Fragile Late-Cycle Watch,Growth Down / Inflation Down,2013
2013-05-09,GLD,Gold,0.826573537831408,0.4665573435844857,0.44638227412188863,0.5798377185125941,0,-0.047723892743530505,Fragile Late-Cycle Watch,Growth Down / Inflation Down,2013
2013-05-10,GLD,Gold,0.8261853011103679,0.4714357918087941,0.6011203780068373,0.6329138236419998,0,-0.06110314044665399,Fragile Late-Cycle Watch,Growth Down / Inflation Down,2013
2013-05-13,GLD,Gold,0.7028485946770288,0.4745742297049836,0.48716192011513154,0.554861581499048,0,-0.023910985579159383,Fragile Late-Cycle Watch,Growth Down / Inflation Down,2013
2013-05-14,GLD,Gold,0.7230219309738738,0.4772791989008416,0.5325581516258205,0.5776197605001787,0,-0.03577383907640752,Fragile Late-Cycle Watch,Growth Down / Inflation Down,2013
2013-05-15,GLD,Gold,0.5836364876985093,0.4801986068795233,0.47257559950475925,0.5121368980275972,0,-0.019980705220561612,Fragile Late-Cycle Watch,Growth Down / Inflation Down,2013
2013-05-16,GLD,Gold,0.5938091176346609,0.48074053947484685,0.4076782176246305,0.4940759582447128,1,0.003878024361717358,Fragile Late-Cycle Watch,Growth Down / Inflation Down,2013
2013-05-17,GLD,Gold,0.7356286641160286,0.4819080912448059,0.5015666821491482,0.5730344791699943,1,0.020523285513848855,Fragile Late-Cycle Watch,Growth Down / Inflation Down,2013
2013-05-20,GLD,Gold,0.7182707886769328,0.4914185754406259,0.5049365889814637,0.5715419843663408,0,-0.012063274740424457,Fragile Late-Cycle Watch,Growth Down / Inflation Down,2013
2013-05-21,GLD,Gold,0.6831467787729896,0.48377796450456045,0.5393348077558517,0.5687531836778006,1,0.014674871136269863,Fragile Late-Cycle Watch,Growth Down / Inflation Down,2013
2013-05-22,GLD,Gold,0.6673135625641582,0.4894311482011375,0.5728138549730512,0.5765195219127822,1,0.036076962397737056,Fragile Late-Cycle Watch,Growth Down / Inflation Down,2013
2013-05-23,GLD,Gold,0.7778899046174708,0.4958182100726772,0.7058949921828186,0.6598677022909888,0,-0.0051259374361312116,Fragile Late-Cycle Watch,Growth Down / Inflation Down,2013
2013-05-24,GLD,Gold,0.8198002484542783,0.4841054322515303,0.6845075287958321,0.6628044031672137,1,0.02055921137062744,Fragile Late-Cycle Watch,Growth Down / Inflation Down,2013
2013-05-28,GLD,Gold,0.8072134596726325,0.480483410212229,0.5770461964031386,0.621581022096,1,0.013034610553402937,Fragile Late-Cycle Watch,Growth Down / Inflation Down,2013
2013-05-29,GLD,Gold,0.7165086789035382,0.4994137617515062,0.8123003647963538,0.6760742684837995,1,0.005117573477977366,Fragile Late-Cycle Watch,Growth Down / Inflation Down,2013
2013-05-30,GLD,Gold,0.7081543227502733,0.4852792118555386,0.7572501677647524,0.650227900790188,0,-0.001243585755233645,Fragile Late-Cycle Watch,Growth Down / Inflation Down,2013
2013-05-31,GLD,Gold,0.5666708399517209,0.47169034680303396,0.6723438246937016,0.5702350038161521,0,-0.004778968028666286,Fragile Late-Cycle Watch,Growth Down / Inflation Down,2013
2013-10-02,GLD,Gold,0.7363520941166385,0.5129699292789932,0.5948162493741017,0.6147127575899112,0,-0.00747675874780418,Sideways Low-Volatility Regime,Growth Down / Inflation Down,2013
2013-10-03,GLD,Gold,0.7831543586585971,0.5077094516372759,0.5414674694104528,0.6107770932354418,0,-0.022880984864968146,Sideways Low-Volatility Regime,Growth Down / Inflation Down,2013
2013-10-04,GLD,Gold,0.7793360764301377,0.5065178356187541,0.5017026178319676,0.5958521766269532,0,-0.03105983042037941,Sideways Low-Volatility Regime,Growth Down / Inflation Down,2013
2013-10-07,GLD,Gold,0.7318875977028889,0.5159029251443751,0.5127962578946409,0.5868622602473016,0,-0.037684092616689924,Sideways Low-Volatility Regime,Growth Down / Inflation Down,2013
2013-10-08,GLD,Gold,0.722193260690375,0.513934678834728,0.33722618310119085,0.5244513742087646,0,-0.02880689266082792,Sideways Low-Volatility Regime,Growth Down / Inflation Down,2013
2013-10-09,GLD,Gold,0.8078877686803584,0.5137334968921884,0.3582391555380804,0.5599534737035424,0,-0.020379031657964064,Sideways Low-Volatility Regime,Growth Down / Inflation Down,2013
2013-10-10,GLD,Gold,0.8553545241444871,0.5063217262401634,0.4754521123913049,0.6123761209253185,1,0.02534804547332903,Sideways Low-Volatility Regime,Growth Down / Inflation Down,2013
2013-10-11,GLD,Gold,0.86574680107829,0.5071132267213385,0.37594807712835826,0.5829360349759957,1,0.034665579550534176,Sideways Low-Volatility Regime,Growth Down / Inflation Down,2013
2013-10-14,GLD,Gold,0.9033330307324006,0.5216767993809903,0.5625418883735464,0.6625172394956458,1,0.0337865461533331,Sideways Low-Volatility Regime,Growth Down / Inflation Down,2013
2013-10-15,GLD,Gold,0.8958289133319935,0.5224721880554665,0.46772767016818045,0.6286762571852135,1,0.0453406031580994,Sideways Low-Volatility Regime,Growth Down / Inflation Down,2013
2013-10-16,GLD,Gold,0.8871787383643172,0.5216658359081098,0.33817938303959505,0.5823413191040073,1,0.04168691506972144,Sideways Low-Volatility Regime,Growth Down / Inflation Down,2013
2013-10-17,GLD,Gold,0.9479071477425264,0.5297437402222702,0.5046364433644415,0.6607624437764127,1,0.019463159340583625,Sideways Low-Volatility Regime,Growth Down / Inflation Down,2013
2013-10-18,GLD,Gold,0.9431422369668945,0.5255354793407008,0.5053091708929621,0.6579956290668525,1,0.028458874916601484,Sideways Low-Volatility Regime,Growth Down / Inflation Down,2013
2013-10-21,GLD,Gold,0.9152792831595226,0.5184381308596158,0.36014187771197664,0.5979530972437049,1,0.02819336987727894,Sideways Low-Volatility Regime,Growth Down / Inflation Down,2013
2013-10-22,GLD,Gold,0.943986896572955,0.5214261454011948,0.37412199843599214,0.6131783468033807,1,0.003324632339148703,Sideways Low-Volatility Regime,Growth Down / Inflation Down,2013
2013-10-23,GLD,Gold,0.9355073905051121,0.5275673422833809,0.5338887414154506,0.6656544914013146,1,0.007071284830565627,Sideways Low-Volatility Regime,Growth Down / Inflation Down,2013
2013-10-24,GLD,Gold,0.9431561017282716,0.5311270306113105,0.45058475372693774,0.64162262868884,0,-0.01662814575985372,Sideways Low-Volatility Regime,Growth Down / Inflation Down,2013
2013-10-25,GLD,Gold,0.9271848615218811,0.528401638345932,0.4203331268819306,0.6253065422499146,0,-0.02690487187635493,Sideways Low-Volatility Regime,Growth Down / Inflation Down,2013
2013-10-28,GLD,Gold,0.9311449157959906,0.5268384296512889,0.5105968951222283,0.6561934135231692,0,-0.028722427007683127,Sideways Low-Volatility Regime,Growth Down / Inflation Down,2013
2013-10-29,GLD,Gold,0.9282872700348465,0.5213073547136714,0.4863138323308599,0.6453028190264593,0,-0.02473612243340584,Sideways Low-Volatility Regime,Growth Down / Inflation Down,2013
2013-11-04,GLD,Gold,0.9139582007998176,0.49647956388431264,0.5030567590293356,0.6378315079044886,0,-0.023184250994510602,Sideways Low-Volatility Regime,Growth Up / Inflation Down,2013
2013-11-05,GLD,Gold,0.9221036090337545,0.4994214141726834,0.5700446157381958,0.6638565463148779,0,-0.032474720999016715,Sideways Low-Volatility Regime,Growth Up / Inflation Down,2013
2013-11-06,GLD,Gold,0.930319144355609,0.49485974606396227,0.6023051609640564,0.6758280171278758,0,-0.03419810203211804,Sideways Low-Volatility Regime,Growth Up / Inflation Down,2013
2013-11-07,GLD,Gold,0.9462761175484103,0.49305150806397985,0.7176905753345683,0.7190060669823195,0,-0.0149810317389093,Sideways Low-Volatility Regime,Growth Up / Inflation Down,2013
2013-11-08,GLD,Gold,0.9286131438131839,0.5013081087557534,0.7028902821027236,0.710937178223887,0,0.00032186124815125616,Sideways Low-Volatility Regime,Growth Up / Inflation Down,2013
2013-11-11,GLD,Gold,0.8848418043735082,0.505826355214034,0.7556771120040465,0.7154484238638629,0,-0.007830800025794726,Sideways Low-Volatility Regime,Growth Up / Inflation Down,2013
2013-11-12,GLD,Gold,0.89936500083702,0.5014886362868762,0.6968623997265576,0.6992386789501513,1,0.00408329940760499,Sideways Low-Volatility Regime,Growth Up / Inflation Down,2013
2013-11-13,GLD,Gold,0.8780897110436197,0.5041647419684827,0.7404300836524976,0.7075615122215333,0,-0.022222187720369768,Sideways Low-Volatility Regime,Growth Up / Inflation Down,2013
2013-11-14,GLD,Gold,0.8660446752757409,0.5086338174256574,0.6773591215217907,0.6840125380743963,0,-0.03484344024001984,Sideways Low-Volatility Regime,Growth Up / Inflation Down,2013
2013-11-15,GLD,Gold,0.9212107623847033,0.5100041942985141,0.6802151415242454,0.703810032735821,0,-0.03539254775321632,Sideways Low-Volatility Regime,Growth Up / Inflation Down,2013
2013-11-18,GLD,Gold,0.8962662384204754,0.5107767224556963,0.6879676462503607,0.6983368690421775,0,-0.019853559081465577,Sideways Low-Volatility Regime,Growth Up / Inflation Down,2013
2013-11-19,GLD,Gold,0.9042948438958793,0.528985406697057,0.7754002231973636,0.7362268245967666,0,-0.02545748134288761,Sideways Low-Volatility Regime,Growth Up / Inflation Down,2013
2013-11-20,GLD,Gold,0.9349150664289203,0.5300082542965577,0.7893677732394264,0.7514303646549682,0,-0.005494535855962268,Sideways Low-Volatility Regime,Growth Up / Inflation Down,2013
2013-11-21,GLD,Gold,0.9686874139647319,0.523933650829825,0.8495524302621675,0.7807244983522414,1,0.006336455655878481,Sideways Low-Volatility Regime,Growth Up / Inflation Down,2013
2013-11-22,GLD,Gold,0.9719377018091168,0.5214569616202361,0.8432657622817474,0.7788868085703667,0,-0.019512978432454586,Sideways Low-Volatility Regime,Growth Up / Inflation Down,2013
2013-11-25,GLD,Gold,0.9543023264000179,0.5269058927432464,0.8327146812758086,0.7713076334730243,0,-0.020753777345182245,Sideways Low-Volatility Regime,Growth Up / Inflation Down,2013
2013-11-26,GLD,Gold,0.9645760469991681,0.5239957154768385,0.7645833730256435,0.7510517118338834,0,0.0011684142046821666,Sideways Low-Volatility Regime,Growth Up / Inflation Down,2013
2013-11-27,GLD,Gold,0.9457539629489529,0.5250369404245043,0.7967677191945217,0.7558528741893262,0,-0.00971033016578704,Sideways Low-Volatility Regime,Growth Up / Inflation Down,2013
2013-11-29,GLD,Gold,0.9609165407740824,0.5246240060420339,0.8152397468406327,0.7669267645522497,0,-0.017812708789100684,Sideways Low-Volatility Regime,Growth Up / Inflation Down,2013
2013-12-02,GLD,Gold,0.9520243384889516,0.5202717449781784,0.7934139793535113,0.7552366876068805,1,0.018200368738922945,Disinflationary Growth,Growth Up / Inflation Down,2013
2013-12-03,GLD,Gold,0.9690081147074395,0.5235208220954468,0.8204983447445636,0.7710090938491501,1,0.03272296236275296,Disinflationary Growth,Growth Up / Inflation Down,2013
2013-12-04,GLD,Gold,0.9537593299713828,0.5209804530665909,0.8628463791516081,0.7791953873965273,1,0.0075025136107673696,Disinflationary Growth,Growth Up / Inflation Down,2013
2013-12-05,GLD,Gold,0.9463202759778699,0.5126517797651114,0.8223730054162256,0.7604483537197356,0,-8.45489093190821e-05,Disinflationary Growth,Growth Up / Inflation Down,2013
2013-12-06,GLD,Gold,0.9428892000389152,0.519214635844706,0.8730185429631906,0.7783741262822707,1,0.007001216198179172,Disinflationary Growth,Growth Up / Inflation Down,2013
2013-12-09,GLD,Gold,0.9358259708700004,0.5152643066001366,0.8133905355762074,0.7548269376821147,0,-0.00025057449875542925,Disinflationary Growth,Growth Up / Inflation Down,2013
2013-12-10,GLD,Gold,0.9177510454135326,0.5072690231002024,0.7568413530238836,0.7272871405125395,0,-0.02602198470601369,Disinflationary Growth,Growth Up / Inflation Down,2013
2013-12-11,GLD,Gold,0.9201555677015355,0.49456277299696616,0.5596186176407889,0.6581123194464301,0,-0.02689061710729168,Disinflationary Growth,Growth Up / Inflation Down,2013
2013-12-12,GLD,Gold,0.9210360073225156,0.5036265559241158,0.675437241497073,0.7000332682479015,0,-0.0293346960338694,Disinflationary Growth,Growth Up / Inflation Down,2013
2013-12-13,GLD,Gold,0.8530656591790151,0.5075198780728087,0.7218230321965873,0.694136189816137,0,-0.028815504197988506,Disinflationary Growth,Growth Up / Inflation Down,2013
2013-12-16,GLD,Gold,0.8592867058246895,0.5116126014682331,0.7055757002045383,0.6921583358324869,0,-0.03442227974386547,Disinflationary Growth,Growth Up / Inflation Down,2013
2013-12-17,GLD,Gold,0.8344294205869698,0.5058546765896864,0.6817965531989252,0.6740268834585271,0,-0.021491807998010204,Disinflationary Growth,Growth Up / Inflation Down,2013
2013-12-18,GLD,Gold,0.8532746115513435,0.5039033596534414,0.6480426751328308,0.6684068821125386,0,-0.0073973534739141256,Disinflationary Growth,Growth Up / Inflation Down,2013
2013-12-19,GLD,Gold,0.8758557959448791,0.5038638165762702,0.7003778935759571,0.6933658353657021,1,0.020031380054615022,Disinflationary Growth,Growth Up / Inflation Down,2013
2013-12-20,GLD,Gold,0.8691784377084798,0.5129851698023117,0.6938937529660275,0.6920191201589397,0,-0.004743859239055737,Disinflationary Growth,Growth Up / Inflation Down,2013
2013-12-23,GLD,Gold,0.7671692253343336,0.5017119657644293,0.6489356888654505,0.6392722933214045,1,0.004759046925760568,Disinflationary Growth,Growth Up / Inflation Down,2013
2013-12-24,GLD,Gold,0.8030854661175068,0.4997884112583268,0.6143634514763412,0.6390791096173916,1,0.016365215769597263,Disinflationary Growth,Growth Up / Inflation Down,2013
2013-12-26,GLD,Gold,0.7828437072454792,0.4977376881578357,0.5748890854260935,0.6184901602764695,1,0.02184343925321608,Disinflationary Growth,Growth Up / Inflation Down,2013
2013-12-27,GLD,Gold,0.7011973706640806,0.49595330840958807,0.5325659929733058,0.5765722240156581,1,0.02032101432381017,Disinflationary Growth,Growth Up / Inflation Down,2013
2013-12-30,GLD,Gold,0.6677050551589366,0.4940495357144358,0.548036000966432,0.5699301972799348,1,0.029725282288921573,Disinflationary Growth,Growth Up / Inflation Down,2013
2013-12-31,GLD,Gold,0.7827608117710049,0.49942529671243974,0.6446556930391839,0.6422806005075429,1,0.017223561425198763,Disinflationary Growth,Growth Down / Inflation Down,2013
2014-01-02,GLD,Gold,0.18277212029775602,0.42119410934667373,0.3412312300451904,0.31506581989654003,1,0.0038982973260395237,Disinflationary Growth,Growth Down / Inflation Down,2014
2014-01-03,GLD,Gold,0.2380970838432472,0.41467941076549797,0.2587764166722266,0.3038509704269906,1,0.008131454549908268,Disinflationary Growth,Growth Down / Inflation Down,2014
2014-01-06,GLD,Gold,0.19678929897565678,0.41389697543014264,0.23301449380171793,0.2812335894025058,1,0.012719637180472088,Disinflationary Growth,Growth Down / Inflation Down,2014
2014-01-07,GLD,Gold,0.2812645959519719,0.41278964140240615,0.2217622485021532,0.3052721619521771,1,0.009005215431513225,Disinflationary Growth,Growth Down / Inflation Down,2014
2014-01-08,GLD,Gold,0.19432373566861424,0.40701139591965535,0.16531539250640237,0.255550174698224,1,0.013037596340319313,Disinflationary Growth,Growth Down / Inflation Down,2014
2014-01-09,GLD,Gold,0.17889077660050187,0.4184272340033144,0.2525641706687447,0.283294060424187,1,0.011227434081831023,Disinflationary Growth,Growth Down / Inflation Down,2014
2014-01-10,GLD,Gold,0.22019614555215095,0.4195139720153058,0.24742562532149062,0.29571191429631577,1,0.005571246940327956,Disinflationary Growth,Growth Down / Inflation Down,2014
2014-01-13,GLD,Gold,0.1862568487076554,0.4151524697571832,0.20302117330843028,0.26814349725775627,0,-0.010907285832418179,Disinflationary Growth,Growth Down / Inflation Down,2014
2014-01-14,GLD,Gold,0.17180534381094495,0.4126760547326604,0.17163467952656197,0.2520386926900558,0,-0.005838660036748822,Disinflationary Growth,Growth Down / Inflation Down,2014
2014-01-15,GLD,Gold,0.1938216486262171,0.40774450111664684,0.15850320641736,0.25335645205340795,1,0.01780041106661301,Disinflationary Growth,Growth Down / Inflation Down,2014
2014-01-16,GLD,Gold,0.15435474448347397,0.41060133559873735,0.16227641406141163,0.24241083138120767,1,0.020869855421095984,Disinflationary Growth,Growth Down / Inflation Down,2014
2014-01-17,GLD,Gold,0.13422968106800748,0.4076570512997861,0.1545544779663456,0.23214707011137972,0,0.0002480673052276394,Disinflationary Growth,Growth Down / Inflation Down,2014
2014-06-04,GLD,Gold,0.26231521443882,0.49218712663598807,0.5708157016069518,0.44177268089391997,1,0.01377756760560156,Fragile Late-Cycle Watch,Growth Up / Inflation Down,2014
2014-06-05,GLD,Gold,0.28684064786670516,0.45362765267177957,0.5005052143547832,0.413657838297756,1,0.01640971048769191,Fragile Late-Cycle Watch,Growth Up / Inflation Down,2014
2014-06-06,GLD,Gold,0.17172631325241583,0.42916089981492406,0.4116960142213289,0.33752774242955624,1,0.019484275451694177,Fragile Late-Cycle Watch,Growth Up / Inflation Down,2014
2014-06-09,GLD,Gold,0.2548158041292096,0.4460578886823667,0.4501661972633448,0.383679963358307,1,0.01467050659495217,Fragile Late-Cycle Watch,Growth Up / Inflation Down,2014
2014-06-10,GLD,Gold,0.2368853644171306,0.44784889493845137,0.3544362805779582,0.34639017997784666,1,0.007331735679408258,Fragile Late-Cycle Watch,Growth Up / Inflation Down,2014
2014-06-11,GLD,Gold,0.23364520039980713,0.45421300563936273,0.3670615754958116,0.3516399271783271,1,0.010378012262832748,Fragile Late-Cycle Watch,Growth Up / Inflation Down,2014
2014-06-12,GLD,Gold,0.18466529459633776,0.4398614460277049,0.28147910922471675,0.30200194994958646,1,0.03506199505184249,Fragile Late-Cycle Watch,Growth Up / Inflation Down,2014
2014-06-13,GLD,Gold,0.2059130846483083,0.42804761350312026,0.2948092409432551,0.3095899796982279,1,0.028789858017934655,Fragile Late-Cycle Watch,Growth Up / Inflation Down,2014
2014-06-16,GLD,Gold,0.22259428953723712,0.4333908332187685,0.2389568001469821,0.2983139743009959,1,0.036186900599869176,Fragile Late-Cycle Watch,Growth Up / Inflation Down,2014
2014-06-17,GLD,Gold,0.13701255144627167,0.43009002614527836,0.22120194775552454,0.26276817511569156,1,0.03843641335096648,Fragile Late-Cycle Watch,Growth Up / Inflation Down,2014
2014-06-18,GLD,Gold,0.14972340092133374,0.43097868444084314,0.16698449094801784,0.24922885877006493,1,0.035216432373909035,Fragile Late-Cycle Watch,Growth Up / Inflation Down,2014
2014-06-19,GLD,Gold,0.1434355085437049,0.4260974832360944,0.22230716483792476,0.2639467188725747,0,-0.001654317633793867,Fragile Late-Cycle Watch,Growth Up / Inflation Down,2014
2014-06-20,GLD,Gold,0.09450160160590935,0.42356578679788925,0.2589724374361781,0.25901327527999224,0,0.0012648510838686455,Fragile Late-Cycle Watch,Growth Up / Inflation Down,2014
2014-06-23,GLD,Gold,0.10140673541916184,0.42135859402949655,0.19738914610486635,0.24005149185117491,1,0.00938111806327302,Fragile Late-Cycle Watch,Growth Up / Inflation Down,2014
2014-06-24,GLD,Gold,0.11712275341315757,0.4241005608608897,0.1603203373272011,0.23384788386708277,1,0.0056701336610043285,Fragile Late-Cycle Watch,Growth Up / Inflation Down,2014
2014-06-25,GLD,Gold,0.08299101406672722,0.43082702476045415,0.1975530461967157,0.23712369500796568,1,0.005590984301254265,Fragile Late-Cycle Watch,Growth Up / Inflation Down,2014
2014-06-26,GLD,Gold,0.08063251607172266,0.43134985424790634,0.2061820310110997,0.23938813377690957,1,0.00339304264014495,Fragile Late-Cycle Watch,Growth Up / Inflation Down,2014
2014-06-27,GLD,Gold,0.10003902008471258,0.43734958405600394,0.27063574715989197,0.26934145043353613,1,0.002842199356928754,Fragile Late-Cycle Watch,Growth Up / Inflation Down,2014
2014-06-30,GLD,Gold,0.1121588880817237,0.43498394794331374,0.2233652490591772,0.2568360283614049,0,-0.007575707920734809,Disinflationary Growth,Growth Up / Inflation Down,2014
2014-07-01,GLD,Gold,0.1223876557896212,0.4437500932228584,0.30013273488380743,0.288756827965429,0,0.0010963147454512434,Disinflationary Growth,Growth Up / Inflation Down,2014
2014-07-02,GLD,Gold,0.14383162466634755,0.403800241390175,0.19099518998306092,0.2462090186798612,1,0.0065778884727074605,Disinflationary Growth,Growth Up / Inflation Down,2014
2014-07-03,GLD,Gold,0.09370347115151612,0.399583302877764,0.17252643603241877,0.22193773668723296,1,0.012739816534546256,Disinflationary Growth,Growth Up / Inflation Down,2014
2014-07-07,GLD,Gold,0.08187470503758972,0.4066221293202787,0.24582870501886522,0.24477517979224453,0,-0.010234572954810783,Disinflationary Growth,Growth Up / Inflation Down,2014
2014-07-08,GLD,Gold,0.1330774518321416,0.4097654800831585,0.2574190921566685,0.2667540080239896,0,-0.01998898970352958,Disinflationary Growth,Growth Up / Inflation Down,2014
2014-07-09,GLD,Gold,0.09399842422780737,0.41299283042354523,0.2492369520456105,0.2520760688989877,0,-0.022449899870161882,Disinflationary Growth,Growth Up / Inflation Down,2014
2014-07-10,GLD,Gold,0.18562433441462342,0.42600190751271677,0.24952947169936457,0.2870519045422349,0,-0.011280512089451133,Disinflationary Growth,Growth Up / Inflation Down,2014
2014-07-11,GLD,Gold,0.158016569044559,0.4319969787518265,0.3120408359537747,0.30068479458338676,0,-0.020577741504878233,Disinflationary Growth,Growth Up / Inflation Down,2014
2014-07-14,GLD,Gold,0.12150902561338152,0.435896762126064,0.2186524933605536,0.2586860936999997,1,0.004931555131781229,Disinflationary Growth,Growth Up / Inflation Down,2014
2014-07-15,GLD,Gold,0.14859637090075203,0.43101523615052434,0.22991596735250766,0.2698425248012613,1,0.009716526911857759,Disinflationary Growth,Growth Up / Inflation Down,2014
2014-07-16,GLD,Gold,0.15798300882470576,0.4305430228950271,0.313820821146705,0.3007822842888126,1,0.005201260458747692,Disinflationary Growth,Growth Up / Inflation Down,2014
2014-07-17,GLD,Gold,0.10730469688487224,0.4396417284034704,0.31508574302308023,0.2873440561038076,0,-0.021559508558681273,Disinflationary Growth,Growth Up / Inflation Down,2014
2014-07-18,GLD,Gold,0.10141292016518282,0.43914404919315486,0.25104596444355476,0.2638676446006308,0,-0.0026956025156134045,Disinflationary Growth,Growth Up / Inflation Down,2014
2014-07-21,GLD,Gold,0.11986260266564819,0.4543098152854385,0.29304086557478626,0.28907109450862434,0,-0.006015470388358812,Disinflationary Growth,Growth Up / Inflation Down,2014
2014-07-22,GLD,Gold,0.10541615477556131,0.46354542127711595,0.35999828021301916,0.3096532854218988,0,-0.004294583463508528,Disinflationary Growth,Growth Up / Inflation Down,2014
2014-07-23,GLD,Gold,0.10923664270194969,0.4582342974519669,0.28388948259236574,0.2837868075820941,0,-0.00628881466529696,Disinflationary Growth,Growth Up / Inflation Down,2014
2014-07-24,GLD,Gold,0.1231373977110099,0.46109876317895454,0.29713213558881124,0.2937894321595919,0,-0.007720137484942935,Disinflationary Growth,Growth Up / Inflation Down,2014
2014-07-25,GLD,Gold,0.14848458710657494,0.455793445119484,0.3938758414728146,0.3327179578996245,0,-0.011209187151975941,Disinflationary Growth,Growth Up / Inflation Down,2014
2014-07-28,GLD,Gold,0.08185598303720715,0.4657756790325851,0.2543423668560838,0.2673246763086254,0,-0.012661283198770912,Disinflationary Growth,Growth Up / Inflation Down,2014
2014-07-29,GLD,Gold,0.07963443136657403,0.46205206331415416,0.31643801618210216,0.28604150362094344,0,-0.01062295714120487,Disinflationary Growth,Growth Up / Inflation Down,2014
2014-07-30,GLD,Gold,0.1123492120192084,0.46276780701479525,0.36003520856517024,0.3117174091997246,1,0.0067291222107606075,Disinflationary Growth,Growth Up / Inflation Down,2014
2014-07-31,GLD,Gold,0.14584095413859977,0.4567499507839795,0.32585735385908376,0.309482752927221,1,0.022611240208510797,Disinflationary Growth,Growth Up / Inflation Down,2014
2014-08-01,GLD,Gold,0.2599980297766099,0.4699282962569155,0.5354815366069223,0.42180262088014925,1,0.014552220839018748,Disinflationary Growth,Growth Up / Inflation Down,2014
2014-08-04,GLD,Gold,0.310146840178184,0.45145182131982514,0.353414155483617,0.3716709389938753,1,0.015888388213923577,Disinflationary Growth,Growth Up / Inflation Down,2014
2014-08-05,GLD,Gold,0.359075747941908,0.4522541077574789,0.30887635467861185,0.3734020701259995,1,0.017114677243728282,Disinflationary Growth,Growth Up / Inflation Down,2014
2014-08-06,GLD,Gold,0.3219182933685241,0.45367557872182873,0.3656526099688554,0.3804154940197361,1,0.004217385111953131,Disinflationary Growth,Growth Up / Inflation Down,2014
2014-08-07,GLD,Gold,0.32844616873079996,0.4582218732021696,0.32835093692694667,0.3716729929533054,0,0.0010302524417780123,Disinflationary Growth,Growth Up / Inflation Down,2014
2014-08-08,GLD,Gold,0.23313783040080405,0.46165823589247745,0.2853155082088955,0.32670385816739234,0,-0.005626428962170249,Disinflationary Growth,Growth Up / Inflation Down,2014
2014-08-11,GLD,Gold,0.1460221746644334,0.4573223704318188,0.27936090577557987,0.2942351502906107,0,-0.007939028320644637,Disinflationary Growth,Growth Up / Inflation Down,2014
2014-08-12,GLD,Gold,0.17127001111219062,0.45121737780435034,0.2619108654902737,0.2947994181356049,0,-0.010397631405710706,Disinflationary Growth,Growth Up / Inflation Down,2014
2014-08-13,GLD,Gold,0.10994130694826038,0.44964851721245,0.2934112956551186,0.28433370660527635,0,-0.01568934845815495,Disinflationary Growth,Growth Up / Inflation Down,2014
2014-08-14,GLD,Gold,0.09164353159408324,0.45253372283474874,0.33971184789980235,0.2946297007762115,0,-0.027155414230648267,Disinflationary Growth,Growth Up / Inflation Down,2014
2014-08-15,GLD,Gold,0.13339608353606874,0.45312197515408903,0.300573493536226,0.29569718407546125,0,-0.01824992711399065,Disinflationary Growth,Growth Up / Inflation Down,2014
2014-08-18,GLD,Gold,0.1361649628589095,0.45537778879184493,0.35722153177414084,0.31625476114163176,0,-0.017765694918118635,Disinflationary Growth,Growth Up / Inflation Down,2014
2014-08-19,GLD,Gold,0.15503197659657447,0.46088451912061124,0.3668175142352843,0.32757800331749,0,-0.01066732296919537,Disinflationary Growth,Growth Up / Inflation Down,2014
2014-08-20,GLD,Gold,0.14378035740953413,0.45080751898891414,0.284483011934002,0.2930236294441501,0,-0.0072452223235762725,Disinflationary Growth,Growth Up / Inflation Down,2014
2014-08-21,GLD,Gold,0.1415180945738434,0.44753581007452475,0.26515139145844674,0.28473509870227165,1,0.00911460588880253,Disinflationary Growth,Growth Up / Inflation Down,2014
2014-08-22,GLD,Gold,0.16670014132051988,0.45207325757798217,0.26350510329211047,0.29409283406353753,1,0.005438738174098123,Disinflationary Growth,Growth Up / Inflation Down,2014
2014-08-25,GLD,Gold,0.1669693996244893,0.4540500781215699,0.33959324766231547,0.32020424180279156,0,-0.008880530852708901,Disinflationary Growth,Growth Up / Inflation Down,2014
2014-08-26,GLD,Gold,0.1426399166975225,0.4562136621991545,0.2977980633352416,0.2988838807439729,0,-0.009728390458747738,Disinflationary Growth,Growth Up / Inflation Down,2014
2014-08-27,GLD,Gold,0.1354769665140916,0.4526812539589124,0.23887530782809505,0.27567784276703305,0,-0.014920502290334148,Disinflationary Growth,Growth Up / Inflation Down,2014
2014-08-28,GLD,Gold,0.2061498751529972,0.4510613075316122,0.2571269839564273,0.30477938888034556,0,-0.01564518097908263,Disinflationary Growth,Growth Up / Inflation Down,2014
2014-08-29,GLD,Gold,0.19184897492446415,0.4472719622831091,0.2330557339053055,0.29072555703762626,0,-0.025270444356484068,Disinflationary Growth,Growth Up / Inflation Down,2014
2014-09-02,GLD,Gold,0.20270188431561717,0.45401973896933484,0.25899283408475615,0.3052381524565694,0,-0.006411827123002034,Disinflationary Growth,Growth Up / Inflation Down,2014
2014-11-18,GLD,Gold,0.7589915967892698,0.5019060586170212,0.5846081084795512,0.6151685879619474,1,0.002868267648039158,Disinflationary Growth,Growth Up / Inflation Down,2014
2014-11-19,GLD,Gold,0.6575516463462854,0.4717538192717285,0.5053793463861878,0.5448949373347339,1,0.013019030198456294,Disinflationary Growth,Growth Up / Inflation Down,2014
2014-11-20,GLD,Gold,0.6531373192902326,0.4779668092340441,0.550561386124633,0.5605551715496365,0,-0.02394219036554801,Disinflationary Growth,Growth Up / Inflation Down,2014
2014-11-21,GLD,Gold,0.6504952201940527,0.45863676259363606,0.40059337197853623,0.5032417849220749,1,0.010312873279319845,Disinflationary Growth,Growth Up / Inflation Down,2014
2014-11-24,GLD,Gold,0.5505420128831452,0.4642038967641935,0.47115930427753727,0.4953017379749587,0,0.0002606096702093552,Disinflationary Growth,Growth Up / Inflation Down,2014
2014-11-25,GLD,Gold,0.6733493914882372,0.4711774511420718,0.5394672491466183,0.5613313639256424,1,0.008233702550279665,Disinflationary Growth,Growth Up / Inflation Down,2014
2014-11-26,GLD,Gold,0.5677723837156212,0.4688112453832803,0.5532791867580796,0.529954271952327,1,0.0062521150435277395,Disinflationary Growth,Growth Up / Inflation Down,2014
2014-11-28,GLD,Gold,0.5740429682055984,0.4695436491156981,0.4768968154795852,0.5068278109336273,1,0.02069395845324795,Disinflationary Growth,Growth Up / Inflation Down,2014
2014-12-01,GLD,Gold,0.6170169902114344,0.49214318632319576,0.6072978915389906,0.5721526893578736,0,-0.006862266591118771,Disinflationary Growth,Growth Up / Inflation Down,2014
2014-12-02,GLD,Gold,0.46961875389095165,0.4655103310033693,0.28659997427642325,0.4072430197235814,1,0.026489517699546106,Disinflationary Growth,Growth Up / Inflation Down,2014
2014-12-03,GLD,Gold,0.5108453420796836,0.4601083233499265,0.3526520509642581,0.44120190546462273,1,0.014011838973278845,Disinflationary Growth,Growth Up / Inflation Down,2014
2014-12-04,GLD,Gold,0.34916369667420166,0.46138508210462115,0.3145974749134534,0.37504875123075876,1,0.015619651630039089,Disinflationary Growth,Growth Up / Inflation Down,2014
2014-12-05,GLD,Gold,0.3190543923436549,0.4627702169371911,0.3386793000688769,0.3735013031165743,1,0.02604215108788055,Disinflationary Growth,Growth Up / Inflation Down,2014
2014-12-08,GLD,Gold,0.2689544326367658,0.46838494641434086,0.3673221598408841,0.3682205129639969,0,-0.012005522579924155,Disinflationary Growth,Growth Up / Inflation Down,2014
2014-12-09,GLD,Gold,0.5061356583907837,0.47704493632742717,0.45398842637711856,0.4790563403651098,0,-0.027413532669739338,Disinflationary Growth,Growth Up / Inflation Down,2014
2014-12-10,GLD,Gold,0.4272732322462273,0.47667925538793127,0.4145446552110328,0.4394990476150638,0,-0.03128181137712449,Disinflationary Growth,Growth Up / Inflation Down,2014
2014-12-11,GLD,Gold,0.59422002251701,0.4807037564286365,0.44532298720774993,0.5067489220511322,0,-0.021582129856713372,Disinflationary Growth,Growth Up / Inflation Down,2014
2014-12-12,GLD,Gold,0.4997353105408971,0.4758082762120119,0.4384851145531869,0.4713429004353653,0,-0.0224853669763998,Disinflationary Growth,Growth Up / Inflation Down,2014
2014-12-15,GLD,Gold,0.6247677094808277,0.48258326242600047,0.6288636699263491,0.5787382139443924,0,-0.01608529021512639,Disinflationary Growth,Growth Up / Inflation Down,2014
2014-12-16,GLD,Gold,0.5590451288118705,0.505446275489077,0.7366712592931518,0.6003875545313665,0,-0.01922574287207457,Disinflationary Growth,Growth Up / Inflation Down,2014
2014-12-17,GLD,Gold,0.558471237623613,0.5026469028136382,0.7401653396167979,0.6004278266846831,0,-0.0131268053213075,Disinflationary Growth,Growth Up / Inflation Down,2014
2014-12-18,GLD,Gold,0.403001890705062,0.4977880517341158,0.733041125705937,0.5446103560483716,0,-0.002778981246928658,Disinflationary Growth,Growth Up / Inflation Down,2014
2014-12-19,GLD,Gold,0.4442502553139775,0.4901735761861676,0.7574384023797759,0.5639540779599737,0,-0.009584373148864622,Disinflationary Growth,Growth Up / Inflation Down,2014
2014-12-22,GLD,Gold,0.3515751746125829,0.5088654706150667,0.777344822224793,0.5459284891508142,1,0.023545036202848646,Disinflationary Growth,Growth Up / Inflation Down,2014
2014-12-23,GLD,Gold,0.3360286996372569,0.5077032089934952,0.7748788907889566,0.5395369331399028,1,0.007450807017933325,Disinflationary Growth,Growth Up / Inflation Down,2014
2014-12-24,GLD,Gold,0.2978738746367157,0.5081840024077655,0.7131546004903018,0.506404159178261,1,0.011616611040032643,Disinflationary Growth,Growth Up / Inflation Down,2014
2014-12-26,GLD,Gold,0.42379179729297617,0.5094647838955856,0.7046647779785733,0.545973786389045,1,0.00844728037303577,Disinflationary Growth,Growth Up / Inflation Down,2014
2014-12-29,GLD,Gold,0.5557376287324447,0.5055753153236688,0.7281291042825202,0.5964806827795446,1,0.03035105685942785,Disinflationary Growth,Growth Up / Inflation Down,2014
2014-12-30,GLD,Gold,0.4379898209601903,0.5020764358506653,0.7624435036320486,0.5675032534809681,1,0.010677112756228846,Disinflationary Growth,Growth Up / Inflation Down,2014
2014-12-31,GLD,Gold,0.6135626538395028,0.504180682423094,0.7339072824844514,0.6172168729156827,1,0.020778311078581968,Disinflationary Growth,Growth Up / Inflation Down,2014
2015-01-02,GLD,Gold,0.618528095286009,0.4741564337326596,0.5513835768040792,0.548022701940916,1,0.027875177543257523,Disinflationary Growth,Growth Up / Inflation Down,2015
2015-01-05,GLD,Gold,0.47869391318742105,0.44759782917647717,0.41401127908654833,0.44676767381681554,1,0.023834148826423984,Disinflationary Growth,Growth Up / Inflation Down,2015
2015-01-06,GLD,Gold,0.5958772720814792,0.43867024748714784,0.2746044698455308,0.436383996471386,1,0.008879789029527574,Disinflationary Growth,Growth Up / Inflation Down,2015
2015-01-07,GLD,Gold,0.6011931251200967,0.4316302248948836,0.2507979460381904,0.4278737653510569,1,0.013226839401278223,Disinflationary Growth,Growth Up / Inflation Down,2015
2015-01-08,GLD,Gold,0.425761494281778,0.43378949761406366,0.29485693781021394,0.3848026432353519,1,0.043125753792586874,Disinflationary Growth,Growth Up / Inflation Down,2015
2015-01-09,GLD,Gold,0.587114540325068,0.44054292291751085,0.32749597280843595,0.45171781201700495,1,0.04485753377971946,Disinflationary Growth,Growth Up / Inflation Down,2015
2015-01-12,GLD,Gold,0.6888041651058698,0.43859553895618,0.36506129461146936,0.4974869995578397,1,0.0475708460339761,Disinflationary Growth,Growth Up / Inflation Down,2015
2015-01-13,GLD,Gold,0.5096146635243987,0.4373047011996778,0.2927793616835175,0.4132329088025313,1,0.05137101816772116,Disinflationary Growth,Growth Up / Inflation Down,2015
2015-01-14,GLD,Gold,0.571828804164207,0.4228206359156061,0.24558429679242436,0.4134112456240792,1,0.06154108723495022,Disinflationary Growth,Growth Up / Inflation Down,2015
2015-01-15,GLD,Gold,0.5402051944502558,0.43143826718975875,0.2731030548990097,0.4149155055130081,1,0.02720357904012194,Disinflationary Growth,Growth Up / Inflation Down,2015
2015-01-16,GLD,Gold,0.4950984368057699,0.43486311639350517,0.26525353144535607,0.39840502821487705,1,0.003836118458869775,Disinflationary Growth,Growth Up / Inflation Down,2015
2015-01-20,GLD,Gold,0.5603146342118427,0.43108164677827565,0.27882516234773963,0.423407147779286,1,0.001610342854678759,Disinflationary Growth,Growth Up / Inflation Down,2015
2015-01-21,GLD,Gold,0.5574917379166208,0.42796098177436526,0.21694991157194304,0.400800877087643,0,-0.006520205796509582,Disinflationary Growth,Growth Up / Inflation Down,2015
2015-01-22,GLD,Gold,0.42457007291687443,0.42760855714580664,0.29857142249494306,0.3835833508525413,0,-0.03569433123755994,Disinflationary Growth,Growth Up / Inflation Down,2015
2015-01-23,GLD,Gold,0.43794247455854063,0.43865997315691174,0.37267985665204584,0.4164274347891661,0,-0.0062787280657984335,Disinflationary Growth,Growth Up / Inflation Down,2015
2015-01-26,GLD,Gold,0.49871911114164547,0.4377093818155127,0.3970731528318314,0.44450054859632987,0,-0.0046345207311538905,Disinflationary Growth,Growth Up / Inflation Down,2015
2015-01-27,GLD,Gold,0.4501032153561125,0.4357117974317281,0.4911846522795007,0.4589998883557804,0,-0.026929247853941463,Disinflationary Growth,Growth Up / Inflation Down,2015
2015-01-28,GLD,Gold,0.5599899732003384,0.4338342902768937,0.4628260967728371,0.48555012008335635,0,-0.014908413265181886,Disinflationary Growth,Growth Up / Inflation Down,2015
2015-01-29,GLD,Gold,0.6576945612812489,0.4348173716967931,0.3753510825777447,0.48928767185192884,1,0.00852930408310959,Disinflationary Growth,Growth Up / Inflation Down,2015
2015-01-30,GLD,Gold,0.7166266546440481,0.43918805734094785,0.46602854471327715,0.5406144188994243,0,-0.03896312415957692,Disinflationary Growth,Growth Up / Inflation Down,2015
2015-02-02,GLD,Gold,0.7323553810192397,0.42849606432006004,0.3619094849730306,0.5075869767707768,0,-0.02654795007850641,Disinflationary Growth,Growth Up / Inflation Down,2015
2015-02-03,GLD,Gold,0.6314236729868211,0.4481006545676245,0.38691085868062064,0.48881172874502204,0,-0.02131352140446907,Disinflationary Growth,Growth Up / Inflation Down,2015
2015-02-04,GLD,Gold,0.5118681629871862,0.45136448871377055,0.5611749959982973,0.5081358825664181,0,-0.03709493393903285,Disinflationary Growth,Growth Up / Inflation Down,2015
2015-02-05,GLD,Gold,0.6368393312251583,0.44729138894351494,0.459497775084825,0.5145428317511661,0,-0.03653834094905062,Disinflationary Growth,Growth Up / Inflation Down,2015
2015-02-06,GLD,Gold,0.6343673729359587,0.4588260865831004,0.4720120148333738,0.5217351581174776,0,-0.005563014464853633,Disinflationary Growth,Growth Up / Inflation Down,2015
2015-02-09,GLD,Gold,0.5695599674390749,0.4670494770815184,0.47710593180423105,0.5045717921082747,0,-0.026516707906926174,Disinflationary Growth,Growth Up / Inflation Down,2015
2015-02-10,GLD,Gold,0.5700581801179053,0.4744380577249304,0.5222384204428066,0.5222448860952141,0,-0.01797927627977669,Disinflationary Growth,Growth Up / Inflation Down,2015
2015-02-11,GLD,Gold,0.7515118370032924,0.4810749182722445,0.5336784497919435,0.5887550683558268,0,-0.009652321315141599,Disinflationary Growth,Growth Up / Inflation Down,2015
2015-02-12,GLD,Gold,0.7433873944939937,0.4853771269991824,0.5912266541206922,0.6066637252046228,0,-0.017555800433654456,Disinflationary Growth,Growth Up / Inflation Down,2015
2015-02-13,GLD,Gold,0.7817970022507024,0.4856197184218945,0.5184917209041184,0.595302813858905,0,-0.02161385810477645,Disinflationary Growth,Growth Up / Inflation Down,2015
2015-02-17,GLD,Gold,0.8029632163752123,0.48541744755132044,0.6429042973398031,0.6437616537554453,0,-0.006464959798201497,Disinflationary Growth,Growth Up / Inflation Down,2015
2015-02-18,GLD,Gold,0.8567529366966602,0.5011228499882047,0.7382536860337239,0.6987098242395295,0,-0.005501112341362524,Disinflationary Growth,Growth Up / Inflation Down,2015
2015-02-19,GLD,Gold,0.8960489484124149,0.5085029013932395,0.7226047067966019,0.7090521855340853,0,0.001121245908923152,Disinflationary Growth,Growth Up / Inflation Down,2015
2015-02-20,GLD,Gold,0.8881680358264609,0.509384685931822,0.634728233614174,0.6774269851241522,1,0.0076336302232034026,Disinflationary Growth,Growth Up / Inflation Down,2015
2015-02-23,GLD,Gold,0.9280317766934554,0.5171374018817535,0.7408403118480494,0.7286698301410861,1,0.0021658147737939615,Disinflationary Growth,Growth Up / Inflation Down,2015
2015-02-24,GLD,Gold,0.9410097070029868,0.5198172669427057,0.7805958877166698,0.7471409538874542,1,0.0018219597482260763,Disinflationary Growth,Growth Up / Inflation Down,2015
2015-02-25,GLD,Gold,0.9734556653215458,0.543297426285919,0.7643094200216964,0.7603541705430538,0,-0.0050993634697722445,Disinflationary Growth,Growth Up / Inflation Down,2015
2015-02-26,GLD,Gold,0.9440933802413065,0.5231626274985025,0.7982003551580402,0.7551521209659499,0,-0.009218572392844848,Disinflationary Growth,Growth Up / Inflation Down,2015
2015-02-27,GLD,Gold,0.9415151612911477,0.5194863177039337,0.7646264992559966,0.7418759927503592,0,-0.03701793144106491,Disinflationary Growth,Growth Up / Inflation Down,2015
2015-03-02,GLD,Gold,0.9209918207784429,0.5184780443916224,0.7118135924282304,0.7170944858660985,0,-0.0320712229831025,Disinflationary Growth,Growth Up / Inflation Down,2015
2015-03-03,GLD,Gold,0.9547520856965306,0.5208333212622851,0.7735695866437912,0.749718331200869,0,-0.03507407126476825,Disinflationary Growth,Growth Up / Inflation Down,2015
2015-05-04,GLD,Gold,0.7156296822920406,0.507072048373718,0.8464403500640753,0.6897140269099445,0,-0.0049956152712262725,Fragile Late-Cycle Watch,Growth Down / Inflation Down,2015
2015-05-05,GLD,Gold,0.7491173720935673,0.5093283118274933,0.8464699069321691,0.7016385302844098,0,0.0006991944794174643,Fragile Late-Cycle Watch,Growth Down / Inflation Down,2015
2015-05-06,GLD,Gold,0.7926207240185047,0.5036522611068677,0.7497565516236415,0.6820098455830047,1,0.019150073712119298,Fragile Late-Cycle Watch,Growth Down / Inflation Down,2015
2015-05-07,GLD,Gold,0.7793374676037318,0.5035820331534593,0.7322414175203324,0.6717203060925078,1,0.033151139101851745,Fragile Late-Cycle Watch,Growth Down / Inflation Down,2015
2015-05-08,GLD,Gold,0.8514060016870617,0.5029282702743034,0.8391070621657879,0.7311471113757176,1,0.031236268495775654,Fragile Late-Cycle Watch,Growth Down / Inflation Down,2015
2015-05-11,GLD,Gold,0.866016547382312,0.5106092849442868,0.7652574977729631,0.7139611100331873,1,0.03514487718374881,Fragile Late-Cycle Watch,Growth Down / Inflation Down,2015
2015-05-12,GLD,Gold,0.8858351776064276,0.5194231073872599,0.7854591682937088,0.7302391510957987,1,0.012139732660685132,Fragile Late-Cycle Watch,Growth Down / Inflation Down,2015
2015-05-13,GLD,Gold,0.8768201010272434,0.5060545866434822,0.6862702643698072,0.689714984013511,0,-0.004032614400656942,Fragile Late-Cycle Watch,Growth Down / Inflation Down,2015
2015-05-14,GLD,Gold,0.8441838622063794,0.507078916557401,0.7203713207897835,0.690544699851188,0,-0.012715462193967242,Fragile Late-Cycle Watch,Growth Down / Inflation Down,2015
2015-05-15,GLD,Gold,0.8551380935127544,0.5111581501793139,0.7876504619914658,0.7179822352278448,0,-0.01642134199967127,Fragile Late-Cycle Watch,Growth Down / Inflation Down,2015
2015-05-18,GLD,Gold,0.8882818865634943,0.5006003804870596,0.7698824364125546,0.7195882344877028,0,-0.030718116780766747,Fragile Late-Cycle Watch,Growth Down / Inflation Down,2015
2015-05-19,GLD,Gold,0.8931473197089059,0.5078479686195413,0.7477483717105261,0.7162478866796578,0,-0.01725774450369566,Fragile Late-Cycle Watch,Growth Down / Inflation Down,2015
2015-05-20,GLD,Gold,0.9193067029813181,0.5165628649852099,0.8399059774762698,0.7585918484809326,0,-0.017746426218931854,Fragile Late-Cycle Watch,Growth Down / Inflation Down,2015
2015-05-21,GLD,Gold,0.8931905839128937,0.5100623833303434,0.8351012047915478,0.7461180573449283,0,-0.013743659207635095,Fragile Late-Cycle Watch,Growth Down / Inflation Down,2015
2015-05-22,GLD,Gold,0.87178074289823,0.4899808350762818,0.5987384806893725,0.6535000195546281,0,-0.013840817432876351,Fragile Late-Cycle Watch,Growth Down / Inflation Down,2015
2015-05-26,GLD,Gold,0.8543546430780257,0.4911251211385478,0.676482068566201,0.6739872775942581,1,0.004828332935487678,Fragile Late-Cycle Watch,Growth Down / Inflation Down,2015
2015-05-27,GLD,Gold,0.8767704497559289,0.4913375342564437,0.7313155535560947,0.6998078458561557,0,-0.0021951005473683782,Fragile Late-Cycle Watch,Growth Down / Inflation Down,2015
2015-05-28,GLD,Gold,0.8976492233067465,0.49611567600457507,0.6557635653974905,0.6831761549029373,0,-0.01034906454935014,Fragile Late-Cycle Watch,Growth Down / Inflation Down,2015
2015-05-29,GLD,Gold,0.9315083381705366,0.4951574869311793,0.6791532090573874,0.7019396780530345,0,-0.016301495488393214,Fragile Late-Cycle Watch,Growth Down / Inflation Down,2015
2015-06-01,GLD,Gold,0.8795039444634078,0.4798075712270342,0.5694003673199967,0.6429039610034796,0,-0.012543862326103383,Fragile Late-Cycle Watch,Growth Down / Inflation Down,2015
2015-06-02,GLD,Gold,0.9690349186523666,0.46859835981396236,0.45083929446962423,0.6294908576453178,0,-0.014328144354064709,Fragile Late-Cycle Watch,Growth Down / Inflation Down,2015
2015-06-03,GLD,Gold,0.9652774405175133,0.48219386065303277,0.5924191159051614,0.6799634723585691,0,0.0012319552129564926,Fragile Late-Cycle Watch,Growth Down / Inflation Down,2015
2015-06-04,GLD,Gold,0.9534918989979141,0.4991191466816966,0.7089382573299818,0.7205164343365308,1,0.0037221358735439747,Fragile Late-Cycle Watch,Growth Down / Inflation Down,2015
2015-06-05,GLD,Gold,0.9641684185691249,0.4928171407942842,0.7614591115602448,0.7394815569745513,1,0.00882043399863286,Fragile Late-Cycle Watch,Growth Down / Inflation Down,2015
2015-06-08,GLD,Gold,0.9550097928251182,0.4982258751758238,0.7365224374102696,0.7299193684704038,1,0.010304731857991634,Fragile Late-Cycle Watch,Growth Down / Inflation Down,2015
2015-06-09,GLD,Gold,0.9891825275103168,0.5370826189404196,0.781598424048575,0.7692878568331039,1,0.004431838338525784,Fragile Late-Cycle Watch,Growth Down / Inflation Down,2015
2015-06-10,GLD,Gold,0.9390427461630109,0.5058149744755106,0.6914372740755635,0.7120983315713617,0,0.0006152196833821844,Fragile Late-Cycle Watch,Growth Down / Inflation Down,2015
2015-06-11,GLD,Gold,0.9009178920893045,0.5069537869259794,0.6615860863932503,0.689819255136178,1,0.018188217550234143,Fragile Late-Cycle Watch,Growth Down / Inflation Down,2015
2015-06-12,GLD,Gold,0.928883340643511,0.5190450722338601,0.6787725224772092,0.70890031178486,1,0.01669168359635753,Fragile Late-Cycle Watch,Growth Down / Inflation Down,2015
2015-06-15,GLD,Gold,0.9544249846511655,0.5085107886047169,0.6714039421813688,0.711446571812417,0,-0.0007913827893126779,Fragile Late-Cycle Watch,Growth Down / Inflation Down,2015
2015-06-16,GLD,Gold,0.9567228658870208,0.5025798521268181,0.6341295893922029,0.6978107691353473,0,-0.003794566769623975,Fragile Late-Cycle Watch,Growth Down / Inflation Down,2015
2015-06-17,GLD,Gold,0.9324177441050125,0.48996636023999435,0.5260044706311959,0.649462858325401,0,-0.011067212587770658,Fragile Late-Cycle Watch,Growth Down / Inflation Down,2015
2015-06-18,GLD,Gold,0.9360391298319328,0.48708160070434126,0.5779999380473444,0.6670402228612061,0,-0.02497396168088295,Fragile Late-Cycle Watch,Growth Down / Inflation Down,2015
2015-06-19,GLD,Gold,0.9408545263746655,0.48583037176217664,0.3971398840744616,0.6079415940704346,0,-0.02223770958052973,Fragile Late-Cycle Watch,Growth Down / Inflation Down,2015
2015-06-22,GLD,Gold,0.9396368700075934,0.47351620138278405,0.44481828465647927,0.6193237853489523,0,-0.0050158368346149285,Fragile Late-Cycle Watch,Growth Down / Inflation Down,2015
2015-06-23,GLD,Gold,0.8912885420289334,0.49727543233629057,0.5238137901483052,0.637459254837843,0,-0.004606224164034223,Fragile Late-Cycle Watch,Growth Down / Inflation Down,2015
2015-06-24,GLD,Gold,0.9149457830999255,0.5041269448477749,0.5156224893895308,0.644898405779077,0,-0.005417825746493521,Fragile Late-Cycle Watch,Growth Down / Inflation Down,2015
2015-06-25,GLD,Gold,0.9004572823376478,0.4886918986334176,0.4408272619376596,0.6099921476362417,0,-0.006047672451182429,Fragile Late-Cycle Watch,Growth Down / Inflation Down,2015
2015-06-26,GLD,Gold,0.9287878835122169,0.49838339589673775,0.5959641169663588,0.6743784654584378,0,-0.0044420754339455915,Fragile Late-Cycle Watch,Growth Down / Inflation Down,2015
2015-06-29,GLD,Gold,0.9340101088615292,0.50582170902175,0.5855345141999422,0.6751221106944071,0,-0.020429800697164824,Fragile Late-Cycle Watch,Growth Down / Inflation Down,2015
2015-06-30,GLD,Gold,0.9281880867286741,0.4575453773473961,0.44125828591138905,0.6089972499958197,0,-0.011390997396147573,Fragile Late-Cycle Watch,Growth Down / Inflation Down,2015
2015-07-01,GLD,Gold,0.9551559102659867,0.4706218122866895,0.4726190193760739,0.6327989139762501,0,-0.005536727344129355,Fragile Late-Cycle Watch,Growth Down / Inflation Down,2015
2015-07-02,GLD,Gold,0.9449928523942346,0.46580290924933615,0.4513777622265238,0.6207245079566982,0,-0.0024159293781312874,Fragile Late-Cycle Watch,Growth Down / Inflation Down,2015
2015-07-06,GLD,Gold,0.9403995167774745,0.4678317077002355,0.5416835600741331,0.6499715948506144,0,-0.009548453668890566,Fragile Late-Cycle Watch,Growth Down / Inflation Down,2015
2015-07-07,GLD,Gold,0.9294576583118594,0.4539172911972545,0.3976699777444271,0.5936816424178469,0,-0.000180609173664803,Fragile Late-Cycle Watch,Growth Down / Inflation Down,2015
2015-07-08,GLD,Gold,0.9205663091480736,0.472100354219986,0.48684462737801104,0.6265037635820235,0,-0.008371524947688225,Fragile Late-Cycle Watch,Growth Down / Inflation Down,2015
2015-07-09,GLD,Gold,0.9384134233226918,0.4608480586056143,0.4513280904665032,0.6168631907982698,0,-0.014367802310988553,Fragile Late-Cycle Watch,Growth Down / Inflation Down,2015
2015-07-10,GLD,Gold,0.9564095538973473,0.47386674447054794,0.7027356158518574,0.7110039714065842,0,-0.025473104245287037,Fragile Late-Cycle Watch,Growth Down / Inflation Down,2015
2015-07-13,GLD,Gold,0.9236270021968983,0.47508553102745976,0.5154057884677038,0.6380394405640207,0,-0.047661960693254124,Fragile Late-Cycle Watch,Growth Down / Inflation Down,2015
2015-07-14,GLD,Gold,0.91073889208125,0.4870589115320123,0.5984210098879564,0.6654062711670728,0,-0.048491919999796074,Fragile Late-Cycle Watch,Growth Down / Inflation Down,2015
2015-07-15,GLD,Gold,0.9297305415574746,0.5112560661177938,0.6391276260997828,0.6933714112583504,0,-0.04865650355996842,Fragile Late-Cycle Watch,Growth Down / Inflation Down,2015
2015-07-16,GLD,Gold,0.894321077651424,0.4962026379889671,0.5646329045585392,0.6517188733996434,0,-0.04947157616156239,Fragile Late-Cycle Watch,Growth Down / Inflation Down,2015
2015-07-17,GLD,Gold,0.9514522285991411,0.5188924323928021,0.6766326469818267,0.7156591026579232,0,-0.030372784219168225,Fragile Late-Cycle Watch,Growth Down / Inflation Down,2015
2015-07-20,GLD,Gold,0.9496815635579209,0.5103286233293185,0.6007459552388692,0.6869187140420362,0,-0.00794698545073702,Fragile Late-Cycle Watch,Growth Down / Inflation Down,2015
2015-07-21,GLD,Gold,0.9721803643365509,0.5160146511942717,0.600200089885788,0.696131701805537,0,-0.003321686385046374,Fragile Late-Cycle Watch,Growth Down / Inflation Down,2015
2015-07-22,GLD,Gold,0.9718181188495093,0.5129052737910069,0.7048478234607025,0.7298570720337395,1,0.0035304876566155663,Fragile Late-Cycle Watch,Growth Down / Inflation Down,2015
2015-07-23,GLD,Gold,0.9616306980239949,0.5140096233642406,0.7106189371773158,0.7287530861885171,0,-0.0005751479625721867,Fragile Late-Cycle Watch,Growth Down / Inflation Down,2015
2015-07-24,GLD,Gold,0.9832179612500426,0.5168219894512274,0.6766529514964106,0.7255643007325601,0,-0.0039866936405175135,Fragile Late-Cycle Watch,Growth Down / Inflation Down,2015
2015-07-27,GLD,Gold,0.9862220601965733,0.5136048757260101,0.6669540068398736,0.7222603142541524,0,-0.007247779246679187,Fragile Late-Cycle Watch,Growth Down / Inflation Down,2015
2015-07-28,GLD,Gold,0.9655417515427814,0.5076898910201513,0.6881121069833567,0.7204479165154298,0,-0.006760608523781797,Fragile Late-Cycle Watch,Growth Down / Inflation Down,2015
2015-07-29,GLD,Gold,0.9647354457921927,0.5056319129278166,0.7344085969253766,0.7349253185484619,0,-0.011790414427673479,Fragile Late-Cycle Watch,Growth Down / Inflation Down,2015
2015-07-30,GLD,Gold,0.9585272785062299,0.5194846292262382,0.6771838439065596,0.7183985838796758,0,0.0011508847266277211,Fragile Late-Cycle Watch,Growth Down / Inflation Down,2015
2015-07-31,GLD,Gold,0.9196961274820006,0.5068129650388876,0.6585548368150791,0.6950213097786557,0,-0.002668433989159724,Fragile Late-Cycle Watch,Growth Down / Inflation Down,2015
2015-08-03,GLD,Gold,0.9486202450626284,0.49785198792862656,0.7013103216702518,0.7159275182205023,1,0.015561986266356742,Fragile Late-Cycle Watch,Growth Down / Inflation Down,2015
2015-08-04,GLD,Gold,0.8728087263600107,0.4925993716690686,0.6688267112700488,0.678078269766376,1,0.01869432099776769,Fragile Late-Cycle Watch,Growth Down / Inflation Down,2015
2015-08-05,GLD,Gold,0.8379694353561499,0.4890882862451517,0.7185533969430794,0.681870372848127,1,0.03675550547106066,Fragile Late-Cycle Watch,Growth Down / Inflation Down,2015
2015-08-06,GLD,Gold,0.8969672180061906,0.5044520975168119,0.7180617703763412,0.7064936952997813,1,0.02366128206863527,Fragile Late-Cycle Watch,Growth Down / Inflation Down,2015
2015-08-07,GLD,Gold,0.8812497160078212,0.4885433976346731,0.7302244902463331,0.7000058679629424,1,0.02102242633697582,Fragile Late-Cycle Watch,Growth Down / Inflation Down,2015
2015-08-10,GLD,Gold,0.8954930191833052,0.48192257393672333,0.691172007937056,0.6895292003523615,1,0.013337079232257132,Fragile Late-Cycle Watch,Growth Down / Inflation Down,2015
2015-08-11,GLD,Gold,0.9134791428680769,0.5086790316842023,0.702225789690032,0.7081279880807704,1,0.007999232609005258,Fragile Late-Cycle Watch,Growth Down / Inflation Down,2015
2015-08-12,GLD,Gold,0.9003445122395036,0.4765410303175072,0.627658449088913,0.6681813305486412,1,0.007424622290095773,Fragile Late-Cycle Watch,Growth Down / Inflation Down,2015
2015-08-13,GLD,Gold,0.8823372429643256,0.47039382554103704,0.6611493737614211,0.6712934807555945,1,0.03350179497105388,Fragile Late-Cycle Watch,Growth Down / Inflation Down,2015
2015-08-14,GLD,Gold,0.8817863136710841,0.4712542405489927,0.6098507367663552,0.6542970969954772,1,0.040056142633764225,Fragile Late-Cycle Watch,Growth Down / Inflation Down,2015
2015-08-17,GLD,Gold,0.8753959887429408,0.46933748709206147,0.540642120508358,0.6284585321144535,1,0.03173715684726597,Fragile Late-Cycle Watch,Growth Down / Inflation Down,2015
2015-08-18,GLD,Gold,0.8543074119378568,0.4670993286197428,0.5123081423811642,0.6112382943129212,1,0.019139231071572782,Fragile Late-Cycle Watch,Growth Down / Inflation Down,2015
2015-08-19,GLD,Gold,0.8141811964693635,0.47360163779838294,0.5571328056436667,0.614971879970471,0,-0.008106907950918285,Fragile Late-Cycle Watch,Growth Down / Inflation Down,2015
2015-08-20,GLD,Gold,0.7124133482253462,0.44663524049335435,0.5621873753511734,0.5737453213566246,0,-0.024538201960928485,Fragile Late-Cycle Watch,Growth Down / Inflation Down,2015
2015-08-21,GLD,Gold,0.6504467371814744,0.43144673118964405,0.38611709092870306,0.48933685309994046,0,-0.021866286018476844,Fragile Late-Cycle Watch,Growth Down / Inflation Down,2015
2015-08-24,GLD,Gold,0.8026417169133333,0.4342607198415548,0.48099852015842,0.572633652304436,0,-0.015470904762128312,Fragile Late-Cycle Watch,Growth Down / Inflation Down,2015
2015-08-25,GLD,Gold,0.9398064541870207,0.4801413127570345,0.5646902650780243,0.6615460106740265,0,0.000366373074304871,Fragile Late-Cycle Watch,Growth Down / Inflation Down,2015
2015-08-26,GLD,Gold,0.9448634535837479,0.4875035291889208,0.6247322113353554,0.6856997313693413,1,0.008823298911420752,Fragile Late-Cycle Watch,Growth Down / Inflation Down,2015
2015-08-27,GLD,Gold,0.888206164287012,0.4474806915684335,0.6309158473734128,0.6555342344096194,0,0.0010210060106710106,Fragile Late-Cycle Watch,Growth Down / Inflation Down,2015
2015-08-28,GLD,Gold,0.7849935603817456,0.4467143554374423,0.5160899447726517,0.5825992868639466,0,-0.01113154662781457,Fragile Late-Cycle Watch,Growth Down / Inflation Down,2015
2015-08-31,GLD,Gold,0.7626094804043692,0.44244859381058743,0.4697164583949121,0.5582581775366229,0,-0.011946361472188527,Fragile Late-Cycle Watch,Growth Down / Inflation Down,2015
2015-09-01,GLD,Gold,0.6880437422067017,0.4419728121414994,0.4402478000081406,0.5234214514521139,0,-0.02811355110457847,Fragile Late-Cycle Watch,Growth Down / Inflation Down,2015
2015-09-02,GLD,Gold,0.8907578348877572,0.4327557238398739,0.2953396797065833,0.5396177461447381,0,-0.02062240320864428,Fragile Late-Cycle Watch,Growth Down / Inflation Down,2015
2015-09-03,GLD,Gold,0.7657170134358576,0.43346614422218105,0.2992368672179708,0.4994733416253365,0,-0.015578567626406414,Fragile Late-Cycle Watch,Growth Down / Inflation Down,2015
2015-09-04,GLD,Gold,0.7924420448040197,0.4464467391104372,0.34109515437029203,0.526661312761583,0,-0.011815021567643691,Fragile Late-Cycle Watch,Growth Down / Inflation Down,2015
2015-09-08,GLD,Gold,0.8568312858403637,0.4522986161730625,0.3420132188707579,0.550381040294728,0,-0.015066919343063145,Fragile Late-Cycle Watch,Growth Down / Inflation Down,2015
2015-09-09,GLD,Gold,0.750342265969195,0.43973692934535036,0.34216641339228543,0.5107485362356102,1,0.011118442812715568,Fragile Late-Cycle Watch,Growth Down / Inflation Down,2015
2015-09-10,GLD,Gold,0.9129071366693484,0.4647495145604104,0.5315934450717636,0.6364166987671741,1,0.01908259504703258,Fragile Late-Cycle Watch,Growth Down / Inflation Down,2015
2015-09-11,GLD,Gold,0.9281801426014187,0.482851008976781,0.4407712029493683,0.6172674515091893,1,0.028730174426810917,Fragile Late-Cycle Watch,Growth Down / Inflation Down,2015
2015-09-14,GLD,Gold,0.950073255647635,0.4803729179799302,0.4732730194797987,0.6345730643691213,1,0.021747293655119293,Fragile Late-Cycle Watch,Growth Down / Inflation Down,2015
2015-09-15,GLD,Gold,0.9440341372075296,0.4757733854574803,0.43155698482627913,0.6171215024970964,1,0.0178470194751279,Fragile Late-Cycle Watch,Growth Down / Inflation Down,2015
2015-09-16,GLD,Gold,0.8210402778592456,0.48296966559394505,0.44528658563329104,0.5830988430288272,1,0.008480138689896943,Fragile Late-Cycle Watch,Growth Down / Inflation Down,2015
2015-09-17,GLD,Gold,0.8139584203540137,0.47435257459087943,0.3555795180412196,0.5479635043287042,1,0.019186367783392555,Fragile Late-Cycle Watch,Growth Down / Inflation Down,2015
2015-09-18,GLD,Gold,0.9370600786921928,0.47129355458441163,0.443249655155172,0.6172010961439255,1,0.005493988454820853,Fragile Late-Cycle Watch,Growth Down / Inflation Down,2015
2015-09-21,GLD,Gold,0.9277401359955431,0.4734557989483573,0.5605021026613105,0.6538993458684037,0,-0.0010135502772394833,Fragile Late-Cycle Watch,Growth Down / Inflation Down,2015
2015-09-22,GLD,Gold,0.8557988594717807,0.4579524276533644,0.4088720745768888,0.5742077872340113,1,0.0017627093403138616,Fragile Late-Cycle Watch,Growth Down / Inflation Down,2015
2015-09-23,GLD,Gold,0.8775542984553468,0.45849108427708957,0.4694604129716719,0.6018352652347028,0,-0.012566998660238249,Fragile Late-Cycle Watch,Growth Down / Inflation Down,2015
2015-09-24,GLD,Gold,0.8662135859977791,0.4494371430335951,0.5517344256065105,0.6224617182126283,0,-0.03403017992155166,Fragile Late-Cycle Watch,Growth Down / Inflation Down,2015
2015-09-25,GLD,Gold,0.7940094492117783,0.44920580189271897,0.5378327763744387,0.5936826758263121,0,-0.007467441153403809,Fragile Late-Cycle Watch,Growth Down / Inflation Down,2015
2015-09-28,GLD,Gold,0.7782270790954867,0.4453984681304701,0.46152222660945214,0.561715924611803,1,0.003228172662166129,Fragile Late-Cycle Watch,Growth Down / Inflation Down,2015
2015-09-29,GLD,Gold,0.8927652252915311,0.45239953823376544,0.6586786877097739,0.6679478170783568,1,0.0174106056211496,Fragile Late-Cycle Watch,Growth Down / Inflation Down,2015
2015-09-30,GLD,Gold,0.8511977543765197,0.4507364081332351,0.6197651891965713,0.6405664505687754,1,0.02657679507457833,Fragile Late-Cycle Watch,Growth Down / Inflation Down,2015
2015-10-01,GLD,Gold,0.8046920864446406,0.46528305209649806,0.6295169214000531,0.6331640199803973,1,0.022580305039953785,Fragile Late-Cycle Watch,Growth Down / Inflation Down,2015
2015-10-02,GLD,Gold,0.6128414885314927,0.45796704929509885,0.6329645905014654,0.5679243761093523,1,0.017249334064235677,Fragile Late-Cycle Watch,Growth Down / Inflation Down,2015
2015-10-05,GLD,Gold,0.7483703615005837,0.4539386962944729,0.584220985736192,0.5955100145104162,1,0.023352036351186767,Fragile Late-Cycle Watch,Growth Down / Inflation Down,2015
2015-10-06,GLD,Gold,0.6103928808090846,0.44715047454149626,0.5384011077465326,0.5319814876990377,1,0.01820498806561588,Fragile Late-Cycle Watch,Growth Down / Inflation Down,2015
2015-10-07,GLD,Gold,0.6792073791398375,0.46368304314012493,0.502981797893425,0.5486240733911292,1,0.03746582246753127,Fragile Late-Cycle Watch,Growth Down / Inflation Down,2015
2015-10-08,GLD,Gold,0.6745632160601496,0.46603850523316,0.5142820943362392,0.5516279385431829,1,0.03802456981021862,Fragile Late-Cycle Watch,Growth Down / Inflation Down,2015
2015-10-09,GLD,Gold,0.6705320807414379,0.4682784734906197,0.5200920466202003,0.5529675336174192,1,0.01461166300221306,Fragile Late-Cycle Watch,Growth Down / Inflation Down,2015
2015-10-12,GLD,Gold,0.6901493294237294,0.4744670676589998,0.5611642446956843,0.5752602139261378,1,0.006378574252496216,Fragile Late-Cycle Watch,Growth Down / Inflation Down,2015
2015-10-13,GLD,Gold,0.7475769699906373,0.48160662501810386,0.5668879595963302,0.5986905182016904,1,0.007777603628061458,Fragile Late-Cycle Watch,Growth Down / Inflation Down,2015
2015-10-14,GLD,Gold,0.7050165181643251,0.4770481713778539,0.6549022146048147,0.6123223013823312,0,-0.018276023603192693,Fragile Late-Cycle Watch,Growth Down / Inflation Down,2015
2015-10-15,GLD,Gold,0.7772086692090284,0.48115242526514623,0.7522959936114416,0.670219029361872,0,-0.014123033464481183,Fragile Late-Cycle Watch,Growth Down / Inflation Down,2015
2015-10-16,GLD,Gold,0.7808482561953489,0.48555736433016927,0.7569742443782721,0.6744599549679302,0,-0.008800763468486017,Fragile Late-Cycle Watch,Growth Down / Inflation Down,2015
2015-10-19,GLD,Gold,0.8147099934514317,0.484209180806349,0.7570216873944872,0.685313620550756,0,-0.005266884088298562,Fragile Late-Cycle Watch,Growth Down / Inflation Down,2015
2015-10-20,GLD,Gold,0.7433297612305317,0.4690574054627158,0.7888394584020073,0.6670755416984182,0,-0.009314317577310938,Fragile Late-Cycle Watch,Growth Down / Inflation Down,2015
2015-10-21,GLD,Gold,0.6779466662750309,0.48275937213007475,0.6920826266679183,0.6175962216910079,0,-0.008502681008626056,Fragile Late-Cycle Watch,Growth Down / Inflation Down,2015
2015-10-22,GLD,Gold,0.7210563952938103,0.4765142589034689,0.7119282921878483,0.6364996487950425,0,-0.01763811601433718,Fragile Late-Cycle Watch,Growth Down / Inflation Down,2015
2015-10-23,GLD,Gold,0.7282752109962843,0.48130264498338277,0.7189722255662647,0.6428500271819773,0,-0.01973091433401064,Fragile Late-Cycle Watch,Growth Down / Inflation Down,2015
2015-10-26,GLD,Gold,0.7302662434744137,0.48388415151860104,0.6456425685415946,0.6199309878448699,0,-0.02548688826624046,Fragile Late-Cycle Watch,Growth Down / Inflation Down,2015
2015-10-27,GLD,Gold,0.7548993750343079,0.48214119557552515,0.6708493250072037,0.6359632985390123,0,-0.042084499779718954,Fragile Late-Cycle Watch,Growth Down / Inflation Down,2015
2015-10-28,GLD,Gold,0.6961003506890759,0.47802042031151165,0.6786421720307242,0.617587647677104,0,-0.0434193682216637,Fragile Late-Cycle Watch,Growth Down / Inflation Down,2015
2015-10-29,GLD,Gold,0.6020302444182434,0.4816969307539252,0.5699748957431688,0.5512340236384459,0,-0.037185579526632595,Fragile Late-Cycle Watch,Growth Down / Inflation Down,2015
2015-10-30,GLD,Gold,0.7128618759873729,0.48118143075443337,0.5780417747995902,0.5906950271804655,0,-0.047575520882413125,Fragile Late-Cycle Watch,Growth Down / Inflation Down,2015
2015-11-02,GLD,Gold,0.7590686694595983,0.48325471218375443,0.6474424978588283,0.6299219598340603,0,-0.038585458636300696,Fragile Late-Cycle Watch,Growth Down / Inflation Down,2015
2015-11-03,GLD,Gold,0.8325880620826577,0.49866856064261555,0.6626005657494425,0.6646190628249052,0,-0.02617314417551231,Fragile Late-Cycle Watch,Growth Down / Inflation Down,2015
2015-11-04,GLD,Gold,0.8771775058202872,0.5237261655061198,0.7043922692688424,0.7017653135317498,0,-0.020194388647702954,Fragile Late-Cycle Watch,Growth Down / Inflation Down,2015
2015-11-05,GLD,Gold,0.9259490005761546,0.5340102297605831,0.8077824339228289,0.7559138880865222,0,-0.01694434802981215,Fragile Late-Cycle Watch,Growth Down / Inflation Down,2015
2015-11-06,GLD,Gold,0.9220885023590805,0.5328326762160354,0.8241029647932638,0.7596747144561266,0,-0.005187328755452247,Fragile Late-Cycle Watch,Growth Down / Inflation Down,2015
2015-11-09,GLD,Gold,0.9367667505386338,0.5520038365452679,0.8696910202362449,0.7861538691067155,0,-0.006609218690817875,Fragile Late-Cycle Watch,Growth Down / Inflation Down,2015
2015-11-10,GLD,Gold,0.928105717085367,0.5403516064375082,0.8863302624850703,0.7849291953359819,0,-0.01766177732669616,Fragile Late-Cycle Watch,Growth Down / Inflation Down,2015
2015-11-11,GLD,Gold,0.9421083125678069,0.5458458547363878,0.8817540912930327,0.7899027528657424,0,-0.013483593385242298,Fragile Late-Cycle Watch,Growth Down / Inflation Down,2015
2015-11-12,GLD,Gold,0.9723858909199469,0.5479045602413843,0.8590666708685167,0.7931190406766159,0,-0.0027924980239610875,Fragile Late-Cycle Watch,Growth Down / Inflation Down,2015
2015-11-13,GLD,Gold,0.9735476888139087,0.5409647208290763,0.8690776156157246,0.7945300084195699,0,-0.004538443721352925,Fragile Late-Cycle Watch,Growth Down / Inflation Down,2015
2015-11-16,GLD,Gold,0.9831195002120604,0.5332435313313967,0.8440448103213216,0.7868026139549262,0,-0.013981264690409945,Fragile Late-Cycle Watch,Growth Down / Inflation Down,2015
2015-11-17,GLD,Gold,0.9570539200450049,0.5249945362384473,0.8464058667023281,0.77615144099526,1,0.005862870089760497,Fragile Late-Cycle Watch,Growth Down / Inflation Down,2015
2015-11-18,GLD,Gold,0.9766320072329385,0.5388965334429394,0.8361137515977118,0.7838807640911966,0,0.0002928710261398404,Fragile Late-Cycle Watch,Growth Down / Inflation Down,2015
2015-11-19,GLD,Gold,0.9700543586283813,0.5419950346676006,0.8633637266997992,0.791804373331927,0,-0.022305886568670164,Fragile Late-Cycle Watch,Growth Down / Inflation Down,2015
2015-11-20,GLD,Gold,0.9447393864488537,0.5219373273162592,0.806085300134783,0.7575873379666319,0,-0.01134928907272914,Fragile Late-Cycle Watch,Growth Down / Inflation Down,2015
2015-11-23,GLD,Gold,0.9403123877792076,0.5184813865481201,0.8010368338948722,0.7532768694073999,0,0.00019554706286606383,Fragile Late-Cycle Watch,Growth Down / Inflation Down,2015
2016-02-02,GLD,Gold,0.09986138739920475,0.4564249163383503,0.45237189693418445,0.33621940022391317,1,0.05079106003484579,Fragile Late-Cycle Watch,Growth Down / Inflation Down,2016
2016-02-03,GLD,Gold,0.12676333220057068,0.43066504490598356,0.5640946914717377,0.37384102285943066,1,0.047688778805241805,Fragile Late-Cycle Watch,Growth Down / Inflation Down,2016
2016-02-04,GLD,Gold,0.12685565216176448,0.4237690507038747,0.3886842012984001,0.3131029680546798,1,0.0767839186687358,Fragile Late-Cycle Watch,Growth Down / Inflation Down,2016
2016-02-05,GLD,Gold,0.17723502914390288,0.41982184156440283,0.27587889771725493,0.2909785894751869,1,0.053774937072099016,Fragile Late-Cycle Watch,Growth Down / Inflation Down,2016
2016-02-08,GLD,Gold,0.2755465559187344,0.4092095288577739,0.3028058420982451,0.32918730895825116,1,0.008257882780383863,Fragile Late-Cycle Watch,Growth Down / Inflation Down,2016
2016-02-09,GLD,Gold,0.4737810474820477,0.430982028331092,0.25922015983369073,0.38799441188227685,1,0.016728310400144775,Fragile Late-Cycle Watch,Growth Down / Inflation Down,2016
2016-02-10,GLD,Gold,0.3531699430872798,0.4234605308120678,0.24077841814370987,0.33913629734768586,1,0.03346148752131395,Fragile Late-Cycle Watch,Growth Down / Inflation Down,2016
2016-02-11,GLD,Gold,0.31323244025293157,0.4297742772764835,0.3008129394193601,0.3479398856495917,0,-0.01243067157641009,Fragile Late-Cycle Watch,Growth Down / Inflation Down,2016
2016-02-12,GLD,Gold,0.2298336756571512,0.426549512485309,0.20364025211193468,0.2866744800847983,0,-0.024248079856219795,Fragile Late-Cycle Watch,Growth Down / Inflation Down,2016
2016-02-16,GLD,Gold,0.18111997225684354,0.4225927443993119,0.22855953913954577,0.2774240852652337,1,0.021347082419599595,Fragile Late-Cycle Watch,Growth Down / Inflation Down,2016
2016-02-17,GLD,Gold,0.10230441534554398,0.4180725815708189,0.21535276706909645,0.24524325466181976,1,0.018444728017840584,Fragile Late-Cycle Watch,Growth Down / Inflation Down,2016
2016-02-18,GLD,Gold,0.06457554030848517,0.4140561276268078,0.15175396313606548,0.21012854369045283,0,-0.0031279291885901728,Fragile Late-Cycle Watch,Growth Down / Inflation Down,2016
2016-02-19,GLD,Gold,0.06837575507281263,0.40373181931996227,0.11500598999123306,0.195704521461336,0,-0.003997288768360918,Fragile Late-Cycle Watch,Growth Down / Inflation Down,2016
2016-02-22,GLD,Gold,0.08861497860778805,0.4071648981687714,0.1439657401889003,0.21324853898848659,1,0.027275102469000112,Fragile Late-Cycle Watch,Growth Down / Inflation Down,2016
2016-02-23,GLD,Gold,0.0822316032132606,0.40164580004658446,0.15162221776043058,0.21183320700675856,1,0.004691992975906389,Fragile Late-Cycle Watch,Growth Down / Inflation Down,2016
2016-02-24,GLD,Gold,0.11255583534126201,0.4097454571751238,0.174501029413097,0.23226744064316093,1,0.00909786318570971,Fragile Late-Cycle Watch,Growth Down / Inflation Down,2016
2016-02-25,GLD,Gold,0.13801625362767284,0.41131302960144966,0.18441934786436998,0.2445828770311642,1,0.023829759426915453,Fragile Late-Cycle Watch,Growth Down / Inflation Down,2016
2016-02-26,GLD,Gold,0.1424878128418098,0.4067044925490562,0.16177522160029187,0.23698917566371933,1,0.029288705382114033,Fragile Late-Cycle Watch,Growth Down / Inflation Down,2016
2016-02-29,GLD,Gold,0.09178349745014037,0.4019379149728368,0.14879800840165555,0.21417314027487758,1,0.02107215115358585,Fragile Late-Cycle Watch,Growth Down / Inflation Down,2016
2016-03-01,GLD,Gold,0.10402929199725733,0.4062622918159803,0.1749190734612569,0.22840355242483149,1,0.02386011096276719,Fragile Late-Cycle Watch,Growth Down / Inflation Down,2016
2016-03-02,GLD,Gold,0.12498892842887299,0.3895549947795962,0.1436059899134869,0.21938330437398537,1,0.007583430431114202,Fragile Late-Cycle Watch,Growth Down / Inflation Down,2016
2016-03-03,GLD,Gold,0.06920339697032196,0.39094810696718013,0.12055361747479006,0.1935683738040974,1,0.006377839987214529,Fragile Late-Cycle Watch,Growth Down / Inflation Down,2016
2016-03-04,GLD,Gold,0.1033791191747648,0.38248010048430553,0.12094671439814252,0.2022686446857376,0,-0.009374458643067851,Fragile Late-Cycle Watch,Growth Down / Inflation Down,2016
2016-03-07,GLD,Gold,0.09630022097506298,0.3811979533304668,0.13067114262805668,0.2027231056445288,0,-0.026993533593709373,Fragile Late-Cycle Watch,Growth Down / Inflation Down,2016
2016-03-08,GLD,Gold,0.10149810520703938,0.38627993141942824,0.15938041011909948,0.21571948224852236,0,-0.021728335601229554,Fragile Late-Cycle Watch,Growth Down / Inflation Down,2016
2016-03-09,GLD,Gold,0.1074449436321757,0.3904825702699241,0.20682013128689053,0.23491588172966346,1,0.008446182399820312,Fragile Late-Cycle Watch,Growth Down / Inflation Down,2016
2016-03-10,GLD,Gold,0.09563216600390856,0.39133483819517134,0.1719591842347343,0.2196420628112714,0,-0.011275742770222474,Fragile Late-Cycle Watch,Growth Down / Inflation Down,2016
2016-03-11,GLD,Gold,0.15193382968554084,0.4089037739987605,0.20254147571546618,0.25445969313325584,1,0.0032660529075270173,Fragile Late-Cycle Watch,Growth Down / Inflation Down,2016
2016-03-14,GLD,Gold,0.20593609959598466,0.4014059393727909,0.21669723004594085,0.2746797563382388,1,0.009247444748381684,Fragile Late-Cycle Watch,Growth Down / Inflation Down,2016
2016-03-15,GLD,Gold,0.13644185549944202,0.3934350649466791,0.24086938760606302,0.2569154360173947,1,0.011444544630373699,Fragile Late-Cycle Watch,Growth Down / Inflation Down,2016
2016-03-16,GLD,Gold,0.11087750588902744,0.3915066038103054,0.285761699846393,0.26271526984857524,0,-0.03300436063027312,Fragile Late-Cycle Watch,Growth Down / Inflation Down,2016
2016-03-17,GLD,Gold,0.15241766643792568,0.3973076974245427,0.24989386979462058,0.266539744552363,0,-0.03163236085277743,Fragile Late-Cycle Watch,Growth Down / Inflation Down,2016
2016-03-18,GLD,Gold,0.20382485237905293,0.40065859851165103,0.25985555423342943,0.2881130017080445,0,-0.02671122283906957,Fragile Late-Cycle Watch,Growth Down / Inflation Down,2016
2016-03-21,GLD,Gold,0.2759685565504301,0.40067431666611414,0.2392895686119459,0.30531081394283005,0,-0.0016812117500116797,Fragile Late-Cycle Watch,Growth Down / Inflation Down,2016
2016-03-22,GLD,Gold,0.15229348005367124,0.4022560589768463,0.24800097028468096,0.26751683643839946,0,-0.01852316762798789,Fragile Late-Cycle Watch,Growth Down / Inflation Down,2016
2016-03-23,GLD,Gold,0.11649039773277994,0.39748014503794465,0.19495004039174793,0.23630686105415752,1,0.008832851161184596,Fragile Late-Cycle Watch,Growth Down / Inflation Down,2016
2016-03-24,GLD,Gold,0.16474692769452084,0.3999618774404334,0.2650119889188256,0.27657359801792664,1,0.005157727711484705,Fragile Late-Cycle Watch,Growth Down / Inflation Down,2016
2016-03-28,GLD,Gold,0.14594306595637832,0.39156653977845907,0.29095250046593835,0.27615403540025857,0,-0.0038593220765955616,Fragile Late-Cycle Watch,Growth Down / Inflation Down,2016
2016-03-29,GLD,Gold,0.21843230462269966,0.3959305560904631,0.34467242616342225,0.31967842895886167,0,-0.009262364889984442,Fragile Late-Cycle Watch,Growth Down / Inflation Down,2016
2016-03-30,GLD,Gold,0.17262427072550746,0.3917019843790516,0.2553326707028903,0.27321964193581644,0,-0.0013663196823200385,Fragile Late-Cycle Watch,Growth Down / Inflation Down,2016
2016-03-31,GLD,Gold,0.1947377012789094,0.40929932062066693,0.3304431138034955,0.3114933785676906,1,0.008245505149063082,Fragile Late-Cycle Watch,Growth Down / Inflation Down,2016
2016-04-01,GLD,Gold,0.1695732693632143,0.40099457988908044,0.23594378308008643,0.2688372107774604,1,0.012828187771189103,Fragile Late-Cycle Watch,Growth Down / Inflation Down,2016
2016-04-04,GLD,Gold,0.26521618292346905,0.4042294028303989,0.3101429217468516,0.3265295025002399,1,0.033405055552698126,Fragile Late-Cycle Watch,Growth Down / Inflation Down,2016
2016-04-05,GLD,Gold,0.3493563514544658,0.4087101351180881,0.32427129770388935,0.36077926142548106,1,0.02031275977614211,Fragile Late-Cycle Watch,Growth Down / Inflation Down,2016
2016-04-06,GLD,Gold,0.22088546287619457,0.4031300676180725,0.37256129170798513,0.3321922740674174,1,0.01564900088468102,Fragile Late-Cycle Watch,Growth Down / Inflation Down,2016
2016-04-07,GLD,Gold,0.20733887303912377,0.40759183895839013,0.3518822581974519,0.3222709900649886,0,-0.012646488426618308,Fragile Late-Cycle Watch,Growth Down / Inflation Down,2016
2016-04-08,GLD,Gold,0.22101720805982666,0.39852176594151834,0.3614590353552067,0.32699933645218393,0,-0.004306359325477294,Fragile Late-Cycle Watch,Growth Down / Inflation Down,2016
2016-04-11,GLD,Gold,0.10582645494249858,0.4042337189408205,0.354187362330642,0.28808251207132035,0,-0.019078571513926668,Fragile Late-Cycle Watch,Growth Down / Inflation Down,2016
2016-04-12,GLD,Gold,0.11522986557660513,0.41139277753412784,0.3685078416307838,0.2983768282471722,0,-0.003915045470681888,Fragile Late-Cycle Watch,Growth Down / Inflation Down,2016
2016-04-13,GLD,Gold,0.07530695535367736,0.3953114210027693,0.19717000413590116,0.2225961268307826,1,0.0016839655071960724,Fragile Late-Cycle Watch,Growth Down / Inflation Down,2016
2016-04-14,GLD,Gold,0.10649679281762178,0.40380962577757146,0.23676376063004625,0.2490233930750798,1,0.019725023879724635,Fragile Late-Cycle Watch,Growth Down / Inflation Down,2016
2016-04-15,GLD,Gold,0.11065425371313463,0.402752710974261,0.2689929982440097,0.2607999876438018,0,-0.00025439942132543525,Fragile Late-Cycle Watch,Growth Down / Inflation Down,2016
2016-04-18,GLD,Gold,0.16806248240961277,0.4053472489737949,0.29265337716381096,0.28868770284907286,1,0.004161758977871077,Fragile Late-Cycle Watch,Growth Down / Inflation Down,2016
2016-04-19,GLD,Gold,0.15001525165188628,0.40205589122884555,0.29661482380695103,0.28289532222922764,0,-0.007359130869188268,Fragile Late-Cycle Watch,Growth Down / Inflation Down,2016
2016-04-20,GLD,Gold,0.16474027598166935,0.3948093885071781,0.20619067572736358,0.25524678007207036,0,0.0005883810549380808,Fragile Late-Cycle Watch,Growth Down / Inflation Down,2016
2016-04-21,GLD,Gold,0.11207012318210224,0.38984542480197637,0.20329597240983885,0.2350705067979725,1,0.01565904182929656,Fragile Late-Cycle Watch,Growth Down / Inflation Down,2016
2016-04-22,GLD,Gold,0.11058035596535833,0.38836015148386416,0.16845644499141252,0.222465650813545,1,0.048859124319719394,Fragile Late-Cycle Watch,Growth Down / Inflation Down,2016
2016-04-25,GLD,Gold,0.18167675641539285,0.38865598801228296,0.15971067387391155,0.2433478061005291,1,0.04237498405299789,Fragile Late-Cycle Watch,Growth Down / Inflation Down,2016
2016-04-26,GLD,Gold,0.13353194537074184,0.38198822119693987,0.18310774889133913,0.23287597181967365,1,0.03588881420180656,Fragile Late-Cycle Watch,Growth Down / Inflation Down,2016
2016-04-27,GLD,Gold,0.14446080123350516,0.3897719335918034,0.2392752033190758,0.25783597938146147,1,0.026629688714424615,Fragile Late-Cycle Watch,Growth Down / Inflation Down,2016
2016-04-28,GLD,Gold,0.1230766517505652,0.38740448219752593,0.21089353065679278,0.24045822153496133,1,0.006430858054326416,Fragile Late-Cycle Watch,Growth Down / Inflation Down,2016
2016-04-29,GLD,Gold,0.132090568711316,0.3940630136934315,0.21654329897071406,0.24756562712515384,0,-0.003801061179969034,Fragile Late-Cycle Watch,Growth Down / Inflation Down,2016
2016-05-02,GLD,Gold,0.16575095482808083,0.3944624392804881,0.3123873069285256,0.29086690034569823,0,-0.021015874576317595,Fragile Late-Cycle Watch,Growth Down / Inflation Down,2016
2016-05-24,GLD,Gold,0.2696374871244139,0.4424071415736439,0.42598371092685056,0.3793427798749694,0,-0.011594207800245893,Fragile Late-Cycle Watch,Growth Down / Inflation Down,2016
2016-05-25,GLD,Gold,0.26620428289391007,0.40445827143259,0.37338317177599656,0.34801524203416556,0,-0.011198539497311755,Fragile Late-Cycle Watch,Growth Down / Inflation Down,2016
2016-05-26,GLD,Gold,0.27548354132962755,0.40437236002308025,0.33043034294160434,0.3367620814314374,1,0.019728901923473874,Fragile Late-Cycle Watch,Growth Down / Inflation Down,2016
2016-05-27,GLD,Gold,0.22001421079110978,0.4058979687977535,0.33775263613916334,0.3212216052426755,1,0.02854173450935016,Fragile Late-Cycle Watch,Growth Down / Inflation Down,2016
2016-05-31,GLD,Gold,0.427802141161045,0.41142812962530284,0.40556531501696874,0.4149318619344389,1,0.023780821939420216,Sideways Low-Volatility Regime,Growth Down / Inflation Down,2016
2016-06-01,GLD,Gold,0.4548272071708825,0.408547016658332,0.3683464260883474,0.41057354997252066,1,0.04002069425514643,Sideways Low-Volatility Regime,Growth Down / Inflation Down,2016
2016-06-02,GLD,Gold,0.37583716185751564,0.3914974728963799,0.35693457629295755,0.3747564036822844,1,0.04824070130013003,Sideways Low-Volatility Regime,Growth Down / Inflation Down,2016
2016-06-03,GLD,Gold,0.46434400776295987,0.39502957867920174,0.3814570228617087,0.4136102031012901,1,0.024057879175878982,Sideways Low-Volatility Regime,Growth Down / Inflation Down,2016
2016-06-06,GLD,Gold,0.38910977082261344,0.40680539180711534,0.3733591624257559,0.3897581083518282,1,0.031281544550801677,Sideways Low-Volatility Regime,Growth Down / Inflation Down,2016
2016-06-07,GLD,Gold,0.6066930081257702,0.43747728800658,0.46263094078180067,0.5022670789713836,1,0.033243536091460246,Sideways Low-Volatility Regime,Growth Down / Inflation Down,2016
2016-06-08,GLD,Gold,0.5616710453746692,0.4346753886377076,0.2921074764551976,0.42948463682252475,1,0.0257090597698324,Sideways Low-Volatility Regime,Growth Down / Inflation Down,2016
2016-06-09,GLD,Gold,0.39443498600680243,0.39812386559910606,0.24293977474293432,0.3451662087829476,1,0.009319564976643102,Sideways Low-Volatility Regime,Growth Down / Inflation Down,2016
2016-06-10,GLD,Gold,0.406441754745023,0.40453616392207437,0.2936891409678695,0.3682223532116556,1,0.01815343455932794,Sideways Low-Volatility Regime,Growth Down / Inflation Down,2016
2016-06-13,GLD,Gold,0.3943797739484017,0.39897944572540545,0.28468415138511,0.3593477903529723,1,0.004647747045507078,Sideways Low-Volatility Regime,Growth Down / Inflation Down,2016
2016-06-14,GLD,Gold,0.41204421777397215,0.40643708504429577,0.28624277871320963,0.36824136051049255,0,-0.015720455794968724,Sideways Low-Volatility Regime,Growth Down / Inflation Down,2016
2016-06-15,GLD,Gold,0.3849182375390985,0.4003369972530774,0.2619735806669136,0.3490762718196965,0,-0.02247735100612336,Sideways Low-Volatility Regime,Growth Down / Inflation Down,2016
2016-06-16,GLD,Gold,0.34134533517366444,0.38968656713548067,0.3227546045824102,0.35126216896385176,0,-0.018548755466678224,Sideways Low-Volatility Regime,Growth Down / Inflation Down,2016
2016-06-17,GLD,Gold,0.39076777364421655,0.4009481588166782,0.44170198717165887,0.41113930654418457,1,0.016538952014769626,Sideways Low-Volatility Regime,Growth Down / Inflation Down,2016
2016-06-20,GLD,Gold,0.434450624405148,0.3855832111857614,0.31069455805974205,0.3769094645502171,1,0.028163308550340105,Sideways Low-Volatility Regime,Growth Down / Inflation Down,2016
2016-06-21,GLD,Gold,0.46899305707346606,0.4015933639554441,0.24879283866849264,0.37312641989913425,1,0.03707384552054016,Sideways Low-Volatility Regime,Growth Down / Inflation Down,2016
2016-06-22,GLD,Gold,0.6318110589178955,0.421396042696416,0.2162674884842845,0.423158196699532,1,0.040860171626667,Sideways Low-Volatility Regime,Growth Down / Inflation Down,2016
2016-06-23,GLD,Gold,0.5632076027894972,0.42619183288090545,0.2246629015796896,0.40468744575003074,1,0.052951465973129164,Sideways Low-Volatility Regime,Growth Down / Inflation Down,2016
2016-06-24,GLD,Gold,0.34682068366343316,0.39075249387161565,0.23831292399325693,0.3252953671761019,1,0.019127013191344355,Sideways Low-Volatility Regime,Growth Down / Inflation Down,2016
2016-06-27,GLD,Gold,0.19341458304770526,0.44362834902190706,0.22470661444380283,0.287249848837805,1,0.022024004647980266,Sideways Low-Volatility Regime,Growth Down / Inflation Down,2016
2016-06-28,GLD,Gold,0.13532792809631775,0.4451001476732928,0.3078798542731518,0.29610264334758746,1,0.0391796684062522,Sideways Low-Volatility Regime,Growth Down / Inflation Down,2016
2016-06-29,GLD,Gold,0.26280795133260804,0.44201628456004594,0.3425652719259425,0.3491298359395321,1,0.030991809192377984,Sideways Low-Volatility Regime,Growth Down / Inflation Down,2016
2016-06-30,GLD,Gold,0.28338443572590294,0.4107549254460874,0.2624395962536305,0.318859652475207,1,0.03202342858121865,Sideways Low-Volatility Regime,Growth Down / Inflation Down,2016
2016-07-01,GLD,Gold,0.17093926593895578,0.3968794351817081,0.2562836026302553,0.27470076791697307,1,0.006852967829040768,Sideways Low-Volatility Regime,Growth Down / Inflation Down,2016
2016-07-05,GLD,Gold,0.30632784883256725,0.4085813261231908,0.21715944175711022,0.31068953890428946,0,-0.017919206557118872,Sideways Low-Volatility Regime,Growth Down / Inflation Down,2016
2016-07-06,GLD,Gold,0.23131866165527817,0.4086749056779476,0.21458119566123582,0.2848582543314872,0,-0.014666270951250726,Sideways Low-Volatility Regime,Growth Down / Inflation Down,2016
2016-07-07,GLD,Gold,0.32769949294773704,0.4152184976779197,0.17198004836740866,0.30496601299768844,0,-0.018575640204026023,Sideways Low-Volatility Regime,Growth Down / Inflation Down,2016
2016-07-08,GLD,Gold,0.403680327046768,0.3953931686700198,0.35345260769292264,0.38417536780323686,0,-0.028194972526113915,Sideways Low-Volatility Regime,Growth Down / Inflation Down,2016
2016-07-11,GLD,Gold,0.6079347938748353,0.39935467862642915,0.3247450182267998,0.4440114969093547,0,-0.01740267992454758,Sideways Low-Volatility Regime,Growth Down / Inflation Down,2016
2016-07-12,GLD,Gold,0.4236202868322553,0.39329889973636617,0.2085684941424834,0.3418292269037016,0,0.00047186439538915437,Sideways Low-Volatility Regime,Growth Down / Inflation Down,2016
2016-07-13,GLD,Gold,0.3295288964241031,0.38082743265547014,0.19357414508304668,0.30131015805420663,0,-0.022833601678086235,Sideways Low-Volatility Regime,Growth Down / Inflation Down,2016
2016-07-14,GLD,Gold,0.4623606720571066,0.38791551196880825,0.18364462719814853,0.34464027040802114,0,-0.00023559867168365667,Sideways Low-Volatility Regime,Growth Down / Inflation Down,2016
2016-07-15,GLD,Gold,0.3097934352039653,0.385660872651189,0.17362463886712431,0.2896929822407595,0,-0.0038631179274415395,Sideways Low-Volatility Regime,Growth Down / Inflation Down,2016
2016-07-18,GLD,Gold,0.29953275240509253,0.3840948123185187,0.15247023602309842,0.27869926691556984,0,-0.012358309851305482,Sideways Low-Volatility Regime,Growth Down / Inflation Down,2016
2016-07-19,GLD,Gold,0.30027427164372533,0.3771417786881063,0.1764786053489781,0.28463155189360323,0,-0.009511823702389677,Sideways Low-Volatility Regime,Growth Down / Inflation Down,2016
2016-07-20,GLD,Gold,0.3645609554324632,0.3783381022738492,0.17132570914811102,0.30474158895147446,1,0.021054305785939587,Sideways Low-Volatility Regime,Growth Down / Inflation Down,2016
2016-07-21,GLD,Gold,0.2551246495906916,0.3761825743068536,0.195354624831699,0.2755539495764147,1,0.0028279701627751397,Sideways Low-Volatility Regime,Growth Down / Inflation Down,2016
2016-07-22,GLD,Gold,0.29775880808520055,0.3771155590956219,0.17401973424903439,0.2829647004766189,1,0.020815174397937453,Sideways Low-Volatility Regime,Growth Down / Inflation Down,2016
2016-07-25,GLD,Gold,0.22230199385014046,0.3982981615190217,0.22234686972155598,0.280982341696906,1,0.02988762224847452,Sideways Low-Volatility Regime,Growth Down / Inflation Down,2016
2016-07-26,GLD,Gold,0.24276126196861572,0.39580450074292456,0.21203124305911028,0.28353233525688354,1,0.03388892279730893,Sideways Low-Volatility Regime,Growth Down / Inflation Down,2016
2016-07-27,GLD,Gold,0.2560440174481417,0.4014134529699579,0.2558108354650194,0.30442276862770634,1,0.012653246369080273,Sideways Low-Volatility Regime,Growth Down / Inflation Down,2016
2016-07-28,GLD,Gold,0.20108008052903062,0.3987645759278708,0.2386896869385038,0.2795114477984684,1,0.017311541529698937,Sideways Low-Volatility Regime,Growth Down / Inflation Down,2016
2016-07-29,GLD,Gold,0.20363860168858167,0.39419500608858193,0.24455381199828113,0.28079580659181486,0,-0.011086933812604616,Sideways Low-Volatility Regime,Growth Down / Inflation Down,2016
2016-08-01,GLD,Gold,0.3437747126428989,0.4109777604022679,0.32192841539017086,0.3588936294784459,0,-0.013774947860097142,Sideways Low-Volatility Regime,Growth Down / Inflation Down,2016
2016-08-02,GLD,Gold,0.3023127921933098,0.38610234023836143,0.20705464043362026,0.29848992428843046,0,-0.017732441177762515,Sideways Low-Volatility Regime,Growth Down / Inflation Down,2016
2016-08-03,GLD,Gold,0.35957263678408474,0.38260094195862954,0.1856322982768533,0.3092686256731892,0,-0.00840722243890657,Sideways Low-Volatility Regime,Growth Down / Inflation Down,2016
2016-08-04,GLD,Gold,0.31025809940154725,0.3815238829755145,0.1876003217042471,0.2931274346937696,0,-0.016939994078362997,Sideways Low-Volatility Regime,Growth Down / Inflation Down,2016
2016-08-05,GLD,Gold,0.260185152419229,0.38105838633631395,0.1935741277797983,0.27827255551178043,0,-0.0011760213429241606,Sideways Low-Volatility Regime,Growth Down / Inflation Down,2016
2016-08-08,GLD,Gold,0.27208980868915117,0.38834801527647683,0.2246306317230465,0.29502281856289153,1,0.003138683998913816,Sideways Low-Volatility Regime,Growth Down / Inflation Down,2016
2016-08-09,GLD,Gold,0.20628247686588752,0.39820588593883843,0.30157576840878453,0.30202137707117016,1,0.003985637229442229,Sideways Low-Volatility Regime,Growth Down / Inflation Down,2016
2016-08-10,GLD,Gold,0.15977018318823527,0.38736273811786803,0.2083289464633802,0.25182062258982785,0,-0.00046668917029502044,Sideways Low-Volatility Regime,Growth Down / Inflation Down,2016
2016-08-11,GLD,Gold,0.22512035854681894,0.39223474146311404,0.21362252681488297,0.27699254227493864,1,0.011279098159778345,Sideways Low-Volatility Regime,Growth Down / Inflation Down,2016
2016-08-12,GLD,Gold,0.2066285694949265,0.3871686647301964,0.22363846087873174,0.2724785650346182,1,0.004474094882239266,Sideways Low-Volatility Regime,Growth Down / Inflation Down,2016
2016-08-15,GLD,Gold,0.19116011828740997,0.39319848319111533,0.2581359834932549,0.2808315283239267,0,-0.00046931758692458914,Sideways Low-Volatility Regime,Growth Down / Inflation Down,2016
2016-08-16,GLD,Gold,0.19018546192695432,0.39272925579293677,0.19189553789392846,0.25827008520460654,0,-0.005526574902516956,Sideways Low-Volatility Regime,Growth Down / Inflation Down,2016
2016-08-17,GLD,Gold,0.1945343293348529,0.40338485393432877,0.20831514405569826,0.26874477577496,0,-0.016809367020306443,Sideways Low-Volatility Regime,Growth Down / Inflation Down,2016
2016-08-18,GLD,Gold,0.20048894863867564,0.3954854310002153,0.20626553099434256,0.2674133035444112,0,-0.022306538918775765,Sideways Low-Volatility Regime,Growth Down / Inflation Down,2016
2016-08-19,GLD,Gold,0.2724522404617023,0.39677322501757706,0.2519812234413032,0.30706889630686085,0,-0.015003501997581381,Sideways Low-Volatility Regime,Growth Down / Inflation Down,2016
2016-08-22,GLD,Gold,0.2286455027653554,0.39401365876102296,0.23726183616341442,0.28664033256326427,0,-0.011582373937061408,Sideways Low-Volatility Regime,Growth Down / Inflation Down,2016
2016-08-23,GLD,Gold,0.2441347271112178,0.39198327875799405,0.1737177712611325,0.2699452590434481,0,-0.02136821627493868,Sideways Low-Volatility Regime,Growth Down / Inflation Down,2016
2016-08-24,GLD,Gold,0.19639272354187728,0.38626515892941315,0.13868634000309615,0.24044807415812888,0,-0.012347614404084717,Sideways Low-Volatility Regime,Growth Down / Inflation Down,2016
2016-08-25,GLD,Gold,0.3155941762593116,0.39913960824738204,0.1547811805064337,0.28983832167104245,0,-0.007446743376440024,Sideways Low-Volatility Regime,Growth Down / Inflation Down,2016
2016-08-26,GLD,Gold,0.2787583796893826,0.3986335559613493,0.21485265750948718,0.29741486438673964,1,0.004125320352851514,Sideways Low-Volatility Regime,Growth Down / Inflation Down,2016
2016-08-29,GLD,Gold,0.3169784515431346,0.406307553428568,0.23115342362420768,0.31814647619863673,1,0.019081580394909148,Sideways Low-Volatility Regime,Growth Down / Inflation Down,2016
2016-08-30,GLD,Gold,0.28732448575547687,0.404125314204675,0.27959382126730004,0.3236812070758173,1,0.025913824880405834,Sideways Low-Volatility Regime,Growth Down / Inflation Down,2016
2016-08-31,GLD,Gold,0.29182677145194397,0.3933655328851809,0.2921864357156856,0.3257929133509368,1,0.02251961521144019,Sideways Low-Volatility Regime,Growth Down / Inflation Down,2016
2016-09-01,GLD,Gold,0.3124354201051432,0.39967005971949715,0.2524201790422856,0.321508552955642,1,0.011652957728502278,Sideways Low-Volatility Regime,Growth Down / Inflation Down,2016
2016-09-02,GLD,Gold,0.17350979908003814,0.39439908270517215,0.13860082291165285,0.2355032348989544,0,0.00015798880551964878,Sideways Low-Volatility Regime,Growth Down / Inflation Down,2016
2016-09-06,GLD,Gold,0.20909312083153073,0.38483272994590273,0.12169769709265435,0.23854118262336257,0,-0.022997487059786437,Sideways Low-Volatility Regime,Growth Down / Inflation Down,2016
2016-09-07,GLD,Gold,0.1795058942407882,0.38425368153623674,0.10851514476055914,0.22409157351252804,0,-0.016293785746243072,Sideways Low-Volatility Regime,Growth Down / Inflation Down,2016
2016-09-08,GLD,Gold,0.2370587436716818,0.38771487511811353,0.12116915721584649,0.2486475920018806,0,-0.017399432988692065,Sideways Low-Volatility Regime,Growth Down / Inflation Down,2016
2016-09-09,GLD,Gold,0.21639923121378865,0.3878682231207873,0.1362322851540801,0.2468332464962187,0,-0.013333352594921077,Sideways Low-Volatility Regime,Growth Down / Inflation Down,2016
2016-09-12,GLD,Gold,0.16653595698796017,0.4045578301873897,0.20331971106140817,0.25813783274558605,0,-0.010032361796397882,Sideways Low-Volatility Regime,Growth Down / Inflation Down,2016
2016-09-13,GLD,Gold,0.2160380786766102,0.3911341743469538,0.19158454936887004,0.2662522674641447,0,-0.0024651893327535257,Sideways Low-Volatility Regime,Growth Down / Inflation Down,2016
2016-09-14,GLD,Gold,0.21120884124242228,0.40408048318195844,0.26057854460699603,0.29195595634379223,1,0.008638423959854036,Sideways Low-Volatility Regime,Growth Down / Inflation Down,2016
2016-09-15,GLD,Gold,0.2512711906563954,0.4029061515736484,0.24478359316525483,0.29965364513176623,1,0.01754803302261365,Sideways Low-Volatility Regime,Growth Down / Inflation Down,2016
2016-09-16,GLD,Gold,0.27302757544997036,0.40237964190196995,0.27620741776165225,0.31720487837119754,1,0.02071009129895174,Sideways Low-Volatility Regime,Growth Down / Inflation Down,2016
2016-09-19,GLD,Gold,0.27676035577141644,0.3931222610391862,0.23289861880835383,0.30092707853965217,1,0.017794473047909598,Sideways Low-Volatility Regime,Growth Down / Inflation Down,2016
2016-09-20,GLD,Gold,0.22334782527116107,0.3932611009362607,0.15079902002436127,0.2558026487439277,1,0.009406890004860724,Sideways Low-Volatility Regime,Growth Down / Inflation Down,2016
2016-09-21,GLD,Gold,0.2584752673657854,0.38582590106014125,0.10156326176696978,0.2486214767309655,0,-0.008250141039195857,Sideways Low-Volatility Regime,Growth Down / Inflation Down,2016
2016-09-22,GLD,Gold,0.23831206428482496,0.38511325533352553,0.09476981156789185,0.23939837706208078,0,-0.011758250400472958,Sideways Low-Volatility Regime,Growth Down / Inflation Down,2016
2016-09-23,GLD,Gold,0.23659286354382397,0.38457465955354986,0.12812397227106867,0.24976383178948083,0,-0.015746197510408733,Sideways Low-Volatility Regime,Growth Down / Inflation Down,2016
2016-09-26,GLD,Gold,0.20514813497118428,0.3832396352884813,0.10281542772369279,0.2304010659944528,0,-0.017483365766982284,Sideways Low-Volatility Regime,Growth Down / Inflation Down,2016
2016-09-27,GLD,Gold,0.16564959198656407,0.38567296446391575,0.0639089392122639,0.20507716522091457,0,-0.04462171381552449,Sideways Low-Volatility Regime,Growth Down / Inflation Down,2016
2016-09-28,GLD,Gold,0.23513355032687797,0.3889823596156687,0.0918215913594114,0.23864583376731932,0,-0.04309936926631841,Sideways Low-Volatility Regime,Growth Down / Inflation Down,2016
2016-09-29,GLD,Gold,0.21657945085426963,0.3805743557895044,0.12781569852641822,0.24165650172339745,0,-0.05084473743342133,Sideways Low-Volatility Regime,Growth Down / Inflation Down,2016
2016-09-30,GLD,Gold,0.3060500594952697,0.39199016301350953,0.1561367993614376,0.2847256739567389,0,-0.04695957938985007,Liquidity Bubble Or Valuation Stretch,Growth Down / Inflation Down,2016
2016-10-03,GLD,Gold,0.2557713297525182,0.38675325157926016,0.16275375102560263,0.26842611078579365,0,-0.04117456148484144,Liquidity Bubble Or Valuation Stretch,Growth Down / Inflation Down,2016
2016-10-04,GLD,Gold,0.3422871802001251,0.401744608632195,0.20182129038388263,0.31528435973873425,0,-0.011738432294090884,Liquidity Bubble Or Valuation Stretch,Growth Down / Inflation Down,2016
2016-11-10,GLD,Gold,0.16347109439200935,0.4522846863623994,0.3841552063762232,0.3333036623768773,0,-0.029895631157032865,Liquidity Bubble Or Valuation Stretch,Growth Down / Inflation Up,2016
2016-11-11,GLD,Gold,0.1725490470657948,0.45831348269059985,0.38360209239436927,0.3381548740502547,0,-0.016652407973114847,Liquidity Bubble Or Valuation Stretch,Growth Down / Inflation Up,2016
2016-11-14,GLD,Gold,0.16763918631520294,0.4115323079998503,0.3662873439634756,0.31515294609284294,0,-0.004564626444844122,Liquidity Bubble Or Valuation Stretch,Growth Down / Inflation Up,2016
2016-11-15,GLD,Gold,0.27170937316576144,0.4477855205727155,0.40405007780088253,0.3745149905131198,0,-0.01349045247611047,Liquidity Bubble Or Valuation Stretch,Growth Down / Inflation Up,2016
2016-11-16,GLD,Gold,0.2385912814292762,0.41037325897662624,0.3691377345382702,0.3393674249813909,0,-0.030144701072708502,Liquidity Bubble Or Valuation Stretch,Growth Down / Inflation Up,2016
2016-11-17,GLD,Gold,0.331681749988121,0.40187163551539223,0.4461022239925987,0.393218536498704,0,-0.030644724237805954,Liquidity Bubble Or Valuation Stretch,Growth Down / Inflation Up,2016
2016-11-18,GLD,Gold,0.32511065879733164,0.404794712959162,0.4480774654530524,0.39266094573651533,0,-0.011723825064975713,Liquidity Bubble Or Valuation Stretch,Growth Down / Inflation Up,2016
2016-11-21,GLD,Gold,0.27746715647355324,0.40968705985957965,0.4186661006894129,0.3686067723408486,0,-0.019986201344457943,Liquidity Bubble Or Valuation Stretch,Growth Down / Inflation Up,2016
2016-11-22,GLD,Gold,0.42231696354085907,0.409292919072097,0.5015878293002994,0.44439923730441855,0,-0.03280250030721621,Liquidity Bubble Or Valuation Stretch,Growth Down / Inflation Up,2016
2016-11-23,GLD,Gold,0.39984445431899873,0.40747559490100616,0.6060310720048748,0.4711170404082932,0,-0.015099329664217676,Liquidity Bubble Or Valuation Stretch,Growth Down / Inflation Up,2016
2016-11-25,GLD,Gold,0.37809897118676666,0.40564912257723146,0.5444288764356693,0.44272565673322245,0,-0.00417370764724001,Liquidity Bubble Or Valuation Stretch,Growth Down / Inflation Up,2016
2016-11-28,GLD,Gold,0.4485620294828527,0.40177339155276015,0.6370974951736654,0.49581097206975944,0,-0.019859420699686492,Liquidity Bubble Or Valuation Stretch,Growth Down / Inflation Up,2016
2016-11-29,GLD,Gold,0.4821502847637512,0.4034714146519805,0.608001331660999,0.49787434369224365,0,-0.016244340005489466,Liquidity Bubble Or Valuation Stretch,Growth Down / Inflation Up,2016
2016-11-30,GLD,Gold,0.36968658554603934,0.3910300632462299,0.4925225665049064,0.4177464050990585,0,0.0007159000541805405,Liquidity Bubble Or Valuation Stretch,Growth Down / Inflation Up,2016
2016-12-01,GLD,Gold,0.43198038120346427,0.39230888589208723,0.5996383510014985,0.4746425393656833,0,0.00026895086113176703,Liquidity Bubble Or Valuation Stretch,Growth Down / Inflation Up,2016
2016-12-02,GLD,Gold,0.34823418492689096,0.40685621086279544,0.6807619195362735,0.4786174384419866,0,-0.015516299921882748,Liquidity Bubble Or Valuation Stretch,Growth Down / Inflation Up,2016
2016-12-05,GLD,Gold,0.36558029835204964,0.39908276470837273,0.6173452156552897,0.46066942623857066,0,-0.006455094269260497,Liquidity Bubble Or Valuation Stretch,Growth Down / Inflation Up,2016
2016-12-06,GLD,Gold,0.455069249029541,0.39708930553694444,0.5542416233491808,0.4688000593052221,0,-0.008794789143405146,Liquidity Bubble Or Valuation Stretch,Growth Down / Inflation Up,2016
2016-12-07,GLD,Gold,0.4030403709026837,0.39865780242115356,0.5493519823154487,0.450350051879762,0,-0.026826432539384215,Liquidity Bubble Or Valuation Stretch,Growth Down / Inflation Up,2016
2016-12-08,GLD,Gold,0.5222597895246028,0.3920881837340313,0.42847584372388847,0.4476079389941742,0,-0.03791344777721484,Liquidity Bubble Or Valuation Stretch,Growth Down / Inflation Up,2016
2016-12-09,GLD,Gold,0.32859001393478177,0.39199685823122166,0.42080504478338493,0.38046397231646273,0,-0.021286217768486493,Liquidity Bubble Or Valuation Stretch,Growth Down / Inflation Up,2016
2016-12-12,GLD,Gold,0.35893487279132485,0.4085682540555062,0.5166132092682831,0.4280387787050381,0,-0.020122751877590384,Liquidity Bubble Or Valuation Stretch,Growth Down / Inflation Up,2016
2016-12-13,GLD,Gold,0.3023695115645357,0.40610447627722107,0.4793506213387417,0.3959415363934995,0,-0.024083260355012404,Liquidity Bubble Or Valuation Stretch,Growth Down / Inflation Up,2016
2016-12-14,GLD,Gold,0.356296364104998,0.4557906413826924,0.5902027492698695,0.4674299182525199,0,-0.009004900674861038,Liquidity Bubble Or Valuation Stretch,Growth Down / Inflation Up,2016
2016-12-15,GLD,Gold,0.33421563622387207,0.4011713527279612,0.42927135776394937,0.38821944890526083,1,0.002329047964684472,Liquidity Bubble Or Valuation Stretch,Growth Down / Inflation Up,2016
2016-12-16,GLD,Gold,0.4523983895812994,0.440196916322957,0.5330209059881275,0.47520540396412797,0,-0.0011106223340368038,Liquidity Bubble Or Valuation Stretch,Growth Down / Inflation Up,2016
2016-12-19,GLD,Gold,0.4076142103468431,0.40982927321347623,0.4978353526320873,0.4384262787308022,0,-0.00027625730093527867,Liquidity Bubble Or Valuation Stretch,Growth Down / Inflation Up,2016
2016-12-20,GLD,Gold,0.3305104927692386,0.4048615784560454,0.5729205534970867,0.43609754157412356,1,0.009926706426719,Liquidity Bubble Or Valuation Stretch,Growth Down / Inflation Up,2016
2016-12-21,GLD,Gold,0.4577255161689969,0.4117510625447285,0.5141543757426797,0.46121031815213503,1,0.022624037792561724,Liquidity Bubble Or Valuation Stretch,Growth Down / Inflation Up,2016
2016-12-22,GLD,Gold,0.4255403531861362,0.4034360149102887,0.40795967444975395,0.4123120141820596,1,0.018775019436909623,Liquidity Bubble Or Valuation Stretch,Growth Down / Inflation Up,2016
2016-12-23,GLD,Gold,0.3862258035150787,0.40569208393325423,0.3432795633590763,0.3783991502691364,1,0.023533780305247776,Liquidity Bubble Or Valuation Stretch,Growth Down / Inflation Up,2016
2016-12-27,GLD,Gold,0.4285246884990115,0.40164202493325496,0.32983853713095085,0.3866684168544057,1,0.02118646926568335,Liquidity Bubble Or Valuation Stretch,Growth Down / Inflation Up,2016
2016-12-28,GLD,Gold,0.22674251860046263,0.4016657591551526,0.4131630410378786,0.3471904395978313,1,0.03417234245678835,Liquidity Bubble Or Valuation Stretch,Growth Down / Inflation Up,2016
2016-12-29,GLD,Gold,0.2691778662692824,0.4056839501493325,0.35897751645119386,0.3446131109566029,1,0.013237819134582107,Liquidity Bubble Or Valuation Stretch,Growth Down / Inflation Up,2016
2016-12-30,GLD,Gold,0.20821256853052636,0.40024817571699983,0.27924579293589813,0.2959021790611414,1,0.027917138413962928,Liquidity Bubble Or Valuation Stretch,Growth Down / Inflation Up,2016
2017-01-03,GLD,Gold,0.15152849831519513,0.3334258825168629,0.14586496235082191,0.2102731143942933,1,0.024259982579537764,Liquidity Bubble Or Valuation Stretch,Growth Up / Inflation Up,2017
2017-01-04,GLD,Gold,0.28991919738010086,0.3371678671012375,0.1501981869758236,0.259095083819054,1,0.02381381359474699,Liquidity Bubble Or Valuation Stretch,Growth Up / Inflation Up,2017
2017-01-05,GLD,Gold,0.18231715711997723,0.336591086993122,0.13404216947715436,0.21765013786341783,1,0.011813837354973433,Liquidity Bubble Or Valuation Stretch,Growth Up / Inflation Up,2017
2017-01-06,GLD,Gold,0.23291317664162486,0.3358117655960789,0.12371723603138204,0.2308140594230286,1,0.02201341462615347,Liquidity Bubble Or Valuation Stretch,Growth Up / Inflation Up,2017
2017-01-09,GLD,Gold,0.21763587298172485,0.3428032415017991,0.15249656625675106,0.23764522691342496,1,0.028224020208178713,Liquidity Bubble Or Valuation Stretch,Growth Up / Inflation Up,2017
2017-01-10,GLD,Gold,0.20918690473750776,0.3357538923774084,0.11224621694067166,0.21906233801852926,1,0.015201071122475707,Liquidity Bubble Or Valuation Stretch,Growth Up / Inflation Up,2017
2017-01-11,GLD,Gold,0.2277611255021007,0.3360375130712739,0.13246316251271706,0.23208726702869723,1,0.011189397736267814,Liquidity Bubble Or Valuation Stretch,Growth Up / Inflation Up,2017
2017-01-12,GLD,Gold,0.2306676177979154,0.3408304411596679,0.1583692694453199,0.2432891094676344,1,0.010007895294517066,Liquidity Bubble Or Valuation Stretch,Growth Up / Inflation Up,2017
2017-01-13,GLD,Gold,0.17678048203779892,0.33986771968655966,0.13142878037762262,0.2160256607006604,1,0.013834181277648794,Liquidity Bubble Or Valuation Stretch,Growth Up / Inflation Up,2017
2017-01-17,GLD,Gold,0.2603555136456495,0.3492233797203132,0.18145480512800125,0.263677899497988,0,-0.005006489759982635,Liquidity Bubble Or Valuation Stretch,Growth Up / Inflation Up,2017
2017-01-18,GLD,Gold,0.16676294274956163,0.35356366044293275,0.11510992660757145,0.21181217660002194,0,-0.004788047693976227,Liquidity Bubble Or Valuation Stretch,Growth Up / Inflation Up,2017
2017-01-19,GLD,Gold,0.16188590769668407,0.3429595538899543,0.1264768679763912,0.21044077652100987,0,-0.013156700801621568,Liquidity Bubble Or Valuation Stretch,Growth Up / Inflation Up,2017
2017-01-20,GLD,Gold,0.16335114320598337,0.3425816425849558,0.138356453231671,0.2147630796742034,0,-0.013559366767565195,Liquidity Bubble Or Valuation Stretch,Growth Up / Inflation Up,2017
2017-01-23,GLD,Gold,0.18978221476839122,0.3445310344675081,0.1501066639197115,0.22813997105187026,0,-0.01571810761234871,Liquidity Bubble Or Valuation Stretch,Growth Up / Inflation Up,2017
2017-01-24,GLD,Gold,0.2229205509584763,0.34814657098589696,0.17065313209654698,0.24724008468030675,1,0.002429135220316292,Liquidity Bubble Or Valuation Stretch,Growth Up / Inflation Up,2017
2017-01-25,GLD,Gold,0.22728462987454556,0.3490723682975962,0.1655112032093438,0.24728940046049516,1,0.007697666687955795,Liquidity Bubble Or Valuation Stretch,Growth Up / Inflation Up,2017
2017-01-26,GLD,Gold,0.16574026869890265,0.3438454630844277,0.18414558205779288,0.2312437712803744,1,0.022779393898976874,Liquidity Bubble Or Valuation Stretch,Growth Up / Inflation Up,2017
2017-01-27,GLD,Gold,0.1785268623075911,0.3399708035671369,0.25276816860130524,0.25708861149201107,1,0.02326195646613205,Liquidity Bubble Or Valuation Stretch,Growth Up / Inflation Up,2017
2017-01-30,GLD,Gold,0.13955227714971558,0.34474192527605774,0.2661431348731305,0.2501457790996346,1,0.032727873015601094,Liquidity Bubble Or Valuation Stretch,Growth Up / Inflation Up,2017
2017-01-31,GLD,Gold,0.19257530083690946,0.3499990063339968,0.33285622794114217,0.2918101783706828,1,0.016529606077632986,Liquidity Bubble Or Valuation Stretch,Growth Up / Inflation Up,2017
2017-02-01,GLD,Gold,0.13715610631499175,0.35403465350271573,0.27974643276662997,0.25697906419477917,1,0.025954909482397204,Liquidity Bubble Or Valuation Stretch,Growth Up / Inflation Up,2017
2017-02-02,GLD,Gold,0.0667408112684092,0.34442730930313,0.20954305325308434,0.20690372460820783,1,0.012517305105977705,Liquidity Bubble Or Valuation Stretch,Growth Up / Inflation Up,2017
2017-02-03,GLD,Gold,0.07746573330401565,0.3440771079510423,0.21336338399806373,0.21163540841770723,1,0.012658238659003063,Liquidity Bubble Or Valuation Stretch,Growth Up / Inflation Up,2017
2017-02-06,GLD,Gold,0.09436282610640985,0.3442431529775567,0.16994918907074308,0.20285172271823657,0,-0.00764650739014161,Liquidity Bubble Or Valuation Stretch,Growth Up / Inflation Up,2017
2017-02-07,GLD,Gold,0.06963188803326281,0.35065912120422793,0.19188999870508114,0.2040603359808573,0,-0.0045121639998968455,Liquidity Bubble Or Valuation Stretch,Growth Up / Inflation Up,2017
2017-02-08,GLD,Gold,0.0829388668606046,0.3564780139807292,0.18107513403847683,0.20683067162660354,0,-0.006261151348490146,Liquidity Bubble Or Valuation Stretch,Growth Up / Inflation Up,2017
2017-02-09,GLD,Gold,0.1601616491707127,0.3697994809146348,0.25519817241986303,0.26171976750173687,1,0.006735449819770256,Liquidity Bubble Or Valuation Stretch,Growth Up / Inflation Up,2017
2017-02-10,GLD,Gold,0.16934815470080514,0.3622863950172917,0.2444899216903673,0.25870815713615475,0,0.0006802876878633235,Liquidity Bubble Or Valuation Stretch,Growth Up / Inflation Up,2017
2017-02-13,GLD,Gold,0.15811225106697566,0.37020734447875187,0.21590446883715003,0.24807468812762581,1,0.008133535303258554,Liquidity Bubble Or Valuation Stretch,Growth Up / Inflation Up,2017
2017-02-14,GLD,Gold,0.17354425393944606,0.35422255882833803,0.21910756824055055,0.24895812700277822,1,0.00838111138609321,Liquidity Bubble Or Valuation Stretch,Growth Up / Inflation Up,2017
2017-02-15,GLD,Gold,0.16325759109400498,0.35814030169542094,0.22629994355441607,0.249232612114614,1,0.01268629656772724,Liquidity Bubble Or Valuation Stretch,Growth Up / Inflation Up,2017
2017-02-16,GLD,Gold,0.18135666904065822,0.3475106549040215,0.2420912661678228,0.2569861967041675,1,0.013719470630643604,Liquidity Bubble Or Valuation Stretch,Growth Up / Inflation Up,2017
2017-02-17,GLD,Gold,0.14329160311112465,0.35068896678817635,0.24881951175069897,0.24760002721666666,1,0.0122365944737588,Liquidity Bubble Or Valuation Stretch,Growth Up / Inflation Up,2017
2017-02-21,GLD,Gold,0.19987401361345222,0.3600558800651843,0.21372517318926557,0.2578850222893007,1,0.012569030632132439,Liquidity Bubble Or Valuation Stretch,Growth Up / Inflation Up,2017
2017-02-22,GLD,Gold,0.18263863715778872,0.35868046878664467,0.2771138820279941,0.27281099599080916,1,0.009753149527328198,Liquidity Bubble Or Valuation Stretch,Growth Up / Inflation Up,2017
2017-02-23,GLD,Gold,0.16320824632477854,0.3688625928916517,0.3035617024825344,0.2785441805663215,0,-0.011434341537209458,Liquidity Bubble Or Valuation Stretch,Growth Up / Inflation Up,2017
2017-02-24,GLD,Gold,0.12381066108541978,0.36661067962079874,0.23888206702827763,0.24310113591149873,0,-0.018295696473231038,Liquidity Bubble Or Valuation Stretch,Growth Up / Inflation Up,2017
2017-02-27,GLD,Gold,0.13957560530393504,0.38628884669968316,0.25597856464737606,0.26061433888366475,0,-0.020147762512940037,Liquidity Bubble Or Valuation Stretch,Growth Up / Inflation Up,2017
2017-02-28,GLD,Gold,0.1650670478749437,0.37815730571606393,0.3560235587403723,0.29974930411045997,0,-0.028935708131355042,Liquidity Bubble Or Valuation Stretch,Growth Up / Inflation Up,2017
2017-03-01,GLD,Gold,0.16120688707866881,0.3810336715303284,0.37302401762233534,0.30508819207711085,0,-0.033596506652299074,Liquidity Bubble Or Valuation Stretch,Growth Up / Inflation Up,2017
2017-03-02,GLD,Gold,0.2634624184713484,0.3883754846476994,0.2804804661583632,0.31077278975913697,0,-0.026450081322674124,Liquidity Bubble Or Valuation Stretch,Growth Up / Inflation Up,2017
2017-03-03,GLD,Gold,0.25188727445621106,0.3779875731806323,0.34061143735674765,0.32349542833119704,0,-0.023742667558569797,Liquidity Bubble Or Valuation Stretch,Growth Up / Inflation Up,2017
2017-03-06,GLD,Gold,0.37434224694599555,0.3820505702735457,0.35865240899741596,0.3716817420723191,0,-0.016963702332299047,Liquidity Bubble Or Valuation Stretch,Growth Up / Inflation Up,2017
2017-03-07,GLD,Gold,0.40816709698036013,0.3800791349315722,0.38644654520372723,0.39156425903855324,0,-0.014337502592992601,Liquidity Bubble Or Valuation Stretch,Growth Up / Inflation Up,2017
2017-03-08,GLD,Gold,0.4372421873072444,0.37644507169761554,0.2698998484471817,0.36119570248401384,1,0.010342451474503633,Liquidity Bubble Or Valuation Stretch,Growth Up / Inflation Up,2017
2017-03-09,GLD,Gold,0.14059416661274082,0.3726910803897397,0.38807412244725675,0.3004531231499124,1,0.019743182599195386,Liquidity Bubble Or Valuation Stretch,Growth Up / Inflation Up,2017
2017-03-10,GLD,Gold,0.09364914833300372,0.3700405331135276,0.3108557930112173,0.25818182481924956,1,0.01978727875620656,Liquidity Bubble Or Valuation Stretch,Growth Up / Inflation Up,2017
2017-03-13,GLD,Gold,0.12556407652372378,0.36396489303699026,0.3257746787544972,0.2717678827717371,1,0.024141575074367205,Liquidity Bubble Or Valuation Stretch,Growth Up / Inflation Up,2017
2017-03-14,GLD,Gold,0.12322393327117827,0.37046776847267,0.3104747024718618,0.26805546807190334,1,0.038731143205109175,Liquidity Bubble Or Valuation Stretch,Growth Up / Inflation Up,2017
2017-03-15,GLD,Gold,0.08186831998323765,0.37829652755292126,0.34219622342980427,0.26745369032198774,1,0.022193564138104804,Liquidity Bubble Or Valuation Stretch,Growth Up / Inflation Up,2017
2017-03-16,GLD,Gold,0.08740224300753481,0.37284028700879807,0.28345688029356925,0.24789980343663406,1,0.016619504465185786,Liquidity Bubble Or Valuation Stretch,Growth Up / Inflation Up,2017
2017-03-17,GLD,Gold,0.12736216550278548,0.3746117376258484,0.27399324705221284,0.2586557167269489,1,0.015984295928952674,Liquidity Bubble Or Valuation Stretch,Growth Up / Inflation Up,2017
2017-03-20,GLD,Gold,0.11882397778865858,0.3819876910397836,0.26514326235487073,0.25531831039443764,1,0.017189997501017906,Liquidity Bubble Or Valuation Stretch,Growth Up / Inflation Up,2017
2017-04-03,GLD,Gold,0.1441145623158021,0.4163967708678961,0.2614282709955094,0.27397986805973584,0,0.0009216641119220714,Inflationary Boom,Growth Up / Inflation Up,2017
2017-04-04,GLD,Gold,0.09764807865518288,0.3877852975784491,0.26986758530819743,0.2517669871806098,1,0.013124892649854836,Inflationary Boom,Growth Up / Inflation Up,2017
2017-04-05,GLD,Gold,0.11688159022927266,0.3846723374620957,0.34232362650794274,0.281292518066437,1,0.020063483041116603,Inflationary Boom,Growth Up / Inflation Up,2017
2017-04-06,GLD,Gold,0.1914913678289964,0.39857478341784314,0.415156356816872,0.33507416935457046,1,0.02869607451072298,Inflationary Boom,Growth Up / Inflation Up,2017
2017-04-07,GLD,Gold,0.2014560691318294,0.39695646945415514,0.3887920676431631,0.32906820207638254,1,0.023271377872111643,Inflationary Boom,Growth Up / Inflation Up,2017
2017-04-10,GLD,Gold,0.22249449727942353,0.3975130499002011,0.3277441312230999,0.3159172261342415,1,0.028126574887846978,Inflationary Boom,Growth Up / Inflation Up,2017
2017-04-11,GLD,Gold,0.1194026777567563,0.39069230959497875,0.2944080666460339,0.268167684665923,1,0.004455820650622,Inflationary Boom,Growth Up / Inflation Up,2017
2017-04-12,GLD,Gold,0.08241082046273625,0.39670333006737435,0.2653072905906638,0.24814048037359146,0,-0.0004917026736958041,Inflationary Boom,Growth Up / Inflation Up,2017
2017-04-13,GLD,Gold,0.0995572153932457,0.4000968381180971,0.23967994504196494,0.24644466618443592,0,-0.002365423483986051,Inflationary Boom,Growth Up / Inflation Up,2017
2017-04-17,GLD,Gold,0.09764461711909825,0.40411696020137605,0.2193970792155931,0.24038621884535583,0,-0.0062172326580283155,Inflationary Boom,Growth Up / Inflation Up,2017
2017-04-18,GLD,Gold,0.1296288893485693,0.4033354461097947,0.34973775053925377,0.2942340286658726,0,-0.020924928360283368,Inflationary Boom,Growth Up / Inflation Up,2017
2017-04-19,GLD,Gold,0.13945775497349136,0.41133064180099416,0.27025972928900394,0.2736827086878298,0,-0.0073113200895371655,Inflationary Boom,Growth Up / Inflation Up,2017
2017-04-20,GLD,Gold,0.15993247637394517,0.40108841577620036,0.3515473809160104,0.3041894243553853,0,-0.012873070733108172,Inflationary Boom,Growth Up / Inflation Up,2017
2017-04-21,GLD,Gold,0.1731630692947258,0.39236276080306,0.3063147524374946,0.2906135275117601,0,-0.01259096513994773,Inflationary Boom,Growth Up / Inflation Up,2017
2017-04-24,GLD,Gold,0.12093871380790194,0.3966257743100853,0.3246039749155927,0.28072282101119334,0,-0.014899614240790782,Inflationary Boom,Growth Up / Inflation Up,2017
2017-04-25,GLD,Gold,0.16575252473536292,0.3921831997705405,0.37044946608980195,0.3094617301985685,0,-0.0049895923003833165,Inflationary Boom,Growth Up / Inflation Up,2017
2017-04-26,GLD,Gold,0.20114308227710606,0.38740088114787696,0.32493201912356623,0.3044919941828497,0,-0.02366760234715637,Inflationary Boom,Growth Up / Inflation Up,2017
2017-04-27,GLD,Gold,0.20879987879044515,0.38835109501372406,0.3394252961307089,0.3121920899782927,0,-0.02990280332562767,Inflationary Boom,Growth Up / Inflation Up,2017
2017-04-28,GLD,Gold,0.20975729464552792,0.39040216211438283,0.34544423865711216,0.31520123180567433,0,-0.03113351503973738,Inflationary Boom,Growth Up / Inflation Up,2017
2017-05-01,GLD,Gold,0.1808795128095439,0.4017963745887284,0.39975708433535007,0.32747765724454075,0,-0.02440041960076722,Inflationary Boom,Growth Up / Inflation Up,2017
2017-05-02,GLD,Gold,0.4234416407767335,0.3990911944491031,0.35365998252352715,0.3920642725831212,0,-0.030087742818310392,Inflationary Boom,Growth Up / Inflation Up,2017
2017-05-03,GLD,Gold,0.3936336244954559,0.40848136685104564,0.3333683415533725,0.37849444429995804,0,-0.016443485219584386,Inflationary Boom,Growth Up / Inflation Up,2017
2017-05-04,GLD,Gold,0.46645149119054197,0.4158164442304087,0.43281701517452875,0.4383616501984931,0,-0.002483097125216216,Inflationary Boom,Growth Up / Inflation Up,2017
2017-05-05,GLD,Gold,0.37748410637521895,0.41549061265207526,0.523067158264622,0.4386806257639721,0,-0.0015383326372920836,Inflationary Boom,Growth Up / Inflation Up,2017
2017-05-08,GLD,Gold,0.4771938257292436,0.4197453635602362,0.45360491972399186,0.45018136967115724,1,0.0033404658642264273,Inflationary Boom,Growth Up / Inflation Up,2017
2017-05-09,GLD,Gold,0.37826493522977495,0.4028635073839634,0.4272493259841512,0.40279258953262986,1,0.013787147195571281,Inflationary Boom,Growth Up / Inflation Up,2017
2017-05-10,GLD,Gold,0.41285373077869053,0.39928198952895927,0.48595622990455584,0.4326973167374019,1,0.03231644235102915,Inflationary Boom,Growth Up / Inflation Up,2017
2017-05-11,GLD,Gold,0.37678204894519124,0.3969418273154314,0.4977272555006914,0.42381704392043806,1,0.019828305223980713,Inflationary Boom,Growth Up / Inflation Up,2017
2017-05-12,GLD,Gold,0.3019425826580317,0.403382998583661,0.49723657371997476,0.40085405165388915,1,0.021997771587307202,Inflationary Boom,Growth Up / Inflation Up,2017
2017-05-15,GLD,Gold,0.3653428539063115,0.4098896120041786,0.5093036853781725,0.42817871709622085,1,0.023561568641039088,Inflationary Boom,Growth Up / Inflation Up,2017
2017-05-16,GLD,Gold,0.22247974738534498,0.4072328533941622,0.40766117048300204,0.3457912570875031,1,0.012664665061154157,Inflationary Boom,Growth Up / Inflation Up,2017
2017-05-17,GLD,Gold,0.3548997290190711,0.4095689268311651,0.45350257501683094,0.4059904102890224,0,-0.0015026321379086882,Inflationary Boom,Growth Up / Inflation Up,2017
2017-05-18,GLD,Gold,0.33837975873553916,0.4287498467653488,0.4049028272669142,0.3906774775892674,1,0.005639304874233364,Inflationary Boom,Growth Up / Inflation Up,2017
2017-05-19,GLD,Gold,0.3627291501468548,0.4249690487376899,0.46328694925464925,0.41699504937973136,1,0.009547733459629448,Inflationary Boom,Growth Up / Inflation Up,2017
2017-05-22,GLD,Gold,0.3207244660268248,0.41191666429822194,0.4521760477981641,0.3949390593744036,1,0.002001650214472628,Inflationary Boom,Growth Up / Inflation Up,2017
2017-05-23,GLD,Gold,0.33885549991493474,0.41154146334073166,0.4137147698154991,0.38803724435705517,1,0.01242238848846422,Inflationary Boom,Growth Up / Inflation Up,2017
2017-05-24,GLD,Gold,0.28259003592855003,0.4071697686838575,0.3776194803137088,0.3557930949753721,1,0.009280165577187471,Inflationary Boom,Growth Up / Inflation Up,2017
2017-05-25,GLD,Gold,0.3158674818702932,0.41042379248183036,0.44403321347993674,0.39010816261068676,1,0.017827227934157586,Inflationary Boom,Growth Up / Inflation Up,2017
2017-05-26,GLD,Gold,0.3098295089463177,0.4129469416331314,0.4852837485649401,0.4026867330481298,1,0.0098722617584861,Inflationary Boom,Growth Up / Inflation Up,2017
2017-05-30,GLD,Gold,0.40428414934691137,0.41836063072815327,0.5257079632144609,0.4494509144298419,1,0.024637914928503868,Inflationary Boom,Growth Up / Inflation Up,2017
2017-06-02,GLD,Gold,0.2824142839101987,0.4041337806259099,0.39016407921716634,0.3589040479177583,0,-0.008798615981037483,Liquidity Bubble Or Valuation Stretch,Growth Up / Inflation Down,2017
2017-06-05,GLD,Gold,0.2728830671050247,0.40984283488341583,0.33990469504235893,0.34087686567693315,0,-0.011254437762274194,Liquidity Bubble Or Valuation Stretch,Growth Up / Inflation Down,2017
2017-06-06,GLD,Gold,0.356451906804502,0.45199812188190364,0.5086735506250231,0.43904119310380957,0,-0.02128346994040209,Liquidity Bubble Or Valuation Stretch,Growth Up / Inflation Down,2017
2017-06-07,GLD,Gold,0.23276619577069166,0.40202550891668365,0.2501160104893684,0.2949692383922479,0,-0.02147813245376906,Liquidity Bubble Or Valuation Stretch,Growth Up / Inflation Down,2017
2017-06-08,GLD,Gold,0.18875828509991047,0.40269862423797975,0.2693468778586679,0.28693459573218605,0,-0.01915332348400356,Liquidity Bubble Or Valuation Stretch,Growth Up / Inflation Down,2017
2017-06-09,GLD,Gold,0.22188698847571073,0.4048825610932073,0.3817785458924054,0.33618269848710786,0,-0.00995523949330035,Liquidity Bubble Or Valuation Stretch,Growth Up / Inflation Down,2017
2017-06-12,GLD,Gold,0.30650055680402943,0.40769701724783386,0.4122763356868567,0.37549130324623997,0,-0.016035230104591625,Liquidity Bubble Or Valuation Stretch,Growth Up / Inflation Down,2017
2017-06-13,GLD,Gold,0.3315960086542773,0.4103427581334999,0.3942627280079579,0.37873383159857843,0,-0.019090330242968467,Liquidity Bubble Or Valuation Stretch,Growth Up / Inflation Down,2017
2017-06-14,GLD,Gold,0.27455717647550343,0.41248057767803226,0.5093903978763391,0.3988093840099583,0,-0.01084963324210364,Liquidity Bubble Or Valuation Stretch,Growth Up / Inflation Down,2017
2017-06-15,GLD,Gold,0.28053564000466896,0.40738358514746337,0.37787726651396547,0.3552654972220326,0,-0.0033523426659567424,Liquidity Bubble Or Valuation Stretch,Growth Up / Inflation Down,2017
2017-06-16,GLD,Gold,0.33005182317723825,0.4169220865330032,0.41732486321444434,0.38809959097489527,0,0.0007541810796636295,Liquidity Bubble Or Valuation Stretch,Growth Up / Inflation Down,2017
2017-06-19,GLD,Gold,0.2412805503975267,0.404188729895551,0.36456519927587466,0.3366781598563175,0,-0.0005910638743885643,Liquidity Bubble Or Valuation Stretch,Growth Up / Inflation Down,2017
2017-06-20,GLD,Gold,0.3343203486424678,0.41694046661301676,0.455650195291294,0.4023036701822595,1,0.005330827989432407,Liquidity Bubble Or Valuation Stretch,Growth Up / Inflation Down,2017
2017-06-21,GLD,Gold,0.2923347759102906,0.42089204248085843,0.41333386342316464,0.3755202272714379,1,0.0032062512114046093,Liquidity Bubble Or Valuation Stretch,Growth Up / Inflation Down,2017
2017-06-22,GLD,Gold,0.2772531065574526,0.42021290717217347,0.43266636175180734,0.37671079182714445,0,-0.0050453959246509195,Liquidity Bubble Or Valuation Stretch,Growth Up / Inflation Down,2017
2017-06-23,GLD,Gold,0.27406691628207047,0.4160569437767012,0.4686359881882519,0.3862532827490079,0,-0.011806109507715323,Liquidity Bubble Or Valuation Stretch,Growth Up / Inflation Down,2017
2017-06-26,GLD,Gold,0.29647890071017136,0.4227315477219167,0.43913119140098894,0.38611387994435903,0,-0.019178812611989837,Liquidity Bubble Or Valuation Stretch,Growth Up / Inflation Down,2017
2017-06-27,GLD,Gold,0.21541788635902848,0.42034546347009716,0.4248219490196918,0.3535284329496058,0,-0.01927447994768272,Liquidity Bubble Or Valuation Stretch,Growth Up / Inflation Down,2017
2017-06-28,GLD,Gold,0.26051986378820047,0.42512910265961723,0.33784120577579985,0.3411633907412059,0,-0.02043734460883828,Liquidity Bubble Or Valuation Stretch,Growth Up / Inflation Down,2017
2017-06-29,GLD,Gold,0.28932281712046476,0.4192516839248722,0.351157530889444,0.353244010644927,0,-0.025693043639014812,Liquidity Bubble Or Valuation Stretch,Growth Up / Inflation Down,2017
2017-06-30,GLD,Gold,0.2889757371366923,0.4193088760176204,0.4022747265781618,0.3701864465774915,0,-0.021606469199243916,Liquidity Bubble Or Valuation Stretch,Growth Up / Inflation Down,2017
2017-07-03,GLD,Gold,0.2769085811299877,0.4236481119270944,0.3717452519592862,0.35743398167212276,0,-0.004048527919155331,Liquidity Bubble Or Valuation Stretch,Growth Up / Inflation Down,2017
2017-07-05,GLD,Gold,0.37599864994051924,0.43127444643361956,0.399009421876897,0.40209417275034526,0,-0.004205268433628007,Liquidity Bubble Or Valuation Stretch,Growth Up / Inflation Down,2017
2017-07-06,GLD,Gold,0.31034248875550946,0.42786552145128093,0.3759468792270071,0.3713849631445991,0,-0.005580849309404501,Liquidity Bubble Or Valuation Stretch,Growth Up / Inflation Down,2017
2017-07-07,GLD,Gold,0.2857813819692473,0.42984886297661307,0.35685049063492114,0.35749357852692715,1,0.012925033653254259,Liquidity Bubble Or Valuation Stretch,Growth Up / Inflation Down,2017
2017-07-10,GLD,Gold,0.37180275186019107,0.4247343970979233,0.4454124857556542,0.4139832115712562,1,0.015761666888229886,Liquidity Bubble Or Valuation Stretch,Growth Up / Inflation Down,2017
2017-07-11,GLD,Gold,0.3036051025013623,0.4240380727144015,0.43275450704247276,0.38679922741941225,1,0.021536047436594208,Liquidity Bubble Or Valuation Stretch,Growth Up / Inflation Down,2017
2017-07-12,GLD,Gold,0.24871305562258947,0.41323952264511216,0.3872131393934111,0.34972190588703755,1,0.01766787101029932,Liquidity Bubble Or Valuation Stretch,Growth Up / Inflation Down,2017
2017-07-13,GLD,Gold,0.3241361519992841,0.4246201910187274,0.39231274960615115,0.38035636420805424,1,0.020894475697822434,Liquidity Bubble Or Valuation Stretch,Growth Up / Inflation Down,2017
2017-07-14,GLD,Gold,0.2871206759575196,0.41578809850662596,0.3309820850546155,0.34463028650625366,1,0.021324017853450172,Liquidity Bubble Or Valuation Stretch,Growth Up / Inflation Down,2017
2017-07-17,GLD,Gold,0.31946255916822053,0.4164624927634679,0.27429297042920703,0.33673934078696516,1,0.017222240832969415,Liquidity Bubble Or Valuation Stretch,Growth Up / Inflation Down,2017
2017-07-18,GLD,Gold,0.3201118457766207,0.4176502299811595,0.2604416848286766,0.3327345868621523,1,0.006857993009973473,Liquidity Bubble Or Valuation Stretch,Growth Up / Inflation Down,2017
2017-07-19,GLD,Gold,0.3087470402707244,0.41392164383982993,0.24116093295506974,0.32127653902187464,1,0.015243863435390637,Liquidity Bubble Or Valuation Stretch,Growth Up / Inflation Down,2017
2017-07-20,GLD,Gold,0.4355572127098802,0.4184148811658491,0.32389176314212514,0.3926212856726181,1,0.013108957034519308,Liquidity Bubble Or Valuation Stretch,Growth Up / Inflation Down,2017
2017-07-21,GLD,Gold,0.49992332496115094,0.42900668062960506,0.34027921780648407,0.42306974113241336,1,0.011990611098114057,Liquidity Bubble Or Valuation Stretch,Growth Up / Inflation Down,2017
2017-07-24,GLD,Gold,0.5263316279270869,0.4283649929803406,0.36192357291998545,0.438873397942471,1,0.012069419754191735,Liquidity Bubble Or Valuation Stretch,Growth Up / Inflation Down,2017
2017-07-25,GLD,Gold,0.5356027158950369,0.47479584367364763,0.4113549180938894,0.4739178258875247,1,0.01454762347436156,Liquidity Bubble Or Valuation Stretch,Growth Up / Inflation Down,2017
2017-07-26,GLD,Gold,0.5002531702492404,0.43476666808287084,0.3463044770146374,0.42710810511558295,1,0.004337706743199998,Liquidity Bubble Or Valuation Stretch,Growth Up / Inflation Down,2017
2017-07-27,GLD,Gold,0.5449934958783503,0.42925586773167795,0.3789848415645056,0.45107806839151127,1,0.006678315520904032,Liquidity Bubble Or Valuation Stretch,Growth Up / Inflation Down,2017
2017-07-28,GLD,Gold,0.4237684511378542,0.42964319623897035,0.3978000681957225,0.41707057185751567,0,-0.008617125648267776,Liquidity Bubble Or Valuation Stretch,Growth Up / Inflation Down,2017
2017-07-31,GLD,Gold,0.4005178606836945,0.4343387339412939,0.48558670686611266,0.44014776716370035,0,-0.010269133447366685,Liquidity Bubble Or Valuation Stretch,Growth Up / Inflation Down,2017
2017-08-01,GLD,Gold,0.38482486196741184,0.43812072248377687,0.43570078709023935,0.41954879051380933,0,-0.006547873232789714,Liquidity Bubble Or Valuation Stretch,Growth Up / Inflation Down,2017
2017-08-02,GLD,Gold,0.1969597364440499,0.4133725479629877,0.21948278064518661,0.27660502168407475,1,0.007558106488223304,Liquidity Bubble Or Valuation Stretch,Growth Up / Inflation Down,2017
2017-08-03,GLD,Gold,0.21433443646748093,0.41261007823533163,0.24626349144699333,0.2910693353832686,1,0.013433972931244043,Liquidity Bubble Or Valuation Stretch,Growth Up / Inflation Down,2017
2017-08-04,GLD,Gold,0.21631525746716648,0.4107711937096044,0.2430967027257246,0.2900610513008318,1,0.02624320392481816,Liquidity Bubble Or Valuation Stretch,Growth Up / Inflation Down,2017
2017-08-07,GLD,Gold,0.2655073211735108,0.41046393444598755,0.26393661844207356,0.3133026246871906,1,0.020165642955705554,Liquidity Bubble Or Valuation Stretch,Growth Up / Inflation Down,2017
2017-08-08,GLD,Gold,0.18298714295962076,0.4078195238920458,0.22170696509840562,0.2708378773166907,1,0.00934425780809911,Liquidity Bubble Or Valuation Stretch,Growth Up / Inflation Down,2017
2017-08-09,GLD,Gold,0.20234964650128548,0.41401774980507056,0.24304058508951598,0.28646932713195733,1,0.004616315219343692,Liquidity Bubble Or Valuation Stretch,Growth Up / Inflation Down,2017
2017-08-10,GLD,Gold,0.1178368916183786,0.41941848181331176,0.221416747855555,0.25289070709574846,1,0.0022911282333235583,Liquidity Bubble Or Valuation Stretch,Growth Up / Inflation Down,2017
2017-08-11,GLD,Gold,0.08013435804082425,0.4126658124412185,0.17109952447840499,0.22129989832014926,0,-0.003990535549442842,Liquidity Bubble Or Valuation Stretch,Growth Up / Inflation Down,2017
2017-08-14,GLD,Gold,0.07030935203281526,0.4160191752621213,0.16751631703254216,0.2179482814424929,1,0.006889796423070527,Liquidity Bubble Or Valuation Stretch,Growth Up / Inflation Down,2017
2017-08-15,GLD,Gold,0.156356282698894,0.41953021246583305,0.18040495829416303,0.2520971511529634,1,0.01016693414952341,Liquidity Bubble Or Valuation Stretch,Growth Up / Inflation Down,2017
2017-08-16,GLD,Gold,0.11192349673240004,0.411019269680741,0.16910135518781227,0.2306813738669844,1,0.006564334162089125,Liquidity Bubble Or Valuation Stretch,Growth Up / Inflation Down,2017
2017-08-17,GLD,Gold,0.1120190676871103,0.41591216679705567,0.20319441178566527,0.2437085487566104,0,-0.001632761464039012,Liquidity Bubble Or Valuation Stretch,Growth Up / Inflation Down,2017
2017-08-18,GLD,Gold,0.11258389317056487,0.4130993239980584,0.1717169589761321,0.23246672538158508,1,0.003597668037878199,Liquidity Bubble Or Valuation Stretch,Growth Up / Inflation Down,2017
2017-08-21,GLD,Gold,0.12160435478348364,0.41573869021374216,0.17233110509657676,0.23655805003126754,1,0.01572173567603885,Liquidity Bubble Or Valuation Stretch,Growth Up / Inflation Down,2017
2017-08-22,GLD,Gold,0.08745927348572008,0.4199408815535721,0.1504226620057132,0.2192742723483351,1,0.01808361918851742,Liquidity Bubble Or Valuation Stretch,Growth Up / Inflation Down,2017
2017-08-23,GLD,Gold,0.10267486202715395,0.411699838641512,0.1617922621514098,0.2253889876066919,1,0.013776819651360128,Liquidity Bubble Or Valuation Stretch,Growth Up / Inflation Down,2017
2017-08-24,GLD,Gold,0.09999535455152435,0.42647481108043633,0.15328259687941476,0.2265842541704585,1,0.028865800579519485,Liquidity Bubble Or Valuation Stretch,Growth Up / Inflation Down,2017
2017-08-25,GLD,Gold,0.15113537652592596,0.42700314994984045,0.18207803318310817,0.2534055198862915,1,0.027049044749936524,Liquidity Bubble Or Valuation Stretch,Growth Up / Inflation Down,2017
2017-08-28,GLD,Gold,0.1788979070612487,0.42523657086569794,0.18030867661701455,0.26148105151465373,1,0.02221506607450796,Liquidity Bubble Or Valuation Stretch,Growth Up / Inflation Down,2017
2017-08-29,GLD,Gold,0.13254361656118657,0.4306531138639149,0.24171601876160417,0.26830424972890193,1,0.019209125742014166,Liquidity Bubble Or Valuation Stretch,Growth Up / Inflation Down,2017
2017-08-30,GLD,Gold,0.13657130359485076,0.4351119077383669,0.26149630489010844,0.2777265054077754,1,0.030315248101945746,Liquidity Bubble Or Valuation Stretch,Growth Up / Inflation Down,2017
2017-08-31,GLD,Gold,0.15383541962465824,0.4333879064028702,0.20242187106791987,0.2632150656984828,1,0.01708791552291955,Liquidity Bubble Or Valuation Stretch,Growth Up / Inflation Down,2017
2017-09-01,GLD,Gold,0.10034560435918065,0.428461515677268,0.23712580183473864,0.2553109739570624,0,0.0010312937119649757,Liquidity Bubble Or Valuation Stretch,Growth Up / Inflation Down,2017
2017-09-05,GLD,Gold,0.10846902874810573,0.4313811763374614,0.2536100384217687,0.26448674783577864,0,-0.007061050779409106,Liquidity Bubble Or Valuation Stretch,Growth Up / Inflation Down,2017
2017-09-06,GLD,Gold,0.06374835771460347,0.4441123652643549,0.20700910162292266,0.23828994153396033,0,-0.00946295222257787,Liquidity Bubble Or Valuation Stretch,Growth Up / Inflation Down,2017
2017-09-07,GLD,Gold,0.07924634392235311,0.4912330041058485,0.25133845987559666,0.2739392693012661,0,-0.015375018696868747,Liquidity Bubble Or Valuation Stretch,Growth Up / Inflation Down,2017
2017-09-08,GLD,Gold,0.13345382525053395,0.4474506393594093,0.223530178026536,0.26814488087882643,0,-0.019066987716895523,Liquidity Bubble Or Valuation Stretch,Growth Up / Inflation Down,2017
2017-09-11,GLD,Gold,0.17269714280375964,0.44373498182816284,0.26602294446997915,0.2941516897006338,0,-0.014501955746489603,Liquidity Bubble Or Valuation Stretch,Growth Up / Inflation Down,2017
2017-09-12,GLD,Gold,0.11759190956561315,0.4410800592532098,0.34100545673797417,0.2998924751855991,0,-0.015328657154197178,Liquidity Bubble Or Valuation Stretch,Growth Up / Inflation Down,2017
2017-09-13,GLD,Gold,0.0874901847001256,0.42455085544809174,0.30183601541910265,0.27129235185577333,0,-0.015842670600270115,Liquidity Bubble Or Valuation Stretch,Growth Up / Inflation Down,2017
2017-09-14,GLD,Gold,0.16586094111375488,0.438542478195237,0.3026667619651453,0.30235672709137906,0,-0.027584046099538684,Liquidity Bubble Or Valuation Stretch,Growth Up / Inflation Down,2017
2017-09-15,GLD,Gold,0.13707638000366248,0.4330674676251894,0.2559625725226596,0.27536880671717046,0,-0.018242658629779474,Liquidity Bubble Or Valuation Stretch,Growth Up / Inflation Down,2017
2017-09-18,GLD,Gold,0.15475745954653847,0.4279750620855657,0.3133437622396502,0.29869209462391816,0,0.0013669843045269747,Liquidity Bubble Or Valuation Stretch,Growth Up / Inflation Down,2017
2017-09-19,GLD,Gold,0.21401082780228828,0.43990256979849685,0.3798242647889291,0.34457922079657144,0,-0.011876130029809251,Liquidity Bubble Or Valuation Stretch,Growth Up / Inflation Down,2017
2017-09-20,GLD,Gold,0.1531544680994806,0.431200893443261,0.38285270265659854,0.32240268806644673,0,-0.013266456505509061,Liquidity Bubble Or Valuation Stretch,Growth Up / Inflation Down,2017
2017-09-21,GLD,Gold,0.1460222170666282,0.4312129705253178,0.4069835391123646,0.32807290890143687,0,-0.003831115255412132,Liquidity Bubble Or Valuation Stretch,Growth Up / Inflation Down,2017
2017-09-22,GLD,Gold,0.2142080024493266,0.4350752131930029,0.4387318135598811,0.3626716764007369,0,-0.013469620752102007,Liquidity Bubble Or Valuation Stretch,Growth Up / Inflation Down,2017
2017-09-25,GLD,Gold,0.21083599676517115,0.4377085501042983,0.48421896965670075,0.37758783884205677,0,-0.030193545114332476,Liquidity Bubble Or Valuation Stretch,Growth Up / Inflation Down,2017
2017-09-26,GLD,Gold,0.16498283849474507,0.4440750955370013,0.35085978765416,0.3199725738953021,0,-0.01875911620954529,Liquidity Bubble Or Valuation Stretch,Growth Up / Inflation Down,2017
2017-09-27,GLD,Gold,0.20884631021551545,0.44837050651759447,0.3785884308517329,0.3452684158616142,0,-0.006640475206563745,Liquidity Bubble Or Valuation Stretch,Growth Up / Inflation Down,2017
2017-09-28,GLD,Gold,0.2410611713477042,0.4376299593604195,0.44641362597715295,0.37503491889509216,0,-0.01382867567356827,Liquidity Bubble Or Valuation Stretch,Growth Up / Inflation Down,2017
2017-09-29,GLD,Gold,0.23181782147607025,0.4394460688900443,0.42265462094767686,0.3646395037712638,0,-0.004030313256985885,Liquidity Bubble Or Valuation Stretch,Growth Up / Inflation Down,2017
2017-10-02,GLD,Gold,0.2835329603406548,0.44842406723720585,0.4756724413634581,0.4025431563137729,1,0.010847107927476118,Liquidity Bubble Or Valuation Stretch,Growth Up / Inflation Down,2017
2017-10-03,GLD,Gold,0.2647024513687922,0.44730330785239564,0.5190068950439641,0.41033755142171735,1,0.012993459166039,Liquidity Bubble Or Valuation Stretch,Growth Up / Inflation Down,2017
2017-10-04,GLD,Gold,0.3378410414688512,0.44854438526728985,0.5535808900034211,0.4466554389131874,1,0.013369668821181957,Liquidity Bubble Or Valuation Stretch,Growth Up / Inflation Down,2017
2017-10-05,GLD,Gold,0.36316508595039787,0.44517311012868965,0.4889622425471071,0.43243347954206485,1,0.019664809264814842,Liquidity Bubble Or Valuation Stretch,Growth Up / Inflation Down,2017
2017-10-06,GLD,Gold,0.29183967054597865,0.4456565745690682,0.5619828830913904,0.43315970940214577,1,0.02254524270787628,Liquidity Bubble Or Valuation Stretch,Growth Up / Inflation Down,2017
2017-10-09,GLD,Gold,0.29396933890444005,0.44169796605410133,0.5451488244077485,0.4269387097887633,1,0.007290296332728596,Liquidity Bubble Or Valuation Stretch,Growth Up / Inflation Down,2017
2017-10-10,GLD,Gold,0.27208459961498316,0.4402991409228265,0.5482976245789725,0.420227121705594,0,-0.002205917231168142,Liquidity Bubble Or Valuation Stretch,Growth Up / Inflation Down,2017
2017-10-11,GLD,Gold,0.21689974708324827,0.4371658473859651,0.4538481711057303,0.3693045885249812,0,-0.009121286246691507,Liquidity Bubble Or Valuation Stretch,Growth Up / Inflation Down,2017
2017-10-12,GLD,Gold,0.23644480590474584,0.43456519146969014,0.3494990603686892,0.3401696859143751,0,-0.0040686793269048005,Liquidity Bubble Or Valuation Stretch,Growth Up / Inflation Down,2017
2017-10-13,GLD,Gold,0.23066645658961774,0.4222240120913577,0.28393449646868124,0.31227498838321893,0,-0.017848482393147957,Liquidity Bubble Or Valuation Stretch,Growth Up / Inflation Down,2017
2017-10-16,GLD,Gold,0.20151776972322696,0.4285051311178193,0.2408770243533522,0.2902999750647995,0,-0.009514500750841148,Liquidity Bubble Or Valuation Stretch,Growth Up / Inflation Down,2017
2017-10-17,GLD,Gold,0.1845025554005281,0.42934919889708717,0.2950046420408042,0.3029521321128065,0,-0.006550359783463411,Liquidity Bubble Or Valuation Stretch,Growth Up / Inflation Down,2017
2017-10-18,GLD,Gold,0.2645217062304049,0.4413513268296843,0.41200191187049795,0.37262498164352903,0,-0.0026300624610833268,Liquidity Bubble Or Valuation Stretch,Growth Up / Inflation Down,2017
2017-10-19,GLD,Gold,0.25849497461306903,0.43857158222375603,0.4332169482885104,0.3767611683751118,0,-0.016831420613341197,Liquidity Bubble Or Valuation Stretch,Growth Up / Inflation Down,2017
2017-10-20,GLD,Gold,0.23751496266463054,0.4343414287069725,0.3663671120339832,0.3460745011351954,0,-0.005838328105494783,Liquidity Bubble Or Valuation Stretch,Growth Up / Inflation Down,2017
2017-10-23,GLD,Gold,0.24632193642775216,0.4438220335078693,0.5211106626254565,0.403751544187026,0,-0.005500868485652899,Liquidity Bubble Or Valuation Stretch,Growth Up / Inflation Down,2017
2017-10-24,GLD,Gold,0.2701281113594074,0.4427019832188708,0.570681970501329,0.4278373550265357,0,-0.005439739983094993,Liquidity Bubble Or Valuation Stretch,Growth Up / Inflation Down,2017
2017-10-25,GLD,Gold,0.25642256018671067,0.44281393541226793,0.5028774343163958,0.40070464330512473,0,-0.0019777327300148917,Liquidity Bubble Or Valuation Stretch,Growth Up / Inflation Down,2017
2017-10-26,GLD,Gold,0.2386279533602814,0.4392238191926989,0.48482920955753145,0.3875603273701706,1,0.007147017346172957,Liquidity Bubble Or Valuation Stretch,Growth Up / Inflation Down,2017
2017-10-27,GLD,Gold,0.1716358055197169,0.4383181951244175,0.4908863383388807,0.36694677966100503,0,-0.002315953480256483,Liquidity Bubble Or Valuation Stretch,Growth Up / Inflation Down,2017
2017-10-30,GLD,Gold,0.17572294288159884,0.43528452185245853,0.44833392719940846,0.3531137973111553,1,0.0042929438145122845,Liquidity Bubble Or Valuation Stretch,Growth Up / Inflation Down,2017
2017-10-31,GLD,Gold,0.16569148647087528,0.42513740684958967,0.27534123349235623,0.28872337560427375,1,0.0044750221572997795,Liquidity Bubble Or Valuation Stretch,Growth Up / Inflation Down,2017
2017-11-01,GLD,Gold,0.22145404326563078,0.4266359970409589,0.33008081051301813,0.32605695027320264,1,0.004293589632943684,Liquidity Bubble Or Valuation Stretch,Growth Up / Inflation Down,2017
2017-11-02,GLD,Gold,0.32928008511879064,0.444565963044392,0.42182573382389005,0.3985572606623575,1,0.0077563725808669215,Liquidity Bubble Or Valuation Stretch,Growth Up / Inflation Down,2017
2017-11-03,GLD,Gold,0.3494373617172591,0.4484636976410542,0.42483463580015407,0.4075785650528225,1,0.004228108897555094,Liquidity Bubble Or Valuation Stretch,Growth Up / Inflation Down,2017
2017-11-06,GLD,Gold,0.44804330570475503,0.45245430668843495,0.44731021313066205,0.4492692751746174,0,-0.0027949359886594305,Liquidity Bubble Or Valuation Stretch,Growth Up / Inflation Down,2017
2017-11-07,GLD,Gold,0.39405110838048296,0.4503288118365473,0.4448924347518776,0.4297574516563027,1,0.0028875379652233413,Liquidity Bubble Or Valuation Stretch,Growth Up / Inflation Down,2017
2017-11-08,GLD,Gold,0.45171127084187884,0.45684710586967375,0.48348591229581867,0.4640147630024571,0,-0.0018087116359152278,Liquidity Bubble Or Valuation Stretch,Growth Up / Inflation Down,2017
2017-11-09,GLD,Gold,0.3040630971640178,0.4484658557630193,0.39087667433131357,0.38113520908611687,0,-0.005977202521542102,Liquidity Bubble Or Valuation Stretch,Growth Up / Inflation Down,2017
2017-11-10,GLD,Gold,0.17078020141426822,0.4442801999667186,0.2910276569004283,0.3020293527604717,1,0.01428220421168036,Liquidity Bubble Or Valuation Stretch,Growth Up / Inflation Down,2017
2017-11-13,GLD,Gold,0.2665952979683144,0.44992114501479,0.5059865275384309,0.40750099017384506,0,0.0,Liquidity Bubble Or Valuation Stretch,Growth Up / Inflation Down,2017
2017-11-14,GLD,Gold,0.20301274496909935,0.45580053755267486,0.46991506898063784,0.37624278383413734,0,-0.00041128186383176946,Liquidity Bubble Or Valuation Stretch,Growth Up / Inflation Down,2017
2017-11-15,GLD,Gold,0.33842956097961074,0.45566873078422476,0.47231934991747204,0.4221392138937692,1,0.010048542578945163,Liquidity Bubble Or Valuation Stretch,Growth Up / Inflation Down,2017
2017-11-16,GLD,Gold,0.3067560664352603,0.44845435216588636,0.3764122084026046,0.37720754233458376,1,0.00757823852868067,Liquidity Bubble Or Valuation Stretch,Growth Up / Inflation Down,2017
2017-11-17,GLD,Gold,0.3019344459080347,0.4583514551244435,0.4682823532985524,0.40952275144367684,0,-0.0002441704309608106,Liquidity Bubble Or Valuation Stretch,Growth Up / Inflation Down,2017
2017-11-20,GLD,Gold,0.3636777978383443,0.45659815721006497,0.4034532150853368,0.4079097233779154,1,0.012365015499035792,Liquidity Bubble Or Valuation Stretch,Growth Up / Inflation Down,2017
2017-11-21,GLD,Gold,0.20183443718214625,0.4538120414545066,0.3673805919520072,0.3410090235295533,1,0.004361770800585418,Liquidity Bubble Or Valuation Stretch,Growth Up / Inflation Down,2017
2017-11-22,GLD,Gold,0.35739430611921075,0.49150052167742453,0.44026043412507704,0.4297184206405708,0,-0.012476545817212248,Liquidity Bubble Or Valuation Stretch,Growth Up / Inflation Down,2017
2017-11-24,GLD,Gold,0.2031591663418423,0.4543895303127051,0.3779224644867901,0.34515705371377914,0,-0.0059679803691536915,Liquidity Bubble Or Valuation Stretch,Growth Up / Inflation Down,2017
2017-11-27,GLD,Gold,0.24689275176501332,0.458500219892677,0.42920446260878464,0.3781991447554917,0,-0.013433212580655884,Liquidity Bubble Or Valuation Stretch,Growth Up / Inflation Down,2017
2017-11-28,GLD,Gold,0.2345139516056862,0.44882621554523106,0.3722025854754213,0.35184758420877954,0,-0.02027520489593304,Liquidity Bubble Or Valuation Stretch,Growth Up / Inflation Down,2017
2017-11-29,GLD,Gold,0.3222972573404116,0.4932366540089887,0.4226603291392255,0.41273141349620857,0,-0.01614225832452021,Liquidity Bubble Or Valuation Stretch,Growth Up / Inflation Down,2017
2017-11-30,GLD,Gold,0.25341059621522255,0.45612726141611143,0.30286710691162444,0.3374683215143195,0,-0.021552441314929616,Liquidity Bubble Or Valuation Stretch,Growth Up / Inflation Down,2017
2017-12-01,GLD,Gold,0.3687031042172338,0.4608642510283364,0.524907457697276,0.45149160431428204,0,-0.025577704372278798,Liquidity Bubble Or Valuation Stretch,Growth Up / Inflation Down,2017
2017-12-04,GLD,Gold,0.423429804209444,0.4527831243464662,0.38725782000530784,0.4211569161870727,0,-0.0261594170734617,Liquidity Bubble Or Valuation Stretch,Growth Up / Inflation Down,2017
2017-12-05,GLD,Gold,0.36887891907366227,0.45510336465838286,0.3623756383920467,0.3954526407080306,0,-0.018035224189238863,Liquidity Bubble Or Valuation Stretch,Growth Up / Inflation Down,2017
2017-12-06,GLD,Gold,0.45840019327004494,0.45801830861346654,0.3918254719820661,0.43608132462185917,0,-0.00749564027789118,Liquidity Bubble Or Valuation Stretch,Growth Up / Inflation Down,2017
2017-12-07,GLD,Gold,0.3355710937638189,0.4568271401238772,0.3453211449147661,0.37923979293415405,1,0.0037134142065908815,Liquidity Bubble Or Valuation Stretch,Growth Up / Inflation Down,2017
2017-12-08,GLD,Gold,0.3487828070902171,0.45707748452780117,0.5505901956876893,0.4521501624352358,1,0.005908144230325263,Liquidity Bubble Or Valuation Stretch,Growth Up / Inflation Down,2017
2017-12-11,GLD,Gold,0.3589997228069644,0.46665459690604094,0.6228943274576391,0.48284954905688143,1,0.01457504609412319,Liquidity Bubble Or Valuation Stretch,Growth Up / Inflation Down,2017
2017-12-12,GLD,Gold,0.37486269658883603,0.4689004528360502,0.5817650544653994,0.47517606796342854,1,0.014134559012930037,Liquidity Bubble Or Valuation Stretch,Growth Up / Inflation Down,2017
2017-12-13,GLD,Gold,0.35638326241445734,0.4664533941919069,0.6019100653388805,0.4749155739817483,1,0.00813964282627544,Liquidity Bubble Or Valuation Stretch,Growth Up / Inflation Down,2017
2017-12-14,GLD,Gold,0.260073208482916,0.4535873225478471,0.4628826524736631,0.39218106116814205,1,0.011603441098771317,Liquidity Bubble Or Valuation Stretch,Growth Up / Inflation Down,2017
2017-12-15,GLD,Gold,0.30137555119305254,0.4645320110592726,0.48348801869871594,0.416465193650347,1,0.014767596339350098,Liquidity Bubble Or Valuation Stretch,Growth Up / Inflation Down,2017
2017-12-18,GLD,Gold,0.35504155794693054,0.4654833155029946,0.4792857772432403,0.4332702168977218,1,0.017038279703803783,Liquidity Bubble Or Valuation Stretch,Growth Up / Inflation Down,2017
2017-12-19,GLD,Gold,0.2838208951388775,0.4566874905764419,0.46120484274929835,0.4005710761548726,1,0.02011353420336781,Liquidity Bubble Or Valuation Stretch,Growth Up / Inflation Down,2017
2017-12-20,GLD,Gold,0.2750402288260435,0.45505912825340156,0.35697489542852645,0.36235808416932386,1,0.022557009307810683,Liquidity Bubble Or Valuation Stretch,Growth Up / Inflation Down,2017
2017-12-21,GLD,Gold,0.2982200577562167,0.45346685022733463,0.3561965060022544,0.36929447132860194,1,0.027761649364663077,Liquidity Bubble Or Valuation Stretch,Growth Up / Inflation Down,2017
2017-12-22,GLD,Gold,0.317570383662962,0.45961493050546554,0.4716491107385262,0.4162781416356512,1,0.0348106416362306,Liquidity Bubble Or Valuation Stretch,Growth Up / Inflation Down,2017
2017-12-26,GLD,Gold,0.29816825829206756,0.4522600065020281,0.4029173629621387,0.38444854258541145,1,0.025047245921325123,Liquidity Bubble Or Valuation Stretch,Growth Up / Inflation Down,2017
2017-12-27,GLD,Gold,0.2633152919479478,0.4579297302124421,0.3211659812745022,0.3474703344782974,1,0.026425555418720714,Liquidity Bubble Or Valuation Stretch,Growth Up / Inflation Down,2017
2017-12-28,GLD,Gold,0.2540269611659155,0.44701619395802256,0.3111199421935617,0.33738769910583327,1,0.020187247763425953,Liquidity Bubble Or Valuation Stretch,Growth Up / Inflation Down,2017
2017-12-29,GLD,Gold,0.3129266160237665,0.45073344425692613,0.3249413668598935,0.3628671423801954,1,0.013424957640355784,Liquidity Bubble Or Valuation Stretch,Growth Up / Inflation Down,2017
2018-01-02,GLD,Gold,0.5489707040369951,0.47413842738937867,0.4393046121712524,0.4874712478658754,0,-0.003355958160803252,Liquidity Bubble Or Valuation Stretch,Growth Up / Inflation Down,2018
2018-01-03,GLD,Gold,0.6560421709805444,0.4766185851607693,0.4605615129027811,0.5310740896813649,1,0.0016824153580041745,Liquidity Bubble Or Valuation Stretch,Growth Up / Inflation Down,2018
2018-01-04,GLD,Gold,0.6447940398803959,0.47010077932729366,0.499683819616767,0.5381928796081522,0,-0.0001593866029996338,Liquidity Bubble Or Valuation Stretch,Growth Up / Inflation Down,2018
2018-01-05,GLD,Gold,0.6917550420671995,0.4760632953039344,0.5357065966638599,0.5678416446783313,1,0.013005642939471151,Liquidity Bubble Or Valuation Stretch,Growth Up / Inflation Down,2018
2018-01-08,GLD,Gold,0.6720240707750187,0.4686588575109982,0.42635260063754743,0.5223451763078547,1,0.014843194051471054,Liquidity Bubble Or Valuation Stretch,Growth Up / Inflation Down,2018
2018-01-09,GLD,Gold,0.7026188869805856,0.47184936099198116,0.4330774242313973,0.5358485574013213,1,0.011304385430664476,Liquidity Bubble Or Valuation Stretch,Growth Up / Inflation Down,2018
2018-01-10,GLD,Gold,0.6611155154604719,0.4652747048087162,0.47343738578387706,0.533275868684355,1,0.006638421492107804,Liquidity Bubble Or Valuation Stretch,Growth Up / Inflation Down,2018
2018-01-11,GLD,Gold,0.6757335906493394,0.4623739346199659,0.3893886671326015,0.5091653974673022,1,0.007812465788151091,Liquidity Bubble Or Valuation Stretch,Growth Up / Inflation Down,2018
2018-01-12,GLD,Gold,0.5062537772500652,0.46323154681471623,0.4197482970306642,0.4630778736984819,0,-0.0024416947135253997,Liquidity Bubble Or Valuation Stretch,Growth Up / Inflation Down,2018
2018-01-16,GLD,Gold,0.6294474004866715,0.4616104811336278,0.4369560866123791,0.5093379894108928,0,0.0008649886917937444,Liquidity Bubble Or Valuation Stretch,Growth Up / Inflation Down,2018
2018-01-17,GLD,Gold,0.67929657805644,0.4665588736026384,0.44208656232231225,0.5293140046604635,1,0.021325530794532366,Liquidity Bubble Or Valuation Stretch,Growth Up / Inflation Down,2018
2018-01-18,GLD,Gold,0.6623096034964793,0.465014539741789,0.4418713012870131,0.5230651481750938,1,0.016764663913230837,Liquidity Bubble Or Valuation Stretch,Growth Up / Inflation Down,2018
2018-01-19,GLD,Gold,0.6594879740330881,0.4589363675331273,0.4723795474459194,0.5302679630040449,1,0.013051804929378408,Liquidity Bubble Or Valuation Stretch,Growth Up / Inflation Down,2018
2018-01-22,GLD,Gold,0.5582655290714118,0.46121095944017276,0.5125256665965717,0.5106673850360521,1,0.005527018869392997,Liquidity Bubble Or Valuation Stretch,Growth Up / Inflation Down,2018
2018-01-23,GLD,Gold,0.4991994154151673,0.4560592126938463,0.4812231478271574,0.47882725864539033,0,-0.003771179542289116,Liquidity Bubble Or Valuation Stretch,Growth Up / Inflation Down,2018
2018-01-24,GLD,Gold,0.46711788551243094,0.4643943468475703,0.45970671537006896,0.46373964924335676,0,-0.009159359531199951,Liquidity Bubble Or Valuation Stretch,Growth Up / Inflation Down,2018
2018-01-25,GLD,Gold,0.5457021979699013,0.46206382703204824,0.43376758572534163,0.4805112035757637,0,0.0007814808358339587,Liquidity Bubble Or Valuation Stretch,Growth Up / Inflation Down,2018
2018-01-26,GLD,Gold,0.5067147313576876,0.4634586945152806,0.4193106098768985,0.4631613452499555,0,-0.013117887393550687,Liquidity Bubble Or Valuation Stretch,Growth Up / Inflation Down,2018
2018-01-29,GLD,Gold,0.40128408960328976,0.46081365603710694,0.3930536789502053,0.4183838081968673,0,-0.0050255154873715124,Liquidity Bubble Or Valuation Stretch,Growth Up / Inflation Down,2018
2018-01-30,GLD,Gold,0.3617512544621516,0.45910770782400634,0.41948574371924374,0.41344823533513386,0,-0.011198783629052578,Liquidity Bubble Or Valuation Stretch,Growth Up / Inflation Down,2018
2018-01-31,GLD,Gold,0.32379705183432816,0.45256568351368875,0.398342815166845,0.39156851683828736,0,-0.02240501822298646,Liquidity Bubble Or Valuation Stretch,Growth Up / Inflation Down,2018
2018-02-01,GLD,Gold,0.4337508998145233,0.4619730945280442,0.41689333774035175,0.43753911069430645,0,-0.024127459909193072,Liquidity Bubble Or Valuation Stretch,Growth Up / Inflation Down,2018
2018-02-02,GLD,Gold,0.4580634857756805,0.45140957776662816,0.4938377427044938,0.4677702687489342,0,-0.012817491529434344,Liquidity Bubble Or Valuation Stretch,Growth Up / Inflation Down,2018
2018-02-05,GLD,Gold,0.4448423939804568,0.4615247268999015,0.4852435790908671,0.46387023332374183,0,-0.01057530066745005,Liquidity Bubble Or Valuation Stretch,Growth Up / Inflation Down,2018
2018-02-06,GLD,Gold,0.2752760117773132,0.46222780114830797,0.43157401955653374,0.389692610827385,1,0.005583064228513734,Liquidity Bubble Or Valuation Stretch,Growth Up / Inflation Down,2018
2018-02-07,GLD,Gold,0.30763484435197946,0.46588393875189754,0.4875968726811697,0.42037188526168223,1,0.027566269627165907,Liquidity Bubble Or Valuation Stretch,Growth Up / Inflation Down,2018
2018-02-08,GLD,Gold,0.37181974482253316,0.4667272565174688,0.4955445345046128,0.4446971786148716,1,0.02720436417471328,Liquidity Bubble Or Valuation Stretch,Growth Up / Inflation Down,2018
2018-02-09,GLD,Gold,0.32561554526253905,0.470676409448182,0.5194176732948107,0.4385698760018439,1,0.025567063614917007,Liquidity Bubble Or Valuation Stretch,Growth Up / Inflation Down,2018
2018-02-12,GLD,Gold,0.5214630660557926,0.4762148663976753,0.5651399111753538,0.5209392812096073,1,0.0069394201015220425,Liquidity Bubble Or Valuation Stretch,Growth Up / Inflation Down,2018
2018-02-13,GLD,Gold,0.5751809102434274,0.47108493775111,0.4884729343983868,0.5115795941309748,0,-0.003331203702773622,Liquidity Bubble Or Valuation Stretch,Growth Up / Inflation Down,2018
2018-02-14,GLD,Gold,0.5516520372508239,0.4715441215807358,0.5254183829285144,0.516204847253358,0,-0.01505102347411802,Liquidity Bubble Or Valuation Stretch,Growth Up / Inflation Down,2018
2018-02-15,GLD,Gold,0.44023641948433745,0.4694177452256795,0.418857930061707,0.44283736492390796,0,-0.01744824277899648,Liquidity Bubble Or Valuation Stretch,Growth Up / Inflation Down,2018
2018-02-16,GLD,Gold,0.3383901327544805,0.4644310278176211,0.3983855904261784,0.40040225033276,0,-0.011800579454784521,Liquidity Bubble Or Valuation Stretch,Growth Up / Inflation Down,2018
2018-02-20,GLD,Gold,0.3372474239541476,0.4572154028110771,0.3171235038003017,0.3705287768551755,0,-0.00879278064904121,Liquidity Bubble Or Valuation Stretch,Growth Up / Inflation Down,2018
2018-02-21,GLD,Gold,0.37861291078831416,0.4620220358901132,0.2958247216331557,0.37881988943719436,0,-0.005252297014761154,Liquidity Bubble Or Valuation Stretch,Growth Up / Inflation Down,2018
2018-02-22,GLD,Gold,0.34165500962182466,0.4656846041742617,0.3232425513365399,0.3768607217108754,0,-0.012509911265854878,Liquidity Bubble Or Valuation Stretch,Growth Up / Inflation Down,2018
2018-02-23,GLD,Gold,0.34687731735779626,0.4769429500967833,0.3758102952947632,0.39987685424978087,0,-0.00594577456499934,Liquidity Bubble Or Valuation Stretch,Growth Up / Inflation Down,2018
2018-02-26,GLD,Gold,0.3402391753403266,0.4715729542711214,0.34457157425307783,0.38546123462150855,0,-0.010043469147620776,Liquidity Bubble Or Valuation Stretch,Growth Up / Inflation Down,2018
2018-02-27,GLD,Gold,0.41649139259578927,0.46992298101819613,0.30684409279207103,0.3977528221353521,1,0.011188376541266587,Liquidity Bubble Or Valuation Stretch,Growth Up / Inflation Down,2018
2018-02-28,GLD,Gold,0.38442809712062376,0.476757692704722,0.35058410437397874,0.4039232980664415,1,0.005760009765624963,Liquidity Bubble Or Valuation Stretch,Growth Up / Inflation Down,2018
2018-03-01,GLD,Gold,0.37871507763538803,0.47285564423040816,0.3694112463524497,0.40699398940608195,1,0.0056125476378361405,Liquidity Bubble Or Valuation Stretch,Growth Up / Inflation Down,2018
2018-03-02,GLD,Gold,0.4567218765635862,0.46313321028501087,0.4529778335059585,0.4576109734515185,0,0.0011962798198346114,Liquidity Bubble Or Valuation Stretch,Growth Up / Inflation Down,2018
2018-03-05,GLD,Gold,0.5508736328083933,0.4705754504981666,0.4851500531053826,0.5021997121373142,1,0.0028758636321610798,Liquidity Bubble Or Valuation Stretch,Growth Up / Inflation Down,2018
2018-03-06,GLD,Gold,0.5327763280718337,0.47048542137257976,0.4427580664571815,0.48200660530053163,0,-0.005927448093224208,Liquidity Bubble Or Valuation Stretch,Growth Up / Inflation Down,2018
2018-03-07,GLD,Gold,0.45443548958792623,0.46268086734965463,0.3685482663513349,0.4285548744296386,0,-0.0001591176604096578,Liquidity Bubble Or Valuation Stretch,Growth Up / Inflation Down,2018
2018-03-08,GLD,Gold,0.3881925828234845,0.4528246383909254,0.34216324779437174,0.3943934896695939,0,-0.004146042502456093,Liquidity Bubble Or Valuation Stretch,Growth Up / Inflation Down,2018
2018-03-09,GLD,Gold,0.37472925346890723,0.4547432937631839,0.32229411142631464,0.383922219552802,0,-0.007487672730214112,Liquidity Bubble Or Valuation Stretch,Growth Up / Inflation Down,2018
2018-03-12,GLD,Gold,0.47833203762037313,0.453727477921414,0.30922730403484955,0.4137622731922122,0,-0.005336929775841992,Liquidity Bubble Or Valuation Stretch,Growth Up / Inflation Down,2018
2018-03-13,GLD,Gold,0.3464311596722403,0.4533173660119533,0.31122685141599543,0.37032512570006304,0,-0.011687082485049904,Liquidity Bubble Or Valuation Stretch,Growth Up / Inflation Down,2018
2018-03-14,GLD,Gold,0.477186749012432,0.4586253055664526,0.3230310186860267,0.4196143577549704,1,0.00620530173133238,Liquidity Bubble Or Valuation Stretch,Growth Up / Inflation Down,2018
2018-03-15,GLD,Gold,0.5321893394242232,0.47238881401321586,0.40090471894336815,0.46849429079360244,1,0.008646932088554937,Liquidity Bubble Or Valuation Stretch,Growth Up / Inflation Down,2018
2018-03-16,GLD,Gold,0.5343701141139913,0.47176525236053407,0.4098862843404257,0.472007216938317,1,0.024157320811329264,Liquidity Bubble Or Valuation Stretch,Growth Up / Inflation Down,2018
2018-03-19,GLD,Gold,0.6000859275770027,0.4778536440249664,0.5087758461029597,0.5289051392349763,1,0.02730836836478079,Liquidity Bubble Or Valuation Stretch,Growth Up / Inflation Down,2018
2018-03-20,GLD,Gold,0.581046220686747,0.48207163987207985,0.49713666785705907,0.5200848428052953,1,0.0255812112270124,Liquidity Bubble Or Valuation Stretch,Growth Up / Inflation Down,2018
2018-03-21,GLD,Gold,0.5045830134215551,0.4752133257928636,0.4301584917012523,0.469984943638557,0,-0.005929791113963301,Liquidity Bubble Or Valuation Stretch,Growth Up / Inflation Down,2018
2018-03-22,GLD,Gold,0.5428224046857234,0.46610535530880093,0.3734238822422861,0.4607838807456035,0,-0.0015081952400646248,Liquidity Bubble Or Valuation Stretch,Growth Up / Inflation Down,2018
2018-03-23,GLD,Gold,0.53884227047744,0.4800569161471978,0.4163386024417242,0.47841259635545397,0,-0.002742719790354009,Liquidity Bubble Or Valuation Stretch,Growth Up / Inflation Down,2018
2018-03-26,GLD,Gold,0.5303867837817886,0.4730841386130097,0.38771745778140293,0.4637294600587338,0,-0.015434952809327718,Liquidity Bubble Or Valuation Stretch,Growth Up / Inflation Down,2018
2018-03-27,GLD,Gold,0.45203311810521574,0.48013798548559017,0.3766963874519185,0.43628916368090814,0,-0.008157509867077195,Liquidity Bubble Or Valuation Stretch,Growth Up / Inflation Down,2018
2018-03-28,GLD,Gold,0.51257559348416,0.4769154333524756,0.38550150792595456,0.4583308449208634,0,0.0005567461461486456,Liquidity Bubble Or Valuation Stretch,Growth Up / Inflation Down,2018
2018-03-29,GLD,Gold,0.48302195299128287,0.4823197664306608,0.4363722262356519,0.4672379818858652,1,0.004769842354353848,Liquidity Bubble Or Valuation Stretch,Growth Up / Inflation Down,2018
2018-04-02,GLD,Gold,0.4377873023284184,0.4683017207109317,0.4466943100083081,0.4509277776825527,0,-0.003457507732360643,Liquidity Bubble Or Valuation Stretch,Growth Up / Inflation Up,2018
2018-04-03,GLD,Gold,0.6341105455902116,0.48906693511046256,0.46369002124940517,0.5289558339833599,1,0.006492475653291807,Liquidity Bubble Or Valuation Stretch,Growth Up / Inflation Up,2018
2018-04-04,GLD,Gold,0.44269671545206135,0.46762215336433705,0.4356245277431346,0.4486477988531776,1,0.01312774774355141,Liquidity Bubble Or Valuation Stretch,Growth Up / Inflation Up,2018
2018-04-05,GLD,Gold,0.45296067731651657,0.4652294807569519,0.42377556022172336,0.4473219060983973,1,0.006518280404864907,Liquidity Bubble Or Valuation Stretch,Growth Up / Inflation Up,2018
2018-04-06,GLD,Gold,0.4788186974741982,0.468848225582404,0.37641733604010363,0.44136141969890197,1,0.008386720181284835,Liquidity Bubble Or Valuation Stretch,Growth Up / Inflation Up,2018
2018-04-09,GLD,Gold,0.44425386756254265,0.477401793455906,0.4315782582606479,0.45107797309303216,1,0.006386985968639847,Liquidity Bubble Or Valuation Stretch,Growth Up / Inflation Up,2018
2018-04-10,GLD,Gold,0.40652814192329456,0.47842554479688526,0.34309328365633096,0.4093489901255036,1,0.00495592542327028,Liquidity Bubble Or Valuation Stretch,Growth Up / Inflation Up,2018
2018-04-11,GLD,Gold,0.3674573907082109,0.46512519780700434,0.3585530748365057,0.39704522111724033,0,-0.0020295225586741683,Liquidity Bubble Or Valuation Stretch,Growth Up / Inflation Up,2018
2018-04-12,GLD,Gold,0.3856525304200422,0.4626846473060036,0.31876501560241866,0.38903406444282146,1,0.007739659661044396,Liquidity Bubble Or Valuation Stretch,Growth Up / Inflation Up,2018
2018-04-13,GLD,Gold,0.5473149025311167,0.4711261470847006,0.32371084092333546,0.447383963513051,0,-0.006433893404934499,Liquidity Bubble Or Valuation Stretch,Growth Up / Inflation Up,2018
2018-04-16,GLD,Gold,0.42626152163847253,0.45582119090896206,0.3013938622304908,0.3944921915926418,0,-0.015748605736039867,Liquidity Bubble Or Valuation Stretch,Growth Up / Inflation Up,2018
2018-04-17,GLD,Gold,0.45747014077110687,0.4603413160295596,0.34004361404015787,0.4192850236136081,0,-0.011898212470187186,Liquidity Bubble Or Valuation Stretch,Growth Up / Inflation Up,2018
2018-04-18,GLD,Gold,0.5605596374921602,0.46611375328681764,0.45960129020307205,0.49542489366068326,0,-0.019084824725325356,Liquidity Bubble Or Valuation Stretch,Growth Up / Inflation Up,2018
2018-04-19,GLD,Gold,0.5676607805519375,0.4610012594535812,0.40215725545844383,0.47693976515465414,0,-0.02061126398799573,Liquidity Bubble Or Valuation Stretch,Growth Up / Inflation Up,2018
2018-04-20,GLD,Gold,0.6107183189091607,0.46472588199709997,0.33661921961127855,0.4706878068391797,0,-0.008923614293038007,Liquidity Bubble Or Valuation Stretch,Growth Up / Inflation Up,2018
2018-04-23,GLD,Gold,0.5545650306171833,0.4587924298941664,0.43862275821175106,0.4839934062410336,0,-0.008199382153885826,Liquidity Bubble Or Valuation Stretch,Growth Up / Inflation Up,2018
2018-04-24,GLD,Gold,0.5261570763264929,0.4772772148297642,0.4479684226169095,0.48380090459105557,0,-0.019963591899267108,Liquidity Bubble Or Valuation Stretch,Growth Up / Inflation Up,2018
2018-04-25,GLD,Gold,0.599866935496078,0.4842335808732265,0.3905162830775513,0.4915389331489519,0,-0.014033985207212218,Liquidity Bubble Or Valuation Stretch,Growth Up / Inflation Up,2018
2018-04-26,GLD,Gold,0.5401164993638025,0.47901954022025334,0.4681836469238156,0.49577322883595715,0,-0.005521344600034617,Liquidity Bubble Or Valuation Stretch,Growth Up / Inflation Up,2018
2018-04-27,GLD,Gold,0.46525614245478975,0.48363633842921777,0.4073477665087847,0.45208008246426407,0,-0.007649395095399636,Liquidity Bubble Or Valuation Stretch,Growth Up / Inflation Up,2018
2018-04-30,GLD,Gold,0.5090000932121179,0.4864335396492752,0.38456843250122186,0.460000688454205,0,-0.0001604995878816684,Liquidity Bubble Or Valuation Stretch,Growth Up / Inflation Up,2018
2018-05-01,GLD,Gold,0.5610129462009711,0.4917765975561556,0.5329942383296066,0.5285945940289111,1,0.007113388246144048,Liquidity Bubble Or Valuation Stretch,Growth Up / Inflation Up,2018
2018-05-02,GLD,Gold,0.419662001608764,0.4526473556049508,0.407827269164293,0.4267122087926693,1,0.005499395849448918,Liquidity Bubble Or Valuation Stretch,Growth Up / Inflation Up,2018
2018-05-03,GLD,Gold,0.43739719984109443,0.4563064593494966,0.43240211859134353,0.44203525926064485,1,0.0072417246115135114,Liquidity Bubble Or Valuation Stretch,Growth Up / Inflation Up,2018
2018-05-04,GLD,Gold,0.4545827313716237,0.4615297067553532,0.3780618659957344,0.43139143470757046,1,0.003693585041681935,Liquidity Bubble Or Valuation Stretch,Growth Up / Inflation Up,2018
2018-05-07,GLD,Gold,0.45115766616098046,0.46293016144627047,0.30666998811061713,0.406919271905956,0,-0.0006422239002221719,Liquidity Bubble Or Valuation Stretch,Growth Up / Inflation Up,2018
2018-05-08,GLD,Gold,0.4648586405053577,0.4596443108791229,0.3405008402049049,0.4216679305297952,0,-0.01693549276006623,Liquidity Bubble Or Valuation Stretch,Growth Up / Inflation Up,2018
2018-05-09,GLD,Gold,0.4535722167056503,0.4807488780124926,0.40830263878527356,0.4475412445011388,0,-0.016407953715784518,Liquidity Bubble Or Valuation Stretch,Growth Up / Inflation Up,2018
2018-05-10,GLD,Gold,0.4667153143414194,0.48682850921067894,0.44140784962760143,0.46498389105989996,0,-0.022527557820333555,Liquidity Bubble Or Valuation Stretch,Growth Up / Inflation Up,2018
2018-05-11,GLD,Gold,0.5132877811258073,0.47877641301237683,0.4596572194421897,0.48390713786012457,0,-0.020719970703125035,Liquidity Bubble Or Valuation Stretch,Growth Up / Inflation Up,2018
2018-05-14,GLD,Gold,0.4708634232217509,0.48586150719262533,0.45784873361311357,0.47152455467582993,0,-0.01614583132241265,Liquidity Bubble Or Valuation Stretch,Growth Up / Inflation Up,2018
2018-05-15,GLD,Gold,0.46477240957751514,0.492234217993638,0.4966236792922826,0.48454343562114527,0,-0.0005715193738216051,Liquidity Bubble Or Valuation Stretch,Growth Up / Inflation Up,2018
2018-05-16,GLD,Gold,0.5608012373367508,0.5032951279872654,0.5257891665350483,0.5299618439530215,1,0.0020443208612999086,Liquidity Bubble Or Valuation Stretch,Growth Up / Inflation Up,2018
2018-05-17,GLD,Gold,0.5792837566743643,0.5098323276744918,0.6072534600569186,0.5654565148019249,1,0.010052269707450545,Liquidity Bubble Or Valuation Stretch,Growth Up / Inflation Up,2018
2018-05-18,GLD,Gold,0.6245172065717168,0.504574377236088,0.6248811119276467,0.5846575652451506,1,0.006535376181929786,Liquidity Bubble Or Valuation Stretch,Growth Up / Inflation Up,2018
2018-05-21,GLD,Gold,0.5119114464936648,0.5003395118323849,0.5010296885741077,0.5044268823000525,1,0.005796857160458746,Liquidity Bubble Or Valuation Stretch,Growth Up / Inflation Up,2018
2018-05-22,GLD,Gold,0.4332720873095362,0.5029352764215969,0.466322483337715,0.4675099490229493,1,0.007842488814252091,Liquidity Bubble Or Valuation Stretch,Growth Up / Inflation Up,2018
2018-05-23,GLD,Gold,0.538601012742614,0.49727512044455335,0.4451452631948749,0.4936737987940141,1,0.0045699163898307305,Liquidity Bubble Or Valuation Stretch,Growth Up / Inflation Up,2018
2018-05-24,GLD,Gold,0.6152146800877123,0.5062627933757101,0.4606673636527654,0.5273816123720626,0,-0.008900384389637361,Liquidity Bubble Or Valuation Stretch,Growth Up / Inflation Up,2018
2018-05-25,GLD,Gold,0.534384278461908,0.5024303472125259,0.47115792457155353,0.5026575167486624,0,-0.00681759876740784,Liquidity Bubble Or Valuation Stretch,Growth Up / Inflation Up,2018
2018-05-29,GLD,Gold,0.47542817326988557,0.49789019196986184,0.44798680624185727,0.47376839049386826,0,-0.002759996432720846,Liquidity Bubble Or Valuation Stretch,Growth Up / Inflation Up,2018
2018-05-30,GLD,Gold,0.44892520387895324,0.4901089239244007,0.4709231698798222,0.46998576589439206,0,-0.0036476012613948505,Liquidity Bubble Or Valuation Stretch,Growth Up / Inflation Up,2018
2018-05-31,GLD,Gold,0.4776192709863486,0.49124018897403265,0.4805082730709571,0.4831225776771128,0,-0.0019496171140894747,Liquidity Bubble Or Valuation Stretch,Growth Up / Inflation Up,2018
2018-06-01,GLD,Gold,0.5236318254925464,0.49424828455156217,0.4582558338319125,0.49204531462534035,1,0.004245279463873208,Liquidity Bubble Or Valuation Stretch,Growth Up / Inflation Up,2018
2018-06-04,GLD,Gold,0.5034061931024311,0.49282333846838855,0.49382390941491,0.49668448032857654,1,0.007027871137116337,Liquidity Bubble Or Valuation Stretch,Growth Up / Inflation Up,2018
2018-06-05,GLD,Gold,0.4004618078248348,0.4921316320673858,0.4667598638526288,0.4531177679149498,0,-0.0002441903106998877,Liquidity Bubble Or Valuation Stretch,Growth Up / Inflation Up,2018
2018-06-06,GLD,Gold,0.38246346210874177,0.4893919761412876,0.35067303802567074,0.40750949209190007,1,0.002196585392800321,Liquidity Bubble Or Valuation Stretch,Growth Up / Inflation Up,2018
2018-06-07,GLD,Gold,0.4317301434481838,0.4935519912147207,0.3851749034641424,0.43681901270901563,1,0.004232432365970595,Liquidity Bubble Or Valuation Stretch,Growth Up / Inflation Up,2018
2018-06-08,GLD,Gold,0.3887861459417338,0.4924826415904733,0.3810431122839891,0.4207706332720654,0,-0.013576178923160653,Liquidity Bubble Or Valuation Stretch,Growth Up / Inflation Up,2018
2018-06-11,GLD,Gold,0.3213126626345804,0.48532922883454094,0.46781873020161663,0.4248202072235793,0,-0.017203624838355913,Liquidity Bubble Or Valuation Stretch,Growth Up / Inflation Up,2018
2018-06-12,GLD,Gold,0.34915225312475967,0.4838166967722865,0.41668127406301675,0.4165500746533543,0,-0.016446805472118298,Liquidity Bubble Or Valuation Stretch,Growth Up / Inflation Up,2018
2018-06-13,GLD,Gold,0.4514133813941583,0.4868283531284382,0.4330935445889255,0.4571117597038407,0,-0.023784400090172908,Liquidity Bubble Or Valuation Stretch,Growth Up / Inflation Up,2018
2018-06-14,GLD,Gold,0.45914491223155646,0.4766292336973763,0.5146039412395502,0.48345936238949433,0,-0.026989741252955834,Liquidity Bubble Or Valuation Stretch,Growth Up / Inflation Up,2018
2018-06-15,GLD,Gold,0.42505537436354374,0.4807923626171435,0.4701470062139325,0.4586649143982066,0,-0.00824130567150616,Liquidity Bubble Or Valuation Stretch,Growth Up / Inflation Up,2018
2018-06-18,GLD,Gold,0.5131375695891277,0.5084804004087952,0.6607029522631721,0.5607736407536983,0,-0.010073496941249704,Liquidity Bubble Or Valuation Stretch,Growth Up / Inflation Up,2018
2018-06-19,GLD,Gold,0.4613904144033605,0.501362734936262,0.5339123766339434,0.49888850865785533,0,-0.012748351627669408,Liquidity Bubble Or Valuation Stretch,Growth Up / Inflation Up,2018
2018-06-20,GLD,Gold,0.4686979914935984,0.4987605815414758,0.46994031061304287,0.47913296121603904,0,-0.013969734536281475,Liquidity Bubble Or Valuation Stretch,Growth Up / Inflation Up,2018
2018-06-21,GLD,Gold,0.615426018843644,0.5134971223552761,0.5765337755869909,0.568485638928637,0,-0.015243663344729041,Liquidity Bubble Or Valuation Stretch,Growth Up / Inflation Up,2018
2018-06-22,GLD,Gold,0.5530884608536659,0.503261088834314,0.5707830702956299,0.5423775399945366,0,-0.014043500610275483,Liquidity Bubble Or Valuation Stretch,Growth Up / Inflation Up,2018
2018-06-25,GLD,Gold,0.44935618960730433,0.5034120204725112,0.5059482762562255,0.48623882877868035,0,-0.020268582179887695,Liquidity Bubble Or Valuation Stretch,Growth Up / Inflation Up,2018
2018-06-26,GLD,Gold,0.4137058047249582,0.5168688746887754,0.6463332092816373,0.5256359628984569,0,-0.005114880089091112,Liquidity Bubble Or Valuation Stretch,Growth Up / Inflation Up,2018
2018-06-27,GLD,Gold,0.4578070550551577,0.5063017431690225,0.5578721744968335,0.5073269909070045,1,0.003963579131772699,Liquidity Bubble Or Valuation Stretch,Growth Up / Inflation Up,2018
2018-06-28,GLD,Gold,0.40744133649995196,0.49808991292749355,0.6845264542553746,0.53001923456094,1,0.005413630375909362,Liquidity Bubble Or Valuation Stretch,Growth Up / Inflation Up,2018
2018-06-29,GLD,Gold,0.35921517563088134,0.4922899016025272,0.7206937274589433,0.524066268230784,1,0.004214074956340852,Liquidity Bubble Or Valuation Stretch,Growth Up / Inflation Up,2018
2018-07-02,GLD,Gold,0.42996268431923956,0.5031271865161245,0.7237283955891006,0.5522727554748216,1,0.012514909178961808,Inflationary Boom,Growth Up / Inflation Up,2018
2018-07-03,GLD,Gold,0.37198929421068333,0.49543116506328816,0.7486044472193649,0.5386749688311121,0,-0.008512449416278933,Inflationary Boom,Growth Up / Inflation Up,2018
2018-07-05,GLD,Gold,0.43289129068454024,0.5080585038296881,0.7234353353883323,0.5547950433008535,0,-0.007727893950072895,Inflationary Boom,Growth Up / Inflation Up,2018
2018-07-06,GLD,Gold,0.5099304302919667,0.5052575420789731,0.7494381118695941,0.5882086947468447,0,-0.01051657406681128,Inflationary Boom,Growth Up / Inflation Up,2018
2018-07-09,GLD,Gold,0.6015872812421903,0.5140475067258956,0.7350144463887471,0.6168830781189444,0,-0.013428438553343858,Inflationary Boom,Growth Up / Inflation Up,2018
2018-07-10,GLD,Gold,0.46861795195211126,0.5119763292292758,0.7162928600268609,0.565629047069416,0,-0.022282027403337845,Inflationary Boom,Growth Up / Inflation Up,2018
2018-07-11,GLD,Gold,0.45848350938657745,0.5204115387026567,0.7471966979180342,0.575363915335756,0,-0.011305693964256514,Inflationary Boom,Growth Up / Inflation Up,2018
2018-07-12,GLD,Gold,0.40814512501419886,0.518213144064516,0.745706337851011,0.5573548689765753,0,-0.019639378216925296,Inflationary Boom,Growth Up / Inflation Up,2018
2018-07-13,GLD,Gold,0.3874092044282271,0.5095849486834241,0.735297218127761,0.5440971237464708,0,-0.008927838162645085,Inflationary Boom,Growth Up / Inflation Up,2018
2018-07-16,GLD,Gold,0.4846880870056572,0.5147785474360681,0.6972229894265192,0.5655632079560815,0,-0.013185903968674029,Inflationary Boom,Growth Up / Inflation Up,2018
2018-07-17,GLD,Gold,0.45078533994705206,0.5034461845870374,0.7115206360961102,0.5552507202100666,0,-0.0020639651383644875,Inflationary Boom,Growth Up / Inflation Up,2018
2018-07-18,GLD,Gold,0.503428850016869,0.5044016781715289,0.8051024998313323,0.6043110093399101,1,0.0031811774941843396,Inflationary Boom,Growth Up / Inflation Up,2018
2018-07-19,GLD,Gold,0.4831004279701537,0.5179974940176999,0.7697681293604748,0.5902886837827761,0,-0.0003454012293464537,Inflationary Boom,Growth Up / Inflation Up,2018
2018-07-20,GLD,Gold,0.43076593622198733,0.4998730175071143,0.7453175547972222,0.5586521695087746,0,-0.006262832385288131,Inflationary Boom,Growth Up / Inflation Up,2018
2018-07-23,GLD,Gold,0.3816168919924955,0.5074678569081972,0.669291923122766,0.5194588906744863,0,-0.0030172282251818006,Inflationary Boom,Growth Up / Inflation Up,2018
2018-07-24,GLD,Gold,0.44392413545880777,0.5132993143609993,0.6905795895604491,0.5492676797934187,0,-0.00043091219720181595,Inflationary Boom,Growth Up / Inflation Up,2018
2018-07-25,GLD,Gold,0.3943082054457759,0.5103016675350814,0.5506819540863966,0.48509727568908473,0,-0.01319849941291984,Inflationary Boom,Growth Up / Inflation Up,2018
2018-07-26,GLD,Gold,0.3791729807888952,0.5155401440635159,0.6232599377644611,0.5059910208722908,0,-0.010797270763114097,Inflationary Boom,Growth Up / Inflation Up,2018
2018-07-27,GLD,Gold,0.3570611257870179,0.5086959460748539,0.5451255148116231,0.47029419555783164,0,-0.007856372681722568,Inflationary Boom,Growth Up / Inflation Up,2018
2018-07-30,GLD,Gold,0.4859356256101146,0.514742775212225,0.6416855488310751,0.5474546498844716,0,-0.011413745589349156,Inflationary Boom,Growth Up / Inflation Up,2018
2018-07-31,GLD,Gold,0.33046931572626764,0.4988144826385404,0.5771233097047395,0.4688023693565158,0,-0.012070019412563582,Inflationary Boom,Growth Up / Inflation Up,2018
2018-08-01,GLD,Gold,0.3480261914031743,0.5002680482756406,0.538398111198321,0.46223078362571196,0,-0.0019975310817983427,Inflationary Boom,Growth Up / Inflation Up,2018
2018-08-02,GLD,Gold,0.6218655189520791,0.4964087323770233,0.5520374497053687,0.5567705670114904,1,0.0019210725388756345,Inflationary Boom,Growth Up / Inflation Up,2018
2018-08-03,GLD,Gold,0.6063609329640771,0.49973487614407885,0.5900426790574596,0.5653794960552051,0,-0.002001355127076665,Inflationary Boom,Growth Up / Inflation Up,2018
2018-08-06,GLD,Gold,0.5727781864284449,0.5056601198449092,0.5662804146242024,0.5482395736325189,0,-0.01198288047442253,Inflationary Boom,Growth Up / Inflation Up,2018
2018-08-07,GLD,Gold,0.5030315123412471,0.5086676206129624,0.6153868020540066,0.5423619783360721,0,-0.013264653910838864,Inflationary Boom,Growth Up / Inflation Up,2018
2018-08-08,GLD,Gold,0.5966082656927487,0.50770711518543,0.6487198389700701,0.5843450732827496,0,-0.032373171196145134,Inflationary Boom,Growth Up / Inflation Up,2018
2018-08-09,GLD,Gold,0.5185374865837099,0.5159624299010788,0.6436813722626749,0.5593937629158212,0,-0.03172389277861243,Inflationary Boom,Growth Up / Inflation Up,2018
2018-08-10,GLD,Gold,0.5594279902511976,0.5183936085838708,0.6703448325441833,0.582722143793084,0,-0.02232108408312361,Inflationary Boom,Growth Up / Inflation Up,2018
2018-08-13,GLD,Gold,0.3457332718310248,0.5114612566389577,0.5821257532325561,0.47977342723417954,0,-0.0023901969303709025,Inflationary Boom,Growth Up / Inflation Up,2018
2018-08-14,GLD,Gold,0.36584654865946586,0.511710981343155,0.6627237063942432,0.5134270787989547,0,-0.00044223093563966476,Inflationary Boom,Growth Up / Inflation Up,2018
2018-08-15,GLD,Gold,0.3969124930380881,0.5096169614674533,0.6094585242525533,0.5053293262526982,1,0.018706665671279765,Inflationary Boom,Growth Up / Inflation Up,2018
2018-08-16,GLD,Gold,0.3865099627948067,0.5194794568179071,0.6327763725651251,0.5129219307259464,1,0.009900976500709202,Inflationary Boom,Growth Up / Inflation Up,2018
2018-08-17,GLD,Gold,0.4202017793409199,0.5122906131549612,0.6861071637218299,0.5395331854059037,1,0.018104044041876932,Inflationary Boom,Growth Up / Inflation Up,2018
2018-08-20,GLD,Gold,0.43444606220858906,0.5149032020790584,0.7206805222237302,0.5566765955037926,1,0.016860358996551472,Inflationary Boom,Growth Up / Inflation Up,2018
2018-08-21,GLD,Gold,0.3617015558424364,0.5096532792466513,0.6694595178817667,0.5136047843236181,1,0.00583970696967695,Inflationary Boom,Growth Up / Inflation Up,2018
2018-08-22,GLD,Gold,0.4658178470842469,0.506974904927631,0.6642694890091828,0.5456874136736869,1,0.008210473494639325,Inflationary Boom,Growth Up / Inflation Up,2018
2018-08-23,GLD,Gold,0.49701582407578,0.5107619986190227,0.5709549691152148,0.5262442639366726,1,0.0128342467074265,Inflationary Boom,Growth Up / Inflation Up,2018
2018-08-24,GLD,Gold,0.4255189345063122,0.5109385976986348,0.5974762901458682,0.5113112741169384,0,-0.00569377632294743,Inflationary Boom,Growth Up / Inflation Up,2018
2018-08-27,GLD,Gold,0.4128265883881044,0.49702866849670363,0.48665615423856,0.4655038037077894,0,-0.014486395721839629,Inflationary Boom,Growth Up / Inflation Up,2018
2018-08-28,GLD,Gold,0.3983024563818393,0.49024518055983324,0.473253808853093,0.45393381526492177,0,-0.00316678931549208,Inflationary Boom,Growth Up / Inflation Up,2018
2018-08-29,GLD,Gold,0.44962846398951434,0.4906971424477707,0.5273450857646999,0.4892235640673283,0,-0.005779299915515512,Inflationary Boom,Growth Up / Inflation Up,2018
2018-08-30,GLD,Gold,0.49823682058784013,0.48487132766122465,0.38165215129398933,0.4549200998476847,0,-0.0036078496560797424,Inflationary Boom,Growth Up / Inflation Up,2018
2018-08-31,GLD,Gold,0.4603155167384515,0.4915124711687185,0.43554756295099656,0.4624585169527222,0,-0.003171532055117998,Inflationary Boom,Growth Up / Inflation Up,2018
2018-09-04,GLD,Gold,0.4072747881121418,0.47548200273992114,0.43001211172883624,0.437589634193633,1,0.002567970554712362,Inflationary Boom,Growth Up / Inflation Up,2018
2018-09-05,GLD,Gold,0.48781216427344515,0.49450296083600265,0.4332571254144361,0.4718574168412946,1,0.007500869011738187,Inflationary Boom,Growth Up / Inflation Up,2018
2018-09-06,GLD,Gold,0.4893577915275017,0.49649894159540653,0.46719387861005224,0.4843502039109868,1,0.0019376538570472501,Inflationary Boom,Growth Up / Inflation Up,2018
2018-09-07,GLD,Gold,0.4913670499760133,0.4947788073815076,0.5210357625017559,0.5023938732864256,0,-0.001854691403701425,Inflationary Boom,Growth Up / Inflation Up,2018
2018-09-10,GLD,Gold,0.5263751502157761,0.4884900782376223,0.49448324314742276,0.5031161572002737,1,0.004065391765526893,Inflationary Boom,Growth Up / Inflation Up,2018
2018-09-11,GLD,Gold,0.47696929799393306,0.49397533489245815,0.48999793388736584,0.4869808555912523,1,0.0019431303509198639,Inflationary Boom,Growth Up / Inflation Up,2018
2018-09-12,GLD,Gold,0.420376975916223,0.4811136249362582,0.4454190416145631,0.4489698808223481,0,-0.002540079882441648,Inflationary Boom,Growth Up / Inflation Up,2018
2018-09-13,GLD,Gold,0.477931107009831,0.48059560714452426,0.3834525800704099,0.447326431408255,1,0.00448307399137704,Inflationary Boom,Growth Up / Inflation Up,2018
2018-09-14,GLD,Gold,0.47194373634101083,0.4794639237787481,0.40783892770534796,0.45308219594170235,1,0.0041585669320753915,Inflationary Boom,Growth Up / Inflation Up,2018
2018-09-17,GLD,Gold,0.47122914993828924,0.49019785809815763,0.5292011967696143,0.496876068268687,0,-0.0012322805113661461,Inflationary Boom,Growth Up / Inflation Up,2018
2018-09-18,GLD,Gold,0.446194859864262,0.48521433950209364,0.4332025094934609,0.4548705696199388,1,0.0018511907612230871,Inflationary Boom,Growth Up / Inflation Up,2018
2018-09-19,GLD,Gold,0.5113750855666617,0.4848384007650888,0.4697059212853415,0.48863980253903067,0,-0.007288322986285012,Inflationary Boom,Growth Up / Inflation Up,2018
2018-09-20,GLD,Gold,0.5227859323796651,0.485157164798076,0.5526921944700293,0.5202117638825902,0,-0.019427615791772213,Inflationary Boom,Growth Up / Inflation Up,2018
2018-09-21,GLD,Gold,0.5652101376194959,0.4878338759424485,0.5733960550472188,0.5421466895363877,0,-0.006432247257730395,Inflationary Boom,Growth Up / Inflation Up,2018
2018-09-24,GLD,Gold,0.5522052109303565,0.4860497092109265,0.5645800603234741,0.5342783268215857,0,-0.00793162524188551,Inflationary Boom,Growth Up / Inflation Up,2018
2018-09-25,GLD,Gold,0.4932557598329789,0.5005065160982562,0.542092984362559,0.5119517534312648,1,0.001935778422783585,Inflationary Boom,Growth Up / Inflation Up,2018
2018-09-26,GLD,Gold,0.507842318302317,0.4923955971017817,0.5367813686903021,0.5123397613648003,1,0.003272844822641119,Inflationary Boom,Growth Up / Inflation Up,2018
2018-09-27,GLD,Gold,0.5143554748155874,0.5028629164253009,0.5054012145232561,0.5075398685880481,1,0.01276216212609338,Inflationary Boom,Growth Up / Inflation Up,2018
2018-09-28,GLD,Gold,0.5781979206933108,0.5062423717474708,0.6380827483224244,0.5741743469210686,1,0.009223136713591762,Inflationary Boom,Growth Up / Inflation Up,2018
2018-10-01,GLD,Gold,0.608569336427031,0.5070167042802324,0.6581588211751304,0.5912482872941313,0,-0.00026649000069467466,Inflationary Boom,Growth Up / Inflation Up,2018
2018-10-02,GLD,Gold,0.5053328482253713,0.4944109031517477,0.4919966419990142,0.49724679779204445,0,-0.011153106541038182,Inflationary Boom,Growth Up / Inflation Up,2018
2018-10-03,GLD,Gold,0.44668367210024224,0.47100351142839303,0.3934241587101435,0.43703711407959295,0,-0.004761073216761891,Inflationary Boom,Growth Up / Inflation Up,2018
2018-10-04,GLD,Gold,0.475202984511565,0.47744153329993716,0.476956711623731,0.47653374314507774,1,0.020267847676466832,Inflationary Boom,Growth Up / Inflation Up,2018
2019-04-02,GLD,Gold,0.23385682930529797,0.42014527485327696,0.19757208888382394,0.2838580643474663,1,0.009591721075147941,Fragile Late-Cycle Watch,Growth Down / Inflation Down,2019
2019-04-03,GLD,Gold,0.2230405736544727,0.4130643907108199,0.22487172170565684,0.2869922286903165,1,0.014203577045921012,Fragile Late-Cycle Watch,Growth Down / Inflation Down,2019
2019-04-04,GLD,Gold,0.24280470263692983,0.41385582250329245,0.21990341962722093,0.2921879815891477,0,-0.0013103239809156841,Fragile Late-Cycle Watch,Growth Down / Inflation Down,2019
2019-04-05,GLD,Gold,0.259165577809348,0.41134165765701525,0.2090221614517507,0.29317646563937133,0,-0.0012297222639023886,Fragile Late-Cycle Watch,Growth Down / Inflation Down,2019
2019-04-08,GLD,Gold,0.29221739002853075,0.4325476848698912,0.2869938311355876,0.3372529686780032,0,-0.007427994826883277,Fragile Late-Cycle Watch,Growth Down / Inflation Down,2019
2019-04-09,GLD,Gold,0.18586424330488285,0.42288650796202343,0.30318601847054955,0.3039789232458186,0,-0.02143726639819543,Fragile Late-Cycle Watch,Growth Down / Inflation Down,2019
2019-04-10,GLD,Gold,0.18519571792115724,0.4222985247631026,0.3009196573257136,0.3028046333366578,0,-0.026309398786658833,Fragile Late-Cycle Watch,Growth Down / Inflation Down,2019
2019-04-11,GLD,Gold,0.20885232528602085,0.4260299251861852,0.2821103428659792,0.3056641977793951,0,-0.012956082338655084,Fragile Late-Cycle Watch,Growth Down / Inflation Down,2019
2019-04-12,GLD,Gold,0.23020227485561023,0.4324876070158685,0.30550066318332963,0.32273018168493617,0,-0.01198390431362939,Fragile Late-Cycle Watch,Growth Down / Inflation Down,2019
2019-04-15,GLD,Gold,0.2834313293680762,0.4360340828229275,0.34042685592564115,0.3532974227055483,0,-0.012171017648935578,Fragile Late-Cycle Watch,Growth Down / Inflation Down,2019
2019-04-16,GLD,Gold,0.25212677722072024,0.43942297966477767,0.34349566598085024,0.3450151409554494,0,-0.00033193025324262937,Fragile Late-Cycle Watch,Growth Down / Inflation Down,2019
2019-04-17,GLD,Gold,0.37046454709462,0.44946248326897115,0.5606293218690479,0.46018545074421296,1,0.002411048540659433,Fragile Late-Cycle Watch,Growth Down / Inflation Down,2019
2019-04-18,GLD,Gold,0.3741213831996885,0.4548398445955189,0.541920301432218,0.45696050974247515,1,0.008307717680337001,Fragile Late-Cycle Watch,Growth Down / Inflation Down,2019
2019-04-22,GLD,Gold,0.32761071742334347,0.4498328440056647,0.535004353772211,0.4374826384004064,1,0.0038215425270122783,Fragile Late-Cycle Watch,Growth Down / Inflation Down,2019
2019-04-23,GLD,Gold,0.32099903945544256,0.45066911536138976,0.5198971444570717,0.43052176642463463,1,0.008990960514200452,Fragile Late-Cycle Watch,Growth Down / Inflation Down,2019
2019-04-24,GLD,Gold,0.3043140966477074,0.4471594789904113,0.5243131786894734,0.42526225144253066,0,-0.0005810549855974623,Fragile Late-Cycle Watch,Growth Down / Inflation Down,2019
2019-04-25,GLD,Gold,0.26653547174761866,0.4392721065537436,0.43326887448582463,0.3796921509290623,0,-0.005225157626379318,Fragile Late-Cycle Watch,Growth Down / Inflation Down,2019
2019-04-26,GLD,Gold,0.2353066253130335,0.43484459068693054,0.33838678252553744,0.3361793328418338,0,-0.005932283137592642,Fragile Late-Cycle Watch,Growth Down / Inflation Down,2019
2019-04-29,GLD,Gold,0.2707338630391349,0.43472212267357485,0.36554460564060215,0.3570001971177706,0,-0.0001655571642621423,Fragile Late-Cycle Watch,Growth Down / Inflation Down,2019
2019-04-30,GLD,Gold,0.26123019594549957,0.4285070545567404,0.3044830573474621,0.33140676928323404,0,8.25258785670524e-05,Liquidity Bubble Or Valuation Stretch,Growth Down / Inflation Down,2019
2019-05-01,GLD,Gold,0.24660887193685416,0.4329994656052076,0.33587963942339283,0.3384959923218182,1,0.004235898087765699,Liquidity Bubble Or Valuation Stretch,Growth Down / Inflation Down,2019
2019-05-02,GLD,Gold,0.19054537705199948,0.43353771453539075,0.3110508117280343,0.3117113011051415,1,0.010505206613210527,Liquidity Bubble Or Valuation Stretch,Growth Down / Inflation Down,2019
2019-05-03,GLD,Gold,0.22147273392884165,0.4430859488884662,0.31648301072394996,0.32701389784708595,1,0.006464971151530108,Liquidity Bubble Or Valuation Stretch,Growth Down / Inflation Down,2019
2019-05-06,GLD,Gold,0.23924637847123337,0.43108141943455236,0.2785467532604527,0.3162915170554128,1,0.015396081847029564,Liquidity Bubble Or Valuation Stretch,Growth Down / Inflation Down,2019
2019-06-06,GLD,Gold,0.34554612259736045,0.45987779591290656,0.3522300375069381,0.385884652005735,1,0.005719742901277858,Liquidity Bubble Or Valuation Stretch,Growth Down / Inflation Down,2019
2019-06-07,GLD,Gold,0.3180159006867829,0.4308216686249754,0.2715552011031161,0.3401309234716248,0,-0.0002369759077708311,Liquidity Bubble Or Valuation Stretch,Growth Down / Inflation Down,2019
2019-06-10,GLD,Gold,0.2368797397043829,0.44317715295129384,0.2995470409389515,0.32653464453154274,1,0.009175787992320661,Liquidity Bubble Or Valuation Stretch,Growth Down / Inflation Down,2019
2019-06-11,GLD,Gold,0.18933571625713785,0.4189913213593459,0.3070804808167458,0.3051358394777432,1,0.015497702801379853,Liquidity Bubble Or Valuation Stretch,Growth Down / Inflation Down,2019
2019-06-12,GLD,Gold,0.22054937631088897,0.41812392691301253,0.2714599744214987,0.3033777592151334,1,0.016371274963180804,Liquidity Bubble Or Valuation Stretch,Growth Down / Inflation Down,2019
2019-06-13,GLD,Gold,0.2911110401066633,0.42871583497788024,0.3037655222385841,0.3411974657743759,1,0.03562402994145675,Liquidity Bubble Or Valuation Stretch,Growth Down / Inflation Down,2019
2019-06-14,GLD,Gold,0.22175924486472168,0.4221333262856466,0.30686669596794053,0.3169197557061029,1,0.04282552365281145,Liquidity Bubble Or Valuation Stretch,Growth Down / Inflation Down,2019
2019-06-17,GLD,Gold,0.28093137597503165,0.4288617903730909,0.34560745654355757,0.35180020763056,1,0.05898164837504094,Liquidity Bubble Or Valuation Stretch,Growth Down / Inflation Down,2019
2019-06-18,GLD,Gold,0.30823845012464396,0.43393556615728424,0.23987972446898248,0.3273512469169702,1,0.055695359099184216,Liquidity Bubble Or Valuation Stretch,Growth Down / Inflation Down,2019
2019-06-19,GLD,Gold,0.21323434216118456,0.4231006882262308,0.17964999485266242,0.2719950084133593,1,0.03972165028773844,Liquidity Bubble Or Valuation Stretch,Growth Down / Inflation Down,2019
2019-06-20,GLD,Gold,0.34307026929302714,0.42598321870471323,0.17859226640101297,0.3158819181329178,1,0.01319499442823191,Liquidity Bubble Or Valuation Stretch,Growth Down / Inflation Down,2019
2019-06-21,GLD,Gold,0.14643112987865226,0.41878569663961074,0.13984358710061753,0.23502013787296017,1,0.009243834370336712,Liquidity Bubble Or Valuation Stretch,Growth Down / Inflation Down,2019
2019-06-24,GLD,Gold,0.16654995676779338,0.4201170359568942,0.15282807330733203,0.24649835534400655,0,-0.024787272388404835,Liquidity Bubble Or Valuation Stretch,Growth Down / Inflation Down,2019
2019-06-25,GLD,Gold,0.19676206966939444,0.4194612503915426,0.14133913065974313,0.2525208169068934,0,-0.005886686319653944,Liquidity Bubble Or Valuation Stretch,Growth Down / Inflation Down,2019
2019-06-26,GLD,Gold,0.2571788455165159,0.4339107136695553,0.25081336983428265,0.3139676430067846,1,0.00496355310258223,Liquidity Bubble Or Valuation Stretch,Growth Down / Inflation Down,2019
2019-06-27,GLD,Gold,0.1946608100567055,0.4362111175238141,0.22644202976765995,0.28577131911605985,0,-0.005269474311499378,Liquidity Bubble Or Valuation Stretch,Growth Down / Inflation Down,2019
2019-06-28,GLD,Gold,0.20913269173528568,0.43064849978835673,0.29570942460638944,0.31183020537667727,0,-0.014339367161183558,Liquidity Bubble Or Valuation Stretch,Growth Down / Inflation Down,2019
2019-07-01,GLD,Gold,0.18214035460892117,0.43569397815036387,0.2653184366408273,0.29438425646670413,1,0.008651086549181786,Liquidity Bubble Or Valuation Stretch,Growth Down / Inflation Down,2019
2019-07-02,GLD,Gold,0.2529428907157723,0.42768998743811953,0.4306581335812646,0.37043033724505214,1,0.0031481759794345088,Liquidity Bubble Or Valuation Stretch,Growth Down / Inflation Down,2019
2019-07-03,GLD,Gold,0.29179025807960757,0.42851585702160483,0.46238397766000167,0.3942300309204047,0,-0.006959574201811147,Liquidity Bubble Or Valuation Stretch,Growth Down / Inflation Down,2019
2019-07-05,GLD,Gold,0.3532970804661976,0.42531097367519244,0.445990954159791,0.40819966943372704,1,0.010519141789532505,Liquidity Bubble Or Valuation Stretch,Growth Down / Inflation Down,2019
2019-07-08,GLD,Gold,0.32245739356251957,0.43271621754020834,0.4391118151496409,0.39809514208412294,1,0.017061509693904853,Liquidity Bubble Or Valuation Stretch,Growth Down / Inflation Down,2019
2019-07-09,GLD,Gold,0.3576326932851579,0.431840911787395,0.457844172664233,0.4157725925789286,1,0.004933540011266668,Liquidity Bubble Or Valuation Stretch,Growth Down / Inflation Down,2019
2019-07-10,GLD,Gold,0.2596697431187284,0.4423422335243011,0.429063842290169,0.3770252729777328,1,0.005604124559056567,Liquidity Bubble Or Valuation Stretch,Growth Down / Inflation Down,2019
2019-07-11,GLD,Gold,0.22047128930889676,0.43444792057235554,0.3533848498223243,0.33610135323452556,1,0.02848529665581845,Liquidity Bubble Or Valuation Stretch,Growth Down / Inflation Down,2019
2019-07-12,GLD,Gold,0.2080549707136623,0.43237982998157065,0.3644696051904129,0.33496813529521524,1,0.0070396349134993486,Liquidity Bubble Or Valuation Stretch,Growth Down / Inflation Down,2019
2019-07-15,GLD,Gold,0.22051569121969727,0.43672747484171703,0.3514339346132057,0.33622570022487336,1,0.006889823840004139,Liquidity Bubble Or Valuation Stretch,Growth Down / Inflation Down,2019
2019-07-16,GLD,Gold,0.2094397395061312,0.4289600968280927,0.36489383452179,0.3344312236186713,1,0.009743267404758837,Liquidity Bubble Or Valuation Stretch,Growth Down / Inflation Down,2019
2019-07-17,GLD,Gold,0.182333469645215,0.42846974521887143,0.3859003219691333,0.3322345122777399,0,-0.0015604600312817407,Liquidity Bubble Or Valuation Stretch,Growth Down / Inflation Down,2019
2019-07-18,GLD,Gold,0.25780744661273847,0.43423703895387794,0.3954586729168611,0.3625010528278258,0,-0.02242085033987362,Liquidity Bubble Or Valuation Stretch,Growth Down / Inflation Down,2019
2019-07-19,GLD,Gold,0.14325481118621244,0.43641926052130153,0.4117436132921133,0.33047256166654243,0,-0.006172394017401883,Liquidity Bubble Or Valuation Stretch,Growth Down / Inflation Down,2019
2019-07-22,GLD,Gold,0.21992457516617087,0.4369463516694884,0.43072623164099677,0.36253238615888533,0,0.0005950303672039858,Liquidity Bubble Or Valuation Stretch,Growth Down / Inflation Down,2019
2019-07-23,GLD,Gold,0.20228054940168483,0.4343394594723124,0.4125846637080426,0.34973489086067994,1,0.009649138025098036,Liquidity Bubble Or Valuation Stretch,Growth Down / Inflation Down,2019
2019-07-24,GLD,Gold,0.17368680810935813,0.4334621231793326,0.4973586090287439,0.36816918010581157,0,-0.008632793372572944,Liquidity Bubble Or Valuation Stretch,Growth Down / Inflation Down,2019
2019-07-25,GLD,Gold,0.16806366231461445,0.42886756075501636,0.42946335346008635,0.3421315255099057,1,0.022410474697937888,Liquidity Bubble Or Valuation Stretch,Growth Down / Inflation Down,2019
2019-07-26,GLD,Gold,0.13861465161770806,0.4302704973820932,0.4316807523565098,0.33352196711877036,1,0.016836276640796566,Liquidity Bubble Or Valuation Stretch,Growth Down / Inflation Down,2019
2019-07-29,GLD,Gold,0.1289637647289477,0.4134284534807699,0.31878923897413736,0.2870604857279517,1,0.02423247258170358,Liquidity Bubble Or Valuation Stretch,Growth Down / Inflation Down,2019
2019-07-30,GLD,Gold,0.141639144868831,0.4255308441598363,0.34994925302006524,0.30570641401624415,1,0.029115484212217213,Liquidity Bubble Or Valuation Stretch,Growth Down / Inflation Down,2019
2019-07-31,GLD,Gold,0.08720844733851732,0.4225558533048733,0.331130583148811,0.2802982945974006,1,0.058629210757187966,Liquidity Bubble Or Valuation Stretch,Growth Down / Inflation Down,2019
2019-08-01,GLD,Gold,0.1056728860011285,0.44435562026432257,0.4693271040460446,0.3397852034371652,1,0.03900001409432874,Liquidity Bubble Or Valuation Stretch,Growth Down / Inflation Down,2019
2019-08-02,GLD,Gold,0.19964991033281015,0.4375560462000893,0.4232204593859087,0.35347547197293605,1,0.039517220850002976,Liquidity Bubble Or Valuation Stretch,Growth Down / Inflation Down,2019
2019-08-05,GLD,Gold,0.21725470264162897,0.43780405294022123,0.4048088927216233,0.3532892161011578,1,0.03512600212287542,Liquidity Bubble Or Valuation Stretch,Growth Down / Inflation Down,2019
2019-08-06,GLD,Gold,0.18101731880750047,0.4422363659615947,0.291066888419007,0.30477352439603406,1,0.02066082385375645,Liquidity Bubble Or Valuation Stretch,Growth Down / Inflation Down,2019
2019-08-07,GLD,Gold,0.19861519474013237,0.44182230192560396,0.3322473934210152,0.32422829669558384,1,0.012267732769292605,Liquidity Bubble Or Valuation Stretch,Growth Down / Inflation Down,2019
2019-08-08,GLD,Gold,0.22447859957304958,0.44232547560643654,0.32247312487905033,0.3297590666861788,1,0.013899677415430522,Liquidity Bubble Or Valuation Stretch,Growth Down / Inflation Down,2019
2019-08-09,GLD,Gold,0.22167100811474758,0.44091314224008554,0.32720876035193336,0.3299309702355888,1,0.01076033081954697,Liquidity Bubble Or Valuation Stretch,Growth Down / Inflation Down,2019
2019-08-12,GLD,Gold,0.25302796555707896,0.44337062277846145,0.26480215725458145,0.3204002485300406,0,-0.010656974131844188,Liquidity Bubble Or Valuation Stretch,Growth Down / Inflation Down,2019
2019-08-13,GLD,Gold,0.1636039267566531,0.43727736937806866,0.26520445593263725,0.28869525068911966,1,0.003032923813461874,Liquidity Bubble Or Valuation Stretch,Growth Down / Inflation Down,2019
2019-08-14,GLD,Gold,0.136767697498436,0.4298645861059009,0.31913363146891055,0.2952553050244158,0,-0.006935239882060018,Liquidity Bubble Or Valuation Stretch,Growth Down / Inflation Down,2019
2019-08-15,GLD,Gold,0.18801169096876733,0.4520214964785796,0.3605135146181875,0.3335155673551782,0,-0.016005588730709785,Liquidity Bubble Or Valuation Stretch,Growth Down / Inflation Down,2019
2019-08-16,GLD,Gold,0.2741541973820366,0.4599039611507494,0.43469093164061856,0.38958303005780154,1,0.00973525284726362,Liquidity Bubble Or Valuation Stretch,Growth Down / Inflation Down,2019
2019-08-19,GLD,Gold,0.28421838810131517,0.45102707043826706,0.4021243643226968,0.37912327428742637,1,0.021826956400911035,Liquidity Bubble Or Valuation Stretch,Growth Down / Inflation Down,2019
2019-08-20,GLD,Gold,0.17998474820777347,0.4335426318789152,0.4480497302278951,0.3538590367715279,1,0.023627033624378013,Liquidity Bubble Or Valuation Stretch,Growth Down / Inflation Down,2019
2019-08-21,GLD,Gold,0.3606252113638017,0.4692485918011146,0.5695958226380179,0.46648987526764474,1,0.02398426415789312,Liquidity Bubble Or Valuation Stretch,Growth Down / Inflation Down,2019
2019-08-22,GLD,Gold,0.2517726799460158,0.43947909013108394,0.4842398295808281,0.3918305332193093,1,0.019236218798526883,Liquidity Bubble Or Valuation Stretch,Growth Down / Inflation Down,2019
2019-08-23,GLD,Gold,0.18772136044565446,0.4196104104307189,0.32129259904287716,0.30954145663975013,0,-0.0029132147761640192,Liquidity Bubble Or Valuation Stretch,Growth Down / Inflation Down,2019
2019-08-26,GLD,Gold,0.4304640531552731,0.4749390358770095,0.5551851591403055,0.48686274939086277,1,0.010819041072058333,Liquidity Bubble Or Valuation Stretch,Growth Down / Inflation Down,2019
2019-08-27,GLD,Gold,0.5086593644794618,0.4702812745484046,0.46629426814917135,0.4817449690590126,1,0.007487781019773765,Liquidity Bubble Or Valuation Stretch,Growth Down / Inflation Down,2019
2019-08-28,GLD,Gold,0.40876897093990155,0.45173423723381667,0.34847873384105654,0.4029939806715916,0,-0.013915708332185805,Liquidity Bubble Or Valuation Stretch,Growth Down / Inflation Down,2019
2019-08-29,GLD,Gold,0.3484695326237378,0.45703768265407824,0.4247310990321015,0.4100794381033059,0,-0.01526503623909592,Liquidity Bubble Or Valuation Stretch,Growth Down / Inflation Down,2019
2019-08-30,GLD,Gold,0.38175124727259646,0.44823950691187436,0.4747368717451077,0.4349092086431929,0,-0.016417395550271774,Liquidity Bubble Or Valuation Stretch,Growth Down / Inflation Down,2019
2019-09-03,GLD,Gold,0.24614401159837498,0.43910042816599093,0.40728865135499076,0.3641776970397856,0,-0.038216173751072,Liquidity Bubble Or Valuation Stretch,Growth Down / Inflation Down,2019
2019-09-04,GLD,Gold,0.2489377430988444,0.44049454750001316,0.4472572671053601,0.37889651923473927,0,-0.03838814088525111,Liquidity Bubble Or Valuation Stretch,Growth Down / Inflation Down,2019
2019-09-05,GLD,Gold,0.17464552846938503,0.4217263456867391,0.3912891362248064,0.3292203367936435,0,-0.01271476926917825,Liquidity Bubble Or Valuation Stretch,Growth Down / Inflation Down,2019
2019-09-06,GLD,Gold,0.1995803319818387,0.4200202064763697,0.42380839010169036,0.34780297618663286,0,-0.012471845372728052,Liquidity Bubble Or Valuation Stretch,Growth Down / Inflation Down,2019
2019-09-09,GLD,Gold,0.20849434516877036,0.4247514851509515,0.5060154984997312,0.37975377627315104,0,-0.000495028401809372,Liquidity Bubble Or Valuation Stretch,Growth Down / Inflation Down,2019
2019-09-10,GLD,Gold,0.16724600491813604,0.41779220070400247,0.432112073380942,0.3390500930010268,1,0.01012992939027102,Liquidity Bubble Or Valuation Stretch,Growth Down / Inflation Down,2019
2019-09-11,GLD,Gold,0.1375013620157566,0.4357334008264803,0.42097212434586095,0.33140229572936597,0,-0.0022689645337830022,Liquidity Bubble Or Valuation Stretch,Growth Down / Inflation Down,2019
2019-09-12,GLD,Gold,0.18190520290481607,0.4341440062373822,0.46947330402390225,0.3618408377220335,0,-0.0002831060207213465,Liquidity Bubble Or Valuation Stretch,Growth Down / Inflation Down,2019
2019-09-13,GLD,Gold,0.16917149994664749,0.4369431643416587,0.4565378820314356,0.3542175154399139,1,0.01997861700818837,Liquidity Bubble Or Valuation Stretch,Growth Down / Inflation Down,2019
2019-09-16,GLD,Gold,0.15119833912457947,0.44273673086822435,0.5178474548287507,0.37059417494051816,1,0.017194965679603547,Liquidity Bubble Or Valuation Stretch,Growth Down / Inflation Down,2019
2019-09-17,GLD,Gold,0.20266660353335975,0.4407220345382401,0.4179442884482302,0.3537776421732766,1,0.020550764674353017,Liquidity Bubble Or Valuation Stretch,Growth Down / Inflation Down,2019
2019-09-18,GLD,Gold,0.1641590106437198,0.4258222855414591,0.47161909706939664,0.35386679775152513,1,0.007959598207290197,Liquidity Bubble Or Valuation Stretch,Growth Down / Inflation Down,2019
2019-09-19,GLD,Gold,0.15488442871916308,0.44377479070998077,0.47456096923353674,0.3577400628875602,1,0.0036098139244227223,Liquidity Bubble Or Valuation Stretch,Growth Down / Inflation Down,2019
2019-09-20,GLD,Gold,0.16051939751474792,0.4380660607267325,0.43505238997660406,0.3445459494060282,0,-0.013221402098614554,Liquidity Bubble Or Valuation Stretch,Growth Down / Inflation Down,2019
2019-09-23,GLD,Gold,0.2255093453412791,0.43088469456682327,0.4572123250809698,0.3712021216630241,0,-0.0339478600543478,Liquidity Bubble Or Valuation Stretch,Growth Down / Inflation Down,2019
2019-09-24,GLD,Gold,0.22760932377799503,0.4330732044373804,0.43903877757837745,0.3665737685979176,0,-0.03376921880508821,Liquidity Bubble Or Valuation Stretch,Growth Down / Inflation Down,2019
2019-09-25,GLD,Gold,0.3357296754819655,0.4412545176195178,0.5626709535301827,0.44655171554388867,0,-0.004018947450185717,Liquidity Bubble Or Valuation Stretch,Growth Down / Inflation Down,2019
2019-09-26,GLD,Gold,0.24934140594420356,0.4516414608405837,0.5610601517034861,0.4206810061627578,0,0.0007757995314210397,Liquidity Bubble Or Valuation Stretch,Growth Down / Inflation Down,2019
2019-09-27,GLD,Gold,0.2005106772690779,0.4579581139990212,0.5799312113607549,0.41280000087628466,1,0.005954886944767646,Liquidity Bubble Or Valuation Stretch,Growth Down / Inflation Down,2019
2019-09-30,GLD,Gold,0.18986845071978828,0.45865019142302693,0.5614370180048579,0.4033185533825577,1,0.013105835588767212,Liquidity Bubble Or Valuation Stretch,Growth Down / Inflation Up,2019
2019-10-01,GLD,Gold,0.23135999794926781,0.4630565328584324,0.529353369536915,0.4079233001148717,1,0.01640043834457172,Liquidity Bubble Or Valuation Stretch,Growth Down / Inflation Up,2019
2019-10-02,GLD,Gold,0.31944767117664274,0.47247671292284754,0.6550027828723761,0.4823090556572888,1,0.005592585131267702,Liquidity Bubble Or Valuation Stretch,Growth Down / Inflation Up,2019
2019-10-03,GLD,Gold,0.3977074043113363,0.47707679541844333,0.5607988103219,0.47852767001722657,0,-0.0076814403437238665,Liquidity Bubble Or Valuation Stretch,Growth Down / Inflation Up,2019
2019-10-04,GLD,Gold,0.35886850493573647,0.4651083905206123,0.5862042459861069,0.47006038048081855,0,-0.013178260730241198,Liquidity Bubble Or Valuation Stretch,Growth Down / Inflation Up,2019
2019-10-07,GLD,Gold,0.28350141888260827,0.4384176876033185,0.507686822747056,0.40986864307766097,0,-0.0007108259420016694,Liquidity Bubble Or Valuation Stretch,Growth Down / Inflation Up,2019
2019-10-08,GLD,Gold,0.27262463772477086,0.4489743398474815,0.5469992836698334,0.42286608708069523,0,-0.016276758655562218,Liquidity Bubble Or Valuation Stretch,Growth Down / Inflation Up,2019
2019-10-09,GLD,Gold,0.22471576776698096,0.457406627374376,0.5283722720829213,0.40349822240809274,0,-0.011545226007850795,Liquidity Bubble Or Valuation Stretch,Growth Down / Inflation Up,2019
2019-10-10,GLD,Gold,0.13915588453678363,0.4406945886093572,0.4609653394885889,0.3469386042115766,0,-0.0014203320198125091,Liquidity Bubble Or Valuation Stretch,Growth Down / Inflation Up,2019
2019-10-11,GLD,Gold,0.09887322764099195,0.43524266029808173,0.46768640365691705,0.33393409719866357,1,0.0030708272392978575,Liquidity Bubble Or Valuation Stretch,Growth Down / Inflation Up,2019
2019-10-14,GLD,Gold,0.11410466128666362,0.4370116205094977,0.4499215845559034,0.3336792887840216,0,-0.005690326997627282,Liquidity Bubble Or Valuation Stretch,Growth Down / Inflation Up,2019
2019-10-15,GLD,Gold,0.1207215961795261,0.42932136236547275,0.44626802856101083,0.3321036623686699,1,0.004226032055807405,Liquidity Bubble Or Valuation Stretch,Growth Down / Inflation Up,2019
2019-10-16,GLD,Gold,0.11969654986328805,0.4269032741484215,0.4808531141757835,0.34248431272916435,0,0.0008546051852278413,Liquidity Bubble Or Valuation Stretch,Growth Down / Inflation Up,2019
2019-10-17,GLD,Gold,0.1606702570562117,0.42361779804851785,0.4303474084400075,0.338211821181579,1,0.0065429070830798075,Liquidity Bubble Or Valuation Stretch,Growth Down / Inflation Up,2019
2019-10-18,GLD,Gold,0.1803944532894062,0.4246609181145002,0.5064539350956802,0.3705031021665288,1,0.009967206532577766,Liquidity Bubble Or Valuation Stretch,Growth Down / Inflation Up,2019
2019-10-21,GLD,Gold,0.26778329170404064,0.43788468271790487,0.5023567227551616,0.4026748990590357,1,0.00608059334959532,Liquidity Bubble Or Valuation Stretch,Growth Down / Inflation Up,2019
2019-10-22,GLD,Gold,0.22344956330891122,0.43403772175384425,0.4962907492527604,0.3845926781051719,0,0.000356655155822061,Liquidity Bubble Or Valuation Stretch,Growth Down / Inflation Up,2019
2019-10-23,GLD,Gold,0.2894278992462123,0.4353249141042108,0.4663982941924725,0.3970503691809652,1,0.0034868390907312197,Liquidity Bubble Or Valuation Stretch,Growth Down / Inflation Up,2019
2019-10-24,GLD,Gold,0.23333496875964066,0.42088108128817936,0.3925377172836749,0.3489179224438317,1,0.006359032743919135,Liquidity Bubble Or Valuation Stretch,Growth Down / Inflation Up,2019
2019-10-25,GLD,Gold,0.2755387181806551,0.40917622217038746,0.38369587821500856,0.3561369395220171,1,0.004934420874315837,Liquidity Bubble Or Valuation Stretch,Growth Down / Inflation Up,2019
2019-10-28,GLD,Gold,0.22337804049681623,0.40897499861069114,0.23059851188119124,0.2876505169962329,1,0.010736593525234817,Liquidity Bubble Or Valuation Stretch,Growth Down / Inflation Up,2019
2019-10-29,GLD,Gold,0.20963840950007478,0.4186106593506515,0.4168462044654872,0.34836509110540453,0,-0.002852006392045414,Liquidity Bubble Or Valuation Stretch,Growth Down / Inflation Up,2019
2020-04-02,GLD,Gold,0.9999988638049255,0.5151440161395157,0.5679450311195197,0.6943626370213204,1,0.04470051887921134,Fragile Late-Cycle Watch,Growth Down / Inflation Down,2020
2020-04-03,GLD,Gold,0.999996448812354,0.5235903793015018,0.46024087569481237,0.661275901269556,1,0.057386243798773995,Fragile Late-Cycle Watch,Growth Down / Inflation Down,2020
2020-04-06,GLD,Gold,0.999997557948674,0.5105103068883801,0.49103670187803294,0.6671815222383622,1,0.03697085423538371,Fragile Late-Cycle Watch,Growth Down / Inflation Down,2020
2020-04-07,GLD,Gold,0.9999946909333768,0.5173438921259496,0.42405013014813636,0.6471295710691541,1,0.03723412629689693,Fragile Late-Cycle Watch,Growth Down / Inflation Down,2020
2020-04-08,GLD,Gold,0.9999959595467692,0.501940041083628,0.472182669648683,0.6580395567596934,1,0.045651555745346295,Fragile Late-Cycle Watch,Growth Down / Inflation Down,2020
2020-04-09,GLD,Gold,0.828246023204192,0.5007155235079683,0.5003336759374456,0.6097650742165354,0,-0.0007561605352662815,Fragile Late-Cycle Watch,Growth Down / Inflation Down,2020
2020-04-13,GLD,Gold,0.6211060022332573,0.4803340353471861,0.4219241738251655,0.5077880704685364,0,-0.01059418050350125,Fragile Late-Cycle Watch,Growth Down / Inflation Down,2020
2020-04-14,GLD,Gold,0.5167000838290176,0.48852617936877396,0.4159885212824019,0.4737382614933978,0,-0.025018393463670185,Fragile Late-Cycle Watch,Growth Down / Inflation Down,2020
2020-04-15,GLD,Gold,0.4950957387806577,0.4722569671064109,0.4459972579307185,0.47111665460592905,0,-0.000741491328086874,Fragile Late-Cycle Watch,Growth Down / Inflation Down,2020
2020-04-16,GLD,Gold,0.5032443962719583,0.47344346837198265,0.4211590736429411,0.4659489794289607,1,0.010079707849543151,Fragile Late-Cycle Watch,Growth Down / Inflation Down,2020
2020-04-17,GLD,Gold,0.7085647979062637,0.4912805065769698,0.48085955704333905,0.5602349538421909,1,0.025666846676168698,Fragile Late-Cycle Watch,Growth Down / Inflation Down,2020
2020-04-20,GLD,Gold,0.68576483464773,0.5043691373502784,0.5936599478688486,0.5945979732889524,1,0.011646841865340596,Fragile Late-Cycle Watch,Growth Down / Inflation Down,2020
2020-04-21,GLD,Gold,0.9264024341813899,0.505775736562709,0.5334602341788796,0.6552128016409928,1,0.014059616158866195,Fragile Late-Cycle Watch,Growth Down / Inflation Down,2020
2020-04-22,GLD,Gold,0.7698790564768145,0.5289631073026975,0.5535396035489877,0.6174605891094999,0,0.0,Fragile Late-Cycle Watch,Growth Down / Inflation Down,2020
2020-04-23,GLD,Gold,0.5736023986187655,0.4918682563659578,0.4934897737173904,0.5196534762340379,0,-0.027794743405903044,Fragile Late-Cycle Watch,Growth Down / Inflation Down,2020
2020-04-24,GLD,Gold,0.6952367086919333,0.4915447831243447,0.4441679765345698,0.543649822783616,0,-0.017584853794174293,Fragile Late-Cycle Watch,Growth Down / Inflation Down,2020
2020-04-27,GLD,Gold,0.8426673032964233,0.5115023202820003,0.4545331241215094,0.6029009158999776,0,-0.007551381772339161,Fragile Late-Cycle Watch,Growth Down / Inflation Down,2020
2020-04-28,GLD,Gold,0.3372564364769512,0.5031059640446831,0.39617937618839005,0.4121805922366748,0,0.001119173953424868,Fragile Late-Cycle Watch,Growth Down / Inflation Down,2020
2020-04-29,GLD,Gold,0.5749586307786825,0.4844660897829106,0.39002347726101977,0.48314939927420425,0,-0.017189135304129022,Fragile Late-Cycle Watch,Growth Down / Inflation Down,2020
2020-04-30,GLD,Gold,0.518716788646217,0.47241778763427744,0.43649868875401016,0.4758777550115015,1,0.016309800303004218,Fragile Late-Cycle Watch,Growth Down / Inflation Down,2020
2020-05-01,GLD,Gold,0.4145197137347699,0.47345512978526144,0.4258463937983122,0.43794041243944787,1,0.004005503783564679,Fragile Late-Cycle Watch,Growth Down / Inflation Down,2020
2020-05-04,GLD,Gold,0.045056686050051545,0.4845154968301385,0.43280705401194386,0.32079307896404463,0,-0.005737795871010087,Fragile Late-Cycle Watch,Growth Down / Inflation Down,2020
2020-05-05,GLD,Gold,0.05043851790047823,0.48552396721715235,0.38946502272340344,0.30847583594701133,0,-0.00608626854008687,Fragile Late-Cycle Watch,Growth Down / Inflation Down,2020
2020-05-06,GLD,Gold,0.04299098870085042,0.5099410722639024,0.34602179973060915,0.299651286898454,1,0.016546114710960902,Fragile Late-Cycle Watch,Growth Down / Inflation Down,2020
2020-05-07,GLD,Gold,0.061462566140194776,0.49893678106247047,0.4556103818227702,0.33866990967514515,1,0.010037766424896732,Fragile Late-Cycle Watch,Growth Down / Inflation Down,2020
2020-05-08,GLD,Gold,0.03941735995824077,0.48359200544650777,0.29650950829629447,0.2731729579003477,1,0.021880030837174047,Fragile Late-Cycle Watch,Growth Down / Inflation Down,2020
2020-05-11,GLD,Gold,0.3781430259251556,0.4811531577717354,0.27474342980728916,0.37801320450139336,1,0.020511882511725643,Fragile Late-Cycle Watch,Growth Down / Inflation Down,2020
2020-05-12,GLD,Gold,0.32333536967550136,0.49148440165173035,0.33997578126611466,0.3849318508644488,1,0.02636841663169931,Fragile Late-Cycle Watch,Growth Down / Inflation Down,2020
2020-05-13,GLD,Gold,0.6153064309742231,0.5008847244543451,0.43540710094721774,0.5171994187919287,1,0.018999826900853778,Fragile Late-Cycle Watch,Growth Down / Inflation Down,2020
2020-05-14,GLD,Gold,0.5013388205530991,0.4961565312581567,0.29147928369761655,0.42965821183629077,0,-0.004662257115799484,Fragile Late-Cycle Watch,Growth Down / Inflation Down,2020
2020-05-15,GLD,Gold,0.427042391349443,0.4921369152530374,0.30998885270298643,0.40972271976848895,0,-0.004392033148796881,Fragile Late-Cycle Watch,Growth Down / Inflation Down,2020
2020-05-18,GLD,Gold,0.4876835348224589,0.4960336793749527,0.3370379763822694,0.440251730193227,0,-0.011064005315299497,Fragile Late-Cycle Watch,Growth Down / Inflation Down,2020
2020-05-19,GLD,Gold,0.29884013581661095,0.4830520710637694,0.24808338396725726,0.3433251969492126,0,-0.01875077276303272,Fragile Late-Cycle Watch,Growth Down / Inflation Down,2020
2020-05-20,GLD,Gold,0.34865965861742476,0.4796044865203289,0.26576373329196534,0.364675959476573,0,-0.017795279589401858,Fragile Late-Cycle Watch,Growth Down / Inflation Down,2020
2020-05-21,GLD,Gold,0.3529598338422707,0.47285129949217064,0.2458005958874569,0.35720390974063276,1,0.00406781918095156,Fragile Late-Cycle Watch,Growth Down / Inflation Down,2020
2020-05-22,GLD,Gold,0.38862999827113215,0.4711422906599575,0.3287115537951501,0.39616128090874664,1,0.00275716518430813,Fragile Late-Cycle Watch,Growth Down / Inflation Down,2020
2020-05-26,GLD,Gold,0.24187597061735064,0.47420606268624227,0.32902994330547164,0.3483706588696882,1,0.010628421408131361,Fragile Late-Cycle Watch,Growth Down / Inflation Down,2020
2020-05-27,GLD,Gold,0.4585036356546024,0.48306370134512067,0.35886432719217143,0.43347722139729816,0,-0.0098026221867612,Fragile Late-Cycle Watch,Growth Down / Inflation Down,2020
2020-05-28,GLD,Gold,0.2994876615841722,0.4717643492346635,0.41957117575636715,0.39694106219173425,0,-0.002720766992858059,Fragile Late-Cycle Watch,Growth Down / Inflation Down,2020
2020-05-29,GLD,Gold,0.3778577504979936,0.4760785022598907,0.3934964078697765,0.4158108868758869,0,-0.030078012676474475,Fragile Late-Cycle Watch,Growth Down / Inflation Down,2020
2020-06-01,GLD,Gold,0.27893665491505987,0.47378030290434253,0.3298841240871459,0.3608670273021828,0,-0.02407431475768962,Fragile Late-Cycle Watch,Growth Down / Inflation Down,2020
2020-06-02,GLD,Gold,0.08992731710342186,0.4603034041085379,0.34223786378779963,0.2974895283332531,0,-0.008241153421769232,Fragile Late-Cycle Watch,Growth Down / Inflation Down,2020
2020-06-03,GLD,Gold,0.046307240321981795,0.4510045138959108,0.345688472954489,0.28100007572412716,1,0.024874693414035365,Fragile Late-Cycle Watch,Growth Down / Inflation Down,2020
2020-06-04,GLD,Gold,0.05773421418141675,0.45700669166605645,0.44857494835406686,0.3211052847338467,1,0.006882444312704461,Fragile Late-Cycle Watch,Growth Down / Inflation Down,2020
2020-06-05,GLD,Gold,0.07252954879152848,0.4479230334800464,0.4500989858441544,0.32351718937190976,1,0.029175373524566117,Fragile Late-Cycle Watch,Growth Down / Inflation Down,2020
2020-06-08,GLD,Gold,0.06751844586944053,0.4594901663915231,0.469664238346867,0.3322242835359435,1,0.01634110061610272,Fragile Late-Cycle Watch,Growth Down / Inflation Down,2020
2020-06-09,GLD,Gold,0.4261660837029552,0.46477386924312447,0.39423507392541957,0.4283916756238331,1,0.006139188434128862,Fragile Late-Cycle Watch,Growth Down / Inflation Down,2020
2020-06-10,GLD,Gold,0.552865259420907,0.4625906804539289,0.3927300774911599,0.46939533912199866,0,-0.006174785843366837,Fragile Late-Cycle Watch,Growth Down / Inflation Down,2020
2020-06-11,GLD,Gold,0.6670620630434325,0.4701071255645904,0.38703230479567613,0.5080671644678997,0,-0.0009236646163441886,Fragile Late-Cycle Watch,Growth Down / Inflation Down,2020
2020-06-12,GLD,Gold,0.742387282333396,0.4942399093337649,0.5114988526977337,0.5827086814549648,1,0.0086705430109828,Fragile Late-Cycle Watch,Growth Down / Inflation Down,2020
2020-06-15,GLD,Gold,0.7993819413267903,0.4976992839167817,0.6000703600538833,0.6323838617658184,1,0.017002368482126995,Fragile Late-Cycle Watch,Growth Down / Inflation Down,2020
2020-06-16,GLD,Gold,0.8370090152800856,0.49509962134845487,0.5691750660188055,0.633761234215782,1,0.026070851941689233,Fragile Late-Cycle Watch,Growth Down / Inflation Down,2020
2020-06-17,GLD,Gold,0.6505327966008767,0.4917858837341839,0.5627861221904614,0.5683682675085073,1,0.02054623762335339,Fragile Late-Cycle Watch,Growth Down / Inflation Down,2020
2020-06-18,GLD,Gold,0.666872972838842,0.48951807970697536,0.5437165050306288,0.5667025191921486,1,0.021942784997894593,Fragile Late-Cycle Watch,Growth Down / Inflation Down,2020
2020-06-19,GLD,Gold,0.5986078052355691,0.4707489134171239,0.41175318971081826,0.49370330278783703,1,0.015302045513108542,Fragile Late-Cycle Watch,Growth Down / Inflation Down,2020
2020-06-22,GLD,Gold,0.55883018050448,0.468098485402378,0.33528192919273764,0.45407019836653184,1,0.009328297165686061,Fragile Late-Cycle Watch,Growth Down / Inflation Down,2020
2020-06-23,GLD,Gold,0.6865743790157458,0.4704699060306838,0.3247649249107411,0.4939364033190569,1,0.005345983976987823,Fragile Late-Cycle Watch,Growth Down / Inflation Down,2020
2020-06-24,GLD,Gold,0.6586993537099265,0.4738488162331933,0.3437789391783512,0.4921090363738237,1,0.004339971351369654,Fragile Late-Cycle Watch,Growth Down / Inflation Down,2020
2020-06-25,GLD,Gold,0.7110488196859289,0.48545923176830746,0.46632466944194656,0.554277573632061,1,0.007116964137888981,Fragile Late-Cycle Watch,Growth Down / Inflation Down,2020
2020-06-26,GLD,Gold,0.7847064784969893,0.481218724568142,0.5024148842727326,0.589446695779288,1,0.008646586402415446,Fragile Late-Cycle Watch,Growth Down / Inflation Down,2020
2020-06-29,GLD,Gold,0.7775287675265374,0.4897852174384438,0.5768892167890818,0.6147344005846876,1,0.014463111880811619,Fragile Late-Cycle Watch,Growth Down / Inflation Down,2020
2020-06-30,GLD,Gold,0.8111931747387522,0.48776797836223523,0.6178853250161932,0.6389488260390602,1,0.016251426779326117,Fragile Late-Cycle Watch,Growth Down / Inflation Down,2020
2020-07-01,GLD,Gold,0.7619366996906589,0.48398717500238464,0.581619027318043,0.6091809673370289,1,0.018065117355861027,Fragile Late-Cycle Watch,Growth Down / Inflation Down,2020
2020-07-02,GLD,Gold,0.7385715349993626,0.4665478196406999,0.45140556666692044,0.5521749737689943,1,0.013235158524457225,Fragile Late-Cycle Watch,Growth Down / Inflation Down,2020
2020-07-06,GLD,Gold,0.7311363292329778,0.4629023039964112,0.4786640405870984,0.5575675579388291,1,0.008453376622586273,Fragile Late-Cycle Watch,Growth Down / Inflation Down,2020
2020-07-07,GLD,Gold,0.490755797556323,0.4664652670546641,0.34759395517646496,0.4349383399291507,1,0.006803177951662853,Fragile Late-Cycle Watch,Growth Down / Inflation Down,2020
2020-07-08,GLD,Gold,0.5306847095818048,0.4613454460825737,0.34112500551805985,0.44438505372747944,0,0.0014698101321806156,Fragile Late-Cycle Watch,Growth Down / Inflation Down,2020
2020-07-09,GLD,Gold,0.5199537284025944,0.4654080160453955,0.38111953862733866,0.4554937610251095,0,-0.005305719090765826,Fragile Late-Cycle Watch,Growth Down / Inflation Down,2020
2020-07-10,GLD,Gold,0.5501933221922571,0.46622177159143485,0.46545263641381807,0.49395591006583667,1,0.005496735400209785,Fragile Late-Cycle Watch,Growth Down / Inflation Down,2020
2020-07-13,GLD,Gold,0.5404739779749661,0.4632770200751748,0.3831520281014924,0.4623010087172111,1,0.009090959860736048,Fragile Late-Cycle Watch,Growth Down / Inflation Down,2020
2020-07-14,GLD,Gold,0.7076903000934258,0.46762450780315457,0.4003799492606328,0.5252315857190711,1,0.016510943758645258,Fragile Late-Cycle Watch,Growth Down / Inflation Down,2020
2020-07-15,GLD,Gold,0.7110603637337418,0.46209704372463184,0.40406289873279794,0.5257401020637239,1,0.031055586818426795,Fragile Late-Cycle Watch,Growth Down / Inflation Down,2020
2020-07-16,GLD,Gold,0.6885301998821948,0.466652521382859,0.4323938742094707,0.5291921984915081,1,0.050079992664060935,Fragile Late-Cycle Watch,Growth Down / Inflation Down,2020
2020-07-17,GLD,Gold,0.6314702832298155,0.46131049062605867,0.4772701306645386,0.5233503015068043,1,0.05043499927885797,Fragile Late-Cycle Watch,Growth Down / Inflation Down,2020
2020-07-20,GLD,Gold,0.540096801787926,0.4622597332641395,0.3585804992089951,0.4536456780870202,1,0.06604652582711124,Fragile Late-Cycle Watch,Growth Down / Inflation Down,2020
2020-07-21,GLD,Gold,0.514555677954945,0.4535376162621327,0.38111555050582596,0.4497362815743012,1,0.06213872832369938,Fragile Late-Cycle Watch,Growth Down / Inflation Down,2020
2020-07-22,GLD,Gold,0.5232517023472296,0.4583338772062903,0.42064383407268774,0.4674098045420692,1,0.0540909852296525,Fragile Late-Cycle Watch,Growth Down / Inflation Down,2020
2020-07-23,GLD,Gold,0.5637002082293131,0.4594913697345615,0.407911839847963,0.47703447260394594,1,0.03713738629109953,Fragile Late-Cycle Watch,Growth Down / Inflation Down,2020
2020-07-24,GLD,Gold,0.5395973158710294,0.4594192750507611,0.42638183133628993,0.47513280741936015,1,0.03766086089799048,Fragile Late-Cycle Watch,Growth Down / Inflation Down,2020
2020-07-27,GLD,Gold,0.6165756438345018,0.4685543379116205,0.48085475630067026,0.5219949126822642,1,0.018712636459739862,Fragile Late-Cycle Watch,Growth Down / Inflation Down,2020
2020-07-28,GLD,Gold,0.594516015110627,0.471279360819795,0.40124238447324306,0.48901258680122167,1,0.03178229299532309,Fragile Late-Cycle Watch,Growth Down / Inflation Down,2020
2020-07-29,GLD,Gold,0.6799462862648639,0.465572296023054,0.42996041897857246,0.5251596670888301,1,0.03359801791525041,Fragile Late-Cycle Watch,Growth Down / Inflation Down,2020
2020-07-30,GLD,Gold,0.7148142305850473,0.4705865238109347,0.4559196986260938,0.5471068176740254,1,0.055126279852145244,Fragile Late-Cycle Watch,Growth Down / Inflation Down,2020
2020-07-31,GLD,Gold,0.6881137672595369,0.46679047417647573,0.5245871881217735,0.5598304765192621,1,0.02901367144105582,Fragile Late-Cycle Watch,Growth Down / Inflation Down,2020
2020-08-03,GLD,Gold,0.5979831689684201,0.4622996125191897,0.44358751275257396,0.5012900980800612,1,0.024294303607325984,Fragile Late-Cycle Watch,Growth Down / Inflation Down,2020
2020-08-04,GLD,Gold,0.5933755010072618,0.46234121992112776,0.5004676055132067,0.5187281088138654,0,-0.05089927782521808,Fragile Late-Cycle Watch,Growth Down / Inflation Down,2020
2021-08-11,GLD,Gold,0.8905893966569378,0.5384320271130932,0.7512519009743787,0.7267577749148032,1,0.018902476240948873,Inflationary Boom,Growth Up / Inflation Up,2021
2021-08-12,GLD,Gold,0.8884410276679795,0.5050467147319372,0.5674965129644677,0.6536614184547948,1,0.015666955799833016,Inflationary Boom,Growth Up / Inflation Up,2021
2021-08-13,GLD,Gold,0.8965298340761604,0.5063107656934189,0.6372540177182325,0.680031539162604,1,0.00186307806797803,Inflationary Boom,Growth Up / Inflation Up,2021
2021-08-16,GLD,Gold,0.8945026826481405,0.4991773007587521,0.5682854599791876,0.6539884811286933,1,0.009029987416654839,Inflationary Boom,Growth Up / Inflation Up,2021
2021-08-17,GLD,Gold,0.8716823460497221,0.5049131655216563,0.45901415420221786,0.6118698885911987,1,0.010061643789297303,Inflationary Boom,Growth Up / Inflation Up,2021
2021-08-18,GLD,Gold,0.8909080564255646,0.5151244037830238,0.4990450568725881,0.6350258390270588,1,0.002274025195355467,Inflationary Boom,Growth Up / Inflation Up,2021
2021-08-19,GLD,Gold,0.9119931059394042,0.5219207763118358,0.5010493143498166,0.6449877322003522,1,0.006362148458739503,Inflationary Boom,Growth Up / Inflation Up,2021
2021-08-20,GLD,Gold,0.9004422842251808,0.5211953656922593,0.49151475519809407,0.6377174683718447,1,0.02093584617309663,Inflationary Boom,Growth Up / Inflation Up,2021
2021-08-23,GLD,Gold,0.8873255714666511,0.5165809441059787,0.6059903376628027,0.6699656177451442,1,0.00367457115910641,Inflationary Boom,Growth Up / Inflation Up,2021
2021-08-24,GLD,Gold,0.8365505338716639,0.5163559662945673,0.5611098975435209,0.6380054659032507,1,0.006166668144442555,Inflationary Boom,Growth Up / Inflation Up,2021
2021-08-25,GLD,Gold,0.7760692654211587,0.50757312865643,0.44297711115085486,0.5755398350761479,1,0.013255321694148448,Inflationary Boom,Growth Up / Inflation Up,2021
2021-08-26,GLD,Gold,0.7971902480436235,0.4876406545382222,0.3864101640586529,0.5570803555468329,1,0.009423282926636967,Inflationary Boom,Growth Up / Inflation Up,2021
2021-08-27,GLD,Gold,0.8323217741396495,0.49600983770751966,0.39378034598430384,0.5740373192771576,1,0.005111904957443292,Inflationary Boom,Growth Up / Inflation Up,2021
2021-08-30,GLD,Gold,0.8369418240750826,0.49557024038423414,0.40112914117781456,0.5778804018790438,0,-0.009684082258880955,Inflationary Boom,Growth Up / Inflation Up,2021
2021-08-31,GLD,Gold,0.8222746082009753,0.4906342996342686,0.36328970060537946,0.5587328694802077,0,-0.014143491783507711,Inflationary Boom,Growth Up / Inflation Up,2021
2021-09-01,GLD,Gold,0.8366573213100896,0.5034417485002285,0.43567478351086975,0.5919246177737293,0,-0.009840885085311224,Inflationary Boom,Growth Up / Inflation Up,2021
2021-09-02,GLD,Gold,0.8241988166454104,0.4684516321353489,0.43461157068883277,0.575754006489864,0,-0.012230471634970486,Inflationary Boom,Growth Up / Inflation Up,2021
2021-09-03,GLD,Gold,0.8059923823919843,0.4674544989815784,0.34455065041440824,0.5393325105959904,0,-0.019408348607584225,Inflationary Boom,Growth Up / Inflation Up,2021
2021-09-07,GLD,Gold,0.8382074329186714,0.4678816341938347,0.3808260841489799,0.5623050504204953,1,0.006618571140154739,Inflationary Boom,Growth Up / Inflation Up,2021
2021-09-08,GLD,Gold,0.7744041316691389,0.4693573210196946,0.4230097658845745,0.555590406191136,1,0.003227978759005934,Inflationary Boom,Growth Up / Inflation Up,2021
2021-09-09,GLD,Gold,0.7666396020091625,0.46853565503902395,0.33040291255825877,0.5218593898688151,0,-0.023805273040880648,Inflationary Boom,Growth Up / Inflation Up,2021
2021-09-10,GLD,Gold,0.7211031515470957,0.4793463037611275,0.39303092020389524,0.5311601251707062,0,-0.020397108222952487,Inflationary Boom,Growth Up / Inflation Up,2021
2021-09-13,GLD,Gold,0.7802335996148076,0.4825352068554603,0.3517978502918251,0.5381888855873643,0,-0.016692517944813856,Inflationary Boom,Growth Up / Inflation Up,2021
2021-09-14,GLD,Gold,0.811565156456481,0.4868161813623213,0.27280394055384893,0.5237284261242171,0,-0.016467325657360754,Inflationary Boom,Growth Up / Inflation Up,2021
2021-09-15,GLD,Gold,0.8087084755816711,0.48655597417269436,0.18543441591082307,0.49356628855506285,0,-0.01435979047736291,Inflationary Boom,Growth Up / Inflation Up,2021
2021-09-16,GLD,Gold,0.7517656686501,0.4815972305364694,0.18941751971924267,0.47426013963527064,0,-0.0031701778719184226,Inflationary Boom,Growth Up / Inflation Up,2021
2021-09-17,GLD,Gold,0.8484866519916535,0.4936631136789353,0.5112550040884538,0.6178015899196808,0,-0.00286988586701864,Inflationary Boom,Growth Up / Inflation Up,2021
2021-09-20,GLD,Gold,0.8453372325052265,0.4959923504886305,0.46640656238972505,0.6025787151278607,0,-0.007881672320331323,Inflationary Boom,Growth Up / Inflation Up,2021
2021-09-21,GLD,Gold,0.7405259463524451,0.49878238578609213,0.4412179765907764,0.5601754362431045,0,-0.024030296288311326,Inflationary Boom,Growth Up / Inflation Up,2021
2021-09-22,GLD,Gold,0.8010123515656712,0.5001017847455939,0.3900889374224259,0.5637343579112303,0,-0.02478533968147667,Inflationary Boom,Growth Up / Inflation Up,2021
2021-09-23,GLD,Gold,0.8262500498629787,0.48822527575262825,0.4546658916929542,0.5897137391028537,1,0.004342283271482339,Inflationary Boom,Growth Up / Inflation Up,2021
2021-09-24,GLD,Gold,0.8558623584501113,0.48791844433324144,0.4910074441370012,0.6115960823067846,1,0.007899530079763295,Inflationary Boom,Growth Up / Inflation Up,2021
2021-09-27,GLD,Gold,0.8390163497705875,0.4825179292963299,0.4789903257102156,0.6001748682590443,1,0.01051088503494535,Inflationary Boom,Growth Up / Inflation Up,2021
2021-09-28,GLD,Gold,0.7361414445594736,0.4799230700338275,0.48272539417043325,0.5662633029212448,1,0.015674132911441818,Inflationary Boom,Growth Up / Inflation Up,2021
2021-09-29,GLD,Gold,0.7276896729706374,0.49128367855509,0.5249874632267943,0.5813202715841739,1,0.02299771439770537,Inflationary Boom,Growth Up / Inflation Up,2021
2021-09-30,GLD,Gold,0.7862750905665058,0.4917998442811304,0.5329069081250375,0.6036606143242246,0,-0.0003653486673228512,Inflationary Boom,Growth Down / Inflation Up,2021
2021-10-01,GLD,Gold,0.8043844580921912,0.4932347430043573,0.41794614284364934,0.5718551146467326,0,-0.002187256931536208,Inflationary Boom,Growth Down / Inflation Up,2021
2021-10-04,GLD,Gold,0.8988495105685602,0.48263860824542837,0.558498729052912,0.6466622826223002,0,-0.008708287591262298,Inflationary Boom,Growth Down / Inflation Up,2021
2021-10-05,GLD,Gold,0.9339277285368319,0.4800384336887614,0.47729386431488924,0.6304200088468275,0,0.00042534373762936895,Inflationary Boom,Growth Down / Inflation Up,2021
2021-10-06,GLD,Gold,0.9133600157985516,0.47574609056863365,0.5521473475204184,0.6470844846292012,1,0.015512316412347404,Inflationary Boom,Growth Down / Inflation Up,2021
2021-10-07,GLD,Gold,0.8021545760639803,0.48186456329186755,0.4874799835517504,0.5904997076358661,1,0.02339179003549785,Inflationary Boom,Growth Down / Inflation Up,2021
2021-10-08,GLD,Gold,0.8023271897396954,0.4754244200503583,0.4995429394760747,0.5924315164220427,1,0.006697960982356532,Inflationary Boom,Growth Down / Inflation Up,2021
2021-10-11,GLD,Gold,0.8594254578439307,0.473552690850122,0.489380323702991,0.6074528241323479,1,0.006100536915388144,Inflationary Boom,Growth Down / Inflation Up,2021
2021-10-12,GLD,Gold,0.8204689325574563,0.47371372892680663,0.5185562267534826,0.6042462960792485,1,0.004797724210876986,Inflationary Boom,Growth Down / Inflation Up,2021
2021-10-13,GLD,Gold,0.8156157603969144,0.47647618202897185,0.5354416974270907,0.6091778799509924,0,-0.0041172054208717945,Inflationary Boom,Growth Down / Inflation Up,2021
2021-10-14,GLD,Gold,0.7392851446561829,0.47854031608017,0.42637181341324476,0.5480657580498659,0,-0.007440476190476164,Inflationary Boom,Growth Down / Inflation Up,2021
2021-10-15,GLD,Gold,0.7805380148029637,0.4880210020817997,0.39857006428782865,0.5557096937241973,1,0.014758376667167727,Inflationary Boom,Growth Down / Inflation Up,2021
2021-10-18,GLD,Gold,0.7922430518657546,0.47242545166757066,0.38084468036127395,0.548504394631533,1,0.02431478626823691,Inflationary Boom,Growth Down / Inflation Up,2021
2021-10-19,GLD,Gold,0.7722721558311706,0.46989174232308917,0.4212926761290465,0.5544855247611021,1,0.013478366688859378,Inflationary Boom,Growth Down / Inflation Up,2021
2021-10-20,GLD,Gold,0.7945900777977454,0.4641630364990757,0.48027627102471226,0.5796764617738445,1,0.007309773908438899,Inflationary Boom,Growth Down / Inflation Up,2021
2021-10-21,GLD,Gold,0.76856793839949,0.4717473385370038,0.4509509064092565,0.5637553944485835,1,0.00797602297484068,Inflationary Boom,Growth Down / Inflation Up,2021
2021-10-22,GLD,Gold,0.8224424998001421,0.47392469483717725,0.5381129540155366,0.6114933828842853,0,-0.0066758678396267035,Inflationary Boom,Growth Down / Inflation Up,2021
2021-10-25,GLD,Gold,0.8121858541037742,0.4787618501122008,0.5227305585007919,0.604559420905589,0,-0.008346584173637095,Inflationary Boom,Growth Down / Inflation Up,2021
2021-10-26,GLD,Gold,0.7665980223342987,0.47839700008217023,0.4260678733338465,0.5570209652501051,0,-0.0031010796540127394,Inflationary Boom,Growth Down / Inflation Up,2021
2021-10-27,GLD,Gold,0.8255477625721963,0.4766818920177377,0.4698532838825952,0.5906943128241764,0,-0.013978056822381624,Inflationary Boom,Growth Down / Inflation Up,2021
2021-10-28,GLD,Gold,0.796555748657591,0.4774544147972334,0.33599579361229814,0.5366686523557075,0,-0.0025583527480118606,Inflationary Boom,Growth Down / Inflation Up,2021
2021-10-29,GLD,Gold,0.7746925838910417,0.47205020910936446,0.33836250096119586,0.528368431320534,1,0.019141929542390246,Inflationary Boom,Growth Down / Inflation Up,2021
2021-11-01,GLD,Gold,0.8475031628797581,0.4723878165185304,0.36533434587264674,0.5617417750903118,1,0.017490404734086473,Inflationary Boom,Growth Down / Inflation Up,2021
2021-11-02,GLD,Gold,0.7296996629279469,0.4529302948377493,0.17383883736923741,0.4521562650449779,1,0.024706805058293924,Inflationary Boom,Growth Down / Inflation Up,2021
2021-11-03,GLD,Gold,0.7607971317179425,0.45534654404040803,0.1672947609602525,0.46114614557286765,1,0.04451945125062329,Inflationary Boom,Growth Down / Inflation Up,2021
2021-11-04,GLD,Gold,0.693164084128944,0.4530275148411822,0.22454267996867283,0.4569114263129331,1,0.03859231408441355,Inflationary Boom,Growth Down / Inflation Up,2021
2021-11-05,GLD,Gold,0.7456910164397269,0.4518187974465943,0.2136696572655434,0.4703931570506215,1,0.02714319777292107,Inflationary Boom,Growth Down / Inflation Up,2021
2021-11-08,GLD,Gold,0.8069156121835945,0.47165529386454913,0.33179463067311354,0.536788512240419,1,0.02188322554603328,Inflationary Boom,Growth Down / Inflation Up,2021
2021-11-09,GLD,Gold,0.8320538020935372,0.519023395201015,0.36880817307647346,0.5732951234570086,1,0.00951605433301439,Inflationary Boom,Growth Down / Inflation Up,2021
2021-11-10,GLD,Gold,0.6848774029409526,0.47898925040905366,0.21985066490633032,0.4612391060854455,1,0.00779674358130622,Inflationary Boom,Growth Down / Inflation Up,2021
2021-11-11,GLD,Gold,0.7234238590546094,0.48363933354219557,0.32577290464021863,0.5109453657456745,0,-0.001033727778708693,Inflationary Boom,Growth Down / Inflation Up,2021
2021-11-12,GLD,Gold,0.6988874530861626,0.4872210020318194,0.3103701868151763,0.49882621397771937,0,-0.010547413987267329,Inflationary Boom,Growth Down / Inflation Up,2021
2021-11-15,GLD,Gold,0.7192135543472306,0.48817030386929633,0.2566752014645878,0.4880196865603715,0,-0.03123198651605863,Inflationary Boom,Growth Down / Inflation Up,2021
2021-11-16,GLD,Gold,0.7077726877882674,0.4778519738203438,0.25846140303897697,0.48136202154919605,0,-0.032616235538807214,Inflationary Boom,Growth Down / Inflation Up,2021
2021-11-17,GLD,Gold,0.6633513987203479,0.4823413559632821,0.3934233213325058,0.5130386920053785,0,-0.042292291592048725,Inflationary Boom,Growth Down / Inflation Up,2021
2021-11-18,GLD,Gold,0.6678675483968464,0.4835846983248709,0.45398264255844306,0.5351449630933868,0,-0.0407611603908018,Inflationary Boom,Growth Down / Inflation Up,2021
2021-11-19,GLD,Gold,0.6877313820744143,0.4860535115003882,0.4258685406339817,0.5332178114029281,0,-0.034702540246702496,Inflationary Boom,Growth Down / Inflation Up,2021
2021-11-22,GLD,Gold,0.7192186057624995,0.48950809198133316,0.38028093587287237,0.5296692112055683,0,-0.01920116977414299,Inflationary Boom,Growth Down / Inflation Up,2021
2021-11-23,GLD,Gold,0.6650202679370024,0.48259562566381453,0.4318396148763992,0.5264851694924054,0,-0.006695331930658299,Inflationary Boom,Growth Down / Inflation Up,2021
2021-11-24,GLD,Gold,0.6223113758805218,0.4858204360647796,0.4378825701342943,0.5153381273598653,0,-0.011249339869266684,Inflationary Boom,Growth Down / Inflation Up,2021
2021-11-26,GLD,Gold,0.5872654027579254,0.4844150962197674,0.4543129480252308,0.5086644823343078,0,-0.0013185568633820033,Inflationary Boom,Growth Down / Inflation Up,2021
2021-11-29,GLD,Gold,0.49875800130716375,0.5035160636210245,0.5865402834649917,0.5296047827977266,0,-0.0024006356272130436,Inflationary Boom,Growth Down / Inflation Up,2021
2021-11-30,GLD,Gold,0.7212195428056705,0.5015528328212263,0.5458346391908572,0.589535671605918,1,0.007915393103285595,Inflationary Boom,Growth Up / Inflation Up,2021
2021-12-01,GLD,Gold,0.6811132137774405,0.513210591758812,0.6726755584623934,0.622333121332882,1,0.004453479887252421,Inflationary Boom,Growth Up / Inflation Up,2021
2021-12-02,GLD,Gold,0.7032574140499375,0.5075868645124169,0.596932398292098,0.6025922256181507,1,0.0038731503774667164,Inflationary Boom,Growth Up / Inflation Up,2021
2021-12-03,GLD,Gold,0.6707721054696354,0.5024192741557147,0.5380538900463918,0.5704150898905807,0,-0.00030008432030581567,Inflationary Boom,Growth Up / Inflation Up,2021
2021-12-06,GLD,Gold,0.7418253563563221,0.5162908110012282,0.5339852691432934,0.5973671455002812,1,0.004692568725596535,Inflationary Boom,Growth Up / Inflation Up,2021
2021-12-07,GLD,Gold,0.6557314149044846,0.4958786395429343,0.453267057953928,0.5349590374671156,0,-0.008212907722789708,Inflationary Boom,Growth Up / Inflation Up,2021
2021-12-08,GLD,Gold,0.5277219402980613,0.48659067808913226,0.5171067791201244,0.5104731325024393,0,-0.00449370897200374,Inflationary Boom,Growth Up / Inflation Up,2021
2021-12-09,GLD,Gold,0.48977935194229977,0.4883887173161919,0.47581049773963624,0.48465952233270926,1,0.013744868050296954,Inflationary Boom,Growth Up / Inflation Up,2021
2021-12-10,GLD,Gold,0.651008560101022,0.494587275919946,0.5159736115324686,0.5538564825178122,1,0.007323815627883423,Inflationary Boom,Growth Up / Inflation Up,2021
2021-12-13,GLD,Gold,0.543001314116287,0.48739607521201544,0.4457113136551653,0.4920362343278226,0,0.0005389002268900711,Inflationary Boom,Growth Up / Inflation Up,2021
2021-12-14,GLD,Gold,0.675616904594222,0.49681115488268807,0.5529721327405038,0.5751333974058047,1,0.0095503010622493,Inflationary Boom,Growth Up / Inflation Up,2021
2021-12-15,GLD,Gold,0.739049848188823,0.5070945062936633,0.6030726150229083,0.6164056565017981,1,0.014685540361358163,Inflationary Boom,Growth Up / Inflation Up,2021
2021-12-16,GLD,Gold,0.7434829634762705,0.5000086223218447,0.5679025332635144,0.6037980396872099,1,0.004816826480459113,Inflationary Boom,Growth Up / Inflation Up,2021
2021-12-17,GLD,Gold,0.6014021401415796,0.5031972223549147,0.5414870466956054,0.5486954697306999,1,0.00935632918281537,Inflationary Boom,Growth Up / Inflation Up,2021
2021-12-20,GLD,Gold,0.7660617049740306,0.5065766177805151,0.5490923223074243,0.6072435483539901,1,0.009276456315334247,Inflationary Boom,Growth Up / Inflation Up,2021
2021-12-21,GLD,Gold,0.8011541660014738,0.4980747399977169,0.26453816654116724,0.5212556908467859,1,0.009400024100517657,Inflationary Boom,Growth Up / Inflation Up,2021
2021-12-22,GLD,Gold,0.6016194674053779,0.4851470896726439,0.2938022406118461,0.460189599229956,1,0.0071772153754725565,Inflationary Boom,Growth Up / Inflation Up,2021
2021-12-23,GLD,Gold,0.6420516567595903,0.4834640817844626,0.2116023198990297,0.44570601948102756,1,0.011777270987675337,Inflationary Boom,Growth Up / Inflation Up,2021
2021-12-27,GLD,Gold,0.4562918722089617,0.46637388595564866,0.20843340162648813,0.37703305326369946,0,-0.006140363205497157,Inflationary Boom,Growth Up / Inflation Up,2021
2021-12-28,GLD,Gold,0.4376057614157506,0.4677625335919279,0.20829854906987896,0.37122228135918584,1,0.00551475295265802,Inflationary Boom,Growth Up / Inflation Up,2021
2021-12-29,GLD,Gold,0.40667017335368766,0.4619607775537653,0.17819133467456522,0.34894076186067274,1,0.002787835760795332,Inflationary Boom,Growth Up / Inflation Up,2021
2021-12-30,GLD,Gold,0.5351494880366617,0.4557933930637692,0.22430865033859793,0.4050838438130096,0,-0.016548866360957648,Inflationary Boom,Growth Up / Inflation Up,2021
2021-12-31,GLD,Gold,0.5276322559827425,0.4648089508224233,0.20738110623374653,0.39994077101297076,0,-0.018776360480844634,Inflationary Boom,Growth Up / Inflation Up,2021
2022-01-03,GLD,Gold,0.5358932598531121,0.4598942415989139,0.2645805837158652,0.4201226950559637,0,-0.00041589332535629797,Inflationary Boom,Growth Up / Inflation Up,2022
2022-01-04,GLD,Gold,0.688161568364027,0.47160980097936056,0.29312668379879164,0.484299351047393,1,0.004245951116446323,Inflationary Boom,Growth Up / Inflation Up,2022
2022-01-05,GLD,Gold,0.660268572907101,0.4749130963892362,0.29637963825056557,0.4771871025156343,1,0.009937347443697009,Inflationary Boom,Growth Up / Inflation Up,2022
2022-01-06,GLD,Gold,0.6480606172589274,0.47334297173787804,0.30394684643987463,0.4751168118122267,1,0.018983161055558417,Inflationary Boom,Growth Up / Inflation Up,2022
2022-01-07,GLD,Gold,0.6078448479602949,0.4785433067222991,0.42100981726956593,0.50246599065072,1,0.011445592661373016,Inflationary Boom,Growth Up / Inflation Up,2022
2022-01-10,GLD,Gold,0.6514345653435519,0.46916124820462685,0.29203274918582306,0.4708761875780006,1,0.006715826219562793,Inflationary Boom,Growth Up / Inflation Up,2022
2022-01-11,GLD,Gold,0.4900194646205339,0.47424946336388457,0.3032551953709616,0.4225080411184601,1,0.010511531008837283,Inflationary Boom,Growth Up / Inflation Up,2022
2022-01-12,GLD,Gold,0.5259888888846432,0.4690412674220048,0.218341448606693,0.4044572016377803,1,0.005329673035278981,Inflationary Boom,Growth Up / Inflation Up,2022
2022-01-13,GLD,Gold,0.5306314126581543,0.4679881016109716,0.19280491387895143,0.39714147604935907,1,0.005465401126976799,Inflationary Boom,Growth Up / Inflation Up,2022
2022-01-14,GLD,Gold,0.5813890023502831,0.46818262249008413,0.25901732053809584,0.43619631512615437,1,0.013909357198210293,Inflationary Boom,Growth Up / Inflation Up,2022
2022-01-18,GLD,Gold,0.48705999809296585,0.46883986669673205,0.25388084525499327,0.4032602366815637,1,0.018832295016828482,Inflationary Boom,Growth Up / Inflation Up,2022
2022-01-19,GLD,Gold,0.4335683187689468,0.4698663767355526,0.35705014441816035,0.42016161330755325,0,-0.013307813345853958,Inflationary Boom,Growth Up / Inflation Up,2022
2022-01-20,GLD,Gold,0.5768814139703539,0.4756433827317902,0.30940987584321566,0.4539782241817865,0,-0.023594453463314125,Inflationary Boom,Growth Up / Inflation Up,2022
2022-01-21,GLD,Gold,0.5564979456071779,0.47321678946959816,0.2957871148071232,0.44183394996129977,0,-0.02332100251200575,Inflationary Boom,Growth Up / Inflation Up,2022
2022-01-24,GLD,Gold,0.5490296762040402,0.47376757647707946,0.2773803373626711,0.43339253001459693,0,-0.02290299639228044,Inflationary Boom,Growth Up / Inflation Up,2022
2022-01-25,GLD,Gold,0.7352179788690526,0.5418454172019381,0.3528046140704808,0.5432893367138238,0,-0.025205736802425216,Inflationary Boom,Growth Up / Inflation Up,2022
2022-01-26,GLD,Gold,0.6155017279858144,0.48972900675527264,0.3560709631820308,0.48710056597437257,0,-0.005595129193751935,Inflationary Boom,Growth Up / Inflation Up,2022
2022-01-27,GLD,Gold,0.4596404201933088,0.4795791141526044,0.3073266506674057,0.4155153950044396,1,0.005966586894885717,Inflationary Boom,Growth Up / Inflation Up,2022
2022-01-28,GLD,Gold,0.5470862425252785,0.4917122248270833,0.38036112431547364,0.4730531972226118,1,0.01053258194225104,Inflationary Boom,Growth Up / Inflation Up,2022
2022-01-31,GLD,Gold,0.5254487665994023,0.48744634084129823,0.4189335977786031,0.47727623507310124,1,0.012017397325658541,Inflationary Boom,Growth Up / Inflation Up,2022
2022-02-01,GLD,Gold,0.3371905607125381,0.47194789249681324,0.425391026983845,0.41150982673106545,1,0.014266237985052443,Inflationary Boom,Growth Up / Inflation Up,2022
2022-02-02,GLD,Gold,0.5022068460893168,0.4900075891104022,0.5082136967532006,0.5001427106509732,1,0.014037019825761998,Inflationary Boom,Growth Up / Inflation Up,2022
2022-02-03,GLD,Gold,0.6031273435712133,0.4950635695833297,0.5470781059178674,0.5484230063574702,1,0.011625097177486055,Inflationary Boom,Growth Up / Inflation Up,2022
2022-02-04,GLD,Gold,0.54306871776763,0.4965371171390758,0.5143517312907123,0.5179858553991394,1,0.029314206622943262,Inflationary Boom,Growth Up / Inflation Up,2022
2022-02-07,GLD,Gold,0.4272594445138117,0.483122093510123,0.4909306068630405,0.4671040482956584,1,0.027217711282112367,Inflationary Boom,Growth Up / Inflation Up,2022
2022-02-08,GLD,Gold,0.5129049710275005,0.4910157272822859,0.4513279795924609,0.48508289263408244,1,0.014358535299373809,Inflationary Boom,Growth Up / Inflation Up,2022
2022-02-09,GLD,Gold,0.5968352358225003,0.4869888567515104,0.42463323565054684,0.5028191094081859,1,0.02131881171282468,Inflationary Boom,Growth Up / Inflation Up,2022
2022-02-10,GLD,Gold,0.6246103835006706,0.48291363588973746,0.476953316364162,0.52815911191819,1,0.039223748459001895,Inflationary Boom,Growth Up / Inflation Up,2022
2022-02-11,GLD,Gold,0.5458739245994525,0.4768702564595904,0.49150405846706274,0.5047494131753686,1,0.019043769662777432,Inflationary Boom,Growth Up / Inflation Up,2022
2022-02-14,GLD,Gold,0.6045778565876916,0.4871745492792831,0.48342439425023265,0.5250589333724025,1,0.015737666896820546,Inflationary Boom,Growth Up / Inflation Up,2022
2022-02-15,GLD,Gold,0.38329856826053627,0.4865366860742737,0.44562115575601735,0.43848547003027577,1,0.030101637392884184,Inflationary Boom,Growth Up / Inflation Up,2022
2022-02-16,GLD,Gold,0.35974986211761983,0.48414365921449076,0.4617262207613745,0.4352065806978283,1,0.013038995604131909,Inflationary Boom,Growth Up / Inflation Up,2022
2022-02-17,GLD,Gold,0.4962151320585583,0.4889624453111584,0.5127364494987374,0.49930467562281805,0,-0.003949207042269087,Inflationary Boom,Growth Up / Inflation Up,2022
2022-02-18,GLD,Gold,0.5578208508809195,0.4849460270657536,0.4151379962693786,0.4859682914053505,1,0.007113876469967861,Inflationary Boom,Growth Up / Inflation Up,2022
2022-02-22,GLD,Gold,0.5024805572866905,0.49309197978289054,0.5724120310310974,0.5226615227002261,1,0.023268857379028507,Inflationary Boom,Growth Up / Inflation Up,2022
2022-02-23,GLD,Gold,0.5445002169276443,0.49241032509216387,0.5229375746232423,0.5199493722143501,1,0.008076742922387359,Inflationary Boom,Growth Up / Inflation Up,2022
2022-02-24,GLD,Gold,0.6057988483532042,0.4814612989975691,0.4665361326715173,0.5179320933407635,1,0.020661644319296846,Inflationary Boom,Growth Up / Inflation Up,2022
2022-02-25,GLD,Gold,0.3918677388275505,0.48051104593834176,0.44597538650740565,0.43945139042443265,1,0.04038510054249733,Inflationary Boom,Growth Up / Inflation Up,2022
2022-02-28,GLD,Gold,0.3769948406840533,0.4850750586349979,0.55553298047876,0.47253429326593704,1,0.045016249352455295,Inflationary Boom,Growth Up / Inflation Up,2022
2022-03-01,GLD,Gold,0.3996029574983753,0.49187030923120006,0.40247368922062354,0.43131565198339966,1,0.05445435335061566,Inflationary Boom,Growth Up / Inflation Up,2022
2022-03-02,GLD,Gold,0.13842423397731857,0.48170726809661607,0.41537868652348037,0.345170062865805,1,0.03388422490095544,Inflationary Boom,Growth Up / Inflation Up,2022
2022-03-03,GLD,Gold,0.09886167112020723,0.46553412249749754,0.26580824496630606,0.2767346795280036,1,0.03097340016705341,Inflationary Boom,Growth Up / Inflation Up,2022
2022-03-04,GLD,Gold,0.139332709893387,0.4698295780080812,0.3296696405229387,0.31294397614146896,1,0.007676413971761331,Inflationary Boom,Growth Up / Inflation Up,2022
2022-03-07,GLD,Gold,0.06663879706967067,0.487187404254354,0.3762089156929576,0.31001170567232744,0,-0.022048176222352556,Inflationary Boom,Growth Up / Inflation Up,2022
2022-03-08,GLD,Gold,0.048704594572096686,0.4538373479206048,0.22936588047831405,0.24396927432367185,0,-0.06589731856912062,Inflationary Boom,Growth Up / Inflation Up,2022
2022-03-09,GLD,Gold,0.04467460362468227,0.4415609360107346,0.19486947165747484,0.22703500376429722,0,-0.031266885095131314,Inflationary Boom,Growth Up / Inflation Up,2022
2022-03-10,GLD,Gold,0.19249838575524245,0.4595953633605409,0.35154661441075025,0.3345467878421779,0,-0.029560057335065504,Inflationary Boom,Growth Up / Inflation Up,2022
2022-03-11,GLD,Gold,0.16486057857672606,0.45600586627446477,0.2754209395790316,0.2987624614767408,0,-0.03128204333400553,Inflationary Boom,Growth Up / Inflation Up,2022
2022-03-14,GLD,Gold,0.17563490690897632,0.46310266190949617,0.2811110773827669,0.3066162154004131,0,-0.008941332175127381,Inflationary Boom,Growth Up / Inflation Up,2022
2022-03-15,GLD,Gold,0.20229819583566785,0.45747608109100535,0.33887876033427444,0.3328843457536492,1,0.0026273197065611598,Inflationary Boom,Growth Up / Inflation Up,2022
2022-03-16,GLD,Gold,0.348039358958234,0.45642455545351707,0.35388098158679276,0.38611496533284795,1,0.009999461733717574,Inflationary Boom,Growth Up / Inflation Up,2022
2022-03-17,GLD,Gold,0.15743037649738328,0.4515230207006294,0.403160519919619,0.3373713057058772,1,0.012383246728521202,Inflationary Boom,Growth Up / Inflation Up,2022
2022-03-18,GLD,Gold,0.09791583452589055,0.4495873140914313,0.46235714380179754,0.3366200974730398,1,0.0171779240302945,Inflationary Boom,Growth Up / Inflation Up,2022
2022-03-21,GLD,Gold,0.0980170111965694,0.45559135617818003,0.4321976834891653,0.32860201695463825,0,-0.008911278168310166,Inflationary Boom,Growth Up / Inflation Up,2022
2022-03-22,GLD,Gold,0.031740223021913185,0.45737772957015316,0.2992620878037788,0.26279334679861505,0,-0.0012265902093804293,Inflationary Boom,Growth Up / Inflation Up,2022
2022-03-23,GLD,Gold,0.024104260854573224,0.44747788812661426,0.3143410636689352,0.2619744042167076,0,-0.0067652810299535515,Inflationary Boom,Growth Up / Inflation Up,2022
2022-03-24,GLD,Gold,0.03724771338912545,0.45757940395758756,0.32300390320327244,0.27261034018332847,0,-0.01354235199149978,Inflationary Boom,Growth Up / Inflation Up,2022
2022-03-25,GLD,Gold,0.053646743250482465,0.45899362693996176,0.29803284393151175,0.2702244047073187,0,-0.015791231525972615,Inflationary Boom,Growth Up / Inflation Up,2022
2022-03-28,GLD,Gold,0.044034955926992275,0.4548619577782358,0.3843771026271509,0.294424672110793,1,0.007315969934407418,Inflationary Boom,Growth Up / Inflation Up,2022
2022-03-29,GLD,Gold,0.10197381472055521,0.49790446785477194,0.5253468767838778,0.37507505311973494,0,0.0005582566922872623,Inflationary Boom,Growth Up / Inflation Up,2022
2022-03-30,GLD,Gold,0.07417445718503768,0.46917790947612614,0.4501784286571087,0.33117693177275753,0,-0.005094684680566286,Inflationary Boom,Growth Up / Inflation Up,2022
2022-03-31,GLD,Gold,0.08391284308703494,0.46448910455513287,0.38637345597508815,0.311591801205752,0,-0.001716012007016099,Rate-Shock Regime,Growth Up / Inflation Up,2022
2022-04-01,GLD,Gold,0.12054820981320075,0.47710260527978987,0.41960660326678806,0.3390858061199262,1,0.01097493716269149,Rate-Shock Regime,Growth Up / Inflation Up,2022
2022-04-04,GLD,Gold,0.2110797192385825,0.47710887462716395,0.49217366274111973,0.39345408553562206,1,0.011088318756679039,Rate-Shock Regime,Growth Up / Inflation Up,2022
2022-04-05,GLD,Gold,0.16362122809405338,0.47635813773478297,0.4916179309482743,0.3771990989257035,1,0.02527336889347298,Rate-Shock Regime,Growth Up / Inflation Up,2022
2022-04-06,GLD,Gold,0.2242676314487137,0.4770792650249536,0.6736782487103301,0.4583417150613325,1,0.027774630594797234,Rate-Shock Regime,Growth Up / Inflation Up,2022
2022-04-07,GLD,Gold,0.2610891100582306,0.481081991688433,0.6658059935158197,0.46932569842082783,1,0.020516785091365675,Rate-Shock Regime,Growth Up / Inflation Up,2022
2022-04-08,GLD,Gold,0.2181658174320569,0.47409333470968545,0.6449499842248247,0.4457363787888557,1,0.017303132024722778,Rate-Shock Regime,Growth Up / Inflation Up,2022
2022-04-11,GLD,Gold,0.206483008053854,0.46515668483974815,0.570871363820551,0.4141703522380511,0,-0.003015780049866912,Rate-Shock Regime,Growth Up / Inflation Up,2022
2022-04-12,GLD,Gold,0.20792512212262862,0.4720919750665381,0.5447922654232789,0.40826978753748183,0,-0.0057680662455782405,Rate-Shock Regime,Growth Up / Inflation Up,2022
2022-04-13,GLD,Gold,0.15618643521509384,0.4629157170868391,0.49867834715804477,0.3725934998199925,0,-0.014026517321969578,Rate-Shock Regime,Growth Up / Inflation Up,2022
2022-04-14,GLD,Gold,0.10099501195635253,0.4588326144097718,0.4289660293280199,0.32959788523138145,0,-0.020376005959583776,Rate-Shock Regime,Growth Up / Inflation Up,2022
2022-04-18,GLD,Gold,0.09015384129306273,0.460135905794526,0.39934885307793533,0.3165462000551747,0,-0.04095118104977591,Rate-Shock Regime,Growth Up / Inflation Up,2022
2022-04-19,GLD,Gold,0.08124345280016299,0.4592169575786994,0.3498845001093791,0.29678163682941383,0,-0.02474975150548564,Rate-Shock Regime,Growth Up / Inflation Up,2022
2022-04-20,GLD,Gold,0.091421428318754,0.4825216841119159,0.4083581605870062,0.3274337576725587,0,-0.03683438639935932,Rate-Shock Regime,Growth Up / Inflation Up,2022
2022-04-21,GLD,Gold,0.11843260550458694,0.44854670010392445,0.410023268102282,0.3256675245702645,0,-0.028177551090878605,Rate-Shock Regime,Growth Up / Inflation Up,2022
2022-04-22,GLD,Gold,0.1358941491238698,0.45960056264858373,0.4557163084302739,0.3504036734009091,0,-0.018747516500592254,Rate-Shock Regime,Growth Up / Inflation Up,2022
2022-04-25,GLD,Gold,0.14178430328043634,0.4807835334162592,0.5723347092714477,0.39830084865604776,0,-0.019316566563094217,Rate-Shock Regime,Growth Up / Inflation Up,2022
2022-04-26,GLD,Gold,0.2119372625047664,0.49605770980263686,0.6822340665206064,0.46340967960933654,0,-0.018215716517664293,Rate-Shock Regime,Growth Up / Inflation Up,2022
2022-04-27,GLD,Gold,0.19018716932489893,0.49635187552758786,0.5429522491442685,0.4098304313322518,0,-0.0010228019101666819,Rate-Shock Regime,Growth Up / Inflation Up,2022
2022-04-28,GLD,Gold,0.1653615770284854,0.4976028037132137,0.5509527409994763,0.40463904058039174,0,-0.010173446376992579,Rate-Shock Regime,Growth Up / Inflation Up,2022
2022-04-29,GLD,Gold,0.08281958644517218,0.4908915822528168,0.581819290741854,0.385176819813281,0,-0.0084223925290845,Rate-Shock Regime,Growth Up / Inflation Up,2022
2022-05-02,GLD,Gold,0.15962561150566124,0.496222398614857,0.49113095212770835,0.3823263207494088,0,-0.004319529913658582,Rate-Shock Regime,Growth Up / Inflation Up,2022
2022-05-03,GLD,Gold,0.1369796183702727,0.49073985066208214,0.494681811619452,0.37413376021726896,0,-0.015336884514392857,Rate-Shock Regime,Growth Up / Inflation Up,2022
2022-05-04,GLD,Gold,0.13218278000818523,0.4844231204511253,0.6528328030515513,0.4231462345036206,0,-0.01695105617638537,Rate-Shock Regime,Growth Up / Inflation Up,2022
2022-05-05,GLD,Gold,0.12855570558325782,0.47415514469847264,0.4114738315054024,0.3380615605957109,0,-0.02832185562483225,Rate-Shock Regime,Growth Up / Inflation Up,2022
2022-05-06,GLD,Gold,0.22396644787315093,0.4971553546030513,0.4128341217688847,0.37798530808169567,0,-0.03779503450015553,Rate-Shock Regime,Growth Up / Inflation Up,2022
2022-05-09,GLD,Gold,0.08572806604323674,0.48841384956688894,0.4652380400856646,0.3464599852319301,0,-0.014345273694370886,Rate-Shock Regime,Growth Up / Inflation Up,2022
2022-05-10,GLD,Gold,0.16273390301013635,0.49601580416215185,0.5001845837554301,0.3863114303092394,0,-0.012192255047341671,Rate-Shock Regime,Growth Up / Inflation Up,2022
2022-05-11,GLD,Gold,0.27336545701481485,0.5001462187104057,0.5244058488989629,0.4326391748747278,0,-0.01967370102522248,Rate-Shock Regime,Growth Up / Inflation Up,2022
2022-05-12,GLD,Gold,0.29820087339898305,0.49776251092975426,0.5045764277420313,0.4335132706902562,1,0.010225101439071516,Rate-Shock Regime,Growth Up / Inflation Up,2022
2022-05-13,GLD,Gold,0.282762459471336,0.49985007133832615,0.6304834033789954,0.4710319780628858,1,0.019195483275312508,Rate-Shock Regime,Growth Up / Inflation Up,2022
2022-05-16,GLD,Gold,0.2282844380178572,0.49203451991240593,0.5281331725573415,0.41615071016253485,1,0.014260610455458789,Rate-Shock Regime,Growth Up / Inflation Up,2022
2022-05-17,GLD,Gold,0.2027049523895197,0.4902276151750491,0.5134834034399351,0.4021386570015013,1,0.028347032421029095,Rate-Shock Regime,Growth Up / Inflation Up,2022
2022-05-18,GLD,Gold,0.12007473901159225,0.4832364574782711,0.4739999931615727,0.359103729883812,1,0.021603138364218566,Rate-Shock Regime,Growth Up / Inflation Up,2022
2022-05-19,GLD,Gold,0.17509989716389782,0.49139055029912,0.4476219437722347,0.37137079707841747,1,0.0049443943145812685,Rate-Shock Regime,Growth Up / Inflation Up,2022
2022-05-20,GLD,Gold,0.23379534895671172,0.4857516088823177,0.37196651144359283,0.3638378230942074,1,0.004766653083982053,Rate-Shock Regime,Growth Up / Inflation Up,2022
2022-05-23,GLD,Gold,0.33515092054415285,0.4934573654383945,0.4913789109653775,0.43999573231597494,0,-0.009778408977037856,Rate-Shock Regime,Growth Up / Inflation Up,2022
2022-05-24,GLD,Gold,0.3494039516431474,0.48515594259489164,0.5441608689283575,0.45957358772213214,0,-0.010911440314678278,Rate-Shock Regime,Growth Up / Inflation Up,2022
2022-05-25,GLD,Gold,0.35859490927781784,0.4926665525099862,0.7065815634905788,0.5192810084261276,1,0.007337671937978074,Rate-Shock Regime,Growth Up / Inflation Up,2022
2022-05-26,GLD,Gold,0.32822951482454876,0.4820001467958504,0.5703391256286514,0.46018959574968354,0,-0.001041865486827942,Rate-Shock Regime,Growth Up / Inflation Up,2022
2022-05-27,GLD,Gold,0.24355897639429283,0.4733042099474815,0.490755567523848,0.40253958462187417,0,-0.005958916649849821,Rate-Shock Regime,Growth Up / Inflation Up,2022
2022-06-02,GLD,Gold,0.036743706203827955,0.46455887396580314,0.45360602159909236,0.3183028672562412,0,-0.012159508470093616,Rate-Shock Regime,Growth Up / Inflation Up,2022
2022-06-03,GLD,Gold,0.03584201304337735,0.46260143905434264,0.47815257041276493,0.325532007503495,1,0.011357002168749686,Rate-Shock Regime,Growth Up / Inflation Up,2022
2022-06-06,GLD,Gold,0.08953593449782854,0.46943635045110477,0.5406104334677743,0.36652757280556925,0,-0.010999968384770797,Rate-Shock Regime,Growth Up / Inflation Up,2022
2022-06-07,GLD,Gold,0.13709626946995376,0.47016388950913823,0.5418283843663892,0.3830295144484938,0,-0.02526885078926777,Rate-Shock Regime,Growth Up / Inflation Up,2022
2022-06-08,GLD,Gold,0.07673384894013346,0.46156129353198444,0.5154963306678604,0.35126382437999276,0,-0.01163325917951552,Rate-Shock Regime,Growth Up / Inflation Up,2022
2022-06-09,GLD,Gold,0.07499299454377122,0.45834786336594363,0.4503390644953751,0.3278933074683633,1,0.0026708861712736454,Rate-Shock Regime,Growth Up / Inflation Up,2022
2022-06-10,GLD,Gold,0.11035362890954073,0.45968537515318914,0.35470273929987756,0.3082472477875358,0,-0.01873489824370056,Rate-Shock Regime,Growth Up / Inflation Up,2022
2022-06-13,GLD,Gold,0.08750450762053368,0.4583938597885004,0.3454198843024382,0.2971060839038241,1,0.004119415272187066,Rate-Shock Regime,Growth Up / Inflation Up,2022
2022-06-14,GLD,Gold,0.1091831093670876,0.46461928167913863,0.4462537016271075,0.3400186975577779,1,0.01625431639867614,Rate-Shock Regime,Growth Up / Inflation Up,2022
2022-06-15,GLD,Gold,0.1453982491725176,0.47175123879381176,0.453893559452274,0.3570143491395344,0,-0.002986530145020594,Rate-Shock Regime,Growth Up / Inflation Up,2022
2022-06-16,GLD,Gold,0.1833123026465839,0.4722359048070492,0.6402575861998502,0.4319352645511611,0,-0.01505591561038866,Rate-Shock Regime,Growth Up / Inflation Up,2022
2022-06-17,GLD,Gold,0.22674726963439484,0.46870411735462225,0.4824674256198737,0.3926396042029636,0,-0.007999126185558536,Rate-Shock Regime,Growth Up / Inflation Up,2022
2022-06-21,GLD,Gold,0.3817037337385646,0.48509721587103494,0.5539977830480848,0.47359957755256143,0,-0.005919297525184164,Rate-Shock Regime,Growth Up / Inflation Up,2022
2022-06-22,GLD,Gold,0.23097699253751963,0.48195098130631636,0.5025600279101948,0.4051626672513436,0,-0.010623968778046278,Rate-Shock Regime,Growth Up / Inflation Up,2022
2022-06-23,GLD,Gold,0.3093866027959825,0.4943344594420167,0.5003461760497452,0.43468907942924817,0,-0.010571994896290682,Rate-Shock Regime,Growth Up / Inflation Up,2022
2022-06-24,GLD,Gold,0.2883830614831794,0.4928268893461608,0.528518810707997,0.4365762538457791,0,-0.010406191144573418,Rate-Shock Regime,Growth Up / Inflation Up,2022
2022-06-27,GLD,Gold,0.16836502134580822,0.4812131028954238,0.5186818487661826,0.38941999100247154,0,-0.030311913369591603,Rate-Shock Regime,Growth Up / Inflation Up,2022
2022-06-28,GLD,Gold,0.1288967046226003,0.48030607877432907,0.42920700118047744,0.34613659485913556,0,-0.04409854936248092,Rate-Shock Regime,Growth Up / Inflation Up,2022
2022-06-29,GLD,Gold,0.15525739231790617,0.4784056647309988,0.5135177095582274,0.3823935888690442,0,-0.042834441738913154,Rate-Shock Regime,Growth Up / Inflation Up,2022
2022-06-30,GLD,Gold,0.09202668491381333,0.47846632826086355,0.43799712961299836,0.33616338092922504,0,-0.036566564268113,Rate-Shock Regime,Growth Up / Inflation Up,2022
2022-07-01,GLD,Gold,0.15673282806076325,0.49079993842352043,0.6040252508085424,0.41718600576427534,0,-0.04093402060734186,Rate-Shock Regime,Growth Up / Inflation Up,2022
2022-07-05,GLD,Gold,0.29832005410151424,0.4949242719865613,0.6946393466940161,0.49596122426069716,0,-0.023793615592991313,Rate-Shock Regime,Growth Up / Inflation Up,2022
2022-07-06,GLD,Gold,0.41578503421770996,0.5096489810022109,0.7265404165517549,0.5506581439238919,0,-0.0033304137669022404,Rate-Shock Regime,Growth Up / Inflation Up,2022
2022-07-07,GLD,Gold,0.5004009197843556,0.5045037400312304,0.7005339901974832,0.5684795500043563,0,-0.017875818115380082,Rate-Shock Regime,Growth Up / Inflation Up,2022
2022-07-08,GLD,Gold,0.39684781912586864,0.49298672924272824,0.6724856622927421,0.5207734035537797,0,-0.02027115516364275,Rate-Shock Regime,Growth Up / Inflation Up,2022
2022-07-11,GLD,Gold,0.26669186289637015,0.47715822969187777,0.5431814642609398,0.42901051894972925,0,-0.014061755043444535,Rate-Shock Regime,Growth Up / Inflation Up,2022
2022-07-12,GLD,Gold,0.29549662188663545,0.49875295338393355,0.6051465487568106,0.4664653746757932,0,-0.008020944663527207,Rate-Shock Regime,Growth Up / Inflation Up,2022
2022-07-13,GLD,Gold,0.47850315425280865,0.5018018528693448,0.6591720069404521,0.5464923380208685,0,-0.022029781453735797,Rate-Shock Regime,Growth Up / Inflation Up,2022
2022-07-14,GLD,Gold,0.4867602748794358,0.5138316745524508,0.6085823731124648,0.5363914408481172,1,0.005899720269902264,Rate-Shock Regime,Growth Up / Inflation Up,2022
2022-07-15,GLD,Gold,0.5221205532718454,0.5288470939960702,0.708053551922122,0.5863403997300126,1,0.010439618385358784,Rate-Shock Regime,Growth Up / Inflation Up,2022
2022-07-18,GLD,Gold,0.580911400794668,0.5185531259357883,0.6536435064360852,0.5843693443888472,1,0.0067227446645530264,Rate-Shock Regime,Growth Up / Inflation Up,2022
2022-07-19,GLD,Gold,0.5174490284838864,0.5026453377037949,0.6321297759903376,0.5507413807260063,1,0.003134010411441235,Rate-Shock Regime,Growth Up / Inflation Up,2022
2022-07-20,GLD,Gold,0.3306268450752566,0.49101275978532205,0.5225201504112211,0.44805325175726657,1,0.022968900512671864,Rate-Shock Regime,Growth Up / Inflation Up,2022
2023-01-11,GLD,Gold,0.5932318865891335,0.5456761099951781,0.6058690075548503,0.5815923347130539,1,0.03017984434671539,Rate-Shock Regime,Growth Down / Inflation Up,2023
2023-01-12,GLD,Gold,0.5594451028893845,0.5406928826367179,0.5922587040595927,0.5641322298618984,1,0.015002229991174287,Rate-Shock Regime,Growth Down / Inflation Up,2023
2023-01-13,GLD,Gold,0.5474160525943401,0.49852860860079157,0.4935239789723788,0.5131562133891702,1,0.00486691878894252,Rate-Shock Regime,Growth Down / Inflation Up,2023
2023-01-17,GLD,Gold,0.5496255750623021,0.48988229551338436,0.4248872174954849,0.48813169602372386,1,0.015147263341839023,Rate-Shock Regime,Growth Down / Inflation Up,2023
2023-01-18,GLD,Gold,0.416909320035842,0.4802558153200034,0.38513773323598927,0.4274342895306116,1,0.022758068317289437,Rate-Shock Regime,Growth Down / Inflation Up,2023
2023-01-19,GLD,Gold,0.6026089811945219,0.520587757475059,0.46993785887117623,0.531044865846919,0,-0.0023347499603665334,Rate-Shock Regime,Growth Down / Inflation Up,2023
2023-01-20,GLD,Gold,0.44917053064404655,0.48427856820549003,0.4160583127117058,0.4498358038537475,0,-0.0003903846731589944,Rate-Shock Regime,Growth Down / Inflation Up,2023
2023-01-23,GLD,Gold,0.462583038231994,0.4815957413110344,0.47398490683112693,0.47272122879138506,0,-0.004843346614303856,Rate-Shock Regime,Growth Down / Inflation Up,2023
2023-01-24,GLD,Gold,0.5886876503610236,0.5297805211371232,0.5358926781406718,0.5514536165462728,0,-0.004825799440195122,Rate-Shock Regime,Growth Down / Inflation Up,2023
2023-01-25,GLD,Gold,0.5396868775388263,0.48472599441863357,0.4145249853656145,0.4796459524410248,1,0.003092030018809089,Rate-Shock Regime,Growth Down / Inflation Up,2023
2023-01-26,GLD,Gold,0.49792273664821685,0.48340718041758685,0.350160237954561,0.44383005167345485,0,-0.008748020914581933,Rate-Shock Regime,Growth Down / Inflation Up,2023
2023-01-27,GLD,Gold,0.5283710165490059,0.48464054094230397,0.4100099400392314,0.4743404991768471,0,-0.032139239301436584,Rate-Shock Regime,Growth Down / Inflation Up,2023
2023-01-30,GLD,Gold,0.5240971848274122,0.4869533609180625,0.42405036559270715,0.4783669704460605,0,-0.027634746780148767,Rate-Shock Regime,Growth Down / Inflation Up,2023
2023-01-31,GLD,Gold,0.4791603749148869,0.48180548741250134,0.5145614459361241,0.49184243608783745,0,-0.030265915075710526,Rate-Shock Regime,Growth Down / Inflation Up,2023
2023-02-01,GLD,Gold,0.3556218405963325,0.4815364635354213,0.4743122586532538,0.4371568542616692,0,-0.039962539659875285,Rate-Shock Regime,Growth Down / Inflation Up,2023
2023-02-02,GLD,Gold,0.29121405830217484,0.48185835720549064,0.2765838955464673,0.34988543701804425,0,-0.027374903228053138,Rate-Shock Regime,Growth Down / Inflation Up,2023
2023-02-03,GLD,Gold,0.37030800393471996,0.4708409939070555,0.23896221974420095,0.3600370725286588,0,-0.0005765369517169994,Rate-Shock Regime,Growth Down / Inflation Up,2023
2023-02-06,GLD,Gold,0.2645913166673386,0.4884524247192769,0.30051324094314524,0.3511856607765869,0,-0.007709190773305119,Rate-Shock Regime,Growth Down / Inflation Up,2023
2023-02-07,GLD,Gold,0.25325829685216533,0.47911627821147734,0.36889036272958475,0.3670883125977425,0,-0.007874440457700582,Rate-Shock Regime,Growth Down / Inflation Up,2023
2023-02-08,GLD,Gold,0.19891695680248322,0.47922756770782016,0.32901655413059544,0.3357203595469663,0,-0.020182353067776826,Rate-Shock Regime,Growth Down / Inflation Up,2023
2023-02-09,GLD,Gold,0.22921100064881694,0.473657377405283,0.4148765811069437,0.3725816530536812,0,-0.013176898776986357,Rate-Shock Regime,Growth Down / Inflation Up,2023
2023-02-10,GLD,Gold,0.3115118722015549,0.47821611349554594,0.5146427777804069,0.43479025449250264,0,-0.012113556161294947,Rate-Shock Regime,Growth Down / Inflation Up,2023
2023-02-13,GLD,Gold,0.3157269257929509,0.4856933222795675,0.5266009711255636,0.442673739732694,0,-0.010783862803949384,Rate-Shock Regime,Growth Down / Inflation Up,2023
2023-02-14,GLD,Gold,0.2867147029461013,0.49189125989310073,0.5218838363132594,0.4334965997174871,0,-0.017090533212507752,Rate-Shock Regime,Growth Down / Inflation Up,2023
2023-02-15,GLD,Gold,0.3677110247072151,0.4964399774455916,0.5378198828337026,0.46732362832883645,0,-0.007724220669109827,Rate-Shock Regime,Growth Down / Inflation Up,2023
2023-02-16,GLD,Gold,0.3715746892146795,0.48950622429571794,0.5045948469244913,0.4552252534782963,0,-0.014055601150713803,Rate-Shock Regime,Growth Down / Inflation Up,2023
2023-02-17,GLD,Gold,0.37480888332662976,0.4922656676229606,0.5562401214000087,0.474438224116533,0,-0.0131379193750365,Rate-Shock Regime,Growth Down / Inflation Up,2023
2023-02-21,GLD,Gold,0.380587285624754,0.49578807131887787,0.6026113461715542,0.492995567705062,0,-0.0049231998706463775,Rate-Shock Regime,Growth Down / Inflation Up,2023
2023-02-22,GLD,Gold,0.4293916015348249,0.49319405542369643,0.6269681762519086,0.5165179444034766,1,0.006483501243565115,Rate-Shock Regime,Growth Down / Inflation Up,2023
2023-02-23,GLD,Gold,0.4525952034879325,0.48978782840684526,0.6403019013546527,0.5275616444164768,1,0.006428001950878892,Rate-Shock Regime,Growth Down / Inflation Up,2023
2023-02-24,GLD,Gold,0.37574042964192245,0.49323574180968577,0.6253909509590659,0.49812237413689137,1,0.0245916200745655,Rate-Shock Regime,Growth Down / Inflation Up,2023
2023-02-27,GLD,Gold,0.3061084982109887,0.49350415733879194,0.6782517015065053,0.4926214523520953,1,0.015442877316027559,Rate-Shock Regime,Growth Down / Inflation Up,2023
2023-02-28,GLD,Gold,0.270337533531573,0.4921107580038358,0.6518546832170615,0.47143432491749016,0,-0.0068323929228985,Inflationary Boom,Growth Down / Inflation Up,2023
2023-03-01,GLD,Gold,0.27094262991657175,0.4947823826191551,0.6349722599109437,0.46689909081555686,0,-0.013000710307555452,Inflationary Boom,Growth Down / Inflation Up,2023
2023-03-02,GLD,Gold,0.37005255654817154,0.49071898790128093,0.5680357762497471,0.4762691068997332,0,-0.0026954570725191696,Inflationary Boom,Growth Down / Inflation Up,2023
2023-03-03,GLD,Gold,0.47052517854956066,0.48542986925113546,0.5512016593988504,0.5023855690665155,1,0.008000403386143606,Inflationary Boom,Growth Down / Inflation Up,2023
2023-03-06,GLD,Gold,0.480616876493156,0.4839135036449261,0.47156890648481664,0.47869976220763294,1,0.03635943171367173,Inflationary Boom,Growth Down / Inflation Up,2023
2023-03-07,GLD,Gold,0.4382131335940437,0.47667130620408377,0.48571181269881697,0.46686541749898147,1,0.04868940191915794,Inflationary Boom,Growth Down / Inflation Up,2023
2023-03-08,GLD,Gold,0.4200589189059033,0.478768571060488,0.5885925549354788,0.49580668163395664,1,0.057375185789389826,Inflationary Boom,Growth Down / Inflation Up,2023
2023-03-09,GLD,Gold,0.304889956051383,0.48566138200275316,0.5346696951512939,0.44174034440181004,1,0.04917750015308098,Inflationary Boom,Growth Down / Inflation Up,2023
2023-03-10,GLD,Gold,0.44118646343063544,0.48239785640756394,0.46044436432377694,0.4613428947206588,1,0.0569391466802589,Inflationary Boom,Growth Down / Inflation Up,2023
2023-03-13,GLD,Gold,0.49836284777166495,0.47583122508074893,0.44836973580881156,0.47418793622040845,1,0.03362192571133393,Inflationary Boom,Growth Down / Inflation Up,2023
2023-03-14,GLD,Gold,0.4444028067012016,0.4947352721769823,0.6935086153124334,0.5442155647302057,1,0.020019189331428988,Inflationary Boom,Growth Down / Inflation Up,2023
2023-03-15,GLD,Gold,0.5086179598073064,0.49380198559258515,0.7208815884742718,0.5744338446247211,1,0.029347374055915365,Inflationary Boom,Growth Down / Inflation Up,2023
2023-03-16,GLD,Gold,0.3428264847116612,0.478915811352166,0.5800177559682359,0.46725335067735435,1,0.04015230931769631,Inflationary Boom,Growth Down / Inflation Up,2023
2023-03-17,GLD,Gold,0.3582451222339825,0.48348813672542074,0.6007813994004249,0.48083821945327604,0,-0.0006530465973033639,Inflationary Boom,Growth Down / Inflation Up,2023
2023-03-20,GLD,Gold,0.3002608096223662,0.4905048021953657,0.4007073502362674,0.39715765401799974,0,-0.010280675735951927,Inflationary Boom,Growth Down / Inflation Up,2023
2023-03-21,GLD,Gold,0.34266503082971217,0.48133587709060854,0.3309057823116799,0.3849688967440002,1,0.01702060989813825,Inflationary Boom,Growth Down / Inflation Up,2023
2023-03-22,GLD,Gold,0.24303630738711507,0.4834831812042601,0.4516336975753043,0.3927177287222265,0,-0.00496077000653139,Inflationary Boom,Growth Down / Inflation Up,2023
2023-03-23,GLD,Gold,0.3580345695172004,0.4888659385243092,0.4173938196515701,0.42143144256435994,0,-0.008398905842824655,Inflationary Boom,Growth Down / Inflation Up,2023
2023-03-24,GLD,Gold,0.30609514264528337,0.4933420610099352,0.49619235487196106,0.4318765195090599,0,-0.002341370487731198,Inflationary Boom,Growth Down / Inflation Up,2023
2023-03-27,GLD,Gold,0.24479334742555053,0.48384648175253886,0.4789353205337802,0.4025250499039565,1,0.014234659968844987,Inflationary Boom,Growth Down / Inflation Up,2023
2023-03-28,GLD,Gold,0.3043054844929105,0.4805959862199222,0.42091634010540213,0.40193927027274495,1,0.02474919987848856,Inflationary Boom,Growth Down / Inflation Up,2023
2023-03-29,GLD,Gold,0.34122877399813856,0.48238382956933956,0.3922640112026384,0.4052922049233722,1,0.029036339709650916,Inflationary Boom,Growth Down / Inflation Up,2023
2023-03-30,GLD,Gold,0.43439499395888487,0.48382774337069384,0.3850387539943302,0.43442049710796965,1,0.012542148491933247,Inflationary Boom,Growth Down / Inflation Up,2023
2023-03-31,GLD,Gold,0.344928121332006,0.4832199952207094,0.40799788574742946,0.4120486674333816,1,0.010315464343719771,Inflationary Boom,Growth Down / Inflation Up,2023
2023-04-03,GLD,Gold,0.36697512059978105,0.48319225838987584,0.3596205834680477,0.4032626541525682,1,0.009428880223627978,Inflationary Boom,Growth Down / Inflation Up,2023
2023-04-04,GLD,Gold,0.40478240462683635,0.4851378177443521,0.33195280266355537,0.4072910083449146,0,-0.00420253912165125,Inflationary Boom,Growth Down / Inflation Up,2023
2023-04-05,GLD,Gold,0.3881588380514281,0.4917898796221977,0.3715620709518044,0.4171702628751434,1,0.010062287021369576,Inflationary Boom,Growth Down / Inflation Up,2023
2023-04-06,GLD,Gold,0.3631007543604083,0.4887687054942493,0.36357853037749993,0.40514933007738585,0,-0.0006971144778976646,Inflationary Boom,Growth Down / Inflation Up,2023
2023-04-10,GLD,Gold,0.3027173378987696,0.4872725346213784,0.43854267907427286,0.40951085053147357,1,0.002268911282807373,Inflationary Boom,Growth Down / Inflation Up,2023
2023-04-11,GLD,Gold,0.3559879404090041,0.4822716734935784,0.4659730266058668,0.4347442135028164,0,-0.00016104133290451017,Inflationary Boom,Growth Down / Inflation Up,2023
2023-04-12,GLD,Gold,0.4222060085550042,0.4826311038321763,0.4637334899545289,0.4561902007805698,0,-0.009776172910877068,Inflationary Boom,Growth Down / Inflation Up,2023
2023-04-13,GLD,Gold,0.3600097798824376,0.4842654722338694,0.43711706610876966,0.42713077274169226,0,-0.019133485449379095,Inflationary Boom,Growth Down / Inflation Up,2023
2023-04-14,GLD,Gold,0.4313936813151007,0.5048364830277863,0.5195414542688449,0.48525720620391066,0,-0.011322175377983745,Inflationary Boom,Growth Down / Inflation Up,2023
2023-04-17,GLD,Gold,0.3687712499785733,0.4824145817209507,0.501238079142666,0.45080797028073,0,-0.003880780603893741,Inflationary Boom,Growth Down / Inflation Up,2023
2023-04-18,GLD,Gold,0.4063469525947468,0.47903427933602793,0.4857064541362434,0.4570292286890061,0,-0.0026845637583892135,Inflationary Boom,Growth Down / Inflation Up,2023
2023-04-19,GLD,Gold,0.41415793684986707,0.4891587803603858,0.4642965435311238,0.45587108691379225,0,-0.003344816115375404,Inflationary Boom,Growth Down / Inflation Up,2023
2023-04-20,GLD,Gold,0.35882474933803093,0.4768528157153078,0.4643132243803829,0.4333302631445739,0,-0.0072007972715392166,Inflationary Boom,Growth Down / Inflation Up,2023
2023-04-21,GLD,Gold,0.40521787104021983,0.4729103466793299,0.5092649751268729,0.46246439761547425,1,0.0029850911900017874,Inflationary Boom,Growth Down / Inflation Up,2023
2023-04-24,GLD,Gold,0.5598469190931525,0.48063451830698817,0.5484571348482237,0.5296461907494548,0,-0.004545188837115299,Inflationary Boom,Growth Down / Inflation Up,2023
2023-05-02,GLD,Gold,0.3601918416967574,0.5174500143638098,0.49366465518395464,0.45710217041484064,1,0.00799914657542633,Inflationary Boom,Growth Down / Inflation Up,2023
2023-05-03,GLD,Gold,0.34954015428932833,0.48047803369241565,0.4208707877587477,0.4169629919134972,0,-0.0019036571793646928,Inflationary Boom,Growth Down / Inflation Up,2023
2023-05-04,GLD,Gold,0.3865810881299798,0.4708406628917124,0.39631685699840163,0.4179128693400313,0,-0.017380789309809797,Inflationary Boom,Growth Down / Inflation Up,2023
2023-05-05,GLD,Gold,0.4426392937726491,0.4755992918591716,0.47471465364369286,0.46431774642517115,0,-0.0034674550943849525,Inflationary Boom,Growth Down / Inflation Up,2023
2023-05-08,GLD,Gold,0.4289672326296477,0.47605914046903325,0.4629070176749576,0.4559777969245462,0,-0.0025573856960703356,Inflationary Boom,Growth Down / Inflation Up,2023
2023-05-09,GLD,Gold,0.5366225828297784,0.5034543916392318,0.3745457225210618,0.47154089899669066,0,-0.021955396579567577,Inflationary Boom,Growth Down / Inflation Up,2023
2023-05-10,GLD,Gold,0.3778527336141321,0.4800279372166382,0.38312054662053824,0.4136670724837695,0,-0.02394704250310431,Inflationary Boom,Growth Down / Inflation Up,2023
2023-05-11,GLD,Gold,0.41404898160288095,0.4791514545704652,0.41699205177422516,0.4367308293158571,0,-0.028269162651038626,Inflationary Boom,Growth Down / Inflation Up,2023
2023-05-12,GLD,Gold,0.3943306346569856,0.4703527527989131,0.3851110805433653,0.41659815599975464,0,-0.016969103422588616,Inflationary Boom,Growth Down / Inflation Up,2023
2023-05-15,GLD,Gold,0.39255962872746303,0.4770218164224491,0.5043094097512684,0.4579636183003935,0,-0.021366379234810995,Inflationary Boom,Growth Down / Inflation Up,2023
2023-05-16,GLD,Gold,0.38987806303550443,0.47865210435506683,0.4395283367789401,0.43601950138983714,0,-0.007789270727753594,Inflationary Boom,Growth Down / Inflation Up,2023
2023-05-17,GLD,Gold,0.41264155367101507,0.47911255410899445,0.4596219852930822,0.45045869769103053,0,-0.012375828215665852,Inflationary Boom,Growth Down / Inflation Up,2023
2023-05-18,GLD,Gold,0.335037456321365,0.48038560000969777,0.3507039203066534,0.3887089922125721,0,-0.009018914554975166,Inflationary Boom,Growth Down / Inflation Up,2023
2023-05-19,GLD,Gold,0.35095608921065624,0.47888476391998014,0.4197145959921482,0.41651848304092826,0,-0.014811594585838583,Inflationary Boom,Growth Down / Inflation Up,2023
2023-05-22,GLD,Gold,0.3506285499525461,0.47636985404707066,0.4182486173189909,0.4150823404395359,0,-0.006386187352537265,Inflationary Boom,Growth Down / Inflation Up,2023
2023-05-23,GLD,Gold,0.4081600956528758,0.5044766990076867,0.5066991792961599,0.47311199131890747,0,-0.0060512751233896545,Inflationary Boom,Growth Down / Inflation Up,2023
2023-05-24,GLD,Gold,0.34470891328029146,0.4798596227397533,0.457019535197903,0.4271960237393159,1,0.00994777460264884,Inflationary Boom,Growth Down / Inflation Up,2023
2023-05-25,GLD,Gold,0.43567905063299506,0.5028840228767472,0.545168757876289,0.4945772771286771,1,0.004717015082745801,Inflationary Boom,Growth Down / Inflation Up,2023
2023-05-26,GLD,Gold,0.3518018244995504,0.4872306565074288,0.484970984524567,0.4413344885105153,1,0.00674331877653378,Inflationary Boom,Growth Down / Inflation Up,2023
2023-05-30,GLD,Gold,0.30356886292672364,0.48553188252736545,0.4534114115812675,0.41417071901178554,1,0.0016480062778636562,Inflationary Boom,Growth Down / Inflation Up,2023
2023-05-31,GLD,Gold,0.403735535511568,0.49060600390861336,0.6087566150210446,0.5010327181470754,0,-0.011902223236945453,Inflationary Boom,Growth Down / Inflation Up,2023
2023-06-01,GLD,Gold,0.4324827792257143,0.4819397297600016,0.6067581877255886,0.5070602322371015,0,-0.006693490228055654,Inflationary Boom,Growth Down / Inflation Up,2023
2023-06-02,GLD,Gold,0.45688634710745424,0.4747896195611935,0.4736709656167651,0.46844897742847097,1,0.0054680487030536185,Inflationary Boom,Growth Down / Inflation Up,2023
2023-06-05,GLD,Gold,0.38230340446250677,0.47405622871116143,0.4822823037363691,0.4462139789700124,0,-0.0014274432178937868,Inflationary Boom,Growth Down / Inflation Up,2023
2023-06-06,GLD,Gold,0.4471821901067611,0.47328062268238874,0.4762929181637681,0.46558524365097265,0,-0.009871685246841122,Inflationary Boom,Growth Down / Inflation Up,2023
2023-06-07,GLD,Gold,0.38572837061137294,0.4750941066961207,0.3638549409618848,0.4082258060897928,1,0.0027199861768834044,Inflationary Boom,Growth Down / Inflation Up,2023
2023-06-08,GLD,Gold,0.3859776264953911,0.4769783995198739,0.4993504063010816,0.45410214410544886,0,-0.0033966751839907827,Inflationary Boom,Growth Down / Inflation Up,2023
2023-06-09,GLD,Gold,0.444335420594077,0.4737410581435732,0.3931182966030554,0.43706492511356854,0,-0.0022521886312965034,Inflationary Boom,Growth Down / Inflation Up,2023
2023-06-12,GLD,Gold,0.4788409705543602,0.47925225830305995,0.4725882450983009,0.47689382465190705,0,-0.011711044785736036,Inflationary Boom,Growth Down / Inflation Up,2023
2023-06-13,GLD,Gold,0.46995953593431095,0.4770460514498696,0.5192399752826303,0.4887485208889369,0,-0.005815818278583018,Inflationary Boom,Growth Down / Inflation Up,2023
2023-06-14,GLD,Gold,0.4058759869229136,0.4746821480743927,0.4377597901761743,0.43943930839116013,0,-0.016220065797615146,Inflationary Boom,Growth Down / Inflation Up,2023
2023-06-15,GLD,Gold,0.4453485244511785,0.4733283352165643,0.4318714622870303,0.4501827739849244,0,-0.020394737173214383,Inflationary Boom,Growth Down / Inflation Up,2023
2023-06-16,GLD,Gold,0.3789842551195602,0.47333551407501995,0.43108989501104095,0.42780322140187366,0,-0.017177835666467023,Inflationary Boom,Growth Down / Inflation Up,2023
2023-06-20,GLD,Gold,0.4238864101341966,0.47558336672873275,0.3946623453080773,0.4313773740570022,0,-0.011460348031119616,Inflationary Boom,Growth Down / Inflation Up,2023
2023-06-21,GLD,Gold,0.3764713947490835,0.4776549353433888,0.3835649070311381,0.41256374570787013,0,-0.01231270068656476,Inflationary Boom,Growth Down / Inflation Up,2023
2023-06-22,GLD,Gold,0.4927597539103974,0.48413421247926514,0.45658803938576764,0.4778273352584767,0,-0.0034888883718002806,Inflationary Boom,Growth Down / Inflation Up,2023
2023-06-23,GLD,Gold,0.45980913988252303,0.4950267813592389,0.49834412293073327,0.4843933480574984,0,0.000392858167326926,Inflationary Boom,Growth Down / Inflation Up,2023
2023-06-26,GLD,Gold,0.45096941343421654,0.48759482344004473,0.5482126599664912,0.4955922989469175,0,-0.00022403947881632913,Inflationary Boom,Growth Down / Inflation Up,2023
2023-06-27,GLD,Gold,0.48072822546498123,0.48710493208444916,0.6171227656293943,0.5283186410596082,0,0.0008441324465275901,Inflationary Boom,Growth Down / Inflation Up,2023
2023-06-28,GLD,Gold,0.477515274394005,0.4893051227889066,0.5072652258217252,0.49136187433487893,0,0.00016921694214477867,Inflationary Boom,Growth Down / Inflation Up,2023
2023-06-29,GLD,Gold,0.4335897827366829,0.49473782795505683,0.5309712777325225,0.4864329628080874,1,0.008752629080190255,Inflationary Boom,Growth Down / Inflation Up,2023
2023-06-30,GLD,Gold,0.3465811782904669,0.5009867429948067,0.5616046459179717,0.4697241890677484,1,0.0028607981971913166,Inflationary Boom,Growth Down / Inflation Up,2023
2023-07-03,GLD,Gold,0.40194303706682294,0.4999556615629484,0.4071129308604236,0.436337209830065,1,0.0054910949786297625,Inflationary Boom,Growth Down / Inflation Up,2023
2023-07-05,GLD,Gold,0.36039146364982166,0.4964987356898389,0.38062336994008744,0.4125045230932493,1,0.022717097549001197,Inflationary Boom,Growth Down / Inflation Up,2023
2023-07-06,GLD,Gold,0.31960335150646496,0.48915533434607494,0.43665786455489275,0.41513885013581087,1,0.026507230347736277,Inflationary Boom,Growth Down / Inflation Up,2023
2023-07-07,GLD,Gold,0.3403996930959738,0.48653614039071064,0.48385378492380826,0.4369298728034976,1,0.015617965157105118,Inflationary Boom,Growth Down / Inflation Up,2023
2023-07-10,GLD,Gold,0.383811971950578,0.48335523162151767,0.41201371248538543,0.4263936386858271,1,0.015549831067673159,Inflationary Boom,Growth Down / Inflation Up,2023
2023-07-11,GLD,Gold,0.4721155919785877,0.4864525129315292,0.5184297207718451,0.49233260856065403,1,0.023349136320212738,Inflationary Boom,Growth Down / Inflation Up,2023
2023-07-12,GLD,Gold,0.3932472715539533,0.4835961587115144,0.3818507029678268,0.4195647110777649,1,0.009841616659765018,Inflationary Boom,Growth Down / Inflation Up,2023
2023-07-13,GLD,Gold,0.5076728314996534,0.4777701439127774,0.33679219642850694,0.4407450572803126,1,0.004010829121258608,Inflationary Boom,Growth Down / Inflation Up,2023
2023-07-14,GLD,Gold,0.5075480361941701,0.48111807324549377,0.39537863660210154,0.46134824868058844,1,0.004133825884787834,Inflationary Boom,Growth Down / Inflation Up,2023
2023-07-17,GLD,Gold,0.45669169146974764,0.4830180008687212,0.395669692433994,0.445126461590821,0,-0.0008812715590489351,Inflationary Boom,Growth Down / Inflation Up,2023
2023-07-18,GLD,Gold,0.49078666858000897,0.4831051010542003,0.4704556217181994,0.4814491304508029,0,-0.0066978639273965745,Inflationary Boom,Growth Down / Inflation Up,2023
2023-07-19,GLD,Gold,0.3772017596729482,0.48000528431505884,0.4702462560988394,0.44248443336228216,0,-0.0020144559311595645,Inflationary Boom,Growth Down / Inflation Up,2023
2023-07-20,GLD,Gold,0.35269329182360365,0.4776779544951688,0.4858923297215576,0.43875452534677667,0,-0.01269567283834594,Inflationary Boom,Growth Down / Inflation Up,2023
2023-07-21,GLD,Gold,0.3607891636686537,0.4885534633965845,0.4683342104194929,0.4392256124949104,0,-0.0017564610730836927,Inflationary Boom,Growth Down / Inflation Up,2023
2023-07-24,GLD,Gold,0.2871843845414149,0.48021073527693725,0.5146694738814684,0.4273548645666068,1,0.005237112673627697,Inflationary Boom,Growth Down / Inflation Up,2023
2023-07-25,GLD,Gold,0.2793575590255038,0.4783468611178503,0.40826403514134,0.3886561517615647,0,-0.010690186443142125,Inflationary Boom,Growth Down / Inflation Up,2023
2023-07-26,GLD,Gold,0.25730200066201925,0.4834534553042326,0.498214459750785,0.41298997190567893,0,-0.020185471285548373,Inflationary Boom,Growth Down / Inflation Up,2023
2023-07-27,GLD,Gold,0.370109984690935,0.4934097076903343,0.4901429877446765,0.4512208933753153,0,-0.004877535149892087,Inflationary Boom,Growth Down / Inflation Up,2023
2023-07-28,GLD,Gold,0.21560823371643817,0.47876745266512727,0.4923209557356948,0.39556554737242006,0,-0.009182877836470538,Inflationary Boom,Growth Down / Inflation Up,2023
2023-07-31,GLD,Gold,0.22548505812763148,0.4794202491401597,0.463502922220022,0.38946940982927103,0,-0.014093815400037957,Inflationary Boom,Growth Down / Inflation Up,2023
2023-08-02,GLD,Gold,0.3075192432511096,0.46722966194881643,0.45430643641802754,0.40968511387265116,0,-0.01007802202601027,Inflationary Boom,Growth Down / Inflation Up,2023
2023-08-03,GLD,Gold,0.18908883196465218,0.4627275156976283,0.48290356803384643,0.378239971898709,0,-0.010805320570138499,Inflationary Boom,Growth Down / Inflation Up,2023
2023-08-04,GLD,Gold,0.16677105230056963,0.46897042028575275,0.4425012033378403,0.3594142253080543,0,-0.014373696114094003,Inflationary Boom,Growth Down / Inflation Up,2023
2023-08-07,GLD,Gold,0.3736886915553766,0.47142131000647697,0.4345191266960855,0.4265430427526464,0,-0.015129609740637928,Inflationary Boom,Growth Down / Inflation Up,2023
2023-08-08,GLD,Gold,0.27276027428314803,0.46441433781517816,0.46085246680759034,0.39934235963530557,0,-0.011475610494637078,Inflationary Boom,Growth Down / Inflation Up,2023
2023-08-09,GLD,Gold,0.23696273172445695,0.4768358207311524,0.44356896315502836,0.3857891718702125,0,-0.012486563056117839,Inflationary Boom,Growth Down / Inflation Up,2023
2023-08-10,GLD,Gold,0.19219483902938456,0.47878142707681226,0.5068647309009398,0.39261366566904554,0,-0.012950467188707404,Inflationary Boom,Growth Down / Inflation Up,2023
2023-08-11,GLD,Gold,0.28484652322685244,0.4861579899795435,0.5286512282129803,0.4332185804731254,0,-0.012781555148921875,Inflationary Boom,Growth Down / Inflation Up,2023
2023-08-14,GLD,Gold,0.26906763026137875,0.47069056267456105,0.4763355835281713,0.4053645921547037,0,-0.007059753853132955,Inflationary Boom,Growth Down / Inflation Up,2023
2023-08-15,GLD,Gold,0.26625135458825255,0.4810953944961678,0.532083280158094,0.4264766764141714,0,-0.0027747338158241597,Inflationary Boom,Growth Down / Inflation Up,2023
2023-08-16,GLD,Gold,0.25764910997982177,0.4802651155429939,0.6265149649509751,0.4548097301579303,1,0.013214056892675519,Inflationary Boom,Growth Down / Inflation Up,2023
2023-08-17,GLD,Gold,0.44152328147551967,0.48295074504764185,0.6629890125842874,0.5291543463691496,1,0.014546508884001108,Inflationary Boom,Growth Down / Inflation Up,2023
2023-08-18,GLD,Gold,0.36693676211517756,0.48391779124016643,0.6282652178648633,0.4930399237400691,1,0.013061046382349506,Inflationary Boom,Growth Down / Inflation Up,2023
2023-08-21,GLD,Gold,0.345547851499797,0.48373715114792004,0.6884710418363605,0.5059186814946925,1,0.013196105775756806,Inflationary Boom,Growth Down / Inflation Up,2023
2023-08-22,GLD,Gold,0.3118610385135219,0.4848975410132085,0.6251847515048403,0.4739811103438569,1,0.02140822761502803,Inflationary Boom,Growth Down / Inflation Up,2023
2023-08-23,GLD,Gold,0.3315007486493436,0.4857808204729592,0.615991286170263,0.47775761843085524,1,0.013660171695473622,Inflationary Boom,Growth Down / Inflation Up,2023
2023-08-24,GLD,Gold,0.29876574196351224,0.4798196068544031,0.48963969500949994,0.4227416812758051,1,0.012201282510399647,Inflationary Boom,Growth Down / Inflation Up,2023
2023-10-10,GLD,Gold,0.3854261369504159,0.5068996562739458,0.5828430927925009,0.4917229620056209,1,0.03338546657155095,Inflationary Boom,Growth Down / Inflation Up,2023
2023-10-11,GLD,Gold,0.27205038263933523,0.4927306991272997,0.4841157987162414,0.4162989601609588,1,0.040738834826916426,Inflationary Boom,Growth Down / Inflation Up,2023
2023-10-12,GLD,Gold,0.23094027637574152,0.4882379858055672,0.5195234571550374,0.4129005731121154,1,0.05673555432709443,Inflationary Boom,Growth Down / Inflation Up,2023
2023-10-13,GLD,Gold,0.24011472939136394,0.4975894681054526,0.4798593564731393,0.4058545179899853,1,0.02661742693115232,Inflationary Boom,Growth Down / Inflation Up,2023
2023-10-16,GLD,Gold,0.18385854942208307,0.4880916320264142,0.4404086557151537,0.37078627905455036,1,0.02815236186685044,Inflationary Boom,Growth Down / Inflation Up,2023
2023-10-17,GLD,Gold,0.19709421106041186,0.4896197003260674,0.45405841281125936,0.38025744139924617,1,0.02613721373936362,Inflationary Boom,Growth Down / Inflation Up,2023
2023-10-18,GLD,Gold,0.23104905764767095,0.48696127583771653,0.4985220457629833,0.4055107930827903,1,0.01575720783134349,Inflationary Boom,Growth Down / Inflation Up,2023
2023-10-19,GLD,Gold,0.14740878653221634,0.4786099925281804,0.39060982567958163,0.3388762015799928,1,0.005024841265753643,Inflationary Boom,Growth Down / Inflation Up,2023
2023-10-20,GLD,Gold,0.11049274931642028,0.4967508956215992,0.5081515008655523,0.3717983819345239,1,0.013944101583194035,Inflationary Boom,Growth Down / Inflation Up,2023
2023-10-23,GLD,Gold,0.19776885141365497,0.494149235959743,0.49602192869040834,0.3959800053546021,1,0.011641279273115535,Inflationary Boom,Growth Down / Inflation Up,2023
2023-10-24,GLD,Gold,0.21071124911446018,0.47921344265787197,0.4204285671968963,0.3701177529897428,1,0.006231207481085299,Inflationary Boom,Growth Down / Inflation Up,2023
2023-10-25,GLD,Gold,0.2841773462874889,0.48206627230655036,0.4823865392001554,0.41621005259806493,0,-0.0011430802986709399,Inflationary Boom,Growth Down / Inflation Up,2023
2023-10-26,GLD,Gold,0.1707460565384857,0.4759011035028866,0.36019386678162546,0.3356136756076659,0,0.0005977969329675759,Inflationary Boom,Growth Down / Inflation Up,2023
2023-10-27,GLD,Gold,0.26809752238686363,0.47552474420310864,0.37537067884951847,0.37299764847983025,0,-0.007305939591423449,Inflationary Boom,Growth Down / Inflation Up,2023
2023-12-04,GLD,Gold,0.21940517846648158,0.48904967036168256,0.4308584331199648,0.37977109398270964,0,-0.022729714993015127,Inflationary Boom,Growth Down / Inflation Up,2023
2023-12-05,GLD,Gold,0.20655886719802138,0.48211502546072127,0.396561565476677,0.3617451527118066,0,-0.019556444150058083,Inflationary Boom,Growth Down / Inflation Up,2023
2023-12-06,GLD,Gold,0.2934136037923494,0.5249373392295378,0.4660775685098823,0.4281428371772565,0,-0.001117927274127406,Inflationary Boom,Growth Down / Inflation Up,2023
2023-12-07,GLD,Gold,0.2631697568994894,0.48837701506662173,0.49925535425727724,0.4169340420744628,1,0.0030826566562303093,Inflationary Boom,Growth Down / Inflation Up,2023
2023-12-08,GLD,Gold,0.26181612435475404,0.4907070817150644,0.48603340907827797,0.4128522050493655,1,0.0073260106379176015,Inflationary Boom,Growth Down / Inflation Up,2023
2023-12-11,GLD,Gold,0.2877312272907542,0.4837892207511746,0.37359439464838684,0.3817049475634386,1,0.02320393186230363,Inflationary Boom,Growth Down / Inflation Up,2023
2023-12-12,GLD,Gold,0.20429904740732321,0.4840456481627331,0.39914221477410927,0.3624956367813885,1,0.030737365637381053,Inflationary Boom,Growth Down / Inflation Up,2023
2023-12-13,GLD,Gold,0.22895332079889663,0.49854879209696124,0.35553544941302956,0.36101252076962914,1,0.002504936355977039,Inflationary Boom,Growth Down / Inflation Up,2023
2023-12-14,GLD,Gold,0.32632872836032806,0.48496536236474647,0.3569472535179591,0.3894137814143446,1,0.003708986192384245,Inflationary Boom,Growth Down / Inflation Up,2023
2023-12-15,GLD,Gold,0.3407683690093165,0.490011617599315,0.3627651389954659,0.3978483752013658,1,0.017486653863427515,Inflationary Boom,Growth Down / Inflation Up,2023
2023-12-18,GLD,Gold,0.3422669689466895,0.4998609943305587,0.396389763892882,0.4128392423900434,1,0.02060151712241587,Inflationary Boom,Growth Down / Inflation Up,2023
2023-12-19,GLD,Gold,0.3482349516905668,0.4986283519147645,0.4162732882812693,0.4210455306288668,1,0.01829424927695622,Inflationary Boom,Growth Down / Inflation Up,2023
2023-12-20,GLD,Gold,0.4104433834014748,0.5266985893057279,0.4964344604486492,0.4778588110519506,1,0.017915975586587196,Inflationary Boom,Growth Down / Inflation Up,2023
2023-12-21,GLD,Gold,0.26814251035003545,0.4913485401410139,0.44607067211109386,0.40185390753404776,1,0.00918548044364953,Inflationary Boom,Growth Down / Inflation Up,2023
2023-12-22,GLD,Gold,0.3432708280494218,0.48641711879826943,0.44307297310250426,0.4242536399833985,1,0.0023650440854450228,Inflationary Boom,Growth Down / Inflation Up,2023
2023-12-26,GLD,Gold,0.3894832111586237,0.48919210347123804,0.39147115167708624,0.4233821554356494,0,-0.013509265185686514,Inflationary Boom,Growth Down / Inflation Up,2023
2023-12-27,GLD,Gold,0.4112308717206144,0.4882949358960193,0.40660657748357815,0.4353774617000706,0,-0.01697901799600654,Inflationary Boom,Growth Down / Inflation Up,2023
2023-12-28,GLD,Gold,0.5033392670145523,0.4962847347214309,0.46164186103261673,0.48708862092286664,0,-0.011072205064352802,Inflationary Boom,Growth Down / Inflation Up,2023
2023-12-29,GLD,Gold,0.5423099801586151,0.4924395233164994,0.4713652284681881,0.5020382439811009,0,-0.017262138846920183,Inflationary Boom,Growth Down / Inflation Up,2023
2024-01-02,GLD,Gold,0.6219888067687609,0.4836836505978208,0.6157234074803231,0.5737986216156349,0,-0.01462881987764486,Inflationary Boom,Growth Up / Inflation Up,2024
2024-01-03,GLD,Gold,0.6505010179223388,0.48243555849616554,0.575968999681763,0.5696351920334225,0,-0.008618436211760616,Inflationary Boom,Growth Up / Inflation Up,2024
2024-01-04,GLD,Gold,0.5813888496411413,0.4709181668535541,0.5634774625075823,0.5385948263340926,0,-0.00765905425171487,Inflationary Boom,Growth Up / Inflation Up,2024
2024-01-05,GLD,Gold,0.5034441293980444,0.4710665982663775,0.5086735108657094,0.4943947461767104,1,0.0019012442500516702,Inflationary Boom,Growth Up / Inflation Up,2024
2024-01-08,GLD,Gold,0.5096028162804972,0.4652046568388846,0.5273685987623895,0.5007253572939238,0,0.00021295867334703011,Inflationary Boom,Growth Up / Inflation Up,2024
2024-01-09,GLD,Gold,0.3008762392800897,0.46575815772614604,0.5410827658407752,0.4359057209490036,0,-0.011121143081702312,Inflationary Boom,Growth Up / Inflation Up,2024
2024-01-10,GLD,Gold,0.7786623663678154,0.5156166093313883,0.5480344227347121,0.6141044661446386,0,-0.0006933593750000355,Inflationary Boom,Growth Up / Inflation Up,2024
2024-01-11,GLD,Gold,0.4754993945127787,0.4746162488619068,0.5236640449229765,0.49125989609922066,0,0.0003193567900841021,Inflationary Boom,Growth Up / Inflation Up,2024
2024-01-12,GLD,Gold,0.4227739760948983,0.46672867308947796,0.3232990805123199,0.40426724323223207,0,-0.01312532499626995,Inflationary Boom,Growth Up / Inflation Up,2024
2024-01-16,GLD,Gold,0.4922430737436469,0.4807452622701062,0.3285332191889832,0.43384051840091215,0,0.00021283212896272552,Inflationary Boom,Growth Up / Inflation Up,2024
2024-01-17,GLD,Gold,0.5540730672393918,0.4768640515564369,0.40441591296971313,0.47845101058851397,1,0.003013331734981195,Inflationary Boom,Growth Up / Inflation Up,2024
2024-01-18,GLD,Gold,0.35174201570596364,0.4735654231833362,0.5216210841573788,0.44897617434889286,0,-0.001227494975357235,Inflationary Boom,Growth Up / Inflation Up,2024
2024-01-19,GLD,Gold,0.4159674024598913,0.4769011064082039,0.49657465662399247,0.46314772183069586,0,-0.004895430238921472,Inflationary Boom,Growth Up / Inflation Up,2024
2024-01-22,GLD,Gold,0.4419960235017651,0.47384783529032765,0.4527166788987475,0.45618684589694675,1,0.005928856976360475,Inflationary Boom,Growth Up / Inflation Up,2024
2024-01-23,GLD,Gold,0.42737276200836116,0.4637824049089291,0.3910881101344284,0.42741442568390625,1,0.0034051577549356615,Inflationary Boom,Growth Up / Inflation Up,2024
2024-01-24,GLD,Gold,0.4564754744058388,0.481770774434376,0.5234898621223595,0.48724537032085813,1,0.010997870809460686,Inflationary Boom,Growth Up / Inflation Up,2024
2024-01-25,GLD,Gold,0.47895099497636817,0.49072205882798736,0.5290590508269386,0.4995773682104314,1,0.017473572101773804,Inflationary Boom,Growth Up / Inflation Up,2024
2024-01-26,GLD,Gold,0.546449583403675,0.48673103585877264,0.5367843732165003,0.5233216641596493,1,0.008555725097661337,Inflationary Boom,Growth Up / Inflation Up,2024
2024-01-29,GLD,Gold,0.5145004876640494,0.48236740760116104,0.4528969860847218,0.4832549604499774,0,-0.004035440447336169,Inflationary Boom,Growth Up / Inflation Up,2024
2024-01-30,GLD,Gold,0.10610370356340225,0.4713714307405754,0.29989183263722313,0.29245565564706694,0,-0.00021206472723589442,Inflationary Boom,Growth Up / Inflation Up,2024
2024-01-31,GLD,Gold,0.5127850186215677,0.47070084635624987,0.22903331535085236,0.4041730601095566,0,0.00026533856496446795,Inflationary Boom,Growth Up / Inflation Up,2024
2024-02-01,GLD,Gold,0.5911201980539444,0.4771196850639402,0.3965796256681355,0.4882731695953401,0,-0.010923805425400501,Inflationary Boom,Growth Up / Inflation Up,2024
2024-02-02,GLD,Gold,0.5876446918644194,0.4629896346883959,0.39750598702902895,0.48271343786061477,0,-0.005354936130467891,Inflationary Boom,Growth Up / Inflation Up,2024
2024-02-05,GLD,Gold,0.585300394453729,0.459063941467466,0.2906613979312937,0.44500857795082954,0,-0.0024524534622001326,Inflationary Boom,Growth Up / Inflation Up,2024
2024-02-06,GLD,Gold,0.5663493628890184,0.4516735112981481,0.256401650562198,0.4248081749164548,0,-0.02132062692864256,Inflationary Boom,Growth Up / Inflation Up,2024
2024-02-07,GLD,Gold,0.538717841913043,0.450601582262972,0.2538405892156332,0.41438667113054933,0,-0.021644572048035493,Inflationary Boom,Growth Up / Inflation Up,2024
2024-02-08,GLD,Gold,0.47169668040761153,0.44410290078632103,0.25740781213549274,0.39106913110980845,0,-0.014177232214655278,Inflationary Boom,Growth Up / Inflation Up,2024
2024-02-09,GLD,Gold,0.2817580170296042,0.44747396392273686,0.20772645659918262,0.31231947918384123,0,-0.0067164697474996204,Inflationary Boom,Growth Up / Inflation Up,2024
2024-02-12,GLD,Gold,0.3670654642266859,0.46021932353512685,0.27296395532585077,0.36674958102922117,1,0.0019240051797191349,Inflationary Boom,Growth Up / Inflation Up,2024
2024-02-13,GLD,Gold,0.40769947599083767,0.4712037186374978,0.2563404184539711,0.37841453769410216,1,0.01598654401862576,Inflationary Boom,Growth Up / Inflation Up,2024
2024-02-14,GLD,Gold,0.33562977206836314,0.47600988998956484,0.3005995121992151,0.3707463914190477,1,0.017026349749618364,Inflationary Boom,Growth Up / Inflation Up,2024
2024-02-15,GLD,Gold,0.3706637184531848,0.4771589257218054,0.3167990676273219,0.3882072372674374,1,0.01594307549656815,Inflationary Boom,Growth Up / Inflation Up,2024
2024-02-16,GLD,Gold,0.48909797739542643,0.4773114127212291,0.3141291009783808,0.42684616369834544,1,0.009981757255049128,Inflationary Boom,Growth Up / Inflation Up,2024
2024-02-20,GLD,Gold,0.4955498009306069,0.4849805648025716,0.3342207309723593,0.4382503655685126,1,0.002827112475840554,Inflationary Boom,Growth Up / Inflation Up,2024
2024-02-21,GLD,Gold,0.3721254937072444,0.4702816777249695,0.24487131568888929,0.36242616237370107,1,0.004587159323394596,Inflationary Boom,Growth Up / Inflation Up,2024
2024-02-22,GLD,Gold,0.4283612878169369,0.4839621666098772,0.26826326009647455,0.3935289048410962,1,0.009330347743544243,Inflationary Boom,Growth Up / Inflation Up,2024
2024-02-23,GLD,Gold,0.38804902546071274,0.47390202387739777,0.26666980272574203,0.37620695068795085,1,0.022638131603216483,Inflationary Boom,Growth Up / Inflation Up,2024
2024-02-26,GLD,Gold,0.39137450191946405,0.47474807411363706,0.28355018441723695,0.383224253483446,1,0.04149839365163022,Inflationary Boom,Growth Up / Inflation Up,2024
2024-02-27,GLD,Gold,0.4756555977403421,0.4747782458448414,0.343667158263797,0.4313670006163268,1,0.04888299170960764,Inflationary Boom,Growth Up / Inflation Up,2024
2024-02-28,GLD,Gold,0.35559004088697527,0.4704457662878286,0.2930959579591684,0.3730439217113241,1,0.055590960094952235,Inflationary Boom,Growth Up / Inflation Up,2024
2024-02-29,GLD,Gold,0.37505533268530394,0.47654823819923864,0.2778453065982062,0.3764829591609163,1,0.05615131276689378,Inflationary Boom,Growth Down / Inflation Up,2024
2024-03-01,GLD,Gold,0.47082700043564996,0.47041750501275553,0.28932512347668515,0.41018987630836357,1,0.0453108275225238,Inflationary Boom,Growth Down / Inflation Up,2024
2024-03-04,GLD,Gold,0.280352793609452,0.46443999129341634,0.2620369666314133,0.3356099171780939,1,0.03055969420454807,Inflationary Boom,Growth Down / Inflation Up,2024
2024-03-05,GLD,Gold,0.16284486472958054,0.47138359120251766,0.27135061918382714,0.30185969170530846,1,0.013185206209930023,Inflationary Boom,Growth Down / Inflation Up,2024
2024-03-06,GLD,Gold,0.21303116993255328,0.4717662324453841,0.34167852928711984,0.3421586438883524,1,0.01197125351863182,Inflationary Boom,Growth Down / Inflation Up,2024
2024-03-07,GLD,Gold,0.2591299143950586,0.4735231661465907,0.32782906606671947,0.3534940488694563,1,0.0020506334755574507,Inflationary Boom,Growth Down / Inflation Up,2024
2024-03-08,GLD,Gold,0.3222531068539323,0.4724238459200658,0.34721306081005365,0.38063000452801726,0,-0.009522383189254136,Inflationary Boom,Growth Down / Inflation Up,2024
2024-03-11,GLD,Gold,0.2976615549731926,0.47878989949228445,0.311578644060578,0.36267669950868503,0,-0.009752481290609571,Inflationary Boom,Growth Down / Inflation Up,2024
2024-03-12,GLD,Gold,0.3346694327569916,0.4762529993474785,0.35567136112333264,0.3888645977426009,0,5.010143631500874e-05,Inflationary Boom,Growth Down / Inflation Up,2024
2024-03-13,GLD,Gold,0.3256272574731632,0.4766864201936168,0.32808521672614854,0.37679963146430956,1,0.004920673106822537,Inflationary Boom,Growth Down / Inflation Up,2024
2024-03-14,GLD,Gold,0.34026764997265596,0.47622622297336165,0.33537054135114236,0.38395480476571997,1,0.008085825145173642,Inflationary Boom,Growth Down / Inflation Up,2024
2024-03-15,GLD,Gold,0.22101811231441024,0.48266108660990986,0.3119060872233431,0.3385284287158877,1,0.003204643573846422,Inflationary Boom,Growth Down / Inflation Up,2024
2024-03-18,GLD,Gold,0.21531108966912213,0.48027902733522837,0.3609604208569484,0.35218351262043296,1,0.004799313701573382,Inflationary Boom,Growth Down / Inflation Up,2024
2024-03-19,GLD,Gold,0.23544278756156076,0.4795829708700678,0.32540122573042485,0.34680899472068444,1,0.009209190739671635,Inflationary Boom,Growth Down / Inflation Up,2024
2024-03-20,GLD,Gold,0.25985416417758755,0.48324883027851984,0.3203937158738815,0.3544989034433296,1,0.004550467212696585,Inflationary Boom,Growth Down / Inflation Up,2024
2024-03-21,GLD,Gold,0.36189652833691804,0.474347568321031,0.3778709219979882,0.40470500621864575,1,0.01856711381559184,Inflationary Boom,Growth Down / Inflation Up,2024
2024-03-22,GLD,Gold,0.46880324324119055,0.47930740717482256,0.4059906372242579,0.45136709588009033,1,0.0372847566415524,Inflationary Boom,Growth Down / Inflation Up,2024
2024-03-25,GLD,Gold,0.43671461313030013,0.4774521748450591,0.4209502983491871,0.44503902877484874,1,0.049256150186139935,Inflationary Boom,Growth Down / Inflation Up,2024
2024-03-26,GLD,Gold,0.4529298233888656,0.481096079824336,0.41728223806526604,0.4504360470928226,1,0.0550486319039607,Inflationary Boom,Growth Down / Inflation Up,2024
2024-03-27,GLD,Gold,0.46541716516708576,0.4823686189023807,0.3748460359776094,0.4408772733490253,1,0.04145739988138564,Inflationary Boom,Growth Down / Inflation Up,2024
2024-03-28,GLD,Gold,0.49286431507458484,0.481241407178153,0.3703900149273246,0.44816524572668753,1,0.04579038553883352,Inflationary Boom,Growth Down / Inflation Up,2024
2024-04-01,GLD,Gold,0.3346350456380401,0.4807162556647442,0.35631449651364383,0.39055526593880935,1,0.041670619276853005,Inflationary Boom,Growth Down / Inflation Up,2024
2024-04-02,GLD,Gold,0.25382334257094785,0.48050421125363973,0.3390666582802842,0.35779807070162395,1,0.03214945610943776,Inflationary Boom,Growth Down / Inflation Up,2024
2024-04-03,GLD,Gold,0.27048979803107925,0.48502977640813716,0.2811367653030102,0.34555211324740887,1,0.01349062255843414,Inflationary Boom,Growth Down / Inflation Up,2024
2024-04-04,GLD,Gold,0.1921553365970487,0.48706940583163244,0.26130434737025066,0.31350969659964395,1,0.03914522793140329,Inflationary Boom,Growth Down / Inflation Up,2024
2024-04-05,GLD,Gold,0.14877068065096227,0.48244925458563137,0.23676685105703849,0.289328928764544,1,0.008134238193570509,Inflationary Boom,Growth Down / Inflation Up,2024
2024-04-08,GLD,Gold,0.17387836524277775,0.4873895041719433,0.24909159595064764,0.30345315512178955,1,0.020648564804708558,Inflationary Boom,Growth Down / Inflation Up,2024
2024-04-09,GLD,Gold,0.18923921716017003,0.49206519494542245,0.24431554236926847,0.30853998482495365,1,0.016309105901689103,Inflationary Boom,Growth Down / Inflation Up,2024
2024-04-10,GLD,Gold,0.1694958841249098,0.4895708343618651,0.3072916837627281,0.322119467416501,1,0.01845923526864457,Inflationary Boom,Growth Down / Inflation Up,2024
2024-07-08,GLD,Gold,0.5534750125377002,0.5225543946008488,0.5144365656901949,0.5301553242762479,1,0.025849027574776473,Inflationary Boom,Growth Down / Inflation Up,2024
2024-07-09,GLD,Gold,0.416384579219374,0.46851743206906116,0.37115865932844344,0.4186868902056262,1,0.044518648591815424,Inflationary Boom,Growth Down / Inflation Up,2024
2024-07-10,GLD,Gold,0.27722383306006504,0.4812049237840278,0.37891166647386804,0.3791134744393203,1,0.03587707465030032,Inflationary Boom,Growth Down / Inflation Up,2024
2024-07-11,GLD,Gold,0.25762150022601227,0.48182438860804827,0.32873376877775706,0.3560598858706059,1,0.011332581318238999,Inflationary Boom,Growth Down / Inflation Up,2024
2024-07-12,GLD,Gold,0.31714109528385176,0.49376799034073976,0.32309695781683956,0.37800201448047704,0,-0.006185311635683255,Inflationary Boom,Growth Down / Inflation Up,2024
2024-07-15,GLD,Gold,0.33261924273270754,0.4923886506900854,0.4033080608060977,0.4094386514096302,0,-0.009069377485995345,Inflationary Boom,Growth Down / Inflation Up,2024
2024-07-16,GLD,Gold,0.3735862474839587,0.4947453065420992,0.3947791391136014,0.4210368977132197,0,-0.025012009387206824,Inflationary Boom,Growth Down / Inflation Up,2024
2024-07-17,GLD,Gold,0.36958430305100676,0.5023904931977253,0.4353948896291214,0.4357898952926178,0,-0.023896460757285354,Inflationary Boom,Growth Down / Inflation Up,2024
2024-07-18,GLD,Gold,0.637027575581176,0.5039778142356961,0.5149924279530833,0.551999272589985,0,-0.03299670913509334,Inflationary Boom,Growth Down / Inflation Up,2024
2024-07-19,GLD,Gold,0.5946953834761488,0.5539309168237933,0.635405914643549,0.5946774049811636,0,-0.0049609473951293115,Inflationary Boom,Growth Down / Inflation Up,2024
2024-07-22,GLD,Gold,0.45232045982442615,0.49489758346740503,0.4759437759870193,0.47438727309295015,0,-0.006672658733885117,Inflationary Boom,Growth Down / Inflation Up,2024
2024-07-23,GLD,Gold,0.5481017509540382,0.5013465397756589,0.5401773984485088,0.5298752297260686,0,-0.0002695550278559722,Inflationary Boom,Growth Down / Inflation Up,2024
2024-07-24,GLD,Gold,0.5427539617482713,0.4996965228861866,0.5774900343711701,0.539980173001876,1,0.021415689515980718,Inflationary Boom,Growth Down / Inflation Up,2024
2024-07-25,GLD,Gold,0.4427798247598673,0.5027190196870241,0.4375397188706873,0.46101285443919293,1,0.03407686703160184,Inflationary Boom,Growth Down / Inflation Up,2024
2024-07-26,GLD,Gold,0.13396130742614534,0.50278763943588,0.5137644039236435,0.3835044502618896,1,0.02134791891782739,Inflationary Boom,Growth Down / Inflation Up,2024
2024-07-29,GLD,Gold,0.2557885515623647,0.4970409947451615,0.4441339551249947,0.3989878338108403,1,0.00980386860709248,Inflationary Boom,Growth Down / Inflation Up,2024
2024-07-30,GLD,Gold,0.4272276436256147,0.5062387065046438,0.5396241237972338,0.49103015797583077,0,-0.008179072844121782,Inflationary Boom,Growth Down / Inflation Up,2024
2024-07-31,GLD,Gold,0.45948413693500906,0.5110258691347133,0.5543910085911072,0.5083003382202765,0,-0.026484219462266978,Liquidity Bubble Or Valuation Stretch,Growth Down / Inflation Up,2024
2024-08-01,GLD,Gold,0.28134129197406693,0.5071298715319481,0.5634269831152721,0.45063271554042905,0,-0.00779558724506646,Liquidity Bubble Or Valuation Stretch,Growth Down / Inflation Up,2024
2024-08-02,GLD,Gold,0.4781306588379672,0.508705027575573,0.6234676979596171,0.5367677947910524,0,-0.0034614306912799098,Liquidity Bubble Or Valuation Stretch,Growth Down / Inflation Up,2024
2024-08-05,GLD,Gold,0.30134434703702295,0.5160020172472406,0.6659965908240891,0.49444765170278426,1,0.026654117441788028,Liquidity Bubble Or Valuation Stretch,Growth Down / Inflation Up,2024
2024-08-06,GLD,Gold,0.41862794824004657,0.5143079931311568,0.6819600813274739,0.5382986742328925,1,0.0333484400186812,Liquidity Bubble Or Valuation Stretch,Growth Down / Inflation Up,2024
2024-08-07,GLD,Gold,0.5382293967812556,0.5205751488585626,0.7481476845917344,0.6023174100771841,1,0.02561774571890818,Liquidity Bubble Or Valuation Stretch,Growth Down / Inflation Up,2024
2024-08-08,GLD,Gold,0.3868244933978695,0.5018682420753979,0.5337858275718521,0.47415952101503983,1,0.012945891819058808,Liquidity Bubble Or Valuation Stretch,Growth Down / Inflation Up,2024
2024-08-09,GLD,Gold,0.5992901518421417,0.5053256522276388,0.5700688964084338,0.5582282334927381,1,0.03308696123685895,Liquidity Bubble Or Valuation Stretch,Growth Down / Inflation Up,2024
2024-08-12,GLD,Gold,0.5959467519231638,0.5018876206406404,0.5609092795159472,0.5529145506932505,1,0.01400988090248445,Liquidity Bubble Or Valuation Stretch,Growth Down / Inflation Up,2024
2024-08-13,GLD,Gold,0.5764438458683205,0.5040557597164306,0.4976825667879426,0.5260607241242312,1,0.019293208815118756,Liquidity Bubble Or Valuation Stretch,Growth Down / Inflation Up,2024
2024-08-14,GLD,Gold,0.5450961585101854,0.4993980545142956,0.556360516588655,0.5336182432043787,1,0.02630414247796664,Liquidity Bubble Or Valuation Stretch,Growth Down / Inflation Up,2024
2024-08-15,GLD,Gold,0.6613130608848554,0.49292647584910015,0.5232438723395487,0.5591611363578347,1,0.010841264886414015,Liquidity Bubble Or Valuation Stretch,Growth Down / Inflation Up,2024
2024-08-16,GLD,Gold,0.517800619873205,0.49205980391751825,0.5200371412288303,0.5099658550065178,0,0.00012931065384957918,Liquidity Bubble Or Valuation Stretch,Growth Down / Inflation Up,2024
2024-08-19,GLD,Gold,0.4270938107526615,0.48641768624052806,0.379375229239139,0.4309622420774429,1,0.004965216931280381,Liquidity Bubble Or Valuation Stretch,Growth Down / Inflation Up,2024
2024-08-20,GLD,Gold,0.5144251052721197,0.48254971893227494,0.3375297313192344,0.4448348518412097,1,0.004000656667475511,Liquidity Bubble Or Valuation Stretch,Growth Down / Inflation Up,2024
2024-08-21,GLD,Gold,0.5079786544009318,0.48381960587628675,0.36328903353833947,0.451695764605186,0,-0.001722997660998149,Liquidity Bubble Or Valuation Stretch,Growth Down / Inflation Up,2024
2024-08-22,GLD,Gold,0.5619856325133827,0.4842186504586645,0.4180817854156461,0.4880953561292311,1,0.015607977971249687,Liquidity Bubble Or Valuation Stretch,Growth Down / Inflation Up,2024
2024-08-23,GLD,Gold,0.4669793887094115,0.49052785651618513,0.4632672213560796,0.47359148886055874,0,-0.0031463277859045125,Liquidity Bubble Or Valuation Stretch,Growth Down / Inflation Up,2024
2024-08-26,GLD,Gold,0.5250124028314304,0.487496031682671,0.4084868154390706,0.473665083317724,0,-0.010611794462087376,Liquidity Bubble Or Valuation Stretch,Growth Down / Inflation Up,2024
2024-08-27,GLD,Gold,0.3716915652039767,0.4802540982465965,0.36778803165503815,0.40657789836853714,0,-0.01268266301730181,Liquidity Bubble Or Valuation Stretch,Growth Down / Inflation Up,2024
2024-08-28,GLD,Gold,0.41312496627712136,0.4889895304676395,0.44372304614028235,0.44861251429501436,1,0.002589023100391108,Liquidity Bubble Or Valuation Stretch,Growth Down / Inflation Up,2024
2024-08-29,GLD,Gold,0.5352870495435537,0.4854097776668398,0.4491248683403155,0.4899405651835697,0,-0.009959184785673814,Liquidity Bubble Or Valuation Stretch,Growth Down / Inflation Up,2024
2024-08-30,GLD,Gold,0.3873230281664546,0.4898017555796884,0.45168103655750613,0.4429352734345497,0,0.0013403641592020232,Liquidity Bubble Or Valuation Stretch,Growth Down / Inflation Up,2024
2024-09-03,GLD,Gold,0.4962181479116307,0.48792131592597043,0.48289230855141363,0.48901059079633824,1,0.010117685956765321,Liquidity Bubble Or Valuation Stretch,Growth Down / Inflation Up,2024
2024-09-04,GLD,Gold,0.5656088059189651,0.4966151880767212,0.514504007884738,0.5255760006268081,1,0.00789830917010681,Liquidity Bubble Or Valuation Stretch,Growth Down / Inflation Up,2024
2024-09-05,GLD,Gold,0.4187747905792845,0.4948312509328872,0.5976576926151607,0.5037545780424441,1,0.017129311913019363,Liquidity Bubble Or Valuation Stretch,Growth Down / Inflation Up,2024
2024-09-06,GLD,Gold,0.4105002555112017,0.49432179793849856,0.5088818337232687,0.4712346290576563,1,0.03490433864864673,Liquidity Bubble Or Valuation Stretch,Growth Down / Inflation Up,2024
2024-09-09,GLD,Gold,0.5025572179041394,0.49375326191891183,0.5705736264250161,0.5222947020826891,1,0.030483581055858133,Liquidity Bubble Or Valuation Stretch,Growth Down / Inflation Up,2024
2024-09-10,GLD,Gold,0.37311415123549063,0.4990479394707982,0.488175989816088,0.45344602684079227,1,0.02029060837321972,Liquidity Bubble Or Valuation Stretch,Growth Down / Inflation Up,2024
2024-09-11,GLD,Gold,0.4912332438323226,0.4927559622582393,0.4849788420502719,0.4896560160469446,1,0.014036574841058913,Liquidity Bubble Or Valuation Stretch,Growth Down / Inflation Up,2024
2024-09-12,GLD,Gold,0.4531736746679138,0.4771655114128324,0.36670226874862694,0.43234715160979104,1,0.0120170791515537,Liquidity Bubble Or Valuation Stretch,Growth Down / Inflation Up,2024
2024-09-13,GLD,Gold,0.3219164458608738,0.47961162260008694,0.44001711918532194,0.4138483958820942,1,0.01478973582373544,Liquidity Bubble Or Valuation Stretch,Growth Down / Inflation Up,2024
2024-09-16,GLD,Gold,0.200887028687106,0.4766546221529017,0.43106882552683906,0.36953682545561556,1,0.016843999631221518,Liquidity Bubble Or Valuation Stretch,Growth Down / Inflation Up,2024
2024-09-17,GLD,Gold,0.28241437974157096,0.4769018024370165,0.4176911509865959,0.3923357777217278,1,0.03678272150092887,Liquidity Bubble Or Valuation Stretch,Growth Down / Inflation Up,2024
2024-09-18,GLD,Gold,0.24498281586130755,0.47439652719667635,0.3776636537805822,0.36568099894618866,1,0.04339519111324375,Liquidity Bubble Or Valuation Stretch,Growth Down / Inflation Up,2024
2024-09-19,GLD,Gold,0.2633126182807756,0.47692370110716586,0.41932137912996187,0.3865192328393012,1,0.03265458719064296,Liquidity Bubble Or Valuation Stretch,Growth Down / Inflation Up,2024
2024-09-20,GLD,Gold,0.26472488157143065,0.47862305258702426,0.4493935473937493,0.39758049385073474,1,0.011601492426831506,Liquidity Bubble Or Valuation Stretch,Growth Down / Inflation Up,2024
2024-09-23,GLD,Gold,0.1896720427320025,0.4758391010702658,0.4225043506215025,0.36267183147459026,1,0.0015658681979613398,Liquidity Bubble Or Valuation Stretch,Growth Down / Inflation Up,2024
2024-09-24,GLD,Gold,0.2643759698556264,0.4764656577350703,0.44465594420527893,0.3951658572653252,0,-0.0018694139886016314,Liquidity Bubble Or Valuation Stretch,Growth Down / Inflation Up,2024
2024-09-25,GLD,Gold,0.204367034809248,0.47922511467949425,0.39891748062069593,0.3608365433698127,0,-0.00028483321794903205,Liquidity Bubble Or Valuation Stretch,Growth Down / Inflation Up,2024
2024-09-26,GLD,Gold,0.3294876028547984,0.47945630480942286,0.4579450797144667,0.42229632912622933,0,-0.006032837720260975,Liquidity Bubble Or Valuation Stretch,Growth Down / Inflation Up,2024
2024-09-27,GLD,Gold,0.23335600598663955,0.482882168741972,0.40957795223045124,0.3752720423196876,0,-8.164342548411252e-05,Liquidity Bubble Or Valuation Stretch,Growth Down / Inflation Up,2024
2024-10-02,GLD,Gold,0.2536740878669501,0.4740379339770632,0.3527772831114165,0.3601631016518099,0,-0.018765776038546123,Liquidity Bubble Or Valuation Stretch,Growth Down / Inflation Up,2024
2024-10-03,GLD,Gold,0.2546843268591012,0.4724685952289964,0.34763497172957647,0.3582626312725581,0,-0.010876199067988757,Liquidity Bubble Or Valuation Stretch,Growth Down / Inflation Up,2024
2024-10-04,GLD,Gold,0.20074963208935456,0.47569810643073046,0.362700908667237,0.34638288239577397,1,0.0019183723294005084,Liquidity Bubble Or Valuation Stretch,Growth Down / Inflation Up,2024
2024-10-07,GLD,Gold,0.17419349844975435,0.4648378444821567,0.27769485001817173,0.30557539765002756,1,0.003685994028843398,Liquidity Bubble Or Valuation Stretch,Growth Down / Inflation Up,2024
2024-10-08,GLD,Gold,0.1815553352456975,0.472767207097406,0.32240740087471936,0.3255766477392743,1,0.01464704015875129,Liquidity Bubble Or Valuation Stretch,Growth Down / Inflation Up,2024
2024-10-09,GLD,Gold,0.15212102073375636,0.4705262587336896,0.3455520749449178,0.3227331181374546,1,0.02530591482057276,Liquidity Bubble Or Valuation Stretch,Growth Down / Inflation Up,2024
2024-10-10,GLD,Gold,0.1459589456796565,0.47262658389363404,0.3254353699190369,0.3146736331641091,1,0.023927178088072987,Liquidity Bubble Or Valuation Stretch,Growth Down / Inflation Up,2024
2024-10-11,GLD,Gold,0.19137645814866538,0.47550335050612574,0.4103942281941474,0.3590913456163129,1,0.023628154246607913,Liquidity Bubble Or Valuation Stretch,Growth Down / Inflation Up,2024
2024-10-14,GLD,Gold,0.24132759605101298,0.4871345557740121,0.5287483005061666,0.41907015077706394,1,0.025094845198042393,Liquidity Bubble Or Valuation Stretch,Growth Down / Inflation Up,2024
2024-10-15,GLD,Gold,0.25240539666270795,0.48415414690125613,0.46669009586697574,0.4010832131436466,1,0.03257154589490985,Liquidity Bubble Or Valuation Stretch,Growth Down / Inflation Up,2024
2024-10-16,GLD,Gold,0.2638001033109279,0.4886018462318668,0.4664376961842272,0.40627988190900727,1,0.015051593415216447,Liquidity Bubble Or Valuation Stretch,Growth Down / Inflation Up,2024
2024-10-22,GLD,Gold,0.38820013363968053,0.5295191723881473,0.5768685146359709,0.4981959402212663,1,0.008506295925693408,Liquidity Bubble Or Valuation Stretch,Growth Down / Inflation Up,2024
2024-10-23,GLD,Gold,0.17803933340083827,0.49590944626404054,0.5384145220464226,0.4041211005704339,1,0.02642805043191987,Liquidity Bubble Or Valuation Stretch,Growth Down / Inflation Up,2024
2024-10-24,GLD,Gold,0.22869048983926382,0.5045879847079764,0.5973105264860696,0.4435296670111033,1,0.0028085104687785023,Liquidity Bubble Or Valuation Stretch,Growth Down / Inflation Up,2024
2024-10-25,GLD,Gold,0.26690711326466127,0.5026996715949068,0.5170979832757127,0.4289015893784269,0,-0.003355463757064081,Liquidity Bubble Or Valuation Stretch,Growth Down / Inflation Up,2024
2024-10-28,GLD,Gold,0.19226443080740246,0.5054272030597481,0.603097404761519,0.4335963462095565,0,-0.0019737101661312373,Liquidity Bubble Or Valuation Stretch,Growth Down / Inflation Up,2024
2024-10-29,GLD,Gold,0.19047695759044903,0.5081113038363941,0.6226645912651065,0.4404176175639833,0,-0.010504129329038658,Liquidity Bubble Or Valuation Stretch,Growth Down / Inflation Up,2024
2024-10-30,GLD,Gold,0.27233774525123633,0.5119549744812143,0.5974642021042389,0.4605856406122298,0,-0.04582525456993325,Liquidity Bubble Or Valuation Stretch,Growth Down / Inflation Up,2024
2024-10-31,GLD,Gold,0.17423881654813628,0.506542702282215,0.5640226768894923,0.4149347319066145,0,-0.015226226555132838,Liquidity Bubble Or Valuation Stretch,Growth Down / Inflation Up,2024
2024-11-01,GLD,Gold,0.19150552889427572,0.5128748369802021,0.5854592869215512,0.4299465509320097,0,-0.017863486691606645,Liquidity Bubble Or Valuation Stretch,Growth Down / Inflation Up,2024
2024-11-04,GLD,Gold,0.14332730930579213,0.49460899635771016,0.4688668370512853,0.36893438090492925,0,-0.0422813841869506,Liquidity Bubble Or Valuation Stretch,Growth Down / Inflation Up,2024
2024-11-05,GLD,Gold,0.12154954890245492,0.5028798773598251,0.47593600056049123,0.3667884756075905,0,-0.05268346948019309,Liquidity Bubble Or Valuation Stretch,Growth Down / Inflation Up,2024
2024-11-06,GLD,Gold,0.12558770944617026,0.5063845598926516,0.4186867360412891,0.350219668460037,0,-0.03284490095915493,Liquidity Bubble Or Valuation Stretch,Growth Down / Inflation Up,2024
2024-11-07,GLD,Gold,0.06547897041804172,0.46281967609801383,0.42198104317998086,0.3167598965653455,0,-0.05063088202954058,Liquidity Bubble Or Valuation Stretch,Growth Down / Inflation Up,2024
2024-11-08,GLD,Gold,0.13723495088548146,0.48561783321123825,0.39841301831202336,0.3404219341362477,0,-0.04585421063122064,Liquidity Bubble Or Valuation Stretch,Growth Down / Inflation Up,2024
2024-11-11,GLD,Gold,0.15403963939076928,0.4826889399911145,0.4105297709349617,0.34908611677228185,0,-0.004336346966236526,Liquidity Bubble Or Valuation Stretch,Growth Down / Inflation Up,2024
2024-11-12,GLD,Gold,0.12722956664472693,0.48432417152361773,0.3578165664325545,0.32312343486696643,1,0.013330543251658389,Liquidity Bubble Or Valuation Stretch,Growth Down / Inflation Up,2024
2024-11-13,GLD,Gold,0.08640181553925914,0.47565208034280104,0.35849552818792213,0.30684980802332745,1,0.029415436143352958,Liquidity Bubble Or Valuation Stretch,Growth Down / Inflation Up,2024
2024-11-14,GLD,Gold,0.18325909699659113,0.48069815489533446,0.38664166010077494,0.35019963733090015,1,0.040715621192907614,Liquidity Bubble Or Valuation Stretch,Growth Down / Inflation Up,2024
2024-11-15,GLD,Gold,0.21633977784807434,0.4856802141017931,0.4813570822336542,0.39445902472784056,1,0.056004058519349975,Liquidity Bubble Or Valuation Stretch,Growth Down / Inflation Up,2024
2024-11-18,GLD,Gold,0.17413115765340034,0.4996550036779875,0.45031332518984896,0.37469982884041225,1,0.005765479326236056,Liquidity Bubble Or Valuation Stretch,Growth Down / Inflation Up,2024
2024-11-19,GLD,Gold,0.2980434165807146,0.5176057458291031,0.507611155972303,0.4410867727940402,0,-0.0012333116207926542,Liquidity Bubble Or Valuation Stretch,Growth Down / Inflation Up,2024
2024-11-20,GLD,Gold,0.3097387621437196,0.5031249912626423,0.4692677112725502,0.4273771548929706,0,-0.004619367372164729,Liquidity Bubble Or Valuation Stretch,Growth Down / Inflation Up,2024
2024-11-21,GLD,Gold,0.25752695883191856,0.510265486775859,0.47836178221027315,0.41538474260601693,0,-0.004337984709043119,Liquidity Bubble Or Valuation Stretch,Growth Down / Inflation Up,2024
2024-11-22,GLD,Gold,0.2026113066428065,0.50179635621954,0.4374842195100448,0.3806306274574638,0,-0.02561637043825782,Liquidity Bubble Or Valuation Stretch,Growth Down / Inflation Up,2024
2024-11-25,GLD,Gold,0.1504286419725989,0.4987581836331048,0.4203261735955985,0.3565043330671007,1,0.005979862148593362,Liquidity Bubble Or Valuation Stretch,Growth Down / Inflation Up,2024
2024-11-26,GLD,Gold,0.14669483808506262,0.49790876346876695,0.4451838955718655,0.3632624990418984,1,0.007079651131131959,Liquidity Bubble Or Valuation Stretch,Growth Down / Inflation Up,2024
2024-11-27,GLD,Gold,0.1877023000936367,0.49650829976883076,0.4237285568359637,0.36931305223281036,0,-0.0025873952466199945,Liquidity Bubble Or Valuation Stretch,Growth Down / Inflation Up,2024
2024-11-29,GLD,Gold,0.17268611081936555,0.49893807539714596,0.38643627446370765,0.3526868202267397,0,-0.010749621031046597,Liquidity Bubble Or Valuation Stretch,Growth Down / Inflation Up,2024
2024-12-02,GLD,Gold,0.2079009166039831,0.49855696354766643,0.4468601779042311,0.38443935268529356,1,0.007886946063465627,Liquidity Bubble Or Valuation Stretch,Growth Down / Inflation Up,2024
2024-12-03,GLD,Gold,0.25043123807369144,0.49585076109953957,0.4051465423269734,0.38380951383340145,1,0.01910385685249949,Liquidity Bubble Or Valuation Stretch,Growth Down / Inflation Up,2024
2024-12-04,GLD,Gold,0.15433893740728533,0.4958701462265133,0.4098057792905719,0.3533382876414568,1,0.025708131736603912,Liquidity Bubble Or Valuation Stretch,Growth Down / Inflation Up,2024
2024-12-05,GLD,Gold,0.19106567469872224,0.49694872781861116,0.3759965319419553,0.3546703114864296,1,0.018199778299584413,Liquidity Bubble Or Valuation Stretch,Growth Down / Inflation Up,2024
2024-12-06,GLD,Gold,0.12137320558420442,0.49475248287865126,0.3672066123937909,0.3277774336188822,1,0.0055155231723509335,Liquidity Bubble Or Valuation Stretch,Growth Down / Inflation Up,2024
2024-12-09,GLD,Gold,0.31685307614411085,0.5087962685606724,0.4549571758108308,0.4268688401718714,0,-0.001956291678941291,Liquidity Bubble Or Valuation Stretch,Growth Down / Inflation Up,2024
2024-12-10,GLD,Gold,0.11725356549420543,0.49602814115383487,0.41115567948008325,0.3414791287093745,0,-0.018705474737462757,Liquidity Bubble Or Valuation Stretch,Growth Down / Inflation Up,2024
2024-12-11,GLD,Gold,0.15670981020751695,0.5006151412973875,0.45916968061853086,0.3721648773744784,0,-0.046621022848357896,Liquidity Bubble Or Valuation Stretch,Growth Down / Inflation Up,2024
2024-12-12,GLD,Gold,0.09707074238121148,0.49588851555166596,0.38182991842704755,0.32492972545330834,0,-0.031057880595655507,Liquidity Bubble Or Valuation Stretch,Growth Down / Inflation Up,2024
2024-12-13,GLD,Gold,0.08341072156629677,0.4970494972218406,0.3452310694887984,0.30856376275897857,0,-0.008964702782778722,Liquidity Bubble Or Valuation Stretch,Growth Down / Inflation Up,2024
2024-12-16,GLD,Gold,0.08237582758322576,0.49082606492949815,0.3624390465741228,0.3118803130289489,0,-0.016007832778430542,Liquidity Bubble Or Valuation Stretch,Growth Down / Inflation Up,2024
2024-12-17,GLD,Gold,0.0625752833170077,0.4804691099351517,0.30837130274930247,0.2838052320004873,0,-0.010248421640483119,Liquidity Bubble Or Valuation Stretch,Growth Down / Inflation Up,2024
2024-12-18,GLD,Gold,0.060643603102450656,0.48219169616574326,0.3001835074317941,0.281006268899996,1,0.015924153242734995,Liquidity Bubble Or Valuation Stretch,Growth Down / Inflation Up,2024
2024-12-19,GLD,Gold,0.1095275825441525,0.513661928304053,0.543453475590698,0.38888099547963445,1,0.007512469729199722,Liquidity Bubble Or Valuation Stretch,Growth Down / Inflation Up,2024
2024-12-20,GLD,Gold,0.09685202961682988,0.5281731617552444,0.6180678759974546,0.41436435578984304,0,-0.0060718760167011165,Liquidity Bubble Or Valuation Stretch,Growth Down / Inflation Up,2024
2024-12-23,GLD,Gold,0.10417265628519584,0.5288887884528097,0.5610020840808243,0.3980211762729433,1,0.004855569954953731,Liquidity Bubble Or Valuation Stretch,Growth Down / Inflation Up,2024
2024-12-24,GLD,Gold,0.13647211040284069,0.5289311578993053,0.5512352081521299,0.405546158818092,1,0.01648440891026315,Liquidity Bubble Or Valuation Stretch,Growth Down / Inflation Up,2024
2024-12-26,GLD,Gold,0.08734291827588696,0.5082151889330754,0.5182867735050111,0.37128162690465777,1,0.0017278897284316308,Liquidity Bubble Or Valuation Stretch,Growth Down / Inflation Up,2024
2024-12-27,GLD,Gold,0.04994611512332684,0.5074481216386684,0.5331782303360868,0.36352415569936064,1,0.0074151142923784,Liquidity Bubble Or Valuation Stretch,Growth Down / Inflation Up,2024
2024-12-30,GLD,Gold,0.04525642267329993,0.5189268503823371,0.5480991913486384,0.3707608214680918,1,0.016332097394484046,Liquidity Bubble Or Valuation Stretch,Growth Down / Inflation Up,2024
2024-12-31,GLD,Gold,0.10147748724655395,0.5208510879162727,0.5870270871244894,0.403118554095772,1,0.015404929799362588,Liquidity Bubble Or Valuation Stretch,Growth Down / Inflation Up,2024
2025-01-02,GLD,Gold,0.2868425595376606,0.5243194854472626,0.6148587376990531,0.4753402608946587,1,0.011368301547297843,Liquidity Bubble Or Valuation Stretch,Growth Down / Inflation Up,holdout
2025-01-03,GLD,Gold,0.1993084606294149,0.5194167312665523,0.5608943710991693,0.4265398543317122,1,0.009240625689924453,Liquidity Bubble Or Valuation Stretch,Growth Down / Inflation Up,holdout
2025-01-06,GLD,Gold,0.2878737721834224,0.5185326362294653,0.6245162080903517,0.4769742055010798,1,0.015790107731981307,Liquidity Bubble Or Valuation Stretch,Growth Down / Inflation Up,holdout
2025-01-07,GLD,Gold,0.3529983333316888,0.5123543710217302,0.5929773974408717,0.4861100339314303,1,0.017664406964935875,Liquidity Bubble Or Valuation Stretch,Growth Down / Inflation Up,holdout
2025-01-08,GLD,Gold,0.2074605323627166,0.5172582649661429,0.5757705799438146,0.4334964590908914,1,0.019279286916932037,Liquidity Bubble Or Valuation Stretch,Growth Down / Inflation Up,holdout
2025-01-10,GLD,Gold,0.22784521490626267,0.5192538506948658,0.5722903127929561,0.43979645946469487,1,0.004270567382143042,Liquidity Bubble Or Valuation Stretch,Growth Down / Inflation Up,holdout
2025-01-13,GLD,Gold,0.2766440634282848,0.5298878871110819,0.5885892179617012,0.4650403895003559,1,0.030072431124178456,Liquidity Bubble Or Valuation Stretch,Growth Down / Inflation Up,holdout
2025-01-14,GLD,Gold,0.2930736395893008,0.5335898205429834,0.6598356148666322,0.4954996916663055,1,0.02995585124499689,Liquidity Bubble Or Valuation Stretch,Growth Down / Inflation Up,holdout
2025-01-15,GLD,Gold,0.2958442392001082,0.529500053186072,0.5765494330264709,0.4672979084708837,1,0.020853432736993138,Liquidity Bubble Or Valuation Stretch,Growth Down / Inflation Up,holdout
2025-01-16,GLD,Gold,0.32268930010429664,0.5175130443958228,0.5626084972515263,0.4676036139172153,1,0.020151586871401506,Liquidity Bubble Or Valuation Stretch,Growth Down / Inflation Up,holdout
2025-01-17,GLD,Gold,0.26109478525511787,0.5176566306294427,0.5208860098194683,0.43321247523467626,1,0.014923581485709159,Liquidity Bubble Or Valuation Stretch,Growth Down / Inflation Up,holdout
2025-01-21,GLD,Gold,0.37547633340837094,0.5159409624680272,0.4929188754208284,0.4614453904324089,1,0.008098557079070146,Liquidity Bubble Or Valuation Stretch,Growth Down / Inflation Up,holdout
2025-01-22,GLD,Gold,0.30437006610036293,0.5181126896635744,0.522123957351659,0.4482022377051988,0,-0.0009039646824663405,Liquidity Bubble Or Valuation Stretch,Growth Down / Inflation Up,holdout
2025-01-23,GLD,Gold,0.2677784183181825,0.5163106248595405,0.5113770470429789,0.4318220300735673,1,0.015664896894622915,Liquidity Bubble Or Valuation Stretch,Growth Down / Inflation Up,holdout
2025-01-24,GLD,Gold,0.3084037102646741,0.5142008182486407,0.5114110666379066,0.4446718650504071,1,0.011382764449772154,Liquidity Bubble Or Valuation Stretch,Growth Down / Inflation Up,holdout
2025-01-27,GLD,Gold,0.3585064942644812,0.5149870296760163,0.4436725432799498,0.4390553557401491,1,0.027471428899707995,Liquidity Bubble Or Valuation Stretch,Growth Down / Inflation Up,holdout
2025-01-28,GLD,Gold,0.49864128139404995,0.4998984838570918,0.4254786069384276,0.47467279072985646,1,0.02868566319585719,Liquidity Bubble Or Valuation Stretch,Growth Down / Inflation Up,holdout
2025-01-29,GLD,Gold,0.2738208584172329,0.5019576676656222,0.3892222582838928,0.388333594788916,1,0.039063761029832555,Liquidity Bubble Or Valuation Stretch,Growth Down / Inflation Up,holdout
2025-01-30,GLD,Gold,0.27459311395218977,0.5025730385200887,0.4276425985534917,0.40160291700859,1,0.020848692646049827,Liquidity Bubble Or Valuation Stretch,Growth Down / Inflation Up,holdout
2025-01-31,GLD,Gold,0.24758892381079847,0.5028024144094051,0.34978012901775574,0.36672382241265306,1,0.02065283256618411,Liquidity Bubble Or Valuation Stretch,Growth Down / Inflation Up,holdout
2025-02-03,GLD,Gold,0.2970097245728019,0.5146377650059365,0.4403952829362107,0.4173475908383164,1,0.03243053241750071,Liquidity Bubble Or Valuation Stretch,Growth Down / Inflation Up,holdout
2025-02-04,GLD,Gold,0.20545065189497796,0.511701278967762,0.32385180995601254,0.3470012469395842,1,0.018628627232142758,Liquidity Bubble Or Valuation Stretch,Growth Down / Inflation Up,holdout
2025-05-02,GLD,Gold,0.09361565956957683,0.5394449943814308,0.6836633463822146,0.43890800011107406,1,0.029733488908318062,Liquidity Bubble Or Valuation Stretch,Growth Up / Inflation Down,holdout
2025-05-05,GLD,Gold,0.1417829815003971,0.5235122840336863,0.632482394679984,0.4325925534046891,0,-0.02831726506497112,Liquidity Bubble Or Valuation Stretch,Growth Up / Inflation Down,holdout
2025-05-06,GLD,Gold,0.09053146265893909,0.5231378652313156,0.6480262339247675,0.420565187271674,0,-0.05077982431015016,Liquidity Bubble Or Valuation Stretch,Growth Up / Inflation Down,holdout
2025-05-07,GLD,Gold,0.04706237810214303,0.5227620169154278,0.5413623401552572,0.37039557839094267,0,-0.05660497614767701,Liquidity Bubble Or Valuation Stretch,Growth Up / Inflation Down,holdout
2025-05-08,GLD,Gold,0.04605222823685479,0.5205768766332814,0.5920795279673924,0.3862362109458429,0,-0.022289362295529358,Liquidity Bubble Or Valuation Stretch,Growth Up / Inflation Down,holdout
2025-05-09,GLD,Gold,0.044952717059194375,0.5286509839795036,0.5041543321122817,0.35925267771699315,0,-0.04106376695963898,Liquidity Bubble Or Valuation Stretch,Growth Up / Inflation Down,holdout
2025-05-12,GLD,Gold,0.05720657090604079,0.5257573296252016,0.5376400118866137,0.37353463747261867,0,-0.0005365829196128935,Liquidity Bubble Or Valuation Stretch,Growth Up / Inflation Down,holdout
2025-05-13,GLD,Gold,0.04555745720403632,0.5135158912899638,0.4499586353307759,0.3363439946082587,1,0.013758081996758209,Liquidity Bubble Or Valuation Stretch,Growth Up / Inflation Down,holdout
2025-05-14,GLD,Gold,0.06956880827787951,0.5144807345365578,0.4674421080545666,0.3504972169563347,1,0.04318462103957765,Liquidity Bubble Or Valuation Stretch,Growth Up / Inflation Down,holdout
2025-05-15,GLD,Gold,0.09136465066265399,0.5212419799410384,0.4419237941144196,0.351510141572704,1,0.017694027257820766,Liquidity Bubble Or Valuation Stretch,Growth Up / Inflation Down,holdout
2025-05-16,GLD,Gold,0.12274788181166264,0.5205505180663322,0.47772631556002754,0.3736749051460075,1,0.05271210671693738,Liquidity Bubble Or Valuation Stretch,Growth Up / Inflation Down,holdout
2025-05-19,GLD,Gold,0.10241615166104917,0.521696335278362,0.43122415139683723,0.35177887944541614,1,0.021709228088459653,Liquidity Bubble Or Valuation Stretch,Growth Up / Inflation Down,holdout
2025-05-20,GLD,Gold,0.09609542459269398,0.5225909258460018,0.39145416233302,0.3367135042572385,0,0.0007576618897879861,Liquidity Bubble Or Valuation Stretch,Growth Up / Inflation Down,holdout
2025-05-21,GLD,Gold,0.11226449213274062,0.5175751001305458,0.3308733690250885,0.3202376537627916,0,-0.0006867502701796147,Liquidity Bubble Or Valuation Stretch,Growth Up / Inflation Down,holdout
2025-05-22,GLD,Gold,0.046285150143089024,0.5176894903844542,0.4806125995756519,0.348195746701065,1,0.0016166433823840975,Liquidity Bubble Or Valuation Stretch,Growth Up / Inflation Down,holdout
2025-05-23,GLD,Gold,0.10844906135691496,0.5181988688896496,0.43901399195365665,0.3552206407334071,1,0.006198590565728468,Liquidity Bubble Or Valuation Stretch,Growth Up / Inflation Down,holdout
2025-05-27,GLD,Gold,0.0854109107575179,0.5199315494185581,0.42470121879665684,0.343347892990911,1,0.014482770647321397,Liquidity Bubble Or Valuation Stretch,Growth Up / Inflation Down,holdout
2025-05-28,GLD,Gold,0.15766373558466498,0.5178808621935405,0.3989532541269606,0.35816595063505535,1,0.023336942150902207,Liquidity Bubble Or Valuation Stretch,Growth Up / Inflation Down,holdout
2025-05-29,GLD,Gold,0.07872904734019111,0.5145785523789224,0.4217545893081165,0.33835406300907667,1,0.012172381136119625,Liquidity Bubble Or Valuation Stretch,Growth Up / Inflation Down,holdout
2025-05-30,GLD,Gold,0.0994512506170041,0.5222971686815001,0.4686386520713098,0.36346235712327135,1,0.005204171740783581,Liquidity Bubble Or Valuation Stretch,Growth Up / Inflation Down,holdout
2025-06-02,GLD,Gold,0.06360553502100745,0.5201329907965262,0.44573805844618797,0.3431588614212406,0,-0.01620309331336367,Liquidity Bubble Or Valuation Stretch,Growth Up / Inflation Down,holdout
2025-06-03,GLD,Gold,0.07940764908532495,0.513944889223688,0.4429698088169186,0.3454407823753105,0,-0.007121854847529141,Liquidity Bubble Or Valuation Stretch,Growth Up / Inflation Down,holdout
2025-06-04,GLD,Gold,0.03652056039133947,0.511493624591434,0.33987073783069466,0.2959616409378227,0,-0.00813766107740499,Liquidity Bubble Or Valuation Stretch,Growth Up / Inflation Down,holdout
2025-06-05,GLD,Gold,0.13420160783707608,0.5179364751140444,0.45552603314332535,0.3692213720314819,1,0.009278200495751676,Liquidity Bubble Or Valuation Stretch,Growth Up / Inflation Down,holdout
2025-06-06,GLD,Gold,0.09529116898838023,0.5133891040669072,0.4204869966188973,0.3430557565580616,1,0.036404797613792894,Liquidity Bubble Or Valuation Stretch,Growth Up / Inflation Down,holdout
2025-06-09,GLD,Gold,0.059475205984107195,0.5122126892871218,0.4165329780039389,0.3294069577583893,1,0.016828660049183153,Liquidity Bubble Or Valuation Stretch,Growth Up / Inflation Down,holdout
2025-06-10,GLD,Gold,0.11016541598264869,0.5089711902363545,0.43646701117571707,0.35186787246490675,1,0.017051974608052856,Liquidity Bubble Or Valuation Stretch,Growth Up / Inflation Down,holdout
2025-06-11,GLD,Gold,0.09865079929368015,0.508540575730669,0.40519399808149276,0.3374617910352806,1,0.006129048475417509,Liquidity Bubble Or Valuation Stretch,Growth Up / Inflation Down,holdout
2025-06-12,GLD,Gold,0.10230809233129184,0.5131062203274339,0.4447810236273184,0.3533984454286814,0,-0.006630388351317684,Liquidity Bubble Or Valuation Stretch,Growth Up / Inflation Down,holdout
2025-06-13,GLD,Gold,0.07110018947134975,0.5118117282961612,0.4095279413762199,0.33081328638124363,0,-0.016472293881886202,Liquidity Bubble Or Valuation Stretch,Growth Up / Inflation Down,holdout
2025-06-16,GLD,Gold,0.14264711195420515,0.5104983615580119,0.4210111765442892,0.3580522166855021,0,-0.017929297452617177,Liquidity Bubble Or Valuation Stretch,Growth Up / Inflation Down,holdout
2025-06-17,GLD,Gold,0.049673564787427356,0.5093912077815193,0.3870674646092335,0.3153774123927267,0,-0.015451712786096139,Liquidity Bubble Or Valuation Stretch,Growth Up / Inflation Down,holdout
2025-06-18,GLD,Gold,0.03492104246499826,0.5109082779639195,0.486263237542118,0.3440308526570119,0,-0.011216434206125947,Liquidity Bubble Or Valuation Stretch,Growth Up / Inflation Down,holdout
2025-06-20,GLD,Gold,0.056189113315171534,0.5092286384887735,0.5173926796402525,0.3609368104813992,0,-0.02872989882251531,Liquidity Bubble Or Valuation Stretch,Growth Up / Inflation Down,holdout
2025-06-23,GLD,Gold,0.04813018870202235,0.5177466790037445,0.47231751155984647,0.3460647930885378,0,-0.02009129571100865,Liquidity Bubble Or Valuation Stretch,Growth Up / Inflation Down,holdout
2025-06-24,GLD,Gold,0.09425811550059568,0.5065101665071331,0.5100218631068878,0.37026338170487216,1,0.004441638658083669,Liquidity Bubble Or Valuation Stretch,Growth Up / Inflation Down,holdout
2025-06-25,GLD,Gold,0.09727522599488667,0.5154896072901127,0.43285241567451976,0.34853908298650643,1,0.006935415852685756,Liquidity Bubble Or Valuation Stretch,Growth Up / Inflation Down,holdout
2025-06-26,GLD,Gold,0.10861238486270142,0.5087174005664961,0.42343574499259645,0.34692184347393135,0,0.0011735310990714787,Liquidity Bubble Or Valuation Stretch,Growth Up / Inflation Down,holdout
2025-06-27,GLD,Gold,0.10124208221950481,0.5168586452360081,0.46366148849427996,0.3605874053165976,1,0.020416950639271514,Liquidity Bubble Or Valuation Stretch,Growth Up / Inflation Down,holdout
2025-06-30,GLD,Gold,0.17301378614186336,0.5200060354485888,0.5503025646172298,0.4144407954025606,0,-0.002197890429645799,Liquidity Bubble Or Valuation Stretch,Growth Down / Inflation Down,holdout
2025-07-01,GLD,Gold,0.13490899998111827,0.512543198567012,0.5621047091973463,0.4031856359151589,0,-0.006600549048512372,Liquidity Bubble Or Valuation Stretch,Growth Down / Inflation Down,holdout
2025-07-02,GLD,Gold,0.1555159999777038,0.490916086017437,0.25678456736461186,0.3010722177865842,0,-0.009862531262631369,Liquidity Bubble Or Valuation Stretch,Growth Down / Inflation Down,holdout
2025-07-03,GLD,Gold,0.09070416946492628,0.48534019628232516,0.20534206413397987,0.2604621432937438,1,0.006511688170260932,Liquidity Bubble Or Valuation Stretch,Growth Down / Inflation Down,holdout
2025-07-07,GLD,Gold,0.17399215472866017,0.4890057715213361,0.25035138685261177,0.3044497710342027,1,0.002082228775106998,Liquidity Bubble Or Valuation Stretch,Growth Down / Inflation Down,holdout
2025-07-08,GLD,Gold,0.12485194533412537,0.48643820845115726,0.22609158830137369,0.2791272473622188,1,0.008449524241437523,Liquidity Bubble Or Valuation Stretch,Growth Down / Inflation Down,holdout
2025-07-09,GLD,Gold,0.07563979320442937,0.4899434599793182,0.28831710644784503,0.28463345321053085,1,0.008968384559055798,Liquidity Bubble Or Valuation Stretch,Growth Down / Inflation Down,holdout
2025-07-10,GLD,Gold,0.11005303855304933,0.5055406671445166,0.3601951105799159,0.3252629387591606,1,0.004539464648745772,Liquidity Bubble Or Valuation Stretch,Growth Down / Inflation Down,holdout
2025-07-11,GLD,Gold,0.13488876568359498,0.5052014485118265,0.3692091833681095,0.33643313252117696,0,-0.002426085153851454,Liquidity Bubble Or Valuation Stretch,Growth Down / Inflation Down,holdout
2025-07-14,GLD,Gold,0.09734530127867597,0.5044726435377197,0.32957886034677353,0.31046560172105636,1,0.016622820541071004,Liquidity Bubble Or Valuation Stretch,Growth Down / Inflation Down,holdout
2025-07-15,GLD,Gold,0.16885281180020922,0.511058991730889,0.40051004802281687,0.3601406171846384,1,0.03054802197886386,Liquidity Bubble Or Valuation Stretch,Growth Down / Inflation Down,holdout
2025-07-16,GLD,Gold,0.29014208410920345,0.5113782300052415,0.43622408018757247,0.41258146476733915,1,0.012716482144851327,Liquidity Bubble Or Valuation Stretch,Growth Down / Inflation Down,holdout
2025-07-17,GLD,Gold,0.23157165398840437,0.5084163266285562,0.40438419141610843,0.3814573906776897,1,0.00871287333037074,Liquidity Bubble Or Valuation Stretch,Growth Down / Inflation Down,holdout
2025-07-18,GLD,Gold,0.1339657030789135,0.5108916795258801,0.42954630405607097,0.3581345622202882,0,-0.0032102879630578895,Liquidity Bubble Or Valuation Stretch,Growth Down / Inflation Down,holdout
2025-07-21,GLD,Gold,0.1689653003658308,0.50978301723174,0.48092178518630807,0.38655670092795963,0,-0.02465430045131667,Liquidity Bubble Or Valuation Stretch,Growth Down / Inflation Down,holdout
2025-07-22,GLD,Gold,0.1007779732854028,0.510745758667567,0.4051581538941051,0.338893961949025,0,-0.031161043699220792,Liquidity Bubble Or Valuation Stretch,Growth Down / Inflation Down,holdout
2025-07-23,GLD,Gold,0.1344430783786496,0.5101775580890453,0.3852475888122157,0.3432894084266369,0,-0.03594080813614409,Liquidity Bubble Or Valuation Stretch,Growth Down / Inflation Down,holdout
2025-07-24,GLD,Gold,0.07025739999393155,0.515413540223784,0.4350717977879595,0.34024757933522504,0,-0.02356011801796154,Liquidity Bubble Or Valuation Stretch,Growth Down / Inflation Down,holdout
2025-07-25,GLD,Gold,0.10146403108748016,0.5168613841738303,0.46375159004547517,0.3606923351022619,1,0.005562756958459758,Liquidity Bubble Or Valuation Stretch,Growth Down / Inflation Down,holdout
2025-07-28,GLD,Gold,0.15687916813586103,0.5174957864499666,0.4775803823428568,0.3839851123095615,1,0.018008578416065735,Liquidity Bubble Or Valuation Stretch,Growth Down / Inflation Down,holdout
2025-07-29,GLD,Gold,0.17053519658086172,0.5149805834963395,0.5456886520231858,0.41040147736679566,1,0.016032665019132697,Liquidity Bubble Or Valuation Stretch,Growth Down / Inflation Down,holdout
2025-07-30,GLD,Gold,0.15825732134100534,0.5121483518832395,0.5516535123297079,0.40735306185131764,1,0.03169859388551255,Liquidity Bubble Or Valuation Stretch,Growth Down / Inflation Down,holdout
2025-07-31,GLD,Gold,0.1333950289149708,0.5200816965476834,0.5669410573330373,0.4068059275985639,1,0.03353579333466494,Liquidity Bubble Or Valuation Stretch,Growth Up / Inflation Down,holdout
2026-02-24,GLD,Gold,0.00798003191904449,0.5455394333420901,0.4646544062669004,0.339391290509345,0,-0.013632184114989565,Liquidity Bubble Or Valuation Stretch,Growth Up / Inflation Down,holdout
2026-02-25,GLD,Gold,0.007410206046674552,0.5403573908562036,0.5756128046184811,0.3744601338404531,0,-0.003421962715593807,Liquidity Bubble Or Valuation Stretch,Growth Up / Inflation Down,holdout
2026-02-26,GLD,Gold,0.004867316302794644,0.5134938502328426,0.49595934846376116,0.33810683833313276,0,-0.0237706413721277,Liquidity Bubble Or Valuation Stretch,Growth Up / Inflation Down,holdout
2026-02-27,GLD,Gold,0.008584808941296937,0.5141220875788225,0.4996123367884059,0.34077307776950844,0,-0.02116793846899223,Liquidity Bubble Or Valuation Stretch,Growth Up / Inflation Down,holdout
2026-03-02,GLD,Gold,0.0065991367267472,0.5169809237417331,0.45140299835017766,0.32499435293955264,0,-0.035653063715720634,Liquidity Bubble Or Valuation Stretch,Growth Up / Inflation Down,holdout
2026-03-03,GLD,Gold,0.0023289173186737053,0.5115546545026116,0.33265554899326055,0.28217970693818195,1,0.020762956378391317,Liquidity Bubble Or Valuation Stretch,Growth Up / Inflation Down,holdout
